param o := 0;
param s := 201;

set POI := 1 2 3 4 5 6 7 8 9 10 11 12 13 14 15 16 17 18 19 20 21 22 23 24 25 26 27 28 29 30 31 32 33 34 35 36 37 38 39 40 41 42 43 44 45 46 47 48 49 50 51 52 53 54 55 56 57 58 59 60 61 62 63 64 65 66 67 68 69 70 71 72 73 74 75 76 77 78 79 80 81 82 83 84 85 86 87 88 89 90 91 92 93 94 95 96 97 98 99 100 101 102 103 104 105 106 107 108 109 110 111 112 113 114 115 116 117 118 119 120 121 122 123 124 125 126 127 128 129 130 131 132 133 134 135 136 137 138 139 140 141 142 143 144 145 146 147 148 149 150 151 152 153 154 155 156 157 158 159 160 161 162 163 164 165 166 167 168 169 170 171 172 173 174 175 176 177 178 179 180 181 182 183 184 185 186 187 188 189 190 191 192 193 194 195 196 197 198 199 200;
set M := 1 2;
set Z := 1 2 3;

param TM := 1351;

param E :=
1 57
2 43
3 29
;

param e : 1 2 3 :=
0   0   0   0
1   1   0   0
2   0   0   1
3   1   0   0
4   0   0   1
5   1   0   0
6   0   1   0
7   1   0   0
8   1   0   0
9   1   0   0
10   1   0   0
11   0   1   0
12   0   1   0
13   0   1   0
14   1   0   0
15   0   1   0
16   0   1   0
17   1   0   0
18   0   1   0
19   1   0   0
20   1   0   0
21   0   1   0
22   1   0   0
23   1   0   0
24   0   1   0
25   0   0   1
26   0   1   0
27   1   0   0
28   1   0   0
29   1   0   0
30   0   0   1
31   1   0   0
32   0   1   0
33   1   0   0
34   1   0   0
35   0   1   0
36   1   0   0
37   1   0   0
38   0   0   1
39   1   0   0
40   0   0   1
41   0   0   1
42   1   0   0
43   1   0   0
44   0   1   0
45   0   1   0
46   1   0   0
47   0   1   0
48   1   0   0
49   1   0   0
50   1   0   0
51   1   0   0
52   1   0   0
53   1   0   0
54   0   1   0
55   1   0   0
56   1   0   0
57   0   1   0
58   0   0   1
59   1   0   0
60   1   0   0
61   1   0   0
62   1   0   0
63   0   1   0
64   0   0   1
65   0   1   0
66   1   0   0
67   0   1   0
68   1   0   0
69   1   0   0
70   0   0   1
71   0   1   0
72   0   0   1
73   1   0   0
74   1   0   0
75   0   1   0
76   1   0   0
77   1   0   0
78   1   0   0
79   1   0   0
80   0   0   1
81   1   0   0
82   0   1   0
83   1   0   0
84   0   1   0
85   0   1   0
86   1   0   0
87   1   0   0
88   0   1   0
89   0   1   0
90   0   0   1
91   1   0   0
92   1   0   0
93   0   1   0
94   1   0   0
95   0   1   0
96   1   0   0
97   1   0   0
98   0   0   1
99   1   0   0
100   1   0   0
101   0   0   1
102   1   0   0
103   1   0   0
104   0   0   1
105   1   0   0
106   1   0   0
107   0   1   0
108   0   1   0
109   0   0   1
110   0   1   0
111   0   0   1
112   0   1   0
113   1   0   0
114   1   0   0
115   0   1   0
116   0   1   0
117   0   1   0
118   0   1   0
119   0   1   0
120   1   0   0
121   1   0   0
122   1   0   0
123   1   0   0
124   1   0   0
125   0   1   0
126   0   1   0
127   1   0   0
128   1   0   0
129   1   0   0
130   1   0   0
131   1   0   0
132   1   0   0
133   1   0   0
134   0   1   0
135   0   0   1
136   0   1   0
137   1   0   0
138   0   0   1
139   0   1   0
140   1   0   0
141   1   0   0
142   0   1   0
143   1   0   0
144   1   0   0
145   1   0   0
146   1   0   0
147   0   1   0
148   1   0   0
149   1   0   0
150   1   0   0
151   0   1   0
152   0   1   0
153   1   0   0
154   1   0   0
155   1   0   0
156   1   0   0
157   1   0   0
158   1   0   0
159   0   0   1
160   0   0   1
161   1   0   0
162   0   0   1
163   1   0   0
164   0   1   0
165   1   0   0
166   0   0   1
167   1   0   0
168   1   0   0
169   1   0   0
170   0   1   0
171   0   1   0
172   1   0   0
173   1   0   0
174   0   0   1
175   0   1   0
176   1   0   0
177   0   1   0
178   0   0   1
179   0   1   0
180   0   1   0
181   1   0   0
182   1   0   0
183   1   0   0
184   1   0   0
185   1   0   0
186   1   0   0
187   0   1   0
188   1   0   0
189   0   1   0
190   0   0   1
191   1   0   0
192   0   0   1
193   1   0   0
194   1   0   0
195   1   0   0
196   1   0   0
197   0   0   1
198   1   0   0
199   1   0   0
200   0   1   0
201   0   0   0
;

param SCORE :=
0 0
1 20
2 20
3 30
4 10
5 20
6 10
7 10
8 40
9 20
10 20
11 20
12 10
13 10
14 10
15 20
16 10
17 10
18 10
19 20
20 30
21 20
22 10
23 30
24 10
25 10
26 20
27 30
28 20
29 10
30 20
31 20
32 10
33 30
34 10
35 20
36 30
37 10
38 10
39 20
40 20
41 20
42 30
43 20
44 20
45 10
46 20
47 30
48 10
49 20
50 20
51 10
52 20
53 10
54 30
55 40
56 20
57 10
58 10
59 20
60 20
61 20
62 20
63 20
64 10
65 20
66 20
67 20
68 10
69 20
70 30
71 20
72 40
73 20
74 10
75 30
76 30
77 10
78 20
79 20
80 10
81 10
82 10
83 10
84 10
85 20
86 10
87 20
88 30
89 20
90 10
91 20
92 10
93 10
94 20
95 10
96 10
97 30
98 10
99 10
100 20
101 10
102 20
103 30
104 20
105 10
106 10
107 20
108 20
109 30
110 30
111 30
112 20
113 10
114 10
115 30
116 20
117 10
118 20
119 20
120 10
121 20
122 10
123 10
124 10
125 10
126 10
127 10
128 10
129 20
130 10
131 30
132 30
133 10
134 20
135 20
136 10
137 10
138 20
139 20
140 20
141 10
142 20
143 20
144 20
145 20
146 20
147 10
148 20
149 20
150 10
151 10
152 30
153 10
154 10
155 10
156 20
157 10
158 20
159 20
160 40
161 10
162 30
163 10
164 30
165 10
166 10
167 20
168 10
169 20
170 10
171 30
172 20
173 10
174 30
175 10
176 20
177 10
178 10
179 20
180 30
181 20
182 20
183 20
184 20
185 20
186 20
187 10
188 10
189 10
190 20
191 10
192 20
193 20
194 20
195 20
196 10
197 30
198 10
199 10
200 20
201 0
;

param OT :=
0 0
1 690
2 487
3 93
4 549
5 64
6 415
7 558
8 279
9 598
10 155
11 324
12 134
13 300
14 506
15 788
16 543
17 767
18 174
19 130
20 33
21 72
22 350
23 79
24 399
25 408
26 139
27 118
28 787
29 620
30 32
31 315
32 84
33 520
34 714
35 320
36 428
37 539
38 164
39 861
40 322
41 39
42 806
43 393
44 119
45 19
46 339
47 327
48 41
49 839
50 159
51 555
52 729
53 874
54 268
55 57
56 1018
57 53
58 251
59 882
60 77
61 493
62 23
63 1011
64 676
65 185
66 50
67 673
68 397
69 447
70 516
71 506
72 641
73 35
74 880
75 269
76 492
77 590
78 111
79 526
80 223
81 632
82 84
83 152
84 269
85 132
86 278
87 712
88 185
89 603
90 579
91 420
92 822
93 51
94 462
95 805
96 602
97 408
98 563
99 781
100 585
101 35
102 211
103 71
104 79
105 694
106 525
107 954
108 886
109 862
110 684
111 918
112 342
113 15
114 65
115 369
116 42
117 746
118 58
119 134
120 36
121 611
122 507
123 900
124 258
125 455
126 414
127 465
128 432
129 231
130 693
131 26
132 460
133 38
134 66
135 150
136 746
137 817
138 724
139 600
140 637
141 354
142 826
143 246
144 39
145 545
146 303
147 142
148 70
149 976
150 256
151 450
152 231
153 415
154 304
155 20
156 250
157 658
158 898
159 70
160 235
161 76
162 780
163 360
164 49
165 703
166 227
167 621
168 435
169 511
170 65
171 92
172 499
173 211
174 649
175 205
176 337
177 86
178 25
179 769
180 176
181 654
182 176
183 910
184 351
185 364
186 372
187 731
188 794
189 838
190 55
191 362
192 223
193 248
194 452
195 638
196 317
197 164
198 974
199 446
200 540
201 0
;

param TT :=
0 0
1 90
2 90
3 90
4 90
5 90
6 90
7 90
8 90
9 90
10 90
11 90
12 90
13 90
14 90
15 90
16 90
17 90
18 90
19 90
20 90
21 90
22 90
23 90
24 90
25 90
26 90
27 90
28 90
29 90
30 90
31 90
32 90
33 90
34 90
35 90
36 90
37 90
38 90
39 90
40 90
41 90
42 90
43 90
44 90
45 90
46 90
47 90
48 90
49 90
50 90
51 90
52 90
53 90
54 90
55 90
56 90
57 90
58 90
59 90
60 90
61 90
62 90
63 90
64 90
65 90
66 90
67 90
68 90
69 90
70 90
71 90
72 90
73 90
74 90
75 90
76 90
77 90
78 90
79 90
80 90
81 90
82 90
83 90
84 90
85 90
86 90
87 90
88 90
89 90
90 90
91 90
92 90
93 90
94 90
95 90
96 90
97 90
98 90
99 90
100 90
101 90
102 90
103 90
104 90
105 90
106 90
107 90
108 90
109 90
110 90
111 90
112 90
113 90
114 90
115 90
116 90
117 90
118 90
119 90
120 90
121 90
122 90
123 90
124 90
125 90
126 90
127 90
128 90
129 90
130 90
131 90
132 90
133 90
134 90
135 90
136 90
137 90
138 90
139 90
140 90
141 90
142 90
143 90
144 90
145 90
146 90
147 90
148 90
149 90
150 90
151 90
152 90
153 90
154 90
155 90
156 90
157 90
158 90
159 90
160 90
161 90
162 90
163 90
164 90
165 90
166 90
167 90
168 90
169 90
170 90
171 90
172 90
173 90
174 90
175 90
176 90
177 90
178 90
179 90
180 90
181 90
182 90
183 90
184 90
185 90
186 90
187 90
188 90
189 90
190 90
191 90
192 90
193 90
194 90
195 90
196 90
197 90
198 90
199 90
200 90
201 0
;

param CT :=
0 1351
1 870
2 667
3 273
4 729
5 244
6 595
7 738
8 459
9 778
10 335
11 504
12 314
13 480
14 686
15 968
16 723
17 947
18 354
19 310
20 213
21 252
22 530
23 259
24 579
25 588
26 319
27 298
28 967
29 800
30 212
31 495
32 264
33 700
34 894
35 500
36 608
37 719
38 344
39 1041
40 502
41 219
42 986
43 573
44 299
45 199
46 519
47 507
48 221
49 1019
50 339
51 735
52 909
53 1054
54 448
55 237
56 1198
57 233
58 431
59 1062
60 257
61 673
62 203
63 1191
64 856
65 365
66 230
67 853
68 577
69 627
70 696
71 686
72 821
73 215
74 1060
75 449
76 672
77 770
78 291
79 706
80 403
81 812
82 264
83 332
84 449
85 312
86 458
87 892
88 365
89 783
90 759
91 600
92 1002
93 231
94 642
95 985
96 782
97 588
98 743
99 961
100 765
101 215
102 391
103 251
104 259
105 874
106 705
107 1134
108 1066
109 1042
110 864
111 1098
112 522
113 195
114 245
115 549
116 222
117 926
118 238
119 314
120 216
121 791
122 687
123 1080
124 438
125 635
126 594
127 645
128 612
129 411
130 873
131 206
132 640
133 218
134 246
135 330
136 926
137 997
138 904
139 780
140 817
141 534
142 1006
143 426
144 219
145 725
146 483
147 322
148 250
149 1156
150 436
151 630
152 411
153 595
154 484
155 200
156 430
157 838
158 1078
159 250
160 415
161 256
162 960
163 540
164 229
165 883
166 407
167 801
168 615
169 691
170 245
171 272
172 679
173 391
174 829
175 385
176 517
177 266
178 205
179 949
180 356
181 834
182 356
183 1090
184 531
185 544
186 552
187 911
188 974
189 1018
190 235
191 542
192 403
193 428
194 632
195 818
196 497
197 344
198 1154
199 626
200 720
201 1351
;

param t :=
0 1 37.85
0 2 21.1
0 3 89.94
0 4 78.23
0 5 62.94
0 6 36.67
0 7 79.26
0 8 91.22
0 9 39.05
0 10 63.66
0 11 37.58
0 12 43.01
0 13 21.19
0 14 46.86
0 15 51.04
0 16 73.36
0 17 17.03
0 18 82.22
0 19 39.0
0 20 33.02
0 21 72.4
0 22 75.03
0 23 78.24
0 24 28.0
0 25 42.11
0 26 46.69
0 27 23.54
0 28 39.45
0 29 68.51
0 30 32.2
0 31 43.01
0 32 84.86
0 33 61.06
0 34 58.73
0 35 46.1
0 36 62.43
0 37 52.35
0 38 70.38
0 39 14.21
0 40 49.52
0 41 39.01
0 42 64.82
0 43 23.77
0 44 29.27
0 45 19.24
0 46 66.53
0 47 51.04
0 48 40.46
0 49 75.21
0 50 66.07
0 51 92.66
0 52 77.62
0 53 37.95
0 54 85.91
0 55 56.22
0 56 63.51
0 57 53.71
0 58 66.53
0 59 47.8
0 60 77.83
0 61 24.0
0 62 23.35
0 63 69.34
0 64 24.19
0 65 93.35
0 66 49.93
0 67 17.8
0 68 28.79
0 69 74.95
0 70 48.84
0 71 41.0
0 72 77.18
0 73 35.36
0 74 36.89
0 75 82.2
0 76 23.41
0 77 40.2
0 78 14.42
0 79 70.8
0 80 43.01
0 81 49.52
0 82 79.92
0 83 59.48
0 84 82.93
0 85 42.01
0 86 95.52
0 87 66.85
0 88 92.02
0 89 52.63
0 90 21.4
0 91 48.01
0 92 77.2
0 93 51.04
0 94 94.75
0 95 58.69
0 96 42.44
0 97 43.05
0 98 87.73
0 99 37.11
0 100 24.08
0 101 35.51
0 102 29.61
0 103 70.8
0 104 79.03
0 105 51.22
0 106 65.05
0 107 10.82
0 108 57.69
0 109 18.11
0 110 37.66
0 111 71.34
0 112 67.62
0 113 15.3
0 114 65.76
0 115 96.21
0 116 41.05
0 117 77.42
0 118 55.47
0 119 42.19
0 120 35.78
0 121 60.75
0 122 36.77
0 123 61.22
0 124 77.2
0 125 78.24
0 126 42.76
0 127 92.02
0 128 67.88
0 129 39.36
0 130 41.62
0 131 26.31
0 132 84.31
0 133 38.95
0 134 65.86
0 135 55.97
0 136 85.63
0 137 47.42
0 138 48.8
0 139 34.01
0 140 76.94
0 141 77.7
0 142 73.06
0 143 62.27
0 144 38.64
0 145 80.16
0 146 30.81
0 147 51.11
0 148 70.21
0 149 32.65
0 150 71.69
0 151 70.71
0 152 48.84
0 153 50.93
0 154 26.31
0 155 14.76
0 156 67.48
0 157 82.81
0 158 55.87
0 159 68.88
0 160 52.7
0 161 76.84
0 162 33.53
0 163 82.8
0 164 49.09
0 165 59.68
0 166 43.57
0 167 60.96
0 168 70.0
0 169 53.15
0 170 65.12
0 171 91.22
0 172 41.19
0 173 25.96
0 174 91.44
0 175 18.36
0 176 62.77
0 177 86.83
0 178 22.47
0 179 21.02
0 180 82.15
0 181 77.1
0 182 84.63
0 183 45.45
0 184 57.31
0 185 81.4
0 186 93.35
0 187 77.18
0 188 58.83
0 189 84.86
0 190 55.97
0 191 81.02
0 192 41.63
0 193 65.86
0 194 81.84
0 195 77.47
0 196 43.42
0 197 73.82
0 198 48.27
0 199 52.35
0 200 72.4
0 201 0.0
1 0 37.85
1 2 36.77
1 3 63.32
1 4 57.8
1 5 52.61
1 6 67.01
1 7 44.55
1 8 63.07
1 9 1.41
1 10 52.77
1 11 67.62
1 12 75.45
1 13 41.04
1 14 72.62
1 15 74.24
1 16 57.08
1 17 30.61
1 18 52.35
1 19 59.06
1 20 70.58
1 21 92.66
1 22 62.8
1 23 99.3
1 24 65.49
1 25 79.76
1 26 73.74
1 27 60.07
1 28 62.65
1 29 98.67
1 30 55.15
1 31 80.5
1 32 118.22
1 33 42.72
1 34 51.09
1 35 8.25
1 36 44.01
1 37 28.02
1 38 57.87
1 39 33.84
1 40 76.32
1 41 76.32
1 42 93.64
1 43 41.04
1 44 46.07
1 45 56.22
1 46 54.34
1 47 82.8
1 48 70.34
1 49 43.27
1 50 94.34
1 51 126.49
1 52 100.17
1 53 4.12
1 54 55.23
1 55 27.89
1 56 45.04
1 57 32.31
1 58 38.9
1 59 72.5
1 60 54.41
1 61 61.52
1 62 43.66
1 63 50.01
1 64 61.2
1 65 126.61
1 66 81.22
1 67 34.06
1 68 50.7
1 69 111.4
1 70 82.68
1 71 3.16
1 72 56.08
1 73 66.61
1 74 61.47
1 75 103.73
1 76 47.13
1 77 77.93
1 78 35.23
1 79 99.96
1 80 80.31
1 81 26.02
1 82 58.83
1 83 38.48
1 84 62.77
1 85 79.31
1 86 128.41
1 87 96.77
1 88 65.0
1 89 77.39
1 90 34.66
1 91 80.21
1 92 99.02
1 93 21.59
1 94 128.22
1 95 50.16
1 96 66.71
1 97 65.74
1 98 60.54
1 99 1.41
1 100 61.29
1 101 2.83
1 102 47.85
1 103 106.47
1 104 48.02
1 105 76.06
1 106 54.74
1 107 35.36
1 108 41.48
1 109 55.33
1 110 75.5
1 111 53.0
1 112 96.21
1 113 41.05
1 114 50.36
1 115 129.2
1 116 73.24
1 117 45.22
1 118 36.06
1 119 6.4
1 120 58.18
1 121 43.32
1 122 66.07
1 123 90.14
1 124 112.77
1 125 59.48
1 126 5.0
1 127 62.27
1 128 57.07
1 129 69.81
1 130 66.31
1 131 44.78
1 132 51.09
1 133 68.41
1 134 93.23
1 135 29.43
1 136 119.82
1 137 24.08
1 138 27.17
1 139 64.2
1 140 60.01
1 141 114.06
1 142 55.0
1 143 42.54
1 144 1.41
1 145 103.59
1 146 49.19
1 147 81.69
1 148 106.0
1 149 60.44
1 150 58.69
1 151 54.08
1 152 75.39
1 153 78.77
1 154 63.13
1 155 36.62
1 156 95.63
1 157 56.3
1 158 47.1
1 159 54.45
1 160 84.02
1 161 46.14
1 162 71.31
1 163 104.56
1 164 80.6
1 165 41.44
1 166 6.08
1 167 54.08
1 168 99.02
1 169 78.79
1 170 92.31
1 171 124.85
1 172 78.92
1 173 62.01
1 174 125.94
1 175 36.88
1 176 43.46
1 177 62.36
1 178 58.0
1 179 58.42
1 180 60.75
1 181 44.2
1 182 105.44
1 183 21.1
1 184 34.06
1 185 49.65
1 186 64.41
1 187 58.08
1 188 41.11
1 189 118.71
1 190 45.28
1 191 62.18
1 192 61.77
1 193 53.37
1 194 104.31
1 195 100.5
1 196 65.3
1 197 109.59
1 198 73.93
1 199 30.02
1 200 108.69
1 201 37.85
2 0 21.1
2 1 36.77
2 3 98.11
2 4 60.01
2 5 42.8
2 6 30.89
2 7 81.32
2 8 98.48
2 9 38.18
2 10 43.6
2 11 31.38
2 12 39.81
2 13 4.47
2 14 67.8
2 15 72.11
2 16 86.13
2 17 7.28
2 18 88.23
2 19 59.93
2 20 47.17
2 21 93.49
2 22 89.44
2 23 99.3
2 24 42.95
2 25 55.08
2 26 67.48
2 27 41.05
2 28 60.54
2 29 88.09
2 30 53.24
2 31 56.61
2 32 82.15
2 33 43.32
2 34 38.29
2 35 44.05
2 36 44.6
2 37 60.37
2 38 84.53
2 39 7.28
2 40 70.29
2 41 53.49
2 42 84.9
2 43 4.47
2 44 49.34
2 45 36.62
2 46 46.62
2 47 46.65
2 48 60.83
2 49 79.65
2 50 86.28
2 51 90.55
2 52 98.6
2 53 39.05
2 54 91.4
2 55 62.43
2 56 74.95
2 57 38.21
2 58 73.57
2 59 68.82
2 60 60.73
2 61 39.36
2 62 43.66
2 63 80.65
2 64 40.82
2 65 90.43
2 66 44.94
2 67 4.0
2 68 49.66
2 69 77.88
2 70 47.54
2 71 39.62
2 72 59.24
2 73 30.87
2 74 57.98
2 75 103.23
2 76 44.28
2 77 52.89
2 78 6.71
2 79 90.69
2 80 57.25
2 81 57.7
2 82 61.85
2 83 42.95
2 84 64.4
2 85 56.3
2 86 92.09
2 87 86.56
2 88 99.98
2 89 73.6
2 90 2.24
2 91 44.29
2 92 98.23
2 93 56.3
2 94 92.11
2 95 38.42
2 96 63.51
2 97 64.14
2 98 95.52
2 99 36.8
2 100 40.31
2 101 33.94
2 102 49.98
2 103 72.11
2 104 84.2
2 105 72.2
2 106 44.82
2 107 10.3
2 108 39.56
2 109 35.23
2 110 49.24
2 111 83.17
2 112 87.73
2 113 8.54
2 114 78.59
2 115 92.91
2 116 37.58
2 117 81.69
2 118 38.83
2 119 38.01
2 120 56.82
2 121 42.72
2 122 29.68
2 123 81.34
2 124 78.19
2 125 59.48
2 126 40.46
2 127 98.23
2 128 47.63
2 129 33.62
2 130 62.68
2 131 46.49
2 132 87.78
2 133 59.46
2 134 86.28
2 135 63.13
2 136 84.12
2 137 55.46
2 138 57.78
2 139 28.18
2 140 89.56
2 141 80.36
2 142 85.07
2 143 44.92
2 144 36.8
2 145 101.04
2 146 51.26
2 147 45.22
2 148 71.78
2 149 53.6
2 150 85.7
2 151 83.24
2 152 69.66
2 153 71.51
2 154 43.05
2 155 6.4
2 156 87.69
2 157 90.92
2 158 35.81
2 159 82.23
2 160 47.71
2 161 82.2
2 162 43.74
2 163 103.81
2 164 44.42
2 165 42.06
2 166 40.61
2 167 40.31
2 168 89.94
2 169 74.03
2 170 85.59
2 171 88.84
2 172 53.85
2 173 43.83
2 174 90.35
2 175 2.83
2 176 45.22
2 177 96.15
2 178 41.23
2 179 37.22
2 180 64.08
2 181 80.81
2 182 105.68
2 183 52.77
2 184 66.21
2 185 86.05
2 186 100.12
2 187 88.87
2 188 41.11
2 189 82.86
2 190 36.36
2 191 62.18
2 192 62.61
2 193 46.04
2 194 102.8
2 195 98.41
2 196 64.5
2 197 75.27
2 198 69.2
2 199 61.33
2 200 75.0
2 201 21.1
3 0 89.94
3 1 63.32
3 2 98.11
3 4 109.17
3 5 112.01
3 6 125.6
3 7 29.41
3 8 4.47
3 9 62.03
3 10 111.88
3 11 126.4
3 12 132.77
3 13 101.87
3 14 95.19
3 15 92.44
3 16 26.08
3 17 91.07
3 18 13.15
3 19 81.15
3 20 115.21
3 21 99.18
3 22 33.14
3 23 105.04
3 24 110.6
3 25 123.71
3 26 97.74
3 27 103.6
3 28 86.54
3 29 120.54
3 30 83.19
3 31 123.42
3 32 174.77
3 33 99.32
3 34 111.8
3 35 58.94
3 36 100.24
3 37 38.01
3 38 33.06
3 39 93.19
3 40 98.98
3 41 118.98
3 42 114.24
3 43 102.58
3 44 74.43
3 45 101.67
3 46 112.54
3 47 140.72
3 48 99.81
3 49 23.02
3 50 113.78
3 51 182.46
3 52 108.17
3 53 60.01
3 54 13.42
3 55 35.78
3 56 28.65
3 57 89.68
3 58 24.6
3 59 93.61
3 60 103.39
3 61 107.45
3 62 77.67
3 63 23.77
3 64 105.6
3 65 183.25
3 66 139.46
3 67 94.67
3 68 80.62
3 69 163.13
3 70 138.77
3 71 61.35
3 72 107.17
3 73 124.63
3 74 87.73
3 75 109.0
3 76 81.54
3 77 122.64
3 78 94.58
3 79 119.64
3 80 122.33
3 81 40.8
3 82 109.29
3 83 94.26
3 84 113.36
3 85 121.49
3 86 185.46
3 87 118.6
3 88 2.24
3 89 96.57
3 90 96.25
3 91 137.77
3 92 106.12
3 93 42.05
3 94 184.62
3 95 110.64
3 96 89.89
3 97 87.32
3 98 3.0
3 99 62.77
3 100 106.21
3 101 65.92
3 102 76.16
3 103 159.91
3 104 18.11
3 105 95.88
3 106 113.86
3 107 93.23
3 108 99.72
3 109 101.53
3 110 122.0
3 111 23.77
3 112 115.73
3 113 99.86
3 114 30.36
3 115 186.13
3 116 130.73
3 117 22.2
3 118 93.65
3 119 65.52
3 120 83.67
3 121 100.4
3 122 125.21
3 123 111.83
3 124 166.29
3 125 112.07
3 126 61.68
3 127 9.43
3 128 115.62
3 129 128.41
3 130 90.25
3 131 76.01
3 132 22.36
3 133 97.99
3 134 111.4
3 135 34.99
3 136 175.37
3 137 43.01
3 138 41.23
3 139 122.8
3 140 24.02
3 141 165.95
3 142 23.35
3 143 98.18
3 144 63.91
3 145 112.16
3 146 76.54
3 147 140.42
3 148 159.23
3 149 91.24
3 150 32.02
3 151 26.48
3 152 98.03
3 153 102.14
3 154 106.61
3 155 95.96
3 156 114.54
3 157 7.21
3 158 107.87
3 159 30.41
3 160 142.27
3 161 19.0
3 162 119.97
3 163 110.0
3 164 138.68
3 165 98.41
3 166 62.36
3 167 114.76
3 168 118.66
3 169 98.76
3 170 110.42
3 171 181.07
3 172 123.46
3 173 104.04
3 174 181.02
3 175 97.42
3 176 99.18
3 177 6.08
3 178 100.21
3 179 104.48
3 180 110.45
3 181 24.33
3 182 109.02
3 183 45.49
3 184 32.65
3 185 18.68
3 186 7.28
3 187 20.02
3 188 98.51
3 189 174.69
3 190 105.55
3 191 114.16
3 192 82.28
3 193 111.54
3 194 111.04
3 195 109.22
3 196 86.03
3 197 162.79
3 198 95.82
3 199 37.64
3 200 160.86
3 201 89.94
4 0 78.23
4 1 57.8
4 2 60.01
4 3 109.17
4 5 21.1
4 6 82.49
4 7 81.06
4 8 107.02
4 9 58.18
4 10 20.1
4 11 82.39
4 12 91.27
4 13 62.97
4 14 123.69
4 15 126.81
4 16 111.68
4 17 61.4
4 18 96.08
4 19 112.45
4 20 107.15
4 21 147.09
4 22 118.6
4 23 153.48
4 24 102.96
4 25 114.83
4 26 124.02
4 27 100.65
4 28 114.77
4 29 146.73
4 30 106.96
4 31 116.46
4 32 126.44
4 33 17.2
4 34 26.02
4 35 56.08
4 36 15.81
4 37 82.87
4 38 113.89
4 39 64.88
4 40 126.82
4 41 113.46
4 42 142.87
4 43 60.41
4 44 99.7
4 45 96.18
4 46 17.26
4 47 95.0
4 48 118.46
4 49 86.15
4 50 144.03
4 51 134.81
4 52 153.64
4 53 61.77
4 54 97.0
4 55 80.08
4 56 99.93
4 57 26.25
4 58 88.65
4 59 124.2
4 60 6.71
4 61 99.32
4 62 95.52
4 63 103.85
4 64 100.62
4 65 133.36
4 66 93.0
4 67 61.72
4 68 102.65
4 69 130.03
4 70 99.18
4 71 57.25
4 72 2.0
4 73 83.73
4 74 112.81
4 75 157.76
4 76 97.84
4 77 112.61
4 78 65.3
4 79 148.95
4 80 117.18
4 81 81.71
4 82 2.0
4 83 19.85
4 84 5.0
4 85 116.25
4 86 133.96
4 87 145.06
4 88 110.07
4 89 129.19
4 90 58.6
4 91 94.05
4 92 152.84
4 93 74.95
4 94 135.33
4 95 25.0
4 96 118.44
4 97 118.26
4 98 106.17
4 99 59.17
4 100 100.18
4 101 57.14
4 102 101.12
4 103 123.0
4 104 91.09
4 105 127.78
4 106 20.4
4 107 68.48
4 108 20.59
4 109 94.83
4 110 108.78
4 111 107.0
4 112 145.66
4 113 68.54
4 114 105.95
4 115 134.94
4 116 89.36
4 117 87.05
4 118 23.35
4 119 51.88
4 120 110.45
4 121 17.49
4 122 80.4
4 123 139.27
4 124 128.06
4 125 3.61
4 126 55.46
4 127 104.02
4 128 18.97
4 129 84.29
4 130 117.8
4 131 97.59
4 132 89.09
4 133 116.83
4 134 143.6
4 135 82.57
4 136 129.99
4 137 80.23
4 138 83.38
4 139 80.75
4 140 114.02
4 141 132.0
4 142 108.93
4 143 16.28
4 144 56.44
4 145 156.63
4 146 102.53
4 147 92.02
4 148 123.0
4 149 109.81
4 150 114.49
4 151 108.81
4 152 126.04
4 153 128.6
4 154 102.86
4 155 65.74
4 156 145.43
4 157 103.48
4 158 26.17
4 159 110.05
4 160 95.02
4 161 90.2
4 162 103.09
4 163 158.49
4 164 93.01
4 165 18.6
4 166 54.13
4 167 26.31
4 168 148.12
4 169 130.1
4 170 142.8
4 171 132.83
4 172 113.55
4 173 103.35
4 174 136.19
4 175 62.65
4 176 15.62
4 177 110.65
4 178 100.34
4 179 97.05
4 180 4.12
4 181 85.02
4 182 159.83
4 183 77.47
4 184 88.23
4 185 91.01
4 186 107.0
4 187 111.09
4 188 19.42
4 189 128.13
4 190 24.52
4 191 5.0
4 192 115.28
4 193 17.12
4 194 157.88
4 195 153.72
4 196 118.19
4 197 126.0
4 198 125.1
4 199 85.44
4 200 127.04
4 201 78.23
5 0 62.94
5 1 52.61
5 2 42.8
5 3 112.01
5 4 21.1
5 6 61.98
5 7 86.4
5 8 110.64
5 9 53.46
5 10 1.0
5 11 61.81
5 12 70.58
5 13 44.94
5 14 109.66
5 15 113.45
5 16 109.55
5 17 45.97
5 18 99.46
5 19 100.0
5 20 89.07
5 21 134.47
5 22 115.41
5 23 140.58
5 24 85.23
5 25 96.18
5 26 109.6
5 27 83.82
5 28 101.53
5 29 130.87
5 30 93.86
5 31 97.94
5 32 105.38
5 33 13.89
5 34 5.1
5 35 54.0
5 36 13.6
5 37 80.31
5 38 110.48
5 39 48.84
5 40 112.43
5 41 95.29
5 42 127.56
5 43 42.19
5 44 87.92
5 45 79.4
5 46 4.12
5 47 74.03
5 48 103.32
5 49 89.44
5 50 128.89
5 51 113.77
5 52 140.26
5 53 56.72
5 54 101.2
5 55 79.01
5 56 97.51
5 57 22.36
5 58 89.09
5 59 110.45
5 60 25.3
5 61 81.84
5 62 83.01
5 63 102.24
5 64 83.49
5 65 112.38
5 66 72.03
5 67 45.34
5 68 89.81
5 69 109.11
5 70 78.41
5 71 53.24
5 72 21.38
5 73 63.35
5 74 99.25
5 75 144.69
5 76 84.65
5 77 93.94
5 78 48.92
5 79 133.42
5 80 98.84
5 81 78.52
5 82 23.09
5 83 18.79
5 84 24.08
5 85 97.95
5 86 113.03
5 87 129.32
5 88 113.28
5 89 115.36
5 90 41.87
5 91 73.17
5 92 139.7
5 93 73.06
5 94 114.34
5 95 4.47
5 96 104.89
5 97 105.12
5 98 109.04
5 99 53.76
5 100 82.93
5 101 50.99
5 102 89.05
5 103 102.02
5 104 94.54
5 105 113.95
5 106 2.24
5 107 52.4
5 108 12.37
5 109 78.01
5 110 89.96
5 111 105.3
5 112 130.38
5 113 51.04
5 114 102.96
5 115 114.0
5 116 68.73
5 117 90.8
5 118 18.44
5 119 48.09
5 120 97.45
5 121 12.53
5 122 59.84
5 123 123.99
5 124 107.02
5 125 19.03
5 126 52.09
5 127 108.47
5 128 5.0
5 129 63.64
5 130 104.14
5 131 85.45
5 132 94.37
5 133 101.86
5 134 128.76
5 135 81.06
5 136 108.9
5 137 76.66
5 138 79.76
5 139 60.42
5 140 112.36
5 141 111.04
5 142 107.3
5 143 15.81
5 144 51.48
5 145 142.95
5 146 90.44
5 147 71.0
5 148 102.04
5 149 95.48
5 150 111.31
5 151 106.57
5 152 111.73
5 153 113.86
5 154 85.7
5 155 49.04
5 156 130.3
5 157 105.57
5 158 7.07
5 159 107.06
5 160 74.0
5 161 93.21
5 162 84.17
5 163 145.34
5 164 72.06
5 165 14.32
5 166 51.04
5 167 5.39
5 168 132.65
5 169 116.0
5 170 128.04
5 171 111.8
5 172 94.85
5 173 86.61
5 174 115.12
5 175 45.61
5 176 15.0
5 177 112.36
5 178 84.02
5 179 79.88
5 180 25.02
5 181 89.05
5 182 146.99
5 183 73.68
5 184 86.21
5 185 95.13
5 186 111.2
5 187 110.11
5 188 13.93
5 189 107.06
5 190 7.62
5 191 21.21
5 192 102.8
5 193 4.0
5 194 144.5
5 195 140.19
5 196 105.26
5 197 105.0
5 198 111.07
5 199 82.49
5 200 106.12
5 201 62.94
6 0 36.67
6 1 67.01
6 2 30.89
6 3 125.6
6 4 82.49
6 5 61.98
6 7 111.4
6 8 126.51
6 9 68.41
6 10 62.97
6 11 1.0
6 12 9.22
6 13 26.42
6 14 70.41
6 15 76.12
6 16 110.02
6 17 36.4
6 18 116.85
6 19 69.01
6 20 36.24
6 21 96.77
6 22 111.62
6 23 101.24
6 24 35.11
6 25 39.7
6 26 68.88
6 27 38.64
6 28 67.12
6 29 81.99
6 30 62.03
6 31 41.87
6 32 51.31
6 33 68.01
6 34 56.89
6 35 74.63
6 36 69.0
6 37 87.62
6 38 107.02
6 39 33.3
6 40 71.31
6 41 41.05
6 42 80.96
6 43 27.31
6 44 63.15
6 45 36.12
6 46 66.1
6 47 15.81
6 48 60.88
6 49 108.89
6 50 82.76
6 51 59.68
6 52 99.3
6 53 68.77
6 54 120.28
6 55 90.69
6 56 99.98
6 57 65.92
6 58 101.53
6 59 72.18
6 60 85.05
6 61 33.96
6 62 57.27
6 63 105.82
6 64 36.88
6 65 59.64
6 66 14.21
6 67 33.02
6 68 60.3
6 69 48.37
6 70 17.26
6 71 70.0
6 72 82.3
6 73 2.24
6 74 64.12
6 75 104.36
6 76 55.58
6 77 37.64
6 78 31.89
6 79 85.48
6 80 43.42
6 81 84.81
6 82 84.48
6 83 69.26
6 84 85.99
6 85 42.8
6 86 61.4
6 87 81.01
6 88 127.61
6 89 75.93
6 90 33.12
6 91 13.42
6 92 99.62
6 93 84.9
6 94 61.29
6 95 57.71
6 96 68.47
6 97 70.26
6 98 123.23
6 99 66.84
6 100 35.9
6 101 64.2
6 102 62.8
6 103 41.98
6 104 113.17
6 105 74.73
6 106 63.35
6 107 32.56
6 108 64.01
6 109 35.06
6 110 33.42
6 111 107.91
6 112 83.63
6 113 26.17
6 114 102.42
6 115 62.2
6 116 7.07
6 117 111.02
6 118 65.38
6 119 68.8
6 120 65.0
6 121 67.0
6 122 2.24
6 123 77.88
6 124 47.8
6 125 80.89
6 126 71.03
6 127 126.81
6 128 65.73
6 129 2.83
6 130 67.48
6 131 60.21
6 132 117.46
6 133 60.42
6 134 83.77
6 135 90.91
6 136 53.24
6 137 82.62
6 138 84.4
6 139 2.83
6 140 113.6
6 141 50.64
6 142 109.66
6 143 70.03
6 144 67.2
6 145 100.66
6 146 63.64
6 147 14.87
6 148 41.77
6 149 58.22
6 150 108.34
6 151 107.35
6 152 71.06
6 153 71.17
6 154 38.33
6 155 30.48
6 156 84.1
6 157 118.41
6 158 56.32
6 159 105.55
6 160 17.03
6 161 111.07
6 162 28.02
6 163 104.68
6 164 13.6
6 165 67.03
6 166 71.28
6 167 57.49
6 168 85.0
6 169 75.43
6 170 83.38
6 171 57.98
6 172 38.29
6 173 41.0
6 174 59.48
6 175 30.23
6 176 70.01
6 177 122.89
6 178 41.3
6 179 34.37
6 180 86.58
6 181 110.34
6 182 107.21
6 183 80.28
6 184 93.01
6 185 115.26
6 186 128.43
6 187 113.74
6 188 66.03
6 189 51.97
6 190 58.14
6 191 83.19
6 192 71.01
6 193 65.92
6 194 103.12
6 195 98.68
6 196 71.18
6 197 45.12
6 198 71.59
6 199 88.01
6 200 45.4
6 201 36.67
7 0 79.26
7 1 44.55
7 2 81.32
7 3 29.41
7 4 81.06
7 5 86.4
7 6 111.4
7 8 26.48
7 9 43.14
7 10 86.13
7 11 112.04
7 12 119.63
7 13 85.59
7 14 99.05
7 15 98.05
7 16 43.6
7 17 75.07
7 18 16.55
7 19 84.05
7 20 109.56
7 21 110.22
7 22 52.2
7 23 116.71
7 24 104.55
7 25 118.68
7 26 101.12
7 27 98.08
7 28 89.14
7 29 126.0
7 30 83.6
7 31 118.93
7 32 162.43
7 33 73.01
7 34 86.98
7 35 37.64
7 36 73.76
7 37 31.14
7 38 49.4
7 39 78.1
7 40 103.04
7 41 114.49
7 42 120.0
7 43 85.56
7 44 73.68
7 45 95.08
7 46 86.35
7 47 127.14
7 48 100.84
7 49 9.43
7 50 120.04
7 51 170.6
7 52 119.05
7 53 42.64
7 54 16.28
7 55 25.32
7 56 36.77
7 57 64.2
7 58 20.88
7 59 98.01
7 60 75.0
7 61 100.85
7 62 74.73
7 63 36.36
7 64 99.72
7 65 170.86
7 66 125.61
7 67 78.57
7 68 79.91
7 69 154.18
7 70 126.61
7 71 41.73
7 72 79.06
7 73 110.89
7 74 89.36
7 75 121.05
7 76 78.85
7 77 117.18
7 78 79.51
7 79 126.04
7 80 118.27
7 81 33.38
7 82 81.01
7 83 67.91
7 84 85.0
7 85 117.32
7 86 172.73
7 87 124.0
7 88 29.83
7 89 102.02
7 90 79.2
7 91 124.47
7 92 117.28
7 93 28.79
7 94 172.43
7 95 85.7
7 96 93.09
7 97 91.02
7 98 26.57
7 99 44.6
7 100 100.09
7 101 47.38
7 102 75.66
7 103 149.79
7 104 12.21
7 105 101.0
7 106 88.06
7 107 79.2
7 108 74.04
7 109 94.54
7 110 115.55
7 111 38.83
7 112 122.04
7 113 85.28
7 114 42.49
7 115 173.51
7 116 117.44
7 117 8.49
7 118 68.01
7 119 44.2
7 120 85.29
7 121 74.22
7 122 110.54
7 123 117.0
7 124 156.16
7 125 84.15
7 126 41.11
7 127 23.02
7 128 89.5
7 129 114.21
7 130 93.13
7 131 74.15
7 132 8.06
7 133 98.86
7 134 118.11
7 135 27.07
7 136 163.81
7 137 34.71
7 138 35.23
7 139 108.58
7 140 43.93
7 141 156.92
7 142 40.0
7 143 71.59
7 144 44.55
7 145 122.98
7 146 76.53
7 147 126.15
7 148 149.25
7 149 91.08
7 150 49.09
7 151 41.88
7 152 102.04
7 153 106.08
7 154 101.24
7 155 80.92
7 156 121.07
7 157 25.55
7 158 83.22
7 159 45.28
7 160 128.43
7 161 12.73
7 162 112.26
7 163 122.02
7 164 124.96
7 165 72.28
7 166 41.23
7 167 89.81
7 168 125.04
7 169 104.0
7 170 117.11
7 171 169.01
7 172 118.11
7 173 99.3
7 174 169.84
7 175 81.39
7 176 72.57
7 177 32.65
7 178 95.19
7 179 97.69
7 180 82.01
7 181 6.4
7 182 121.75
7 183 35.44
7 184 30.15
7 185 10.77
7 186 26.08
7 187 39.62
7 188 72.53
7 189 162.8
7 190 80.65
7 191 86.05
7 192 86.01
7 193 85.38
7 194 122.58
7 195 119.85
7 196 90.01
7 197 152.86
7 198 100.02
7 199 33.02
7 200 151.6
7 201 79.26
8 0 91.22
8 1 63.07
8 2 98.48
8 3 4.47
8 4 107.02
8 5 110.64
8 6 126.51
8 7 26.48
8 9 61.74
8 10 110.48
8 11 127.28
8 12 133.87
8 13 102.34
8 14 98.37
8 15 95.8
8 16 30.0
8 17 91.53
8 18 11.18
8 19 84.15
8 20 117.32
8 21 103.08
8 22 37.34
8 23 109.0
8 24 112.65
8 25 125.94
8 26 100.88
8 27 105.68
8 28 89.54
8 29 123.98
8 30 85.91
8 31 125.72
8 32 176.08
8 33 97.74
8 34 110.63
8 35 58.19
8 36 98.62
8 37 38.95
8 38 37.0
8 39 93.81
8 40 102.2
8 41 121.26
8 42 117.69
8 43 102.93
8 44 76.94
8 45 103.6
8 46 111.02
8 47 141.77
8 48 102.69
8 49 21.21
8 50 117.28
8 51 183.85
8 52 112.07
8 53 59.94
8 54 10.2
8 55 36.06
8 56 31.38
8 57 88.28
8 58 25.0
8 59 96.84
8 60 101.12
8 61 109.4
8 62 79.92
8 63 26.93
8 64 107.65
8 65 184.57
8 66 140.46
8 67 95.13
8 68 83.19
8 69 164.92
8 70 140.04
8 71 60.93
8 72 105.02
8 73 125.61
8 74 90.62
8 75 113.0
8 76 83.86
8 77 124.81
8 78 95.21
8 79 123.17
8 80 124.68
8 81 41.77
8 82 107.07
8 83 92.66
8 84 111.11
8 85 123.82
8 86 186.72
8 87 122.02
8 88 3.61
8 89 99.92
8 90 96.57
8 91 138.85
8 92 110.04
8 93 42.19
8 94 185.97
8 95 109.44
8 96 92.97
8 97 90.44
8 98 4.12
8 99 62.61
8 100 108.23
8 101 65.74
8 102 78.71
8 103 161.52
8 104 16.12
8 105 99.2
8 106 112.45
8 107 94.02
8 108 98.31
8 109 103.41
8 110 124.04
8 111 27.29
8 112 119.24
8 113 100.6
8 114 33.73
8 115 187.42
8 116 131.8
8 117 20.02
8 118 92.23
8 119 64.85
8 120 86.54
8 121 98.86
8 122 126.04
8 123 115.21
8 124 167.92
8 125 110.0
8 126 61.1
8 127 5.0
8 128 114.13
8 129 129.32
8 130 93.3
8 131 78.39
8 132 18.97
8 133 100.85
8 134 114.93
8 135 35.61
8 136 176.8
8 137 43.93
8 138 42.43
8 139 123.69
8 140 28.16
8 141 167.74
8 142 27.07
8 143 96.52
8 144 63.56
8 145 116.07
8 146 79.16
8 147 141.35
8 148 160.86
8 149 93.94
8 150 36.01
8 151 30.15
8 152 101.24
8 153 105.36
8 154 108.72
8 155 96.61
8 156 118.07
8 157 8.94
8 158 106.73
8 159 34.13
8 160 143.28
8 161 17.46
8 162 121.82
8 163 114.0
8 164 139.7
8 165 96.88
8 166 61.68
8 167 113.56
8 168 122.18
8 169 102.11
8 170 113.95
8 171 182.43
8 172 125.64
8 173 106.23
8 174 182.52
8 175 97.91
8 176 97.51
8 177 10.44
8 178 102.34
8 179 106.4
8 180 108.17
8 181 22.0
8 182 113.07
8 183 46.23
8 184 33.97
8 185 16.03
8 186 3.0
8 187 24.02
8 188 97.02
8 189 176.07
8 190 104.35
8 191 112.02
8 192 85.38
8 193 110.03
8 194 115.0
8 195 113.11
8 196 89.19
8 197 164.44
8 198 99.04
8 199 38.9
8 200 162.61
8 201 91.22
9 0 39.05
9 1 1.41
9 2 38.18
9 3 62.03
9 4 58.18
9 5 53.46
9 6 68.41
9 7 43.14
9 8 61.74
9 10 53.6
9 11 69.03
9 12 76.84
9 13 42.45
9 14 73.16
9 15 74.69
9 16 56.14
9 17 32.02
9 18 51.0
9 19 59.48
9 20 71.7
9 21 92.91
9 22 61.98
9 23 99.57
9 24 66.61
9 25 80.89
9 26 74.33
9 27 61.13
9 28 63.16
9 29 99.33
9 30 55.71
9 31 81.61
9 32 119.62
9 33 43.32
9 34 52.04
9 35 7.07
9 36 44.6
9 37 27.0
9 38 57.07
9 39 35.23
9 40 76.9
9 41 77.41
9 42 94.24
9 43 42.45
9 44 46.52
9 45 57.31
9 46 55.11
9 47 84.2
9 48 71.06
9 49 41.88
9 50 94.92
9 51 127.88
9 52 100.5
9 53 3.61
9 54 53.85
9 55 26.68
9 56 44.1
9 57 32.89
9 58 37.64
9 59 73.01
9 60 54.64
9 61 62.65
9 62 44.27
9 63 49.0
9 64 62.29
9 65 128.0
9 66 82.62
9 67 35.47
9 68 51.26
9 69 112.73
9 70 84.06
9 71 2.0
9 72 56.44
9 73 68.01
9 74 62.03
9 75 104.01
9 76 47.8
9 77 79.08
9 78 36.62
9 79 100.57
9 80 81.39
9 81 25.08
9 82 59.17
9 83 39.0
9 84 63.13
9 85 80.4
9 86 129.81
9 87 97.42
9 88 63.69
9 89 77.88
9 90 36.07
9 91 81.61
9 92 99.32
9 93 20.4
9 94 129.62
9 95 51.09
9 96 67.23
9 97 66.21
9 98 59.24
9 99 2.0
9 100 62.39
9 101 4.24
9 102 48.33
9 103 107.82
9 104 46.65
9 105 76.56
9 106 55.58
9 107 36.72
9 108 42.2
9 109 56.44
9 110 76.69
9 111 52.01
9 112 96.8
9 113 42.44
9 114 49.5
9 115 130.6
9 116 74.63
9 117 43.83
9 118 36.69
9 119 6.4
9 120 58.69
9 121 43.97
9 122 67.48
9 123 90.76
9 124 114.13
9 125 59.93
9 126 4.12
9 127 60.9
9 128 57.87
9 129 71.22
9 130 66.85
9 131 45.31
9 132 49.68
9 133 69.12
9 134 93.78
9 135 28.28
9 136 121.2
9 137 23.19
9 138 26.31
9 139 65.6
9 140 59.03
9 141 115.39
9 142 54.01
9 143 43.08
9 144 2.0
9 145 103.94
9 146 49.66
9 147 83.1
9 148 107.35
9 149 61.13
9 150 57.87
9 151 53.15
9 152 75.96
9 153 79.38
9 154 64.2
9 155 38.01
9 156 96.21
9 157 55.03
9 158 48.04
9 159 53.6
9 160 85.43
9 161 44.78
9 162 72.53
9 163 104.85
9 164 82.01
9 165 42.06
9 166 5.39
9 167 55.04
9 168 99.62
9 169 79.31
9 170 92.85
9 171 126.25
9 172 80.06
9 173 63.03
9 174 127.32
9 175 38.29
9 176 44.01
9 177 61.13
9 178 59.01
9 179 59.54
9 180 61.06
9 181 42.8
9 182 105.68
9 183 20.22
9 184 33.02
9 185 48.26
9 186 63.06
9 187 57.04
9 188 41.76
9 189 120.1
9 190 46.17
9 191 62.61
9 192 62.18
9 193 54.13
9 194 104.62
9 195 100.85
9 196 65.74
9 197 110.94
9 198 74.46
9 199 29.07
9 200 110.02
9 201 39.05
10 0 63.66
10 1 52.77
10 2 43.6
10 3 111.88
10 4 20.1
10 5 1.0
10 6 62.97
10 7 86.13
10 8 110.48
10 9 53.6
10 11 62.8
10 12 71.57
10 13 45.79
10 14 110.34
10 15 114.11
10 16 109.66
10 17 46.67
10 18 99.3
10 19 100.6
10 20 89.94
10 21 135.09
10 22 115.57
10 23 141.23
10 24 86.09
10 25 97.08
10 26 110.31
10 27 84.63
10 28 102.18
10 29 131.65
10 30 94.49
10 31 98.84
10 32 106.37
10 33 13.42
10 34 6.08
10 35 54.01
10 36 13.04
10 37 80.4
10 38 110.64
10 39 49.58
10 40 113.14
10 41 96.18
10 42 128.32
10 43 43.05
10 44 88.48
10 45 80.21
10 46 3.16
10 47 75.03
10 48 104.06
10 49 89.27
10 50 129.63
10 51 114.76
10 52 140.93
10 53 56.89
10 54 101.0
10 55 79.03
10 56 97.62
10 57 22.2
10 58 89.05
10 59 111.13
10 60 24.35
10 61 82.68
10 62 83.6
10 63 102.31
10 64 84.31
10 65 113.36
10 66 73.03
10 67 46.1
10 68 90.43
10 69 110.11
10 70 79.4
10 71 53.34
10 72 20.4
10 73 64.33
10 74 99.9
10 75 145.34
10 76 85.28
10 77 94.85
10 78 49.68
10 79 134.18
10 80 99.73
10 81 78.64
10 82 22.09
10 83 18.38
10 84 23.09
10 85 98.84
10 86 114.0
10 87 130.1
10 88 113.14
10 89 116.04
10 90 42.64
10 91 74.17
10 92 140.36
10 93 73.11
10 94 115.32
10 95 5.39
10 96 105.55
10 97 105.76
10 98 108.9
10 99 53.94
10 100 83.76
10 101 51.2
10 102 89.63
10 103 103.02
10 104 94.37
10 105 114.63
10 106 2.0
10 107 53.15
10 108 12.17
10 109 78.82
10 110 90.87
10 111 105.39
10 112 131.14
10 113 51.87
10 114 103.1
10 115 114.98
10 116 69.72
10 117 90.61
10 118 18.25
10 119 48.17
10 120 98.08
10 121 12.08
10 122 60.83
10 123 124.74
10 124 108.02
10 125 18.03
10 126 52.15
10 127 108.26
10 128 4.47
10 129 64.63
10 130 104.8
10 131 86.02
10 132 94.11
10 133 102.59
10 134 129.5
10 135 81.1
10 136 109.9
10 137 76.79
10 138 79.91
10 139 61.39
10 140 112.45
10 141 112.04
10 142 107.38
10 143 15.26
10 144 51.62
10 145 143.63
10 146 91.02
10 147 72.0
10 148 103.04
10 149 96.18
10 150 111.46
10 151 106.68
10 152 112.43
10 153 114.59
10 154 86.53
10 155 49.82
10 156 131.05
10 157 105.48
10 158 7.81
10 159 107.2
10 160 75.0
10 161 93.06
10 162 85.09
10 163 146.0
10 164 73.06
10 165 13.93
10 166 51.09
10 167 6.32
10 168 133.42
10 169 116.69
10 170 128.76
10 171 112.79
10 172 95.75
10 173 87.42
10 174 116.11
10 175 46.4
10 176 14.42
10 177 112.29
10 178 84.81
10 179 80.71
10 180 24.02
10 181 88.84
10 182 147.63
10 183 73.82
10 184 86.28
10 185 94.92
10 186 111.0
10 187 110.16
10 188 13.6
10 189 108.05
10 190 8.06
10 191 20.22
10 192 103.41
10 193 3.0
10 194 145.17
10 195 140.86
10 196 105.89
10 197 106.0
10 198 111.76
10 199 82.61
10 200 107.12
10 201 63.66
11 0 37.58
11 1 67.62
11 2 31.38
11 3 126.4
11 4 82.39
11 5 61.81
11 6 1.0
11 7 112.04
11 8 127.28
11 9 69.03
11 10 62.8
11 12 9.06
11 13 26.93
11 14 71.39
11 15 77.1
11 16 110.91
11 17 37.01
11 18 117.59
11 19 70.01
11 20 37.12
11 21 97.74
11 22 112.54
11 23 102.2
11 24 36.06
11 25 40.46
11 26 69.86
11 27 39.62
11 28 68.12
11 29 82.86
11 30 63.03
11 31 42.64
11 32 50.77
11 33 68.03
11 34 56.72
11 35 75.21
11 36 69.01
11 37 88.41
11 38 107.94
11 39 33.97
11 40 72.28
11 41 41.88
11 42 81.86
11 43 27.73
11 44 64.13
11 45 37.12
11 46 65.92
11 47 15.26
11 48 61.85
11 49 109.6
11 50 83.67
11 51 59.17
11 52 100.24
11 53 69.43
11 54 121.02
11 55 91.44
11 56 100.85
11 57 66.1
11 58 102.3
11 59 73.16
11 60 85.02
11 61 34.93
11 62 58.25
11 63 106.68
11 64 37.85
11 65 59.08
11 66 13.6
11 67 33.6
11 68 61.29
11 69 48.26
11 70 17.12
11 71 70.6
11 72 82.22
11 73 3.16
11 74 65.12
11 75 105.3
11 76 56.57
11 77 38.42
11 78 32.56
11 79 86.35
11 80 44.2
11 81 85.6
11 82 84.38
11 83 69.35
11 84 85.84
11 85 43.6
11 86 60.8
11 87 81.88
11 88 128.41
11 89 76.9
11 90 33.62
11 91 13.0
11 92 100.58
11 93 85.63
11 94 60.75
11 95 57.56
11 96 69.46
11 97 71.25
11 98 124.02
11 99 67.48
11 100 36.88
11 101 64.82
11 102 63.79
11 103 41.77
11 104 113.9
11 105 75.71
11 106 63.15
11 107 33.3
11 108 64.03
11 109 36.06
11 110 34.21
11 111 108.78
11 112 84.53
11 113 26.87
11 114 103.31
11 115 61.61
11 116 7.0
11 117 111.72
11 118 65.49
11 119 69.34
11 120 66.0
11 121 67.01
11 122 2.0
11 123 78.79
11 124 47.54
11 125 80.75
11 126 71.61
11 127 127.56
11 128 65.51
11 129 2.24
11 130 68.47
11 131 61.19
11 132 118.14
11 133 61.39
11 134 84.69
11 135 91.68
11 136 52.77
11 137 83.41
11 138 85.21
11 139 3.61
11 140 114.49
11 141 50.49
11 142 110.54
11 143 70.06
11 144 67.8
11 145 101.59
11 146 64.63
11 147 14.14
11 148 41.59
11 149 59.21
11 150 109.25
11 151 108.24
11 152 72.03
11 153 72.12
11 154 39.29
11 155 31.14
11 156 85.0
11 157 119.2
11 158 56.22
11 159 106.45
11 160 16.4
11 161 111.8
11 162 28.84
11 163 105.62
11 164 13.04
11 165 67.07
11 166 71.85
11 167 57.27
11 168 85.88
11 169 76.4
11 170 84.31
11 171 57.45
11 172 39.05
11 173 41.98
11 174 59.03
11 175 30.81
11 176 70.03
11 177 123.71
11 178 42.3
11 179 35.36
11 180 86.47
11 181 111.04
11 182 108.16
11 183 81.06
11 184 93.81
11 185 115.97
11 186 129.19
11 187 114.61
11 188 66.07
11 189 51.48
11 190 58.08
11 191 83.02
11 192 72.01
11 193 65.76
11 194 104.06
11 195 99.62
11 196 72.17
11 197 44.91
11 198 72.57
11 199 88.81
11 200 45.28
11 201 37.58
12 0 43.01
12 1 75.45
12 2 39.81
12 3 132.77
12 4 91.27
12 5 70.58
12 6 9.22
12 7 119.63
12 8 133.87
12 9 76.84
12 10 71.57
12 11 9.06
12 13 35.34
12 14 71.18
12 15 77.1
12 16 116.11
12 17 44.94
12 18 124.46
12 19 71.7
12 20 34.93
12 21 97.02
12 22 117.17
12 23 101.0
12 24 35.13
12 25 36.24
12 26 69.35
12 27 40.05
12 28 69.18
12 29 79.71
12 30 64.94
12 31 38.47
12 32 42.8
12 33 77.06
12 34 65.49
12 35 83.22
12 36 78.03
12 37 94.92
12 38 112.71
12 39 41.62
12 40 71.57
12 41 38.63
12 42 79.38
12 43 36.4
12 44 67.36
12 45 38.47
12 46 74.67
12 47 8.06
12 48 61.29
12 49 116.78
12 50 81.27
12 51 51.04
12 52 98.72
12 53 77.01
12 54 127.99
12 55 98.29
12 56 106.51
12 57 75.13
12 58 108.98
12 59 73.11
12 60 94.01
12 61 35.01
12 62 61.68
12 63 112.33
12 64 38.01
12 65 51.22
12 66 7.28
12 67 41.68
12 68 63.79
12 69 39.2
12 70 8.06
12 71 78.49
12 72 91.14
12 73 8.94
12 74 66.19
12 75 103.81
12 76 59.48
12 77 34.44
12 78 40.22
12 79 83.38
12 80 40.25
12 81 92.1
12 82 93.26
12 83 78.41
12 84 94.64
12 85 39.81
12 86 53.15
12 87 78.92
12 88 134.83
12 89 76.42
12 90 42.05
12 91 5.0
12 92 99.25
12 93 92.66
12 94 52.8
12 95 66.37
12 96 70.01
12 97 72.06
12 98 130.48
12 99 75.21
12 100 37.01
12 101 72.67
12 102 66.76
12 103 32.76
12 104 120.93
12 105 75.33
12 106 71.85
12 107 40.46
12 108 73.06
12 109 37.66
12 110 30.46
12 111 114.28
12 112 81.93
12 113 34.41
12 114 108.56
12 115 53.91
12 116 2.24
12 117 118.93
12 118 74.55
12 119 77.52
12 120 67.6
12 121 76.03
12 122 11.05
12 123 76.54
12 124 38.6
12 125 89.56
12 126 79.61
12 127 134.38
12 128 74.15
12 129 7.0
12 130 69.01
12 131 64.51
12 132 125.5
12 133 61.13
12 134 82.57
12 135 98.35
12 136 44.42
12 137 89.94
12 138 91.55
12 139 11.7
12 140 119.71
12 141 41.44
12 142 115.97
12 143 79.1
12 144 75.72
12 145 99.72
12 146 67.45
12 147 9.06
12 148 32.56
12 149 60.13
12 150 114.06
12 151 113.53
12 152 71.45
12 153 71.02
12 154 39.01
12 155 38.83
12 156 82.54
12 157 125.61
12 158 65.12
12 159 111.51
12 160 9.85
12 161 118.8
12 162 25.96
12 163 104.05
12 164 6.32
12 165 76.11
12 166 79.92
12 167 65.92
12 168 83.01
12 169 75.66
12 170 82.28
12 171 49.41
12 172 34.89
12 173 42.0
12 174 50.61
12 175 38.95
12 176 79.06
12 177 129.81
12 178 43.19
12 179 36.22
12 180 95.34
12 181 118.34
12 182 106.73
12 183 87.73
12 184 100.12
12 185 123.11
12 186 135.88
12 187 120.11
12 188 75.11
12 189 43.27
12 190 67.03
12 191 91.79
12 192 73.44
12 193 74.55
12 194 102.36
12 195 97.98
12 196 73.11
12 197 35.9
12 198 72.25
12 199 95.13
12 200 36.22
12 201 43.01
13 0 21.19
13 1 41.04
13 2 4.47
13 3 101.87
13 4 62.97
13 5 44.94
13 6 26.42
13 7 85.59
13 8 102.34
13 9 42.45
13 10 45.79
13 11 26.93
13 12 35.34
13 14 67.12
13 15 71.69
13 16 89.19
13 17 10.82
13 18 92.2
13 19 60.17
13 20 44.28
13 21 93.15
13 22 92.2
13 23 98.79
13 24 40.31
13 25 51.87
13 26 66.61
13 27 39.05
13 28 60.37
13 29 86.37
13 30 53.31
13 31 53.49
13 32 77.7
13 33 46.57
13 34 40.22
13 35 48.41
13 36 47.8
13 37 64.01
13 38 87.32
13 39 9.22
13 40 69.4
13 41 50.57
13 42 83.45
13 43 2.83
13 44 50.22
13 45 34.71
13 46 48.88
13 47 42.19
13 48 59.67
13 49 83.74
13 50 84.9
13 51 86.09
13 52 97.91
13 53 43.19
13 54 95.43
13 55 66.29
13 56 78.19
13 57 42.05
13 58 77.39
13 59 68.26
13 60 64.03
13 61 36.89
13 62 44.38
13 63 83.93
13 64 38.6
13 65 85.98
13 66 40.5
13 67 7.21
13 68 49.98
13 69 73.5
13 70 43.08
13 71 43.93
13 72 62.3
13 73 26.4
13 74 57.71
13 75 102.63
13 76 44.6
13 77 49.65
13 78 8.06
13 79 89.11
13 80 54.23
13 81 61.29
13 82 64.85
13 83 46.53
13 84 67.23
13 85 53.31
13 86 87.66
13 87 84.9
13 88 103.77
13 89 72.95
13 90 6.71
13 91 39.82
13 92 97.64
13 93 60.22
13 94 87.66
13 95 40.5
13 96 63.13
13 97 63.95
13 98 99.32
13 99 41.01
13 100 38.01
13 101 38.21
13 102 50.7
13 103 67.68
13 104 88.24
13 105 71.56
13 106 46.87
13 107 11.05
13 108 42.72
13 109 33.3
13 110 45.88
13 111 86.38
13 112 86.28
13 113 6.4
13 114 81.61
13 115 88.48
13 116 33.11
13 117 85.8
13 118 42.43
13 119 42.44
13 120 56.86
13 121 45.88
13 122 25.24
13 123 79.93
13 124 73.74
13 125 62.24
13 126 44.82
13 127 102.2
13 128 49.65
13 129 29.15
13 130 62.27
13 131 47.3
13 132 91.97
13 133 58.41
13 134 85.04
13 135 66.89
13 136 79.65
13 137 59.06
13 138 61.27
13 139 23.71
13 140 92.66
13 141 75.96
13 142 88.26
13 143 48.27
13 144 41.11
13 145 100.21
13 146 51.92
13 147 40.8
13 148 67.36
13 149 53.0
13 150 88.53
13 151 86.33
13 152 68.82
13 153 70.43
13 154 40.8
13 155 7.0
13 156 86.31
13 157 94.67
13 158 38.08
13 159 85.16
13 160 43.27
13 161 86.21
13 162 40.26
13 163 103.17
13 164 39.96
13 165 45.35
13 166 45.0
13 167 42.01
13 168 88.39
13 169 73.24
13 170 84.39
13 171 84.38
13 172 50.6
13 173 41.87
13 174 85.88
13 175 4.47
13 176 48.51
13 177 99.76
13 178 39.6
13 179 35.0
13 180 67.07
13 181 84.96
13 182 105.15
13 183 56.44
13 184 69.77
13 185 90.14
13 186 104.04
13 187 92.11
13 188 44.38
13 189 78.39
13 190 38.91
13 191 64.88
13 192 62.77
13 193 48.37
13 194 102.08
13 195 97.65
13 196 64.4
13 197 70.84
13 198 68.51
13 199 64.85
13 200 70.6
13 201 21.19
14 0 46.86
14 1 72.62
14 2 67.8
14 3 95.19
14 4 123.69
14 5 109.66
14 6 70.41
14 7 99.05
14 8 98.37
14 9 73.16
14 10 110.34
14 11 71.39
14 12 71.18
14 13 67.12
14 15 6.08
14 16 70.26
14 17 63.7
14 18 93.74
14 19 15.0
14 20 37.12
14 21 26.57
14 22 66.37
14 23 31.76
14 24 36.06
14 25 40.8
14 26 2.83
14 27 31.78
14 28 10.2
14 29 27.07
14 30 17.46
14 31 39.22
14 32 101.24
14 33 106.53
14 34 105.55
14 35 79.38
14 36 107.94
14 37 68.0
14 38 63.95
14 39 61.07
14 40 4.0
14 41 36.14
14 42 21.38
14 43 69.89
14 44 26.93
14 45 34.79
14 46 113.15
14 47 78.01
14 48 10.05
14 49 91.35
14 50 21.84
14 51 106.63
14 52 30.81
14 53 70.23
14 54 97.86
14 55 74.01
14 56 67.19
14 57 98.01
14 58 79.51
14 59 2.24
14 60 122.41
14 61 36.5
14 62 29.07
14 63 71.47
14 64 33.54
14 65 108.78
14 66 78.06
14 67 64.66
14 68 21.93
14 69 82.35
14 70 72.06
14 71 75.03
14 72 122.44
14 73 68.25
14 74 11.18
14 75 35.51
14 76 26.08
14 77 41.23
14 78 61.22
14 79 27.66
14 80 37.34
14 81 66.03
14 82 125.25
14 83 104.2
14 84 128.55
14 85 37.0
14 86 111.63
14 87 25.08
14 88 97.41
14 89 5.83
14 90 68.25
14 91 75.03
14 92 30.53
14 93 72.34
14 94 109.44
14 95 105.48
14 96 6.08
14 97 8.06
14 98 94.25
14 99 71.31
14 100 34.53
14 101 71.59
14 102 25.0
14 103 82.54
14 104 92.91
14 105 4.47
14 106 111.8
14 107 57.63
14 108 103.48
14 109 36.06
14 110 43.57
14 111 71.51
14 112 23.77
14 113 60.75
14 114 64.85
14 115 111.95
14 116 70.35
14 117 93.43
14 118 100.42
14 119 78.79
14 120 14.56
14 121 106.4
14 122 71.81
14 123 18.11
14 124 88.02
14 125 124.08
14 126 77.25
14 127 101.39
14 128 114.63
14 129 72.01
14 130 6.32
14 131 27.86
14 132 100.6
14 133 10.05
14 134 20.62
14 135 72.01
14 136 99.62
14 137 65.12
14 138 64.01
14 139 68.88
14 140 73.35
14 141 85.0
14 142 72.24
14 143 107.45
14 144 73.93
14 145 33.3
14 146 23.77
14 147 80.1
14 148 81.6
14 149 14.21
14 150 65.3
14 151 69.08
14 152 3.0
14 153 7.07
14 154 32.25
14 155 61.4
14 156 23.09
14 157 89.56
14 158 102.59
14 159 65.39
14 160 80.01
14 161 90.8
14 162 46.04
14 163 36.06
14 164 77.06
14 165 105.12
14 166 78.55
14 167 107.81
14 168 26.68
14 169 6.4
14 170 19.7
14 171 105.95
14 172 41.48
14 173 29.43
14 174 103.62
14 175 65.0
14 176 108.07
14 177 89.89
14 178 29.41
14 179 36.14
14 180 127.44
14 181 94.26
14 182 38.08
14 183 65.38
14 184 69.26
14 185 95.89
14 186 101.24
14 187 76.16
14 188 104.35
14 189 99.93
14 190 102.53
14 191 126.91
14 192 13.15
14 193 112.43
14 194 35.0
14 195 30.61
14 196 9.22
14 197 84.5
14 198 1.41
14 199 66.03
14 200 81.15
14 201 46.86
15 0 51.04
15 1 74.24
15 2 72.11
15 3 92.44
15 4 126.81
15 5 113.45
15 6 76.12
15 7 98.05
15 8 95.8
15 9 74.69
15 10 114.11
15 11 77.1
15 12 77.1
15 13 71.69
15 14 6.08
15 16 67.07
15 17 67.62
15 18 91.79
15 19 15.23
15 20 43.19
15 21 21.47
15 22 62.61
15 23 27.2
15 24 42.01
15 25 46.84
15 26 8.54
15 27 37.48
15 28 12.04
15 29 28.28
15 30 19.85
15 31 45.22
15 32 107.28
15 33 109.71
15 34 109.48
15 35 80.62
15 36 111.13
15 37 67.27
15 38 60.54
15 39 65.22
15 40 7.81
15 41 42.2
15 42 22.09
15 43 74.43
15 44 28.18
15 45 40.26
15 46 116.85
15 47 84.0
15 48 16.12
15 49 90.02
15 50 22.0
15 51 112.61
15 52 26.87
15 53 71.59
15 54 95.89
15 55 73.33
15 56 64.94
15 57 100.9
15 58 78.06
15 59 4.0
15 60 125.25
15 61 42.3
15 62 31.4
15 63 68.88
15 64 39.32
15 65 114.79
15 66 84.02
15 67 68.82
15 68 24.21
15 69 88.24
15 70 78.1
15 71 76.49
15 72 125.5
15 73 73.98
15 74 14.21
15 75 31.24
15 76 29.0
15 77 47.3
15 78 65.46
15 79 28.0
15 80 43.32
15 81 65.49
15 82 128.32
15 83 107.17
15 84 131.71
15 85 43.01
15 86 117.64
15 87 26.31
15 88 94.64
15 89 4.12
15 90 72.42
15 91 81.01
15 92 26.25
15 93 72.18
15 94 115.43
15 95 109.34
15 96 8.6
15 97 8.6
15 98 91.68
15 99 72.9
15 100 40.31
15 101 73.43
15 102 26.42
15 103 88.54
15 104 91.27
15 105 3.61
15 106 115.62
15 107 61.85
15 108 106.79
15 109 41.48
15 110 49.65
15 111 68.68
15 112 24.0
15 113 65.37
15 114 62.1
15 115 117.95
15 116 76.24
15 117 92.05
15 118 103.48
15 119 80.53
15 120 16.4
15 121 109.66
15 122 77.47
15 123 19.42
15 124 93.98
15 125 127.35
15 126 78.72
15 127 99.04
15 128 118.44
15 129 77.78
15 130 9.43
15 131 29.68
15 132 99.13
15 133 16.0
15 134 20.1
15 135 71.18
15 136 105.62
15 137 64.78
15 138 63.39
15 139 74.53
15 140 70.01
15 141 90.87
15 142 69.26
15 143 110.54
15 144 75.59
15 145 29.83
15 146 25.06
15 147 86.05
15 148 87.6
15 149 18.79
15 150 61.85
15 151 66.1
15 152 7.21
15 153 10.63
15 154 38.12
15 155 65.73
15 156 23.02
15 157 87.1
15 158 106.4
15 159 62.3
15 160 86.0
15 161 89.2
15 162 52.09
15 163 31.89
15 164 83.02
15 165 108.3
15 166 80.06
15 167 111.83
15 168 27.0
15 169 6.32
15 170 19.1
15 171 111.95
15 172 47.54
15 173 35.23
15 174 109.56
15 175 69.34
15 176 111.2
15 177 86.98
15 178 34.93
15 179 41.77
15 180 130.48
15 181 93.01
15 182 33.6
15 183 65.31
15 184 68.0
15 185 94.26
15 186 98.72
15 187 73.05
15 188 107.56
15 189 105.95
15 190 106.22
15 191 130.18
15 192 12.65
15 193 116.1
15 194 31.11
15 195 26.91
15 196 8.94
15 197 90.48
15 198 5.39
15 199 65.12
15 200 87.09
15 201 51.04
16 0 73.36
16 1 57.08
16 2 86.13
16 3 26.08
16 4 111.68
16 5 109.55
16 6 110.02
16 7 43.6
16 8 30.0
16 9 56.14
16 10 109.66
16 11 110.91
16 12 116.11
16 13 89.19
16 14 70.26
16 15 67.07
16 17 78.85
16 18 30.08
16 19 56.94
16 20 94.05
16 21 73.11
16 22 8.6
16 23 79.01
16 24 89.83
16 25 101.98
16 26 72.92
16 27 82.76
16 28 62.27
16 29 94.92
16 30 60.0
16 31 101.41
16 32 156.6
16 33 98.66
16 34 108.17
16 35 56.09
16 36 99.82
16 37 29.27
16 38 7.0
16 39 80.01
16 40 73.93
16 41 97.08
16 42 88.6
16 43 90.52
16 44 52.35
16 45 81.57
16 46 111.02
16 47 124.17
16 48 75.8
16 49 34.21
16 50 88.06
16 51 163.84
16 52 82.1
16 53 53.04
16 54 33.53
16 55 31.62
16 56 12.04
16 57 88.28
16 58 25.0
16 59 68.54
16 60 106.89
16 61 87.11
16 62 56.64
16 63 8.06
16 64 84.9
16 65 165.0
16 66 123.17
16 67 82.28
16 68 58.14
16 69 142.9
16 70 121.2
16 71 56.32
16 72 109.77
16 73 108.71
16 74 63.81
16 75 83.01
16 76 60.11
16 77 101.18
16 78 81.27
16 79 93.86
16 80 100.12
16 81 31.06
16 82 112.27
16 83 93.94
16 84 116.39
16 85 99.36
16 86 167.41
16 87 93.01
16 88 28.16
16 89 71.17
16 90 84.65
16 91 121.08
16 92 80.06
16 93 36.88
16 94 166.21
16 95 107.23
16 96 65.3
16 97 62.61
16 98 26.02
16 99 56.04
16 100 85.63
16 101 59.01
16 102 53.81
16 103 140.46
16 104 32.25
16 105 70.58
16 106 111.65
16 107 79.12
16 108 98.01
16 109 81.69
16 110 101.12
16 111 5.0
16 112 89.99
16 113 85.8
16 114 7.62
16 115 168.0
16 116 114.24
16 117 35.23
16 118 92.23
16 119 61.52
16 120 59.91
16 121 99.46
16 122 110.02
16 123 86.33
16 124 146.75
16 125 114.02
16 126 57.56
16 127 34.13
16 128 113.86
16 129 112.71
16 130 65.76
16 131 54.45
16 132 40.25
16 133 74.09
16 134 85.62
16 135 29.12
16 136 156.65
16 137 33.02
16 138 30.0
16 139 107.33
16 140 3.61
16 141 145.73
16 142 3.61
16 143 98.06
16 144 58.14
16 145 86.09
16 146 53.91
16 147 124.42
16 148 139.7
16 149 68.01
16 150 6.08
16 151 3.0
16 152 73.01
16 153 77.08
16 154 85.56
16 155 82.54
16 156 88.77
16 157 22.36
16 158 104.17
16 159 5.0
16 160 125.9
16 161 31.06
16 162 99.9
16 163 84.01
16 164 122.3
16 165 97.49
16 166 58.69
16 167 111.16
16 168 92.89
16 169 73.39
16 170 84.65
16 171 162.61
16 172 101.91
16 173 82.73
16 174 161.97
16 175 84.77
16 176 99.04
16 177 20.22
16 178 79.21
16 179 84.39
16 180 113.84
16 181 37.2
16 182 83.1
16 183 36.01
16 184 23.54
16 185 34.89
16 186 33.0
16 187 6.08
16 188 97.32
16 189 156.21
16 190 102.31
16 191 116.48
16 192 57.71
16 193 110.03
16 194 85.01
16 195 83.15
16 196 61.27
16 197 143.18
16 198 70.77
16 199 27.07
16 200 140.86
16 201 73.36
17 0 17.03
17 1 30.61
17 2 7.28
17 3 91.07
17 4 61.4
17 5 45.97
17 6 36.4
17 7 75.07
17 8 91.53
17 9 32.02
17 10 46.67
17 11 37.01
17 12 44.94
17 13 10.82
17 14 63.7
17 15 67.62
17 16 78.85
17 18 81.4
17 19 54.71
17 20 47.07
17 21 88.81
17 22 82.2
17 23 94.81
17 24 42.45
17 25 55.58
17 26 63.64
17 27 39.4
17 28 55.8
17 29 85.45
17 30 48.26
17 31 56.89
17 32 87.66
17 33 44.29
17 34 41.87
17 35 38.28
17 36 45.65
17 37 53.24
17 38 77.28
17 39 4.0
17 40 66.47
17 41 53.37
17 42 81.84
17 43 11.7
17 44 43.46
17 45 34.93
17 46 49.52
17 47 52.2
17 48 57.49
17 49 73.0
17 50 83.1
17 51 95.96
17 52 94.37
17 53 32.53
17 54 84.65
17 55 55.47
17 56 67.68
17 57 37.64
17 58 66.57
17 59 64.54
17 60 61.33
17 61 38.6
17 62 38.01
17 63 73.39
17 64 39.56
17 65 96.02
17 66 50.61
17 67 3.61
17 68 44.42
17 69 81.93
17 70 52.35
17 71 33.6
17 72 60.42
17 73 36.06
17 74 53.41
17 75 98.86
17 76 39.12
17 77 53.46
17 78 5.1
17 79 87.8
17 80 57.27
17 81 50.54
17 82 63.13
17 83 43.08
17 84 66.04
17 85 56.29
17 86 97.8
17 87 83.82
17 88 92.96
17 89 69.43
17 90 6.0
17 91 49.65
17 92 93.86
17 93 49.41
17 94 97.65
17 95 41.77
17 96 59.03
17 97 59.41
17 98 88.51
17 99 30.48
17 100 39.22
17 101 27.8
17 102 44.28
17 103 76.56
17 104 77.47
17 105 68.01
17 106 48.1
17 107 7.28
17 108 40.82
17 109 33.62
17 110 50.16
17 111 75.89
17 112 84.65
17 113 10.77
17 114 71.31
17 115 98.6
17 116 42.72
17 117 75.07
17 118 39.0
17 119 32.65
17 120 51.87
17 121 43.91
17 122 35.47
17 123 78.24
17 124 82.76
17 125 61.29
17 126 34.67
17 127 91.4
17 128 50.93
17 129 39.2
17 130 58.26
17 131 40.72
17 132 81.32
17 133 55.97
17 134 82.88
17 135 56.08
17 136 89.36
17 137 48.3
17 138 50.57
17 139 33.6
17 140 82.28
17 141 84.5
17 142 77.79
17 143 45.62
17 144 30.81
17 145 97.0
17 146 45.62
17 147 51.09
17 148 76.16
17 149 49.52
17 150 78.45
17 151 75.96
17 152 65.76
17 153 67.94
17 154 41.79
17 155 6.32
17 156 84.5
17 157 83.86
17 158 38.9
17 159 74.95
17 160 53.41
17 161 75.43
17 162 45.01
17 163 99.49
17 164 50.0
17 165 42.94
17 166 34.99
17 167 44.2
17 168 87.01
17 169 70.04
17 170 82.13
17 171 94.3
17 172 54.45
17 173 42.05
17 174 95.52
17 175 6.4
17 176 46.07
17 177 89.01
17 178 38.95
17 179 36.06
17 180 65.37
17 181 74.28
17 182 101.21
17 183 45.65
17 184 59.03
17 185 79.4
17 186 93.23
17 187 81.6
17 188 42.06
17 189 88.2
17 190 38.95
17 191 64.07
17 192 57.45
17 193 48.84
17 194 98.6
17 195 94.26
17 196 59.64
17 197 79.71
17 198 65.12
17 199 54.13
17 200 79.12
17 201 17.03
18 0 82.22
18 1 52.35
18 2 88.23
18 3 13.15
18 4 96.08
18 5 99.46
18 6 116.85
18 7 16.55
18 8 11.18
18 9 51.0
18 10 99.3
18 11 117.59
18 12 124.46
18 13 92.2
18 14 93.74
18 15 91.79
18 16 30.08
18 17 81.4
18 19 79.08
18 20 109.77
18 21 101.24
18 22 38.48
18 23 107.47
18 24 104.96
18 25 118.6
18 26 96.1
18 27 98.11
18 28 84.4
18 29 120.07
18 30 80.01
18 31 118.53
18 32 166.93
18 33 86.58
18 34 99.46
18 35 47.17
18 36 87.46
18 37 30.0
18 38 36.69
18 39 83.87
18 40 97.67
18 41 114.06
18 42 113.86
18 43 92.66
18 44 70.58
18 45 95.72
18 46 99.85
18 47 132.28
18 48 97.12
18 49 10.05
18 50 113.64
18 51 174.83
18 52 110.22
18 53 49.4
18 54 4.12
18 55 26.17
18 56 27.02
18 57 77.1
18 58 15.81
18 59 92.4
18 60 90.27
18 61 101.55
18 62 72.92
18 63 24.33
18 64 99.98
18 65 175.41
18 66 130.91
18 67 85.0
18 68 76.9
18 69 156.6
18 70 130.86
18 71 50.09
18 72 94.09
18 73 116.04
18 74 85.16
18 75 111.65
18 76 76.97
18 77 117.34
18 78 85.28
18 79 119.6
18 80 117.62
18 81 32.8
18 82 96.19
18 83 81.5
18 84 100.24
18 85 116.73
18 86 177.5
18 87 118.09
18 88 14.0
18 89 95.89
18 90 86.27
18 91 129.42
18 92 108.3
18 93 32.02
18 94 176.87
18 95 98.27
18 96 88.07
18 97 85.7
18 98 10.2
18 99 51.97
18 100 100.5
18 101 55.07
18 102 72.45
18 103 152.9
18 104 5.0
18 105 95.04
18 106 101.27
18 107 84.29
18 108 87.13
18 109 95.41
18 110 116.28
18 111 25.96
18 112 115.62
18 113 90.79
18 114 31.26
18 115 178.21
18 116 122.35
18 117 9.06
18 118 81.05
18 119 53.85
18 120 81.04
18 121 87.69
18 122 116.28
18 123 111.16
18 124 159.3
18 125 99.02
18 126 50.16
18 127 10.0
18 128 102.96
18 129 119.67
18 130 88.29
18 131 71.69
18 132 10.63
18 133 95.21
18 134 111.45
18 135 26.25
18 136 167.84
18 137 34.83
18 138 33.84
18 139 114.02
18 140 29.53
18 141 159.4
18 142 26.57
18 143 85.38
18 144 52.77
18 145 114.21
18 146 73.05
18 147 131.71
18 148 152.27
18 149 87.92
18 150 36.06
18 151 29.12
18 152 96.69
18 153 100.81
18 154 101.21
18 155 86.68
18 156 114.53
18 157 9.22
18 158 95.57
18 159 32.98
18 160 133.73
18 161 6.32
18 162 113.72
18 163 112.64
18 164 130.18
18 165 85.71
18 166 50.7
18 167 102.39
18 168 118.61
18 169 98.01
18 170 110.45
18 171 173.36
18 172 118.21
18 173 98.88
18 174 173.66
18 175 87.8
18 176 86.37
18 177 16.12
18 178 94.89
18 179 98.48
18 180 97.33
18 181 11.18
18 182 112.01
18 183 36.8
18 184 25.94
18 185 5.83
18 186 12.08
18 187 25.06
18 188 85.84
18 189 167.03
18 190 93.17
18 191 101.08
18 192 80.6
18 193 98.86
18 194 113.44
18 195 111.16
18 196 84.53
18 197 155.86
18 198 94.54
18 199 30.53
18 200 154.2
18 201 82.22
19 0 39.0
19 1 59.06
19 2 59.93
19 3 81.15
19 4 112.45
19 5 100.0
19 6 69.01
19 7 84.05
19 8 84.15
19 9 59.48
19 10 100.6
19 11 70.01
19 12 71.7
19 13 60.17
19 14 15.0
19 15 15.23
19 16 56.94
19 17 54.71
19 18 79.08
19 20 41.15
19 21 34.66
19 22 54.04
19 23 41.04
19 24 38.28
19 25 47.43
19 26 17.12
19 27 32.02
19 28 5.39
19 29 42.05
19 30 7.07
19 31 46.4
19 32 106.51
19 33 95.46
19 34 96.26
19 35 65.39
19 36 96.88
19 37 53.0
19 38 51.04
19 39 52.77
19 40 19.0
19 41 42.44
19 42 36.22
19 43 62.77
19 44 13.04
19 45 33.24
19 46 103.23
19 47 79.25
19 48 18.87
19 49 76.42
19 50 36.5
19 51 112.71
19 52 41.4
19 53 56.36
19 54 83.2
19 55 59.01
19 56 52.81
19 57 86.37
19 58 64.63
19 59 14.14
19 60 110.63
19 61 37.11
19 62 17.03
19 63 57.38
19 64 34.21
19 65 114.49
19 66 78.92
19 67 56.36
19 68 10.3
19 69 89.59
19 70 74.22
19 71 61.27
19 72 111.07
19 73 67.03
19 74 7.07
19 75 45.34
19 76 15.65
19 77 47.17
19 78 53.23
19 79 42.43
19 80 44.82
19 81 51.04
19 82 113.9
19 83 92.7
19 84 117.39
19 85 44.2
19 86 117.2
19 87 40.05
19 88 83.38
19 89 18.68
19 90 59.94
19 91 76.12
19 92 40.46
19 93 57.43
19 94 115.38
19 95 96.02
19 96 9.06
19 97 7.07
19 98 80.06
19 99 57.71
19 100 35.17
19 101 58.31
19 102 11.4
19 103 88.59
19 104 78.09
19 105 17.46
19 106 102.2
19 107 49.66
19 108 92.7
19 109 34.13
19 110 48.3
19 111 57.7
19 112 38.47
19 113 54.08
19 114 50.99
19 115 117.63
19 116 70.46
19 117 78.52
19 118 89.11
19 119 65.37
19 120 4.12
19 121 95.48
19 122 70.01
19 123 33.06
19 124 94.51
19 125 113.15
19 126 63.51
19 127 86.98
19 128 105.0
19 129 71.06
19 130 9.22
19 131 14.87
19 132 85.71
19 133 17.2
19 134 34.93
19 135 57.01
19 136 105.55
19 137 50.16
19 138 49.01
19 139 67.01
19 140 60.21
19 141 92.36
19 142 58.59
19 143 96.18
19 144 60.42
19 145 44.65
19 146 10.0
19 147 80.75
19 148 87.71
19 149 12.53
19 150 52.43
19 151 55.47
19 152 18.0
19 153 22.02
19 154 33.84
19 155 53.71
19 156 37.66
19 157 75.27
19 158 93.01
19 159 51.97
19 160 81.22
19 161 75.95
19 162 49.04
19 163 46.1
19 164 77.93
19 165 94.05
19 166 64.85
19 167 98.74
19 168 41.44
19 169 20.4
19 170 33.96
19 171 111.8
19 172 47.71
19 173 30.68
19 174 110.15
19 175 57.27
19 176 96.88
19 177 76.06
19 178 28.64
19 179 35.51
19 180 116.04
19 181 79.31
19 182 47.38
19 183 50.49
19 184 54.33
19 185 81.05
19 186 86.98
19 187 62.65
19 188 93.35
19 189 105.55
19 190 92.62
19 191 115.97
19 192 2.83
19 193 102.45
19 194 45.61
19 195 41.62
19 196 6.32
19 197 90.92
19 198 16.03
19 199 51.04
19 200 87.98
19 201 39.0
20 0 33.02
20 1 70.58
20 2 47.17
20 3 115.21
20 4 107.15
20 5 89.07
20 6 36.24
20 7 109.56
20 8 117.32
20 9 71.7
20 10 89.94
20 11 37.12
20 12 34.93
20 13 44.28
20 14 37.12
20 15 43.19
20 16 94.05
20 17 47.07
20 18 109.77
20 19 41.15
20 21 62.29
20 22 92.96
20 23 66.1
20 24 5.1
20 25 9.22
20 26 35.01
20 27 11.66
20 28 37.34
20 29 45.79
20 30 35.51
20 31 10.0
20 32 65.39
20 33 90.48
20 34 84.22
20 35 78.77
20 36 91.76
20 37 80.06
20 38 89.2
20 39 43.17
20 40 37.01
20 41 6.32
20 42 44.78
20 43 46.96
20 44 41.73
20 45 14.56
20 46 93.06
20 47 41.19
20 48 27.07
20 49 104.22
20 50 46.62
20 51 71.59
20 52 63.79
20 53 70.21
20 54 113.74
20 55 85.0
20 56 86.83
20 57 84.65
20 58 94.02
20 59 39.2
20 60 107.84
20 61 9.06
20 62 37.64
20 63 92.31
20 64 9.85
20 65 73.35
20 66 41.44
20 67 45.88
20 68 36.24
20 69 49.04
20 70 35.0
20 71 73.68
20 72 106.4
20 73 34.0
20 74 34.54
20 75 68.88
20 76 33.97
20 77 7.62
20 78 42.45
20 79 49.24
20 80 10.2
20 81 77.37
20 82 109.0
20 83 89.84
20 84 111.49
20 85 9.22
20 86 76.06
20 87 44.78
20 88 117.41
20 89 42.0
20 90 48.7
20 91 38.33
20 92 64.33
20 93 80.78
20 94 74.24
20 95 84.6
20 96 37.11
20 97 39.56
20 98 113.46
20 99 69.72
20 100 9.49
20 101 68.36
20 102 40.36
20 103 47.51
20 104 107.35
20 105 41.01
20 106 90.92
20 107 39.81
20 108 86.73
20 109 15.3
20 110 7.21
20 111 93.51
20 112 47.42
20 113 38.63
20 114 87.05
20 115 76.49
20 116 34.48
20 117 106.45
20 118 85.73
20 119 75.17
20 120 37.12
20 121 89.89
20 122 38.08
20 123 41.79
20 124 53.54
20 125 106.51
20 126 75.54
20 127 119.04
20 128 93.65
20 129 37.16
20 130 36.14
20 131 39.62
20 132 113.64
20 133 27.29
20 134 47.76
20 135 84.08
20 136 64.41
20 137 75.58
20 138 76.06
20 139 35.51
20 140 97.58
20 141 51.86
20 142 94.85
20 143 92.03
20 144 71.45
20 145 64.85
20 146 40.46
20 147 43.57
20 148 46.65
20 149 28.64
20 150 90.61
20 151 91.97
20 152 37.0
20 153 36.22
20 154 8.6
20 155 41.76
20 156 47.93
20 157 108.47
20 158 82.3
20 159 89.1
20 160 43.19
20 161 105.12
20 162 9.06
20 163 69.12
20 164 40.45
20 165 89.2
20 166 76.42
20 167 85.76
20 168 48.76
20 169 41.05
20 170 47.43
20 171 70.66
20 172 8.54
20 173 11.31
20 174 69.12
20 175 44.6
20 176 92.36
20 177 111.04
20 178 15.0
20 179 12.17
20 180 111.23
20 181 106.51
20 182 71.81
20 183 74.32
20 184 83.86
20 185 110.02
20 186 119.82
20 187 99.09
20 188 88.26
20 189 64.4
20 190 83.19
20 191 109.17
20 192 42.15
20 193 92.59
20 194 67.45
20 195 63.06
20 196 40.8
20 197 49.93
20 198 38.05
20 199 79.26
20 200 47.2
20 201 33.02
21 0 72.4
21 1 92.66
21 2 93.49
21 3 99.18
21 4 147.09
21 5 134.47
21 6 96.77
21 7 110.22
21 8 103.08
21 9 92.91
21 10 135.09
21 11 97.74
21 12 97.02
21 13 93.15
21 14 26.57
21 15 21.47
21 16 73.11
21 17 88.81
21 18 101.24
21 19 34.66
21 20 62.29
21 22 66.61
21 23 6.71
21 24 61.98
21 25 64.07
21 26 27.89
21 27 58.24
21 28 33.02
21 29 29.21
21 30 40.61
21 31 62.13
21 32 123.63
21 33 130.12
21 34 130.6
21 35 98.27
21 36 131.53
21 37 80.96
21 38 66.12
21 39 86.53
21 40 25.5
21 41 60.0
21 42 24.19
21 43 95.88
21 44 47.42
21 45 61.35
21 46 137.77
21 47 103.48
21 48 35.9
21 49 101.43
21 50 22.47
21 51 128.1
21 52 9.0
21 53 89.59
21 54 105.17
21 55 86.98
21 56 74.43
21 57 120.97
21 58 89.44
21 59 25.08
21 60 145.17
21 61 62.82
21 62 51.66
21 63 77.06
21 64 59.91
21 65 130.61
21 66 103.7
21 67 90.14
21 68 44.69
21 69 103.08
21 70 97.19
21 71 94.58
21 72 145.69
21 73 94.59
21 74 35.51
21 75 11.18
21 76 49.82
21 77 65.01
21 78 86.82
21 79 26.17
21 80 60.13
21 81 79.71
21 82 148.52
21 83 127.31
21 84 152.03
21 85 60.07
21 86 133.56
21 87 28.02
21 88 101.24
21 89 20.88
21 90 93.74
21 91 100.6
21 92 7.07
21 93 87.09
21 94 131.03
21 95 130.42
21 96 30.02
21 97 29.41
21 98 99.05
21 99 91.26
21 100 60.88
21 101 92.2
21 102 45.97
21 103 104.56
21 104 101.71
21 105 22.14
21 106 136.65
21 107 83.22
21 108 127.35
21 109 62.63
21 110 68.03
21 111 76.0
21 112 23.6
21 113 86.83
21 114 70.06
21 115 133.75
21 116 96.34
21 117 103.25
21 118 123.75
21 119 99.05
21 120 37.01
21 121 130.14
21 122 98.23
21 123 24.7
21 124 109.44
21 125 147.8
21 126 96.8
21 127 107.0
21 128 139.46
21 129 98.27
21 130 30.89
21 131 49.5
21 132 109.9
21 133 36.4
21 134 19.72
21 135 84.48
21 136 121.4
21 137 79.48
21 138 77.49
21 139 95.34
21 140 75.33
21 141 105.51
21 142 76.03
21 143 130.82
21 144 94.05
21 145 13.0
21 146 44.55
21 147 105.8
21 148 103.58
21 149 40.25
21 150 67.19
21 151 73.01
21 152 25.71
21 153 26.08
21 154 58.46
21 155 87.13
21 156 22.2
21 157 95.0
21 158 127.44
21 159 69.01
21 160 105.48
21 161 99.85
21 162 71.34
21 163 12.08
21 164 102.7
21 165 128.7
21 166 98.18
21 167 133.0
21 168 25.5
21 169 21.38
21 170 19.24
21 171 127.68
21 172 65.03
21 173 55.79
21 174 124.66
21 175 90.74
21 176 131.52
21 177 93.26
21 178 55.97
21 179 62.64
21 180 150.66
21 181 104.56
21 182 12.81
21 183 80.62
21 184 80.28
21 185 104.69
21 186 106.08
21 187 79.16
21 188 128.0
21 189 122.0
21 190 127.14
21 191 150.63
21 192 31.83
21 193 137.0
21 194 12.37
21 195 10.05
21 196 29.21
21 197 106.1
21 198 25.3
21 199 78.45
21 200 102.39
21 201 72.4
22 0 75.03
22 1 62.8
22 2 89.44
22 3 33.14
22 4 118.6
22 5 115.41
22 6 111.62
22 7 52.2
22 8 37.34
22 9 61.98
22 10 115.57
22 11 112.54
22 12 117.17
22 13 92.2
22 14 66.37
22 15 62.61
22 16 8.6
22 17 82.2
22 18 38.48
22 19 54.04
22 20 92.96
22 21 66.61
22 23 72.25
22 24 89.02
22 25 100.45
22 26 69.12
22 27 82.01
22 28 59.2
22 29 89.89
22 30 57.98
22 31 99.7
22 32 156.71
22 33 105.02
22 34 113.75
22 35 62.64
22 36 106.23
22 37 35.74
22 38 5.0
22 39 82.98
22 40 69.84
22 41 95.48
22 42 83.57
22 43 93.74
22 44 51.4
22 45 81.27
22 46 117.09
22 47 125.22
22 48 72.8
22 49 42.8
22 50 82.87
22 51 163.68
22 52 75.54
22 53 58.69
22 54 41.79
22 55 38.91
22 56 18.79
22 57 94.59
22 58 33.3
22 59 64.5
22 60 114.02
22 61 86.61
22 62 56.3
22 63 16.28
22 64 84.2
22 65 165.02
22 66 124.34
22 67 85.51
22 68 56.73
22 69 141.99
22 70 121.8
22 71 62.37
22 72 116.71
22 73 110.17
22 74 61.07
22 75 76.11
22 76 59.41
22 77 99.82
22 78 84.17
22 79 88.54
22 80 98.29
22 81 37.11
22 82 119.27
22 83 100.42
22 84 123.37
22 85 97.58
22 86 167.52
22 87 88.02
22 88 35.06
22 89 66.64
22 90 88.12
22 91 122.09
22 92 73.44
22 93 43.66
22 94 166.15
22 95 112.87
22 96 61.85
22 97 59.08
22 98 33.54
22 99 61.66
22 100 85.0
22 101 64.5
22 102 52.63
22 103 140.0
22 104 40.82
22 105 66.19
22 106 117.55
22 107 81.74
22 108 104.14
22 109 81.54
22 110 100.12
22 111 13.45
22 112 84.76
22 113 88.32
22 114 12.65
22 115 168.07
22 116 115.39
22 117 43.83
22 118 98.49
22 119 67.68
22 120 57.38
22 121 105.76
22 122 111.79
22 123 81.54
22 124 146.21
22 125 120.81
22 126 63.79
22 127 41.77
22 128 119.85
22 129 114.24
22 130 62.43
22 131 53.82
22 132 48.76
22 133 71.22
22 134 80.32
22 135 36.25
22 136 156.47
22 137 38.83
22 138 35.69
22 139 109.0
22 140 9.22
22 141 144.81
22 142 12.21
22 143 104.55
22 144 63.95
22 145 79.51
22 146 52.5
22 147 125.72
22 148 139.2
22 149 65.8
22 150 4.12
22 151 10.63
22 152 68.96
22 153 72.95
22 154 84.65
22 155 85.38
22 156 83.49
22 157 30.36
22 158 109.77
22 159 8.54
22 160 127.01
22 161 39.66
22 162 99.4
22 163 77.1
22 164 123.44
22 165 103.81
22 166 65.0
22 167 116.73
22 168 87.6
22 169 68.88
22 170 79.38
22 171 162.54
22 172 100.5
22 173 81.69
22 174 161.6
22 175 87.86
22 176 105.51
22 177 27.07
22 178 78.41
22 179 84.05
22 180 120.9
22 181 45.8
22 182 76.01
22 183 41.77
22 184 30.46
22 185 43.42
22 186 40.31
22 187 13.6
22 188 103.59
22 189 156.16
22 190 108.05
22 191 123.33
22 192 54.41
22 193 116.1
22 194 78.23
22 195 76.66
22 196 57.69
22 197 142.61
22 198 66.73
22 199 33.24
22 200 140.09
22 201 75.03
23 0 78.24
23 1 99.3
23 2 99.3
23 3 105.04
23 4 153.48
23 5 140.58
23 6 101.24
23 7 116.71
23 8 109.0
23 9 99.57
23 10 141.23
23 11 102.2
23 12 101.0
23 13 98.79
23 14 31.76
23 15 27.2
23 16 79.01
23 17 94.81
23 18 107.47
23 19 41.04
23 20 66.1
23 21 6.71
23 22 72.25
23 24 66.22
23 25 67.07
23 26 32.7
23 27 62.97
23 28 39.05
23 29 28.64
23 30 46.75
23 31 65.03
23 32 125.78
23 33 136.47
23 34 136.65
23 35 104.96
23 36 137.89
23 37 87.6
23 38 72.01
23 39 92.42
23 40 30.08
23 41 63.29
23 42 24.74
23 43 101.55
23 44 53.91
23 45 66.31
23 46 143.93
23 47 107.2
23 48 40.5
23 49 107.87
23 50 22.8
23 51 129.88
23 52 4.24
23 53 96.25
23 54 111.36
23 55 93.61
23 56 80.75
23 57 127.4
23 58 95.9
23 59 30.53
23 60 151.64
23 61 67.36
23 62 57.98
23 63 83.22
23 64 64.51
23 65 132.52
23 66 107.52
23 67 96.02
23 68 50.93
23 69 104.74
23 70 100.72
23 71 101.24
23 72 152.11
23 73 99.04
23 74 41.4
23 75 4.47
23 76 55.97
23 77 68.18
23 78 92.66
23 79 25.06
23 80 63.03
23 81 86.38
23 82 154.94
23 83 133.73
23 84 158.42
23 85 63.07
23 86 135.48
23 87 27.86
23 88 107.07
23 89 25.94
23 90 99.62
23 91 104.39
23 92 2.24
23 93 93.78
23 94 132.83
23 95 136.5
23 96 35.81
23 97 35.47
23 98 105.0
23 99 97.91
23 100 65.46
23 101 98.81
23 102 52.4
23 103 106.68
23 104 108.05
23 105 27.29
23 106 142.76
23 107 89.05
23 108 133.66
23 109 67.62
23 110 71.45
23 111 82.05
23 112 23.41
23 113 92.44
23 114 76.24
23 115 135.64
23 116 100.44
23 117 109.66
23 118 130.14
23 119 105.68
23 120 43.19
23 121 136.47
23 122 102.79
23 123 26.17
23 124 111.31
23 125 154.15
23 126 103.46
23 127 113.02
23 128 145.58
23 129 102.62
23 130 36.62
23 131 55.9
23 132 116.25
23 133 41.23
23 134 20.4
23 135 91.09
23 136 123.32
23 137 86.16
23 138 84.15
23 139 99.93
23 140 81.1
23 141 107.08
23 142 82.01
23 143 137.21
23 144 100.69
23 145 7.62
23 146 50.99
23 147 109.66
23 148 105.68
23 149 45.79
23 150 73.03
23 151 79.03
23 152 30.46
23 153 30.08
23 154 62.94
23 155 92.91
23 156 22.14
23 157 101.04
23 158 133.54
23 159 75.03
23 160 109.18
23 161 106.21
23 162 75.13
23 163 5.39
23 164 106.53
23 165 135.06
23 166 104.85
23 167 139.01
23 168 24.6
23 169 26.0
23 170 20.22
23 171 129.55
23 172 68.12
23 173 60.41
23 174 126.3
23 175 96.52
23 176 137.9
23 177 99.08
23 178 60.93
23 179 67.42
23 180 157.08
23 181 111.0
23 182 6.4
23 183 87.32
23 184 86.83
23 185 111.02
23 186 112.0
23 187 85.02
23 188 134.35
23 189 124.04
23 190 133.3
23 191 156.98
23 192 38.21
23 193 143.18
23 194 6.0
23 195 5.66
23 196 35.38
23 197 108.05
23 198 30.41
23 199 85.07
23 200 104.24
23 201 78.24
24 0 28.0
24 1 65.49
24 2 42.95
24 3 110.6
24 4 102.96
24 5 85.23
24 6 35.11
24 7 104.55
24 8 112.65
24 9 66.61
24 10 86.09
24 11 36.06
24 12 35.13
24 13 40.31
24 14 36.06
24 15 42.01
24 16 89.83
24 17 42.45
24 18 104.96
24 19 38.28
24 20 5.1
24 21 61.98
24 22 89.02
24 23 66.22
24 25 14.32
24 26 34.23
24 27 7.07
24 28 34.93
24 29 47.8
24 30 32.2
24 31 15.03
24 32 68.43
24 33 86.16
24 34 80.45
24 35 73.68
24 36 87.46
24 37 75.18
24 38 85.15
24 39 38.6
24 40 36.5
24 41 11.05
24 42 46.14
24 43 43.05
24 44 37.64
24 45 9.49
24 46 89.19
24 47 42.01
24 48 26.17
24 49 99.28
24 50 47.89
24 51 74.95
24 52 64.2
24 53 65.12
24 54 108.91
24 55 80.06
24 56 82.33
24 57 80.08
24 58 89.19
24 59 38.01
24 60 103.46
24 61 4.0
24 62 33.24
24 63 87.86
24 64 5.0
24 65 76.54
24 66 42.01
24 67 41.44
24 68 32.45
24 69 53.08
24 70 36.35
24 71 68.59
24 72 102.16
24 73 32.89
24 74 32.02
24 75 69.26
24 76 29.73
24 77 12.65
24 78 37.95
24 79 51.04
24 80 15.03
24 81 72.47
24 82 104.79
24 83 85.38
24 84 107.35
24 85 14.04
24 86 79.18
24 87 46.62
24 88 112.8
24 89 41.3
24 90 44.38
24 91 39.0
24 92 64.56
24 93 75.77
24 94 77.52
24 95 80.78
24 96 35.23
24 97 37.48
24 98 108.81
24 99 64.63
24 100 4.47
24 101 63.29
24 102 36.4
24 103 51.04
24 104 102.47
24 105 40.2
24 106 87.13
24 107 35.17
24 108 82.46
24 109 10.2
24 110 11.4
24 111 89.14
24 112 48.88
24 113 34.44
24 114 82.73
24 115 79.65
24 116 34.37
24 117 101.52
24 118 81.27
24 119 70.11
24 120 34.18
24 121 85.62
24 122 36.77
24 123 42.94
24 124 57.2
24 125 102.42
24 126 70.46
24 127 114.28
24 128 89.89
24 129 36.4
24 130 34.23
24 131 35.38
24 132 108.69
24 133 26.02
24 134 48.75
24 135 79.18
24 136 67.74
24 137 70.66
24 138 71.2
24 139 34.01
24 140 93.38
24 141 55.9
24 142 90.52
24 143 87.66
24 144 66.37
24 145 65.55
24 146 36.62
24 147 44.05
24 148 50.22
24 149 25.96
24 150 86.56
24 151 87.68
24 152 36.35
24 153 36.14
24 154 4.47
24 155 37.34
24 156 49.24
24 157 103.81
24 158 78.39
24 159 84.9
24 160 44.01
24 161 100.24
24 162 10.77
24 163 69.57
24 164 41.01
24 165 84.86
24 166 71.34
24 167 82.1
24 168 50.48
24 169 40.61
24 170 48.33
24 171 73.93
24 172 13.6
24 173 7.62
24 174 72.67
24 175 40.31
24 176 88.02
24 177 106.53
24 178 10.63
24 179 7.07
24 180 107.02
24 181 101.55
24 182 72.12
24 183 69.35
24 184 79.08
24 185 105.12
24 186 115.11
24 187 94.76
24 188 83.93
24 189 67.6
24 190 79.18
24 191 105.1
24 192 39.56
24 193 88.68
24 194 68.01
24 195 63.57
24 196 38.64
24 197 53.6
24 198 37.12
24 199 74.43
24 200 51.09
24 201 28.0
25 0 42.11
25 1 79.76
25 2 55.08
25 3 123.71
25 4 114.83
25 5 96.18
25 6 39.7
25 7 118.68
25 8 125.94
25 9 80.89
25 10 97.08
25 11 40.46
25 12 36.24
25 13 51.87
25 14 40.8
25 15 46.84
25 16 101.98
25 17 55.58
25 18 118.6
25 19 47.43
25 20 9.22
25 21 64.07
25 22 100.45
25 23 67.07
25 24 14.32
25 26 38.33
25 27 20.62
25 28 43.05
25 29 43.66
25 30 42.52
25 31 2.24
25 32 60.44
25 33 98.37
25 34 91.24
25 35 87.97
25 36 99.62
25 37 89.0
25 38 96.88
25 39 51.62
25 40 39.81
25 41 5.0
25 42 43.93
25 43 54.42
25 44 49.68
25 45 23.77
25 46 100.22
25 47 41.11
25 48 31.02
25 49 113.22
25 50 45.89
25 51 65.92
25 52 64.28
25 53 79.43
25 54 122.59
25 55 94.02
25 56 95.21
25 57 92.96
25 58 102.88
25 59 43.01
25 60 115.8
25 61 18.25
25 62 46.04
25 63 100.6
25 64 18.97
25 65 68.01
25 66 41.79
25 67 54.13
25 68 43.86
25 69 42.19
25 70 34.21
25 71 82.87
25 72 114.16
25 73 37.54
25 74 40.5
25 75 69.35
25 76 42.2
25 77 2.24
25 78 50.8
25 79 47.43
25 80 4.12
25 81 86.33
25 82 116.71
25 83 97.98
25 84 119.04
25 85 4.0
25 86 70.84
25 87 43.01
25 88 125.92
25 89 44.91
25 90 56.75
25 91 38.63
25 92 65.12
25 93 89.89
25 94 68.71
25 95 91.71
25 96 42.05
25 97 44.72
25 98 122.04
25 99 78.92
25 100 18.68
25 101 77.52
25 102 48.17
25 103 41.79
25 104 116.28
25 105 44.15
25 106 97.94
25 107 48.37
25 108 94.56
25 109 24.52
25 110 6.4
25 111 101.67
25 112 46.32
25 113 46.57
25 114 95.13
25 115 71.17
25 116 36.36
25 117 115.45
25 118 93.86
25 119 84.29
25 120 43.6
25 121 97.72
25 122 41.77
25 123 41.44
25 124 47.42
25 125 114.02
25 126 84.72
25 127 127.77
25 128 100.62
25 129 40.0
25 130 41.15
25 131 47.8
25 132 122.65
25 133 31.78
25 134 47.52
25 135 93.04
25 136 58.87
25 137 84.58
25 138 84.97
25 139 39.6
25 140 105.48
25 141 44.94
25 142 102.94
25 143 100.0
25 144 80.62
25 145 64.78
25 146 48.1
25 147 44.01
25 148 40.85
25 149 35.0
25 150 98.29
25 151 100.0
25 152 40.02
25 153 38.33
25 154 17.46
25 155 50.01
25 156 47.07
25 157 117.05
25 158 89.55
25 159 97.0
25 160 43.01
25 161 114.04
25 162 12.21
25 163 69.46
25 164 40.85
25 165 97.12
25 166 85.59
25 167 92.59
25 168 47.13
25 169 43.57
25 170 47.38
25 171 65.19
25 172 1.41
25 173 19.72
25 174 63.07
25 175 52.63
25 176 100.28
25 177 119.4
25 178 23.71
25 179 21.38
25 180 118.93
25 181 115.55
25 182 72.34
25 183 83.38
25 184 92.66
25 185 118.97
25 186 128.47
25 187 107.17
25 188 96.17
25 189 59.14
25 190 90.62
25 191 116.62
25 192 48.02
25 193 99.81
25 194 67.6
25 195 63.39
25 196 46.07
25 197 43.86
25 198 41.48
25 199 88.12
25 200 40.71
25 201 42.11
26 0 46.69
26 1 73.74
26 2 67.48
26 3 97.74
26 4 124.02
26 5 109.6
26 6 68.88
26 7 101.12
26 8 100.88
26 9 74.33
26 10 110.31
26 11 69.86
26 12 69.35
26 13 66.61
26 14 2.83
26 15 8.54
26 16 72.92
26 17 63.64
26 18 96.1
26 19 17.12
26 20 35.01
26 21 27.89
26 22 69.12
26 23 32.7
26 24 34.23
26 25 38.33
26 27 30.36
26 28 12.0
26 29 25.32
26 30 18.68
26 31 36.69
26 32 98.76
26 33 106.83
26 34 105.42
26 35 80.65
26 36 108.23
26 37 70.03
26 38 66.65
26 39 60.88
26 40 2.83
26 41 33.73
26 42 19.92
26 43 69.4
26 44 28.44
26 45 33.62
26 46 113.15
26 47 76.06
26 48 8.06
26 49 93.54
26 50 20.62
26 51 104.06
26 52 31.38
26 53 71.47
26 54 100.22
26 55 76.01
26 56 69.64
26 57 98.47
26 58 81.74
26 59 5.0
26 60 122.89
26 61 34.93
26 62 30.08
26 63 74.0
26 64 32.02
26 65 106.25
26 66 76.16
26 67 64.44
26 68 23.09
26 69 79.71
26 70 70.01
26 71 76.22
26 72 122.8
26 73 66.71
26 74 12.37
26 75 36.24
26 76 26.83
26 77 38.83
26 78 60.96
26 79 26.25
26 80 34.79
26 81 68.0
26 82 125.6
26 83 104.62
26 84 128.84
26 85 34.48
26 86 109.11
26 87 23.35
26 88 99.96
26 89 7.07
26 90 68.01
26 91 73.11
26 92 31.3
26 93 74.17
26 94 106.89
26 95 105.38
26 96 8.06
26 97 10.44
26 98 96.77
26 99 72.45
26 100 32.98
26 101 72.62
26 102 26.48
26 103 80.01
26 104 95.19
26 105 6.0
26 106 111.73
26 107 57.38
26 108 103.71
26 109 34.93
26 110 41.3
26 111 74.09
26 112 22.47
26 113 60.22
26 114 67.42
26 115 109.42
26 116 68.59
26 117 95.63
26 118 100.8
26 119 79.85
26 120 16.12
26 121 106.67
26 122 70.34
26 123 16.49
26 124 85.44
26 125 124.33
26 126 78.43
26 127 103.85
26 128 114.56
26 129 70.41
26 130 8.0
26 131 29.12
26 132 102.83
26 133 8.54
26 134 19.72
26 135 74.06
26 136 97.08
26 137 67.03
26 138 66.01
26 139 67.45
26 140 76.03
26 141 82.35
26 142 74.85
26 143 107.8
26 144 75.03
26 145 33.6
26 146 25.32
26 147 78.23
26 148 79.06
26 149 14.21
26 150 68.0
26 151 71.69
26 152 2.24
26 153 5.1
26 154 30.59
26 155 61.07
26 156 21.93
26 157 92.05
26 158 102.53
26 159 68.03
26 160 78.06
26 161 93.06
26 162 44.0
26 163 36.72
26 164 75.17
26 165 105.42
26 166 79.71
26 167 107.63
26 168 25.3
26 169 6.71
26 170 18.87
26 171 103.41
26 172 39.05
26 173 27.89
26 174 101.02
26 175 64.66
26 176 108.41
26 177 92.48
26 178 28.23
26 179 34.79
26 180 127.8
26 181 96.42
26 182 38.91
26 183 67.19
26 184 71.45
26 185 98.15
26 186 103.74
26 187 78.79
26 188 104.64
26 189 97.42
26 190 102.55
26 191 127.14
26 192 15.52
26 193 112.45
26 194 35.51
26 195 31.06
26 196 11.7
26 197 81.93
26 198 3.16
26 199 68.12
26 200 78.55
26 201 46.69
27 0 23.54
27 1 60.07
27 2 41.05
27 3 103.6
27 4 100.65
27 5 83.82
27 6 38.64
27 7 98.08
27 8 105.68
27 9 61.13
27 10 84.63
27 11 39.62
27 12 40.05
27 13 39.05
27 14 31.78
27 15 37.48
27 16 82.76
27 17 39.4
27 18 98.11
27 19 32.02
27 20 11.66
27 21 58.24
27 22 82.01
27 23 62.97
27 24 7.07
27 25 20.62
27 26 30.36
27 28 29.15
27 29 47.38
27 30 25.63
27 31 20.88
27 32 75.18
27 33 83.63
27 34 79.2
27 35 68.18
27 36 84.97
27 37 68.43
27 38 78.1
27 39 35.78
27 40 32.89
27 41 16.49
27 42 44.82
27 43 41.87
27 44 30.61
27 45 4.47
27 46 87.66
27 47 47.38
27 48 22.47
27 49 92.61
27 50 46.4
27 51 81.84
27 52 61.33
27 53 59.41
27 54 102.08
27 55 73.41
27 56 75.29
27 57 76.9
27 58 82.37
27 59 33.54
27 60 100.72
27 61 5.1
27 62 26.17
27 63 80.81
27 64 2.24
27 65 83.35
27 66 47.17
27 67 38.95
27 68 25.55
27 69 60.14
27 70 42.2
27 71 63.13
27 72 99.73
27 73 36.5
27 74 26.17
27 75 66.31
27 76 22.67
27 77 19.24
27 78 35.36
27 79 50.25
27 80 20.4
27 81 65.74
27 82 102.42
27 83 82.46
27 84 105.19
27 85 19.42
27 86 85.96
27 87 45.97
27 88 105.8
27 89 37.36
27 90 42.19
27 91 44.28
27 92 61.47
27 93 69.29
27 94 84.38
27 95 79.4
27 96 30.02
27 97 32.02
27 98 101.83
27 99 59.14
27 100 3.16
27 101 58.01
27 102 29.41
27 103 58.01
27 104 95.71
27 105 36.14
27 106 85.8
27 107 32.2
27 108 80.06
27 109 5.83
27 110 18.44
27 111 82.07
27 112 47.63
27 113 32.8
27 114 75.66
27 115 86.45
27 116 39.0
27 117 94.85
27 118 78.39
27 119 65.01
27 120 27.89
27 121 83.19
27 122 40.02
27 123 41.4
27 124 64.2
27 125 100.34
27 126 65.07
27 127 107.38
27 128 88.6
27 129 40.31
27 130 29.02
27 131 28.32
27 132 102.04
27 133 21.84
27 134 46.87
27 135 72.45
27 136 74.63
27 137 63.98
27 138 64.41
27 139 37.11
27 140 86.31
27 141 62.97
27 142 83.45
27 143 85.0
27 144 61.03
27 145 63.06
27 146 29.68
27 147 49.09
27 148 57.2
27 149 20.1
27 150 79.51
27 151 80.61
27 152 32.57
27 153 33.11
27 154 3.16
27 155 34.99
27 156 47.8
27 157 96.83
27 158 76.84
27 159 77.83
27 160 49.37
27 161 93.48
27 162 17.49
27 163 66.71
27 164 46.17
27 165 82.29
27 166 66.03
27 167 81.06
27 168 49.58
27 169 37.0
27 170 46.32
27 171 80.78
27 172 20.12
27 173 2.83
27 174 79.63
27 175 38.28
27 176 85.43
27 177 99.49
27 178 3.61
27 179 4.47
27 180 104.66
27 181 94.94
27 182 69.08
27 183 62.77
27 184 72.2
27 185 98.39
27 186 108.17
27 187 87.69
27 188 81.39
27 189 74.43
27 190 77.39
27 191 103.08
27 192 33.54
27 193 87.09
27 194 65.31
27 195 60.84
27 196 33.06
27 197 60.61
27 198 32.98
27 199 67.6
27 200 58.14
27 201 23.54
28 0 39.45
28 1 62.65
28 2 60.54
28 3 86.54
28 4 114.77
28 5 101.53
28 6 67.12
28 7 89.14
28 8 89.54
28 9 63.16
28 10 102.18
28 11 68.12
28 12 69.18
28 13 60.37
28 14 10.2
28 15 12.04
28 16 62.27
28 17 55.8
28 18 84.4
28 19 5.39
28 20 37.34
28 21 33.02
28 22 59.2
28 23 39.05
28 24 34.93
28 25 43.05
28 26 12.0
28 27 29.15
28 29 37.22
28 30 7.81
28 31 41.88
28 32 102.69
28 33 97.67
28 34 97.62
28 35 69.29
28 36 99.09
28 37 58.03
28 38 56.3
28 39 53.54
28 40 14.14
28 41 38.08
28 42 31.58
28 43 63.06
28 44 16.76
28 45 31.02
28 46 104.89
28 47 76.53
28 48 13.6
28 49 81.61
28 50 32.02
28 51 108.69
28 52 38.9
28 53 60.17
28 54 88.53
28 55 64.01
28 56 58.19
28 57 88.87
28 58 69.87
28 59 9.85
28 60 113.23
28 61 34.23
28 62 19.42
28 63 62.77
28 64 31.26
28 65 110.57
28 66 76.32
28 67 57.14
28 68 12.21
28 69 85.23
28 70 71.2
28 71 65.0
28 72 113.45
28 73 65.07
28 74 3.0
28 75 43.19
28 76 16.97
28 77 42.94
28 78 53.85
28 79 37.85
28 80 40.22
28 81 56.0
28 82 116.28
28 83 95.13
28 84 119.67
28 85 39.66
28 86 113.32
28 87 35.23
28 88 88.77
28 89 14.76
28 90 60.75
28 91 73.44
28 92 38.21
28 93 62.2
28 94 111.4
28 95 97.45
28 96 4.12
28 97 3.61
28 98 85.44
28 99 61.33
28 100 32.25
28 101 61.72
28 102 14.87
28 103 84.53
28 104 83.36
28 105 13.42
28 106 103.71
28 107 50.25
28 108 94.76
28 109 32.06
28 110 44.38
28 111 63.07
28 112 33.96
28 113 54.13
28 114 56.36
28 115 113.72
28 116 68.07
28 117 83.73
28 118 91.44
28 119 68.88
28 120 4.47
28 121 97.62
28 122 68.26
28 123 28.28
28 124 90.35
28 125 115.31
28 126 67.23
28 127 92.35
28 128 106.53
28 129 69.03
28 130 4.0
28 131 17.89
28 132 90.93
28 133 12.04
28 134 30.68
28 135 62.07
28 136 101.55
28 137 55.04
28 138 54.01
28 139 65.28
28 140 65.51
28 141 87.98
28 142 63.95
28 143 98.49
28 144 63.98
28 145 41.87
28 146 13.6
28 147 78.23
28 148 83.63
28 149 9.06
28 150 57.69
28 151 60.83
28 152 13.15
28 153 17.03
28 154 30.59
28 155 54.2
28 156 33.24
28 157 80.65
28 158 94.49
28 159 57.31
28 160 78.52
28 161 81.22
28 162 45.61
28 163 43.86
28 164 75.33
28 165 96.26
28 166 68.54
28 167 100.0
28 168 36.88
28 169 16.16
28 170 29.73
28 171 107.84
28 172 43.42
28 173 27.46
28 174 106.0
28 175 57.8
28 176 99.16
28 177 81.44
28 178 26.02
28 179 33.02
28 180 118.44
28 181 84.48
28 182 45.45
28 183 55.23
28 184 59.54
28 185 86.31
28 186 92.36
28 187 68.0
28 188 95.52
28 189 101.64
28 190 94.26
28 191 118.14
28 192 5.0
28 193 104.14
28 194 43.14
28 195 38.95
28 196 4.12
28 197 86.77
28 198 11.4
28 199 56.14
28 200 83.73
28 201 39.45
29 0 68.51
29 1 98.67
29 2 88.09
29 3 120.54
29 4 146.73
29 5 130.87
29 6 81.99
29 7 126.0
29 8 123.98
29 9 99.33
29 10 131.65
29 11 82.86
29 12 79.71
29 13 86.37
29 14 27.07
29 15 28.28
29 16 94.92
29 17 85.45
29 18 120.07
29 19 42.05
29 20 45.79
29 21 29.21
29 22 89.89
29 23 28.64
29 24 47.8
29 25 43.66
29 26 25.32
29 27 47.38
29 28 37.22
29 30 43.93
29 31 41.44
29 32 99.02
29 33 129.54
29 34 126.37
29 35 105.77
29 36 130.92
29 37 95.02
29 38 88.23
29 39 82.2
29 40 23.09
29 41 41.15
29 42 6.32
29 43 89.2
29 44 53.76
29 45 51.66
29 46 134.63
29 47 84.76
29 48 28.64
29 49 118.15
29 50 7.21
29 51 102.49
29 52 24.7
29 53 96.57
29 54 124.17
29 55 101.04
29 56 93.21
29 57 121.8
29 58 106.23
29 59 28.0
29 60 146.12
29 61 50.33
29 62 55.08
29 63 97.08
29 64 48.1
29 65 105.3
29 66 85.44
29 67 85.6
29 68 48.27
29 69 77.32
29 70 77.79
29 71 101.24
29 72 145.65
29 73 79.76
29 74 37.66
29 75 29.12
29 76 51.55
29 77 45.31
29 78 82.01
29 79 4.0
29 80 39.56
29 81 93.09
29 82 148.41
29 83 127.77
29 84 151.43
29 85 39.92
29 86 108.3
29 87 2.0
29 88 122.72
29 89 24.19
29 90 89.02
29 91 82.28
29 92 26.4
29 93 99.41
29 94 105.48
29 95 126.51
29 96 33.14
29 97 35.01
29 98 119.85
29 99 97.42
29 100 48.84
29 101 97.41
29 102 51.79
29 103 80.0
29 104 119.51
29 105 25.08
29 106 132.91
29 107 78.6
29 108 126.19
29 109 53.08
29 110 49.24
29 111 96.77
29 112 5.66
29 113 80.06
29 114 90.24
29 115 108.37
29 116 79.62
29 117 120.2
29 118 123.82
29 119 104.68
29 120 41.44
29 121 129.25
29 122 83.86
29 123 9.0
29 124 84.15
29 125 146.73
29 126 103.45
29 127 127.28
29 128 135.72
29 129 82.76
29 130 33.24
29 131 54.34
29 132 127.32
29 133 30.46
29 134 10.0
29 135 99.01
29 136 96.19
29 137 92.2
29 138 91.05
29 139 81.3
29 140 97.72
29 141 79.51
29 142 97.27
29 143 130.7
29 144 99.93
29 145 23.54
29 146 50.64
29 147 87.66
29 148 79.0
29 149 38.28
29 150 89.49
29 151 94.11
29 152 24.08
29 153 20.22
29 154 46.01
29 155 81.84
29 156 7.07
29 157 115.32
29 158 123.85
29 159 90.25
29 160 86.65
29 161 117.43
29 162 54.12
29 163 28.86
29 164 84.5
29 165 128.16
29 166 104.69
29 167 128.32
29 168 4.12
29 169 22.09
29 170 10.82
29 171 102.31
29 172 44.94
29 173 44.55
29 174 98.73
29 175 85.28
29 176 131.23
29 177 114.98
29 178 46.86
29 179 51.62
29 180 150.63
29 181 121.1
29 182 32.02
29 183 92.44
29 184 96.08
29 185 122.49
29 186 126.91
29 187 100.96
29 188 127.32
29 189 97.08
29 190 124.2
29 191 149.51
29 192 40.0
29 193 134.01
29 194 26.68
29 195 23.41
29 196 36.0
29 197 81.06
29 198 26.02
29 199 93.0
29 200 77.1
29 201 68.51
30 0 32.2
30 1 55.15
30 2 53.24
30 3 83.19
30 4 106.96
30 5 93.86
30 6 62.03
30 7 83.6
30 8 85.91
30 9 55.71
30 10 94.49
30 11 63.03
30 12 64.94
30 13 53.31
30 14 17.46
30 15 19.85
30 16 60.0
30 17 48.26
30 18 80.01
30 19 7.07
30 20 35.51
30 21 40.61
30 22 57.98
30 23 46.75
30 24 32.2
30 25 42.52
30 26 18.68
30 27 25.63
30 28 7.81
30 29 43.93
30 31 41.73
30 32 100.62
30 33 89.87
30 34 90.0
30 35 61.98
30 36 91.29
30 37 52.47
30 38 54.56
30 39 46.14
30 40 21.19
30 41 37.54
30 42 38.6
30 43 55.95
30 44 10.0
30 45 26.48
30 46 97.19
30 47 72.57
30 48 17.26
30 49 76.49
30 50 39.22
30 51 107.04
30 52 46.69
30 53 52.81
30 54 84.12
30 55 58.31
30 56 54.56
30 57 81.06
30 58 65.0
30 59 17.49
30 60 105.42
30 61 30.68
30 62 11.66
30 63 59.54
30 64 27.86
30 65 108.71
30 66 72.18
30 67 49.74
30 68 4.47
30 69 84.4
30 70 67.72
30 71 57.58
30 72 105.65
30 73 60.07
30 74 6.32
30 75 50.93
30 76 9.22
30 77 42.01
30 78 46.53
30 79 44.92
30 80 40.31
30 81 50.25
30 82 108.47
30 83 87.32
30 84 111.87
30 85 39.6
30 86 111.36
30 87 41.98
30 88 85.42
30 89 22.47
30 90 53.34
30 91 69.43
30 92 45.97
30 93 56.0
30 94 109.66
30 95 89.81
30 96 11.66
30 97 11.31
30 98 81.86
30 99 53.85
30 100 28.79
30 101 54.13
30 102 8.0
30 103 83.01
30 104 78.59
30 105 21.1
30 106 96.05
30 107 42.94
30 108 86.98
30 109 27.29
30 110 42.72
30 111 60.21
30 112 41.11
30 113 47.17
30 114 53.54
30 115 111.83
30 116 63.64
30 117 78.64
30 118 83.63
30 119 61.33
30 120 3.61
30 121 89.83
30 122 63.0
30 123 35.17
30 124 89.04
30 125 107.52
30 126 59.81
30 127 88.39
30 128 98.86
30 129 64.12
30 130 11.18
30 131 10.44
30 132 85.91
30 133 15.3
30 134 38.08
30 135 56.57
30 136 99.85
30 137 49.09
30 138 48.37
30 139 60.0
30 140 63.41
30 141 87.2
30 142 61.29
30 143 90.69
30 144 56.46
30 145 49.68
30 146 7.07
30 147 73.98
30 148 82.15
30 149 8.06
30 150 55.97
30 151 58.25
30 152 20.25
30 153 23.77
30 154 27.73
30 155 46.96
30 156 40.5
30 157 76.97
30 158 86.83
30 159 55.0
30 160 74.53
30 161 76.4
30 162 42.95
30 163 51.62
30 164 71.2
30 165 88.46
30 166 61.1
30 167 92.42
30 168 43.97
30 169 23.71
30 170 37.16
30 171 106.07
30 172 42.64
30 173 24.6
30 174 104.62
30 175 50.54
30 176 91.35
30 177 78.39
30 178 22.14
30 179 28.86
30 180 110.63
30 181 79.25
30 182 53.15
30 183 49.0
30 184 54.57
30 185 81.49
30 186 88.64
30 187 65.46
30 188 87.73
30 189 99.76
30 190 86.56
30 191 110.34
30 192 9.49
30 193 96.43
30 194 50.93
30 195 46.75
30 196 11.4
30 197 85.44
30 198 18.79
30 199 50.8
30 200 82.66
30 201 32.2
31 0 43.01
31 1 80.5
31 2 56.61
31 3 123.42
31 4 116.46
31 5 97.94
31 6 41.87
31 7 118.93
31 8 125.72
31 9 81.61
31 10 98.84
31 11 42.64
31 12 38.47
31 13 53.49
31 14 39.22
31 15 45.22
31 16 101.41
31 17 56.89
31 18 118.53
31 19 46.4
31 20 10.0
31 21 62.13
31 22 99.7
31 23 65.03
31 24 15.03
31 25 2.24
31 26 36.69
31 27 20.88
31 28 41.88
31 29 41.44
31 30 41.73
31 32 62.1
31 33 99.93
31 34 93.02
31 35 88.68
31 36 101.19
31 37 89.05
31 38 96.21
31 39 52.95
31 40 38.08
31 41 4.47
31 42 41.77
31 43 56.08
31 44 49.2
31 45 24.33
31 46 101.98
31 47 43.32
31 48 29.55
31 49 113.32
31 50 43.74
31 51 67.42
31 52 62.2
31 53 80.06
31 54 122.54
31 55 94.15
31 56 94.87
31 57 94.37
31 58 102.86
31 59 41.44
31 60 117.34
31 61 19.03
31 62 45.79
31 63 100.21
31 64 19.42
31 65 69.57
31 66 44.01
31 67 55.54
31 68 43.28
31 69 43.42
31 70 36.4
31 71 83.6
31 72 115.77
31 73 39.7
31 74 39.41
31 75 67.27
31 76 41.88
31 77 4.24
31 78 52.17
31 79 45.22
31 80 2.0
31 81 86.41
31 82 118.33
31 83 99.46
31 84 120.7
31 85 2.24
31 86 72.42
31 87 40.8
31 88 125.64
31 89 43.17
31 90 58.24
31 91 40.85
31 92 63.07
31 93 90.14
31 94 70.23
31 95 93.47
31 96 40.71
31 97 43.42
31 98 121.79
31 99 79.63
31 100 19.24
31 101 78.31
31 102 47.63
31 103 43.32
31 104 116.3
31 105 42.45
31 106 99.73
31 107 49.65
31 108 96.14
31 109 25.18
31 110 8.49
31 111 101.21
31 112 44.15
31 113 48.08
31 114 94.64
31 115 72.73
31 116 38.59
31 117 115.55
31 118 95.34
31 119 85.15
31 120 42.64
31 121 99.3
31 122 43.93
31 123 39.32
31 124 48.85
31 125 115.69
31 126 85.48
31 127 127.63
31 128 102.42
31 129 42.2
31 130 39.82
31 131 47.43
31 132 122.77
31 133 30.41
31 134 45.4
31 135 93.11
31 136 60.41
31 137 84.69
31 138 85.0
31 139 41.73
31 140 104.89
31 141 46.14
31 142 102.45
31 143 101.53
31 144 81.39
31 145 62.65
31 146 47.51
31 147 46.24
31 148 42.38
31 149 34.06
31 150 97.62
31 151 99.49
31 152 38.33
31 153 36.5
31 154 17.72
31 155 51.42
31 156 44.91
31 157 116.81
31 158 91.29
31 159 96.43
31 160 45.22
31 161 114.06
31 162 14.21
31 163 67.36
31 164 43.08
31 165 98.67
31 166 86.37
31 167 94.41
31 168 44.92
31 169 41.77
31 170 45.28
31 171 66.73
31 172 3.61
31 173 19.7
31 174 64.47
31 175 54.12
31 176 101.83
31 177 119.04
31 178 23.77
31 179 22.09
31 180 120.55
31 181 115.69
31 182 70.26
31 183 83.57
31 184 92.59
31 185 119.01
31 186 128.28
31 187 106.67
31 188 97.72
31 189 60.73
31 190 92.31
31 191 118.31
31 192 46.87
31 193 101.55
31 194 65.49
31 195 61.29
31 196 44.78
31 197 45.31
31 198 39.85
31 199 88.1
31 200 42.05
31 201 43.01
32 0 84.86
32 1 118.22
32 2 82.15
32 3 174.77
32 4 126.44
32 5 105.38
32 6 51.31
32 7 162.43
32 8 176.08
32 9 119.62
32 10 106.37
32 11 50.77
32 12 42.8
32 13 77.7
32 14 101.24
32 15 107.28
32 16 156.6
32 17 87.66
32 18 166.93
32 19 106.51
32 20 65.39
32 21 123.63
32 22 156.71
32 23 125.78
32 24 68.43
32 25 60.44
32 26 98.76
32 27 75.18
32 28 102.69
32 29 99.02
32 30 100.62
32 31 62.1
32 33 114.73
32 34 100.62
32 35 125.92
32 36 115.45
32 37 137.18
32 38 152.55
32 39 84.4
32 40 100.17
32 41 65.15
32 42 101.32
32 43 78.39
32 44 105.48
32 45 75.47
32 46 109.18
32 47 35.51
32 48 91.39
32 49 159.45
32 50 103.31
32 51 8.54
32 52 122.49
32 53 119.81
32 54 170.53
32 55 140.8
32 56 147.76
32 57 114.83
32 58 151.33
32 59 103.45
32 60 130.42
32 61 70.33
32 62 100.4
32 63 153.53
32 64 72.95
32 65 8.49
32 66 37.22
32 67 84.31
32 68 100.72
32 69 22.56
32 70 36.07
32 71 121.25
32 72 126.75
32 73 51.61
32 74 99.92
32 75 127.39
32 76 97.42
32 77 60.08
32 78 83.01
32 79 103.02
32 80 64.03
32 81 134.35
32 82 128.41
32 83 117.05
32 84 128.88
32 85 64.29
32 86 10.82
32 87 99.08
32 88 176.87
32 89 105.26
32 90 84.38
32 91 38.01
32 92 123.69
32 93 135.28
32 94 10.0
32 95 101.79
32 96 102.18
32 97 104.75
32 98 172.59
32 99 118.0
32 100 72.07
32 101 115.43
32 102 104.45
32 103 19.1
32 104 163.53
32 105 104.55
32 106 106.07
32 107 83.24
32 108 110.86
32 109 75.17
32 110 58.31
32 111 155.24
32 112 103.17
32 113 77.2
32 114 149.2
32 115 11.4
32 116 45.0
32 117 161.62
32 118 113.53
32 119 120.11
32 120 102.46
32 121 113.51
32 122 52.48
32 123 99.61
32 124 15.3
32 125 124.04
32 126 122.32
32 127 176.8
32 128 107.79
32 129 48.55
32 130 101.24
32 131 102.93
32 132 168.24
32 133 92.03
32 134 105.48
32 135 140.73
32 136 5.0
32 137 132.23
32 138 133.66
32 139 54.08
32 140 160.21
32 141 21.19
32 142 156.82
32 143 116.91
32 144 118.46
32 145 122.2
32 146 104.81
32 147 37.12
32 148 20.1
32 149 94.02
32 150 153.94
32 151 154.2
32 152 100.42
32 153 98.49
32 154 72.9
32 155 81.61
32 156 104.24
32 157 167.66
32 158 101.41
32 159 151.82
32 160 34.48
32 161 161.38
32 162 57.71
32 163 127.32
32 164 37.74
32 165 114.02
32 166 122.59
32 167 100.13
32 168 103.04
32 169 103.81
32 170 105.57
32 171 6.71
32 172 59.77
32 173 76.03
32 174 10.05
32 175 81.54
32 176 116.66
32 177 171.49
32 178 78.77
32 179 72.72
32 180 130.25
32 181 161.07
32 182 130.38
32 183 130.14
32 184 142.17
32 185 165.76
32 186 178.19
32 187 161.03
32 188 113.05
32 189 2.83
32 190 103.81
32 191 125.78
32 192 107.54
32 193 109.33
32 194 125.26
32 195 121.41
32 196 106.04
32 197 18.03
32 198 101.92
32 199 137.21
32 200 22.09
32 201 84.86
33 0 61.06
33 1 42.72
33 2 43.32
33 3 99.32
33 4 17.2
33 5 13.89
33 6 68.01
33 7 73.01
33 8 97.74
33 9 43.32
33 10 13.42
33 11 68.03
33 12 77.06
33 13 46.57
33 14 106.53
33 15 109.71
33 16 98.66
33 17 44.29
33 18 86.58
33 19 95.46
33 20 90.48
33 21 130.12
33 22 105.02
33 23 136.47
33 24 86.16
33 25 98.37
33 26 106.83
33 27 83.63
33 28 97.67
33 29 129.54
33 30 89.87
33 31 99.93
33 32 114.73
33 34 16.28
33 35 42.58
33 36 1.41
33 37 69.43
33 38 100.17
33 39 47.85
33 40 109.64
33 41 96.8
33 42 125.67
33 43 44.15
33 44 82.81
33 45 79.16
33 46 13.34
33 47 81.61
33 48 101.26
33 49 76.53
33 50 126.83
33 51 123.23
33 52 136.56
33 53 46.82
33 54 88.12
33 55 67.48
33 56 86.68
33 57 10.44
33 58 77.06
33 59 107.06
33 60 17.46
33 61 82.46
33 62 78.49
33 63 91.08
33 64 83.67
33 65 122.12
33 66 79.63
33 67 44.78
33 68 85.59
33 69 116.21
33 70 85.09
33 71 42.72
33 72 16.12
33 73 69.01
33 74 95.67
33 75 140.73
33 76 80.72
33 77 96.17
33 78 48.33
33 79 131.75
33 80 100.57
33 81 67.91
33 82 18.87
33 83 5.1
33 84 22.02
33 85 99.62
33 86 123.02
33 87 127.86
33 88 100.5
33 89 112.04
33 90 41.79
33 91 80.31
33 92 135.79
33 93 61.81
33 94 124.04
33 95 14.87
33 96 101.32
33 97 101.18
33 98 96.33
33 99 44.01
33 100 83.26
33 101 41.63
33 102 84.17
33 103 109.46
33 104 81.61
33 105 110.63
33 106 15.23
33 107 51.43
33 108 4.0
33 109 77.82
33 110 92.44
33 111 94.2
33 112 128.46
33 113 51.87
33 114 92.42
33 115 123.97
33 116 75.03
33 117 77.78
33 118 6.71
33 119 37.36
33 120 93.38
33 121 1.41
33 122 66.03
33 123 122.07
33 124 114.86
33 125 17.69
33 126 41.23
33 127 95.35
33 128 16.49
33 129 70.06
33 130 100.66
33 131 80.62
33 132 81.02
33 133 99.62
33 134 126.4
33 135 69.72
33 136 117.9
33 137 66.22
33 138 69.38
33 139 66.01
33 140 101.27
33 141 118.34
33 142 96.18
33 143 2.24
33 144 41.44
33 145 139.52
33 146 85.59
33 147 78.92
33 148 109.37
33 149 92.62
33 150 100.9
33 151 95.71
33 152 108.85
33 153 111.4
33 154 85.91
33 155 48.85
33 156 128.22
33 157 93.09
33 158 13.89
33 159 96.54
33 160 81.88
33 161 80.4
33 162 86.83
33 163 141.45
33 164 79.51
33 165 1.41
33 166 40.02
33 167 18.44
33 168 130.92
33 169 112.93
33 170 125.6
33 171 121.3
33 172 97.12
33 173 86.31
33 174 124.2
33 175 45.88
33 176 2.0
33 177 100.02
33 178 83.24
33 179 80.11
33 180 21.1
33 181 75.95
33 182 142.84
33 183 63.32
33 184 75.13
33 185 82.04
33 186 98.15
33 187 98.73
33 188 2.24
33 189 116.18
33 190 11.18
33 191 20.52
33 192 98.29
33 193 12.37
33 194 140.8
33 195 136.62
33 196 101.14
33 197 112.54
33 198 107.94
33 199 71.81
33 200 113.22
33 201 61.06
34 0 58.73
34 1 51.09
34 2 38.29
34 3 111.8
34 4 26.02
34 5 5.1
34 6 56.89
34 7 86.98
34 8 110.63
34 9 52.04
34 10 6.08
34 11 56.72
34 12 65.49
34 13 40.22
34 14 105.55
34 15 109.48
34 16 108.17
34 17 41.87
34 18 99.46
34 19 96.26
34 20 84.22
34 21 130.6
34 22 113.75
34 23 136.65
34 24 80.45
34 25 91.24
34 26 105.42
34 27 79.2
34 28 97.62
34 29 126.37
34 30 90.0
34 31 93.02
34 32 100.62
34 33 16.28
34 35 53.24
34 36 16.4
34 37 79.03
34 38 108.78
34 39 44.55
34 40 108.25
34 41 90.43
34 42 123.17
34 43 37.44
34 44 84.38
34 45 74.81
34 46 9.22
34 47 69.01
34 48 99.01
34 49 89.5
34 50 124.52
34 51 109.04
34 52 136.24
34 53 55.15
34 54 101.39
34 55 78.1
34 56 96.13
34 57 22.85
34 58 88.46
34 59 106.4
34 60 29.83
34 61 77.1
34 62 79.32
34 63 101.02
34 64 78.82
34 65 107.71
34 66 67.01
34 67 41.01
34 68 86.02
34 69 104.08
34 70 73.33
34 71 52.0
34 72 26.17
34 73 58.25
34 74 95.27
34 75 140.72
34 76 80.8
34 77 89.0
34 78 44.55
34 79 128.97
34 80 93.94
34 81 77.1
34 82 28.02
34 83 20.62
34 84 29.15
34 85 93.06
34 86 108.42
34 87 124.84
34 88 113.16
34 89 111.29
34 90 37.48
34 91 68.12
34 92 135.72
34 93 72.03
34 94 109.66
34 95 1.41
34 96 100.9
34 97 101.21
34 98 108.85
34 99 52.15
34 100 78.24
34 101 49.25
34 102 85.44
34 103 97.01
34 104 94.59
34 105 109.88
34 106 6.71
34 107 48.08
34 108 13.6
34 109 73.41
34 110 85.0
34 111 104.04
34 112 125.99
34 113 46.4
34 114 101.4
34 115 109.38
34 116 63.64
34 117 90.96
34 118 19.24
34 119 47.04
34 120 93.6
34 121 14.87
34 122 54.74
34 123 119.6
34 124 102.04
34 125 24.08
34 126 51.04
34 127 108.67
34 128 9.43
34 129 58.55
34 130 100.12
34 131 81.84
34 132 94.87
34 133 97.58
34 134 124.46
34 135 80.02
34 136 104.09
34 137 75.17
34 138 78.23
34 139 55.32
34 140 111.07
34 141 106.02
34 142 106.04
34 143 18.44
34 144 50.04
34 145 138.85
34 146 86.82
34 147 66.01
34 148 97.02
34 149 91.35
34 150 109.66
34 151 105.17
34 152 107.56
34 153 109.6
34 154 81.02
34 155 44.6
34 156 125.94
34 157 105.22
34 158 4.0
34 159 105.48
34 160 69.01
34 161 93.17
34 162 79.2
34 163 141.35
34 164 67.03
34 165 16.28
34 166 50.09
34 167 3.0
34 168 128.22
34 169 111.87
34 170 123.75
34 171 107.08
34 172 89.9
34 173 82.01
34 174 110.32
34 175 41.11
34 176 17.8
34 177 111.88
34 178 79.51
34 179 75.21
34 180 30.0
34 181 89.29
34 182 143.06
34 183 72.17
34 184 85.01
34 185 95.34
34 186 111.32
34 187 109.0
34 188 15.62
34 189 102.26
34 190 6.32
34 191 26.31
34 192 99.05
34 193 9.06
34 194 140.46
34 195 136.12
34 196 101.4
34 197 100.0
34 198 106.96
34 199 81.1
34 200 101.08
34 201 58.73
35 0 46.1
35 1 8.25
35 2 44.05
35 3 58.94
35 4 56.08
35 5 54.0
35 6 74.63
35 7 37.64
35 8 58.19
35 9 7.07
35 10 54.01
35 11 75.21
35 12 83.22
35 13 48.41
35 14 79.38
35 15 80.62
35 16 56.09
35 17 38.28
35 18 47.17
35 19 65.39
35 20 78.77
35 21 98.27
35 22 62.64
35 23 104.96
35 24 73.68
35 25 87.97
35 26 80.65
35 27 68.18
35 28 69.29
35 29 105.77
35 30 61.98
35 31 88.68
35 32 125.92
35 33 42.58
35 34 53.24
35 36 43.74
35 37 26.93
35 38 57.87
35 39 41.68
35 40 83.17
35 41 84.48
35 42 100.58
35 43 48.17
35 44 52.55
35 45 64.38
35 46 55.15
35 47 90.44
35 48 77.67
35 49 37.58
35 50 101.19
35 51 134.24
35 52 106.07
35 53 9.22
35 54 49.66
35 55 25.02
35 56 44.15
35 57 32.25
35 58 35.23
35 59 79.12
35 60 51.88
35 61 69.72
35 62 50.7
35 63 48.51
35 64 69.35
35 65 134.27
35 66 88.81
35 67 41.62
35 68 57.57
35 69 119.51
35 70 90.55
35 71 5.1
35 72 54.23
35 73 74.33
35 74 68.31
35 75 109.42
35 76 54.34
35 77 86.15
35 78 43.05
35 79 106.9
35 80 88.46
35 81 25.63
35 82 56.86
35 83 37.85
35 84 60.93
35 85 87.46
35 86 136.01
35 87 103.85
35 88 60.44
35 89 83.93
35 90 41.87
35 91 87.92
35 92 104.81
35 93 19.24
35 94 135.92
35 95 52.15
35 96 73.39
35 97 72.24
35 98 56.04
35 99 9.06
35 100 69.46
35 101 10.77
35 102 54.42
35 103 114.49
35 104 42.54
35 105 82.64
35 106 56.01
35 107 43.38
35 108 42.11
35 109 63.51
35 110 83.74
35 111 51.62
35 112 103.09
35 113 48.88
35 114 50.0
35 115 136.82
35 116 80.99
35 117 39.36
35 118 36.22
35 119 6.71
35 120 64.85
35 121 43.42
35 122 73.6
35 123 97.12
35 124 120.77
35 125 58.19
35 126 3.61
35 127 56.86
35 128 58.08
35 129 77.42
35 130 73.05
35 131 51.55
35 132 44.65
35 133 75.71
35 134 99.96
35 135 27.17
35 136 127.62
35 137 24.17
35 138 27.31
35 139 71.85
35 140 58.69
35 141 122.16
35 142 53.6
35 143 41.98
35 144 7.62
35 145 109.59
35 146 55.71
35 147 89.2
35 148 114.04
35 149 67.68
35 150 58.52
35 151 53.15
35 152 82.22
35 153 85.73
35 154 71.25
35 155 44.42
35 156 102.46
35 157 52.17
35 158 49.25
35 159 54.12
35 160 91.61
35 161 40.85
35 162 79.56
35 163 110.28
35 164 88.23
35 165 41.44
35 166 3.61
35 167 56.22
35 168 105.95
35 169 85.44
35 170 99.02
35 171 132.57
35 172 87.13
35 173 70.06
35 174 133.78
35 175 44.41
35 176 42.95
35 177 58.69
35 178 66.03
35 179 66.61
35 180 58.6
35 181 38.08
35 182 110.98
35 183 21.47
35 184 32.56
35 185 43.83
35 186 59.24
35 187 56.22
35 188 41.3
35 189 126.48
35 190 47.1
35 191 60.75
35 192 68.03
35 193 54.15
35 194 110.15
35 195 106.47
35 196 71.69
35 197 117.62
35 198 80.65
35 199 29.41
35 200 116.78
35 201 46.1
36 0 62.43
36 1 44.01
36 2 44.6
36 3 100.24
36 4 15.81
36 5 13.6
36 6 69.0
36 7 73.76
36 8 98.62
36 9 44.6
36 10 13.04
36 11 69.01
36 12 78.03
36 13 47.8
36 14 107.94
36 15 111.13
36 16 99.82
36 17 45.65
36 18 87.46
36 19 96.88
36 20 91.76
36 21 131.53
36 22 106.23
36 23 137.89
36 24 87.46
36 25 99.62
36 26 108.23
36 27 84.97
36 28 99.09
36 29 130.92
36 30 91.29
36 31 101.19
36 32 115.45
36 33 1.41
36 34 16.4
36 35 43.74
36 37 70.61
36 38 101.39
36 39 49.19
36 40 111.04
36 41 98.08
36 42 127.06
36 43 45.35
36 44 84.22
36 45 80.5
36 46 12.65
36 47 82.49
36 48 102.65
36 49 77.41
36 50 128.22
36 51 123.94
36 52 137.97
36 53 48.1
36 54 88.96
36 55 68.59
36 56 87.86
36 57 11.7
36 58 78.1
36 59 108.47
36 60 16.28
36 61 83.77
36 62 79.91
36 63 92.23
36 64 85.0
36 65 122.8
36 66 80.5
36 67 46.1
36 68 87.0
36 69 117.15
36 70 86.05
36 71 43.97
36 72 14.76
36 73 70.03
36 74 97.08
36 75 142.14
36 76 82.13
36 77 97.42
36 78 49.66
36 79 133.14
36 80 101.84
36 81 69.12
36 82 17.49
36 83 6.0
36 84 20.62
36 85 100.9
36 86 123.66
36 87 129.25
36 88 101.4
36 89 113.45
36 90 43.08
36 91 81.22
36 92 137.21
36 93 62.97
36 94 124.72
36 95 15.0
36 96 102.73
36 97 102.59
36 98 97.25
36 99 45.31
36 100 84.58
36 101 42.95
36 102 85.59
36 103 110.37
36 104 82.49
36 105 112.04
36 106 14.76
36 107 52.77
36 108 5.1
36 109 79.16
36 110 93.68
36 111 95.35
36 112 129.85
36 113 53.14
36 114 93.62
36 115 124.62
36 116 76.01
36 117 78.64
36 118 8.06
36 119 38.6
36 120 94.79
36 121 2.0
36 122 67.01
36 123 123.46
36 124 115.73
36 125 16.28
36 126 42.45
36 127 96.18
36 128 15.81
36 129 71.03
36 130 102.07
36 131 82.04
36 132 81.79
36 133 101.02
36 134 127.8
36 135 70.86
36 136 118.66
36 137 67.45
36 138 70.6
36 139 67.03
36 140 102.42
36 141 119.27
36 142 97.32
36 143 2.24
36 144 42.72
36 145 140.93
36 146 87.0
36 147 79.76
36 148 110.29
36 149 94.02
36 150 102.11
36 151 96.88
36 152 110.26
36 153 112.8
36 154 87.24
36 155 50.16
36 156 129.62
36 157 94.05
36 158 14.32
36 159 97.74
36 160 82.73
36 161 81.3
36 162 88.06
36 163 142.86
36 164 80.4
36 165 2.83
36 166 41.23
36 167 18.38
36 168 132.31
36 169 114.34
36 170 127.0
36 171 122.0
36 172 98.37
36 173 87.66
36 174 124.95
36 175 47.17
36 176 1.41
36 177 101.0
36 178 84.6
36 179 81.44
36 180 19.72
36 181 76.79
36 182 144.25
36 183 64.56
36 184 76.3
36 185 82.87
36 186 98.99
36 187 99.85
36 188 3.61
36 189 116.93
36 190 11.7
36 191 19.1
36 192 99.7
36 193 11.7
36 194 142.21
36 195 138.03
36 196 102.55
36 197 113.44
36 198 109.34
36 199 73.01
36 200 114.16
36 201 62.43
37 0 52.35
37 1 28.02
37 2 60.37
37 3 38.01
37 4 82.87
37 5 80.31
37 6 87.62
37 7 31.14
37 8 38.95
37 9 27.0
37 10 80.4
37 11 88.41
37 12 94.92
37 13 64.01
37 14 68.0
37 15 67.27
37 16 29.27
37 17 53.24
37 18 30.0
37 19 53.0
37 20 80.06
37 21 80.96
37 22 35.74
37 23 87.6
37 24 75.18
37 25 89.0
37 26 70.03
37 27 68.43
37 28 58.03
37 29 95.02
37 30 52.47
37 31 89.05
37 32 137.18
37 33 69.43
37 34 79.03
37 35 26.93
37 36 70.61
37 38 31.02
37 39 55.23
37 40 72.0
37 41 84.58
37 42 89.09
37 43 64.85
37 44 42.58
37 45 65.86
37 46 81.74
37 47 102.83
37 48 69.72
37 49 24.35
37 50 89.2
37 51 145.0
37 52 89.56
37 53 24.08
37 54 33.84
37 55 6.08
37 56 17.26
37 57 59.03
37 58 14.21
37 59 67.03
37 60 78.39
37 61 71.69
37 62 43.97
37 63 22.0
37 64 70.24
37 65 145.66
37 66 101.53
37 67 56.82
37 68 48.84
37 69 126.61
37 70 101.12
37 71 27.07
37 72 80.99
37 73 86.68
37 74 58.22
37 75 92.03
37 76 48.08
37 77 87.66
37 78 56.6
37 79 95.19
37 80 88.24
37 81 2.83
37 82 83.57
37 83 64.76
37 84 87.66
37 85 87.32
37 86 147.8
37 87 93.02
37 88 40.0
37 89 71.18
37 90 58.6
37 91 99.9
37 92 87.93
37 93 8.06
37 94 147.09
37 95 78.06
37 96 62.01
37 97 60.01
37 98 35.61
37 99 27.07
37 100 70.71
37 101 30.15
37 102 44.55
37 103 122.92
37 104 27.29
37 105 70.11
37 106 82.39
37 107 55.22
37 108 68.73
37 109 65.51
37 110 86.45
37 111 25.02
37 112 91.2
37 113 61.85
37 114 23.09
37 115 148.5
37 116 92.85
37 117 26.57
37 118 62.97
37 119 32.25
37 120 54.15
37 121 70.21
37 122 87.2
37 123 86.02
37 124 129.32
37 125 85.07
37 126 28.28
37 127 39.7
37 128 84.59
37 129 90.43
37 130 62.03
37 131 43.17
37 132 33.84
37 133 67.74
37 134 87.37
37 135 4.12
37 136 137.97
37 137 5.0
37 138 4.12
37 139 84.81
37 140 32.06
37 141 129.4
37 142 27.02
37 143 68.88
37 144 29.0
37 145 93.41
37 146 45.4
37 147 102.45
37 148 122.29
37 149 60.02
37 150 31.62
37 151 26.31
37 152 71.0
37 153 75.01
37 154 71.55
37 155 57.98
37 156 90.27
37 157 30.81
37 158 75.03
37 159 27.2
37 160 104.35
37 161 25.06
37 162 83.76
37 163 92.97
37 164 100.77
37 165 68.25
37 166 29.43
37 167 82.02
37 168 94.19
37 169 73.11
37 170 86.37
37 171 143.56
37 172 88.55
37 173 69.35
37 174 143.75
37 175 59.54
37 176 69.86
37 177 35.78
37 178 65.31
37 179 68.6
37 180 85.23
37 181 26.93
37 182 93.05
37 183 7.62
37 184 6.08
37 185 29.97
37 186 41.01
37 187 30.07
37 188 68.07
37 189 137.21
37 190 73.11
37 191 87.6
37 192 55.04
37 193 80.75
37 194 93.3
37 195 90.25
37 196 59.03
37 197 125.88
37 198 69.01
37 199 2.83
37 200 124.2
37 201 52.35
38 0 70.38
38 1 57.87
38 2 84.53
38 3 33.06
38 4 113.89
38 5 110.48
38 6 107.02
38 7 49.4
38 8 37.0
38 9 57.07
38 10 110.64
38 11 107.94
38 12 112.71
38 13 87.32
38 14 63.95
38 15 60.54
38 16 7.0
38 17 77.28
38 18 36.69
38 19 51.04
38 20 89.2
38 21 66.12
38 22 5.0
38 23 72.01
38 24 85.15
38 25 96.88
38 26 66.65
38 27 78.1
38 28 56.3
38 29 88.23
38 30 54.56
38 31 96.21
38 32 152.55
38 33 100.17
38 34 108.78
38 35 57.87
38 36 101.39
38 37 31.02
38 39 78.1
38 40 67.54
38 41 91.93
38 42 81.91
38 43 88.84
38 44 47.51
38 45 77.2
38 46 112.18
38 47 120.77
38 48 69.89
38 49 39.96
38 50 81.32
38 51 159.62
38 52 75.11
38 53 53.76
38 54 40.26
38 55 34.48
38 56 14.42
38 57 89.74
38 58 29.73
38 59 62.17
38 60 109.38
38 61 82.62
38 62 52.2
38 63 13.04
38 64 80.28
38 65 160.9
38 66 119.85
38 67 80.6
38 68 53.04
38 69 138.19
38 70 117.48
38 71 57.49
38 72 112.01
38 73 105.6
38 74 58.01
38 75 76.01
38 76 55.44
38 77 96.18
38 78 79.31
38 79 87.09
38 80 94.85
38 81 32.28
38 82 114.59
38 83 95.6
38 84 118.68
38 85 94.11
38 86 163.37
38 87 86.33
38 88 35.13
38 89 64.62
38 90 83.19
38 91 117.65
38 92 73.06
38 93 39.0
38 94 162.05
38 95 107.91
38 96 59.17
38 97 56.44
38 98 33.02
38 99 56.72
38 100 81.06
38 101 59.54
38 102 48.84
38 103 136.03
38 104 38.48
38 105 64.08
38 106 112.61
38 107 76.92
38 108 99.25
38 109 77.42
38 110 96.33
38 111 10.77
38 112 83.24
38 113 83.52
38 114 8.06
38 115 163.93
38 116 110.91
38 117 41.18
38 118 93.62
38 119 62.82
38 120 54.2
38 121 100.9
38 122 107.15
38 123 79.71
38 124 142.27
38 125 116.06
38 126 58.94
38 127 41.11
38 128 114.93
38 129 109.66
38 130 59.68
38 131 49.82
38 132 46.62
38 133 68.24
38 134 78.85
38 135 31.76
38 136 152.41
38 137 33.96
38 138 30.81
38 139 104.39
38 140 9.49
38 141 141.01
38 142 10.2
38 143 99.72
38 144 59.03
38 145 79.1
38 146 48.8
38 147 121.2
38 148 135.25
38 149 62.48
38 150 1.41
38 151 7.62
38 152 66.64
38 153 70.68
38 154 80.81
38 155 80.52
38 156 82.01
38 157 29.27
38 158 104.81
38 159 4.24
38 160 122.54
38 161 37.12
38 162 95.43
38 163 77.01
38 164 118.96
38 165 98.95
38 166 60.17
38 167 111.76
38 168 86.13
38 169 66.85
38 170 77.88
38 171 158.45
38 172 96.88
38 173 77.9
38 174 157.61
38 175 82.98
38 176 100.69
38 177 27.17
38 178 74.52
38 179 80.0
38 180 116.25
38 181 43.05
38 182 76.11
38 183 36.88
38 184 25.94
38 185 41.23
38 186 40.0
38 187 13.04
38 188 98.72
38 189 152.05
38 190 103.1
38 191 118.6
38 192 51.62
38 193 111.2
38 194 78.01
38 195 76.16
38 196 55.07
38 197 138.68
38 198 64.4
38 199 28.46
38 200 136.24
38 201 70.38
39 0 14.21
39 1 33.84
39 2 7.28
39 3 93.19
39 4 64.88
39 5 48.84
39 6 33.3
39 7 78.1
39 8 93.81
39 9 35.23
39 10 49.58
39 11 33.97
39 12 41.62
39 13 9.22
39 14 61.07
39 15 65.22
39 16 80.01
39 17 4.0
39 18 83.87
39 19 52.77
39 20 43.17
39 21 86.53
39 22 82.98
39 23 92.42
39 24 38.6
39 25 51.62
39 26 60.88
39 27 35.78
39 28 53.54
39 29 82.2
39 30 46.14
39 31 52.95
39 32 84.4
39 33 47.85
39 34 44.55
39 35 41.68
39 36 49.19
39 37 55.23
39 38 78.1
39 40 63.7
39 41 49.48
39 42 78.75
39 43 11.0
39 44 42.06
39 45 31.3
39 46 52.5
39 47 49.04
39 48 54.49
39 49 75.69
39 50 80.06
39 51 92.66
39 52 91.83
39 53 35.47
39 54 87.21
39 55 57.8
39 56 69.08
39 57 41.48
39 58 68.82
39 59 62.01
39 60 65.0
39 61 34.79
39 62 36.4
39 63 74.85
39 64 35.85
39 65 92.8
39 66 47.51
39 67 3.61
39 68 42.49
39 69 78.19
39 70 48.88
39 71 36.89
39 72 63.95
39 73 32.8
39 74 51.04
39 75 96.4
39 76 37.12
39 77 49.5
39 78 1.41
39 79 84.65
39 80 53.37
39 81 52.48
39 82 66.65
39 83 46.82
39 84 69.46
39 85 52.39
39 86 94.64
39 87 80.6
39 88 95.13
39 89 66.84
39 90 7.21
39 91 46.4
39 92 91.4
39 93 51.86
39 94 94.4
39 95 44.55
39 96 56.61
39 97 57.14
39 98 90.7
39 99 33.6
39 100 35.47
39 101 31.06
39 102 42.72
39 103 72.92
39 104 80.06
39 105 65.44
39 106 50.93
39 107 3.61
39 108 44.29
39 109 29.97
39 110 46.17
39 111 77.25
39 112 81.57
39 113 7.21
39 114 72.42
39 115 95.43
39 116 39.41
39 117 77.79
39 118 42.72
39 119 36.25
39 120 49.74
39 121 47.41
39 122 32.53
39 123 75.17
39 124 79.16
39 125 64.66
39 126 38.08
39 127 93.86
39 128 53.76
39 129 36.12
39 130 55.8
39 131 39.22
39 132 84.17
39 133 53.04
39 134 79.93
39 135 58.25
39 136 85.98
39 137 50.25
39 138 52.35
39 139 30.48
39 140 83.49
39 141 80.78
39 142 79.12
39 143 49.24
39 144 34.13
39 145 94.37
39 146 44.01
39 147 48.1
39 148 72.5
39 149 46.86
39 150 79.31
39 151 77.16
39 152 63.03
39 153 65.05
39 154 38.08
39 155 2.83
39 156 81.47
39 157 85.98
39 158 41.77
39 159 75.96
39 160 50.33
39 161 77.99
39 162 41.01
39 163 97.01
39 164 46.86
39 165 46.52
39 166 38.47
39 167 46.75
39 168 83.87
39 169 67.36
39 170 79.21
39 171 91.02
39 172 50.49
39 173 38.47
39 174 92.11
39 175 5.0
39 176 49.66
39 177 90.92
39 178 35.51
39 179 32.31
39 180 68.88
39 181 77.08
39 182 98.81
39 183 47.71
39 184 60.9
39 185 82.07
39 186 95.6
39 187 83.01
39 188 45.62
39 189 84.88
39 190 42.01
39 191 67.42
39 192 55.47
39 193 51.86
39 194 96.05
39 195 91.68
39 196 57.45
39 197 76.06
39 198 62.48
39 199 55.95
39 200 75.39
39 201 14.21
40 0 49.52
40 1 76.32
40 2 70.29
40 3 98.98
40 4 126.82
40 5 112.43
40 6 71.31
40 7 103.04
40 8 102.2
40 9 76.9
40 10 113.14
40 11 72.28
40 12 71.57
40 13 69.4
40 14 4.0
40 15 7.81
40 16 73.93
40 17 66.47
40 18 97.67
40 19 19.0
40 20 37.01
40 21 25.5
40 22 69.84
40 23 30.08
40 24 36.5
40 25 39.81
40 26 2.83
40 27 32.89
40 28 14.14
40 29 23.09
40 30 21.19
40 31 38.08
40 32 100.17
40 33 109.64
40 34 108.25
40 35 83.17
40 36 111.04
40 37 72.0
40 38 67.54
40 39 63.7
40 41 35.36
40 42 17.46
40 43 72.2
40 44 30.81
40 45 36.25
40 46 115.97
40 47 78.16
40 48 10.44
40 49 95.34
40 50 18.03
40 51 105.3
40 52 28.65
40 53 74.0
40 54 101.79
40 55 78.01
40 56 71.06
40 57 101.26
40 58 83.49
40 59 5.39
40 60 125.67
40 61 37.36
40 62 32.7
40 63 75.29
40 64 34.48
40 65 107.56
40 66 78.31
40 67 67.27
40 68 25.63
40 69 80.78
40 70 72.01
40 71 78.77
40 72 125.6
40 73 69.12
40 74 14.87
40 75 33.54
40 76 29.53
40 77 40.45
40 78 63.78
40 79 23.77
40 80 36.14
40 81 70.03
40 82 128.41
40 83 107.42
40 84 131.65
40 85 35.9
40 86 110.44
40 87 21.1
40 88 101.19
40 89 5.1
40 90 70.84
40 91 75.24
40 92 28.64
40 93 76.32
40 94 108.16
40 95 108.21
40 96 10.05
40 97 12.04
40 98 98.08
40 99 75.03
40 100 35.44
40 101 75.24
40 102 28.86
40 103 81.32
40 104 96.88
40 105 4.47
40 106 114.56
40 107 60.21
40 108 106.53
40 109 37.58
40 110 43.1
40 111 75.27
40 112 19.92
40 113 63.01
40 114 68.62
40 115 110.72
40 116 70.86
40 117 97.42
40 118 103.6
40 119 82.46
40 120 18.44
40 121 109.48
40 122 72.8
40 123 14.14
40 124 86.65
40 125 127.14
40 126 80.99
40 127 105.26
40 128 117.39
40 129 72.78
40 130 10.2
40 131 31.62
40 132 104.58
40 133 11.18
40 134 17.0
40 135 76.01
40 136 98.37
40 137 69.12
40 138 68.01
40 139 69.92
40 140 76.97
40 141 83.38
40 142 75.96
40 143 110.6
40 144 77.62
40 145 30.81
40 146 27.66
40 147 80.4
40 148 80.36
40 149 17.03
40 150 68.88
40 151 72.8
40 152 1.0
40 153 3.16
40 154 32.98
40 155 63.89
40 156 19.31
40 157 93.41
40 158 105.36
40 159 69.08
40 160 80.16
40 161 94.76
40 162 46.04
40 163 34.0
40 164 77.32
40 165 108.23
40 166 82.28
40 167 110.45
40 168 22.8
40 169 4.12
40 170 16.12
40 171 104.69
40 172 40.61
40 173 30.36
40 174 102.18
40 175 67.48
40 176 111.21
40 177 93.64
40 178 30.87
40 179 37.34
40 180 130.6
40 181 98.25
40 182 36.25
40 183 69.35
40 184 73.25
40 185 99.85
40 186 105.08
40 187 79.85
40 188 107.45
40 189 98.76
40 190 105.38
40 191 129.96
40 192 17.12
40 193 115.28
40 194 32.76
40 195 28.3
40 196 13.15
40 197 83.17
40 198 3.16
40 199 70.03
40 200 79.71
40 201 49.52
41 0 39.01
41 1 76.32
41 2 53.49
41 3 118.98
41 4 113.46
41 5 95.29
41 6 41.05
41 7 114.49
41 8 121.26
41 9 77.41
41 10 96.18
41 11 41.88
41 12 38.63
41 13 50.57
41 14 36.14
41 15 42.2
41 16 97.08
41 17 53.37
41 18 114.06
41 19 42.44
41 20 6.32
41 21 60.0
41 22 95.48
41 23 63.29
41 24 11.05
41 25 5.0
41 26 33.73
41 27 16.49
41 28 38.08
41 29 41.15
41 30 37.54
41 31 4.47
41 32 65.15
41 33 96.8
41 34 90.43
41 35 84.48
41 36 98.08
41 37 84.58
41 38 91.93
41 39 49.48
41 40 35.36
41 42 40.8
41 43 53.23
41 44 44.82
41 45 20.1
41 46 99.3
41 47 44.15
41 48 26.25
41 49 108.85
41 50 42.72
41 51 70.77
41 52 60.67
41 53 75.8
41 54 118.07
41 55 89.69
41 56 90.44
41 57 90.96
41 58 98.39
41 59 38.33
41 60 114.16
41 61 15.03
41 62 41.34
41 63 95.8
41 64 15.13
41 65 72.8
41 66 44.64
41 67 52.2
41 68 38.95
41 69 47.17
41 70 37.48
41 71 79.4
41 72 112.72
41 73 38.83
41 74 35.51
41 75 65.76
41 76 37.44
41 77 5.1
41 78 48.76
41 79 44.78
41 80 4.0
41 81 81.94
41 82 115.32
41 83 96.17
41 84 117.78
41 85 3.0
41 86 75.61
41 87 40.31
41 88 121.2
41 89 40.45
41 90 55.03
41 91 41.48
41 92 61.4
41 93 85.7
41 94 73.54
41 95 90.82
41 96 37.16
41 97 39.81
41 98 117.35
41 99 75.43
41 100 15.03
41 101 74.17
41 102 43.28
41 103 46.62
41 104 111.83
41 105 39.62
41 106 97.13
41 107 46.1
41 108 93.05
41 109 21.02
41 110 8.25
41 111 96.83
41 112 43.32
41 113 44.94
41 114 90.27
41 115 75.96
41 116 38.48
41 117 111.09
41 118 92.05
41 119 81.06
41 120 38.6
41 121 96.21
41 122 43.01
41 123 38.08
41 124 52.33
41 125 112.81
41 126 81.3
41 127 123.17
41 128 99.85
41 129 41.68
41 130 36.25
41 131 43.01
41 132 118.31
41 133 26.93
41 134 44.15
41 135 88.64
41 136 63.69
41 137 80.23
41 138 80.53
41 139 40.61
41 140 100.57
41 141 49.93
41 142 98.08
41 143 98.35
41 144 77.23
41 145 61.39
41 146 43.19
41 147 46.84
41 148 45.69
41 149 30.0
41 150 93.35
41 151 95.13
41 152 35.51
41 153 34.06
41 154 13.34
41 155 48.08
41 156 43.97
41 157 112.36
41 158 88.55
41 159 92.1
41 160 46.1
41 161 109.59
41 162 13.04
41 163 65.92
41 164 43.68
41 165 95.52
41 166 82.22
41 167 91.92
41 168 44.38
41 169 39.2
41 170 43.93
41 171 70.01
41 172 5.39
41 173 15.23
41 174 67.98
41 175 50.92
41 176 98.68
41 177 114.62
41 178 19.31
41 179 18.0
41 180 117.55
41 181 111.23
41 182 68.73
41 183 79.12
41 184 88.12
41 185 114.54
41 186 123.82
41 187 102.3
41 188 94.58
41 189 63.91
41 190 89.47
41 191 115.45
41 192 43.05
41 193 98.84
41 194 64.13
41 195 59.84
41 196 41.15
41 197 48.75
41 198 36.88
41 199 83.63
41 200 45.65
41 201 39.01
42 0 64.82
42 1 93.64
42 2 84.9
42 3 114.24
42 4 142.87
42 5 127.56
42 6 80.96
42 7 120.0
42 8 117.69
42 9 94.24
42 10 128.32
42 11 81.86
42 12 79.38
42 13 83.45
42 14 21.38
42 15 22.09
42 16 88.6
42 17 81.84
42 18 113.86
42 19 36.22
42 20 44.78
42 21 24.19
42 22 83.57
42 23 24.74
42 24 46.14
42 25 43.93
42 26 19.92
42 27 44.82
42 28 31.58
42 29 6.32
42 30 38.6
42 31 41.77
42 32 101.32
42 33 125.67
42 34 123.17
42 35 100.58
42 36 127.06
42 37 89.09
42 38 81.91
42 39 78.75
42 40 17.46
42 41 40.8
42 43 86.28
42 44 48.27
42 45 48.92
42 46 131.24
42 47 84.9
42 48 24.41
42 49 112.07
42 50 2.0
42 51 105.22
42 52 21.21
42 53 91.39
42 54 117.96
42 55 95.13
42 56 86.98
42 57 117.66
42 58 100.12
42 59 22.09
42 60 142.04
42 61 48.26
42 62 49.98
42 63 90.8
42 64 45.8
42 65 107.91
42 66 85.44
42 67 82.22
42 68 43.01
42 69 80.06
42 70 78.1
42 71 96.14
42 72 141.74
42 73 78.72
42 74 32.28
42 75 26.08
42 76 46.62
42 77 45.35
42 78 78.64
42 79 6.32
42 80 39.81
42 81 87.21
42 82 144.52
42 83 123.71
42 84 147.63
42 85 40.02
42 86 110.89
42 87 4.47
42 88 116.42
42 89 18.03
42 90 85.7
42 91 82.28
42 92 22.56
42 93 93.65
42 94 108.19
42 95 123.24
42 96 27.46
42 97 29.15
42 98 113.56
42 99 92.36
42 100 46.62
42 101 92.48
42 102 46.32
42 103 82.22
42 104 113.36
42 105 19.0
42 106 129.63
42 107 75.17
42 108 122.41
42 109 50.33
42 110 49.04
42 111 90.47
42 112 2.83
42 113 77.08
42 114 83.95
42 115 111.02
42 116 79.12
42 117 114.11
42 118 119.82
42 119 99.72
42 120 35.9
42 121 125.43
42 122 82.73
42 123 3.61
42 124 86.7
42 125 143.0
42 126 98.35
42 127 121.02
42 128 132.46
42 129 81.94
42 130 27.66
42 131 49.04
42 132 121.2
42 133 26.08
42 134 4.47
42 135 93.05
42 136 98.73
42 137 86.37
42 138 85.15
42 139 80.06
42 140 91.39
42 141 82.38
42 142 90.96
42 143 126.75
42 144 94.92
42 145 21.02
42 146 45.12
42 147 87.64
42 148 81.22
42 149 33.54
42 150 83.17
42 151 87.8
42 152 18.44
42 153 14.87
42 154 43.83
42 155 78.57
42 156 3.16
42 157 109.04
42 158 120.51
42 159 83.93
42 160 86.83
42 161 111.29
42 162 53.49
42 163 26.02
42 164 84.48
42 165 124.28
42 166 99.62
42 167 125.21
42 168 5.39
42 169 16.0
42 170 5.0
42 171 104.94
42 172 45.12
42 173 42.01
42 174 101.61
42 175 82.07
42 176 127.31
42 177 108.67
42 178 43.86
42 179 49.2
42 180 146.73
42 181 115.04
42 182 29.07
42 183 86.7
42 184 90.02
42 185 116.35
42 186 120.62
42 187 94.64
42 188 123.46
42 189 99.5
42 190 120.74
42 191 145.8
42 192 34.06
42 193 130.6
42 194 24.0
42 195 20.1
42 196 30.07
42 197 83.49
42 198 20.22
42 199 87.02
42 200 79.63
42 201 64.82
43 0 23.77
43 1 41.04
43 2 4.47
43 3 102.58
43 4 60.41
43 5 42.19
43 6 27.31
43 7 85.56
43 8 102.93
43 9 42.45
43 10 43.05
43 11 27.73
43 12 36.4
43 13 2.83
43 14 69.89
43 15 74.43
43 16 90.52
43 17 11.7
43 18 92.66
43 19 62.77
43 20 46.96
43 21 95.88
43 22 93.74
43 23 101.55
43 24 43.05
43 25 54.42
43 26 69.4
43 27 41.87
43 28 63.06
43 29 89.2
43 30 55.95
43 31 56.08
43 32 78.39
43 33 44.15
43 34 37.44
43 35 48.17
43 36 45.35
43 37 64.85
43 38 88.84
43 39 11.0
43 40 72.2
43 41 53.23
43 42 86.28
43 44 52.63
43 45 37.54
43 46 46.14
43 47 42.94
43 48 62.48
43 49 84.02
43 50 87.73
43 51 86.83
43 52 100.69
43 53 43.42
43 54 95.8
43 55 66.89
43 56 79.38
43 57 40.0
43 58 78.03
43 59 71.02
43 60 61.61
43 61 39.66
43 62 46.84
43 63 85.09
43 64 41.4
43 65 86.61
43 66 41.18
43 67 8.25
43 68 52.55
43 69 74.95
43 70 44.27
43 71 43.84
43 72 59.77
43 73 27.51
43 74 60.42
43 75 105.39
43 76 47.17
43 77 52.2
43 78 10.05
43 79 91.93
43 80 56.86
43 81 62.17
43 82 62.3
43 83 44.28
43 84 64.62
43 85 55.95
43 86 88.2
43 87 87.73
43 88 104.45
43 89 75.72
43 90 6.4
43 91 40.72
43 92 100.4
43 93 60.75
43 94 88.32
43 95 37.74
43 96 65.86
43 97 66.65
43 98 99.98
43 99 41.11
43 100 40.8
43 101 38.21
43 102 53.16
43 103 68.96
43 104 88.6
43 105 74.33
43 106 44.1
43 107 13.34
43 108 40.26
43 109 36.12
43 110 48.38
43 111 87.6
43 112 89.11
43 113 9.22
43 114 82.97
43 115 89.04
43 116 34.18
43 117 86.05
43 118 40.2
43 119 42.01
43 120 59.51
43 121 43.42
43 122 25.94
43 123 82.76
43 124 74.95
43 125 59.62
43 126 44.6
43 127 102.65
43 128 46.87
43 129 29.97
43 130 65.0
43 131 49.73
43 132 92.1
43 133 61.22
43 134 87.86
43 135 67.6
43 136 80.5
43 137 59.93
43 138 62.24
43 139 24.7
43 140 93.96
43 141 77.37
43 142 89.49
43 143 45.89
43 144 41.01
43 145 103.0
43 146 54.41
43 147 41.34
43 148 68.68
43 149 55.76
43 150 90.03
43 151 87.64
43 152 71.61
43 153 73.25
43 154 43.6
43 155 9.22
43 156 89.14
43 157 95.38
43 158 35.36
43 159 86.59
43 160 43.91
43 161 86.61
43 162 42.72
43 163 105.95
43 164 40.71
43 165 42.95
43 166 44.69
43 167 39.2
43 168 91.22
43 169 76.03
43 170 87.21
43 171 85.09
43 172 53.14
43 173 44.69
43 174 86.76
43 175 6.0
43 176 46.1
43 177 100.62
43 178 42.43
43 179 37.8
43 180 64.51
43 181 85.15
43 182 107.91
43 183 57.25
43 184 70.68
43 185 90.43
43 186 104.56
43 187 93.3
43 188 41.98
43 189 79.18
43 190 36.25
43 191 62.24
43 192 65.39
43 193 45.65
43 194 104.86
43 195 100.44
43 196 67.08
43 197 72.12
43 198 71.28
43 199 65.8
43 200 72.03
43 201 23.77
44 0 29.27
44 1 46.07
44 2 49.34
44 3 74.43
44 4 99.7
44 5 87.92
44 6 63.15
44 7 73.68
44 8 76.94
44 9 46.52
44 10 88.48
44 11 64.13
44 12 67.36
44 13 50.22
44 14 26.93
44 15 28.18
44 16 52.35
44 17 43.46
44 18 70.58
44 19 13.04
44 20 41.73
44 21 47.42
44 22 51.4
44 23 53.91
44 24 37.64
44 25 49.68
44 26 28.44
44 27 30.61
44 28 16.76
44 29 53.76
44 30 10.0
44 31 49.2
44 32 105.48
44 33 82.81
44 34 84.38
44 35 52.55
44 36 84.22
44 37 42.58
44 38 47.51
44 39 42.06
44 40 30.81
44 41 44.82
44 42 48.27
44 43 52.63
44 45 30.02
44 46 91.02
44 47 75.27
44 48 27.17
44 49 66.71
44 50 48.76
44 51 112.33
44 52 54.41
44 53 43.46
44 54 74.67
44 55 48.37
44 56 45.79
44 57 73.55
44 58 55.36
44 59 26.57
44 60 97.74
44 61 35.23
44 62 6.0
44 63 51.04
44 64 32.8
44 65 113.74
44 66 74.63
44 67 45.54
44 68 6.32
44 69 90.69
44 70 71.18
44 71 48.33
44 72 98.29
44 73 61.39
44 74 16.12
44 75 58.26
44 76 8.06
44 77 48.84
44 78 42.72
44 79 54.57
44 80 48.01
44 81 40.31
44 82 101.12
44 83 79.91
44 84 104.66
44 85 47.2
44 86 116.28
44 87 51.79
44 88 76.66
44 89 31.38
44 90 49.04
44 91 72.11
44 92 53.41
44 93 46.0
44 94 114.83
44 95 84.06
44 96 20.88
44 97 19.7
44 98 72.95
44 99 44.72
44 100 33.6
44 101 45.28
44 102 2.0
44 103 88.6
44 104 68.96
44 105 30.08
44 106 90.14
44 107 39.29
44 108 80.16
44 109 30.41
44 110 48.84
44 111 52.01
44 112 50.7
44 113 44.55
44 114 45.45
44 115 116.81
44 116 65.8
44 117 68.88
44 118 76.38
44 119 52.35
44 120 12.37
44 121 82.88
44 122 63.79
44 123 44.91
44 124 94.81
44 125 100.5
44 126 50.57
44 127 79.2
44 128 92.91
44 129 65.51
44 130 20.62
44 131 3.0
44 132 76.16
44 133 25.18
44 134 47.43
44 135 46.69
44 136 105.12
44 137 39.12
44 138 38.47
44 139 60.83
44 140 55.87
44 141 93.51
44 142 53.26
44 143 83.45
44 144 47.41
44 145 57.69
44 146 3.16
44 147 76.24
44 148 87.8
44 149 17.46
44 150 48.92
44 151 50.33
44 152 29.83
44 153 33.54
44 154 33.3
44 155 43.42
44 156 50.0
44 157 68.0
44 158 80.99
44 159 47.38
44 160 77.16
44 161 66.76
44 162 48.01
44 163 59.03
44 164 73.68
44 165 81.39
44 166 51.89
44 167 86.95
44 168 53.6
44 169 32.89
44 170 46.49
44 171 111.22
44 172 49.58
44 173 30.41
44 174 110.21
44 175 46.84
44 176 84.17
44 177 69.89
44 178 27.02
44 179 32.76
44 180 103.25
44 181 69.43
44 182 60.21
44 183 39.0
44 184 44.92
44 185 71.84
44 186 79.61
44 187 57.49
44 188 80.72
44 189 104.85
44 190 80.45
44 191 103.32
44 192 15.81
44 193 90.21
44 194 58.6
44 195 54.64
44 196 19.24
44 197 91.21
44 198 28.16
44 199 41.0
44 200 88.73
44 201 29.27
45 0 19.24
45 1 56.22
45 2 36.62
45 3 101.67
45 4 96.18
45 5 79.4
45 6 36.12
45 7 95.08
45 8 103.6
45 9 57.31
45 10 80.21
45 11 37.12
45 12 38.47
45 13 34.71
45 14 34.79
45 15 40.26
45 16 81.57
45 17 34.93
45 18 95.72
45 19 33.24
45 20 14.56
45 21 61.35
45 22 81.27
45 23 66.31
45 24 9.49
45 25 23.77
45 26 33.62
45 27 4.47
45 28 31.02
45 29 51.66
45 30 26.48
45 31 24.33
45 32 75.47
45 33 79.16
45 34 74.81
45 35 64.38
45 36 80.5
45 37 65.86
45 38 77.2
45 39 31.3
45 40 36.25
45 41 20.1
45 42 48.92
45 43 37.54
45 44 30.02
45 46 83.23
45 47 46.1
45 48 25.94
45 49 89.89
45 50 50.45
45 51 82.42
45 52 64.85
45 53 55.73
45 54 99.64
45 55 70.66
45 56 73.59
45 57 72.45
45 58 79.92
45 59 36.4
45 60 96.25
45 61 5.83
45 62 25.0
45 63 79.21
45 64 5.0
45 65 83.76
45 66 45.71
45 67 34.48
45 68 25.63
45 69 61.55
45 70 41.44
45 71 59.3
45 72 95.26
45 73 34.06
45 74 28.02
45 75 69.78
45 76 21.95
45 77 22.14
45 78 30.89
45 79 54.45
45 80 24.08
45 81 63.13
45 82 97.95
45 83 78.0
45 84 100.72
45 85 23.09
45 86 86.28
45 87 50.21
45 88 103.86
45 89 40.5
45 90 37.74
45 91 42.95
45 92 64.88
45 93 66.31
45 94 84.88
45 95 75.0
45 96 32.39
45 97 34.13
45 98 99.81
45 99 55.33
45 100 5.1
45 101 54.08
45 102 29.07
45 103 58.9
45 104 93.15
45 105 39.22
45 106 81.4
45 107 27.73
45 108 75.59
45 109 1.41
45 110 20.59
45 111 80.62
45 112 51.74
45 113 28.43
45 114 74.33
45 115 86.82
45 116 37.22
45 117 92.13
45 118 73.93
45 119 61.01
45 120 29.15
45 121 78.71
45 122 37.34
45 123 45.45
45 124 65.19
45 125 95.88
45 126 61.2
45 127 105.12
45 128 84.2
45 129 38.01
45 130 31.4
45 131 27.46
45 132 99.28
45 133 25.08
45 134 50.8
45 135 69.84
45 136 75.21
45 137 61.29
45 138 61.91
45 139 34.37
45 140 85.15
45 141 64.38
45 142 82.07
45 143 80.53
45 144 57.14
45 145 66.73
45 146 29.55
45 147 47.52
45 148 58.14
45 149 22.09
45 150 78.6
45 151 79.31
45 152 35.85
45 153 36.72
45 154 7.07
45 155 30.53
45 156 51.86
45 157 94.81
45 158 72.42
45 159 76.69
45 160 48.05
45 161 90.92
45 162 18.38
45 163 70.21
45 164 44.72
45 165 77.82
45 166 62.13
45 167 76.69
45 168 53.76
45 169 40.31
45 170 50.22
45 171 81.27
45 172 23.09
45 173 7.21
45 174 80.43
45 175 33.84
45 176 80.96
45 177 97.74
45 178 5.39
45 179 2.83
45 180 100.18
45 181 92.14
45 182 72.5
45 183 59.93
45 184 69.89
45 185 95.77
45 186 106.02
45 187 86.31
45 188 76.92
45 189 74.89
45 190 72.95
45 191 98.62
45 192 35.06
45 193 82.66
45 194 68.88
45 195 64.41
45 196 35.06
45 197 61.62
45 198 36.06
45 199 65.19
45 200 59.4
45 201 19.24
46 0 66.53
46 1 54.34
46 2 46.62
46 3 112.54
46 4 17.26
46 5 4.12
46 6 66.1
46 7 86.35
46 8 111.02
46 9 55.11
46 10 3.16
46 11 65.92
46 12 74.67
46 13 48.88
46 14 113.15
46 15 116.85
46 16 111.02
46 17 49.52
46 18 99.85
46 19 103.23
46 20 93.06
46 21 137.77
46 22 117.09
46 23 143.93
46 24 89.19
46 25 100.22
46 26 113.15
46 27 87.66
46 28 104.89
46 29 134.63
46 30 97.19
46 31 101.98
46 32 109.18
46 33 13.34
46 34 9.22
46 35 55.15
46 36 12.65
46 37 81.74
46 38 112.18
46 39 52.5
46 40 115.97
46 41 99.3
46 42 131.24
46 43 46.14
46 44 91.02
46 45 83.23
46 47 78.06
46 48 106.96
46 49 89.81
46 50 132.55
46 51 117.55
46 52 143.68
46 53 58.46
46 54 101.43
46 55 80.16
46 56 98.99
46 57 23.0
46 58 90.0
46 59 113.9
46 60 21.93
46 61 85.76
46 62 86.21
46 63 103.59
46 64 87.37
46 65 116.1
46 66 76.06
46 67 49.04
46 68 93.09
46 69 113.16
46 70 82.49
46 71 54.74
46 72 17.72
46 73 67.47
46 74 102.65
46 75 148.07
46 76 87.97
46 77 97.99
46 78 52.63
46 79 137.13
46 80 102.86
46 81 80.06
46 82 19.24
46 83 18.44
46 84 20.02
46 85 101.97
46 86 116.71
46 87 133.06
46 88 113.75
46 89 118.83
46 90 45.61
46 91 77.23
46 92 143.09
46 93 74.33
46 94 118.07
46 95 8.54
46 96 108.3
46 97 108.47
46 98 109.55
46 99 55.54
46 100 86.82
46 101 52.89
46 102 92.2
46 103 106.04
46 104 94.89
46 105 117.41
46 106 3.16
46 107 56.08
46 108 13.04
46 109 81.84
46 110 94.02
46 111 106.68
46 112 134.06
46 113 54.92
46 114 104.56
46 115 117.69
46 116 72.84
46 117 91.08
46 118 19.0
46 119 49.5
46 120 100.77
46 121 12.17
46 122 63.95
46 123 127.66
46 124 111.0
46 125 15.0
46 126 53.46
46 127 108.67
46 128 3.16
46 129 67.74
46 130 107.56
46 131 88.6
46 132 94.37
46 133 105.48
46 134 132.38
46 135 82.3
46 136 112.75
46 137 78.26
46 138 81.39
46 139 64.54
46 140 113.75
46 141 115.07
46 142 108.66
46 143 14.87
46 144 53.15
46 145 146.41
46 146 93.6
46 147 75.01
46 148 106.08
46 149 98.99
46 150 112.97
46 151 108.05
46 152 115.26
46 153 117.46
46 154 89.59
46 155 52.8
46 156 133.96
46 157 106.23
46 158 10.82
46 159 108.67
46 160 78.01
46 161 93.65
46 162 88.24
46 163 148.73
46 164 76.11
46 165 14.14
46 166 52.35
46 167 9.06
46 168 136.36
46 169 119.5
46 170 131.64
46 171 115.57
46 172 98.9
46 173 90.44
46 174 118.95
46 175 49.41
46 176 13.93
46 177 113.11
46 178 87.8
46 179 83.76
46 180 21.1
46 181 89.27
46 182 150.33
46 183 75.31
46 184 87.57
46 185 95.35
46 186 111.46
46 187 111.36
46 188 14.04
46 189 110.89
46 190 10.63
46 191 17.12
46 192 106.04
46 193 1.0
46 194 147.92
46 195 143.63
46 196 108.58
46 197 109.02
46 198 114.56
46 199 84.01
46 200 110.16
46 201 66.53
47 0 51.04
47 1 82.8
47 2 46.65
47 3 140.72
47 4 95.0
47 5 74.03
47 6 15.81
47 7 127.14
47 8 141.77
47 9 84.2
47 10 75.03
47 11 15.26
47 12 8.06
47 13 42.19
47 14 78.01
47 15 84.0
47 16 124.17
47 17 52.2
47 18 132.28
47 19 79.25
47 20 41.19
47 21 103.48
47 22 125.22
47 23 107.2
47 24 42.01
47 25 41.11
47 26 76.06
47 27 47.38
47 28 76.53
47 29 84.76
47 30 72.57
47 31 43.32
47 32 35.51
47 33 81.61
47 34 69.01
47 35 90.44
47 36 82.49
47 37 102.83
47 38 120.77
47 39 49.04
47 40 78.16
47 41 44.15
47 42 84.9
47 43 42.94
47 44 75.27
47 45 46.1
47 46 78.06
47 48 68.03
47 49 124.48
47 50 86.83
47 51 43.91
47 52 104.74
47 53 84.5
47 54 135.77
47 55 106.1
47 56 114.55
47 57 80.52
47 58 116.85
47 59 80.0
47 60 98.18
47 61 42.3
47 62 69.64
47 63 120.37
47 64 45.28
47 65 43.83
47 66 2.0
47 67 48.83
47 68 71.57
47 69 35.13
47 70 7.21
47 71 85.8
47 72 95.02
47 73 16.28
47 74 73.55
47 75 109.84
47 76 67.36
47 77 39.56
47 78 47.63
47 79 88.54
47 80 45.22
47 81 100.0
47 82 97.0
47 83 83.36
47 84 98.08
47 85 44.92
47 86 45.61
47 87 84.12
47 88 142.76
47 89 83.1
47 90 48.88
47 91 3.16
47 92 105.38
47 93 100.41
47 94 45.49
47 95 70.0
47 96 77.16
47 97 79.31
47 98 138.41
47 99 82.62
47 100 44.28
47 101 80.0
47 102 74.63
47 103 28.0
47 104 128.69
47 105 82.05
47 106 75.11
47 107 48.1
47 108 77.65
47 109 45.35
47 110 35.9
47 111 122.33
47 112 87.36
47 113 41.87
47 114 116.62
47 115 46.4
47 116 10.0
47 117 126.62
47 118 79.62
47 119 84.6
47 120 75.13
47 121 80.5
47 122 17.0
47 123 82.23
47 124 33.24
47 125 93.05
47 126 86.84
47 127 142.21
47 128 77.23
47 129 13.04
47 130 76.16
47 131 72.45
47 132 133.12
47 133 68.0
47 134 88.29
47 135 106.22
47 136 37.58
47 137 97.84
47 138 99.49
47 139 18.6
47 140 127.77
47 141 37.01
47 142 124.02
47 143 83.73
47 144 83.01
47 145 105.54
47 146 75.29
47 147 3.61
47 148 28.02
47 149 67.48
47 150 122.12
47 151 121.59
47 152 78.1
47 153 77.41
47 154 46.1
47 155 46.23
47 156 88.06
47 157 133.54
47 158 69.07
47 159 119.57
47 160 2.0
47 161 126.57
47 162 32.14
47 163 110.02
47 164 2.24
47 165 80.75
47 166 87.09
47 167 69.12
47 168 88.23
47 169 82.22
47 170 88.07
47 171 42.19
47 172 39.85
47 173 49.16
47 174 43.86
47 175 46.04
47 176 83.6
47 177 137.8
47 178 50.64
47 179 43.74
47 180 99.01
47 181 125.99
47 182 112.79
47 183 95.59
47 184 108.07
47 185 130.83
47 186 143.75
47 187 128.16
47 188 79.76
47 189 36.24
47 190 71.18
47 191 95.13
47 192 80.89
47 193 78.03
47 194 108.26
47 195 103.94
47 196 80.4
47 197 31.02
47 198 79.03
47 199 103.08
47 200 32.14
47 201 51.04
48 0 40.46
48 1 70.34
48 2 60.83
48 3 99.81
48 4 118.46
48 5 103.32
48 6 60.88
48 7 100.84
48 8 102.69
48 9 71.06
48 10 104.06
48 11 61.85
48 12 61.29
48 13 59.67
48 14 10.05
48 15 16.12
48 16 75.8
48 17 57.49
48 18 97.12
48 19 18.87
48 20 27.07
48 21 35.9
48 22 72.8
48 23 40.5
48 24 26.17
48 25 31.02
48 26 8.06
48 27 22.47
48 28 13.6
48 29 28.64
48 30 17.26
48 31 29.55
48 32 91.39
48 33 101.26
48 34 99.01
48 35 77.67
48 36 102.65
48 37 69.72
48 38 69.89
48 39 54.49
48 40 10.44
48 41 26.25
48 42 24.41
48 43 62.48
48 44 27.17
48 45 25.94
48 46 106.96
48 47 68.03
48 49 93.74
48 50 25.61
48 51 96.93
48 52 38.91
48 53 68.45
48 54 101.24
48 55 75.54
48 56 71.31
48 57 93.3
48 58 82.23
48 59 12.17
48 60 117.66
48 61 26.93
48 62 27.17
48 63 76.06
48 64 24.04
48 65 99.02
48 66 68.12
48 67 58.0
48 68 21.02
48 69 72.9
48 70 62.03
48 71 73.01
48 72 117.32
48 73 58.69
48 74 12.08
48 75 43.86
48 76 23.35
48 77 31.32
48 78 54.45
48 79 30.53
48 80 27.73
48 81 67.48
48 82 120.1
48 83 99.32
48 84 123.22
48 85 27.31
48 86 101.84
48 87 26.83
48 88 102.04
48 89 15.13
48 90 61.52
48 91 65.07
48 92 39.0
48 93 73.06
48 94 99.72
48 95 99.04
48 96 11.4
48 97 14.21
48 98 98.62
48 99 69.12
48 100 25.0
48 101 68.96
48 102 25.18
48 103 72.8
48 104 95.8
48 105 14.04
48 106 105.42
48 107 50.93
48 108 98.01
48 109 27.29
48 110 33.54
48 111 76.48
48 112 27.2
48 113 53.26
48 114 69.77
48 115 102.18
48 116 60.53
48 117 95.9
48 118 95.41
48 119 76.24
48 120 16.16
48 121 101.02
48 122 62.36
48 123 20.81
48 124 78.39
48 125 118.6
48 126 75.19
48 127 105.34
48 128 108.25
48 129 62.37
48 130 10.63
48 131 27.0
48 132 103.16
48 133 2.0
48 134 25.46
48 135 73.82
48 136 89.89
48 137 66.27
48 138 65.62
48 139 59.48
48 140 79.08
48 141 75.59
48 142 77.41
48 143 102.34
48 144 71.57
48 145 40.82
48 146 24.33
48 147 70.18
48 148 71.87
48 149 10.05
48 150 71.28
48 151 74.3
48 152 10.2
48 153 10.82
48 154 22.56
48 155 54.45
48 156 27.02
48 157 93.78
48 158 96.26
48 159 70.83
48 160 70.03
48 161 93.62
48 162 36.01
48 163 44.28
48 164 67.12
48 165 99.86
48 166 76.4
48 167 101.12
48 168 29.68
48 169 14.56
48 170 24.76
48 171 96.21
48 172 31.62
48 173 19.92
48 174 94.02
48 175 58.0
48 176 102.9
48 177 94.81
48 178 20.59
48 179 26.93
48 180 122.32
48 181 96.51
48 182 46.62
48 183 66.07
48 184 71.81
48 185 98.72
48 186 105.48
48 187 81.49
48 188 99.05
48 189 90.14
48 190 96.43
48 191 121.4
48 192 18.44
48 193 106.3
48 194 42.94
48 195 38.47
48 196 15.62
48 197 74.85
48 198 11.0
48 199 68.07
48 200 71.59
48 201 40.46
49 0 75.21
49 1 43.27
49 2 79.65
49 3 23.02
49 4 86.15
49 5 89.44
49 6 108.89
49 7 9.43
49 8 21.21
49 9 41.88
49 10 89.27
49 11 109.6
49 12 116.78
49 13 83.74
49 14 91.35
49 15 90.02
49 16 34.21
49 17 73.0
49 18 10.05
49 19 76.42
49 20 104.22
49 21 101.43
49 22 42.8
49 23 107.87
49 24 99.28
49 25 113.22
49 26 93.54
49 27 92.61
49 28 81.61
49 29 118.15
49 30 76.49
49 31 113.32
49 32 159.45
49 33 76.53
49 34 89.5
49 35 37.58
49 36 77.41
49 37 24.35
49 38 39.96
49 39 75.69
49 40 95.34
49 41 108.85
49 42 112.07
49 43 84.02
49 44 66.71
49 45 89.89
49 46 89.81
49 47 124.48
49 48 93.74
49 50 112.02
49 51 167.48
49 52 110.32
49 53 40.61
49 54 12.08
49 55 19.24
49 56 27.51
49 57 67.08
49 58 12.04
49 59 90.2
49 60 80.4
49 61 95.71
49 62 68.31
49 63 26.93
49 64 94.37
49 65 167.92
49 66 123.04
49 67 76.58
49 68 73.01
49 69 150.05
49 70 123.43
49 71 40.82
49 72 84.15
49 73 108.21
49 74 82.04
49 75 112.18
49 76 72.42
49 77 111.83
49 78 77.1
49 79 118.02
49 80 112.54
49 81 26.93
49 82 86.28
49 83 71.45
49 84 90.35
49 85 111.62
49 86 169.92
49 87 116.16
49 88 24.02
49 89 94.05
49 90 77.62
49 91 121.7
49 92 108.5
49 93 24.21
49 94 169.43
49 95 88.29
49 96 85.48
49 97 83.29
49 98 20.02
49 99 43.01
49 100 94.81
49 101 46.04
49 102 68.66
49 103 146.01
49 104 5.1
49 105 93.09
49 106 91.24
49 107 76.38
49 108 77.1
49 109 89.47
49 110 110.48
49 111 29.41
49 112 114.02
49 113 82.73
49 114 33.11
49 115 170.66
49 116 114.63
49 117 2.24
49 118 71.02
49 119 44.28
49 120 77.93
49 121 77.65
49 122 108.21
49 123 109.17
49 124 152.41
49 125 89.05
49 126 40.71
49 127 19.31
49 128 92.91
49 129 111.72
49 130 85.59
49 131 67.45
49 132 9.49
49 133 91.78
49 134 110.0
49 135 20.25
49 136 160.56
49 137 28.64
49 138 28.46
49 139 106.07
49 140 34.66
49 141 152.82
49 142 30.61
49 143 75.33
49 144 43.57
49 145 114.27
49 146 69.43
49 147 123.75
49 148 145.43
49 149 84.17
49 150 39.66
49 151 32.45
49 152 94.34
49 153 98.41
49 154 95.75
49 155 78.52
49 156 113.0
49 157 17.72
49 158 85.62
49 159 35.85
49 160 125.87
49 161 4.12
49 162 107.54
49 163 113.16
49 164 122.35
49 165 75.66
49 166 41.15
49 167 92.42
49 168 117.02
49 169 96.08
49 170 109.0
49 171 165.95
49 172 112.73
49 173 93.62
49 174 166.48
49 175 79.4
49 176 76.32
49 177 25.0
49 178 89.55
49 179 92.59
49 180 87.46
49 181 3.16
49 182 112.81
49 183 30.02
49 184 22.09
49 185 6.4
49 186 21.84
49 187 30.41
49 188 75.8
49 189 159.67
49 190 83.2
49 191 91.14
49 192 78.23
49 193 88.81
49 194 113.77
49 195 111.16
49 196 82.22
49 197 149.03
49 198 92.27
49 199 25.71
49 200 147.56
49 201 75.21
50 0 66.07
50 1 94.34
50 2 86.28
50 3 113.78
50 4 144.03
50 5 128.89
50 6 82.76
50 7 120.04
50 8 117.28
50 9 94.92
50 10 129.63
50 11 83.67
50 12 81.27
50 13 84.9
50 14 21.84
50 15 22.0
50 16 88.06
50 17 83.1
50 18 113.64
50 19 36.5
50 20 46.62
50 21 22.47
50 22 82.87
50 23 22.8
50 24 47.89
50 25 45.89
50 26 20.62
50 27 46.4
50 28 32.02
50 29 7.21
50 30 39.22
50 31 43.74
50 32 103.31
50 33 126.83
50 34 124.52
50 35 101.19
50 36 128.22
50 37 89.2
50 38 81.32
50 39 80.06
50 40 18.03
50 41 42.72
50 42 2.0
50 43 87.73
50 44 48.76
50 45 50.45
50 46 132.55
50 47 86.83
50 48 25.61
50 49 112.02
50 51 107.2
50 52 19.24
50 53 92.03
50 54 117.72
50 55 95.26
50 56 86.7
50 57 118.73
50 58 100.04
50 59 22.36
50 60 143.12
50 61 49.93
50 62 50.7
50 63 90.43
50 64 47.43
50 65 109.9
50 66 87.36
50 67 83.55
50 68 43.66
50 69 82.04
50 70 80.05
50 71 96.8
50 72 142.87
50 73 80.53
50 74 32.89
50 75 24.08
50 76 47.42
50 77 47.3
50 78 79.98
50 79 6.0
50 80 41.77
50 81 87.37
50 82 145.66
50 83 124.81
50 84 148.81
50 85 41.98
50 86 112.87
50 87 5.66
50 88 115.95
50 89 18.03
50 90 87.05
50 91 84.2
50 92 20.62
50 93 93.9
50 94 110.17
50 95 124.58
50 96 27.89
50 97 29.43
50 98 113.16
50 99 93.05
50 100 48.26
50 101 93.23
50 102 46.84
50 103 84.21
50 104 113.22
50 105 19.1
50 106 130.97
50 107 76.49
50 108 123.6
50 109 51.86
50 110 50.96
50 111 90.03
50 112 2.0
50 113 78.52
50 114 83.55
50 115 113.0
50 116 80.99
50 117 114.04
50 118 120.93
50 119 100.46
50 120 36.4
50 121 126.61
50 122 84.53
50 123 5.0
50 124 88.68
50 125 144.2
50 126 99.02
50 127 120.67
50 128 133.79
50 129 83.77
50 130 28.16
50 131 49.65
50 132 121.1
50 133 27.2
50 134 2.83
50 135 93.13
50 136 100.72
50 137 86.58
50 138 85.29
50 139 81.84
50 140 90.8
50 141 84.34
50 142 90.47
50 143 127.88
50 144 95.63
50 145 19.03
50 146 45.61
50 147 89.56
50 148 83.22
50 149 34.48
50 150 82.57
50 151 87.32
50 152 18.97
50 153 15.65
50 154 45.49
50 155 79.93
50 156 1.41
50 157 108.67
50 158 121.83
50 159 83.43
50 160 88.77
50 161 111.16
50 162 55.36
50 163 24.02
50 164 86.4
50 165 125.43
50 166 100.3
50 167 126.59
50 168 5.0
50 169 16.12
50 170 3.61
50 171 106.92
50 172 47.07
50 173 43.6
50 174 103.58
50 175 83.45
50 176 128.46
50 177 108.17
50 178 45.34
50 179 50.8
50 180 147.87
50 181 115.0
50 182 27.07
50 183 86.98
50 184 90.0
50 185 116.21
50 186 120.22
50 187 94.11
50 188 124.62
50 189 101.49
50 190 122.02
50 191 147.0
50 192 34.23
50 193 131.89
50 194 22.0
50 195 18.11
50 196 30.27
50 197 85.48
50 198 20.62
50 199 87.09
50 200 81.61
50 201 66.07
51 0 92.66
51 1 126.49
51 2 90.55
51 3 182.46
51 4 134.81
51 5 113.77
51 6 59.68
51 7 170.6
51 8 183.85
51 9 127.88
51 10 114.76
51 11 59.17
51 12 51.04
51 13 86.09
51 14 106.63
51 15 112.61
51 16 163.84
51 17 95.96
51 18 174.83
51 19 112.71
51 20 71.59
51 21 128.1
51 22 163.68
51 23 129.88
51 24 74.95
51 25 65.92
51 26 104.06
51 27 81.84
51 28 108.69
51 29 102.49
51 30 107.04
51 31 67.42
51 32 8.54
51 33 123.23
51 34 109.04
51 35 134.24
51 36 123.94
51 37 145.0
51 38 159.62
51 39 92.66
51 40 105.3
51 41 70.77
51 42 105.22
51 43 86.83
51 44 112.33
51 45 82.42
51 46 117.55
51 47 43.91
51 48 96.93
51 49 167.48
51 50 107.2
51 52 126.44
51 53 128.0
51 54 178.47
51 55 148.73
51 56 155.22
51 57 123.37
51 58 159.18
51 59 108.85
51 60 138.85
51 61 77.1
51 62 107.42
51 63 160.96
51 64 79.61
51 65 3.61
51 66 45.65
51 67 92.65
51 68 107.38
51 69 25.18
51 70 44.05
51 71 129.53
51 72 135.15
51 73 59.91
51 74 105.99
51 75 131.24
51 76 104.29
51 77 65.8
51 78 91.26
51 79 106.47
51 80 69.29
51 81 142.17
51 82 136.78
51 83 125.57
51 84 137.19
51 85 69.64
51 86 6.32
51 87 102.7
51 88 184.57
51 89 110.37
51 90 92.78
51 91 46.32
51 92 127.74
51 93 143.28
51 94 3.0
51 95 110.22
51 96 107.94
51 97 110.57
51 98 180.31
51 99 126.25
51 100 78.77
51 101 123.71
51 102 111.22
51 103 24.17
51 104 171.49
51 105 109.73
51 106 114.42
51 107 91.4
51 108 119.37
51 109 82.2
51 110 64.41
51 111 162.61
51 112 106.92
51 113 85.45
51 114 156.49
51 115 6.08
51 116 53.25
51 117 169.65
51 118 122.07
51 119 128.47
51 120 108.71
51 121 122.0
51 122 60.9
51 123 103.75
51 124 18.68
51 125 132.37
51 126 130.63
51 127 184.66
51 128 116.11
51 129 56.94
51 130 107.02
51 131 109.86
51 132 176.32
51 133 97.69
51 134 109.49
51 135 148.6
51 136 7.21
51 137 140.07
51 138 141.43
51 139 62.43
51 140 167.43
51 141 23.02
51 142 164.15
51 143 125.42
51 144 126.75
51 145 125.9
51 146 111.52
51 147 45.62
51 148 25.08
51 149 100.18
51 150 161.01
51 151 161.48
51 152 105.62
51 153 103.45
51 154 79.4
51 155 89.87
51 156 108.05
51 157 175.37
51 158 109.88
51 159 159.01
51 160 42.94
51 161 169.33
51 162 64.35
51 163 131.11
51 164 46.14
51 165 122.53
51 166 130.92
51 167 108.5
51 168 106.57
51 169 108.81
51 170 109.66
51 171 2.0
51 172 65.39
51 173 82.49
51 174 4.47
51 175 89.89
51 176 125.16
51 177 179.07
51 178 85.44
51 179 79.63
51 180 138.6
51 181 169.14
51 182 134.21
51 183 138.03
51 184 149.91
51 185 173.76
51 186 186.0
51 187 168.37
51 188 121.56
51 189 7.81
51 190 112.29
51 191 134.08
51 192 113.6
51 193 117.71
51 194 129.0
51 195 125.3
51 196 111.89
51 197 22.14
51 198 107.22
51 199 144.96
51 200 25.71
51 201 92.66
52 0 77.62
52 1 100.17
52 2 98.6
52 3 108.17
52 4 153.64
52 5 140.26
52 6 99.3
52 7 119.05
52 8 112.07
52 9 100.5
52 10 140.93
52 11 100.24
52 12 98.72
52 13 97.91
52 14 30.81
52 15 26.87
52 16 82.1
52 17 94.37
52 18 110.22
52 19 41.4
52 20 63.79
52 21 9.0
52 22 75.54
52 23 4.24
52 24 64.2
52 25 64.28
52 26 31.38
52 27 61.33
52 28 38.9
52 29 24.7
52 30 46.69
52 31 62.2
52 32 122.49
52 33 136.56
52 34 136.24
52 35 106.07
52 36 137.97
52 37 89.56
52 38 75.11
52 39 91.83
52 40 28.65
52 41 60.67
52 42 21.21
52 43 100.69
52 44 54.41
52 45 64.85
52 46 143.68
52 47 104.74
52 48 38.91
52 49 110.32
52 50 19.24
52 51 126.44
52 53 97.25
52 54 114.16
52 55 95.6
52 56 83.38
52 57 127.66
52 58 98.31
52 59 29.83
52 60 151.98
52 61 65.55
52 62 58.14
52 63 86.05
52 64 62.77
52 65 129.12
52 66 105.12
52 67 95.43
52 68 50.99
52 69 101.27
52 70 98.15
52 71 102.22
52 72 152.31
52 73 97.08
52 74 41.04
52 75 5.1
52 76 55.87
52 77 65.49
52 78 92.01
52 79 21.02
52 80 60.21
52 81 88.23
52 82 155.13
52 83 133.96
52 84 158.55
52 85 60.3
52 86 132.1
52 87 24.04
52 88 110.22
52 89 25.0
52 90 99.02
52 91 101.98
52 92 2.24
52 93 95.52
52 94 129.4
52 95 136.12
52 96 35.38
52 97 35.38
52 98 108.04
52 99 98.79
52 100 63.69
52 101 99.57
52 102 52.8
52 103 103.39
52 104 110.65
52 105 26.4
52 106 142.43
52 107 88.41
52 108 133.66
52 109 66.19
52 110 68.88
52 111 85.0
52 112 19.65
52 113 91.53
52 114 79.06
52 115 132.23
52 116 98.23
52 117 112.15
52 118 130.3
52 119 106.53
52 120 43.19
52 121 136.52
52 122 100.9
52 123 23.0
52 124 107.91
52 125 154.21
52 126 104.45
52 127 116.0
52 128 145.25
52 129 100.58
52 130 36.12
52 131 56.22
52 132 118.83
52 133 39.82
52 134 17.03
52 135 93.15
52 136 119.94
52 137 87.92
52 138 86.02
52 139 98.08
52 140 84.29
52 141 103.58
52 142 85.02
52 143 137.36
52 144 101.55
52 145 4.0
52 146 51.4
52 147 107.28
52 148 102.4
52 149 45.0
52 150 76.16
52 151 82.01
52 152 29.15
52 153 28.23
52 154 61.1
52 155 92.2
52 156 18.44
52 157 104.0
52 158 133.21
52 159 78.01
52 160 106.71
52 161 108.78
52 162 72.78
52 163 5.39
52 164 104.14
52 165 135.15
52 166 105.82
52 167 138.54
52 168 20.62
52 169 24.7
52 170 17.0
52 171 126.15
52 172 65.38
52 173 58.69
52 174 122.81
52 175 95.8
52 176 138.03
52 177 102.24
52 178 59.48
52 179 65.8
52 180 157.29
52 181 113.44
52 182 8.06
52 183 88.96
52 184 89.05
52 185 113.64
52 186 115.07
52 187 88.14
52 188 134.42
52 189 120.7
52 190 133.06
52 191 157.04
52 192 38.6
52 193 142.95
52 194 4.24
52 195 1.41
52 196 35.47
52 197 104.69
52 198 29.41
52 199 87.09
52 200 100.84
52 201 77.62
53 0 37.95
53 1 4.12
53 2 39.05
53 3 60.01
53 4 61.77
53 5 56.72
53 6 68.77
53 7 42.64
53 8 59.94
53 9 3.61
53 10 56.89
53 11 69.43
53 12 77.01
53 13 43.19
53 14 70.23
53 15 71.59
53 16 53.04
53 17 32.53
53 18 49.4
53 19 56.36
53 20 70.21
53 21 89.59
53 22 58.69
53 23 96.25
53 24 65.12
53 25 79.43
53 26 71.47
53 27 59.41
53 28 60.17
53 29 96.57
53 30 52.81
53 31 80.06
53 32 119.81
53 33 46.82
53 34 55.15
53 35 9.22
53 36 48.1
53 37 24.08
53 38 53.76
53 39 35.47
53 40 74.0
53 41 75.8
53 42 91.39
53 43 43.42
53 44 43.46
53 45 55.73
53 46 58.46
53 47 84.5
53 48 68.45
53 49 40.61
53 50 92.03
53 51 128.0
53 52 97.25
53 54 52.43
53 55 24.35
53 56 41.01
53 57 36.4
53 58 35.47
53 59 70.01
53 60 58.25
53 61 61.19
53 62 41.48
53 63 46.04
53 64 60.67
53 65 128.23
53 66 82.98
53 67 36.07
53 68 48.38
53 69 112.25
53 70 84.05
53 71 5.0
53 72 60.03
53 73 68.25
53 74 59.14
53 75 100.7
53 76 45.12
53 77 77.67
53 78 36.88
53 79 97.72
53 80 79.76
53 81 22.0
53 82 62.77
53 83 42.54
53 84 66.73
53 85 78.77
53 86 130.1
53 87 94.64
53 88 61.74
53 89 74.85
53 90 37.01
53 91 81.84
53 92 96.04
53 93 18.03
53 94 129.81
53 95 54.23
53 96 64.26
53 97 63.16
53 98 57.27
53 99 3.0
53 100 60.83
53 101 6.08
53 102 45.31
53 103 107.54
53 104 45.22
53 105 73.54
53 106 58.86
53 107 36.62
53 108 45.61
53 109 54.92
53 110 75.43
53 111 49.01
53 112 93.92
53 113 42.64
53 114 46.27
53 115 130.87
53 116 74.81
53 117 42.64
53 118 40.16
53 119 10.0
53 120 55.71
53 121 47.43
53 122 67.94
53 123 87.93
53 124 113.88
53 125 63.51
53 126 7.21
53 127 59.36
53 128 61.19
53 129 71.59
53 130 63.91
53 131 42.38
53 132 48.8
53 133 66.49
53 134 90.82
53 135 25.71
53 136 121.25
53 137 20.02
53 138 23.09
53 139 65.95
53 140 56.0
53 141 114.95
53 142 51.01
53 143 46.62
53 144 5.39
53 145 100.72
53 146 46.62
53 147 83.55
53 148 107.04
53 149 58.46
53 150 54.59
53 151 50.04
53 152 73.05
53 153 76.54
53 154 62.51
53 155 38.29
53 156 93.3
53 157 52.92
53 158 51.16
53 159 50.36
53 160 85.8
53 161 43.27
53 162 71.47
53 163 101.55
53 164 82.33
53 165 45.54
53 166 8.6
53 167 58.14
53 168 96.77
53 169 76.32
53 170 89.89
53 171 126.4
53 172 78.64
53 173 61.2
53 174 127.31
53 175 38.9
53 176 47.54
53 177 58.82
53 178 57.14
53 179 58.05
53 180 64.66
53 181 41.77
53 182 102.34
53 183 17.03
53 184 30.15
53 185 47.01
53 186 61.4
53 187 54.15
53 188 45.22
53 189 120.21
53 190 49.37
53 191 66.19
53 192 59.03
53 193 57.49
53 194 101.36
53 195 97.62
53 196 62.65
53 197 110.64
53 198 71.51
53 199 26.0
53 200 109.59
53 201 37.95
54 0 85.91
54 1 55.23
54 2 91.4
54 3 13.42
54 4 97.0
54 5 101.2
54 6 120.28
54 7 16.28
54 8 10.2
54 9 53.85
54 10 101.0
54 11 121.02
54 12 127.99
54 13 95.43
54 14 97.86
54 15 95.89
54 16 33.53
54 17 84.65
54 18 4.12
54 19 83.2
54 20 113.74
54 21 105.17
54 22 41.79
54 23 111.36
54 24 108.91
54 25 122.59
54 26 100.22
54 27 102.08
54 28 88.53
54 29 124.17
54 30 84.12
54 31 122.54
54 32 170.53
54 33 88.12
54 34 101.39
54 35 49.66
54 36 88.96
54 37 33.84
54 38 40.26
54 39 87.21
54 40 101.79
54 41 118.07
54 42 117.96
54 43 95.8
54 44 74.67
54 45 99.64
54 46 101.43
54 47 135.77
54 48 101.24
54 49 12.08
54 50 117.72
54 51 178.47
54 52 114.16
54 53 52.43
54 55 29.73
54 56 31.06
54 57 78.85
54 58 19.72
54 59 96.51
54 60 91.05
54 61 105.48
54 62 76.97
54 63 28.16
54 64 103.94
54 65 179.01
54 66 134.38
54 67 88.24
54 68 80.99
54 69 160.42
54 70 134.47
54 71 52.84
54 72 95.0
54 73 119.52
54 74 89.29
54 75 115.52
54 76 81.02
54 77 121.31
54 78 88.62
54 79 123.69
54 80 121.64
54 81 36.62
54 82 97.02
54 83 83.02
54 84 101.04
54 85 120.75
54 86 181.07
54 87 122.19
54 88 13.6
54 89 99.98
54 90 89.4
54 91 132.94
54 92 112.22
54 93 35.38
54 94 180.48
54 95 100.17
54 96 92.2
54 97 89.82
54 98 10.82
54 99 54.92
54 100 104.45
54 101 57.98
54 102 76.55
54 103 156.65
54 104 7.21
54 105 99.14
54 106 102.96
54 107 87.73
54 108 88.84
54 109 99.32
54 110 120.22
54 111 29.61
54 112 119.71
54 113 94.18
54 114 35.13
54 115 181.79
54 116 125.87
54 117 10.44
54 118 82.76
54 119 56.36
54 120 85.16
54 121 89.27
54 122 119.67
54 123 115.26
54 124 163.05
54 125 100.02
54 126 52.77
54 127 7.28
54 128 104.56
54 129 123.11
54 130 92.42
54 131 75.77
54 132 8.94
54 133 99.33
54 134 115.52
54 135 30.0
54 136 171.49
54 137 38.6
54 138 37.74
54 139 117.46
54 140 32.7
54 141 163.22
54 142 30.08
54 143 86.83
54 144 55.57
54 145 118.15
54 146 77.16
54 147 135.15
54 148 156.03
54 149 92.03
54 150 39.56
54 151 32.76
54 152 100.81
54 153 104.92
54 154 105.19
54 155 90.03
54 156 118.61
54 157 11.66
54 158 97.53
54 159 36.67
54 160 137.21
54 161 9.22
54 162 117.6
54 163 116.52
54 164 133.66
54 165 87.3
54 166 53.23
54 167 104.29
54 168 122.69
54 169 102.11
54 170 114.53
54 171 176.98
54 172 122.19
54 173 102.88
54 174 177.34
54 175 91.05
54 176 87.82
54 177 17.69
54 178 98.88
54 179 102.4
54 180 98.08
54 181 12.17
54 182 115.85
54 183 40.46
54 184 29.97
54 185 6.08
54 186 10.05
54 187 28.23
54 188 87.48
54 189 170.66
54 190 95.08
54 191 102.0
54 192 84.72
54 193 100.45
54 194 117.35
54 195 115.11
54 196 88.65
54 197 159.62
54 198 98.66
54 199 34.48
54 200 158.0
54 201 85.91
55 0 56.22
55 1 27.89
55 2 62.43
55 3 35.78
55 4 80.08
55 5 79.01
55 6 90.69
55 7 25.32
55 8 36.06
55 9 26.68
55 10 79.03
55 11 91.44
55 12 98.29
55 13 66.29
55 14 74.01
55 15 73.33
55 16 31.62
55 17 55.47
55 18 26.17
55 19 59.01
55 20 85.0
55 21 86.98
55 22 38.91
55 23 93.61
55 24 80.06
55 25 94.02
55 26 76.01
55 27 73.41
55 28 64.01
55 29 101.04
55 30 58.31
55 31 94.15
55 32 140.8
55 33 67.48
55 34 78.1
55 35 25.02
55 36 68.59
55 37 6.08
55 38 34.48
55 39 57.8
55 40 78.01
55 41 89.69
55 42 95.13
55 43 66.89
55 44 48.37
55 45 70.66
55 46 80.16
55 47 106.1
55 48 75.54
55 49 19.24
55 50 95.26
55 51 148.73
55 52 95.6
55 53 24.35
55 54 29.73
55 56 20.12
55 57 57.22
55 58 11.18
55 59 73.06
55 60 75.27
55 61 76.48
55 62 49.48
55 63 23.77
55 64 75.15
55 65 149.28
55 66 104.74
55 67 59.08
55 68 54.59
55 69 130.92
55 70 104.74
55 71 26.31
55 72 78.16
55 73 89.87
55 74 64.12
55 75 98.03
55 76 53.6
55 77 92.61
55 78 59.2
55 79 101.24
55 80 93.41
55 81 8.06
55 82 80.65
55 83 62.65
55 84 84.77
55 85 92.48
55 86 151.35
55 87 99.05
55 88 37.59
55 89 77.23
55 90 60.54
55 91 103.25
55 92 93.96
55 93 6.32
55 94 150.75
55 95 77.06
55 96 68.0
55 97 66.03
55 98 33.12
55 99 27.2
55 100 75.58
55 101 30.36
55 102 50.36
55 103 127.0
55 104 22.8
55 105 76.16
55 106 81.02
55 107 58.14
55 108 67.12
55 109 70.24
55 110 91.24
55 111 26.93
55 112 97.25
55 113 64.66
55 114 26.42
55 115 152.07
55 116 96.18
55 117 21.47
55 118 61.2
55 119 31.06
55 120 60.07
55 121 68.36
55 122 90.14
55 123 92.05
55 124 133.41
55 125 82.46
55 126 27.07
55 127 36.12
55 128 83.1
55 129 93.51
55 130 68.01
55 131 48.84
55 132 28.64
55 133 73.55
55 134 93.43
55 135 2.83
55 136 141.77
55 137 9.49
55 138 10.0
55 139 87.86
55 140 33.96
55 141 133.7
55 142 28.86
55 143 66.75
55 144 28.64
55 145 99.46
55 146 51.24
55 147 105.55
55 148 126.4
55 149 65.76
55 150 34.89
55 151 28.79
55 152 77.01
55 153 81.0
55 154 76.56
55 155 60.61
55 156 96.33
55 157 28.64
55 158 74.11
55 159 30.41
55 160 107.56
55 161 20.62
55 162 88.32
55 163 98.98
55 164 104.0
55 165 66.37
55 166 28.02
55 167 81.1
55 168 100.24
55 169 79.16
55 170 92.44
55 171 147.25
55 172 93.52
55 173 74.46
55 174 147.63
55 175 61.85
55 176 67.74
55 177 34.48
55 178 70.38
55 179 73.36
55 180 82.22
55 181 21.54
55 182 99.02
55 183 10.82
55 184 8.6
55 185 25.24
55 186 37.8
55 187 31.26
55 188 66.27
55 189 140.93
55 190 72.03
55 191 84.9
55 192 61.07
55 193 79.16
55 194 99.33
55 195 96.3
55 196 65.07
55 197 130.0
55 198 75.03
55 199 8.54
55 200 128.46
55 201 56.22
56 0 63.51
56 1 45.04
56 2 74.95
56 3 28.65
56 4 99.93
56 5 97.51
56 6 99.98
56 7 36.77
56 8 31.38
56 9 44.1
56 10 97.62
56 11 100.85
56 12 106.51
56 13 78.19
56 14 67.19
56 15 64.94
56 16 12.04
56 17 67.68
56 18 27.02
56 19 52.81
56 20 86.83
56 21 74.43
56 22 18.79
56 23 80.75
56 24 82.33
56 25 95.21
56 26 69.64
56 27 75.29
56 28 58.19
56 29 93.21
56 30 54.56
56 31 94.87
56 32 147.76
56 33 86.68
56 34 96.13
56 35 44.15
56 36 87.86
56 37 17.26
56 38 14.42
56 39 69.08
56 40 71.06
56 41 90.44
56 42 86.98
56 43 79.38
56 44 45.79
56 45 73.59
56 46 98.99
56 47 114.55
56 48 71.31
56 49 27.51
56 50 86.7
56 51 155.22
56 52 83.38
56 53 41.01
56 54 31.06
56 55 20.12
56 57 76.3
56 58 16.12
56 59 65.73
56 60 95.27
56 61 79.31
56 62 49.2
56 63 5.83
56 64 77.34
56 65 156.2
56 66 113.44
56 67 71.17
56 68 51.97
56 69 135.15
56 70 112.0
56 71 44.28
56 72 98.03
56 73 98.79
56 74 59.24
56 75 85.0
56 76 53.01
56 77 94.2
56 78 70.38
56 79 92.66
56 80 93.74
56 81 19.03
56 82 100.57
56 83 82.0
56 84 104.68
56 85 92.91
56 86 158.52
56 87 91.24
56 88 30.89
56 89 69.05
56 90 73.38
56 91 111.5
56 92 81.5
56 93 25.0
56 94 157.49
56 95 95.19
56 96 61.68
56 97 59.2
56 98 27.31
56 99 44.01
56 100 77.99
56 101 47.0
56 102 47.51
56 103 132.25
56 104 27.29
56 105 68.25
56 106 99.61
56 107 68.45
56 108 85.99
56 109 73.55
56 110 93.72
56 111 8.25
56 112 88.68
56 113 75.15
56 114 6.4
56 115 159.15
56 116 104.56
56 117 29.12
56 118 80.23
56 119 49.5
56 120 55.15
56 121 87.48
56 122 99.85
56 123 84.34
56 124 138.6
56 125 102.2
56 126 45.54
56 127 34.21
56 128 101.83
56 129 102.73
56 130 61.98
56 131 47.43
56 132 35.51
56 133 69.46
56 134 84.48
56 135 17.46
56 136 148.07
56 137 21.0
56 138 18.03
56 139 97.25
56 140 15.03
56 141 137.97
56 142 10.2
56 143 86.12
56 144 46.1
56 145 87.37
56 146 47.89
56 147 114.59
56 148 131.53
56 149 62.61
56 150 14.76
56 151 9.06
56 152 70.09
56 153 74.22
56 154 78.24
56 155 71.69
56 156 87.57
56 157 22.47
56 158 92.14
56 159 10.3
56 160 116.21
56 161 25.5
56 162 91.97
56 163 85.99
56 164 112.61
56 165 85.51
56 166 46.69
56 167 99.13
56 168 91.66
56 169 71.2
56 170 83.49
56 171 153.91
56 172 95.0
56 173 75.6
56 174 153.57
56 175 73.74
56 176 87.1
56 177 24.21
56 178 71.84
56 179 76.42
56 180 102.18
56 181 30.68
56 182 85.51
56 183 24.0
56 184 11.7
56 185 30.27
56 186 34.18
56 187 13.93
56 188 85.33
56 189 147.51
56 190 90.27
56 191 104.69
56 192 54.12
56 193 98.01
56 194 86.7
56 195 84.29
56 196 57.97
56 197 135.06
56 198 67.91
56 199 15.03
56 200 132.97
56 201 63.51
57 0 53.71
57 1 32.31
57 2 38.21
57 3 89.68
57 4 26.25
57 5 22.36
57 6 65.92
57 7 64.2
57 8 88.28
57 9 32.89
57 10 22.2
57 11 66.1
57 12 75.13
57 13 42.05
57 14 98.01
57 15 100.9
57 16 88.28
57 17 37.64
57 18 77.1
57 19 86.37
57 20 84.65
57 21 120.97
57 22 94.59
57 23 127.4
57 24 80.08
57 25 92.96
57 26 98.47
57 27 76.9
57 28 88.87
57 29 121.8
57 30 81.06
57 31 94.37
57 32 114.83
57 33 10.44
57 34 22.85
57 35 32.25
57 36 11.7
57 37 59.03
57 38 89.74
57 39 41.48
57 40 101.26
57 41 90.96
57 42 117.66
57 43 40.0
57 44 73.55
57 45 72.45
57 46 23.0
57 47 80.52
57 48 93.3
57 49 67.08
57 50 118.73
57 51 123.37
57 52 127.66
57 53 36.4
57 54 78.85
57 55 57.22
57 56 76.3
57 58 67.0
57 59 98.41
57 60 24.41
57 61 76.24
57 62 69.53
57 63 80.75
57 64 77.16
57 65 122.56
57 66 78.59
57 67 38.83
57 68 76.69
57 69 114.27
57 70 83.19
57 71 32.28
57 72 24.76
57 73 66.61
57 74 87.01
57 75 131.71
57 76 72.01
57 77 90.8
57 78 42.2
57 79 123.82
57 80 94.83
57 81 57.49
57 82 27.59
57 83 6.4
57 84 31.24
57 85 93.86
57 86 123.69
57 87 120.07
57 88 90.93
57 89 103.41
57 90 36.35
57 91 78.85
57 92 126.81
57 93 51.48
57 94 124.42
57 95 21.54
57 96 92.62
57 97 92.31
57 98 86.7
57 99 33.62
57 100 76.84
57 101 31.3
57 102 75.01
57 103 107.87
57 104 72.18
57 105 102.0
57 106 24.19
57 107 44.92
57 108 10.05
57 109 71.17
57 110 87.3
57 111 83.86
57 112 120.42
57 113 46.53
57 114 82.0
57 115 124.62
57 116 72.99
57 117 68.45
57 118 4.0
57 119 26.93
57 120 84.5
57 121 11.18
57 122 64.13
57 123 114.06
57 124 113.56
57 125 27.46
57 126 30.81
57 127 86.12
57 128 26.02
57 129 68.25
57 130 92.01
57 131 71.51
57 132 72.12
57 133 91.59
57 134 118.15
57 135 59.41
57 136 117.64
57 137 55.79
57 138 58.94
57 139 63.64
57 140 90.93
57 141 116.56
57 142 85.84
57 143 10.3
57 144 31.02
57 145 130.73
57 146 76.42
57 147 78.16
57 148 107.69
57 149 84.31
57 150 90.47
57 151 85.33
57 152 100.44
57 153 103.17
57 154 79.38
57 155 42.95
57 156 120.11
57 157 83.29
57 158 19.24
57 159 86.12
57 160 81.04
57 161 70.86
57 162 81.88
57 163 132.46
57 164 78.34
57 165 9.22
57 166 29.61
57 167 25.63
57 168 122.97
57 169 104.4
57 170 117.32
57 171 121.49
57 172 91.78
57 173 79.48
57 174 123.97
57 175 40.45
57 176 11.18
57 177 90.14
57 178 76.16
57 179 73.68
57 180 29.7
57 181 66.71
57 182 133.73
57 183 52.89
57 184 64.78
57 185 72.78
57 186 88.84
57 187 88.46
57 188 9.06
57 189 116.06
57 190 16.55
57 191 30.23
57 192 89.2
57 193 22.0
57 194 131.89
57 195 127.78
57 196 92.2
57 197 111.0
57 198 99.4
57 199 61.39
57 200 111.31
57 201 53.71
58 0 66.53
58 1 38.9
58 2 73.57
58 3 24.6
58 4 88.65
58 5 89.09
58 6 101.53
58 7 20.88
58 8 25.0
58 9 37.64
58 10 89.05
58 11 102.3
58 12 108.98
58 13 77.39
58 14 79.51
58 15 78.06
58 16 25.0
58 17 66.57
58 18 15.81
58 19 64.63
58 20 94.02
58 21 89.44
58 22 33.3
58 23 95.9
58 24 89.19
58 25 102.88
58 26 81.74
58 27 82.37
58 28 69.87
58 29 106.23
58 30 65.0
58 31 102.86
58 32 151.33
58 33 77.06
58 34 88.46
58 35 35.23
58 36 78.1
58 37 14.21
58 38 29.73
58 39 68.82
58 40 83.49
58 41 98.39
58 42 100.12
58 43 78.03
58 44 55.36
58 45 79.92
58 46 90.0
58 47 116.85
58 48 82.23
58 49 12.04
58 50 100.04
58 51 159.18
58 52 98.31
58 53 35.47
58 54 19.72
58 55 11.18
58 56 16.12
58 57 67.0
58 59 78.31
58 60 83.43
58 61 85.76
58 62 57.38
58 63 17.03
58 64 84.22
58 65 159.81
58 66 115.52
58 67 70.18
58 68 61.68
58 69 140.8
58 70 115.26
58 71 37.11
58 72 86.68
58 73 100.66
58 74 70.41
58 75 100.22
58 76 61.47
58 77 101.6
58 78 70.21
58 79 106.04
58 80 101.98
58 81 17.03
58 82 89.05
58 83 72.11
58 84 93.17
58 85 101.08
58 86 161.93
58 87 104.24
58 88 26.42
58 89 82.1
58 90 71.69
58 91 113.95
58 92 96.51
58 93 17.46
58 94 161.25
58 95 87.37
58 96 73.68
58 97 71.45
58 98 21.95
58 99 38.28
58 100 84.72
58 101 41.44
58 102 57.28
58 103 137.13
58 104 13.6
58 105 81.15
58 106 91.05
58 107 69.03
58 108 77.01
58 109 79.61
58 110 100.5
58 111 20.0
58 112 102.04
58 113 75.6
58 114 22.2
58 115 162.63
58 116 106.89
58 117 14.0
58 118 71.0
58 119 41.59
58 120 66.29
58 121 78.03
58 122 101.04
58 123 97.25
58 124 143.53
58 125 91.24
58 126 37.66
58 127 25.5
58 128 93.01
58 129 104.35
58 130 73.82
58 131 56.3
58 132 21.1
58 133 80.28
58 134 98.01
58 135 10.63
58 136 152.16
58 137 19.1
58 138 18.03
58 139 98.72
58 140 26.42
58 141 143.6
58 142 21.63
58 143 76.16
58 144 39.56
58 145 102.26
58 146 57.97
58 147 116.39
58 148 136.5
58 149 72.8
58 150 29.7
58 151 22.67
58 152 82.49
58 153 86.58
58 154 85.48
58 155 71.61
58 156 101.02
58 157 17.46
58 158 84.48
58 159 25.5
58 160 118.34
58 161 11.4
58 162 97.91
58 163 101.2
58 164 114.77
58 165 76.03
58 166 38.47
58 167 91.44
58 168 105.04
58 169 84.15
58 170 97.01
58 171 157.72
58 172 102.47
58 173 83.19
58 174 157.95
58 175 72.95
58 176 77.16
58 177 23.54
58 178 79.18
58 179 82.68
58 180 90.47
58 181 15.13
58 182 100.9
58 183 21.26
58 184 10.44
58 185 16.49
58 186 26.91
58 187 22.85
58 188 76.01
58 189 151.38
58 190 82.3
58 191 93.56
58 192 66.37
58 193 89.0
58 194 101.79
58 195 99.14
58 196 70.35
58 197 140.09
58 198 80.4
58 199 14.76
58 200 138.41
58 201 66.53
59 0 47.8
59 1 72.5
59 2 68.82
59 3 93.61
59 4 124.2
59 5 110.45
59 6 72.18
59 7 98.01
59 8 96.84
59 9 73.01
59 10 111.13
59 11 73.16
59 12 73.11
59 13 68.26
59 14 2.24
59 15 4.0
59 16 68.54
59 17 64.54
59 18 92.4
59 19 14.14
59 20 39.2
59 21 25.08
59 22 64.5
59 23 30.53
59 24 38.01
59 25 43.01
59 26 5.0
59 27 33.54
59 28 9.85
59 29 28.0
59 30 17.49
59 31 41.44
59 32 103.45
59 33 107.06
59 34 106.4
59 35 79.12
59 36 108.47
59 37 67.03
59 38 62.17
59 39 62.01
59 40 5.39
59 41 38.33
59 42 22.09
59 43 71.02
59 44 26.57
59 45 36.4
59 46 113.9
59 47 80.0
59 48 12.17
59 49 90.2
59 50 22.36
59 51 108.85
59 52 29.83
59 53 70.01
59 54 96.51
59 55 73.06
59 56 65.73
59 57 98.41
59 58 78.31
59 60 122.8
59 61 38.33
59 62 29.15
59 63 69.92
59 64 35.36
59 65 111.0
59 66 80.02
59 67 65.6
59 68 21.95
59 69 84.58
59 70 74.11
59 71 74.85
59 72 122.92
59 73 70.04
59 74 11.4
59 75 34.41
59 76 26.4
59 77 43.42
59 78 62.2
59 79 28.28
59 80 39.56
59 81 65.12
59 82 125.73
59 83 104.64
59 84 129.07
59 85 39.22
59 86 113.84
59 87 26.0
59 88 95.82
59 89 5.0
59 90 69.2
59 91 77.01
59 92 29.41
59 93 71.57
59 94 111.66
59 95 106.3
59 96 5.83
59 97 7.07
59 98 92.72
59 99 71.18
59 100 36.35
59 101 71.55
59 102 24.7
59 103 84.76
59 104 91.66
59 105 3.61
59 106 112.61
59 107 58.6
59 108 104.06
59 109 37.64
59 110 45.71
59 111 69.89
59 112 24.33
59 113 61.91
59 114 63.25
59 115 114.16
59 116 72.25
59 117 92.27
59 118 100.9
59 119 78.72
59 120 14.32
59 121 106.96
59 122 73.55
59 123 19.0
59 124 90.25
59 125 124.65
59 126 77.08
59 127 99.92
59 128 115.43
59 129 73.82
59 130 6.4
59 131 27.73
59 132 99.41
59 133 12.0
59 134 20.88
59 135 71.01
59 136 101.84
59 137 64.28
59 138 63.07
59 139 70.61
59 140 71.59
59 141 87.24
59 142 70.58
59 143 107.94
59 144 73.82
59 145 32.53
59 146 23.41
59 147 82.05
59 148 83.82
59 149 15.26
59 150 63.51
59 151 67.42
59 152 4.47
59 153 8.54
59 154 34.13
59 155 62.43
59 156 23.54
59 157 88.06
59 158 103.39
59 159 63.69
59 160 82.0
59 161 89.56
59 162 48.09
59 163 35.0
59 164 79.03
59 165 105.65
59 166 78.39
59 167 108.71
59 168 27.29
59 169 6.32
59 170 19.92
59 171 108.17
59 172 43.68
59 173 31.26
59 174 105.85
59 175 66.03
59 176 108.58
59 177 88.26
59 178 31.05
59 179 37.85
59 180 127.91
59 181 93.13
59 182 36.89
59 183 64.63
59 184 68.12
59 185 94.64
59 186 99.72
59 187 74.46
59 188 104.89
59 189 102.14
59 190 103.28
59 191 127.48
59 192 12.0
59 193 113.17
59 194 34.06
59 195 29.73
59 196 8.0
59 197 86.73
59 198 2.24
59 199 65.0
59 200 83.38
59 201 47.8
60 0 77.83
60 1 54.41
60 2 60.73
60 3 103.39
60 4 6.71
60 5 25.3
60 6 85.05
60 7 75.0
60 8 101.12
60 9 54.64
60 10 24.35
60 11 85.02
60 12 94.01
60 13 64.03
60 14 122.41
60 15 125.25
60 16 106.89
60 17 61.33
60 18 90.27
60 19 110.63
60 20 107.84
60 21 145.17
60 22 114.02
60 23 151.64
60 24 103.46
60 25 115.8
60 26 122.89
60 27 100.72
60 28 113.23
60 29 146.12
60 30 105.42
60 31 117.34
60 32 130.42
60 33 17.46
60 34 29.83
60 35 51.88
60 36 16.28
60 37 78.39
60 38 109.38
60 39 65.0
60 40 125.67
60 41 114.16
60 42 142.04
60 43 61.61
60 44 97.74
60 45 96.25
60 46 21.93
60 47 98.18
60 48 117.66
60 49 80.4
60 50 143.12
60 51 138.85
60 52 151.98
60 53 58.25
60 54 91.05
60 55 75.27
60 56 95.27
60 57 24.41
60 58 83.43
60 59 122.8
60 61 99.72
60 62 93.86
60 63 98.98
60 64 100.85
60 65 137.54
60 66 96.19
60 67 62.03
60 68 101.04
60 69 133.03
60 70 102.0
60 71 53.54
60 72 5.0
60 73 86.15
60 74 111.4
60 75 155.97
60 76 96.4
60 77 113.6
60 78 65.55
60 79 148.19
60 80 117.95
60 81 77.39
60 82 6.08
60 83 18.36
60 84 10.0
60 85 117.0
60 86 138.25
60 87 144.4
60 88 104.24
60 89 127.8
60 90 59.14
60 91 97.05
60 92 151.09
60 93 70.38
60 94 139.49
60 95 28.64
60 96 117.0
60 97 116.66
60 98 100.4
60 99 55.8
60 100 100.46
60 101 54.04
60 102 99.25
60 103 126.14
60 104 85.29
60 105 126.4
60 106 25.08
60 107 68.54
60 108 21.38
60 109 94.94
60 110 109.9
60 111 102.14
60 112 144.8
60 113 69.26
60 114 101.39
60 115 139.22
60 116 92.02
60 117 81.22
60 118 22.36
60 119 48.26
60 120 108.85
60 121 18.25
60 122 83.02
60 123 138.44
60 124 131.38
60 125 10.3
60 126 51.62
60 127 98.01
60 128 24.19
60 129 87.01
60 130 116.4
60 131 95.78
60 132 83.01
60 133 115.97
60 134 142.56
60 135 77.83
60 136 133.82
60 137 76.03
60 138 79.16
60 139 83.15
60 140 109.11
60 141 135.09
60 142 104.04
60 143 15.81
60 144 53.01
60 145 155.08
60 146 100.66
60 147 95.34
60 148 126.1
60 149 108.72
60 150 109.93
60 151 104.06
60 152 124.85
60 153 127.58
60 154 103.08
60 155 66.13
60 156 144.51
60 157 97.87
60 158 29.15
60 159 105.48
60 160 98.33
60 161 84.48
60 162 104.29
60 163 156.73
60 164 96.13
60 165 18.68
60 166 50.25
60 167 30.68
60 168 147.34
60 169 128.81
60 170 141.74
60 171 136.89
60 172 114.56
60 173 103.37
60 174 140.07
60 175 63.25
60 176 15.52
60 177 105.08
60 178 100.18
60 179 97.31
60 180 7.07
60 181 79.16
60 182 157.95
60 183 73.36
60 184 83.57
60 185 85.09
60 186 101.02
60 187 106.04
60 188 19.65
60 189 132.02
60 190 27.02
60 191 11.4
60 192 113.45
60 193 21.54
60 194 156.2
60 195 152.12
60 196 116.52
60 197 129.19
60 198 123.81
60 199 81.02
60 200 130.03
60 201 77.83
61 0 24.0
61 1 61.52
61 2 39.36
61 3 107.45
61 4 99.32
61 5 81.84
61 6 33.96
61 7 100.85
61 8 109.4
61 9 62.65
61 10 82.68
61 11 34.93
61 12 35.01
61 13 36.89
61 14 36.5
61 15 42.3
61 16 87.11
61 17 38.6
61 18 101.55
61 19 37.11
61 20 9.06
61 21 62.82
61 22 86.61
61 23 67.36
61 24 4.0
61 25 18.25
61 26 34.93
61 27 5.1
61 28 34.23
61 29 50.33
61 30 30.68
61 31 19.03
61 32 70.33
61 33 82.46
61 34 77.1
61 35 69.72
61 36 83.77
61 37 71.69
61 38 82.62
61 39 34.79
61 40 37.36
61 41 15.03
61 42 48.26
61 43 39.66
61 44 35.23
61 45 5.83
61 46 85.76
61 47 42.3
61 48 26.93
61 49 95.71
61 50 49.93
61 51 77.1
61 52 65.55
61 53 61.19
61 54 105.48
61 55 76.48
61 56 79.31
61 57 76.24
61 58 85.76
61 59 38.33
61 60 99.72
61 62 30.48
61 63 84.9
61 64 3.0
61 65 78.55
61 66 42.11
61 67 37.7
61 68 30.41
61 69 55.87
61 70 37.11
61 71 64.63
61 72 98.49
61 73 31.78
61 74 31.26
61 75 70.58
61 76 27.2
61 77 16.49
61 78 34.18
61 79 53.41
61 80 19.03
61 81 68.96
61 82 101.13
61 83 81.6
61 84 103.75
61 85 18.03
61 86 81.12
61 87 49.04
61 88 109.64
61 89 41.98
61 90 40.72
61 91 39.2
61 92 65.79
61 93 72.09
61 94 79.61
61 95 77.39
61 96 35.0
61 97 37.05
61 98 105.6
61 99 60.67
61 100 2.0
61 101 59.3
61 102 34.13
61 103 53.41
61 104 98.98
61 105 40.79
61 106 83.76
61 107 31.32
61 108 78.79
61 109 6.32
61 110 14.76
61 111 86.27
61 112 51.04
61 113 30.89
61 114 79.93
61 115 81.63
61 116 34.01
61 117 97.95
61 118 77.49
61 119 66.12
61 120 32.98
61 121 81.94
61 122 35.44
61 123 44.94
61 124 59.67
61 125 98.84
61 126 66.48
61 127 110.94
61 128 86.53
61 129 35.51
61 130 34.0
61 131 32.8
61 132 105.1
61 133 26.48
61 134 50.61
61 135 75.66
61 136 69.89
61 137 67.12
61 138 67.74
61 139 32.57
61 140 90.69
61 141 58.69
61 142 87.69
61 143 83.93
61 144 62.39
61 145 67.12
61 146 34.48
61 147 44.05
61 148 52.63
61 149 25.18
61 150 84.02
61 151 84.9
61 152 37.11
61 153 37.34
61 154 4.47
61 155 33.62
61 156 51.31
61 157 100.6
61 158 74.95
61 159 82.22
61 160 44.28
61 161 96.75
61 162 12.81
61 163 70.94
61 164 41.11
61 165 81.15
61 166 67.36
61 167 78.82
61 168 52.8
61 169 41.48
61 170 50.12
61 171 76.01
61 172 17.46
61 173 7.07
61 174 75.0
61 175 36.67
61 176 84.31
61 177 103.48
61 178 8.54
61 179 3.16
61 180 103.37
61 181 97.94
61 182 73.39
61 183 65.74
61 184 75.72
61 185 101.6
61 186 111.83
61 187 91.93
61 188 80.23
61 189 69.64
61 190 75.66
61 191 101.53
61 192 38.64
61 193 85.23
61 194 69.46
61 195 65.0
61 196 38.12
61 197 56.08
61 198 37.66
61 199 71.02
61 200 53.76
61 201 24.0
62 0 23.35
62 1 43.66
62 2 43.66
62 3 77.67
62 4 95.52
62 5 83.01
62 6 57.27
62 7 74.73
62 8 79.92
62 9 44.27
62 10 83.6
62 11 58.25
62 12 61.68
62 13 44.38
62 14 29.07
62 15 31.4
62 16 56.64
62 17 38.01
62 18 72.92
62 19 17.03
62 20 37.64
62 21 51.66
62 22 56.3
62 23 57.98
62 24 33.24
62 25 46.04
62 26 30.08
62 27 26.17
62 28 19.42
62 29 55.08
62 30 11.66
62 31 45.79
62 32 100.4
62 33 78.49
62 34 79.32
62 35 50.7
62 36 79.91
62 37 43.97
62 38 52.2
62 39 36.4
62 40 32.7
62 41 41.34
62 42 49.98
62 43 46.84
62 44 6.0
62 45 25.0
62 46 86.21
62 47 69.64
62 48 27.17
62 49 68.31
62 50 50.7
62 51 107.42
62 52 58.14
62 53 41.48
62 54 76.97
62 55 49.48
62 56 49.2
62 57 69.53
62 58 57.38
62 59 29.15
62 60 93.86
62 61 30.48
62 63 54.67
62 64 28.28
62 65 108.72
62 66 68.95
62 67 39.92
62 68 7.21
62 69 86.28
62 70 65.74
62 71 46.17
62 72 94.18
62 73 55.54
62 74 17.89
62 75 62.24
62 76 4.12
62 77 45.0
62 78 37.0
62 79 56.3
62 80 44.78
62 81 41.48
62 82 97.0
62 83 75.82
62 84 100.45
62 85 43.91
62 86 111.22
62 87 53.16
62 88 79.88
62 89 34.13
62 90 43.46
62 91 66.48
62 92 57.31
62 93 46.39
62 94 109.86
62 95 79.06
62 96 23.32
62 97 22.8
62 98 76.01
62 99 42.38
62 100 29.0
62 101 42.54
62 102 6.32
62 103 83.87
62 104 70.94
62 105 32.76
62 106 85.21
62 107 33.53
62 108 75.69
62 109 25.24
62 110 44.6
62 111 55.9
62 112 52.55
62 113 38.64
62 114 49.5
62 115 111.77
62 116 60.08
62 117 70.52
62 118 72.18
62 119 49.77
62 120 15.0
62 121 78.49
62 122 57.87
62 123 46.49
62 124 90.14
62 125 96.17
62 126 48.38
62 127 81.88
62 128 88.01
62 129 59.67
62 130 22.83
62 131 3.0
62 132 77.79
62 133 25.18
62 134 49.66
62 135 48.08
62 136 100.21
62 137 40.02
62 138 39.85
62 139 54.92
62 140 60.21
62 141 89.11
62 142 57.28
62 143 79.25
62 144 44.94
62 145 61.22
62 146 7.62
62 147 70.52
62 148 83.1
62 149 17.12
62 150 53.6
62 151 54.45
62 152 31.78
62 153 35.11
62 154 29.07
62 155 37.64
62 156 52.0
62 157 71.02
62 158 76.03
62 159 51.74
62 160 71.51
62 161 68.71
62 162 43.28
62 163 62.97
62 164 68.01
62 165 77.08
62 166 49.65
62 167 81.84
62 168 55.36
62 169 35.36
62 170 48.75
62 171 106.25
62 172 45.8
62 173 26.4
62 174 105.42
62 175 41.11
62 176 79.93
62 177 73.41
62 178 22.67
62 179 27.8
62 180 99.16
62 181 70.88
62 182 64.35
62 183 39.46
62 184 47.01
62 185 73.74
62 186 82.49
62 187 61.52
62 188 76.37
62 189 99.86
62 190 75.6
62 191 98.99
62 192 19.85
62 193 85.43
62 194 62.37
62 195 58.26
62 196 22.67
62 197 86.56
62 198 30.41
62 199 42.72
62 200 84.22
62 201 23.35
63 0 69.34
63 1 50.01
63 2 80.65
63 3 23.77
63 4 103.85
63 5 102.24
63 6 105.82
63 7 36.36
63 8 26.93
63 9 49.0
63 10 102.31
63 11 106.68
63 12 112.33
63 13 83.93
63 14 71.47
63 15 68.88
63 16 8.06
63 17 73.39
63 18 24.33
63 19 57.38
63 20 92.31
63 21 77.06
63 22 16.28
63 23 83.22
63 24 87.86
63 25 100.6
63 26 74.0
63 27 80.81
63 28 62.77
63 29 97.08
63 30 59.54
63 31 100.21
63 32 153.53
63 33 91.08
63 34 101.02
63 35 48.51
63 36 92.23
63 37 22.0
63 38 13.04
63 39 74.85
63 40 75.29
63 41 95.8
63 42 90.8
63 43 85.09
63 44 51.04
63 45 79.21
63 46 103.59
63 47 120.37
63 48 76.06
63 49 26.93
63 50 90.43
63 51 160.96
63 52 86.05
63 53 46.04
63 54 28.16
63 55 23.77
63 56 5.83
63 57 80.75
63 58 17.03
63 59 69.92
63 60 98.98
63 61 84.9
63 62 54.67
63 64 82.88
63 65 161.97
63 66 119.27
63 67 76.9
63 68 57.14
63 69 140.76
63 70 117.8
63 71 49.04
63 72 101.92
63 73 104.62
63 74 63.98
63 75 87.37
63 76 58.41
63 77 99.64
63 78 76.16
63 79 96.34
63 80 99.05
63 81 24.08
63 82 104.4
63 83 86.31
63 84 108.52
63 85 98.23
63 86 164.3
63 87 95.13
63 88 26.0
63 89 73.01
63 90 79.06
63 91 117.32
63 92 84.1
63 93 29.27
63 94 163.25
63 95 100.04
63 96 66.13
63 97 63.57
63 98 22.8
63 99 49.04
63 100 83.55
63 101 52.09
63 102 52.7
63 103 137.93
63 104 25.63
63 105 72.28
63 106 104.31
63 107 74.25
63 108 90.55
63 109 79.2
63 110 99.25
63 111 3.16
63 112 92.4
63 113 80.96
63 114 7.0
63 115 164.92
63 116 110.39
63 117 28.18
63 118 84.72
63 119 54.15
63 120 59.93
63 121 91.92
63 122 105.68
63 123 88.29
63 124 144.28
63 125 106.23
63 126 50.16
63 127 30.27
63 128 106.47
63 129 108.56
63 130 66.48
63 131 52.8
63 132 33.84
63 133 74.25
63 134 88.12
63 135 21.38
63 136 153.81
63 137 26.17
63 138 23.35
63 139 103.08
63 140 10.2
63 141 143.59
63 142 5.1
63 143 90.43
63 144 51.0
63 145 90.05
63 146 53.0
63 147 120.42
63 148 137.21
63 149 67.6
63 150 12.81
63 151 5.66
63 152 74.33
63 153 78.45
63 154 83.74
63 155 77.47
63 156 91.24
63 157 18.25
63 158 97.02
63 159 8.94
63 160 122.04
63 161 24.17
63 162 97.59
63 163 88.36
63 164 118.43
63 165 89.94
63 166 51.24
63 167 104.02
63 168 95.35
63 169 75.19
63 170 87.13
63 171 159.67
63 172 100.42
63 173 81.06
63 174 159.29
63 175 79.48
63 176 91.41
63 177 18.87
63 178 77.34
63 179 82.04
63 180 105.95
63 181 30.02
63 182 87.69
63 183 29.15
63 184 16.03
63 185 28.46
63 186 29.83
63 187 8.25
63 188 89.81
63 189 153.26
63 190 95.08
63 191 108.67
63 192 58.52
63 193 102.59
63 194 89.2
63 195 87.02
63 196 62.3
63 197 140.73
63 198 72.12
63 199 20.1
63 200 138.6
63 201 69.34
64 0 24.19
64 1 61.2
64 2 40.82
64 3 105.6
64 4 100.62
64 5 83.49
64 6 36.88
64 7 99.72
64 8 107.65
64 9 62.29
64 10 84.31
64 11 37.85
64 12 38.01
64 13 38.6
64 14 33.54
64 15 39.32
64 16 84.9
64 17 39.56
64 18 99.98
64 19 34.21
64 20 9.85
64 21 59.91
64 22 84.2
64 23 64.51
64 24 5.0
64 25 18.97
64 26 32.02
64 27 2.24
64 28 31.26
64 29 48.1
64 30 27.86
64 31 19.42
64 32 72.95
64 33 83.67
64 34 78.82
64 35 69.35
64 36 85.0
64 37 70.24
64 38 80.28
64 39 35.85
64 40 34.48
64 41 15.13
64 42 45.8
64 43 41.4
64 44 32.8
64 45 5.0
64 46 87.37
64 47 45.28
64 48 24.04
64 49 94.37
64 50 47.43
64 51 79.61
64 52 62.77
64 53 60.67
64 54 103.94
64 55 75.15
64 56 77.34
64 57 77.16
64 58 84.22
64 59 35.36
64 60 100.85
64 61 3.0
64 62 28.28
64 63 82.88
64 65 81.12
64 66 45.1
64 67 38.91
64 68 27.78
64 69 58.0
64 70 40.02
64 71 64.28
64 72 99.74
64 73 34.71
64 74 28.28
64 75 67.78
64 76 24.84
64 77 17.46
64 78 35.34
64 79 51.09
64 80 19.1
64 81 67.54
64 82 102.42
64 83 82.64
64 84 105.12
64 85 18.11
64 86 83.73
64 87 46.75
64 88 107.8
64 89 39.05
64 90 42.06
64 91 42.19
64 92 62.97
64 93 70.94
64 94 82.15
64 95 79.06
64 96 32.0
64 97 34.06
64 98 103.81
64 99 60.3
64 100 1.0
64 101 59.08
64 102 31.62
64 103 55.8
64 104 97.53
64 105 37.85
64 106 85.45
64 107 32.31
64 108 80.06
64 109 6.08
64 110 16.4
64 111 84.17
64 112 48.6
64 113 32.45
64 114 77.78
64 115 84.22
64 116 37.01
64 117 96.61
64 118 78.55
64 119 66.01
64 120 30.08
64 121 83.19
64 122 38.33
64 123 42.44
64 124 62.01
64 125 100.24
64 126 66.19
64 127 109.29
64 128 88.23
64 129 38.47
64 130 31.0
64 131 30.48
64 132 103.79
64 133 23.54
64 134 48.02
64 135 74.24
64 136 72.4
64 137 65.74
64 138 66.24
64 139 35.44
64 140 88.46
64 141 60.83
64 142 85.56
64 143 85.09
64 144 62.13
64 145 64.4
64 146 31.91
64 147 47.04
64 148 55.0
64 149 22.2
64 150 81.69
64 151 82.73
64 152 34.21
64 153 34.54
64 154 2.24
64 155 34.89
64 156 48.83
64 157 98.81
64 158 76.55
64 159 79.98
64 160 47.27
64 161 95.29
64 162 15.26
64 163 68.15
64 164 44.1
64 165 82.35
64 166 67.12
64 167 80.6
64 168 50.45
64 169 38.6
64 170 47.51
64 171 78.55
64 172 18.38
64 173 4.12
64 174 77.42
64 175 38.08
64 176 85.49
64 177 101.53
64 178 5.83
64 179 3.61
64 180 104.65
64 181 96.66
64 182 70.58
64 183 64.47
64 184 74.09
64 185 100.18
64 186 110.11
64 187 89.81
64 188 81.44
64 189 72.2
64 190 77.18
64 191 102.96
64 192 35.69
64 193 86.82
64 194 66.71
64 195 62.24
64 196 35.13
64 197 58.41
64 198 34.71
64 199 69.46
64 200 55.97
64 201 24.19
65 0 93.35
65 1 126.61
65 2 90.43
65 3 183.25
65 4 133.36
65 5 112.38
65 6 59.64
65 7 170.86
65 8 184.57
65 9 128.0
65 10 113.36
65 11 59.08
65 12 51.22
65 13 85.98
65 14 108.78
65 15 114.79
65 16 165.0
65 17 96.02
65 18 175.41
65 19 114.49
65 20 73.35
65 21 130.61
65 22 165.02
65 23 132.52
65 24 76.54
65 25 68.01
65 26 106.25
65 27 83.35
65 28 110.57
65 29 105.3
65 30 108.71
65 31 69.57
65 32 8.49
65 33 122.12
65 34 107.71
65 35 134.27
65 36 122.8
65 37 145.66
65 38 160.9
65 39 92.8
65 40 107.56
65 41 72.8
65 42 107.91
65 43 86.61
65 44 113.74
65 45 83.76
65 46 116.1
65 47 43.83
65 48 99.02
65 49 167.92
65 50 109.9
65 51 3.61
65 52 129.12
65 53 128.23
65 54 179.01
65 55 149.28
65 56 156.2
65 57 122.56
65 58 159.81
65 59 111.0
65 60 137.54
65 61 78.55
65 62 108.72
65 63 161.97
65 64 81.12
65 66 45.49
65 67 92.66
65 68 108.91
65 69 28.02
65 70 44.55
65 71 129.62
65 72 133.75
65 73 60.0
65 74 107.84
65 75 133.96
65 76 105.69
65 77 67.78
65 78 91.4
65 79 109.29
65 80 71.47
65 81 142.84
65 82 135.33
65 83 124.6
65 84 135.64
65 85 71.78
65 86 3.0
65 87 105.48
65 88 185.35
65 89 112.64
65 90 92.65
65 91 46.4
65 92 130.39
65 93 143.75
65 94 2.0
65 95 108.91
65 96 109.93
65 97 112.54
65 98 181.07
65 99 126.4
65 100 80.26
65 101 123.81
65 102 112.68
65 103 26.25
65 104 172.0
65 105 111.97
65 106 112.97
65 107 91.68
65 108 118.3
65 109 83.49
65 110 66.21
65 111 163.67
65 112 109.66
65 113 85.6
65 114 157.61
65 115 3.16
65 116 53.41
65 117 170.08
65 118 121.15
65 119 128.41
65 120 110.46
65 121 120.88
65 122 60.75
65 123 106.37
65 124 21.21
65 125 130.86
65 126 130.67
65 127 185.28
65 128 114.59
65 129 56.86
65 130 109.0
65 131 111.22
65 132 176.69
65 133 99.72
65 134 112.15
65 135 149.21
65 136 9.22
65 137 140.72
65 138 142.14
65 139 62.43
65 140 168.6
65 141 26.02
65 142 165.24
65 143 124.33
65 144 126.83
65 145 128.66
65 146 113.02
65 147 45.28
65 148 27.2
65 149 101.98
65 150 162.29
65 151 162.61
65 152 107.86
65 153 105.77
65 154 81.01
65 155 90.0
65 156 110.77
65 157 176.14
65 158 108.67
65 159 160.21
65 160 42.72
65 161 169.85
65 162 65.86
65 163 133.84
65 164 46.04
65 165 121.46
65 166 130.92
65 167 107.08
65 168 109.37
65 169 111.13
65 170 112.29
65 171 3.0
65 172 67.42
65 173 84.12
65 174 8.06
65 175 89.87
65 176 124.04
65 177 179.96
65 178 86.95
65 179 80.99
65 180 137.12
65 181 169.53
65 182 136.94
65 183 138.62
65 184 150.66
65 185 174.23
65 186 186.68
65 187 169.45
65 188 120.5
65 189 8.94
65 190 111.13
65 191 132.52
65 192 115.45
65 193 116.3
65 194 131.75
65 195 128.0
65 196 113.85
65 197 24.52
65 198 109.42
65 199 145.69
65 200 28.28
65 201 93.35
66 0 49.93
66 1 81.22
66 2 44.94
66 3 139.46
66 4 93.0
66 5 72.03
66 6 14.21
66 7 125.61
66 8 140.46
66 9 82.62
66 10 73.03
66 11 13.6
66 12 7.28
66 13 40.5
66 14 78.06
66 15 84.02
66 16 123.17
66 17 50.61
66 18 130.91
66 19 78.92
66 20 41.44
66 21 103.7
66 22 124.34
66 23 107.52
66 24 42.01
66 25 41.79
66 26 76.16
66 27 47.17
66 28 76.32
66 29 85.44
66 30 72.18
66 31 44.01
66 32 37.22
66 33 79.63
66 34 67.01
66 35 88.81
66 36 80.5
66 37 101.53
66 38 119.85
66 39 47.51
66 40 78.31
66 41 44.64
66 42 85.44
66 43 41.18
66 44 74.63
66 45 45.71
66 46 76.06
66 47 2.0
66 48 68.12
66 49 123.04
66 50 87.36
66 51 45.65
66 52 105.12
66 53 82.98
66 54 134.38
66 55 104.74
66 56 113.44
66 57 78.59
66 58 115.52
66 59 80.02
66 60 96.19
66 61 42.11
66 62 68.95
66 63 119.27
66 64 45.1
66 65 45.49
66 67 47.2
66 68 71.06
66 69 37.12
66 70 8.49
66 71 84.2
66 72 93.02
66 73 14.87
66 74 73.33
66 75 110.22
66 76 66.76
66 77 40.16
66 78 46.1
66 79 89.2
66 80 45.88
66 81 98.72
66 82 95.0
66 83 81.39
66 84 96.08
66 85 45.54
66 86 47.2
66 87 84.76
66 88 141.5
66 89 83.22
66 90 47.17
66 91 3.16
66 92 105.72
66 93 99.01
66 94 47.17
66 95 68.0
66 96 77.06
66 97 79.16
66 98 137.13
66 99 81.06
66 100 44.1
66 101 78.41
66 102 74.04
66 103 30.0
66 104 127.29
66 105 82.15
66 106 73.11
66 107 46.67
66 108 75.66
66 109 44.91
66 110 36.4
66 111 121.26
66 112 87.93
66 113 40.36
66 114 115.6
66 115 48.01
66 116 8.94
66 117 125.18
66 118 77.67
66 119 82.93
66 120 74.81
66 121 78.52
66 122 15.26
66 123 82.71
66 124 35.23
66 125 91.05
66 126 85.21
66 127 140.86
66 128 75.24
66 129 11.4
66 130 76.06
66 131 71.78
66 132 131.64
66 133 68.03
66 134 88.77
66 135 104.89
66 136 39.4
66 137 96.54
66 138 98.23
66 139 17.03
66 140 126.76
66 141 39.01
66 142 122.97
66 143 81.74
66 144 81.4
66 145 105.99
66 146 74.73
66 147 2.24
66 148 30.02
66 149 67.27
66 150 121.2
66 151 120.57
66 152 78.23
66 153 77.65
66 154 46.01
66 155 44.69
66 156 88.6
66 157 132.28
66 158 67.07
66 159 118.6
66 160 2.83
66 161 125.18
66 162 32.39
66 163 110.42
66 164 1.0
66 165 78.77
66 166 85.45
66 167 67.12
66 168 88.87
66 169 82.39
66 170 88.53
66 171 43.91
66 172 40.5
66 173 49.04
66 174 45.69
66 175 44.41
66 176 81.61
66 177 136.61
66 178 50.36
66 179 43.42
66 180 97.01
66 181 124.52
66 182 113.16
66 183 94.26
66 184 106.83
66 185 129.4
66 186 142.43
66 187 127.09
66 188 77.78
66 189 38.01
66 190 69.18
66 191 93.13
66 192 80.62
66 193 76.03
66 194 108.68
66 195 104.35
66 196 80.22
66 197 33.02
66 198 79.1
66 199 101.83
66 200 34.13
66 201 49.93
67 0 17.8
67 1 34.06
67 2 4.0
67 3 94.67
67 4 61.72
67 5 45.34
67 6 33.02
67 7 78.57
67 8 95.13
67 9 35.47
67 10 46.1
67 11 33.6
67 12 41.68
67 13 7.21
67 14 64.66
67 15 68.82
67 16 82.28
67 17 3.61
67 18 85.0
67 19 56.36
67 20 45.88
67 21 90.14
67 22 85.51
67 23 96.02
67 24 41.44
67 25 54.13
67 26 64.44
67 27 38.95
67 28 57.14
67 29 85.6
67 30 49.74
67 31 55.54
67 32 84.31
67 33 44.78
67 34 41.01
67 35 41.62
67 36 46.1
67 37 56.82
67 38 80.6
67 39 3.61
67 40 67.27
67 41 52.2
67 42 82.22
67 43 8.25
67 44 45.54
67 45 34.48
67 46 49.04
67 47 48.83
67 48 58.0
67 49 76.58
67 50 83.55
67 51 92.65
67 52 95.43
67 53 36.07
67 54 88.24
67 55 59.08
67 56 71.17
67 57 38.83
67 58 70.18
67 59 65.6
67 60 62.03
67 61 37.7
67 62 39.92
67 63 76.9
67 64 38.91
67 65 92.66
67 66 47.2
67 68 46.07
67 69 79.06
67 70 49.19
67 71 37.01
67 72 60.84
67 73 32.76
67 74 54.64
67 75 100.0
67 76 40.71
67 77 51.97
67 78 3.61
67 79 88.09
67 80 56.04
67 81 54.12
67 82 63.51
67 83 43.97
67 84 66.24
67 85 55.08
67 86 94.4
67 87 84.02
67 88 96.57
67 89 70.43
67 90 3.61
67 91 46.32
67 92 95.0
67 93 53.01
67 94 94.3
67 95 41.04
67 96 60.22
67 97 60.75
67 98 92.11
67 99 33.97
67 100 38.48
67 101 31.24
67 102 46.24
67 103 73.54
67 104 81.06
67 105 69.03
67 106 47.42
67 107 7.07
67 108 41.15
67 109 33.12
67 110 48.51
67 111 79.38
67 112 85.04
67 113 8.06
67 114 74.73
67 115 95.21
67 116 39.45
67 117 78.64
67 118 39.85
67 119 35.85
67 120 53.34
67 121 44.28
67 122 32.02
67 123 78.64
67 124 79.71
67 125 61.4
67 126 38.01
67 127 95.0
67 128 50.25
67 129 35.81
67 130 59.41
67 131 42.72
67 132 84.86
67 133 56.57
67 134 83.45
67 135 59.68
67 136 86.09
67 137 51.88
67 138 54.13
67 139 30.23
67 140 85.73
67 141 81.6
67 142 81.27
67 143 46.24
67 144 34.21
67 145 97.95
67 146 47.54
67 147 47.63
67 148 73.16
67 149 50.45
67 150 81.79
67 151 79.4
67 152 66.6
67 153 68.59
67 154 41.15
67 155 4.12
67 156 84.96
67 157 87.46
67 158 38.29
67 159 78.34
67 160 50.0
67 161 79.03
67 162 43.19
67 163 100.6
67 164 46.62
67 165 43.46
67 166 38.28
67 167 43.19
67 168 87.32
67 169 70.94
67 170 82.73
67 171 90.97
67 172 52.95
67 173 41.68
67 174 92.28
67 175 2.83
67 176 46.62
67 177 92.59
67 178 38.83
67 179 35.34
67 180 65.74
67 181 77.83
67 182 102.42
67 183 49.24
67 184 62.61
67 185 82.98
67 186 96.83
67 187 85.09
67 188 42.54
67 189 84.91
67 190 38.6
67 191 64.14
67 192 59.06
67 193 48.41
67 194 99.64
67 195 95.27
67 196 61.06
67 197 76.69
67 198 66.07
67 199 57.7
67 200 76.22
67 201 17.8
68 0 28.79
68 1 50.7
68 2 49.66
68 3 80.62
68 4 102.65
68 5 89.81
68 6 60.3
68 7 79.91
68 8 83.19
68 9 51.26
68 10 90.43
68 11 61.29
68 12 63.79
68 13 49.98
68 14 21.93
68 15 24.21
68 16 58.14
68 17 44.42
68 18 76.9
68 19 10.3
68 20 36.24
68 21 44.69
68 22 56.73
68 23 50.93
68 24 32.45
68 25 43.86
68 26 23.09
68 27 25.55
68 28 12.21
68 29 48.27
68 30 4.47
68 31 43.28
68 32 100.72
68 33 85.59
68 34 86.02
68 35 57.57
68 36 87.0
68 37 48.84
68 38 53.04
68 39 42.49
68 40 25.63
68 41 38.95
68 42 43.01
68 43 52.55
68 44 6.32
68 45 25.63
68 46 93.09
68 47 71.57
68 48 21.02
68 49 73.01
68 50 43.66
68 51 107.38
68 52 50.99
68 53 48.38
68 54 80.99
68 55 54.59
68 56 51.97
68 57 76.69
68 58 61.68
68 59 21.95
68 60 101.04
68 61 30.41
68 62 7.21
68 63 57.14
68 64 27.78
68 65 108.91
68 66 71.06
68 67 46.07
68 69 85.28
68 70 67.07
68 71 53.14
68 72 101.32
68 73 58.42
68 74 10.77
68 75 55.15
68 76 5.39
68 77 43.14
68 78 42.95
68 79 49.34
68 80 42.01
68 81 46.53
68 82 104.14
68 83 82.98
68 84 107.56
68 85 41.23
68 86 111.51
68 87 46.32
68 88 82.86
68 89 26.93
68 90 49.65
68 91 68.41
68 92 50.21
68 93 52.04
68 94 109.93
68 95 85.8
68 96 16.12
68 97 15.62
68 98 79.18
68 99 49.4
68 100 28.65
68 101 49.66
68 102 4.47
68 103 83.49
68 104 75.29
68 105 25.55
68 106 92.01
68 107 39.4
68 108 82.73
68 109 26.25
68 110 43.42
68 111 58.01
68 112 45.54
68 113 43.97
68 114 51.4
68 115 112.0
68 116 62.37
68 117 75.19
68 118 79.31
68 119 56.86
68 120 7.81
68 121 85.56
68 122 61.13
68 123 39.56
68 124 89.63
68 125 103.25
68 126 55.36
68 127 85.49
68 128 94.81
68 129 62.51
68 130 15.65
68 131 6.08
68 132 82.46
68 133 19.03
68 134 42.54
68 135 52.95
68 136 100.17
68 137 45.28
68 138 44.72
68 139 58.14
68 140 61.62
68 141 88.09
68 142 59.2
68 143 86.37
68 144 52.0
68 145 54.04
68 146 4.24
68 147 72.78
68 148 82.66
68 149 11.18
68 150 54.45
68 151 56.22
68 152 24.7
68 153 28.16
68 154 28.02
68 155 43.46
68 156 44.94
68 157 74.24
68 158 82.8
68 159 53.15
68 160 73.5
68 161 73.08
68 162 43.05
68 163 55.87
68 164 70.09
68 165 84.17
68 166 56.65
68 167 88.48
68 168 48.38
68 169 28.18
68 170 41.63
68 171 106.33
68 172 43.84
68 173 25.0
68 174 105.12
68 175 47.01
68 176 87.05
68 177 76.01
68 178 21.95
68 179 28.23
68 180 106.3
68 181 75.71
68 182 57.31
68 183 45.04
68 184 51.24
68 185 78.16
68 186 85.87
68 187 63.41
68 188 83.45
68 189 99.98
68 190 82.46
68 191 106.08
68 192 13.04
68 193 92.31
68 194 55.23
68 195 51.09
68 196 15.56
68 197 86.02
68 198 23.26
68 199 47.3
68 200 83.41
68 201 28.79
69 0 74.95
69 1 111.4
69 2 77.88
69 3 163.13
69 4 130.03
69 5 109.11
69 6 48.37
69 7 154.18
69 8 164.92
69 9 112.73
69 10 110.11
69 11 48.26
69 12 39.2
69 13 73.5
69 14 82.35
69 15 88.24
69 16 142.9
69 17 81.93
69 18 156.6
69 19 89.59
69 20 49.04
69 21 103.08
69 22 141.99
69 23 104.74
69 24 53.08
69 25 42.19
69 26 79.71
69 27 60.14
69 28 85.23
69 29 77.32
69 30 84.4
69 31 43.42
69 32 22.56
69 33 116.21
69 34 104.08
69 35 119.51
69 36 117.15
69 37 126.61
69 38 138.19
69 39 78.19
69 40 80.78
69 41 47.17
69 42 80.06
69 43 74.95
69 44 90.69
69 45 61.55
69 46 113.16
69 47 35.13
69 48 72.9
69 49 150.05
69 50 82.04
69 51 25.18
69 52 101.27
69 53 112.25
69 54 160.42
69 55 130.92
69 56 135.15
69 57 114.27
69 58 140.8
69 59 84.58
69 60 133.03
69 61 55.87
69 62 86.28
69 63 140.76
69 64 58.0
69 65 28.02
69 66 37.12
69 67 79.06
69 68 85.28
69 70 31.14
69 71 114.54
69 72 130.0
69 73 47.68
69 74 82.68
69 75 106.07
69 76 82.81
69 77 42.44
69 78 76.9
69 79 81.3
69 80 45.18
69 81 123.81
69 82 132.03
69 83 117.61
69 84 133.18
69 85 45.65
69 86 31.02
69 87 77.52
69 88 165.3
69 89 85.8
69 90 80.08
69 91 36.0
69 92 102.59
69 93 125.94
69 94 28.16
69 95 105.04
69 96 84.12
69 97 86.83
69 98 161.2
69 99 110.92
69 100 57.28
69 101 108.75
69 102 89.38
69 103 7.62
69 104 153.69
69 105 85.23
69 106 110.22
69 107 76.16
69 108 112.22
69 109 61.62
69 110 41.87
69 111 142.13
69 112 81.74
69 113 71.17
69 114 135.77
69 115 31.06
69 116 41.3
69 117 152.27
69 118 113.75
69 119 114.39
69 120 85.7
69 121 115.16
69 122 50.25
69 123 78.64
69 124 7.28
69 125 128.14
69 126 115.95
69 127 166.21
69 128 112.36
69 129 46.17
69 130 83.24
69 131 88.46
69 132 159.22
69 133 73.82
69 134 84.34
69 135 130.43
69 136 19.03
69 137 121.83
69 138 122.8
69 139 50.64
69 140 146.45
69 141 2.83
69 142 143.54
69 143 118.27
69 144 111.89
69 145 100.72
69 146 89.5
69 147 38.33
69 148 7.28
69 149 77.1
69 150 139.6
69 151 140.73
69 152 81.15
69 153 78.77
69 154 57.38
69 155 75.61
69 156 82.87
69 157 156.2
69 158 104.0
69 159 137.97
69 160 35.36
69 161 151.48
69 162 43.19
69 163 105.93
69 164 37.05
69 165 115.28
69 166 116.47
69 167 104.24
69 168 81.39
69 169 84.15
69 170 84.53
69 171 25.02
69 172 41.88
69 173 60.31
69 174 21.59
69 175 76.54
69 176 118.21
69 177 159.29
69 178 63.7
69 179 58.73
69 180 134.06
69 181 152.01
69 182 109.04
69 183 120.1
69 184 131.03
69 185 156.16
69 186 167.26
69 187 147.79
69 188 114.28
69 189 20.22
69 190 106.02
69 191 130.25
69 192 90.21
69 193 113.11
69 194 103.82
69 195 100.13
69 196 88.19
69 197 5.66
69 198 82.86
69 199 126.21
69 200 3.0
69 201 74.95
70 0 48.84
70 1 82.68
70 2 47.54
70 3 138.77
70 4 99.18
70 5 78.41
70 6 17.26
70 7 126.61
70 8 140.04
70 9 84.06
70 10 79.4
70 11 17.12
70 12 8.06
70 13 43.08
70 14 72.06
70 15 78.1
70 16 121.2
70 17 52.35
70 18 130.86
70 19 74.22
70 20 35.0
70 21 97.19
70 22 121.8
70 23 100.72
70 24 36.35
70 25 34.21
70 26 70.01
70 27 42.2
70 28 71.2
70 29 77.79
70 30 67.72
70 31 36.4
70 32 36.07
70 33 85.09
70 34 73.33
70 35 90.55
70 36 86.05
70 37 101.12
70 38 117.48
70 39 48.88
70 40 72.01
70 41 37.48
70 42 78.1
70 43 44.27
70 44 71.18
70 45 41.44
70 46 82.49
70 47 7.21
70 48 62.03
70 49 123.43
70 50 80.05
70 51 44.05
70 52 98.15
70 53 84.05
70 54 134.47
70 55 104.74
70 56 112.0
70 57 83.19
70 58 115.26
70 59 74.11
70 60 102.0
70 61 37.11
70 62 65.74
70 63 117.8
70 64 40.02
70 65 44.55
70 66 8.49
70 67 49.19
70 68 67.07
70 69 31.14
70 71 85.76
70 72 99.08
70 73 16.76
70 74 68.25
70 75 103.25
70 76 63.16
70 77 32.76
70 78 47.51
70 79 81.61
70 80 38.33
70 81 98.29
70 82 101.18
70 83 86.47
70 84 102.49
70 85 38.08
70 86 46.69
70 87 77.2
70 88 140.86
70 89 77.0
70 90 49.77
70 91 5.83
70 92 98.86
70 93 99.25
70 94 46.01
70 95 74.24
70 96 71.57
70 97 73.82
70 98 136.56
70 99 82.38
70 100 39.05
70 101 79.92
70 102 70.38
70 103 24.74
70 104 127.48
70 105 76.01
70 106 79.63
70 107 47.43
70 108 81.1
70 109 40.85
70 110 29.27
70 111 119.62
70 112 80.52
70 113 41.68
70 114 113.72
70 115 47.38
70 116 10.2
70 117 125.61
70 118 82.61
70 119 85.0
70 120 70.09
70 121 84.05
70 122 19.1
70 123 75.5
70 124 30.68
70 125 97.42
70 126 86.95
70 127 140.73
70 128 81.88
70 129 15.03
70 130 70.58
70 131 68.45
70 132 132.28
70 133 62.13
70 134 81.58
70 135 104.66
70 136 37.2
70 137 96.17
70 138 97.62
70 139 19.65
70 140 124.81
70 141 33.38
70 142 121.25
70 143 87.14
70 144 83.01
70 145 98.84
70 146 70.94
70 147 10.63
70 148 24.52
70 149 62.17
70 150 118.85
70 151 118.71
70 152 72.0
70 153 71.11
70 154 40.61
70 155 46.14
70 156 81.25
70 157 131.64
70 158 73.06
70 159 116.5
70 160 8.94
70 161 125.32
70 162 26.02
70 163 103.41
70 164 7.81
70 165 84.15
70 166 87.32
70 167 73.68
70 168 81.32
70 169 76.03
70 170 81.39
70 171 42.52
70 172 32.98
70 173 43.74
70 174 43.27
70 175 46.52
70 176 87.09
70 177 135.59
70 178 45.61
70 179 38.9
70 180 103.24
70 181 125.1
70 182 106.21
70 183 94.07
70 184 106.15
70 185 129.73
70 186 142.13
70 187 125.43
70 188 83.15
70 189 36.24
70 190 75.01
70 191 99.61
70 192 75.71
70 193 82.39
70 194 101.61
70 195 97.32
70 196 74.97
70 197 27.89
70 198 73.03
70 199 101.18
70 200 28.16
70 201 48.84
71 0 41.0
71 1 3.16
71 2 39.62
71 3 61.35
71 4 57.25
71 5 53.24
71 6 70.0
71 7 41.73
71 8 60.93
71 9 2.0
71 10 53.34
71 11 70.6
71 12 78.49
71 13 43.93
71 14 75.03
71 15 76.49
71 16 56.32
71 17 33.6
71 18 50.09
71 19 61.27
71 20 73.68
71 21 94.58
71 22 62.37
71 23 101.24
71 24 68.59
71 25 82.87
71 26 76.22
71 27 63.13
71 28 65.0
71 29 101.24
71 30 57.58
71 31 83.6
71 32 121.25
71 33 42.72
71 34 52.0
71 35 5.1
71 36 43.97
71 37 27.07
71 38 57.49
71 39 36.89
71 40 78.77
71 41 79.4
71 42 96.14
71 43 43.84
71 44 48.33
71 45 59.3
71 46 54.74
71 47 85.8
71 48 73.01
71 49 40.82
71 50 96.8
71 51 129.53
71 52 102.22
71 53 5.0
71 54 52.84
71 55 26.31
71 56 44.28
71 57 32.28
71 58 37.11
71 59 74.85
71 60 53.54
71 61 64.63
71 62 46.17
71 63 49.04
71 64 64.28
71 65 129.62
71 66 84.2
71 67 37.01
71 68 53.14
71 69 114.54
71 70 85.76
71 72 55.47
71 73 69.63
71 74 63.91
71 75 105.69
71 76 49.73
71 77 81.05
71 78 38.28
71 79 102.46
71 80 83.38
71 81 25.32
71 82 58.18
71 83 38.28
71 84 62.18
71 85 82.39
71 86 131.4
71 87 99.33
71 88 62.97
71 89 79.71
71 90 37.48
71 91 83.23
71 92 101.02
71 93 20.1
71 94 131.24
71 95 51.01
71 96 69.08
71 97 68.03
71 98 58.52
71 99 4.0
71 100 64.38
71 101 5.83
71 102 50.16
71 103 109.59
71 104 45.65
71 105 78.39
71 106 55.33
71 107 38.47
71 108 41.77
71 109 58.42
71 110 78.64
71 111 52.09
71 112 98.68
71 113 44.1
71 114 49.82
71 115 132.2
71 116 76.28
71 117 42.72
71 118 36.14
71 119 5.39
71 120 60.54
71 121 43.42
71 122 69.03
71 123 92.66
71 124 115.88
71 125 59.09
71 126 2.24
71 127 59.94
71 128 57.56
71 129 72.8
71 130 68.71
71 131 47.17
71 132 48.41
71 133 71.06
71 134 95.63
71 135 28.07
71 136 122.87
71 137 23.54
71 138 26.68
71 139 67.2
71 140 59.14
71 141 117.2
71 142 54.08
71 143 42.38
71 144 2.83
71 145 105.68
71 146 51.48
71 147 84.65
71 148 109.13
71 149 63.06
71 150 58.25
71 151 53.34
71 152 77.83
71 153 81.27
71 154 66.19
71 155 39.66
71 156 98.08
71 157 54.41
71 158 48.0
71 159 53.94
71 160 87.01
71 161 43.83
71 162 74.46
71 163 106.53
71 164 83.6
71 165 41.48
71 166 3.61
71 167 55.0
71 168 101.51
71 169 81.15
71 170 94.7
71 171 127.88
71 172 82.04
71 173 65.03
71 174 129.0
71 175 39.82
71 176 43.32
71 177 60.64
71 178 61.01
71 179 61.52
71 180 60.03
71 181 41.62
71 182 107.34
71 183 20.62
71 184 33.02
71 185 47.17
71 186 62.17
71 187 57.0
71 188 41.23
71 189 121.76
71 190 46.04
71 191 61.74
71 192 63.95
71 193 53.76
71 194 106.33
71 195 102.58
71 196 67.54
71 197 112.71
71 198 76.32
71 199 29.27
71 200 111.83
71 201 41.0
72 0 77.18
72 1 56.08
72 2 59.24
72 3 107.17
72 4 2.0
72 5 21.38
72 6 82.3
72 7 79.06
72 8 105.02
72 9 56.44
72 10 20.4
72 11 82.22
72 12 91.14
72 13 62.3
72 14 122.44
72 15 125.5
72 16 109.77
72 17 60.42
72 18 94.09
72 19 111.07
72 20 106.4
72 21 145.69
72 22 116.71
72 23 152.11
72 24 102.16
72 25 114.16
72 26 122.8
72 27 99.73
72 28 113.45
72 29 145.65
72 30 105.65
72 31 115.77
72 32 126.75
72 33 16.12
72 34 26.17
72 35 54.23
72 36 14.76
72 37 80.99
72 38 112.01
72 39 63.95
72 40 125.6
72 41 112.72
72 42 141.74
72 43 59.77
72 44 98.29
72 45 95.26
72 46 17.72
72 47 95.02
72 48 117.32
72 49 84.15
72 50 142.87
72 51 135.15
72 52 152.31
72 53 60.03
72 54 95.0
72 55 78.16
72 56 98.03
72 57 24.76
72 58 86.68
72 59 122.92
72 60 5.0
72 61 98.49
72 62 94.18
72 63 101.92
72 64 99.74
72 65 133.75
72 66 93.02
72 67 60.84
72 68 101.32
72 69 130.0
72 70 99.08
72 71 55.47
72 73 83.49
72 74 111.52
72 75 156.4
72 76 96.54
72 77 111.95
72 78 64.4
72 79 147.83
72 80 116.46
72 81 79.85
72 82 2.83
72 83 18.38
72 84 6.71
72 85 115.52
72 86 134.39
72 87 143.96
72 88 108.07
72 89 127.91
72 90 57.78
72 91 94.01
72 92 151.49
72 93 73.05
72 94 135.71
72 95 25.08
72 96 117.15
72 97 116.93
72 98 104.17
72 99 57.45
72 100 99.32
72 101 55.47
72 102 99.72
72 103 123.02
72 104 89.09
72 105 126.51
72 106 20.88
72 107 67.54
72 108 19.7
72 109 93.91
72 110 108.16
72 111 105.08
72 112 144.52
72 113 67.78
72 114 104.06
72 115 135.37
72 116 89.2
72 117 85.05
72 118 22.02
72 119 50.12
72 120 109.12
72 121 16.55
72 122 80.22
72 123 138.13
72 124 128.14
72 125 5.39
72 126 53.67
72 127 102.02
72 128 19.7
72 129 84.15
72 130 116.52
72 131 96.21
72 132 87.09
72 133 115.68
72 134 142.41
72 135 80.65
72 136 130.25
72 137 78.39
72 138 81.54
72 139 80.5
72 140 112.09
72 141 132.0
72 142 107.0
72 143 15.0
72 144 54.71
72 145 155.32
72 146 101.14
72 147 92.09
72 148 123.0
72 149 108.6
72 150 112.61
72 151 106.9
72 152 124.81
72 153 127.41
72 154 101.98
72 155 64.88
72 156 144.27
72 157 101.49
72 158 26.02
72 159 108.17
72 160 95.08
72 161 88.2
72 162 102.49
72 163 157.14
72 164 93.01
72 165 17.49
72 166 52.33
72 167 26.68
72 168 147.0
72 169 128.84
72 170 141.61
72 171 133.18
72 172 112.89
72 173 102.42
72 174 136.47
72 175 61.85
72 176 14.42
72 177 108.66
72 178 99.36
72 179 96.18
72 180 5.0
72 181 83.02
72 182 158.45
72 183 75.64
72 184 86.33
72 185 89.01
72 186 105.0
72 187 109.14
72 188 18.36
72 189 128.41
72 190 24.19
72 191 7.0
72 192 113.9
72 193 17.46
72 194 156.54
72 195 152.4
72 196 116.85
72 197 126.04
72 198 123.85
72 199 83.57
72 200 127.0
72 201 77.18
73 0 35.36
73 1 66.61
73 2 30.87
73 3 124.63
73 4 83.73
73 5 63.35
73 6 2.24
73 7 110.89
73 8 125.61
73 9 68.01
73 10 64.33
73 11 3.16
73 12 8.94
73 13 26.4
73 14 68.25
73 15 73.98
73 16 108.71
73 17 36.06
73 18 116.04
73 19 67.03
73 20 34.0
73 21 94.59
73 22 110.17
73 23 99.04
73 24 32.89
73 25 37.54
73 26 66.71
73 27 36.5
73 28 65.07
73 29 79.76
73 30 60.07
73 31 39.7
73 32 51.61
73 33 69.01
73 34 58.25
73 35 74.33
73 36 70.03
73 37 86.68
73 38 105.6
73 39 32.8
73 40 69.12
73 41 38.83
73 42 78.72
73 43 27.51
73 44 61.39
73 45 34.06
73 46 67.47
73 47 16.28
73 48 58.69
73 49 108.21
73 50 80.53
73 51 59.91
73 52 97.08
73 53 68.25
73 54 119.52
73 55 89.87
73 56 98.79
73 57 66.61
73 58 100.66
73 59 70.04
73 60 86.15
73 61 31.78
73 62 55.54
73 63 104.62
73 64 34.71
73 65 60.0
73 66 14.87
73 67 32.76
73 68 58.42
73 69 47.68
73 70 16.76
73 71 69.63
73 72 83.49
73 74 62.07
73 75 102.14
73 76 53.76
73 77 35.47
73 78 31.4
73 79 83.24
73 80 41.23
73 81 83.87
73 82 85.71
73 83 70.11
73 84 87.3
73 85 40.61
73 86 61.85
73 87 78.77
73 88 126.66
73 89 73.76
73 90 33.11
73 91 13.6
73 92 97.42
73 93 84.15
73 94 61.61
73 95 59.03
73 96 66.37
73 97 68.18
73 98 122.29
73 99 66.4
73 100 33.73
73 101 63.82
73 102 61.0
73 103 41.48
73 104 112.43
73 105 72.57
73 106 64.76
73 107 31.83
73 108 65.01
73 109 33.02
73 110 31.24
73 111 106.68
73 112 81.39
73 113 25.61
73 114 101.12
73 115 62.63
73 116 6.71
73 117 110.34
73 118 66.19
73 119 68.6
73 120 63.01
73 121 68.03
73 122 4.24
73 123 75.64
73 124 47.43
73 125 82.2
73 126 70.72
73 127 125.99
73 128 67.19
73 129 4.12
73 130 65.38
73 131 58.46
73 132 116.85
73 133 58.25
73 134 81.54
73 135 90.03
73 136 53.34
73 137 81.69
73 138 83.41
73 139 3.0
73 140 112.29
73 141 50.01
73 142 108.41
73 143 71.0
73 144 66.85
73 145 98.43
73 146 61.81
73 147 15.81
73 148 41.23
73 149 56.14
73 150 106.93
73 151 106.07
73 152 68.88
73 153 68.96
73 154 36.14
73 155 30.0
73 156 81.86
73 157 117.44
73 158 57.56
73 159 104.2
73 160 17.69
73 161 110.32
73 162 25.81
73 163 102.46
73 164 14.14
73 165 68.0
73 166 71.02
73 167 58.94
73 168 82.76
73 169 73.25
73 170 81.15
73 171 58.25
73 172 36.12
73 173 38.83
73 174 59.54
73 175 30.02
73 176 71.01
73 177 121.83
73 178 39.2
73 179 32.25
73 180 87.82
73 181 109.71
73 182 105.0
73 183 79.4
73 184 92.01
73 185 114.56
73 186 127.56
73 187 112.51
73 188 67.0
73 189 52.15
73 190 59.3
73 191 84.53
73 192 69.0
73 193 67.27
73 194 100.9
73 195 96.46
73 196 69.12
73 197 44.64
73 198 69.43
73 199 87.01
73 200 44.72
73 201 35.36
74 0 36.89
74 1 61.47
74 2 57.98
74 3 87.73
74 4 112.81
74 5 99.25
74 6 64.12
74 7 89.36
74 8 90.62
74 9 62.03
74 10 99.9
74 11 65.12
74 12 66.19
74 13 57.71
74 14 11.18
74 15 14.21
74 16 63.81
74 17 53.41
74 18 85.16
74 19 7.07
74 20 34.54
74 21 35.51
74 22 61.07
74 23 41.4
74 24 32.02
74 25 40.5
74 26 12.37
74 27 26.17
74 28 3.0
74 29 37.66
74 30 6.32
74 31 39.41
74 32 99.92
74 33 95.67
74 34 95.27
74 35 68.31
74 36 97.08
74 37 58.22
74 38 58.01
74 39 51.04
74 40 14.87
74 41 35.51
74 42 32.28
74 43 60.42
74 44 16.12
74 45 28.02
74 46 102.65
74 47 73.55
74 48 12.08
74 49 82.04
74 50 32.89
74 51 105.99
74 52 41.04
74 53 59.14
74 54 89.29
74 55 64.12
74 56 59.24
74 57 87.01
74 58 70.41
74 59 11.4
74 60 111.4
74 61 31.26
74 62 17.89
74 63 63.98
74 64 28.28
74 65 107.84
74 66 73.33
74 67 54.64
74 68 10.77
74 69 82.68
74 70 68.25
74 71 63.91
74 72 111.52
74 73 62.07
74 75 45.45
74 76 15.0
74 77 40.31
74 78 51.31
74 79 38.6
74 80 37.8
74 81 56.08
74 82 114.34
74 83 93.24
74 84 117.69
74 85 37.2
74 86 110.57
74 87 35.69
74 88 89.96
74 89 16.4
74 90 58.25
74 91 70.46
74 92 40.46
74 93 62.03
74 94 108.69
74 95 95.13
74 96 5.66
74 97 6.32
74 98 86.54
74 99 60.17
74 100 29.27
74 101 60.42
74 102 14.14
74 103 81.84
74 104 83.95
74 105 15.0
74 106 101.41
74 107 47.71
74 108 92.7
74 109 29.07
74 110 41.63
74 111 64.41
74 112 34.79
74 113 51.43
74 114 57.71
74 115 110.98
74 116 65.07
74 117 84.17
74 118 89.5
74 119 67.62
74 120 4.12
74 121 95.59
74 122 65.28
74 123 28.86
74 124 87.71
74 125 113.28
74 126 66.13
74 127 93.3
74 128 104.24
74 129 66.03
74 130 5.0
74 131 16.76
74 132 91.41
74 133 10.3
74 134 31.78
74 135 62.29
74 136 98.84
74 137 55.01
74 138 54.15
74 139 62.29
74 140 67.12
74 141 85.44
74 142 65.37
74 143 96.54
74 144 62.77
74 145 43.86
74 146 13.04
74 147 75.24
74 148 80.95
74 149 6.08
74 150 59.41
74 151 62.27
74 152 13.93
74 153 17.46
74 154 27.66
74 155 51.62
74 156 34.18
74 157 81.71
74 158 92.2
74 159 58.83
74 160 75.54
74 161 81.79
74 162 42.72
74 163 46.1
74 164 72.34
74 165 94.26
74 166 67.42
74 167 97.62
74 168 37.64
74 169 17.49
74 170 30.87
74 171 105.12
74 172 40.82
74 173 24.52
74 174 103.35
74 175 55.23
74 176 97.19
74 177 82.73
74 178 23.02
74 179 30.02
74 180 116.52
74 181 84.85
74 182 47.8
74 183 55.04
74 184 60.02
74 185 86.88
74 186 93.41
74 187 69.46
74 188 93.51
74 189 98.9
74 190 92.02
74 191 116.1
74 192 7.62
74 193 101.91
74 194 45.28
74 195 41.01
74 196 7.07
74 197 84.12
74 198 12.53
74 199 56.44
74 200 81.12
74 201 36.89
75 0 82.2
75 1 103.73
75 2 103.23
75 3 109.0
75 4 157.76
75 5 144.69
75 6 104.36
75 7 121.05
75 8 113.0
75 9 104.01
75 10 145.34
75 11 105.3
75 12 103.81
75 13 102.63
75 14 35.51
75 15 31.24
75 16 83.01
75 17 98.86
75 18 111.65
75 19 45.34
75 20 68.88
75 21 11.18
75 22 76.11
75 23 4.47
75 24 69.26
75 25 69.35
75 26 36.24
75 27 66.31
75 28 43.19
75 29 29.12
75 30 50.93
75 31 67.27
75 32 127.39
75 33 140.73
75 34 140.72
75 35 109.42
75 36 142.14
75 37 92.03
75 38 76.01
75 39 96.4
75 40 33.54
75 41 65.76
75 42 26.08
75 43 105.39
75 44 58.26
75 45 69.78
75 46 148.07
75 47 109.84
75 48 43.86
75 49 112.18
75 50 24.08
75 51 131.24
75 52 5.1
75 53 100.7
75 54 115.52
75 55 98.03
75 56 85.0
75 57 131.71
75 58 100.22
75 59 34.41
75 60 155.97
75 61 70.58
75 62 62.24
75 63 87.37
75 64 67.78
75 65 133.96
75 66 110.22
75 67 100.0
75 68 55.15
75 69 106.07
75 70 103.25
75 71 105.69
75 72 156.4
75 73 102.14
75 74 45.45
75 76 60.14
75 77 70.58
75 78 96.61
75 79 25.3
75 80 65.28
75 81 90.82
75 82 159.23
75 83 138.03
75 84 162.69
75 85 65.38
75 86 136.94
75 87 28.64
75 88 111.02
75 89 29.68
75 90 103.6
75 91 107.08
75 92 5.0
75 93 98.23
75 94 134.21
75 95 140.58
75 96 39.82
75 97 39.62
75 98 109.02
75 99 102.34
75 100 68.71
75 101 103.23
75 102 56.73
75 103 108.3
75 104 112.29
75 105 31.06
75 106 146.86
75 107 93.01
75 108 137.89
75 109 71.11
75 110 73.98
75 111 86.15
75 112 24.33
75 113 96.25
75 114 80.4
75 115 137.06
75 116 103.32
75 117 113.95
75 118 134.42
75 119 110.11
75 120 47.38
75 121 140.72
75 122 105.95
75 123 28.02
75 124 112.75
75 125 158.4
75 126 107.91
75 127 117.07
75 128 149.68
75 129 105.65
75 130 40.61
75 131 60.21
75 132 120.51
75 133 44.72
75 134 22.0
75 135 95.51
75 136 124.79
75 137 90.62
75 138 88.6
75 139 103.12
75 140 85.02
75 141 108.34
75 142 86.05
75 143 141.48
75 144 105.12
75 145 5.83
75 146 55.32
75 147 112.38
75 148 107.3
75 149 49.65
75 150 77.0
75 151 83.1
75 152 34.0
75 153 33.24
75 154 66.13
75 155 96.83
75 156 23.19
75 157 105.12
75 158 137.64
75 159 79.1
75 160 111.8
75 161 110.48
75 162 77.88
75 163 1.0
75 164 109.24
75 165 139.32
75 166 109.29
75 167 143.06
75 168 25.0
75 169 29.53
75 170 22.02
75 171 130.98
75 172 70.46
75 173 63.69
75 174 127.58
75 175 100.44
75 176 142.17
75 177 103.02
75 178 64.4
75 179 70.77
75 180 161.38
75 181 115.32
75 182 3.0
75 183 91.79
75 184 91.21
75 185 115.26
75 186 116.0
75 187 89.0
75 188 138.6
75 189 125.57
75 190 137.44
75 191 161.23
75 192 42.52
75 193 147.32
75 194 2.83
75 195 6.0
75 196 39.6
75 197 109.55
75 198 34.13
75 199 89.49
75 200 105.68
75 201 82.2
76 0 23.41
76 1 47.13
76 2 44.28
76 3 81.54
76 4 97.84
76 5 84.65
76 6 55.58
76 7 78.85
76 8 83.86
76 9 47.8
76 10 85.28
76 11 56.57
76 12 59.48
76 13 44.6
76 14 26.08
76 15 29.0
76 16 60.11
76 17 39.12
76 18 76.97
76 19 15.65
76 20 33.97
76 21 49.82
76 22 59.41
76 23 55.97
76 24 29.73
76 25 42.2
76 26 26.83
76 27 22.67
76 28 16.97
76 29 51.55
76 30 9.22
76 31 41.88
76 32 97.42
76 33 80.72
76 34 80.8
76 35 54.34
76 36 82.13
76 37 48.08
76 38 55.44
76 39 37.12
76 40 29.53
76 41 37.44
76 42 46.62
76 43 47.17
76 44 8.06
76 45 21.95
76 46 87.97
76 47 67.36
76 48 23.35
76 49 72.42
76 50 47.42
76 51 104.29
76 52 55.87
76 53 45.12
76 54 81.02
76 55 53.6
76 56 53.01
76 57 72.01
76 58 61.47
76 59 26.4
76 60 96.4
76 61 27.2
76 62 4.12
76 63 58.41
76 64 24.84
76 65 105.69
76 66 66.76
76 67 40.71
76 68 5.39
76 69 82.81
76 70 63.16
76 71 49.73
76 72 96.54
76 73 53.76
76 74 15.0
76 75 60.14
76 77 41.23
76 78 37.58
76 79 52.92
76 80 40.82
76 81 45.61
76 82 99.36
76 83 78.24
76 84 102.73
76 85 39.96
76 86 108.23
76 87 49.65
76 88 83.76
76 89 31.4
76 90 44.29
76 91 64.2
76 92 55.17
76 93 50.49
76 94 106.78
76 95 80.6
76 96 20.62
76 97 20.52
76 98 79.92
76 99 45.88
76 100 25.61
76 101 45.88
76 102 7.28
76 103 80.6
76 104 75.03
76 105 30.0
76 106 86.83
76 107 34.01
76 108 77.79
76 109 22.36
76 110 41.01
76 111 59.55
76 112 49.24
76 113 38.6
76 114 53.08
76 115 108.76
76 116 57.97
76 117 74.63
76 118 74.52
76 119 53.14
76 120 12.81
76 121 80.66
76 122 56.32
76 123 43.08
76 124 86.83
76 125 98.35
76 126 51.92
76 127 85.88
76 128 89.64
76 129 57.87
76 130 20.0
76 131 5.66
76 132 81.91
76 133 21.38
76 134 46.53
76 135 52.2
76 136 97.08
76 137 44.15
76 138 43.97
76 139 53.34
76 140 63.66
76 141 85.63
76 142 60.88
76 143 81.57
76 144 48.38
76 145 58.8
76 146 8.06
76 147 68.41
76 148 79.81
76 149 13.34
76 150 56.85
76 151 58.0
76 152 28.65
76 153 31.78
76 154 25.46
76 155 38.08
76 156 48.75
76 157 74.95
76 158 77.62
76 159 55.17
76 160 69.26
76 161 72.8
76 162 40.0
76 163 60.83
76 164 65.8
76 165 79.31
76 166 53.16
76 167 83.23
76 168 52.0
76 169 32.45
76 170 45.65
76 171 103.17
76 172 42.01
76 173 22.67
76 174 102.2
76 175 41.63
76 176 82.22
76 177 77.2
76 178 19.1
76 179 24.7
76 180 101.53
76 181 75.0
76 182 62.37
76 183 43.57
76 184 51.08
76 185 77.83
76 186 86.45
76 187 65.12
76 188 78.57
76 189 96.8
76 190 77.34
76 191 101.18
76 192 18.36
76 193 87.21
76 194 60.11
76 195 55.9
76 196 20.62
76 197 83.24
76 198 27.46
76 199 46.82
76 200 80.81
76 201 23.41
77 0 40.2
77 1 77.93
77 2 52.89
77 3 122.64
77 4 112.61
77 5 93.94
77 6 37.64
77 7 117.18
77 8 124.81
77 9 79.08
77 10 94.85
77 11 38.42
77 12 34.44
77 13 49.65
77 14 41.23
77 15 47.3
77 16 101.18
77 17 53.46
77 18 117.34
77 19 47.17
77 20 7.62
77 21 65.01
77 22 99.82
77 23 68.18
77 24 12.65
77 25 2.24
77 26 38.83
77 27 19.24
77 28 42.94
77 29 45.31
77 30 42.01
77 31 4.24
77 32 60.08
77 33 96.17
77 34 89.0
77 35 86.15
77 36 97.42
77 37 87.66
77 38 96.18
77 39 49.5
77 40 40.45
77 41 5.1
77 42 45.35
77 43 52.2
77 44 48.84
77 45 22.14
77 46 97.99
77 47 39.56
77 48 31.32
77 49 111.83
77 50 47.3
77 51 65.8
77 52 65.49
77 53 77.67
77 54 121.31
77 55 92.61
77 56 94.2
77 57 90.8
77 58 101.6
77 59 43.42
77 60 113.6
77 61 16.49
77 62 45.0
77 63 99.64
77 64 17.46
77 65 67.78
77 66 40.16
77 67 51.97
77 68 43.14
77 69 42.44
77 70 32.76
77 71 81.05
77 72 111.95
77 73 35.47
77 74 40.31
77 75 70.58
77 76 41.23
77 78 48.66
77 79 49.04
77 80 5.83
77 81 84.97
77 82 114.49
77 83 95.8
77 84 116.81
77 85 5.39
77 86 70.58
77 87 44.6
77 88 124.85
77 89 45.54
77 90 54.57
77 91 37.0
77 92 66.27
77 93 88.39
77 94 68.54
77 95 89.47
77 96 42.15
77 97 44.78
77 98 120.93
77 99 77.1
77 100 17.09
77 101 75.66
77 102 47.38
77 103 41.63
77 104 114.95
77 105 44.72
77 106 95.71
77 107 46.27
77 108 92.35
77 109 22.8
77 110 4.24
77 111 100.77
77 112 47.8
77 113 44.38
77 114 94.26
77 115 70.94
77 116 34.48
77 117 114.06
77 118 91.68
77 119 82.39
77 120 43.27
77 121 95.51
77 122 39.7
77 123 42.76
77 124 47.41
77 125 111.79
77 126 82.87
77 127 126.57
77 128 98.39
77 129 38.01
77 130 41.23
77 131 46.86
77 132 121.25
77 133 31.95
77 134 48.84
77 135 91.68
77 136 58.69
77 137 83.19
77 138 83.65
77 139 37.48
77 140 104.69
77 141 45.22
77 142 102.07
77 143 97.8
77 144 78.77
77 145 66.1
77 146 47.38
77 147 42.38
77 148 40.72
77 149 34.67
77 150 97.59
77 151 99.16
77 152 40.61
77 153 39.12
77 154 16.12
77 155 47.85
77 156 48.51
77 157 115.94
77 158 87.32
77 159 96.21
77 160 41.48
77 161 112.71
77 162 10.0
77 163 70.71
77 164 39.22
77 165 94.92
77 166 83.73
77 167 90.35
77 168 48.7
77 169 44.28
77 170 48.66
77 171 65.0
77 172 1.0
77 173 18.6
77 174 63.06
77 175 50.45
77 176 98.08
77 177 118.41
77 178 22.47
77 179 19.65
77 180 116.71
77 181 114.13
77 182 73.55
77 183 81.94
77 184 91.42
77 185 117.62
77 186 127.32
77 187 106.3
77 188 93.96
77 189 58.87
77 190 88.39
77 191 114.39
77 192 47.89
77 193 97.58
77 194 68.88
77 195 64.63
77 196 46.1
77 197 43.83
77 198 41.98
77 199 86.83
77 200 40.82
77 201 40.2
78 0 14.42
78 1 35.23
78 2 6.71
78 3 94.58
78 4 65.3
78 5 48.92
78 6 31.89
78 7 79.51
78 8 95.21
78 9 36.62
78 10 49.68
78 11 32.56
78 12 40.22
78 13 8.06
78 14 61.22
78 15 65.46
78 16 81.27
78 17 5.1
78 18 85.28
78 19 53.23
78 20 42.45
78 21 86.82
78 22 84.17
78 23 92.66
78 24 37.95
78 25 50.8
78 26 60.96
78 27 35.36
78 28 53.85
78 29 82.01
78 30 46.53
78 31 52.17
78 32 83.01
78 33 48.33
78 34 44.55
78 35 43.05
78 36 49.66
78 37 56.6
78 38 79.31
78 39 1.41
78 40 63.78
78 41 48.76
78 42 78.64
78 43 10.05
78 44 42.72
78 45 30.89
78 46 52.63
78 47 47.63
78 48 54.45
78 49 77.1
78 50 79.98
78 51 91.26
78 52 92.01
78 53 36.88
78 54 88.62
78 55 59.2
78 56 70.38
78 57 42.2
78 58 70.21
78 59 62.2
78 60 65.55
78 61 34.18
78 62 37.0
78 63 76.16
78 64 35.34
78 65 91.4
78 66 46.1
78 67 3.61
78 68 42.95
78 69 76.9
78 70 47.51
78 71 38.28
78 72 64.4
78 73 31.4
78 74 51.31
78 75 96.61
78 76 37.58
78 77 48.66
78 79 84.5
78 80 52.63
78 81 53.85
78 82 67.08
78 83 47.43
78 84 69.84
78 85 51.66
78 86 93.24
78 87 80.43
78 88 96.52
78 89 67.01
78 90 7.07
78 91 45.0
78 92 91.61
78 93 53.26
78 94 93.01
78 95 44.6
78 96 56.86
78 97 57.45
78 98 92.09
78 99 35.0
78 100 34.93
78 101 32.45
78 102 43.32
78 103 71.59
78 104 81.47
78 105 65.6
78 106 50.99
78 107 3.61
78 108 44.72
78 109 29.53
78 110 45.28
78 111 78.55
78 112 81.47
78 113 5.83
78 114 73.68
78 115 94.02
78 116 38.01
78 117 79.21
78 118 43.32
78 119 37.58
78 120 50.12
78 121 47.85
78 122 31.11
78 123 75.07
78 124 77.82
78 125 65.0
78 126 39.45
78 127 95.27
78 128 53.81
78 129 34.71
78 130 56.04
78 131 39.85
78 132 85.59
78 133 53.04
78 134 79.91
78 135 59.64
78 136 84.6
78 137 51.62
78 138 53.71
78 139 29.07
78 140 84.76
78 141 79.48
78 142 80.41
78 143 49.77
78 144 35.51
78 145 94.49
78 146 44.6
78 147 46.69
78 148 71.18
78 149 47.01
78 150 80.52
78 151 78.43
78 152 63.13
78 153 65.07
78 154 37.58
78 155 1.41
78 156 81.39
78 157 87.37
78 158 41.87
78 159 77.2
78 160 48.92
78 161 79.4
78 162 40.05
78 163 97.2
78 164 45.45
78 165 47.01
78 166 39.82
78 167 46.69
78 168 83.74
78 169 67.48
78 170 79.2
78 171 89.63
78 172 49.65
78 173 38.08
78 174 90.74
78 175 4.12
78 176 50.16
78 177 92.28
78 178 35.23
78 179 31.78
78 180 69.32
78 181 78.49
78 182 99.05
78 183 49.09
78 184 62.27
78 185 83.49
78 186 97.01
78 187 84.31
78 188 46.1
78 189 83.49
78 190 42.2
78 191 67.74
78 192 55.9
78 193 52.01
78 194 96.21
78 195 91.83
78 196 57.8
78 197 74.73
78 198 62.63
78 199 57.31
78 200 74.09
78 201 14.42
79 0 70.8
79 1 99.96
79 2 90.69
79 3 119.64
79 4 148.95
79 5 133.42
79 6 85.48
79 7 126.04
79 8 123.17
79 9 100.57
79 10 134.18
79 11 86.35
79 12 83.38
79 13 89.11
79 14 27.66
79 15 28.0
79 16 93.86
79 17 87.8
79 18 119.6
79 19 42.43
79 20 49.24
79 21 26.17
79 22 88.54
79 23 25.06
79 24 51.04
79 25 47.43
79 26 26.25
79 27 50.25
79 28 37.85
79 29 4.0
79 30 44.92
79 31 45.22
79 32 103.02
79 33 131.75
79 34 128.97
79 35 106.9
79 36 133.14
79 37 95.19
79 38 87.09
79 39 84.65
79 40 23.77
79 41 44.78
79 42 6.32
79 43 91.93
79 44 54.57
79 45 54.45
79 46 137.13
79 47 88.54
79 48 30.53
79 49 118.02
79 50 6.0
79 51 106.47
79 52 21.02
79 53 97.72
79 54 123.69
79 55 101.24
79 56 92.66
79 57 123.82
79 58 106.04
79 59 28.28
79 60 148.19
79 61 53.41
79 62 56.3
79 63 96.34
79 64 51.09
79 65 109.29
79 66 89.2
79 67 88.09
79 68 49.34
79 69 81.3
79 70 81.61
79 71 102.46
79 72 147.83
79 73 83.24
79 74 38.6
79 75 25.3
79 76 52.92
79 77 49.04
79 78 84.5
79 80 43.32
79 81 93.34
79 82 150.6
79 83 129.85
79 84 153.69
79 85 43.66
79 86 112.29
79 87 4.47
79 88 121.81
79 89 24.02
79 90 91.55
79 91 86.03
79 92 22.83
79 93 99.85
79 94 109.46
79 95 129.07
79 96 33.73
79 97 35.36
79 98 119.05
79 99 98.68
79 100 51.86
79 101 98.79
79 102 52.63
79 103 84.0
79 104 119.21
79 105 25.08
79 106 135.47
79 107 81.06
79 108 128.46
79 109 55.87
79 110 52.92
79 111 95.9
79 112 4.0
79 113 82.76
79 114 89.44
79 115 112.36
79 116 83.26
79 117 120.04
79 118 125.94
79 119 106.04
79 120 42.2
79 121 131.49
79 122 87.32
79 123 9.85
79 124 88.14
79 125 149.03
79 126 104.68
79 127 126.59
79 128 138.29
79 129 86.31
79 130 33.96
79 131 55.36
79 132 127.1
79 133 32.25
79 134 8.25
79 135 99.13
79 136 100.18
79 137 92.54
79 138 91.27
79 139 84.72
79 140 96.57
79 141 83.49
79 142 96.32
79 143 132.85
79 144 101.24
79 145 19.65
79 146 51.42
79 147 91.42
79 148 83.0
79 149 39.81
79 150 88.32
79 151 93.17
79 152 24.74
79 153 21.19
79 154 49.04
79 155 84.39
79 156 5.1
79 157 114.59
79 158 126.37
79 159 89.27
79 160 90.44
79 161 117.15
79 162 57.7
79 163 25.0
79 164 88.26
79 165 130.36
79 166 105.95
79 167 130.97
79 168 1.0
79 169 22.09
79 170 9.22
79 171 106.3
79 172 48.7
79 173 47.42
79 174 102.7
79 175 87.86
79 176 133.41
79 177 114.0
79 178 49.52
79 179 54.56
79 180 152.82
79 181 121.0
79 182 28.16
79 183 92.91
79 184 96.0
79 185 122.2
79 186 126.12
79 187 99.92
79 188 129.53
79 189 101.08
79 190 126.66
79 191 151.82
79 192 40.2
79 193 136.5
79 194 22.8
79 195 19.7
79 196 36.22
79 197 85.05
79 198 26.48
79 199 93.09
79 200 81.1
79 201 70.8
80 0 43.01
80 1 80.31
80 2 57.25
80 3 122.33
80 4 117.18
80 5 98.84
80 6 43.42
80 7 118.27
80 8 124.68
80 9 81.39
80 10 99.73
80 11 44.2
80 12 40.25
80 13 54.23
80 14 37.34
80 15 43.32
80 16 100.12
80 17 57.27
80 18 117.62
80 19 44.82
80 20 10.2
80 21 60.13
80 22 98.29
80 23 63.03
80 24 15.03
80 25 4.12
80 26 34.79
80 27 20.4
80 28 40.22
80 29 39.56
80 30 40.31
80 31 2.0
80 32 64.03
80 33 100.57
80 34 93.94
80 35 88.46
80 36 101.84
80 37 88.24
80 38 94.85
80 39 53.37
80 40 36.14
80 41 4.0
80 42 39.81
80 43 56.86
80 44 48.01
80 45 24.08
80 46 102.86
80 47 45.22
80 48 27.73
80 49 112.54
80 50 41.77
80 51 69.29
80 52 60.21
80 53 79.76
80 54 121.64
80 55 93.41
80 56 93.74
80 57 94.83
80 58 101.98
80 59 39.56
80 60 117.95
80 61 19.03
80 62 44.78
80 63 99.05
80 64 19.1
80 65 71.47
80 66 45.88
80 67 56.04
80 68 42.01
80 69 45.18
80 70 38.33
80 71 83.38
80 72 116.46
80 73 41.23
80 74 37.8
80 75 65.28
80 76 40.82
80 77 5.83
80 78 52.63
80 79 43.32
80 81 85.62
80 82 119.04
80 83 100.0
80 84 121.46
80 85 1.0
80 86 74.33
80 87 38.9
80 88 124.56
80 89 41.23
80 90 58.82
80 91 42.72
80 92 61.07
80 93 89.49
80 94 72.11
80 95 94.37
80 96 38.95
80 97 41.68
80 98 120.74
80 99 79.4
80 100 19.03
80 101 78.16
80 102 46.4
80 103 45.22
80 104 115.45
80 105 40.52
80 106 100.65
80 107 50.01
80 108 96.8
80 109 25.02
80 110 10.0
80 111 100.0
80 112 42.2
80 113 48.7
80 114 93.41
80 115 74.63
80 116 40.31
80 117 114.77
80 118 95.88
80 119 85.05
80 120 41.11
80 121 99.96
80 122 45.45
80 123 37.34
80 124 50.7
80 125 116.47
80 126 85.29
80 127 126.66
80 128 103.35
80 129 43.83
80 130 38.08
80 131 46.32
80 132 122.0
80 133 28.65
80 134 43.42
80 135 92.31
80 136 62.3
80 137 83.93
80 138 84.17
80 139 43.19
80 140 103.59
80 141 47.89
80 142 101.21
80 143 102.14
80 144 81.22
80 145 60.67
80 146 46.23
80 147 48.1
80 148 44.27
80 149 32.56
80 150 96.26
80 151 98.23
80 152 36.4
80 153 34.53
80 154 17.26
80 155 51.92
80 156 42.95
80 157 115.76
80 158 92.14
80 159 95.13
80 160 47.13
80 161 113.22
80 162 15.56
80 163 65.38
80 164 44.94
80 165 99.3
80 166 86.21
80 167 95.38
80 168 43.01
80 169 39.81
80 170 43.29
80 171 68.62
80 172 5.39
80 173 18.97
80 174 66.31
80 175 54.71
80 176 102.46
80 177 117.89
80 178 23.09
80 179 22.0
80 180 121.26
80 181 114.95
80 182 68.26
80 183 82.87
80 184 91.68
80 185 118.19
80 186 127.26
80 187 105.42
80 188 98.35
80 189 62.64
80 190 93.11
80 191 119.1
80 192 45.22
80 193 102.42
80 194 63.51
80 195 59.3
80 196 43.05
80 197 47.17
80 198 37.95
80 199 87.24
80 200 43.86
80 201 43.01
81 0 49.52
81 1 26.02
81 2 57.7
81 3 40.8
81 4 81.71
81 5 78.52
81 6 84.81
81 7 33.38
81 8 41.77
81 9 25.08
81 10 78.64
81 11 85.6
81 12 92.1
81 13 61.29
81 14 66.03
81 15 65.49
81 16 31.06
81 17 50.54
81 18 32.8
81 19 51.04
81 20 77.37
81 21 79.71
81 22 37.11
81 23 86.38
81 24 72.47
81 25 86.33
81 26 68.0
81 27 65.74
81 28 56.0
81 29 93.09
81 30 50.25
81 31 86.41
81 32 134.35
81 33 67.91
81 34 77.1
81 35 25.63
81 36 69.12
81 37 2.83
81 38 32.28
81 39 52.48
81 40 70.03
81 41 81.94
81 42 87.21
81 43 62.17
81 44 40.31
81 45 63.13
81 46 80.06
81 47 100.0
81 48 67.48
81 49 26.93
81 50 87.37
81 51 142.17
81 52 88.23
81 53 22.0
81 54 36.62
81 55 8.06
81 56 19.03
81 57 57.49
81 58 17.03
81 59 65.12
81 60 77.39
81 61 68.96
81 62 41.48
81 63 24.08
81 64 67.54
81 65 142.84
81 66 98.72
81 67 54.12
81 68 46.53
81 69 123.81
81 70 98.29
81 71 25.32
81 72 79.85
81 73 83.87
81 74 56.08
81 75 90.82
81 76 45.61
81 77 84.97
81 78 53.85
81 79 93.34
81 80 85.62
81 82 82.46
81 83 63.32
81 84 86.54
81 85 84.69
81 86 144.97
81 87 91.09
81 88 42.8
81 89 69.35
81 90 55.95
81 91 97.08
81 92 86.65
81 93 7.81
81 94 144.26
81 95 76.16
81 96 60.01
81 97 58.08
81 98 38.42
81 99 25.0
81 100 68.0
81 101 28.02
81 102 42.3
81 103 120.1
81 104 30.02
81 105 68.26
81 106 80.62
81 107 52.43
81 108 67.08
81 109 62.77
81 110 83.73
81 111 27.02
81 112 89.36
81 113 59.08
81 114 24.52
81 115 145.67
81 116 90.03
81 117 29.15
81 118 61.39
81 119 30.59
81 120 52.04
81 121 68.66
81 122 84.4
81 123 84.1
81 124 126.51
81 125 83.82
81 126 26.68
81 127 42.52
81 128 82.87
81 129 87.62
81 130 60.0
81 131 40.79
81 132 36.4
81 133 65.49
81 134 85.59
81 135 6.71
81 136 135.15
81 137 2.24
81 138 2.24
81 139 82.01
81 140 34.0
81 141 126.61
81 142 29.02
81 143 67.45
81 144 27.07
81 145 92.05
81 146 43.19
81 147 99.64
81 148 119.47
81 149 57.71
81 150 32.98
81 151 28.07
81 152 69.03
81 153 73.01
81 154 68.88
81 155 55.23
81 156 88.46
81 157 33.6
81 158 73.11
81 159 28.64
81 160 101.53
81 161 27.78
81 162 80.99
81 163 91.76
81 164 97.95
81 165 66.71
81 166 27.89
81 167 80.1
81 168 92.35
81 169 71.25
81 170 84.59
81 171 140.73
81 172 85.87
81 173 66.71
81 174 140.93
81 175 56.82
81 176 68.41
81 177 38.47
81 178 62.65
81 179 65.86
81 180 84.17
81 181 29.41
81 182 91.92
81 183 5.1
81 184 8.54
81 185 32.65
81 186 43.84
81 187 32.25
81 188 66.49
81 189 134.38
81 190 71.25
81 191 86.38
81 192 53.15
81 193 79.08
81 194 92.03
81 195 88.89
81 196 57.14
81 197 123.07
81 198 67.07
81 199 4.0
81 200 121.4
81 201 49.52
82 0 79.92
82 1 58.83
82 2 61.85
82 3 109.29
82 4 2.0
82 5 23.09
82 6 84.48
82 7 81.01
82 8 107.07
82 9 59.17
82 10 22.09
82 11 84.38
82 12 93.26
82 13 64.85
82 14 125.25
82 15 128.32
82 16 112.27
82 17 63.13
82 18 96.19
82 19 113.9
82 20 109.0
82 21 148.52
82 22 119.27
82 23 154.94
82 24 104.79
82 25 116.71
82 26 125.6
82 27 102.42
82 28 116.28
82 29 148.41
82 30 108.47
82 31 118.33
82 32 128.41
82 33 18.87
82 34 28.02
82 35 56.86
82 36 17.49
82 37 83.57
82 38 114.59
82 39 66.65
82 40 128.41
82 41 115.32
82 42 144.52
82 43 62.3
82 44 101.12
82 45 97.95
82 46 19.24
82 47 97.0
82 48 120.1
82 49 86.28
82 50 145.66
82 51 136.78
82 52 155.13
82 53 62.77
82 54 97.02
82 55 80.65
82 56 100.57
82 57 27.59
82 58 89.05
82 59 125.73
82 60 6.08
82 61 101.13
82 62 97.0
82 63 104.4
82 64 102.42
82 65 135.33
82 66 95.0
82 67 63.51
82 68 104.14
82 69 132.03
82 70 101.18
82 71 58.18
82 72 2.83
82 73 85.71
82 74 114.34
82 75 159.23
82 76 99.36
82 77 114.49
82 78 67.08
82 79 150.6
82 80 119.04
82 81 82.46
82 83 21.21
82 84 4.12
82 85 118.11
82 86 135.92
82 87 146.73
82 88 110.16
82 89 130.73
82 90 60.42
82 91 96.05
82 92 154.31
82 93 75.61
82 94 137.3
82 95 27.0
82 96 119.97
82 97 119.75
82 98 106.3
82 99 60.21
82 100 101.98
82 101 58.25
82 102 102.55
82 103 125.0
82 104 91.2
82 105 129.32
82 106 22.36
82 107 70.24
82 108 22.36
82 109 96.6
82 110 110.68
82 111 107.56
82 112 147.3
82 113 70.38
82 114 106.63
82 115 136.89
82 116 91.35
82 117 87.14
82 118 24.84
82 119 52.84
82 120 111.95
82 121 19.24
82 122 82.39
82 123 140.91
82 124 130.06
82 125 5.0
82 126 56.36
82 127 104.0
82 128 20.88
82 129 86.28
82 130 119.33
82 131 99.04
82 132 89.02
82 133 118.46
82 134 145.21
82 135 83.17
82 136 131.97
82 137 81.02
82 138 84.17
82 139 82.73
82 140 114.56
82 141 134.0
82 142 109.48
82 143 17.8
82 144 57.45
82 145 158.14
82 146 103.97
82 147 94.02
82 148 125.0
82 149 111.4
82 150 115.17
82 151 109.42
82 152 127.61
82 153 130.21
82 154 104.65
82 155 67.54
82 156 147.05
82 157 103.7
82 158 28.16
82 159 110.72
82 160 97.02
82 161 90.35
82 162 105.0
82 163 159.96
82 164 95.01
82 165 20.25
82 166 55.01
82 167 28.28
82 168 149.77
82 169 131.65
82 170 144.4
82 171 134.81
82 172 115.43
82 173 105.12
82 174 138.18
82 175 64.47
82 176 17.2
82 177 110.89
82 178 102.08
82 179 98.84
82 180 2.24
82 181 85.09
82 182 161.28
82 183 78.29
82 184 88.87
82 185 91.05
82 186 107.0
82 187 111.57
82 188 21.1
82 189 130.12
82 190 26.48
82 191 5.39
82 192 116.73
82 193 19.1
82 194 159.36
82 195 155.22
82 196 119.67
82 197 128.0
82 198 126.66
82 199 86.16
82 200 129.03
82 201 79.92
83 0 59.48
83 1 38.48
83 2 42.95
83 3 94.26
83 4 19.85
83 5 18.79
83 6 69.26
83 7 67.91
83 8 92.66
83 9 39.0
83 10 18.38
83 11 69.35
83 12 78.41
83 13 46.53
83 14 104.2
83 15 107.17
83 16 93.94
83 17 43.08
83 18 81.5
83 19 92.7
83 20 89.84
83 21 127.31
83 22 100.42
83 23 133.73
83 24 85.38
83 25 97.98
83 26 104.62
83 27 82.46
83 28 95.13
83 29 127.77
83 30 87.32
83 31 99.46
83 32 117.05
83 33 5.1
83 34 20.62
83 35 37.85
83 36 6.0
83 37 64.76
83 38 95.6
83 39 46.82
83 40 107.42
83 41 96.17
83 42 123.71
83 43 44.28
83 44 79.91
83 45 78.0
83 46 18.44
83 47 83.36
83 48 99.32
83 49 71.45
83 50 124.81
83 51 125.57
83 52 133.96
83 53 42.54
83 54 83.02
83 55 62.65
83 56 82.0
83 57 6.4
83 58 72.11
83 59 104.64
83 60 18.36
83 61 81.6
83 62 75.82
83 63 86.31
83 64 82.64
83 65 124.6
83 66 81.39
83 67 43.97
83 68 82.98
83 69 117.61
83 70 86.47
83 71 38.28
83 72 18.38
83 73 70.11
83 74 93.24
83 75 138.03
83 76 78.24
83 77 95.8
83 78 47.43
83 79 129.85
83 80 100.0
83 81 63.32
83 82 21.21
83 84 24.84
83 85 99.04
83 86 125.59
83 87 126.05
83 88 95.43
83 89 109.64
83 90 41.23
83 91 81.88
83 92 133.12
83 93 57.07
83 94 126.49
83 95 19.21
83 96 98.86
83 97 98.6
83 98 91.27
83 99 39.81
83 100 82.28
83 101 37.59
83 102 81.34
83 103 111.02
83 104 76.53
83 105 108.23
83 106 20.25
83 107 50.33
83 108 7.07
83 109 76.69
83 110 92.2
83 111 89.44
83 112 126.48
83 113 51.42
83 114 87.8
83 115 126.53
83 116 76.32
83 117 72.69
83 118 4.12
83 119 32.89
83 120 90.79
83 121 6.32
83 122 67.36
83 123 120.11
83 124 116.56
83 125 21.1
83 126 36.69
83 127 90.26
83 128 21.59
83 129 71.45
83 130 98.23
83 131 77.83
83 132 75.93
83 133 97.64
83 134 124.28
83 135 64.94
83 136 120.07
83 137 61.68
83 138 64.85
83 139 67.12
83 140 96.51
83 141 119.82
83 142 91.41
83 143 4.12
83 144 37.16
83 145 137.0
83 146 82.76
83 147 80.81
83 148 110.89
83 149 90.44
83 150 96.3
83 151 91.01
83 152 106.61
83 153 109.29
83 154 84.86
83 155 48.08
83 156 126.19
83 157 88.05
83 158 17.69
83 159 91.92
83 160 83.74
83 161 75.33
83 162 86.68
83 163 138.77
83 164 81.22
83 165 4.47
83 166 35.44
83 167 23.02
83 168 129.0
83 169 110.6
83 170 123.46
83 171 123.66
83 172 96.77
83 173 85.09
83 174 126.38
83 175 45.35
83 176 5.1
83 177 95.01
83 178 81.86
83 179 79.12
83 180 23.35
83 181 70.86
83 182 140.07
83 183 58.82
83 184 70.41
83 185 76.94
83 186 93.06
83 187 93.9
83 188 5.0
83 189 118.41
83 190 14.87
83 191 23.85
83 192 95.52
83 193 17.46
83 194 138.19
83 195 134.06
83 196 98.49
83 197 114.13
83 198 105.6
83 199 67.19
83 200 114.63
83 201 59.48
84 0 82.93
84 1 62.77
84 2 64.4
84 3 113.36
84 4 5.0
84 5 24.08
84 6 85.99
84 7 85.0
84 8 111.11
84 9 63.13
84 10 23.09
84 11 85.84
84 12 94.64
84 13 67.23
84 14 128.55
84 15 131.71
84 16 116.39
84 17 66.04
84 18 100.24
84 19 117.39
84 20 111.49
84 21 152.03
84 22 123.37
84 23 158.42
84 24 107.35
84 25 119.04
84 26 128.84
84 27 105.19
84 28 119.67
84 29 151.43
84 30 111.87
84 31 120.7
84 32 128.88
84 33 22.02
84 34 29.15
84 35 60.93
84 36 20.62
84 37 87.66
84 38 118.68
84 39 69.46
84 40 131.65
84 41 117.78
84 42 147.63
84 43 64.62
84 44 104.66
84 45 100.72
84 46 20.02
84 47 98.08
84 48 123.22
84 49 90.35
84 50 148.81
84 51 137.19
84 52 158.55
84 53 66.73
84 54 101.04
84 55 84.77
84 56 104.68
84 57 31.24
84 58 93.17
84 59 129.07
84 60 10.0
84 61 103.75
84 62 100.45
84 63 108.52
84 64 105.12
84 65 135.64
84 66 96.08
84 67 66.24
84 68 107.56
84 69 133.18
84 70 102.49
84 71 62.18
84 72 6.71
84 73 87.3
84 74 117.69
84 75 162.69
84 76 102.73
84 77 116.81
84 78 69.84
84 79 153.69
84 80 121.46
84 81 86.54
84 82 4.12
84 83 24.84
84 85 120.54
84 86 136.13
84 87 149.77
84 88 114.21
84 89 134.06
84 90 63.06
84 91 97.25
84 92 157.76
84 93 79.71
84 94 137.61
84 95 28.28
84 96 123.33
84 97 123.17
84 98 110.37
84 99 64.14
84 100 104.66
84 101 62.13
84 102 106.07
84 103 126.06
84 104 95.26
84 105 132.65
84 106 23.0
84 107 73.06
84 108 25.24
84 109 99.36
84 110 112.95
84 111 111.68
84 112 150.43
84 113 72.92
84 114 110.72
84 115 137.12
84 116 92.78
84 117 91.2
84 118 28.28
84 119 56.82
84 120 115.36
84 121 22.2
84 122 83.86
84 123 144.03
84 124 131.0
84 125 5.1
84 126 60.37
84 127 108.0
84 128 21.1
84 129 87.69
84 130 122.67
84 131 102.53
84 132 93.01
84 133 121.61
84 134 148.4
84 135 87.28
84 136 132.54
84 137 85.09
84 138 88.24
84 139 84.34
84 140 118.68
84 141 135.09
84 142 113.6
84 143 21.21
84 144 61.4
84 145 161.52
84 146 107.48
84 147 95.02
84 148 126.1
84 149 114.63
84 150 119.27
84 151 113.53
84 152 130.87
84 153 133.41
84 154 107.35
84 155 70.24
84 156 150.21
84 157 107.79
84 158 29.83
84 159 114.83
84 160 98.02
84 161 94.43
84 162 107.22
84 163 163.42
84 164 96.13
84 165 23.43
84 166 59.03
84 167 29.0
84 168 152.87
84 169 134.95
84 170 147.61
84 171 135.2
84 172 117.75
84 173 107.91
84 174 138.71
84 175 67.08
84 176 20.52
84 177 114.98
84 178 104.96
84 179 101.53
84 180 3.16
84 181 89.14
84 182 164.77
84 183 82.35
84 184 92.97
84 185 95.08
84 186 111.02
84 187 115.69
84 188 24.21
84 189 130.65
84 190 28.46
84 191 3.16
84 192 120.22
84 193 20.1
84 194 162.79
84 195 158.62
84 196 123.11
84 197 129.03
84 198 129.96
84 199 90.25
84 200 130.19
84 201 82.93
85 0 42.01
85 1 79.31
85 2 56.3
85 3 121.49
85 4 116.25
85 5 97.95
85 6 42.8
85 7 117.32
85 8 123.82
85 9 80.4
85 10 98.84
85 11 43.6
85 12 39.81
85 13 53.31
85 14 37.0
85 15 43.01
85 16 99.36
85 17 56.29
85 18 116.73
85 19 44.2
85 20 9.22
85 21 60.07
85 22 97.58
85 23 63.07
85 24 14.04
85 25 4.0
85 26 34.48
85 27 19.42
85 28 39.66
85 29 39.92
85 30 39.6
85 31 2.24
85 32 64.29
85 33 99.62
85 34 93.06
85 35 87.46
85 36 100.9
85 37 87.32
85 38 94.11
85 39 52.39
85 40 35.9
85 41 3.0
85 42 40.02
85 43 55.95
85 44 47.2
85 45 23.09
85 46 101.97
85 47 44.92
85 48 27.31
85 49 111.62
85 50 41.98
85 51 69.64
85 52 60.3
85 53 78.77
85 54 120.75
85 55 92.48
85 56 92.91
85 57 93.86
85 58 101.08
85 59 39.22
85 60 117.0
85 61 18.03
85 62 43.91
85 63 98.23
85 64 18.11
85 65 71.78
85 66 45.54
85 67 55.08
85 68 41.23
85 69 45.65
85 70 38.08
85 71 82.39
85 72 115.52
85 73 40.61
85 74 37.2
85 75 65.38
85 76 39.96
85 77 5.39
85 78 51.66
85 79 43.66
85 80 1.0
85 81 84.69
85 82 118.11
85 83 99.04
85 84 120.54
85 86 74.63
85 87 39.22
85 88 123.71
85 89 41.0
85 90 57.87
85 91 42.38
85 92 61.13
85 93 88.54
85 94 72.45
85 95 93.48
85 96 38.47
85 97 41.18
85 98 119.89
85 99 78.41
85 100 18.03
85 101 77.16
85 102 45.61
85 103 45.54
85 104 114.54
85 105 40.26
85 106 99.76
85 107 49.03
85 108 95.86
85 109 24.02
85 110 9.43
85 111 99.2
85 112 42.45
85 113 47.76
85 114 92.62
85 115 74.95
85 116 39.82
85 117 113.85
85 118 94.92
85 119 84.05
85 120 40.46
85 121 99.02
85 122 44.82
85 123 37.48
85 124 51.08
85 125 115.55
85 126 84.29
85 127 125.78
85 128 102.47
85 129 43.27
85 130 37.59
85 131 45.49
85 132 121.08
85 133 28.18
85 134 43.57
85 135 91.39
85 136 62.63
85 137 83.01
85 138 83.26
85 139 42.52
85 140 102.83
85 141 48.37
85 142 100.42
85 143 101.19
85 144 80.22
85 145 60.83
85 146 45.45
85 147 47.76
85 148 44.6
85 149 31.89
85 150 95.52
85 151 97.45
85 152 36.14
85 153 34.37
85 154 16.28
85 155 50.96
85 156 43.17
85 157 114.91
85 158 91.24
85 159 94.37
85 160 46.84
85 161 112.31
85 162 14.87
85 163 65.49
85 164 44.6
85 165 98.35
85 166 85.21
85 167 94.51
85 168 43.32
85 169 39.62
85 170 43.42
85 171 68.95
85 172 5.1
85 173 18.03
85 174 66.71
85 175 53.76
85 176 101.51
85 177 117.07
85 178 22.14
85 179 21.0
85 180 120.33
85 181 114.02
85 182 68.36
85 183 81.93
85 184 90.79
85 185 117.27
85 186 126.4
85 187 104.64
85 188 97.41
85 189 62.94
85 190 92.2
85 191 118.19
85 192 44.65
85 193 101.52
85 194 63.64
85 195 59.41
85 196 42.54
85 197 47.54
85 198 37.64
85 199 86.33
85 200 44.28
85 201 42.01
86 0 95.52
86 1 128.41
86 2 92.09
86 3 185.46
86 4 133.96
86 5 113.03
86 6 61.4
86 7 172.73
86 8 186.72
86 9 129.81
86 10 114.0
86 11 60.8
86 12 53.15
86 13 87.66
86 14 111.63
86 15 117.64
86 16 167.41
86 17 97.8
86 18 177.5
86 19 117.2
86 20 76.06
86 21 133.56
86 22 167.52
86 23 135.48
86 24 79.18
86 25 70.84
86 26 109.11
86 27 85.96
86 28 113.32
86 29 108.3
86 30 111.36
86 31 72.42
86 32 10.82
86 33 123.02
86 34 108.42
86 35 136.01
86 36 123.66
86 37 147.8
86 38 163.37
86 39 94.64
86 40 110.44
86 41 75.61
86 42 110.89
86 43 88.2
86 44 116.28
86 45 86.28
86 46 116.71
86 47 45.61
86 48 101.84
86 49 169.92
86 50 112.87
86 51 6.32
86 52 132.1
86 53 130.1
86 54 181.07
86 55 151.35
86 56 158.52
86 57 123.69
86 58 161.93
86 59 113.84
86 60 138.25
86 61 81.12
86 62 111.22
86 63 164.3
86 64 83.73
86 65 3.0
86 66 47.2
86 67 94.4
86 68 111.51
86 69 31.02
86 70 46.69
86 71 131.4
86 72 134.39
86 73 61.85
86 74 110.57
86 75 136.94
86 76 108.23
86 77 70.58
86 78 93.24
86 79 112.29
86 80 74.33
86 81 144.97
86 82 135.92
86 83 125.59
86 84 136.13
86 85 74.63
86 87 108.46
86 88 187.54
86 89 115.52
86 90 94.3
86 91 48.27
86 92 133.36
86 93 145.77
86 94 3.61
86 95 109.64
86 96 112.72
86 97 115.32
86 98 183.25
86 99 128.23
86 100 82.86
86 101 125.6
86 102 115.25
86 103 29.12
86 104 174.04
86 105 114.84
86 106 113.56
86 107 93.61
86 108 119.22
86 109 85.98
86 110 68.94
86 111 166.03
86 112 112.64
86 113 87.46
86 114 160.0
86 115 1.0
86 116 55.32
86 117 172.07
86 118 122.2
86 119 130.1
86 120 113.16
86 121 121.76
86 122 62.43
86 123 109.33
86 124 24.19
86 125 131.4
86 126 132.41
86 127 187.38
86 128 115.12
86 129 58.6
86 130 111.79
86 131 113.74
86 132 178.64
86 133 102.53
86 134 115.12
86 135 151.32
86 136 12.17
86 137 142.84
86 138 144.31
86 139 64.2
86 140 171.01
86 141 29.02
86 142 167.61
86 143 125.23
86 144 128.6
86 145 131.64
86 146 115.6
86 147 46.87
86 148 30.08
86 149 104.69
86 150 164.76
86 151 165.0
86 152 110.72
86 153 108.67
86 154 83.65
86 155 91.83
86 156 113.75
86 157 178.33
86 158 109.48
86 159 162.63
86 160 44.41
86 161 171.9
86 162 68.48
86 163 136.82
86 164 47.8
86 165 122.38
86 166 132.64
86 167 107.71
86 168 112.36
86 169 114.02
86 170 115.26
86 171 6.0
86 172 70.23
86 173 86.77
86 174 10.77
86 175 91.61
86 176 124.92
86 177 182.22
86 178 89.55
86 179 83.53
86 180 137.67
86 181 171.49
86 182 139.92
86 183 140.72
86 184 152.84
86 185 176.24
86 186 188.81
86 187 171.82
86 188 121.43
86 189 11.7
86 190 111.97
86 191 133.0
86 192 118.19
86 193 116.93
86 194 134.73
86 195 130.98
86 196 116.62
86 197 27.46
86 198 112.27
86 199 147.87
86 200 31.26
86 201 95.52
87 0 66.85
87 1 96.77
87 2 86.56
87 3 118.6
87 4 145.06
87 5 129.32
87 6 81.01
87 7 124.0
87 8 122.02
87 9 97.42
87 10 130.1
87 11 81.88
87 12 78.92
87 13 84.9
87 14 25.08
87 15 26.31
87 16 93.01
87 17 83.82
87 18 118.09
87 19 40.05
87 20 44.78
87 21 28.02
87 22 88.02
87 23 27.86
87 24 46.62
87 25 43.01
87 26 23.35
87 27 45.97
87 28 35.23
87 29 2.0
87 30 41.98
87 31 40.8
87 32 99.08
87 33 127.86
87 34 124.84
87 35 103.85
87 36 129.25
87 37 93.02
87 38 86.33
87 39 80.6
87 40 21.1
87 41 40.31
87 42 4.47
87 43 87.73
87 44 51.79
87 45 50.21
87 46 133.06
87 47 84.12
87 48 26.83
87 49 116.16
87 50 5.66
87 51 102.7
87 52 24.04
87 53 94.64
87 54 122.19
87 55 99.05
87 56 91.24
87 57 120.07
87 58 104.24
87 59 26.0
87 60 144.4
87 61 49.04
87 62 53.16
87 63 95.13
87 64 46.75
87 65 105.48
87 66 84.76
87 67 84.02
87 68 46.32
87 69 77.52
87 70 77.2
87 71 99.33
87 72 143.96
87 73 78.77
87 74 35.69
87 75 28.64
87 76 49.65
87 77 44.6
87 78 80.43
87 79 4.47
87 80 38.9
87 81 91.09
87 82 146.73
87 83 126.05
87 84 149.77
87 85 39.22
87 86 108.46
87 88 120.78
87 89 22.2
87 90 87.46
87 91 81.6
87 92 25.63
87 93 97.42
87 94 105.68
87 95 124.96
87 96 31.14
87 97 33.02
87 98 117.9
87 99 95.51
87 100 47.51
87 101 95.52
87 102 49.82
87 103 80.02
87 104 117.52
87 105 23.09
87 106 131.37
87 107 77.01
87 108 124.54
87 109 51.62
87 110 48.47
87 111 94.83
87 112 4.47
87 113 78.57
87 114 88.29
87 115 108.56
87 116 78.79
87 117 118.21
87 118 122.11
87 119 102.79
87 120 39.46
87 121 127.58
87 122 82.86
87 123 7.0
87 124 84.29
87 125 145.09
87 126 101.53
87 127 125.32
87 128 134.18
87 129 81.84
87 130 31.26
87 131 52.39
87 132 125.32
87 133 28.64
87 134 8.49
87 135 97.01
87 136 96.33
87 137 90.2
87 138 89.05
87 139 80.26
87 140 95.82
87 141 79.76
87 142 95.34
87 143 129.0
87 144 98.03
87 145 23.19
87 146 48.66
87 147 86.98
87 148 79.03
87 149 36.4
87 150 87.6
87 151 92.18
87 152 22.09
87 153 18.25
87 154 44.69
87 155 80.28
87 156 5.83
87 157 113.36
87 158 122.29
87 159 88.32
87 160 86.02
87 161 115.43
87 162 53.23
87 163 28.44
87 164 83.82
87 165 126.48
87 166 102.79
87 167 126.81
87 168 4.12
87 169 20.1
87 170 9.22
87 171 102.49
87 172 44.27
87 173 43.14
87 174 98.99
87 175 83.74
87 176 129.54
87 177 113.05
87 178 45.34
87 179 50.25
87 180 148.95
87 181 119.1
87 182 31.58
87 183 90.45
87 184 94.09
87 185 120.5
87 186 124.95
87 187 99.04
87 188 125.64
87 189 97.19
87 190 122.61
87 191 147.87
87 192 38.0
87 193 132.44
87 194 26.31
87 195 22.8
87 196 34.0
87 197 81.15
87 198 24.02
87 199 91.0
87 200 77.23
87 201 66.85
88 0 92.02
88 1 65.0
88 2 99.98
88 3 2.24
88 4 110.07
88 5 113.28
88 6 127.61
88 7 29.83
88 8 3.61
88 9 63.69
88 10 113.14
88 11 128.41
88 12 134.83
88 13 103.77
88 14 97.41
88 15 94.64
88 16 28.16
88 17 92.96
88 18 14.0
88 19 83.38
88 20 117.41
88 21 101.24
88 22 35.06
88 23 107.07
88 24 112.8
88 25 125.92
88 26 99.96
88 27 105.8
88 28 88.77
88 29 122.72
88 30 85.42
88 31 125.64
88 32 176.87
88 33 100.5
88 34 113.16
88 35 60.44
88 36 101.4
88 37 40.0
88 38 35.13
88 39 95.13
88 40 101.19
88 41 121.2
88 42 116.42
88 43 104.45
88 44 76.66
88 45 103.86
88 46 113.75
88 47 142.76
88 48 102.04
88 49 24.02
88 50 115.95
88 51 184.57
88 52 110.22
88 53 61.74
88 54 13.6
88 55 37.59
88 56 30.89
88 57 90.93
88 58 26.42
88 59 95.82
88 60 104.24
88 61 109.64
88 62 79.88
88 63 26.0
88 64 107.8
88 65 185.35
88 66 141.5
88 67 96.57
88 68 82.86
88 69 165.3
88 70 140.86
88 71 62.97
88 72 108.07
88 73 126.66
88 74 89.96
88 75 111.02
88 76 83.76
88 77 124.85
88 78 96.52
88 79 121.81
88 80 124.56
88 81 42.8
88 82 110.16
88 83 95.43
88 84 114.21
88 85 123.71
88 86 187.54
88 87 120.78
88 89 98.76
88 90 98.11
88 91 139.82
88 92 108.17
88 93 43.83
88 94 186.72
88 95 111.99
88 96 92.11
88 97 89.54
88 98 4.47
88 99 64.47
88 100 108.41
88 101 67.62
88 102 78.39
88 103 162.05
88 104 19.0
88 105 98.08
88 106 115.12
88 107 95.21
88 108 100.98
88 109 103.71
88 110 124.2
88 111 25.96
88 112 117.9
88 113 101.83
88 114 32.57
88 115 188.22
88 116 132.77
88 117 23.02
88 118 94.89
88 119 67.05
88 120 85.91
88 121 101.6
88 122 127.2
88 123 114.02
88 124 168.44
88 125 113.02
88 126 63.25
88 127 8.49
88 128 116.84
88 129 130.42
88 130 92.48
88 131 78.23
88 132 22.47
88 133 100.22
88 134 113.56
88 135 36.89
88 136 177.49
88 137 45.0
88 138 43.28
88 139 124.81
88 140 26.0
88 141 168.12
88 142 25.5
88 143 99.32
88 144 65.55
88 145 114.21
88 146 78.77
88 147 142.44
88 148 161.38
88 149 93.48
88 150 34.06
88 151 28.64
88 152 100.24
88 153 104.36
88 154 108.81
88 155 97.91
88 156 116.71
88 157 9.22
88 158 109.24
88 159 32.56
88 160 144.31
88 161 20.1
88 162 122.15
88 163 112.02
88 164 140.72
88 165 99.61
88 166 63.89
88 167 116.1
88 168 120.83
88 169 100.96
88 170 112.59
88 171 183.17
88 172 125.67
88 173 106.25
88 174 183.15
88 175 99.32
88 176 100.32
88 177 8.0
88 178 102.42
88 179 106.67
88 180 111.29
88 181 25.08
88 182 111.0
88 183 47.43
88 184 34.71
88 185 19.24
88 186 5.83
88 187 22.09
88 188 99.72
88 189 176.8
88 190 106.89
88 191 115.07
88 192 84.5
88 193 112.75
88 194 113.07
88 195 111.29
88 196 88.26
88 197 164.94
88 198 98.03
88 199 39.7
88 200 163.03
88 201 92.02
89 0 52.63
89 1 77.39
89 2 73.6
89 3 96.57
89 4 129.19
89 5 115.36
89 6 75.93
89 7 102.02
89 8 99.92
89 9 77.88
89 10 116.04
89 11 76.9
89 12 76.42
89 13 72.95
89 14 5.83
89 15 4.12
89 16 71.17
89 17 69.43
89 18 95.89
89 19 18.68
89 20 42.0
89 21 20.88
89 22 66.64
89 23 25.94
89 24 41.3
89 25 44.91
89 26 7.07
89 27 37.36
89 28 14.76
89 29 24.19
89 30 22.47
89 31 43.17
89 32 105.26
89 33 112.04
89 34 111.29
89 35 83.93
89 36 113.45
89 37 71.18
89 38 64.62
89 39 66.84
89 40 5.1
89 41 40.45
89 42 18.03
89 43 75.72
89 44 31.38
89 45 40.5
89 46 118.83
89 47 83.1
89 48 15.13
89 49 94.05
89 50 18.03
89 51 110.37
89 52 25.0
89 53 74.85
89 54 99.98
89 55 77.23
89 56 69.05
89 57 103.41
89 58 82.1
89 59 5.0
89 60 127.8
89 61 41.98
89 62 34.13
89 63 73.01
89 64 39.05
89 65 112.64
89 66 83.22
89 67 70.43
89 68 26.93
89 69 85.8
89 70 77.0
89 71 79.71
89 72 127.91
89 73 73.76
89 74 16.4
89 75 29.68
89 76 31.4
89 77 45.54
89 78 67.01
89 79 24.02
89 80 41.23
89 81 69.35
89 82 130.73
89 83 109.64
89 84 134.06
89 85 41.0
89 86 115.52
89 87 22.2
89 88 98.76
89 90 74.03
89 91 80.16
89 92 24.7
89 93 75.95
89 94 113.23
89 95 111.2
89 96 10.82
89 97 11.7
89 98 95.8
89 99 76.06
89 100 40.02
89 101 76.48
89 102 29.55
89 103 86.4
89 104 95.34
89 105 1.41
89 106 117.52
89 107 63.41
89 108 109.04
89 109 41.79
89 110 48.17
89 111 72.8
89 112 20.02
89 113 66.57
89 114 66.22
89 115 115.8
89 116 75.66
89 117 96.08
89 118 105.89
89 119 83.63
89 120 19.24
89 121 111.95
89 122 77.37
89 123 15.3
89 124 91.71
89 125 129.63
89 126 81.94
89 127 103.16
89 128 120.34
89 129 77.47
89 130 11.4
89 131 32.65
89 132 103.17
89 133 15.52
89 134 16.28
89 135 75.11
89 136 103.45
89 137 68.59
89 138 67.27
89 139 74.46
89 140 74.09
89 141 88.39
89 142 73.38
89 143 112.93
89 144 78.72
89 145 27.59
89 146 28.23
89 147 85.29
89 148 85.44
89 149 20.0
89 150 65.92
89 151 70.21
89 152 5.0
89 153 7.21
89 154 37.66
89 155 67.2
89 156 19.1
89 157 91.22
89 158 108.3
89 159 66.41
89 160 85.09
89 161 93.26
89 162 51.01
89 163 30.23
89 164 82.22
89 165 110.63
89 166 83.26
89 167 113.57
89 168 23.02
89 169 2.24
89 170 15.3
89 171 109.77
89 172 45.71
89 173 34.93
89 174 107.22
89 175 70.8
89 176 113.57
89 177 91.09
89 178 35.11
89 179 41.76
89 180 132.91
89 181 97.02
89 182 32.25
89 183 69.05
89 184 72.01
89 185 98.33
89 186 102.84
89 187 77.16
89 188 109.88
89 189 103.85
89 190 108.21
89 191 132.46
89 192 16.28
89 193 118.11
89 194 29.21
89 195 24.84
89 196 12.37
89 197 88.23
89 198 4.47
89 199 69.07
89 200 84.76
89 201 52.63
90 0 21.4
90 1 34.66
90 2 2.24
90 3 96.25
90 4 58.6
90 5 41.87
90 6 33.12
90 7 79.2
90 8 96.57
90 9 36.07
90 10 42.64
90 11 33.62
90 12 42.05
90 13 6.71
90 14 68.25
90 15 72.42
90 16 84.65
90 17 6.0
90 18 86.27
90 19 59.94
90 20 48.7
90 21 93.74
90 22 88.12
90 23 99.62
90 24 44.38
90 25 56.75
90 26 68.01
90 27 42.19
90 28 60.75
90 29 89.02
90 30 53.34
90 31 58.24
90 32 84.38
90 33 41.79
90 34 37.48
90 35 41.87
90 36 43.08
90 37 58.6
90 38 83.19
90 39 7.21
90 40 70.84
90 41 55.03
90 42 85.7
90 43 6.4
90 44 49.04
90 45 37.74
90 46 45.61
90 47 48.88
90 48 61.52
90 49 77.62
90 50 87.05
90 51 92.78
90 52 99.02
90 53 37.01
90 54 89.4
90 55 60.54
90 56 73.38
90 57 36.35
90 58 71.69
90 59 69.2
90 60 59.14
90 61 40.72
90 62 43.46
90 63 79.06
90 64 42.06
90 65 92.65
90 66 47.17
90 67 3.61
90 68 49.65
90 69 80.08
90 70 49.77
90 71 37.48
90 72 57.78
90 73 33.11
90 74 58.25
90 75 103.6
90 76 44.29
90 77 54.57
90 78 7.07
90 79 91.55
90 80 58.82
90 81 55.95
90 82 60.42
90 83 41.23
90 84 63.06
90 85 57.87
90 86 94.3
90 87 87.46
90 88 98.11
90 89 74.03
90 91 46.53
90 92 98.6
90 93 54.38
90 94 94.34
90 95 37.54
90 96 63.82
90 97 64.35
90 98 93.65
90 99 34.71
90 100 41.59
90 101 31.83
90 102 49.77
90 103 74.33
90 104 82.2
90 105 72.62
90 106 43.93
90 107 10.63
90 108 38.08
90 109 36.36
90 110 50.99
90 111 81.61
90 112 88.53
90 113 10.2
90 114 77.13
90 115 95.13
90 116 39.81
90 117 79.65
90 118 37.11
90 119 35.81
90 120 56.94
90 121 41.23
90 122 31.91
90 123 82.13
90 124 80.41
90 125 58.18
90 126 38.29
90 127 96.26
90 128 46.75
90 129 35.85
90 130 63.01
90 131 46.24
90 132 85.7
90 133 60.11
90 134 86.98
90 135 61.29
90 136 86.35
90 137 53.71
90 138 56.08
90 139 30.41
90 140 88.06
90 141 82.57
90 142 83.52
90 143 43.32
90 144 34.66
90 145 101.53
90 146 51.08
90 147 47.43
90 148 74.0
90 149 54.04
90 150 84.34
90 151 81.74
90 152 70.18
90 153 72.14
90 154 44.29
90 155 7.21
90 156 88.46
90 157 89.07
90 158 34.83
90 159 80.81
90 160 49.93
90 161 80.21
90 162 45.54
90 163 104.2
90 164 46.65
90 165 40.5
90 166 38.42
90 167 39.62
90 168 90.79
90 169 74.52
90 170 86.27
90 171 91.07
90 172 55.54
90 173 44.94
90 174 92.59
90 175 4.12
90 176 43.66
90 177 94.37
90 178 42.2
90 179 38.47
90 180 62.65
90 181 78.75
90 182 106.02
90 183 50.99
90 184 64.47
90 185 84.02
90 186 98.18
90 187 87.28
90 188 39.56
90 189 85.09
90 190 35.23
90 191 60.9
90 192 62.65
90 193 45.0
90 194 103.23
90 195 98.86
90 196 64.66
90 197 77.49
90 198 69.66
90 199 59.62
90 200 77.2
90 201 21.4
91 0 48.01
91 1 80.21
91 2 44.29
91 3 137.77
91 4 94.05
91 5 73.17
91 6 13.42
91 7 124.47
91 8 138.85
91 9 81.61
91 10 74.17
91 11 13.0
91 12 5.0
91 13 39.82
91 14 75.03
91 15 81.01
91 16 121.08
91 17 49.65
91 18 129.42
91 19 76.12
91 20 38.33
91 21 100.6
91 22 122.09
91 23 104.39
91 24 39.0
91 25 38.63
91 26 73.11
91 27 44.28
91 28 73.44
91 29 82.28
91 30 69.43
91 31 40.85
91 32 38.01
91 33 80.31
91 34 68.12
91 35 87.92
91 36 81.22
91 37 99.9
91 38 117.65
91 39 46.4
91 40 75.24
91 41 41.48
91 42 82.28
91 43 40.72
91 44 72.11
91 45 42.95
91 46 77.23
91 47 3.16
91 48 65.07
91 49 121.7
91 50 84.2
91 51 46.32
91 52 101.98
91 53 81.84
91 54 132.94
91 55 103.25
91 56 111.5
91 57 78.85
91 58 113.95
91 59 77.01
91 60 97.05
91 61 39.2
91 62 66.48
91 63 117.32
91 64 42.19
91 65 46.4
91 66 3.16
91 67 46.32
91 68 68.41
91 69 36.0
91 70 5.83
91 71 83.23
91 72 94.01
91 73 13.6
91 74 70.46
91 75 107.08
91 76 64.2
91 77 37.0
91 78 45.0
91 79 86.03
91 80 42.72
91 81 97.08
91 82 96.05
91 83 81.88
91 84 97.25
91 85 42.38
91 86 48.27
91 87 81.6
91 88 139.82
91 89 80.16
91 90 46.53
91 92 102.59
91 93 97.59
91 94 48.01
91 95 69.07
91 96 74.11
91 97 76.24
91 98 135.47
91 99 80.0
91 100 41.19
91 101 77.42
91 102 71.47
91 103 29.15
91 104 125.87
91 105 79.1
91 106 74.33
91 107 45.34
91 108 76.32
91 109 42.2
91 110 33.24
91 111 119.27
91 112 84.77
91 113 39.2
91 114 113.53
91 115 49.04
91 116 7.07
91 117 123.84
91 118 78.09
91 119 82.15
91 120 72.01
91 121 79.23
91 122 14.87
91 123 79.56
91 124 34.71
91 125 92.2
91 126 84.31
91 127 139.34
91 128 76.53
91 129 10.77
91 130 73.11
91 131 69.29
91 132 130.38
91 133 65.01
91 134 85.62
91 135 103.32
91 136 39.82
91 137 94.92
91 138 96.54
91 139 16.12
91 140 124.68
91 141 38.05
91 142 120.95
91 143 82.39
91 144 80.45
91 145 102.84
91 146 72.12
91 147 5.39
91 148 29.07
91 149 64.38
91 150 119.0
91 151 118.51
91 152 75.17
91 153 74.55
91 154 43.05
91 155 43.6
91 156 85.44
91 157 130.6
91 158 68.0
91 159 116.47
91 160 5.1
91 161 123.75
91 162 29.27
91 163 107.28
91 164 2.24
91 165 79.4
91 166 84.6
91 167 68.36
91 168 85.7
91 169 79.31
91 170 85.38
91 171 44.65
91 172 37.34
91 173 46.1
91 174 46.07
91 175 43.57
91 176 82.3
91 177 134.81
91 178 47.52
91 179 40.61
91 180 98.08
91 181 123.24
91 182 110.02
91 183 92.7
91 184 105.12
91 185 128.04
91 186 140.86
91 187 125.1
91 188 78.41
91 189 38.59
91 190 70.03
91 191 94.34
91 192 77.78
91 193 77.16
91 194 105.54
91 195 101.2
91 196 77.32
91 197 32.25
91 198 76.06
91 199 100.12
91 200 33.0
91 201 48.01
92 0 77.2
92 1 99.02
92 2 98.23
92 3 106.12
92 4 152.84
92 5 139.7
92 6 99.62
92 7 117.28
92 8 110.04
92 9 99.32
92 10 140.36
92 11 100.58
92 12 99.25
92 13 97.64
92 14 30.53
92 15 26.25
92 16 80.06
92 17 93.86
92 18 108.3
92 19 40.46
92 20 64.33
92 21 7.07
92 22 73.44
92 23 2.24
92 24 64.56
92 25 65.12
92 26 31.3
92 27 61.47
92 28 38.21
92 29 26.4
92 30 45.97
92 31 63.07
92 32 123.69
92 33 135.79
92 34 135.72
92 35 104.81
92 36 137.21
92 37 87.93
92 38 73.06
92 39 91.4
92 40 28.64
92 41 61.4
92 42 22.56
92 43 100.4
92 44 53.41
92 45 64.88
92 46 143.09
92 47 105.38
92 48 39.0
92 49 108.5
92 50 20.62
92 51 127.74
92 52 2.24
92 53 96.04
92 54 112.22
92 55 93.96
92 56 81.5
92 57 126.81
92 58 96.51
92 59 29.41
92 60 151.09
92 61 65.79
92 62 57.31
92 63 84.1
92 64 62.97
92 65 130.39
92 66 105.72
92 67 95.0
92 68 50.21
92 69 102.59
92 70 98.86
92 71 101.02
92 72 151.49
92 73 97.42
92 74 40.46
92 75 5.0
92 76 55.17
92 77 66.27
92 78 91.61
92 79 22.83
92 80 61.07
92 81 86.65
92 82 154.31
92 83 133.12
92 84 157.76
92 85 61.13
92 86 133.36
92 87 25.63
92 88 108.17
92 89 24.7
92 90 98.6
92 91 102.59
92 93 93.98
92 94 130.7
92 95 135.59
92 96 34.83
92 97 34.66
92 98 106.02
92 99 97.64
92 100 63.91
92 101 98.47
92 102 51.86
92 103 104.58
92 104 108.78
92 105 26.08
92 106 141.87
92 107 88.01
92 108 132.94
92 109 66.21
92 110 69.58
92 111 83.01
92 112 21.19
92 113 91.27
92 114 77.1
92 115 133.51
92 116 98.72
92 117 110.32
92 118 129.5
92 119 105.39
92 120 42.43
92 121 135.77
92 122 101.19
92 123 24.08
92 124 109.18
92 125 153.46
92 126 103.25
92 127 114.0
92 128 144.69
92 129 100.96
92 130 35.61
92 131 55.32
92 132 116.97
92 133 39.81
92 134 18.25
92 135 91.48
92 136 121.2
92 137 86.38
92 138 84.43
92 139 98.35
92 140 82.22
92 141 104.92
92 142 83.01
92 143 136.56
92 144 100.4
92 145 6.08
92 146 50.45
92 147 107.87
92 148 103.59
92 149 44.65
92 150 74.11
92 151 80.0
92 152 29.07
92 153 28.46
92 154 61.35
92 155 91.84
92 156 19.92
92 157 102.0
92 158 132.65
92 159 76.0
92 160 107.35
92 161 106.92
92 162 73.35
92 163 5.66
92 164 104.74
92 165 134.38
92 166 104.62
92 167 138.06
92 168 22.36
92 169 24.6
92 170 18.11
92 171 127.42
92 172 66.19
92 173 58.87
92 174 124.15
92 175 95.44
92 176 137.24
92 177 100.18
92 178 59.51
92 179 65.92
92 180 156.46
92 181 111.63
92 182 7.62
92 183 87.46
92 184 87.32
92 185 111.76
92 186 113.04
92 187 86.09
92 188 133.66
92 189 121.93
92 190 132.46
92 191 156.28
92 192 37.64
92 193 142.34
92 194 5.39
92 195 3.61
92 196 34.66
92 197 105.93
92 198 29.15
92 199 85.44
92 200 102.11
92 201 77.2
93 0 51.04
93 1 21.59
93 2 56.3
93 3 42.05
93 4 74.95
93 5 73.06
93 6 84.9
93 7 28.79
93 8 42.19
93 9 20.4
93 10 73.11
93 11 85.63
93 12 92.66
93 13 60.22
93 14 72.34
93 15 72.18
93 16 36.88
93 17 49.41
93 18 32.02
93 19 57.43
93 20 80.78
93 21 87.09
93 22 43.66
93 23 93.78
93 24 75.77
93 25 89.89
93 26 74.17
93 27 69.29
93 28 62.2
93 29 99.41
93 30 56.0
93 31 90.14
93 32 135.28
93 33 61.81
93 34 72.03
93 35 19.24
93 36 62.97
93 37 8.06
93 38 39.0
93 39 51.86
93 40 76.32
93 41 85.7
93 42 93.65
93 43 60.75
93 44 46.0
93 45 66.31
93 46 74.33
93 47 100.41
93 48 73.06
93 49 24.21
93 50 93.9
93 51 143.28
93 52 95.52
93 53 18.03
93 54 35.38
93 55 6.32
93 56 25.0
93 57 51.48
93 58 17.46
93 59 71.57
93 60 70.38
93 61 72.09
93 62 46.39
93 63 29.27
93 64 70.94
93 65 143.75
93 66 99.01
93 67 53.01
93 68 52.04
93 69 125.94
93 70 99.25
93 71 20.1
93 72 73.05
93 73 84.15
93 74 62.03
93 75 98.23
93 76 50.49
93 77 88.39
93 78 53.26
93 79 99.85
93 80 89.49
93 81 7.81
93 82 75.61
93 83 57.07
93 84 79.71
93 85 88.54
93 86 145.77
93 87 97.42
93 88 43.83
93 89 75.95
93 90 54.38
93 91 97.59
93 92 93.98
93 94 145.25
93 95 71.01
93 96 66.27
93 97 64.5
93 98 39.36
93 99 20.88
93 100 71.31
93 101 24.04
93 102 48.0
93 103 121.83
93 104 28.28
93 105 74.81
93 106 75.11
93 107 52.35
93 108 61.29
93 109 65.8
93 110 86.82
93 111 32.39
93 112 95.89
93 113 58.8
93 114 31.02
93 115 146.51
93 116 90.52
93 117 26.4
93 118 55.44
93 119 25.0
93 120 58.08
93 121 62.65
93 122 84.29
93 123 90.45
93 124 128.22
93 125 77.2
93 126 21.0
93 127 42.01
93 128 77.23
93 129 87.73
93 130 66.19
93 131 46.1
93 132 33.29
93 133 71.06
93 134 92.23
93 135 8.0
93 136 136.36
93 137 7.62
93 138 10.0
93 139 82.07
93 140 39.46
93 141 128.7
93 142 34.37
93 143 61.19
93 144 22.36
93 145 99.3
93 146 49.01
93 147 99.76
93 148 121.25
93 149 63.13
93 150 39.56
93 151 33.96
93 152 75.33
93 153 79.23
93 154 72.45
93 155 54.67
93 156 95.04
93 157 34.93
93 158 68.03
93 159 35.11
93 160 101.83
93 161 26.17
93 162 83.65
93 163 99.16
93 164 98.29
93 165 60.67
93 166 22.02
93 167 75.03
93 168 98.86
93 169 77.78
93 170 91.24
93 171 141.77
93 172 89.32
93 173 70.52
93 174 142.27
93 175 55.8
93 176 62.17
93 177 40.8
93 178 66.41
93 179 68.94
93 180 77.25
93 181 26.08
93 182 99.4
93 183 7.0
93 184 13.34
93 185 30.48
93 186 43.83
93 187 37.05
93 188 60.53
93 189 135.47
93 190 66.0
93 191 79.7
93 192 59.68
93 193 73.33
93 194 99.37
93 195 96.14
93 196 63.64
93 197 124.85
93 198 73.44
93 199 10.82
93 200 123.42
93 201 51.04
94 0 94.75
94 1 128.22
94 2 92.11
94 3 184.62
94 4 135.33
94 5 114.34
94 6 61.29
94 7 172.43
94 8 185.97
94 9 129.62
94 10 115.32
94 11 60.75
94 12 52.8
94 13 87.66
94 14 109.44
94 15 115.43
94 16 166.21
94 17 97.65
94 18 176.87
94 19 115.38
94 20 74.24
94 21 131.03
94 22 166.15
94 23 132.83
94 24 77.52
94 25 68.71
94 26 106.89
94 27 84.38
94 28 111.4
94 29 105.48
94 30 109.66
94 31 70.23
94 32 10.0
94 33 124.04
94 34 109.66
94 35 135.92
94 36 124.72
94 37 147.09
94 38 162.05
94 39 94.4
94 40 108.16
94 41 73.54
94 42 108.19
94 43 88.32
94 44 114.83
94 45 84.88
94 46 118.07
94 47 45.49
94 48 99.72
94 49 169.43
94 50 110.17
94 51 3.0
94 52 129.4
94 53 129.81
94 54 180.48
94 55 150.75
94 56 157.49
94 57 124.42
94 58 161.25
94 59 111.66
94 60 139.49
94 61 79.61
94 62 109.86
94 63 163.25
94 64 82.15
94 65 2.0
94 66 47.17
94 67 94.3
94 68 109.93
94 69 28.16
94 70 46.01
94 71 131.24
94 72 135.71
94 73 61.61
94 74 108.69
94 75 134.21
94 76 106.78
94 77 68.54
94 78 93.01
94 79 109.46
94 80 72.11
94 81 144.26
94 82 137.3
94 83 126.49
94 84 137.61
94 85 72.45
94 86 3.61
94 87 105.68
94 88 186.72
94 89 113.23
94 90 94.34
94 91 48.01
94 92 130.7
94 93 145.25
94 95 110.86
94 96 110.69
94 97 113.32
94 98 182.46
94 99 128.0
94 100 81.3
94 101 125.43
94 102 113.74
94 103 26.93
94 104 173.48
94 105 112.58
94 106 114.93
94 107 93.24
94 108 120.21
94 109 84.63
94 110 67.08
94 111 164.92
94 112 109.9
94 113 87.2
94 114 158.84
94 115 3.16
94 116 55.0
94 117 171.59
94 118 123.03
94 119 130.08
94 120 111.36
94 121 122.8
94 122 62.43
94 123 106.71
94 124 21.59
94 125 132.83
94 126 132.31
94 127 186.72
94 128 116.56
94 129 58.52
94 130 109.77
94 131 112.33
94 132 178.23
94 133 100.46
94 134 112.45
94 135 150.66
94 136 9.85
94 137 142.14
94 138 143.54
94 139 64.07
94 140 169.81
94 141 26.02
94 142 166.48
94 143 126.24
94 144 128.46
94 145 128.88
94 146 114.06
94 147 47.01
94 148 27.86
94 149 102.86
94 150 163.44
94 151 163.84
94 152 108.47
94 153 106.32
94 154 81.99
94 155 91.61
94 156 111.02
94 157 177.52
94 158 110.6
94 159 161.4
94 160 44.42
94 161 171.33
94 162 66.89
94 163 134.08
94 164 47.71
94 165 123.37
94 166 132.57
94 167 109.04
94 168 109.55
94 169 111.68
94 170 112.61
94 171 3.61
94 172 68.15
94 173 85.09
94 174 7.28
94 175 91.53
94 176 125.96
94 177 181.29
94 178 87.98
94 179 82.1
94 180 139.09
94 181 171.06
94 182 137.19
94 183 140.07
94 184 152.04
94 185 175.73
94 186 188.1
94 187 170.7
94 188 122.41
94 189 10.0
94 190 113.05
94 191 134.5
94 192 116.3
94 193 118.26
94 194 131.97
94 195 128.27
94 196 114.63
94 197 25.0
94 198 110.05
94 199 147.09
94 200 28.64
94 201 94.75
95 0 58.69
95 1 50.16
95 2 38.42
95 3 110.64
95 4 25.0
95 5 4.47
95 6 57.71
95 7 85.7
95 8 109.44
95 9 51.09
95 10 5.39
95 11 57.56
95 12 66.37
95 13 40.5
95 14 105.48
95 15 109.34
95 16 107.23
95 17 41.77
95 18 98.27
95 19 96.02
95 20 84.6
95 21 130.42
95 22 112.87
95 23 136.5
95 24 80.78
95 25 91.71
95 26 105.38
95 27 79.4
95 28 97.45
95 29 126.51
95 30 89.81
95 31 93.47
95 32 101.79
95 33 14.87
95 34 1.41
95 35 52.15
95 36 15.0
95 37 78.06
95 38 107.91
95 39 44.55
95 40 108.21
95 41 90.82
95 42 123.24
95 43 37.74
95 44 84.06
95 45 75.0
95 46 8.54
95 47 70.0
95 48 99.04
95 49 88.29
95 50 124.58
95 51 110.22
95 52 136.12
95 53 54.23
95 54 100.17
95 55 77.06
95 56 95.19
95 57 21.54
95 58 87.37
95 59 106.3
95 60 28.64
95 61 77.39
95 62 79.06
95 63 100.04
95 64 79.06
95 65 108.91
95 66 68.0
95 67 41.04
95 68 85.8
95 69 105.04
95 70 74.24
95 71 51.01
95 72 25.08
95 73 59.03
95 74 95.13
95 75 140.58
95 76 80.6
95 77 89.47
95 78 44.6
95 79 129.07
95 80 94.37
95 81 76.16
95 82 27.0
95 83 19.21
95 84 28.28
95 85 93.48
95 86 109.64
95 87 124.96
95 88 111.99
95 89 111.2
95 90 37.54
95 91 69.07
95 92 135.59
95 93 71.01
95 94 110.86
95 96 100.77
95 97 101.04
95 98 107.69
95 99 51.24
95 100 78.49
95 101 48.37
95 102 85.15
95 103 98.0
95 104 93.39
95 105 109.79
95 106 6.4
95 107 48.1
95 108 12.21
95 109 73.6
95 110 85.49
95 111 103.08
95 112 126.06
95 113 46.62
95 114 100.5
95 115 110.6
95 116 64.5
95 117 89.74
95 118 17.89
95 119 46.01
95 120 93.41
95 121 13.45
95 122 55.58
95 123 119.67
95 124 103.08
95 125 23.19
95 126 50.01
95 127 107.45
95 128 9.22
95 129 59.41
95 130 100.0
95 131 81.54
95 132 93.61
95 133 97.59
95 134 124.48
95 135 79.01
95 136 105.22
95 137 74.24
95 138 77.32
95 139 56.09
95 140 110.11
95 141 107.0
95 142 105.08
95 143 17.03
95 144 49.09
95 145 138.77
95 146 86.53
95 147 67.03
95 148 98.01
95 149 91.29
95 150 108.78
95 151 104.24
95 152 107.52
95 153 109.6
95 154 81.27
95 155 44.69
95 156 125.99
95 157 104.09
95 158 3.16
95 159 104.58
95 160 70.03
95 161 91.98
95 162 79.71
95 163 141.23
95 164 68.01
95 165 14.87
95 166 49.04
95 167 4.12
95 168 128.32
95 169 111.8
95 170 123.76
95 171 108.26
95 172 90.38
95 173 82.2
95 174 111.46
95 175 41.23
95 176 16.4
95 177 110.77
95 178 79.65
95 179 75.45
95 180 29.02
95 181 88.06
95 182 142.9
95 183 71.25
95 184 84.02
95 185 94.11
95 186 110.11
95 187 108.0
95 188 14.21
95 189 103.41
95 190 5.1
95 191 25.5
95 192 98.81
95 193 8.25
95 194 140.36
95 195 136.03
95 196 101.21
95 197 101.0
95 198 106.89
95 199 80.16
95 200 102.04
95 201 58.69
96 0 42.44
96 1 66.71
96 2 63.51
96 3 89.89
96 4 118.44
96 5 104.89
96 6 68.47
96 7 93.09
96 8 92.97
96 9 67.23
96 10 105.55
96 11 69.46
96 12 70.01
96 13 63.13
96 14 6.08
96 15 8.6
96 16 65.3
96 17 59.03
96 18 88.07
96 19 9.06
96 20 37.11
96 21 30.02
96 22 61.85
96 23 35.81
96 24 35.23
96 25 42.05
96 26 8.06
96 27 30.02
96 28 4.12
96 29 33.14
96 30 11.66
96 31 40.71
96 32 102.18
96 33 101.32
96 34 100.9
96 35 73.39
96 36 102.73
96 37 62.01
96 38 59.17
96 39 56.61
96 40 10.05
96 41 37.16
96 42 27.46
96 43 65.86
96 44 20.88
96 45 32.39
96 46 108.3
96 47 77.16
96 48 11.4
96 49 85.48
96 50 27.89
96 51 107.94
96 52 35.38
96 53 64.26
96 54 92.2
96 55 68.0
96 56 61.68
96 57 92.62
96 58 73.68
96 59 5.83
96 60 117.0
96 61 35.0
96 62 23.32
96 63 66.13
96 64 32.0
96 65 109.93
96 66 77.06
96 67 60.22
96 68 16.12
96 69 84.12
96 70 71.57
96 71 69.08
96 72 117.15
96 73 66.37
96 74 5.66
96 75 39.82
96 76 20.62
96 77 42.15
96 78 56.86
96 79 33.73
96 80 38.95
96 81 60.01
96 82 119.97
96 83 98.86
96 84 123.33
96 85 38.47
96 86 112.72
96 87 31.14
96 88 92.11
96 89 10.82
96 90 63.82
96 91 74.11
96 92 34.83
96 93 66.27
96 94 110.69
96 95 100.77
96 97 2.83
96 98 88.87
96 99 65.39
96 100 33.0
96 101 65.74
96 102 18.97
96 103 83.77
96 104 87.13
96 105 9.43
96 106 107.06
96 107 53.25
96 108 98.35
96 109 33.54
96 110 43.97
96 111 66.31
96 112 29.83
96 113 56.82
96 114 59.62
96 115 113.09
96 116 69.01
96 117 87.57
96 118 95.13
96 119 72.92
96 120 8.54
96 121 101.24
96 122 69.72
96 123 24.19
96 124 89.47
96 125 118.93
96 126 71.31
96 127 95.88
96 128 109.88
96 129 70.26
96 130 1.0
96 131 21.93
96 132 94.76
96 133 10.3
96 134 26.57
96 135 66.03
96 136 100.85
96 137 59.08
96 138 58.0
96 139 66.75
96 140 68.48
96 141 86.83
96 142 67.12
96 143 102.18
96 144 68.03
96 145 38.21
96 146 17.72
96 147 79.03
96 148 82.86
96 149 10.44
96 150 60.54
96 151 63.98
96 152 9.06
96 153 13.0
96 154 31.06
96 155 57.14
96 156 29.12
96 157 84.12
96 158 97.84
96 159 60.37
96 160 79.16
96 161 85.0
96 162 45.71
96 163 40.46
96 164 76.06
96 165 99.9
96 166 72.62
96 167 103.23
96 168 32.76
96 169 12.08
96 170 25.63
96 171 107.15
96 172 42.54
96 173 28.02
96 174 105.12
96 175 60.75
96 176 102.83
96 177 84.69
96 178 27.17
96 179 34.13
96 180 122.15
96 181 88.36
96 182 42.2
96 183 59.3
96 184 63.39
96 185 90.09
96 186 95.82
96 187 71.11
96 188 99.16
96 189 101.02
96 190 97.67
96 191 121.75
96 192 7.62
96 193 107.56
96 194 39.62
96 195 35.36
96 196 4.24
96 197 85.91
96 198 7.28
96 199 60.07
96 200 82.73
96 201 42.44
97 0 43.05
97 1 65.74
97 2 64.14
97 3 87.32
97 4 118.26
97 5 105.12
97 6 70.26
97 7 91.02
97 8 90.44
97 9 66.21
97 10 105.76
97 11 71.25
97 12 72.06
97 13 63.95
97 14 8.06
97 15 8.6
97 16 62.61
97 17 59.41
97 18 85.7
97 19 7.07
97 20 39.56
97 21 29.41
97 22 59.08
97 23 35.47
97 24 37.48
97 25 44.72
97 26 10.44
97 27 32.02
97 28 3.61
97 29 35.01
97 30 11.31
97 31 43.42
97 32 104.75
97 33 101.18
97 34 101.21
97 35 72.24
97 36 102.59
97 37 60.01
97 38 56.44
97 39 57.14
97 40 12.04
97 41 39.81
97 42 29.15
97 43 66.65
97 44 19.7
97 45 34.13
97 46 108.47
97 47 79.31
97 48 14.21
97 49 83.29
97 50 29.43
97 51 110.57
97 52 35.38
97 53 63.16
97 54 89.82
97 55 66.03
97 56 59.2
97 57 92.31
97 58 71.45
97 59 7.07
97 60 116.66
97 61 37.05
97 62 22.8
97 63 63.57
97 64 34.06
97 65 112.54
97 66 79.16
97 67 60.75
97 68 15.62
97 69 86.83
97 70 73.82
97 71 68.03
97 72 116.93
97 73 68.18
97 74 6.32
97 75 39.62
97 76 20.52
97 77 44.78
97 78 57.45
97 79 35.36
97 80 41.68
97 81 58.08
97 82 119.75
97 83 98.6
97 84 123.17
97 85 41.18
97 86 115.32
97 87 33.02
97 88 89.54
97 89 11.7
97 90 64.35
97 91 76.24
97 92 34.66
97 93 64.5
97 94 113.32
97 95 101.04
97 96 2.83
97 98 86.33
97 99 64.4
97 100 35.06
97 101 64.88
97 102 17.89
97 103 86.41
97 104 84.85
97 105 10.44
97 106 107.3
97 107 53.85
97 108 98.29
97 109 35.23
97 110 46.49
97 111 63.69
97 112 31.4
97 113 57.7
97 114 57.01
97 115 115.69
97 116 71.01
97 117 85.38
97 118 94.92
97 119 72.01
97 120 7.81
97 121 101.14
97 122 71.45
97 123 26.02
97 124 92.14
97 125 118.83
97 126 70.26
97 127 93.41
97 128 110.11
97 129 72.11
97 130 3.61
97 131 21.1
97 132 92.54
97 133 13.04
97 134 27.89
97 135 64.0
97 136 103.47
97 137 57.22
97 138 56.04
97 139 68.47
97 140 65.76
97 141 89.55
97 142 64.47
97 143 101.98
97 144 67.08
97 145 38.42
97 146 16.55
97 147 81.1
97 148 85.49
97 149 12.04
97 150 57.8
97 151 61.33
97 152 11.05
97 153 15.13
97 154 33.24
97 155 57.8
97 156 30.59
97 157 81.61
97 158 98.08
97 159 57.7
97 160 81.3
97 161 82.73
97 162 48.05
97 163 40.31
97 164 78.16
97 165 99.76
97 166 71.59
97 167 103.6
97 168 34.37
97 169 13.34
97 170 26.93
97 171 109.77
97 172 45.19
97 173 30.15
97 174 107.79
97 175 61.4
97 176 102.65
97 177 82.08
97 178 29.02
97 179 36.01
97 180 121.92
97 181 86.21
97 182 41.87
97 183 57.56
97 184 61.2
97 185 87.82
97 186 93.3
97 187 68.45
97 188 99.04
97 189 103.62
97 190 97.84
97 191 121.66
97 192 5.1
97 193 107.71
97 194 39.62
97 195 35.47
97 196 1.41
97 197 88.57
97 198 9.0
97 199 58.01
97 200 85.42
97 201 43.05
98 0 87.73
98 1 60.54
98 2 95.52
98 3 3.0
98 4 106.17
98 5 109.04
98 6 123.23
98 7 26.57
98 8 4.12
98 9 59.24
98 10 108.9
98 11 124.02
98 12 130.48
98 13 99.32
98 14 94.25
98 15 91.68
98 16 26.02
98 17 88.51
98 18 10.2
98 19 80.06
98 20 113.46
98 21 99.05
98 22 33.54
98 23 105.0
98 24 108.81
98 25 122.04
98 26 96.77
98 27 101.83
98 28 85.44
98 29 119.85
98 30 81.86
98 31 121.79
98 32 172.59
98 33 96.33
98 34 108.85
98 35 56.04
98 36 97.25
98 37 35.61
98 38 33.02
98 39 90.7
98 40 98.08
98 41 117.35
98 42 113.56
98 43 99.98
98 44 72.95
98 45 99.81
98 46 109.55
98 47 138.41
98 48 98.62
98 49 20.02
98 50 113.16
98 51 180.31
98 52 108.04
98 53 57.27
98 54 10.82
98 55 33.12
98 56 27.31
98 57 86.7
98 58 21.95
98 59 92.72
98 60 100.4
98 61 105.6
98 62 76.01
98 63 22.8
98 64 103.81
98 65 181.07
98 66 137.13
98 67 92.11
98 68 79.18
98 69 161.2
98 70 136.56
98 71 58.52
98 72 104.17
98 73 122.29
98 74 86.54
98 75 109.02
98 76 79.92
98 77 120.93
98 78 92.09
98 79 119.05
98 80 120.74
98 81 38.42
98 82 106.3
98 83 91.27
98 84 110.37
98 85 119.89
98 86 183.25
98 87 117.9
98 88 4.47
98 89 95.8
98 90 93.65
98 91 135.47
98 92 106.02
98 93 39.36
98 94 182.46
98 95 107.69
98 96 88.87
98 97 86.33
98 99 60.01
98 100 104.4
98 101 63.16
98 102 74.71
98 103 157.88
98 104 15.13
98 105 95.08
98 106 110.89
98 107 90.8
98 108 96.75
98 109 99.64
98 110 120.21
98 111 23.19
98 112 115.12
98 113 97.42
98 114 29.61
98 115 183.93
98 116 128.43
98 117 19.24
98 118 90.67
98 119 62.64
98 120 82.46
98 121 97.42
98 122 122.8
98 123 111.09
98 124 164.27
98 125 109.07
98 126 58.82
98 127 8.25
98 128 112.64
98 129 126.04
98 130 89.2
98 131 74.43
98 132 19.72
98 133 96.77
98 134 110.82
98 135 32.45
98 136 173.24
98 137 40.61
98 138 38.95
98 139 120.42
98 140 24.33
98 141 164.02
98 142 23.02
98 143 95.19
98 144 61.1
98 145 112.04
98 146 75.13
98 147 138.06
98 148 157.21
98 149 89.9
98 150 32.06
98 151 26.08
98 152 97.12
98 153 101.24
98 154 104.86
98 155 93.48
98 156 113.95
98 157 5.0
98 158 104.92
98 159 30.07
98 160 139.95
98 161 16.0
98 162 118.07
98 163 110.02
98 164 136.36
98 165 95.43
98 166 59.48
98 167 111.8
98 168 118.07
98 169 97.98
98 170 109.84
98 171 178.91
98 172 121.76
98 173 102.34
98 174 178.93
98 175 94.87
98 176 96.19
98 177 7.21
98 178 98.47
98 179 102.62
98 180 107.47
98 181 21.38
98 182 109.11
98 183 43.01
98 184 30.41
98 185 15.81
98 186 7.07
98 187 20.1
98 188 95.52
98 189 172.54
98 190 102.59
98 191 111.16
98 192 81.27
98 193 108.56
98 194 111.0
98 195 109.07
98 196 85.07
98 197 160.78
98 198 94.92
98 199 35.38
98 200 158.9
98 201 87.73
99 0 37.11
99 1 1.41
99 2 36.8
99 3 62.77
99 4 59.17
99 5 53.76
99 6 66.84
99 7 44.6
99 8 62.61
99 9 2.0
99 10 53.94
99 11 67.48
99 12 75.21
99 13 41.01
99 14 71.31
99 15 72.9
99 16 56.04
99 17 30.48
99 18 51.97
99 19 57.71
99 20 69.72
99 21 91.26
99 22 61.66
99 23 97.91
99 24 64.63
99 25 78.92
99 26 72.45
99 27 59.14
99 28 61.33
99 29 97.42
99 30 53.85
99 31 79.63
99 32 118.0
99 33 44.01
99 34 52.15
99 35 9.06
99 36 45.31
99 37 27.07
99 38 56.72
99 39 33.6
99 40 75.03
99 41 75.43
99 42 92.36
99 43 41.11
99 44 44.72
99 45 55.33
99 46 55.54
99 47 82.62
99 48 69.12
99 49 43.01
99 50 93.05
99 51 126.25
99 52 98.79
99 53 3.0
99 54 54.92
99 55 27.2
99 56 44.01
99 57 33.62
99 58 38.28
99 59 71.18
99 60 55.8
99 61 60.67
99 62 42.38
99 63 49.04
99 64 60.3
99 65 126.4
99 66 81.06
99 67 33.97
99 68 49.4
99 69 110.92
99 70 82.38
99 71 4.0
99 72 57.45
99 73 66.4
99 74 60.17
99 75 102.34
99 76 45.88
99 77 77.1
99 78 35.0
99 79 98.68
99 80 79.4
99 81 25.0
99 82 60.21
99 83 39.81
99 84 64.14
99 85 78.41
99 86 128.23
99 87 95.51
99 88 64.47
99 89 76.06
99 90 34.71
99 91 80.0
99 92 97.64
99 93 20.88
99 94 128.0
99 95 51.24
99 96 65.39
99 97 64.4
99 98 60.01
99 100 60.41
99 101 3.16
99 102 46.52
99 103 106.07
99 104 47.71
99 105 74.73
99 106 55.9
99 107 34.99
99 108 42.72
99 109 54.45
99 110 74.73
99 111 52.01
99 112 94.92
99 113 40.8
99 114 49.25
99 115 129.02
99 116 73.01
99 117 45.0
99 118 37.34
99 119 7.81
99 120 56.86
99 121 44.6
99 122 65.95
99 123 88.87
99 124 112.38
99 125 60.83
99 126 6.08
99 127 61.91
99 128 58.25
99 129 69.66
99 130 65.0
99 131 43.46
99 132 50.99
99 133 67.19
99 134 91.92
99 135 28.64
99 136 119.54
99 137 23.02
99 138 26.08
99 139 64.03
99 140 59.0
99 141 113.6
99 142 54.01
99 143 43.86
99 144 2.83
99 145 102.22
99 146 47.85
99 147 81.57
99 148 105.59
99 149 59.2
99 150 57.56
99 151 53.04
99 152 74.09
99 153 77.49
99 154 62.2
99 155 36.4
99 156 94.34
99 157 55.71
99 158 48.17
99 159 53.34
99 160 83.87
99 161 45.79
99 162 70.6
99 163 103.17
99 164 80.43
99 165 42.72
99 166 7.28
99 167 55.15
99 168 97.74
99 169 77.47
99 170 91.0
99 171 124.62
99 172 78.09
99 173 61.03
99 174 125.64
99 175 36.8
99 176 44.78
99 177 61.68
99 178 57.01
99 179 57.56
99 180 62.13
99 181 44.05
99 182 104.04
99 183 20.02
99 184 33.14
99 185 49.41
99 186 64.01
99 187 57.14
99 188 42.38
99 189 118.46
99 190 46.39
99 191 63.53
99 192 60.42
99 193 54.57
99 194 102.93
99 195 99.13
99 196 63.95
99 197 109.18
99 198 72.62
99 199 29.0
99 200 108.23
99 201 37.11
100 0 24.08
100 1 61.29
100 2 40.31
100 3 106.21
100 4 100.18
100 5 82.93
100 6 35.9
100 7 100.09
100 8 108.23
100 9 62.39
100 10 83.76
100 11 36.88
100 12 37.01
100 13 38.01
100 14 34.53
100 15 40.31
100 16 85.63
100 17 39.22
100 18 100.5
100 19 35.17
100 20 9.49
100 21 60.88
100 22 85.0
100 23 65.46
100 24 4.47
100 25 18.68
100 26 32.98
100 27 3.16
100 28 32.25
100 29 48.84
100 30 28.79
100 31 19.24
100 32 72.07
100 33 83.26
100 34 78.24
100 35 69.46
100 36 84.58
100 37 70.71
100 38 81.06
100 39 35.47
100 40 35.44
100 41 15.03
100 42 46.62
100 43 40.8
100 44 33.6
100 45 5.1
100 46 86.82
100 47 44.28
100 48 25.0
100 49 94.81
100 50 48.26
100 51 78.77
100 52 63.69
100 53 60.83
100 54 104.45
100 55 75.58
100 56 77.99
100 57 76.84
100 58 84.72
100 59 36.35
100 60 100.46
100 61 2.0
100 62 29.0
100 63 83.55
100 64 1.0
100 65 80.26
100 66 44.1
100 67 38.48
100 68 28.65
100 69 57.28
100 70 39.05
100 71 64.38
100 72 99.32
100 73 33.73
100 74 29.27
100 75 68.71
100 76 25.61
100 77 17.09
100 78 34.93
100 79 51.86
100 80 19.03
100 81 68.0
100 82 101.98
100 83 82.28
100 84 104.66
100 85 18.03
100 86 82.86
100 87 47.51
100 88 108.41
100 89 40.02
100 90 41.59
100 91 41.19
100 92 63.91
100 93 71.31
100 94 81.3
100 95 78.49
100 96 33.0
100 97 35.06
100 98 104.4
100 99 60.41
100 101 59.14
100 102 32.45
100 103 55.0
100 104 98.01
100 105 38.83
100 106 84.88
100 107 31.95
100 108 79.62
100 109 6.0
100 110 15.81
100 111 84.86
100 112 49.41
100 113 31.91
100 114 78.49
100 115 83.35
100 116 36.01
100 117 97.05
100 118 78.19
100 119 66.03
100 120 31.05
100 121 82.76
100 122 37.36
100 123 43.27
100 124 61.22
100 125 99.76
100 126 66.27
100 127 109.84
100 128 87.66
100 129 37.48
100 130 32.0
100 131 31.24
100 132 104.22
100 133 24.52
100 134 48.88
100 135 74.71
100 136 71.56
100 137 66.19
100 138 66.73
100 139 34.48
100 140 89.2
100 141 60.11
100 142 86.27
100 143 84.69
100 144 62.2
100 145 65.31
100 146 32.76
100 147 46.04
100 148 54.2
100 149 23.19
100 150 82.46
100 151 83.45
100 152 35.17
100 153 35.47
100 154 2.83
100 155 34.44
100 156 49.65
100 157 99.4
100 158 76.01
100 159 80.72
100 160 46.27
100 161 95.77
100 162 14.42
100 163 69.08
100 164 43.1
100 165 81.94
100 166 67.19
100 167 80.0
100 168 51.22
100 169 39.56
100 170 48.37
100 171 77.7
100 172 18.03
100 173 5.1
100 174 76.61
100 175 37.59
100 176 85.09
100 177 102.18
100 178 6.71
100 179 3.16
100 180 104.22
100 181 97.08
100 182 71.51
100 183 64.88
100 184 74.63
100 185 100.65
100 186 110.68
100 187 90.51
100 188 81.02
100 189 71.34
100 190 76.66
100 191 102.47
100 192 36.67
100 193 86.28
100 194 67.62
100 195 63.16
100 196 36.12
100 197 57.63
100 198 35.69
100 199 69.97
100 200 55.23
100 201 24.08
101 0 35.51
101 1 2.83
101 2 33.94
101 3 65.92
101 4 57.14
101 5 50.99
101 6 64.2
101 7 47.38
101 8 65.74
101 9 4.24
101 10 51.2
101 11 64.82
101 12 72.67
101 13 38.21
101 14 71.59
101 15 73.43
101 16 59.01
101 17 27.8
101 18 55.07
101 19 58.31
101 20 68.36
101 21 92.2
101 22 64.5
101 23 98.81
101 24 63.29
101 25 77.52
101 26 72.62
101 27 58.01
101 28 61.72
101 29 97.41
101 30 54.13
101 31 78.31
101 32 115.43
101 33 41.63
101 34 49.25
101 35 10.77
101 36 42.95
101 37 30.15
101 38 59.54
101 39 31.06
101 40 75.24
101 41 74.17
101 42 92.48
101 43 38.21
101 44 45.28
101 45 54.08
101 46 52.89
101 47 80.0
101 48 68.96
101 49 46.04
101 50 93.23
101 51 123.71
101 52 99.57
101 53 6.08
101 54 57.98
101 55 30.36
101 56 47.0
101 57 31.3
101 58 41.44
101 59 71.55
101 60 54.04
101 61 59.3
101 62 42.54
101 63 52.09
101 64 59.08
101 65 123.81
101 66 78.41
101 67 31.24
101 68 49.66
101 69 108.75
101 70 79.92
101 71 5.83
101 72 55.47
101 73 63.82
101 74 60.42
101 75 103.23
101 76 45.88
101 77 75.66
101 78 32.45
101 79 98.79
101 80 78.16
101 81 28.02
101 82 58.25
101 83 37.59
101 84 62.13
101 85 77.16
101 86 125.6
101 87 95.52
101 88 67.62
101 89 76.48
101 90 31.83
101 91 77.42
101 92 98.47
101 93 24.04
101 94 125.43
101 95 48.37
101 96 65.74
101 97 64.88
101 98 63.16
101 99 3.16
101 100 59.14
101 102 47.01
101 103 103.77
101 104 50.77
101 105 75.13
101 106 53.15
101 107 32.65
101 108 40.16
101 109 53.15
101 110 73.16
101 111 55.04
101 112 95.08
101 113 38.28
101 114 52.15
101 115 126.4
101 116 70.46
101 117 48.01
101 118 34.93
101 119 7.28
101 120 57.25
101 121 42.15
101 122 63.25
101 123 88.96
101 124 110.06
101 125 58.67
101 126 7.28
101 127 65.0
101 128 55.54
101 129 67.01
101 130 65.31
101 131 43.83
101 132 53.91
101 133 67.05
101 134 92.2
101 135 31.78
101 136 117.05
101 137 26.0
101 138 29.02
101 139 61.4
101 140 62.01
101 141 111.4
101 142 57.04
101 143 41.59
101 144 3.16
101 145 102.93
101 146 48.37
101 147 78.87
101 148 103.31
101 149 59.14
101 150 60.41
101 151 56.01
101 152 74.32
101 153 77.62
101 154 61.03
101 155 33.84
101 156 94.54
101 157 58.87
101 158 45.28
101 159 56.22
101 160 81.22
101 161 48.88
101 162 68.88
101 163 104.04
101 164 77.8
101 165 40.31
101 166 8.06
101 167 52.24
101 168 97.86
101 169 77.82
101 170 91.29
101 171 122.07
101 172 76.66
101 173 60.01
101 174 123.17
101 175 34.06
101 176 42.49
101 177 64.85
101 178 56.04
101 179 56.22
101 180 60.22
101 181 47.01
101 182 105.0
101 183 23.0
101 184 36.22
101 185 52.43
101 186 67.12
101 187 60.21
101 188 39.92
101 189 115.94
101 190 43.57
101 191 61.4
101 192 61.06
101 193 51.92
101 194 103.73
101 195 99.86
101 196 64.5
101 197 106.89
101 198 72.92
101 199 32.02
101 200 106.02
101 201 35.51
102 0 29.61
102 1 47.85
102 2 49.98
102 3 76.16
102 4 101.12
102 5 89.05
102 6 62.8
102 7 75.66
102 8 78.71
102 9 48.33
102 10 89.63
102 11 63.79
102 12 66.76
102 13 50.7
102 14 25.0
102 15 26.42
102 16 53.81
102 17 44.28
102 18 72.45
102 19 11.4
102 20 40.36
102 21 45.97
102 22 52.63
102 23 52.4
102 24 36.4
102 25 48.17
102 26 26.48
102 27 29.41
102 28 14.87
102 29 51.79
102 30 8.0
102 31 47.63
102 32 104.45
102 33 84.17
102 34 85.44
102 35 54.42
102 36 85.59
102 37 44.55
102 38 48.84
102 39 42.72
102 40 28.86
102 41 43.28
102 42 46.32
102 43 53.16
102 44 2.0
102 45 29.07
102 46 92.2
102 47 74.63
102 48 25.18
102 49 68.66
102 50 46.84
102 51 111.22
102 52 52.8
102 53 45.31
102 54 76.55
102 55 50.36
102 56 47.51
102 57 75.01
102 58 57.28
102 59 24.7
102 60 99.25
102 61 34.13
102 62 6.32
102 63 52.7
102 64 31.62
102 65 112.68
102 66 74.04
102 67 46.24
102 68 4.47
102 69 89.38
102 70 70.38
102 71 50.16
102 72 99.72
102 73 61.0
102 74 14.14
102 75 56.73
102 76 7.28
102 77 47.38
102 78 43.32
102 79 52.63
102 80 46.4
102 81 42.3
102 82 102.55
102 83 81.34
102 84 106.07
102 85 45.61
102 86 115.25
102 87 49.82
102 88 78.39
102 89 29.55
102 90 49.77
102 91 71.47
102 92 51.86
102 93 48.0
102 94 113.74
102 95 85.15
102 96 18.97
102 97 17.89
102 98 74.71
102 99 46.52
102 100 32.45
102 101 47.01
102 103 87.42
102 104 70.88
102 105 28.23
102 106 91.26
102 107 39.85
102 108 81.47
102 109 29.55
102 110 47.51
102 111 53.6
102 112 48.76
102 113 44.91
102 114 47.01
102 115 115.76
102 116 65.25
102 117 70.83
102 118 77.78
102 119 54.12
102 120 10.44
102 121 84.22
102 122 63.51
102 123 42.95
102 124 93.6
102 125 101.86
102 126 52.39
102 127 81.02
102 128 94.05
102 129 65.12
102 130 18.68
102 131 3.61
102 132 78.1
102 133 23.19
102 134 45.54
102 135 48.66
102 136 104.01
102 137 41.11
102 138 40.45
102 139 60.53
102 140 57.31
102 141 92.2
102 142 54.82
102 143 84.85
102 144 49.19
102 145 56.04
102 146 1.41
102 147 75.69
102 148 86.61
102 149 15.52
102 150 50.25
102 151 51.86
102 152 27.89
102 153 31.58
102 154 32.02
102 155 43.97
102 156 48.08
102 157 69.77
102 158 82.1
102 159 48.84
102 160 76.54
102 161 68.68
102 162 46.87
102 163 57.49
102 164 73.08
102 165 82.76
102 166 53.71
102 167 87.98
102 168 51.66
102 169 31.02
102 170 44.6
102 171 110.14
102 172 48.1
102 173 29.07
102 174 109.04
102 175 47.43
102 176 85.56
102 177 71.56
102 178 25.81
102 179 31.76
102 180 104.69
102 181 71.39
102 182 58.73
102 183 41.0
102 184 46.84
102 185 73.76
102 186 81.39
102 187 59.03
102 188 82.07
102 189 103.77
102 190 81.61
102 191 104.69
102 192 14.21
102 193 91.4
102 194 57.01
102 195 53.01
102 196 17.49
102 197 90.0
102 198 26.25
102 199 42.95
102 200 87.46
102 201 29.61
103 0 70.8
103 1 106.47
103 2 72.11
103 3 159.91
103 4 123.0
103 5 102.02
103 6 41.98
103 7 149.79
103 8 161.52
103 9 107.82
103 10 103.02
103 11 41.77
103 12 32.76
103 13 67.68
103 14 82.54
103 15 88.54
103 16 140.46
103 17 76.56
103 18 152.9
103 19 88.59
103 20 47.51
103 21 104.56
103 22 140.0
103 23 106.68
103 24 51.04
103 25 41.79
103 26 80.01
103 27 58.01
103 28 84.53
103 29 80.0
103 30 83.01
103 31 43.32
103 32 19.1
103 33 109.46
103 34 97.01
103 35 114.49
103 36 110.37
103 37 122.92
103 38 136.03
103 39 72.92
103 40 81.32
103 41 46.62
103 42 82.22
103 43 68.96
103 44 88.6
103 45 58.9
103 46 106.04
103 47 28.0
103 48 72.8
103 49 146.01
103 50 84.21
103 51 24.17
103 52 103.39
103 53 107.54
103 54 156.65
103 55 127.0
103 56 132.25
103 57 107.87
103 58 137.13
103 59 84.76
103 60 126.14
103 61 53.41
103 62 83.87
103 63 137.93
103 64 55.8
103 65 26.25
103 66 30.0
103 67 73.54
103 68 83.49
103 69 7.62
103 70 24.74
103 71 109.59
103 72 123.02
103 73 41.48
103 74 81.84
103 75 108.3
103 76 80.6
103 77 41.63
103 78 71.59
103 79 84.0
103 80 45.22
103 81 120.1
103 82 125.0
103 83 111.02
103 84 126.06
103 85 45.54
103 86 29.12
103 87 80.02
103 88 162.05
103 89 86.4
103 90 74.33
103 91 29.15
103 92 104.58
103 93 121.83
103 94 26.93
103 95 98.0
103 96 83.77
103 97 86.41
103 98 157.88
103 99 106.07
103 100 55.0
103 101 103.77
103 102 87.42
103 104 149.81
103 105 85.73
103 106 103.08
103 107 71.12
103 108 105.48
103 109 58.8
103 110 40.31
103 111 139.45
103 112 84.1
103 113 65.8
103 114 133.21
103 115 29.41
103 116 34.93
103 117 148.22
103 118 107.2
103 119 109.17
103 120 84.6
103 121 108.37
103 122 43.74
103 123 80.5
103 124 6.4
103 125 121.04
103 126 110.91
103 127 162.61
103 128 105.17
103 129 39.62
103 130 82.86
103 131 86.21
103 132 155.08
103 133 73.54
103 134 86.37
103 135 126.66
103 136 17.09
103 137 118.07
103 138 119.21
103 139 44.38
103 140 144.05
103 141 9.06
103 142 140.93
103 143 111.54
103 144 106.89
103 145 103.12
103 146 87.66
103 147 31.06
103 148 1.0
103 149 76.06
103 150 137.44
103 151 138.19
103 152 81.61
103 153 79.56
103 154 55.47
103 155 70.26
103 156 85.15
103 157 152.9
103 158 97.05
103 159 135.59
103 160 28.07
103 161 147.61
103 162 40.61
103 163 108.23
103 164 30.02
103 165 108.56
103 166 111.36
103 167 97.08
103 168 84.01
103 169 84.9
103 170 86.47
103 171 23.41
103 172 41.23
103 173 58.52
103 174 21.63
103 175 70.94
103 176 111.45
103 177 156.27
103 178 61.61
103 179 56.08
103 180 127.0
103 181 147.87
103 182 111.29
103 183 116.21
103 184 127.56
103 185 152.2
103 186 163.78
103 187 145.17
103 188 107.56
103 189 17.46
103 190 99.13
103 191 123.1
103 192 89.44
103 193 106.02
103 194 106.17
103 195 102.31
103 196 87.73
103 197 3.16
103 198 83.17
103 199 122.67
103 200 5.0
103 201 70.8
104 0 79.03
104 1 48.02
104 2 84.2
104 3 18.11
104 4 91.09
104 5 94.54
104 6 113.17
104 7 12.21
104 8 16.12
104 9 46.65
104 10 94.37
104 11 113.9
104 12 120.93
104 13 88.24
104 14 92.91
104 15 91.27
104 16 32.25
104 17 77.47
104 18 5.0
104 19 78.09
104 20 107.35
104 21 101.71
104 22 40.82
104 23 108.05
104 24 102.47
104 25 116.28
104 26 95.19
104 27 95.71
104 28 83.36
104 29 119.51
104 30 78.59
104 31 116.3
104 32 163.53
104 33 81.61
104 34 94.59
104 35 42.54
104 36 82.49
104 37 27.29
104 38 38.48
104 39 80.06
104 40 96.88
104 41 111.83
104 42 113.36
104 43 88.6
104 44 68.96
104 45 93.15
104 46 94.89
104 47 128.69
104 48 95.8
104 49 5.1
104 50 113.22
104 51 171.49
104 52 110.65
104 53 45.22
104 54 7.21
104 55 22.8
104 56 27.29
104 57 72.18
104 58 13.6
104 59 91.66
104 60 85.29
104 61 98.98
104 62 70.94
104 63 25.63
104 64 97.53
104 65 172.0
104 66 127.29
104 67 81.06
104 68 75.29
104 69 153.69
104 70 127.48
104 71 45.65
104 72 89.09
104 73 112.43
104 74 83.95
104 75 112.29
104 76 75.03
104 77 114.95
104 78 81.47
104 79 119.21
104 80 115.45
104 81 30.02
104 82 91.2
104 83 76.53
104 84 95.26
104 85 114.54
104 86 174.04
104 87 117.52
104 88 19.0
104 89 95.34
104 90 82.2
104 91 125.87
104 92 108.78
104 93 28.28
104 94 173.48
104 95 93.39
104 96 87.13
104 97 84.85
104 98 15.13
104 99 47.71
104 100 98.01
104 101 50.77
104 102 70.88
104 103 149.81
104 105 94.43
104 106 96.34
104 107 80.62
104 108 82.2
104 109 92.78
104 110 113.74
104 111 27.73
104 112 115.21
104 113 87.05
104 114 32.28
104 115 174.77
104 116 118.8
104 117 4.12
104 118 76.12
104 119 49.24
104 120 79.83
104 121 82.73
104 122 112.54
104 123 110.55
104 124 156.21
104 125 94.02
104 126 45.62
104 127 14.32
104 128 98.01
104 129 116.0
104 130 87.3
104 131 69.89
104 132 8.25
104 133 93.86
104 134 111.11
104 135 23.32
104 136 164.54
104 137 31.91
104 138 31.3
104 139 110.34
104 140 32.2
104 141 156.47
104 142 28.65
104 143 80.4
104 144 48.37
104 145 114.63
104 146 71.57
104 147 128.04
104 148 149.2
104 149 86.4
104 150 38.01
104 151 30.87
104 152 95.89
104 153 99.98
104 154 98.84
104 155 82.88
104 156 114.16
104 157 13.42
104 158 90.71
104 159 34.54
104 160 130.12
104 161 2.24
104 162 110.98
104 163 113.28
104 164 126.57
104 165 80.75
104 166 46.1
104 167 97.51
104 168 118.21
104 169 97.42
104 170 110.11
104 171 169.99
104 172 115.84
104 173 96.61
104 174 170.42
104 175 83.87
104 176 81.39
104 177 20.62
104 178 92.57
104 179 95.88
104 180 92.35
104 181 6.32
104 182 112.79
104 183 33.6
104 184 24.04
104 185 3.0
104 186 16.76
104 187 27.8
104 188 80.89
104 189 163.69
104 190 88.29
104 191 96.08
104 192 79.76
104 193 93.9
104 194 113.99
104 195 111.54
104 196 83.73
104 197 152.8
104 198 93.77
104 199 28.23
104 200 151.24
104 201 79.03
105 0 51.22
105 1 76.06
105 2 72.2
105 3 95.88
105 4 127.78
105 5 113.95
105 6 74.73
105 7 101.0
105 8 99.2
105 9 76.56
105 10 114.63
105 11 75.71
105 12 75.33
105 13 71.56
105 14 4.47
105 15 3.61
105 16 70.58
105 17 68.01
105 18 95.04
105 19 17.46
105 20 41.01
105 21 22.14
105 22 66.19
105 23 27.29
105 24 40.2
105 25 44.15
105 26 6.0
105 27 36.14
105 28 13.42
105 29 25.08
105 30 21.1
105 31 42.45
105 32 104.55
105 33 110.63
105 34 109.88
105 35 82.64
105 36 112.04
105 37 70.11
105 38 64.08
105 39 65.44
105 40 4.47
105 41 39.62
105 42 19.0
105 43 74.33
105 44 30.08
105 45 39.22
105 46 117.41
105 47 82.05
105 48 14.04
105 49 93.09
105 50 19.1
105 51 109.73
105 52 26.4
105 53 73.54
105 54 99.14
105 55 76.16
105 56 68.25
105 57 102.0
105 58 81.15
105 59 3.61
105 60 126.4
105 61 40.79
105 62 32.76
105 63 72.28
105 64 37.85
105 65 111.97
105 66 82.15
105 67 69.03
105 68 25.55
105 69 85.23
105 70 76.01
105 71 78.39
105 72 126.51
105 73 72.57
105 74 15.0
105 75 31.06
105 76 30.0
105 77 44.72
105 78 65.6
105 79 25.08
105 80 40.52
105 81 68.26
105 82 129.32
105 83 108.23
105 84 132.65
105 85 40.26
105 86 114.84
105 87 23.09
105 88 98.08
105 89 1.41
105 90 72.62
105 91 79.1
105 92 26.08
105 93 74.81
105 94 112.58
105 95 109.79
105 96 9.43
105 97 10.44
105 98 95.08
105 99 74.73
105 100 38.83
105 101 75.13
105 102 28.23
105 103 85.73
105 104 94.43
105 106 116.1
105 107 62.01
105 108 107.63
105 109 40.5
105 110 47.27
105 111 72.12
105 112 21.1
105 113 65.19
105 114 65.52
105 115 115.13
105 116 74.55
105 117 95.13
105 118 104.48
105 119 82.29
105 120 17.89
105 121 110.54
105 122 76.16
105 123 16.12
105 124 91.08
105 125 128.22
105 126 80.62
105 127 102.39
105 128 118.93
105 129 76.3
105 130 10.0
105 131 31.3
105 132 102.24
105 133 14.32
105 134 17.46
105 135 74.06
105 136 102.79
105 137 67.48
105 138 66.19
105 139 73.25
105 140 73.54
105 141 87.85
105 142 72.73
105 143 111.52
105 144 77.39
105 145 29.0
105 146 26.93
105 147 84.21
105 148 84.77
105 149 18.6
105 150 65.39
105 151 69.57
105 152 4.12
105 153 7.07
105 154 36.5
105 155 65.8
105 156 20.22
105 157 90.47
105 158 106.89
105 159 65.79
105 160 84.05
105 161 92.35
105 162 50.0
105 163 31.62
105 164 81.15
105 165 109.22
105 166 81.94
105 167 112.16
105 168 24.08
105 169 3.0
105 170 16.49
105 171 109.11
105 172 44.91
105 173 33.73
105 174 106.63
105 175 69.4
105 176 112.16
105 177 90.44
105 178 33.84
105 179 40.52
105 180 131.5
105 181 96.05
105 182 33.62
105 183 67.9
105 184 71.03
105 185 97.42
105 186 102.11
105 187 76.55
105 188 108.47
105 189 103.16
105 190 106.79
105 191 131.05
105 192 15.13
105 193 116.69
105 194 30.61
105 195 26.25
105 196 11.18
105 197 87.6
105 198 3.16
105 199 68.03
105 200 84.15
105 201 51.22
106 0 65.05
106 1 54.74
106 2 44.82
106 3 113.86
106 4 20.4
106 5 2.24
106 6 63.35
106 7 88.06
106 8 112.45
106 9 55.58
106 10 2.0
106 11 63.15
106 12 71.85
106 13 46.87
106 14 111.8
106 15 115.62
106 16 111.65
106 17 48.1
106 18 101.27
106 19 102.2
106 20 90.92
106 21 136.65
106 22 117.55
106 23 142.76
106 24 87.13
106 25 97.94
106 26 111.73
106 27 85.8
106 28 103.71
106 29 132.91
106 30 96.05
106 31 99.73
106 32 106.07
106 33 15.23
106 34 6.71
106 35 56.01
106 36 14.76
106 37 82.39
106 38 112.61
106 39 50.93
106 40 114.56
106 41 97.13
106 42 129.63
106 43 44.1
106 44 90.14
106 45 81.4
106 46 3.16
106 47 75.11
106 48 105.42
106 49 91.24
106 50 130.97
106 51 114.42
106 52 142.43
106 53 58.86
106 54 102.96
106 55 81.02
106 56 99.61
106 57 24.19
106 58 91.05
106 59 112.61
106 60 25.08
106 61 83.76
106 62 85.21
106 63 104.31
106 64 85.45
106 65 112.97
106 66 73.11
106 67 47.42
106 68 92.01
106 69 110.22
106 70 79.63
106 71 55.33
106 72 20.88
106 73 64.76
106 74 101.41
106 75 146.86
106 76 86.83
106 77 95.71
106 78 50.99
106 79 135.47
106 80 100.65
106 81 80.62
106 82 22.36
106 83 20.25
106 84 23.0
106 85 99.76
106 86 113.56
106 87 131.37
106 88 115.12
106 89 117.52
106 90 43.93
106 91 74.33
106 92 141.87
106 93 75.11
106 94 114.93
106 95 6.4
106 96 107.06
106 97 107.3
106 98 110.89
106 99 55.9
106 100 84.88
106 101 53.15
106 102 91.26
106 103 103.08
106 104 96.34
106 105 116.1
106 107 54.49
106 108 14.14
106 109 80.0
106 110 91.71
106 111 107.38
106 112 132.46
106 113 53.01
106 114 105.08
106 115 114.54
106 116 70.04
106 117 92.57
106 118 20.22
106 119 50.16
106 120 99.64
106 121 13.93
106 122 61.19
106 123 126.06
106 124 108.0
106 125 18.03
106 126 54.15
106 127 110.22
106 128 2.83
106 129 64.94
106 130 106.3
106 131 87.66
106 132 96.05
106 133 103.97
106 134 130.86
106 135 83.1
106 136 109.66
106 137 78.77
106 138 81.88
106 139 61.85
106 140 114.44
106 141 112.11
106 142 109.37
106 143 17.0
106 144 53.6
106 145 145.1
106 146 92.66
106 147 72.03
106 148 103.12
106 149 97.62
106 150 113.44
106 151 108.66
106 152 113.86
106 153 115.97
106 154 87.66
106 155 51.09
106 156 132.38
106 157 107.47
106 158 9.22
106 159 109.18
106 160 75.03
106 161 95.04
106 162 85.91
106 163 147.51
106 164 73.17
106 165 15.81
106 166 53.08
106 167 6.0
106 168 134.71
106 169 118.14
106 170 130.14
106 171 112.45
106 172 96.61
106 173 88.6
106 174 115.85
106 175 47.63
106 176 16.12
106 177 114.28
106 178 86.05
106 179 81.84
106 180 24.19
106 181 90.8
106 182 149.16
106 183 75.8
106 184 88.28
106 185 96.88
106 186 112.97
106 187 112.16
106 188 15.52
106 189 107.79
106 190 9.85
106 191 20.02
106 192 105.0
106 193 3.61
106 194 146.66
106 195 142.34
106 196 107.45
106 197 106.04
106 198 113.22
106 199 84.59
106 200 107.23
106 201 65.05
107 0 10.82
107 1 35.36
107 2 10.3
107 3 93.23
107 4 68.48
107 5 52.4
107 6 32.56
107 7 79.2
107 8 94.02
107 9 36.72
107 10 53.15
107 11 33.3
107 12 40.46
107 13 11.05
107 14 57.63
107 15 61.85
107 16 79.12
107 17 7.28
107 18 84.29
107 19 49.66
107 20 39.81
107 21 83.22
107 22 81.74
107 23 89.05
107 24 35.17
107 25 48.37
107 26 57.38
107 27 32.2
107 28 50.25
107 29 78.6
107 30 42.94
107 31 49.65
107 32 83.24
107 33 51.43
107 34 48.08
107 35 43.38
107 36 52.77
107 37 55.22
107 38 76.92
107 39 3.61
107 40 60.21
107 41 46.1
107 42 75.17
107 43 13.34
107 44 39.29
107 45 27.73
107 46 56.08
107 47 48.1
107 48 50.93
107 49 76.38
107 50 76.49
107 51 91.4
107 52 88.41
107 53 36.62
107 54 87.73
107 55 58.14
107 56 68.45
107 57 44.92
107 58 69.03
107 59 58.6
107 60 68.54
107 61 31.32
107 62 33.53
107 63 74.25
107 64 32.31
107 65 91.68
107 66 46.67
107 67 7.07
107 68 39.4
107 69 76.16
107 70 47.43
107 71 38.47
107 72 67.54
107 73 31.83
107 74 47.71
107 75 93.01
107 76 34.01
107 77 46.27
107 78 3.61
107 79 81.06
107 80 50.01
107 81 52.43
107 82 70.24
107 83 50.33
107 84 73.06
107 85 49.03
107 86 93.61
107 87 77.01
107 88 95.21
107 89 63.41
107 90 10.63
107 91 45.34
107 92 88.01
107 93 52.35
107 94 93.24
107 95 48.1
107 96 53.25
107 97 53.85
107 98 90.8
107 99 34.99
107 100 31.95
107 101 32.65
107 102 39.85
107 103 71.12
107 104 80.62
107 105 62.01
107 106 54.49
107 108 47.89
107 109 26.4
107 110 43.05
107 111 76.56
107 112 77.99
107 113 6.71
107 114 71.51
107 115 94.37
107 116 38.29
107 117 78.52
107 118 46.24
107 119 38.28
107 120 46.53
107 121 51.0
107 122 32.02
107 123 71.59
107 124 77.41
107 125 68.26
107 126 39.81
107 127 94.26
107 128 57.31
107 129 35.38
107 130 52.43
107 131 36.4
107 132 85.04
107 133 49.5
107 134 76.38
107 135 58.41
107 136 84.63
107 137 50.22
107 138 52.15
107 139 29.73
107 140 82.64
107 141 78.79
107 142 78.39
107 143 52.8
107 144 35.78
107 145 90.91
107 146 41.11
107 147 47.42
107 148 70.66
107 149 43.42
107 150 78.16
107 151 76.32
107 152 59.55
107 153 61.52
107 154 34.54
107 155 4.12
107 156 77.9
107 157 86.02
107 158 45.34
107 159 74.95
107 160 49.5
107 161 78.52
107 162 38.01
107 163 93.6
107 164 45.97
107 165 50.09
107 166 40.31
107 167 50.25
107 168 80.28
107 169 63.89
107 170 75.66
107 171 89.81
107 172 47.27
107 173 34.89
107 174 90.7
107 175 7.62
107 176 53.23
107 177 90.74
107 178 31.91
107 179 28.79
107 180 72.47
107 181 77.9
107 182 95.44
107 183 47.8
107 184 60.75
107 185 82.73
107 186 95.9
107 187 82.35
107 188 49.19
107 189 83.6
107 190 45.61
107 191 71.02
107 192 52.33
107 193 55.44
107 194 92.62
107 195 88.24
107 196 54.2
107 197 74.24
107 198 59.03
107 199 55.76
107 200 73.41
107 201 10.82
108 0 57.69
108 1 41.48
108 2 39.56
108 3 99.72
108 4 20.59
108 5 12.37
108 6 64.01
108 7 74.04
108 8 98.31
108 9 42.2
108 10 12.17
108 11 64.03
108 12 73.06
108 13 42.72
108 14 103.48
108 15 106.79
108 16 98.01
108 17 40.82
108 18 87.13
108 19 92.7
108 20 86.73
108 21 127.35
108 22 104.14
108 23 133.66
108 24 82.46
108 25 94.56
108 26 103.71
108 27 80.06
108 28 94.76
108 29 126.19
108 30 86.98
108 31 96.14
108 32 110.86
108 33 4.0
108 34 13.6
108 35 42.11
108 36 5.1
108 37 68.73
108 38 99.25
108 39 44.29
108 40 106.53
108 41 93.05
108 42 122.41
108 43 40.26
108 44 80.16
108 45 75.59
108 46 13.04
108 47 77.65
108 48 98.01
108 49 77.1
108 50 123.6
108 51 119.37
108 52 133.66
108 53 45.61
108 54 88.84
108 55 67.12
108 56 85.99
108 57 10.05
108 58 77.01
108 59 104.06
108 60 21.38
108 61 78.79
108 62 75.69
108 63 90.55
108 64 80.06
108 65 118.3
108 66 75.66
108 67 41.15
108 68 82.73
108 69 112.22
108 70 81.1
108 71 41.77
108 72 19.7
108 73 65.01
108 74 92.7
108 75 137.89
108 76 77.79
108 77 92.35
108 78 44.72
108 79 128.46
108 80 96.8
108 81 67.08
108 82 22.36
108 83 7.07
108 84 25.24
108 85 95.86
108 86 119.22
108 87 124.54
108 88 100.98
108 89 109.04
108 90 38.08
108 91 76.32
108 92 132.94
108 93 61.29
108 94 120.21
108 95 12.21
108 96 98.35
108 97 98.29
108 98 96.75
108 99 42.72
108 100 79.62
108 101 40.16
108 102 81.47
108 103 105.48
108 104 82.2
108 105 107.63
108 106 14.14
108 107 47.89
108 109 74.24
108 110 88.6
108 111 93.65
108 112 125.21
108 113 48.1
108 114 91.59
108 115 120.17
108 116 71.03
108 117 78.45
108 118 6.08
108 119 36.5
108 120 90.51
108 121 3.16
108 122 62.03
108 123 118.81
108 124 110.89
108 125 20.62
108 126 40.45
108 127 96.1
108 128 16.0
108 129 66.07
108 130 97.67
108 131 77.9
108 132 82.01
108 133 96.4
108 134 123.23
108 135 69.26
108 136 114.0
108 137 65.31
108 138 68.45
108 139 62.01
108 140 100.72
108 141 114.35
108 142 95.63
108 143 6.08
108 144 40.26
108 145 136.56
108 146 82.88
108 147 74.97
108 148 105.39
108 149 89.5
108 150 100.02
108 151 95.04
108 152 105.76
108 153 108.23
108 154 82.29
108 155 45.19
108 156 125.0
108 157 93.34
108 158 10.63
108 159 95.71
108 160 77.93
108 161 80.89
108 162 82.97
108 163 138.59
108 164 75.54
108 165 3.16
108 166 39.32
108 167 16.12
108 168 127.64
108 169 109.88
108 170 122.44
108 171 117.44
108 172 93.3
108 173 82.76
108 174 120.3
108 175 42.15
108 176 6.0
108 177 100.18
108 178 79.76
108 179 76.49
108 180 24.6
108 181 76.69
108 182 140.04
108 183 62.37
108 184 74.55
108 185 82.76
108 186 98.84
108 187 98.33
108 188 2.24
108 189 112.29
108 190 7.81
108 191 23.43
108 192 95.52
108 193 12.04
108 194 137.9
108 195 133.69
108 196 98.29
108 197 108.56
108 198 104.89
108 199 71.02
108 200 109.22
108 201 57.69
109 0 18.11
109 1 55.33
109 2 35.23
109 3 101.53
109 4 94.83
109 5 78.01
109 6 35.06
109 7 94.54
109 8 103.41
109 9 56.44
109 10 78.82
109 11 36.06
109 12 37.66
109 13 33.3
109 14 36.06
109 15 41.48
109 16 81.69
109 17 33.62
109 18 95.41
109 19 34.13
109 20 15.3
109 21 62.63
109 22 81.54
109 23 67.62
109 24 10.2
109 25 24.52
109 26 34.93
109 27 5.83
109 28 32.06
109 29 53.08
109 30 27.29
109 31 25.18
109 32 75.17
109 33 77.82
109 34 73.41
109 35 63.51
109 36 79.16
109 37 65.51
109 38 77.42
109 39 29.97
109 40 37.58
109 41 21.02
109 42 50.33
109 43 36.12
109 44 30.41
109 45 1.41
109 46 81.84
109 47 45.35
109 48 27.29
109 49 89.47
109 50 51.86
109 51 82.2
109 52 66.19
109 53 54.92
109 54 99.32
109 55 70.24
109 56 73.55
109 57 71.17
109 58 79.61
109 59 37.64
109 60 94.94
109 61 6.32
109 62 25.24
109 63 79.2
109 64 6.08
109 65 83.49
109 66 44.91
109 67 33.12
109 68 26.25
109 69 61.62
109 70 40.85
109 71 58.42
109 72 93.91
109 73 33.02
109 74 29.07
109 75 71.11
109 76 22.36
109 77 22.8
109 78 29.53
109 79 55.87
109 80 25.02
109 81 62.77
109 82 96.6
109 83 76.69
109 84 99.36
109 85 24.02
109 86 85.98
109 87 51.62
109 88 103.71
109 89 41.79
109 90 36.36
109 91 42.2
109 92 66.21
109 93 65.8
109 94 84.63
109 95 73.6
109 96 33.54
109 97 35.23
109 98 99.64
109 99 54.45
109 100 6.0
109 101 53.15
109 102 29.55
109 103 58.8
109 104 92.78
109 105 40.5
109 106 80.0
109 107 26.4
109 108 74.24
109 110 21.02
109 111 80.66
109 112 53.15
109 113 27.02
109 114 74.41
109 115 86.53
109 116 36.35
109 117 91.71
109 118 72.62
109 119 60.03
109 120 30.07
109 121 77.37
109 122 36.22
109 123 46.86
109 124 65.12
109 125 94.51
109 126 60.3
109 127 104.86
109 128 82.8
109 129 37.0
109 130 32.56
109 131 27.78
109 132 98.84
109 133 26.4
109 134 52.2
109 135 69.46
109 136 75.0
109 137 60.9
109 138 61.59
109 139 33.24
109 140 85.28
109 141 64.44
109 142 82.13
109 143 79.2
109 144 56.22
109 145 68.1
109 146 30.08
109 147 46.69
109 148 58.05
109 149 23.19
109 150 78.82
109 151 79.4
109 152 37.16
109 153 38.08
109 154 8.25
109 155 29.15
109 156 53.26
109 157 94.64
109 158 71.03
109 159 76.84
109 160 47.3
109 161 90.55
109 162 18.44
109 163 71.55
109 164 43.93
109 165 76.49
109 166 61.2
109 167 75.29
109 168 55.17
109 169 41.63
109 170 51.61
109 171 81.02
109 172 23.77
109 173 8.6
109 174 80.28
109 175 32.45
109 176 79.62
109 177 97.67
109 178 6.71
109 179 3.16
109 180 98.84
109 181 91.68
109 182 73.82
109 183 59.48
109 184 69.63
109 185 95.38
109 186 105.8
109 187 86.37
109 188 75.58
109 189 74.63
109 190 71.56
109 191 97.25
109 192 36.01
109 193 81.27
109 194 70.24
109 195 65.76
109 196 36.12
109 197 61.55
109 198 37.34
109 199 64.9
109 200 59.41
109 201 18.11
110 0 37.66
110 1 75.5
110 2 49.24
110 3 122.0
110 4 108.78
110 5 89.96
110 6 33.42
110 7 115.55
110 8 124.04
110 9 76.69
110 10 90.87
110 11 34.21
110 12 30.46
110 13 45.88
110 14 43.57
110 15 49.65
110 16 101.12
110 17 50.16
110 18 116.28
110 19 48.3
110 20 7.21
110 21 68.03
110 22 100.12
110 23 71.45
110 24 11.4
110 25 6.4
110 26 41.3
110 27 18.44
110 28 44.38
110 29 49.24
110 30 42.72
110 31 8.49
110 32 58.31
110 33 92.44
110 34 85.0
110 35 83.74
110 36 93.68
110 37 86.45
110 38 96.33
110 39 46.17
110 40 43.1
110 41 8.25
110 42 49.04
110 43 48.38
110 44 48.84
110 45 20.59
110 46 94.02
110 47 35.9
110 48 33.54
110 49 110.48
110 50 50.96
110 51 64.41
110 52 68.88
110 53 75.43
110 54 120.22
110 55 91.24
110 56 93.72
110 57 87.3
110 58 100.5
110 59 45.71
110 60 109.9
110 61 14.76
110 62 44.6
110 63 99.25
110 64 16.4
110 65 66.21
110 66 36.4
110 67 48.51
110 68 43.42
110 69 41.87
110 70 29.27
110 71 78.64
110 72 108.16
110 73 31.24
110 74 41.63
110 75 73.98
110 76 41.01
110 77 4.24
110 78 45.28
110 79 52.92
110 80 10.0
110 81 83.73
110 82 110.68
110 83 92.2
110 84 112.95
110 85 9.43
110 86 68.94
110 87 48.47
110 88 124.2
110 89 48.17
110 90 50.99
110 91 33.24
110 92 69.58
110 93 86.82
110 94 67.08
110 95 85.49
110 96 43.97
110 97 46.49
110 98 120.21
110 99 74.73
110 100 15.81
110 101 73.16
110 102 47.51
110 103 40.31
110 104 113.74
110 105 47.27
110 106 91.71
110 107 43.05
110 108 88.6
110 109 21.02
110 111 100.5
110 112 51.55
110 113 40.79
110 114 94.07
110 115 69.35
110 116 30.41
110 117 112.71
110 118 88.07
110 119 79.76
110 120 44.29
110 121 91.76
110 122 35.47
110 123 46.32
110 124 46.32
110 125 107.91
110 126 80.41
110 127 125.64
110 128 94.37
110 129 33.84
110 130 43.01
110 131 46.67
110 132 119.85
110 133 33.96
110 134 52.39
110 135 90.43
110 136 57.25
110 137 81.88
110 138 82.49
110 139 33.24
110 140 104.66
110 141 44.69
110 142 101.86
110 143 94.11
110 144 76.3
110 145 69.63
110 146 47.63
110 147 38.6
110 148 39.45
110 149 35.78
110 150 97.74
110 151 99.01
110 152 43.19
110 153 42.0
110 154 15.56
110 155 44.41
110 156 52.2
110 157 115.21
110 158 83.38
110 159 96.18
110 160 37.85
110 161 111.51
110 162 5.83
110 163 74.15
110 164 35.44
110 165 91.21
110 166 81.22
110 167 86.31
110 168 52.55
110 169 47.04
110 170 52.17
110 171 63.51
110 172 5.0
110 173 18.44
110 174 61.91
110 175 46.87
110 176 94.37
110 177 117.92
110 178 21.93
110 179 17.89
110 180 112.89
110 181 112.7
110 182 76.94
110 183 80.5
110 184 90.43
110 185 116.36
110 186 126.49
110 187 106.1
110 188 90.25
110 189 57.27
110 190 84.5
110 191 110.49
110 192 49.24
110 193 93.62
110 194 72.37
110 195 68.07
110 196 47.76
110 197 42.72
110 198 44.41
110 199 85.76
110 200 40.0
110 201 37.66
111 0 71.34
111 1 53.0
111 2 83.17
111 3 23.77
111 4 107.0
111 5 105.3
111 6 107.91
111 7 38.83
111 8 27.29
111 9 52.01
111 10 105.39
111 11 108.78
111 12 114.28
111 13 86.38
111 14 71.51
111 15 68.68
111 16 5.0
111 17 75.89
111 18 25.96
111 19 57.7
111 20 93.51
111 21 76.0
111 22 13.45
111 23 82.05
111 24 89.14
111 25 101.67
111 26 74.09
111 27 82.07
111 28 63.07
111 29 96.77
111 30 60.21
111 31 101.21
111 32 155.24
111 33 94.2
111 34 104.04
111 35 51.62
111 36 95.35
111 37 25.02
111 38 10.77
111 39 77.25
111 40 75.27
111 41 96.83
111 42 90.47
111 43 87.6
111 44 52.01
111 45 80.62
111 46 106.68
111 47 122.33
111 48 76.48
111 49 29.41
111 50 90.03
111 51 162.61
111 52 85.0
111 53 49.01
111 54 29.61
111 55 26.93
111 56 8.25
111 57 83.86
111 58 20.0
111 59 69.89
111 60 102.14
111 61 86.27
111 62 55.9
111 63 3.16
111 64 84.17
111 65 163.67
111 66 121.26
111 67 79.38
111 68 58.01
111 69 142.13
111 70 119.62
111 71 52.09
111 72 105.08
111 73 106.68
111 74 64.41
111 75 86.15
111 76 59.55
111 77 100.77
111 78 78.55
111 79 95.9
111 80 100.0
111 81 27.02
111 82 107.56
111 83 89.44
111 84 111.68
111 85 99.2
111 86 166.03
111 87 94.83
111 88 25.96
111 89 72.8
111 90 81.61
111 91 119.27
111 92 83.01
111 93 32.39
111 94 164.92
111 95 103.08
111 96 66.31
111 97 63.69
111 98 23.19
111 99 52.01
111 100 84.86
111 101 55.04
111 102 53.6
111 103 139.45
111 104 27.73
111 105 72.12
111 106 107.38
111 107 76.56
111 108 93.65
111 109 80.66
111 110 100.5
111 112 91.98
111 113 83.26
111 114 6.71
111 115 166.64
111 116 112.36
111 117 30.53
111 118 87.82
111 119 57.22
111 120 60.42
111 121 95.04
111 122 107.82
111 123 88.06
111 124 145.77
111 125 109.38
111 126 53.24
111 127 31.02
111 128 109.55
111 129 110.64
111 130 66.71
111 131 53.91
111 132 35.85
111 133 74.71
111 134 87.66
111 135 24.52
111 136 155.44
111 137 29.07
111 138 26.17
111 139 105.19
111 140 7.07
111 141 144.96
111 142 2.0
111 143 93.56
111 144 54.01
111 145 89.0
111 146 53.82
111 147 122.45
111 148 138.71
111 149 68.26
111 150 10.3
111 151 3.16
111 152 74.33
111 153 78.43
111 154 84.96
111 155 79.85
111 156 90.8
111 157 19.0
111 158 100.04
111 159 7.07
111 160 124.02
111 161 26.42
111 162 99.01
111 163 87.14
111 164 120.42
111 165 93.06
111 166 54.33
111 167 107.04
111 168 94.92
111 169 75.0
111 170 86.68
111 171 161.34
111 172 101.53
111 173 82.22
111 174 160.86
111 175 81.93
111 176 94.54
111 177 18.38
111 178 78.57
111 179 83.45
111 180 109.11
111 181 32.45
111 182 86.37
111 183 32.06
111 184 19.1
111 185 30.46
111 186 30.27
111 187 5.83
111 188 92.91
111 189 154.93
111 190 98.13
111 191 111.83
111 192 58.69
111 193 105.68
111 194 88.05
111 195 86.01
111 196 62.39
111 197 142.21
111 198 72.11
111 199 23.02
111 200 140.01
111 201 71.34
112 0 67.62
112 1 96.21
112 2 87.73
112 3 115.73
112 4 145.66
112 5 130.38
112 6 83.63
112 7 122.04
112 8 119.24
112 9 96.8
112 10 131.14
112 11 84.53
112 12 81.93
112 13 86.28
112 14 23.77
112 15 24.0
112 16 89.99
112 17 84.65
112 18 115.62
112 19 38.47
112 20 47.42
112 21 23.6
112 22 84.76
112 23 23.41
112 24 48.88
112 25 46.32
112 26 22.47
112 27 47.63
112 28 33.96
112 29 5.66
112 30 41.11
112 31 44.15
112 32 103.17
112 33 128.46
112 34 125.99
112 35 103.09
112 36 129.85
112 37 91.2
112 38 83.24
112 39 81.57
112 40 19.92
112 41 43.32
112 42 2.83
112 43 89.11
112 44 50.7
112 45 51.74
112 46 134.06
112 47 87.36
112 48 27.2
112 49 114.02
112 50 2.0
112 51 106.92
112 52 19.65
112 53 93.92
112 54 119.71
112 55 97.25
112 56 88.68
112 57 120.42
112 58 102.04
112 59 24.33
112 60 144.8
112 61 51.04
112 62 52.55
112 63 92.4
112 64 48.6
112 65 109.66
112 66 87.93
112 67 85.04
112 68 45.54
112 69 81.74
112 70 80.52
112 71 98.68
112 72 144.52
112 73 81.39
112 74 34.79
112 75 24.33
112 76 49.24
112 77 47.8
112 78 81.47
112 79 4.0
112 80 42.2
112 81 89.36
112 82 147.3
112 83 126.48
112 84 150.43
112 85 42.45
112 86 112.64
112 87 4.47
112 88 117.9
112 89 20.02
112 90 88.53
112 91 84.77
112 92 21.19
112 93 95.89
112 94 109.9
112 95 126.06
112 96 29.83
112 97 31.4
112 98 115.12
112 99 94.92
112 100 49.41
112 101 95.08
112 102 48.76
112 103 84.1
112 104 115.21
112 105 21.1
112 106 132.46
112 107 77.99
112 108 125.21
112 109 53.15
112 110 51.55
112 111 91.98
112 113 79.91
112 114 85.51
112 115 112.75
112 116 81.71
112 117 116.04
112 118 122.59
112 119 102.32
112 120 38.33
112 121 128.22
112 122 85.42
112 123 6.4
112 124 88.46
112 125 145.8
112 126 100.9
112 127 122.64
112 128 135.28
112 129 84.58
112 130 30.08
112 131 51.55
112 132 123.1
112 133 28.84
112 134 4.47
112 135 95.13
112 136 100.5
112 137 88.57
112 138 87.28
112 139 82.76
112 140 92.72
112 141 84.01
112 142 92.42
112 143 129.53
112 144 97.5
112 145 19.03
112 146 47.54
112 147 90.14
112 148 83.1
112 149 36.24
112 150 84.48
112 151 89.27
112 152 20.88
112 153 17.46
112 154 46.62
112 155 81.39
112 156 1.41
112 157 110.64
112 158 123.33
112 159 85.38
112 160 89.29
112 161 113.16
112 162 56.08
112 163 24.19
112 164 86.98
112 165 127.06
112 166 102.18
112 167 128.04
112 168 3.0
112 169 18.11
112 170 5.39
112 171 106.68
112 172 47.54
112 173 44.82
112 174 103.25
112 175 84.9
112 176 130.1
112 177 110.11
112 178 46.69
112 179 52.01
112 180 149.51
112 181 117.0
112 182 27.29
112 183 88.96
112 184 92.0
112 185 118.21
112 186 122.18
112 187 96.05
112 188 126.25
112 189 101.32
112 190 123.56
112 191 148.6
112 192 36.22
112 193 133.42
112 194 22.09
112 195 18.44
112 196 32.25
112 197 85.29
112 198 22.56
112 199 89.09
112 200 81.39
112 201 67.62
113 0 15.3
113 1 41.05
113 2 8.54
113 3 99.86
113 4 68.54
113 5 51.04
113 6 26.17
113 7 85.28
113 8 100.6
113 9 42.44
113 10 51.87
113 11 26.87
113 12 34.41
113 13 6.4
113 14 60.75
113 15 65.37
113 16 85.8
113 17 10.77
113 18 90.79
113 19 54.08
113 20 38.63
113 21 86.83
113 22 88.32
113 23 92.44
113 24 34.44
113 25 46.57
113 26 60.22
113 27 32.8
113 28 54.13
113 29 80.06
113 30 47.17
113 31 48.08
113 32 77.2
113 33 51.87
113 34 46.4
113 35 48.88
113 36 53.14
113 37 61.85
113 38 83.52
113 39 7.21
113 40 63.01
113 41 44.94
113 42 77.08
113 43 9.22
113 44 44.55
113 45 28.43
113 46 54.92
113 47 41.87
113 48 53.26
113 49 82.73
113 50 78.52
113 51 85.45
113 52 91.53
113 53 42.64
113 54 94.18
113 55 64.66
113 56 75.15
113 57 46.53
113 58 75.6
113 59 61.91
113 60 69.26
113 61 30.89
113 62 38.64
113 63 80.96
113 64 32.45
113 65 85.6
113 66 40.36
113 67 8.06
113 68 43.97
113 69 71.17
113 70 41.68
113 71 44.1
113 72 67.78
113 73 25.61
113 74 51.43
113 75 96.25
113 76 38.6
113 77 44.38
113 78 5.83
113 79 82.76
113 80 48.7
113 81 59.08
113 82 70.38
113 83 51.42
113 84 72.92
113 85 47.76
113 86 87.46
113 87 78.57
113 88 101.83
113 89 66.57
113 90 10.2
113 91 39.2
113 92 91.27
113 93 58.8
113 94 87.2
113 95 46.62
113 96 56.82
113 97 57.7
113 98 97.42
113 99 40.8
113 100 31.91
113 101 38.28
113 102 44.91
113 103 65.8
113 104 87.05
113 105 65.19
113 106 53.01
113 107 6.71
113 108 48.1
113 109 27.02
113 110 40.79
113 111 83.26
113 112 79.91
113 114 78.19
113 115 88.24
113 116 32.2
113 117 84.85
113 118 47.3
113 119 43.38
113 120 50.7
113 121 51.26
113 122 25.5
113 123 73.55
113 124 72.01
113 125 67.98
113 126 45.28
113 127 100.77
113 128 55.8
113 129 29.0
113 130 55.95
113 131 41.59
113 132 91.29
113 133 52.01
113 134 78.64
113 135 65.0
113 136 78.77
113 137 56.86
113 138 58.83
113 139 23.35
113 140 89.32
113 141 73.74
113 142 85.09
113 143 53.45
113 144 41.34
113 145 93.81
113 146 46.1
113 147 41.01
113 148 65.39
113 149 46.65
113 150 84.77
113 151 83.01
113 152 62.43
113 153 64.03
113 154 34.67
113 155 4.47
113 156 79.93
113 157 92.66
113 158 44.1
113 159 81.6
113 160 43.19
113 161 84.96
113 162 35.36
113 163 96.8
113 164 39.7
113 165 50.6
113 166 45.65
113 167 48.27
113 168 82.04
113 169 66.85
113 170 77.99
113 171 83.82
113 172 45.35
113 173 35.61
113 174 84.91
113 175 6.08
113 176 53.76
113 177 97.42
113 178 33.24
113 179 28.84
113 180 72.62
113 181 84.17
113 182 98.79
113 183 54.41
113 184 67.42
113 185 89.11
113 186 102.45
113 187 89.05
113 188 49.65
113 189 77.67
113 190 44.78
113 191 70.66
113 192 56.65
113 193 54.38
113 194 95.69
113 195 91.26
113 196 58.18
113 197 68.94
113 198 62.13
113 199 62.43
113 200 68.35
113 201 15.3
114 0 65.76
114 1 50.36
114 2 78.59
114 3 30.36
114 4 105.95
114 5 102.96
114 6 102.42
114 7 42.49
114 8 33.73
114 9 49.5
114 10 103.1
114 11 103.31
114 12 108.56
114 13 81.61
114 14 64.85
114 15 62.1
114 16 7.62
114 17 71.31
114 18 31.26
114 19 50.99
114 20 87.05
114 21 70.06
114 22 12.65
114 23 76.24
114 24 82.73
114 25 95.13
114 26 67.42
114 27 75.66
114 28 56.36
114 29 90.24
114 30 53.54
114 31 94.64
114 32 149.2
114 33 92.42
114 34 101.4
114 35 50.0
114 36 93.62
114 37 23.09
114 38 8.06
114 39 72.42
114 40 68.62
114 41 90.27
114 42 83.95
114 43 82.97
114 44 45.45
114 45 74.33
114 46 104.56
114 47 116.62
114 48 69.77
114 49 33.11
114 50 83.55
114 51 156.49
114 52 79.06
114 53 46.27
114 54 35.13
114 55 26.42
114 56 6.4
114 57 82.0
114 58 22.2
114 59 63.25
114 60 101.39
114 61 79.93
114 62 49.5
114 63 7.0
114 64 77.78
114 65 157.61
114 66 115.6
114 67 74.73
114 68 51.4
114 69 135.77
114 70 113.72
114 71 49.82
114 72 104.06
114 73 101.12
114 74 57.71
114 75 80.4
114 76 53.08
114 77 94.26
114 78 73.68
114 79 89.44
114 80 93.41
114 81 24.52
114 82 106.63
114 83 87.8
114 84 110.72
114 85 92.62
114 86 160.0
114 87 88.29
114 88 32.57
114 89 66.22
114 90 77.13
114 91 113.53
114 92 77.1
114 93 31.02
114 94 158.84
114 95 100.5
114 96 59.62
114 97 57.01
114 98 29.61
114 99 49.25
114 100 78.49
114 101 52.15
114 102 47.01
114 103 133.21
114 104 32.28
114 105 65.52
114 106 105.08
114 107 71.51
114 108 91.59
114 109 74.41
114 110 94.07
114 111 6.71
114 112 85.51
114 113 78.19
114 115 160.6
114 116 106.68
114 117 34.54
114 118 85.91
114 119 55.11
114 120 53.71
114 121 93.17
114 122 102.42
114 123 81.49
114 124 139.52
114 125 108.16
114 126 51.2
114 127 37.22
114 128 107.35
114 129 105.12
114 130 60.01
114 131 47.42
114 132 40.52
114 133 68.0
114 134 81.22
114 135 23.71
114 136 149.31
114 137 26.31
114 138 23.19
114 139 99.73
114 140 11.18
114 141 138.6
114 142 7.81
114 143 91.92
114 144 51.48
114 145 83.05
114 146 47.2
114 147 116.85
114 148 132.46
114 149 61.59
114 150 8.54
114 151 5.0
114 152 67.68
114 153 71.78
114 154 78.52
114 155 74.95
114 156 84.34
114 157 25.18
114 158 97.42
114 159 4.12
114 160 118.34
114 161 30.68
114 162 92.7
114 163 81.39
114 164 114.74
114 165 91.22
114 166 52.39
114 167 104.39
114 168 88.46
114 169 68.41
114 170 80.23
114 171 155.24
114 172 95.02
114 173 75.74
114 174 154.67
114 175 77.2
114 176 92.89
114 177 25.08
114 178 72.14
114 179 77.16
114 180 108.27
114 181 36.25
114 182 80.75
114 183 29.27
114 184 17.89
114 185 35.17
114 186 36.67
114 187 12.04
114 188 91.01
114 189 148.84
114 190 95.63
114 191 110.68
114 192 52.0
114 193 103.58
114 194 82.22
114 195 80.02
114 196 55.71
114 197 135.95
114 198 65.46
114 199 20.62
114 200 133.69
114 201 65.76
115 0 96.21
115 1 129.2
115 2 92.91
115 3 186.13
115 4 134.94
115 5 114.0
115 6 62.2
115 7 173.51
115 8 187.42
115 9 130.6
115 10 114.98
115 11 61.61
115 12 53.91
115 13 88.48
115 14 111.95
115 15 117.95
115 16 168.0
115 17 98.6
115 18 178.21
115 19 117.63
115 20 76.49
115 21 133.75
115 22 168.07
115 23 135.64
115 24 79.65
115 25 71.17
115 26 109.42
115 27 86.45
115 28 113.72
115 29 108.37
115 30 111.83
115 31 72.73
115 32 11.4
115 33 123.97
115 34 109.38
115 35 136.82
115 36 124.62
115 37 148.5
115 38 163.93
115 39 95.43
115 40 110.72
115 41 75.96
115 42 111.02
115 43 89.04
115 44 116.81
115 45 86.82
115 46 117.69
115 47 46.4
115 48 102.18
115 49 170.66
115 50 113.0
115 51 6.08
115 52 132.23
115 53 130.87
115 54 181.79
115 55 152.07
115 56 159.15
115 57 124.62
115 58 162.63
115 59 114.16
115 60 139.22
115 61 81.63
115 62 111.77
115 63 164.92
115 64 84.22
115 65 3.16
115 66 48.01
115 67 95.21
115 68 112.0
115 69 31.06
115 70 47.38
115 71 132.2
115 72 135.37
115 73 62.63
115 74 110.98
115 75 137.06
115 76 108.76
115 77 70.94
115 78 94.02
115 79 112.36
115 80 74.63
115 81 145.67
115 82 136.89
115 83 126.53
115 84 137.12
115 85 74.95
115 86 1.0
115 87 108.56
115 88 188.22
115 89 115.8
115 90 95.13
115 91 49.04
115 92 133.51
115 93 146.51
115 94 3.16
115 95 110.6
115 96 113.09
115 97 115.69
115 98 183.93
115 99 129.02
115 100 83.35
115 101 126.4
115 102 115.76
115 103 29.41
115 104 174.77
115 105 115.13
115 106 114.54
115 107 94.37
115 108 120.17
115 109 86.53
115 110 69.35
115 111 166.64
115 112 112.75
115 113 88.24
115 114 160.6
115 116 56.08
115 117 172.82
115 118 123.13
115 119 130.92
115 120 113.6
115 121 122.71
115 122 63.25
115 123 109.49
115 124 24.33
115 125 132.38
115 126 133.22
115 127 188.1
115 128 116.1
115 129 59.41
115 130 112.16
115 131 114.28
115 132 179.4
115 133 102.88
115 134 115.26
115 135 152.03
115 136 12.37
115 137 143.54
115 138 145.0
115 139 65.0
115 140 171.6
115 141 29.0
115 142 168.22
115 143 126.18
115 144 129.4
115 145 131.75
115 146 116.11
115 147 47.71
115 148 30.36
115 149 105.12
115 150 165.32
115 151 165.6
115 152 111.02
115 153 108.93
115 154 84.12
115 155 92.62
115 156 113.86
115 157 179.01
115 158 110.44
115 159 163.22
115 160 45.22
115 161 172.63
115 162 68.96
115 163 136.94
115 164 48.6
115 165 123.33
115 166 133.45
115 167 108.68
115 168 112.45
115 169 114.28
115 170 115.41
115 171 6.08
115 172 70.58
115 173 87.24
115 174 10.44
115 175 92.42
115 176 125.87
115 177 182.88
115 178 90.05
115 179 84.06
115 180 138.65
115 181 172.25
115 182 140.04
115 183 141.43
115 184 153.52
115 185 176.98
115 186 189.51
115 187 172.43
115 188 122.38
115 189 12.08
115 190 112.93
115 191 133.99
115 192 118.6
115 193 117.9
115 194 134.84
115 195 131.11
115 196 117.0
115 197 27.66
115 198 112.58
115 199 148.55
115 200 31.4
115 201 96.21
116 0 41.05
116 1 73.24
116 2 37.58
116 3 130.73
116 4 89.36
116 5 68.73
116 6 7.07
116 7 117.44
116 8 131.8
116 9 74.63
116 10 69.72
116 11 7.0
116 12 2.24
116 13 33.11
116 14 70.35
116 15 76.24
116 16 114.24
116 17 42.72
116 18 122.35
116 19 70.46
116 20 34.48
116 21 96.34
116 22 115.39
116 23 100.44
116 24 34.37
116 25 36.36
116 26 68.59
116 27 39.0
116 28 68.07
116 29 79.62
116 30 63.64
116 31 38.59
116 32 45.0
116 33 75.03
116 34 63.64
116 35 80.99
116 36 76.01
116 37 92.85
116 38 110.91
116 39 39.41
116 40 70.86
116 41 38.48
116 42 79.12
116 43 34.18
116 44 65.8
116 45 37.22
116 46 72.84
116 47 10.0
116 48 60.53
116 49 114.63
116 50 80.99
116 51 53.25
116 52 98.23
116 53 74.81
116 54 125.87
116 55 96.18
116 56 104.56
116 57 72.99
116 58 106.89
116 59 72.25
116 60 92.02
116 61 34.01
116 62 60.08
116 63 110.39
116 64 37.01
116 65 53.41
116 66 8.94
116 67 39.45
116 68 62.37
116 69 41.3
116 70 10.2
116 71 76.28
116 72 89.2
116 73 6.71
116 74 65.07
116 75 103.32
116 76 57.97
116 77 34.48
116 78 38.01
116 79 83.26
116 80 40.31
116 81 90.03
116 82 91.35
116 83 76.32
116 84 92.78
116 85 39.82
116 86 55.32
116 87 78.79
116 88 132.77
116 89 75.66
116 90 39.81
116 91 7.07
116 92 98.72
116 93 90.52
116 94 55.0
116 95 64.5
116 96 69.01
116 97 71.01
116 98 128.43
116 99 73.01
116 100 36.01
116 101 70.46
116 102 65.25
116 103 34.93
116 104 118.8
116 105 74.55
116 106 70.04
116 107 38.29
116 108 71.03
116 109 36.35
116 110 30.41
116 111 112.36
116 112 81.71
116 113 32.2
116 114 106.68
116 115 56.08
116 117 116.78
116 118 72.44
116 119 75.29
116 120 66.37
116 121 74.01
116 122 9.0
116 123 76.22
116 124 40.8
116 125 87.69
116 126 77.39
116 127 132.28
116 128 72.37
116 129 5.1
116 130 68.01
116 131 62.94
116 132 123.33
116 133 60.3
116 134 82.22
116 135 96.26
116 136 46.65
116 137 87.86
116 138 89.5
116 139 9.49
116 140 117.83
116 141 43.57
116 142 114.06
116 143 77.06
116 144 73.5
116 145 99.33
116 146 65.97
116 147 10.44
116 148 34.71
116 149 59.03
116 150 112.25
116 151 111.65
116 152 70.71
116 153 70.41
116 154 38.12
116 155 36.62
116 156 82.28
116 157 123.56
116 158 63.2
116 159 109.66
116 160 11.66
116 161 116.67
116 162 25.63
116 163 103.58
116 164 8.06
116 165 74.06
116 166 77.7
116 167 64.13
116 168 82.86
116 169 74.97
116 170 81.91
116 171 51.61
116 172 34.99
116 173 41.05
116 174 52.84
116 175 36.72
116 176 77.03
116 177 127.8
116 178 42.05
116 179 35.06
116 180 93.43
116 181 116.18
116 182 106.23
116 183 85.63
116 184 98.08
116 185 120.97
116 186 133.79
116 187 118.19
116 188 73.06
116 189 45.49
116 190 65.07
116 191 89.94
116 192 72.25
116 193 72.69
116 194 101.92
116 195 97.53
116 196 72.03
116 197 38.08
116 198 71.45
116 199 93.09
116 200 38.33
116 201 41.05
117 0 77.42
117 1 45.22
117 2 81.69
117 3 22.2
117 4 87.05
117 5 90.8
117 6 111.02
117 7 8.49
117 8 20.02
117 9 43.83
117 10 90.61
117 11 111.72
117 12 118.93
117 13 85.8
117 14 93.43
117 15 92.05
117 16 35.23
117 17 75.07
117 18 9.06
117 19 78.52
117 20 106.45
117 21 103.25
117 22 43.83
117 23 109.66
117 24 101.52
117 25 115.45
117 26 95.63
117 27 94.85
117 28 83.73
117 29 120.2
117 30 78.64
117 31 115.55
117 32 161.62
117 33 77.78
117 34 90.96
117 35 39.36
117 36 78.64
117 37 26.57
117 38 41.18
117 39 77.79
117 40 97.42
117 41 111.09
117 42 114.11
117 43 86.05
117 44 68.88
117 45 92.13
117 46 91.08
117 47 126.62
117 48 95.9
117 49 2.24
117 50 114.04
117 51 169.65
117 52 112.15
117 53 42.64
117 54 10.44
117 55 21.47
117 56 29.12
117 57 68.45
117 58 14.0
117 59 92.27
117 60 81.22
117 61 97.95
117 62 70.52
117 63 28.18
117 64 96.61
117 65 170.08
117 66 125.18
117 67 78.64
117 68 75.19
117 69 152.27
117 70 125.61
117 71 42.72
117 72 85.05
117 73 110.34
117 74 84.17
117 75 113.95
117 76 74.63
117 77 114.06
117 78 79.21
117 79 120.04
117 80 114.77
117 81 29.15
117 82 87.14
117 83 72.69
117 84 91.2
117 85 113.85
117 86 172.07
117 87 118.21
117 88 23.02
117 89 96.08
117 90 79.65
117 91 123.84
117 92 110.32
117 93 26.4
117 94 171.59
117 95 89.74
117 96 87.57
117 97 85.38
117 98 19.24
117 99 45.0
117 100 97.05
117 101 48.01
117 102 70.83
117 103 148.22
117 104 4.12
117 105 95.13
117 106 92.57
117 107 78.52
117 108 78.45
117 109 91.71
117 110 112.71
117 111 30.53
117 112 116.04
117 113 84.85
117 114 34.54
117 115 172.82
117 116 116.78
117 118 72.37
117 119 46.07
117 120 80.06
117 121 78.92
117 122 110.32
117 123 111.22
117 124 154.62
117 125 90.01
117 126 42.54
117 127 17.72
117 128 94.2
117 129 113.85
117 130 87.69
117 131 69.64
117 132 7.28
117 133 93.94
117 134 112.0
117 135 22.47
117 136 162.74
117 137 30.87
117 138 30.68
117 139 108.19
117 140 35.47
117 141 155.04
117 142 31.62
117 143 76.53
117 144 45.49
117 145 116.11
117 146 71.59
117 147 125.87
117 148 147.63
117 149 86.35
117 150 40.82
117 151 33.62
117 152 96.42
117 153 100.5
117 154 97.99
117 155 80.62
117 156 115.02
117 157 17.46
117 158 87.09
117 159 37.12
117 160 128.0
117 161 4.24
117 162 109.77
117 163 114.93
117 164 124.48
117 165 76.94
117 166 42.94
117 167 93.86
117 168 119.04
117 169 98.13
117 170 111.0
117 171 168.12
117 172 114.97
117 173 95.85
117 174 168.67
117 175 81.47
117 176 77.52
117 177 24.7
117 178 91.79
117 179 94.83
117 180 88.28
117 181 2.24
117 182 114.54
117 183 32.25
117 184 24.19
117 185 4.47
117 186 20.4
117 187 31.14
117 188 77.1
117 189 161.84
117 190 84.65
117 191 92.05
117 192 80.31
117 193 90.09
117 194 115.57
117 195 113.0
117 196 84.29
117 197 151.24
117 198 94.34
117 199 27.89
117 200 149.77
117 201 77.42
118 0 55.47
118 1 36.06
118 2 38.83
118 3 93.65
118 4 23.35
118 5 18.44
118 6 65.38
118 7 68.01
118 8 92.23
118 9 36.69
118 10 18.25
118 11 65.49
118 12 74.55
118 13 42.43
118 14 100.42
118 15 103.48
118 16 92.23
118 17 39.0
118 18 81.05
118 19 89.11
118 20 85.73
118 21 123.75
118 22 98.49
118 23 130.14
118 24 81.27
118 25 93.86
118 26 100.8
118 27 78.39
118 28 91.44
118 29 123.82
118 30 83.63
118 31 95.34
118 32 113.53
118 33 6.71
118 34 19.24
118 35 36.22
118 36 8.06
118 37 62.97
118 38 93.62
118 39 42.72
118 40 103.6
118 41 92.05
118 42 119.82
118 43 40.2
118 44 76.38
118 45 73.93
118 46 19.0
118 47 79.62
118 48 95.41
118 49 71.02
118 50 120.93
118 51 122.07
118 52 130.3
118 53 40.16
118 54 82.76
118 55 61.2
118 56 80.23
118 57 4.0
118 58 71.0
118 59 100.9
118 60 22.36
118 61 77.49
118 62 72.18
118 63 84.72
118 64 78.55
118 65 121.15
118 66 77.67
118 67 39.85
118 68 79.31
118 69 113.75
118 70 82.61
118 71 36.14
118 72 22.02
118 73 66.19
118 74 89.5
118 75 134.42
118 76 74.52
118 77 91.68
118 78 43.32
118 79 125.94
118 80 95.88
118 81 61.39
118 82 24.84
118 83 4.12
118 84 28.28
118 85 94.92
118 86 122.2
118 87 122.11
118 88 94.89
118 89 105.89
118 90 37.11
118 91 78.09
118 92 129.5
118 93 55.44
118 94 123.03
118 95 17.89
118 96 95.13
118 97 94.92
118 98 90.67
118 99 37.34
118 100 78.19
118 101 34.93
118 102 77.78
118 103 107.2
118 104 76.12
118 105 104.48
118 106 20.22
118 107 46.24
118 108 6.08
118 109 72.62
118 110 88.07
118 111 87.82
118 112 122.59
118 113 47.3
118 114 85.91
118 115 123.13
118 116 72.44
118 117 72.37
118 119 30.81
118 120 87.11
118 121 7.28
118 122 63.51
118 123 116.21
118 124 112.79
118 125 24.21
118 126 34.71
118 127 90.03
118 128 22.02
118 129 67.6
118 130 94.49
118 131 74.25
118 132 75.96
118 133 93.74
118 134 120.43
118 135 63.39
118 136 116.48
118 137 59.67
118 138 62.82
118 139 63.2
118 140 94.89
118 141 115.97
118 142 89.81
118 143 7.07
118 144 34.79
118 145 133.3
118 146 79.2
118 147 77.13
118 148 107.06
118 149 86.61
118 150 94.37
118 151 89.27
118 152 102.8
118 153 105.44
118 154 80.78
118 155 43.97
118 156 122.32
118 157 87.28
118 158 15.81
118 159 90.03
118 160 80.05
118 161 74.81
118 162 82.57
118 163 135.15
118 164 77.47
118 165 5.39
118 166 33.54
118 167 21.93
118 168 125.1
118 169 106.83
118 170 119.62
118 171 120.17
118 172 92.65
118 173 81.02
118 174 122.8
118 175 41.23
118 176 7.81
118 177 94.13
118 178 77.82
118 179 75.03
118 180 27.02
118 181 70.61
118 182 136.49
118 183 56.75
118 184 68.73
118 185 76.69
118 186 92.76
118 187 92.44
118 188 5.1
118 189 114.84
118 190 13.04
118 191 27.02
118 192 91.93
118 193 18.0
118 194 134.54
118 195 130.38
118 196 94.85
118 197 110.32
118 198 101.83
118 199 65.31
118 200 110.77
118 201 55.47
119 0 42.19
119 1 6.4
119 2 38.01
119 3 65.52
119 4 51.88
119 5 48.09
119 6 68.8
119 7 44.2
119 8 64.85
119 9 6.4
119 10 48.17
119 11 69.34
119 12 77.52
119 13 42.44
119 14 78.79
119 15 80.53
119 16 61.52
119 17 32.65
119 18 53.85
119 19 65.37
119 20 75.17
119 21 99.05
119 22 67.68
119 23 105.68
119 24 70.11
119 25 84.29
119 26 79.85
119 27 65.01
119 28 68.88
119 29 104.68
119 30 61.33
119 31 85.15
119 32 120.11
119 33 37.36
119 34 47.04
119 35 6.71
119 36 38.6
119 37 32.25
119 38 62.82
119 39 36.25
119 40 82.46
119 41 81.06
119 42 99.72
119 43 42.01
119 44 52.35
119 45 61.01
119 46 49.5
119 47 84.6
119 48 76.24
119 49 44.28
119 50 100.46
119 51 128.47
119 52 106.53
119 53 10.0
119 54 56.36
119 55 31.06
119 56 49.5
119 57 26.93
119 58 41.59
119 59 78.72
119 60 48.26
119 61 66.12
119 62 49.77
119 63 54.15
119 64 66.01
119 65 128.41
119 66 82.93
119 67 35.85
119 68 56.86
119 69 114.39
119 70 85.0
119 71 5.39
119 72 50.12
119 73 68.6
119 74 67.62
119 75 110.11
119 76 53.14
119 77 82.39
119 78 37.58
119 79 106.04
119 80 85.05
119 81 30.59
119 82 52.84
119 83 32.89
119 84 56.82
119 85 84.05
119 86 130.1
119 87 102.79
119 88 67.05
119 89 83.63
119 90 35.81
119 91 82.15
119 92 105.39
119 93 25.0
119 94 130.08
119 95 46.01
119 96 72.92
119 97 72.01
119 98 62.64
119 99 7.81
119 100 66.03
119 101 7.28
119 102 54.12
119 103 109.17
119 104 49.24
119 105 82.29
119 106 50.16
119 107 38.28
119 108 36.5
119 109 60.03
119 110 79.76
119 111 57.22
119 112 102.32
119 113 43.38
119 114 55.11
119 115 130.92
119 116 75.29
119 117 46.07
119 118 30.81
119 120 64.4
119 121 38.08
119 122 67.68
119 123 96.21
119 124 115.39
119 125 53.71
119 126 4.0
119 127 63.56
119 128 52.35
119 129 71.56
119 130 72.5
119 131 50.99
119 132 51.31
119 133 74.33
119 134 99.4
119 135 33.0
119 136 121.94
119 137 28.86
119 138 32.02
119 139 66.04
119 140 64.28
119 141 117.0
119 142 59.21
119 143 37.0
119 144 5.0
119 145 109.93
119 146 55.47
119 147 83.23
119 148 108.75
119 149 66.41
119 150 63.56
119 151 58.55
119 152 81.54
119 153 84.86
119 154 68.0
119 155 38.91
119 156 101.77
119 157 58.69
119 158 43.05
119 159 59.23
119 160 85.7
119 161 47.54
119 162 75.31
119 163 110.94
119 164 82.38
119 165 36.14
119 166 3.16
119 167 50.04
119 168 105.11
119 169 85.0
119 170 98.49
119 171 126.78
119 172 83.38
119 173 67.07
119 174 128.13
119 175 38.59
119 176 37.95
119 177 65.12
119 178 63.13
119 179 63.07
119 180 54.71
119 181 44.78
119 182 111.83
119 183 25.96
119 184 38.12
119 185 50.54
119 186 65.92
119 187 62.03
119 188 35.9
119 189 120.74
119 190 41.0
119 191 56.36
119 192 68.1
119 193 48.51
119 194 110.68
119 195 106.85
119 196 71.59
119 197 112.31
119 198 80.11
119 199 34.53
119 200 111.62
119 201 42.19
120 0 35.78
120 1 58.18
120 2 56.82
120 3 83.67
120 4 110.45
120 5 97.45
120 6 65.0
120 7 85.29
120 8 86.54
120 9 58.69
120 10 98.08
120 11 66.0
120 12 67.6
120 13 56.86
120 14 14.56
120 15 16.4
120 16 59.91
120 17 51.87
120 18 81.04
120 19 4.12
120 20 37.12
120 21 37.01
120 22 57.38
120 23 43.19
120 24 34.18
120 25 43.6
120 26 16.12
120 27 27.89
120 28 4.47
120 29 41.44
120 30 3.61
120 31 42.64
120 32 102.46
120 33 93.38
120 34 93.6
120 35 64.85
120 36 94.79
120 37 54.15
120 38 54.2
120 39 49.74
120 40 18.44
120 41 38.6
120 42 35.9
120 43 59.51
120 44 12.37
120 45 29.15
120 46 100.77
120 47 75.13
120 48 16.16
120 49 77.93
120 50 36.4
120 51 108.71
120 52 43.19
120 53 55.71
120 54 85.16
120 55 60.07
120 56 55.15
120 57 84.5
120 58 66.29
120 59 14.32
120 60 108.85
120 61 32.98
120 62 15.0
120 63 59.93
120 64 30.08
120 65 110.46
120 66 74.81
120 67 53.34
120 68 7.81
120 69 85.7
120 70 70.09
120 71 60.54
120 72 109.12
120 73 63.01
120 74 4.12
120 75 47.38
120 76 12.81
120 77 43.27
120 78 50.12
120 79 42.2
120 80 41.11
120 81 52.04
120 82 111.95
120 83 90.79
120 84 115.36
120 85 40.46
120 86 113.16
120 87 39.46
120 88 85.91
120 89 19.24
120 90 56.94
120 91 72.01
120 92 42.43
120 93 58.08
120 94 111.36
120 95 93.41
120 96 8.54
120 97 7.81
120 98 82.46
120 99 56.86
120 100 31.05
120 101 57.25
120 102 10.44
120 103 84.6
120 104 79.83
120 105 17.89
120 106 99.64
120 107 46.53
120 108 90.51
120 109 30.07
120 110 44.29
120 111 60.42
120 112 38.33
120 113 50.7
120 114 53.71
120 115 113.6
120 116 66.37
120 117 80.06
120 118 87.11
120 119 64.4
120 121 93.35
120 122 66.03
120 123 32.56
120 124 90.55
120 125 111.04
120 126 62.77
120 127 89.2
120 128 102.45
120 129 67.03
120 130 8.25
120 131 13.42
120 132 87.3
120 133 14.32
120 134 35.11
120 135 58.22
120 136 101.53
120 137 51.0
120 138 50.09
120 139 63.03
120 140 63.25
120 141 88.48
120 142 61.4
120 143 94.18
120 144 59.51
120 145 46.23
120 146 9.22
120 147 76.66
120 148 83.73
120 149 8.6
120 150 55.61
120 151 58.31
120 152 17.46
120 153 21.21
120 154 29.73
120 155 50.54
120 156 37.64
120 157 77.62
120 158 90.43
120 159 54.92
120 160 77.1
120 161 77.67
120 162 44.94
120 163 48.08
120 164 73.82
120 165 91.97
120 166 64.08
120 167 96.02
120 168 41.23
120 169 20.62
120 170 34.18
120 171 107.78
120 172 43.83
120 173 26.57
120 174 106.17
120 175 54.12
120 176 94.85
120 177 78.71
120 178 24.52
120 179 31.4
120 180 114.11
120 181 80.75
120 182 49.58
120 183 51.09
120 184 55.9
120 185 82.76
120 186 89.32
120 187 65.51
120 188 91.24
120 189 101.52
120 190 90.14
120 191 113.86
120 192 6.08
120 193 100.0
120 194 47.42
120 195 43.28
120 196 7.81
120 197 86.95
120 198 15.81
120 199 52.35
120 200 84.06
120 201 35.78
121 0 60.75
121 1 43.32
121 2 42.72
121 3 100.4
121 4 17.49
121 5 12.53
121 6 67.0
121 7 74.22
121 8 98.86
121 9 43.97
121 10 12.08
121 11 67.01
121 12 76.03
121 13 45.88
121 14 106.4
121 15 109.66
121 16 99.46
121 17 43.91
121 18 87.69
121 19 95.48
121 20 89.89
121 21 130.14
121 22 105.76
121 23 136.47
121 24 85.62
121 25 97.72
121 26 106.67
121 27 83.19
121 28 97.62
121 29 129.25
121 30 89.83
121 31 99.3
121 32 113.51
121 33 1.41
121 34 14.87
121 35 43.42
121 36 2.0
121 37 70.21
121 38 100.9
121 39 47.41
121 40 109.48
121 41 96.21
121 42 125.43
121 43 43.42
121 44 82.88
121 45 78.71
121 46 12.17
121 47 80.5
121 48 101.02
121 49 77.65
121 50 126.61
121 51 122.0
121 52 136.52
121 53 47.43
121 54 89.27
121 55 68.36
121 56 87.48
121 57 11.18
121 58 78.03
121 59 106.96
121 60 18.25
121 61 81.94
121 62 78.49
121 63 91.92
121 64 83.19
121 65 120.88
121 66 78.52
121 67 44.28
121 68 85.56
121 69 115.16
121 70 84.05
121 71 43.42
121 72 16.55
121 73 68.03
121 74 95.59
121 75 140.72
121 76 80.66
121 77 95.51
121 78 47.85
121 79 131.49
121 80 99.96
121 81 68.66
121 82 19.24
121 83 6.32
121 84 22.2
121 85 99.02
121 86 121.76
121 87 127.58
121 88 101.6
121 89 111.95
121 90 41.23
121 91 79.23
121 92 135.77
121 93 62.65
121 94 122.8
121 95 13.45
121 96 101.24
121 97 101.14
121 98 97.42
121 99 44.6
121 100 82.76
121 101 42.15
121 102 84.22
121 103 108.37
121 104 82.73
121 105 110.54
121 106 13.93
121 107 51.0
121 108 3.16
121 109 77.37
121 110 91.76
121 111 95.04
121 112 128.22
121 113 51.26
121 114 93.17
121 115 122.71
121 116 74.01
121 117 78.92
121 118 7.28
121 119 38.08
121 120 93.35
121 122 65.01
121 123 121.83
121 124 113.75
121 125 17.69
121 126 41.98
121 127 96.51
121 128 15.3
121 129 69.03
121 130 100.57
121 131 80.66
121 132 82.23
121 133 99.4
121 134 126.21
121 135 70.58
121 136 116.71
121 137 66.94
121 138 70.09
121 139 65.03
121 140 102.11
121 141 117.27
121 142 97.02
121 143 3.61
121 144 42.06
121 145 139.45
121 146 85.63
121 147 77.78
121 148 108.3
121 149 92.46
121 150 101.64
121 151 96.51
121 152 108.71
121 153 111.21
121 154 85.43
121 155 48.33
121 156 128.0
121 157 94.13
121 158 12.53
121 159 97.29
121 160 80.75
121 161 81.5
121 162 86.13
121 163 141.43
121 164 78.41
121 165 2.0
121 166 40.79
121 167 17.03
121 168 130.67
121 169 112.81
121 170 125.42
121 171 120.07
121 172 96.46
121 173 85.88
121 174 123.0
121 175 45.31
121 176 3.16
121 177 101.04
121 178 82.86
121 179 79.62
121 180 21.47
121 181 77.1
121 182 142.84
121 183 64.03
121 184 75.95
121 185 83.19
121 186 99.3
121 187 99.61
121 188 2.24
121 189 114.98
121 190 9.85
121 191 20.52
121 192 98.31
121 193 11.18
121 194 140.76
121 195 136.56
121 196 101.12
121 197 111.45
121 198 107.81
121 199 72.57
121 200 112.16
121 201 60.75
122 0 36.77
122 1 66.07
122 2 29.68
122 3 125.21
122 4 80.4
122 5 59.84
122 6 2.24
122 7 110.54
122 8 126.04
122 9 67.48
122 10 60.83
122 11 2.0
122 12 11.05
122 13 25.24
122 14 71.81
122 15 77.47
122 16 110.02
122 17 35.47
122 18 116.28
122 19 70.01
122 20 38.08
122 21 98.23
122 22 111.79
122 23 102.79
122 24 36.77
122 25 41.77
122 26 70.34
122 27 40.02
122 28 68.26
122 29 83.86
122 30 63.0
122 31 43.93
122 32 52.48
122 33 66.03
122 34 54.74
122 35 73.6
122 36 67.01
122 37 87.2
122 38 107.15
122 39 32.53
122 40 72.8
122 41 43.01
122 42 82.73
122 43 25.94
122 44 63.79
122 45 37.34
122 46 63.95
122 47 17.0
122 48 62.36
122 49 108.21
122 50 84.53
122 51 60.9
122 52 100.9
122 53 67.94
122 54 119.67
122 55 90.14
122 56 99.85
122 57 64.13
122 58 101.04
122 59 73.55
122 60 83.02
122 61 35.44
122 62 57.87
122 63 105.68
122 64 38.33
122 65 60.75
122 66 15.26
122 67 32.02
122 68 61.13
122 69 50.25
122 70 19.1
122 71 69.03
122 72 80.22
122 73 4.24
122 74 65.28
122 75 105.95
122 76 56.32
122 77 39.7
122 78 31.11
122 79 87.32
122 80 45.45
122 81 84.4
122 82 82.39
122 83 67.36
122 84 83.86
122 85 44.82
122 86 62.43
122 87 82.86
122 88 127.2
122 89 77.37
122 90 31.91
122 91 14.87
122 92 101.19
122 93 84.29
122 94 62.43
122 95 55.58
122 96 69.72
122 97 71.45
122 98 122.8
122 99 65.95
122 100 37.36
122 101 63.25
122 102 63.51
122 103 43.74
122 104 112.54
122 105 76.16
122 106 61.19
122 107 32.02
122 108 62.03
122 109 36.22
122 110 35.47
122 111 107.82
122 112 85.42
122 113 25.5
122 114 102.42
122 115 63.25
122 116 9.0
122 117 110.32
122 118 63.51
122 119 67.68
122 120 66.03
122 121 65.01
122 123 79.62
122 124 49.48
122 125 78.77
122 126 70.0
122 127 126.25
122 128 63.56
122 129 4.12
122 130 68.73
122 131 60.83
122 132 116.69
122 133 61.85
122 134 85.49
122 135 90.43
122 136 54.56
122 137 82.2
122 138 84.05
122 139 3.0
122 140 113.6
122 141 52.47
122 142 109.59
122 143 68.07
122 144 66.22
122 145 102.32
122 146 64.38
122 147 15.62
122 148 43.57
122 149 59.41
122 150 108.46
122 151 107.33
122 152 72.53
122 153 72.73
122 154 39.85
122 155 29.7
122 156 85.87
122 157 118.0
122 158 54.23
122 159 105.6
122 160 18.03
122 161 110.45
122 162 30.0
122 163 106.28
122 164 14.76
122 165 65.07
122 166 70.21
122 167 55.32
122 168 86.83
122 169 76.92
122 170 85.09
122 171 59.17
122 172 40.36
122 173 42.45
122 174 60.84
122 175 29.21
122 176 68.03
122 177 122.59
122 178 42.58
122 179 35.69
122 180 84.48
122 181 109.6
122 182 108.78
122 183 79.81
122 184 92.66
122 185 114.59
122 186 127.91
122 187 113.65
122 188 64.07
122 189 53.24
122 190 56.08
122 191 81.05
122 192 72.06
122 193 63.79
122 194 104.75
122 195 100.3
122 196 72.34
122 197 46.87
122 198 73.01
122 199 87.66
122 200 47.27
122 201 36.77
123 0 61.22
123 1 90.14
123 2 81.34
123 3 111.83
123 4 139.27
123 5 123.99
123 6 77.88
123 7 117.0
123 8 115.21
123 9 90.76
123 10 124.74
123 11 78.79
123 12 76.54
123 13 79.93
123 14 18.11
123 15 19.42
123 16 86.33
123 17 78.24
123 18 111.16
123 19 33.06
123 20 41.79
123 21 24.7
123 22 81.54
123 23 26.17
123 24 42.94
123 25 41.44
123 26 16.49
123 27 41.4
123 28 28.28
123 29 9.0
123 30 35.17
123 31 39.32
123 32 99.61
123 33 122.07
123 34 119.6
123 35 97.12
123 36 123.46
123 37 86.02
123 38 79.71
123 39 75.17
123 40 14.14
123 41 38.08
123 42 3.61
123 43 82.76
123 44 44.91
123 45 45.45
123 46 127.66
123 47 82.23
123 48 20.81
123 49 109.17
123 50 5.0
123 51 103.75
123 52 23.0
123 53 87.93
123 54 115.26
123 55 92.05
123 56 84.34
123 57 114.06
123 58 97.25
123 59 19.0
123 60 138.44
123 61 44.94
123 62 46.49
123 63 88.29
123 64 42.44
123 65 106.37
123 66 82.71
123 67 78.64
123 68 39.56
123 69 78.64
123 70 75.5
123 71 92.66
123 72 138.13
123 73 75.64
123 74 28.86
123 75 28.02
123 76 43.08
123 77 42.76
123 78 75.07
123 79 9.85
123 80 37.34
123 81 84.1
123 82 140.91
123 83 120.11
123 84 144.03
123 85 37.48
123 86 109.33
123 87 7.0
123 88 114.02
123 89 15.3
123 90 82.13
123 91 79.56
123 92 24.08
123 93 90.45
123 94 106.71
123 95 119.67
123 96 24.19
123 97 26.02
123 98 111.09
123 99 88.87
123 100 43.27
123 101 88.96
123 102 42.95
123 103 80.5
123 104 110.55
123 105 16.12
123 106 126.06
123 107 71.59
123 108 118.81
123 109 46.86
123 110 46.32
123 111 88.06
123 112 6.4
123 113 73.55
123 114 81.49
123 115 109.49
123 116 76.22
123 117 111.22
123 118 116.21
123 119 96.21
123 120 32.56
123 121 121.83
123 122 79.62
123 124 85.16
123 125 139.4
123 126 94.87
123 127 118.46
123 128 128.89
123 129 78.92
123 130 24.33
123 131 45.61
123 132 118.34
123 133 22.47
123 134 6.08
123 135 90.01
123 136 97.16
123 137 83.22
123 138 82.05
123 139 76.92
123 140 89.2
123 141 81.02
123 142 88.6
123 143 123.15
123 144 91.42
123 145 23.35
123 146 41.77
123 147 84.9
123 148 79.51
123 149 29.97
123 150 80.99
123 151 85.44
123 152 15.13
123 153 11.4
123 154 40.5
123 155 75.01
123 156 6.4
123 157 106.51
123 158 116.93
123 159 81.61
123 160 84.17
123 161 108.46
123 162 50.6
123 163 28.07
123 164 81.74
123 165 120.67
123 166 96.14
123 167 121.66
123 168 8.94
123 169 13.15
123 170 6.0
123 171 103.41
123 172 42.58
123 173 38.6
123 174 100.22
123 175 78.52
123 176 123.71
123 177 106.32
123 178 40.36
123 179 45.8
123 180 143.13
123 181 112.11
123 182 31.02
123 183 83.49
123 184 87.09
123 185 113.53
123 186 118.13
123 187 92.35
123 188 119.85
123 189 97.87
123 190 117.15
123 191 142.2
123 192 31.0
123 193 127.02
123 194 26.17
123 195 22.02
123 196 27.0
123 197 81.88
123 198 17.03
123 199 84.0
123 200 78.09
123 201 61.22
124 0 77.2
124 1 112.77
124 2 78.19
124 3 166.29
124 4 128.06
124 5 107.02
124 6 47.8
124 7 156.16
124 8 167.92
124 9 114.13
124 10 108.02
124 11 47.54
124 12 38.6
124 13 73.74
124 14 88.02
124 15 93.98
124 16 146.75
124 17 82.76
124 18 159.3
124 19 94.51
124 20 53.54
124 21 109.44
124 22 146.21
124 23 111.31
124 24 57.2
124 25 47.42
124 26 85.44
124 27 64.2
124 28 90.35
124 29 84.15
124 30 89.04
124 31 48.85
124 32 15.3
124 33 114.86
124 34 102.04
124 35 120.77
124 36 115.73
124 37 129.32
124 38 142.27
124 39 79.16
124 40 86.65
124 41 52.33
124 42 86.7
124 43 74.95
124 44 94.81
124 45 65.19
124 46 111.0
124 47 33.24
124 48 78.39
124 49 152.41
124 50 88.68
124 51 18.68
124 52 107.91
124 53 113.88
124 54 163.05
124 55 133.41
124 56 138.6
124 57 113.56
124 58 143.53
124 59 90.25
124 60 131.38
124 61 59.67
124 62 90.14
124 63 144.28
124 64 62.01
124 65 21.21
124 66 35.23
124 67 79.71
124 68 89.63
124 69 7.28
124 70 30.68
124 71 115.88
124 72 128.14
124 73 47.43
124 74 87.71
124 75 112.75
124 76 86.83
124 77 47.41
124 78 77.82
124 79 88.14
124 80 50.7
124 81 126.51
124 82 130.06
124 83 116.56
124 84 131.0
124 85 51.08
124 86 24.19
124 87 84.29
124 88 168.44
124 89 91.71
124 90 80.41
124 91 34.71
124 92 109.18
124 93 128.22
124 94 21.59
124 95 103.08
124 96 89.47
124 97 92.14
124 98 164.27
124 99 112.38
124 100 61.22
124 101 110.06
124 102 93.6
124 103 6.4
124 104 156.21
124 105 91.08
124 106 108.0
124 107 77.41
124 108 110.89
124 109 65.12
124 110 46.32
124 111 145.77
124 112 88.46
124 113 72.01
124 114 139.52
124 115 24.33
124 116 40.8
124 117 154.62
124 118 112.79
124 119 115.39
124 120 90.55
124 121 113.75
124 122 49.48
124 123 85.16
124 125 126.0
124 126 117.18
124 127 169.01
124 128 110.02
124 129 45.35
124 130 88.57
124 131 92.46
124 132 161.47
124 133 79.2
124 134 90.93
124 135 133.06
124 136 12.04
124 137 124.47
124 138 125.61
124 139 50.29
124 140 150.33
124 141 6.4
124 142 147.25
124 143 116.97
124 144 113.18
124 145 107.47
124 146 93.81
124 147 36.06
124 148 7.07
124 149 81.99
124 150 143.68
124 151 144.5
124 152 86.98
124 153 84.77
124 154 61.61
124 155 76.49
124 156 89.56
124 157 159.29
124 158 102.24
124 159 141.87
124 160 33.06
124 161 154.01
124 162 46.86
124 163 112.64
124 164 35.36
124 165 113.99
124 166 117.62
124 167 102.0
124 168 88.2
124 169 90.14
124 170 91.08
124 171 18.25
124 172 46.96
124 173 64.64
124 174 15.65
124 175 77.08
124 176 116.84
124 177 162.64
124 178 67.8
124 179 62.37
124 180 132.03
124 181 154.26
124 182 115.73
124 183 122.61
124 184 133.96
124 185 158.6
124 186 170.18
124 187 151.49
124 188 113.0
124 189 13.04
124 190 104.39
124 191 128.0
124 192 95.29
124 193 111.02
124 194 110.55
124 195 106.79
124 196 93.47
124 197 3.61
124 198 88.6
124 199 129.07
124 200 7.07
124 201 77.2
125 0 78.24
125 1 59.48
125 2 59.48
125 3 112.07
125 4 3.61
125 5 19.03
125 6 80.89
125 7 84.15
125 8 110.0
125 9 59.93
125 10 18.03
125 11 80.75
125 12 89.56
125 13 62.24
125 14 124.08
125 15 127.35
125 16 114.02
125 17 61.29
125 18 99.02
125 19 113.15
125 20 106.51
125 21 147.8
125 22 120.81
125 23 154.15
125 24 102.42
125 25 114.02
125 26 124.33
125 27 100.34
125 28 115.31
125 29 146.73
125 30 107.52
125 31 115.69
125 32 124.04
125 33 17.69
125 34 24.08
125 35 58.19
125 36 16.28
125 37 85.07
125 38 116.06
125 39 64.66
125 40 127.14
125 41 112.81
125 42 143.0
125 43 59.62
125 44 100.5
125 45 95.88
125 46 15.0
125 47 93.05
125 48 118.6
125 49 89.05
125 50 144.2
125 51 132.37
125 52 154.21
125 53 63.51
125 54 100.02
125 55 82.46
125 56 102.2
125 57 27.46
125 58 91.24
125 59 124.65
125 60 10.3
125 61 98.84
125 62 96.17
125 63 106.23
125 64 100.24
125 65 130.86
125 66 91.05
125 67 61.4
125 68 103.25
125 69 128.14
125 70 97.42
125 71 59.09
125 72 5.39
125 73 82.2
125 74 113.28
125 75 158.4
125 76 98.35
125 77 111.79
125 78 65.0
125 79 149.03
125 80 116.47
125 81 83.82
125 82 5.0
125 83 21.1
125 84 5.1
125 85 115.55
125 86 131.4
125 87 145.09
125 88 113.02
125 89 129.63
125 90 58.18
125 91 92.2
125 92 153.46
125 93 77.2
125 94 132.83
125 95 23.19
125 96 118.93
125 97 118.83
125 98 109.07
125 99 60.83
125 100 99.76
125 101 58.67
125 102 101.86
125 103 121.04
125 104 94.02
125 105 128.22
125 106 18.03
125 107 68.26
125 108 20.62
125 109 94.51
125 110 107.91
125 111 109.38
125 112 145.8
125 113 67.98
125 114 108.16
125 115 132.38
125 116 87.69
125 117 90.01
125 118 24.21
125 119 53.71
125 120 111.04
125 121 17.69
125 122 78.77
125 123 139.4
125 124 126.0
125 126 57.38
125 127 107.07
125 128 16.28
125 129 82.61
125 130 118.26
125 131 98.31
125 132 92.2
125 133 117.0
125 134 143.84
125 135 84.9
125 136 127.66
125 137 82.28
125 138 85.44
125 139 79.25
125 140 116.42
125 141 130.06
125 142 111.32
125 143 17.2
125 144 58.14
125 145 157.14
125 146 103.28
125 147 90.01
125 148 121.07
125 149 110.11
125 150 116.69
125 151 111.13
125 152 126.37
125 153 128.84
125 154 102.47
125 155 65.37
125 156 145.6
125 157 106.3
125 158 24.74
125 159 112.27
125 160 93.01
125 161 93.09
125 162 102.18
125 163 159.11
125 164 91.09
125 165 19.1
125 166 56.08
125 167 24.02
125 168 148.22
125 169 130.48
125 170 143.06
125 171 130.39
125 172 112.72
125 173 103.08
125 174 133.84
125 175 62.18
125 176 16.4
125 177 113.44
125 178 100.17
125 179 96.65
125 180 6.32
125 181 88.0
125 182 160.51
125 183 79.48
125 184 90.52
125 185 94.01
125 186 110.04
125 187 113.56
125 188 19.8
125 189 125.78
125 190 23.41
125 191 2.83
125 192 115.97
125 193 15.03
125 194 158.45
125 195 154.25
125 196 118.8
125 197 124.02
125 198 125.5
125 199 87.6
125 200 125.14
125 201 78.24
126 0 42.76
126 1 5.0
126 2 40.46
126 3 61.68
126 4 55.46
126 5 52.09
126 6 71.03
126 7 41.11
126 8 61.1
126 9 4.12
126 10 52.15
126 11 71.61
126 12 79.61
126 13 44.82
126 14 77.25
126 15 78.72
126 16 57.56
126 17 34.67
126 18 50.16
126 19 63.51
126 20 75.54
126 21 96.8
126 22 63.79
126 23 103.46
126 24 70.46
126 25 84.72
126 26 78.43
126 27 65.07
126 28 67.23
126 29 103.45
126 30 59.81
126 31 85.48
126 32 122.32
126 33 41.23
126 34 51.04
126 35 3.61
126 36 42.45
126 37 28.28
126 38 58.94
126 39 38.08
126 40 80.99
126 41 81.3
126 42 98.35
126 43 44.6
126 44 50.57
126 45 61.2
126 46 53.46
126 47 86.84
126 48 75.19
126 49 40.71
126 50 99.02
126 51 130.63
126 52 104.45
126 53 7.21
126 54 52.77
126 55 27.07
126 56 45.54
126 57 30.81
126 58 37.66
126 59 77.08
126 60 51.62
126 61 66.48
126 62 48.38
126 63 50.16
126 64 66.19
126 65 130.67
126 66 85.21
126 67 38.01
126 68 55.36
126 69 115.95
126 70 86.95
126 71 2.24
126 72 53.67
126 73 70.72
126 74 66.13
126 75 107.91
126 76 51.92
126 77 82.87
126 78 39.45
126 79 104.68
126 80 85.29
126 81 26.68
126 82 56.36
126 83 36.69
126 84 60.37
126 85 84.29
126 86 132.41
126 87 101.53
126 88 63.25
126 89 81.94
126 90 38.29
126 91 84.31
126 92 103.25
126 93 21.0
126 94 132.31
126 95 50.01
126 96 71.31
126 97 70.26
126 98 58.82
126 99 6.08
126 100 66.27
126 101 7.28
126 102 52.39
126 103 110.91
126 104 45.62
126 105 80.62
126 106 54.15
126 107 39.81
126 108 40.45
126 109 60.3
126 110 80.41
126 111 53.24
126 112 100.9
126 113 45.28
126 114 51.2
126 115 133.22
126 116 77.39
126 117 42.54
126 118 34.71
126 119 4.0
126 120 62.77
126 121 41.98
126 122 70.0
126 123 94.87
126 124 117.18
126 125 57.38
126 127 59.93
126 128 56.32
126 129 73.82
126 130 70.94
126 131 49.4
126 132 48.01
126 133 73.25
126 134 97.86
126 135 29.0
126 136 124.02
126 137 25.0
126 138 28.16
126 139 68.24
126 140 60.3
126 141 118.6
126 142 55.23
126 143 40.8
126 144 4.12
126 145 107.91
126 146 53.71
126 147 85.6
126 148 110.46
126 149 65.25
126 150 59.67
126 151 54.59
126 152 80.06
126 153 83.49
126 154 68.12
126 155 40.82
126 156 100.3
126 157 54.82
126 158 47.04
126 159 55.32
126 160 88.01
126 161 43.86
126 162 76.16
126 163 108.76
126 164 84.63
126 165 40.02
126 166 1.41
126 167 54.04
126 168 103.73
126 169 83.38
126 170 96.93
126 171 128.97
126 172 83.86
126 173 67.01
126 174 130.17
126 175 40.8
126 176 41.76
126 177 61.19
126 178 63.0
126 179 63.39
126 180 58.18
126 181 41.34
126 182 109.55
126 183 22.14
126 184 34.13
126 185 47.01
126 186 62.24
126 187 58.03
126 188 39.81
126 189 122.87
126 190 45.0
126 191 60.01
126 192 66.19
126 193 52.47
126 194 108.56
126 195 104.81
126 196 69.78
126 197 114.04
126 198 78.55
126 199 30.59
126 200 113.22
126 201 42.76
127 0 92.02
127 1 62.27
127 2 98.23
127 3 9.43
127 4 104.02
127 5 108.47
127 6 126.81
127 7 23.02
127 8 5.0
127 9 60.9
127 10 108.26
127 11 127.56
127 12 134.38
127 13 102.2
127 14 101.39
127 15 99.04
127 16 34.13
127 17 91.4
127 18 10.0
127 19 86.98
127 20 119.04
127 21 107.0
127 22 41.77
127 23 113.02
127 24 114.28
127 25 127.77
127 26 103.85
127 27 107.38
127 28 92.35
127 29 127.28
127 30 88.39
127 31 127.63
127 32 176.8
127 33 95.35
127 34 108.67
127 35 56.86
127 36 96.18
127 37 39.7
127 38 41.11
127 39 93.86
127 40 105.26
127 41 123.17
127 42 121.02
127 43 102.65
127 44 79.2
127 45 105.12
127 46 108.67
127 47 142.21
127 48 105.34
127 49 19.31
127 50 120.67
127 51 184.66
127 52 116.0
127 53 59.36
127 54 7.28
127 55 36.12
127 56 34.21
127 57 86.12
127 58 25.5
127 59 99.92
127 60 98.01
127 61 110.94
127 62 81.88
127 63 30.27
127 64 109.29
127 65 185.28
127 66 140.86
127 67 95.0
127 68 85.49
127 69 166.21
127 70 140.73
127 71 59.94
127 72 102.02
127 73 125.99
127 74 93.3
127 75 117.07
127 76 85.88
127 77 126.57
127 78 95.27
127 79 126.59
127 80 126.66
127 81 42.52
127 82 104.0
127 83 90.26
127 84 108.0
127 85 125.78
127 86 187.38
127 87 125.32
127 88 8.49
127 89 103.16
127 90 96.26
127 91 139.34
127 92 114.0
127 93 42.01
127 94 186.72
127 95 107.45
127 96 95.88
127 97 93.41
127 98 8.25
127 99 61.91
127 100 109.84
127 101 65.0
127 102 81.02
127 103 162.61
127 104 14.32
127 105 102.39
127 106 110.22
127 107 94.26
127 108 96.1
127 109 104.86
127 110 125.64
127 111 31.02
127 112 122.64
127 113 100.77
127 114 37.22
127 115 188.1
127 116 132.28
127 117 17.72
127 118 90.03
127 119 63.56
127 120 89.2
127 121 96.51
127 122 126.25
127 123 118.46
127 124 169.01
127 125 107.07
127 126 59.93
127 128 111.8
127 129 129.63
127 130 96.17
127 131 80.5
127 132 15.13
127 133 103.46
127 134 118.38
127 135 36.07
127 136 177.65
127 137 44.6
127 138 43.42
127 139 123.99
127 140 32.56
127 141 169.01
127 142 31.02
127 143 94.05
127 144 62.65
127 145 120.0
127 146 81.54
127 147 141.68
127 148 161.97
127 149 96.38
127 150 40.2
127 151 34.0
127 152 104.29
127 153 108.42
127 154 110.45
127 155 96.67
127 156 121.49
127 157 12.04
127 158 104.81
127 159 38.0
127 160 143.68
127 161 16.12
127 162 123.22
127 163 118.07
127 164 140.12
127 165 94.54
127 166 60.42
127 167 111.57
127 168 125.6
127 169 105.32
127 170 117.39
127 171 183.21
127 172 127.42
127 173 108.05
127 174 183.45
127 175 97.8
127 176 95.04
127 177 15.23
127 178 104.1
127 179 107.9
127 180 105.02
127 181 19.42
127 182 117.21
127 183 46.67
127 184 35.23
127 185 13.34
127 186 3.16
127 187 28.28
127 188 94.73
127 189 176.87
127 190 102.36
127 191 109.02
127 192 88.32
127 193 107.69
127 194 119.02
127 195 117.02
127 196 92.18
127 197 165.56
127 198 102.11
127 199 40.0
127 200 163.84
127 201 92.02
128 0 67.88
128 1 57.07
128 2 47.63
128 3 115.62
128 4 18.97
128 5 5.0
128 6 65.73
128 7 89.5
128 8 114.13
128 9 57.87
128 10 4.47
128 11 65.51
128 12 74.15
128 13 49.65
128 14 114.63
128 15 118.44
128 16 113.86
128 17 50.93
128 18 102.96
128 19 105.0
128 20 93.65
128 21 139.46
128 22 119.85
128 23 145.58
128 24 89.89
128 25 100.62
128 26 114.56
128 27 88.6
128 28 106.53
128 29 135.72
128 30 98.86
128 31 102.42
128 32 107.79
128 33 16.49
128 34 9.43
128 35 58.08
128 36 15.81
128 37 84.59
128 38 114.93
128 39 53.76
128 40 117.39
128 41 99.85
128 42 132.46
128 43 46.87
128 44 92.91
128 45 84.2
128 46 3.16
128 47 77.23
128 48 108.25
128 49 92.91
128 50 133.79
128 51 116.11
128 52 145.25
128 53 61.19
128 54 104.56
128 55 83.1
128 56 101.83
128 57 26.02
128 58 93.01
128 59 115.43
128 60 24.19
128 61 86.53
128 62 88.01
128 63 106.47
128 64 88.23
128 65 114.59
128 66 75.24
128 67 50.25
128 68 94.81
128 69 112.36
128 70 81.88
128 71 57.56
128 72 19.7
128 73 67.19
128 74 104.24
128 75 149.68
128 76 89.64
128 77 98.39
128 78 53.81
128 79 138.29
128 80 103.35
128 81 82.87
128 82 20.88
128 83 21.59
128 84 21.1
128 85 102.47
128 86 115.12
128 87 134.18
128 88 116.84
128 89 120.34
128 90 46.75
128 91 76.53
128 92 144.69
128 93 77.23
128 94 116.56
128 95 9.22
128 96 109.88
128 97 110.11
128 98 112.64
128 99 58.25
128 100 87.66
128 101 55.54
128 102 94.05
128 103 105.17
128 104 98.01
128 105 118.93
128 106 2.83
128 107 57.31
128 108 16.0
128 109 82.8
128 110 94.37
128 111 109.55
128 112 135.28
128 113 55.8
128 114 107.35
128 115 116.1
128 116 72.37
128 117 94.2
128 118 22.02
128 119 52.35
128 120 102.45
128 121 15.3
128 122 63.56
128 123 128.89
128 124 110.02
128 125 16.28
128 126 56.32
128 127 111.8
128 129 67.27
128 130 109.12
128 131 90.44
128 132 97.51
128 133 106.79
128 134 133.69
128 135 85.21
128 136 111.45
128 137 81.05
128 138 84.17
128 139 64.29
128 140 116.62
128 141 114.21
128 142 111.54
128 143 18.03
128 144 55.9
128 145 147.92
128 146 95.44
128 147 74.11
128 148 105.23
128 149 100.45
128 150 115.74
128 151 110.89
128 152 116.69
128 153 118.8
128 154 90.44
128 155 53.91
128 156 135.21
128 157 109.29
128 158 12.04
128 159 111.46
128 160 77.1
128 161 96.75
128 162 88.57
128 163 150.33
128 164 75.33
128 165 17.26
128 166 55.23
128 167 8.25
128 168 137.54
128 169 120.97
128 170 132.97
128 171 114.13
128 172 99.28
128 173 91.4
128 174 117.61
128 175 50.45
128 176 17.09
128 177 116.16
128 178 88.87
128 179 84.63
128 180 22.56
128 181 92.4
128 182 151.98
128 183 78.09
128 184 90.45
128 185 98.48
128 186 114.59
128 187 114.28
128 188 17.12
128 189 109.55
128 190 12.53
128 191 18.03
128 192 107.8
128 193 4.12
128 194 149.48
128 195 145.17
128 196 110.26
128 197 108.12
128 198 116.04
128 199 86.83
128 200 109.37
128 201 67.88
129 0 39.36
129 1 69.81
129 2 33.62
129 3 128.41
129 4 84.29
129 5 63.64
129 6 2.83
129 7 114.21
129 8 129.32
129 9 71.22
129 10 64.63
129 11 2.24
129 12 7.0
129 13 29.15
129 14 72.01
129 15 77.78
129 16 112.71
129 17 39.2
129 18 119.67
129 19 71.06
129 20 37.16
129 21 98.27
129 22 114.24
129 23 102.62
129 24 36.4
129 25 40.0
129 26 70.41
129 27 40.31
129 28 69.03
129 29 82.76
129 30 64.12
129 31 42.2
129 32 48.55
129 33 70.06
129 34 58.55
129 35 77.42
129 36 71.03
129 37 90.43
129 38 109.66
129 39 36.12
129 40 72.78
129 41 41.68
129 42 81.94
129 43 29.97
129 44 65.51
129 45 38.01
129 46 67.74
129 47 13.04
129 48 62.37
129 49 111.72
129 50 83.77
129 51 56.94
129 52 100.58
129 53 71.59
129 54 123.11
129 55 93.51
129 56 102.73
129 57 68.25
129 58 104.35
129 59 73.82
129 60 87.01
129 61 35.51
129 62 59.67
129 63 108.56
129 64 38.47
129 65 56.86
129 66 11.4
129 67 35.81
129 68 62.51
129 69 46.17
129 70 15.03
129 71 72.8
129 72 84.15
129 73 4.12
129 74 66.03
129 75 105.65
129 76 57.87
129 77 38.01
129 78 34.71
129 79 86.31
129 80 43.83
129 81 87.62
129 82 86.28
129 83 71.45
129 84 87.69
129 85 43.27
129 86 58.6
129 87 81.84
129 88 130.42
129 89 77.47
129 90 35.85
129 91 10.77
129 92 100.96
129 93 87.73
129 94 58.52
129 95 59.41
129 96 70.26
129 97 72.11
129 98 126.04
129 99 69.66
129 100 37.48
129 101 67.01
129 102 65.12
129 103 39.62
129 104 116.0
129 105 76.3
129 106 64.94
129 107 35.38
129 108 66.07
129 109 37.0
129 110 33.84
129 111 110.64
129 112 84.58
129 113 29.0
129 114 105.12
129 115 59.41
129 116 5.1
129 117 113.85
129 118 67.6
129 119 71.56
129 120 67.03
129 121 69.03
129 122 4.12
129 123 78.92
129 124 45.35
129 125 82.61
129 126 73.82
129 127 129.63
129 128 67.27
129 130 69.26
129 131 62.59
129 132 120.28
129 133 61.98
129 134 84.86
129 135 93.72
129 136 50.54
129 137 85.43
129 138 87.2
129 139 5.66
129 140 116.3
129 141 48.37
129 142 112.38
129 143 72.11
129 144 70.0
129 145 101.84
129 146 65.92
129 147 12.04
129 148 39.46
129 149 60.07
129 150 110.98
129 151 110.06
129 152 72.57
129 153 72.53
129 154 39.81
129 155 33.3
129 156 85.09
129 157 121.21
129 158 58.14
129 159 108.23
129 160 14.21
129 161 113.9
129 162 28.65
129 163 105.95
129 164 10.82
129 165 69.12
129 166 74.06
129 167 59.03
129 168 85.87
129 169 76.9
129 170 84.5
129 171 55.23
129 172 38.6
129 173 42.58
129 174 56.8
129 175 33.02
129 176 72.06
129 177 125.67
129 178 43.1
129 179 36.12
129 180 88.36
129 181 113.17
129 182 108.52
129 183 83.1
129 184 95.8
129 185 118.09
129 186 131.24
129 187 116.47
129 188 68.12
129 189 49.24
129 190 60.03
129 191 84.85
129 192 73.01
129 193 67.6
129 194 104.36
129 195 99.93
129 196 73.06
129 197 42.76
129 198 73.16
129 199 90.8
129 200 43.19
129 201 39.36
130 0 41.62
130 1 66.31
130 2 62.68
130 3 90.25
130 4 117.8
130 5 104.14
130 6 67.48
130 7 93.13
130 8 93.3
130 9 66.85
130 10 104.8
130 11 68.47
130 12 69.01
130 13 62.27
130 14 6.32
130 15 9.43
130 16 65.76
130 17 58.26
130 18 88.29
130 19 9.22
130 20 36.14
130 21 30.89
130 22 62.43
130 23 36.62
130 24 34.23
130 25 41.15
130 26 8.0
130 27 29.02
130 28 4.0
130 29 33.24
130 30 11.18
130 31 39.82
130 32 101.24
130 33 100.66
130 34 100.12
130 35 73.05
130 36 102.07
130 37 62.03
130 38 59.68
130 39 55.8
130 40 10.2
130 41 36.25
130 42 27.66
130 43 65.0
130 44 20.62
130 45 31.4
130 46 107.56
130 47 76.16
130 48 10.63
130 49 85.59
130 50 28.16
130 51 107.02
130 52 36.12
130 53 63.91
130 54 92.42
130 55 68.01
130 56 61.98
130 57 92.01
130 58 73.82
130 59 6.4
130 60 116.4
130 61 34.0
130 62 22.83
130 63 66.48
130 64 31.0
130 65 109.0
130 66 76.06
130 67 59.41
130 68 15.65
130 69 83.24
130 70 70.58
130 71 68.71
130 72 116.52
130 73 65.38
130 74 5.0
130 75 40.61
130 76 20.0
130 77 41.23
130 78 56.04
130 79 33.96
130 80 38.08
130 81 60.0
130 82 119.33
130 83 98.23
130 84 122.67
130 85 37.59
130 86 111.79
130 87 31.26
130 88 92.48
130 89 11.4
130 90 63.01
130 91 73.11
130 92 35.61
130 93 66.19
130 94 109.77
130 95 100.0
130 96 1.0
130 97 3.61
130 98 89.2
130 99 65.0
130 100 32.0
130 101 65.31
130 102 18.68
130 103 82.86
130 104 87.3
130 105 10.0
130 106 106.3
130 107 52.43
130 108 97.67
130 109 32.56
130 110 43.01
130 111 66.71
130 112 30.08
130 113 55.95
130 114 60.01
130 115 112.16
130 116 68.01
130 117 87.69
130 118 94.49
130 119 72.5
130 120 8.25
130 121 100.57
130 122 68.73
130 123 24.33
130 124 88.57
130 125 118.26
130 126 70.94
130 127 96.17
130 128 109.12
130 129 69.26
130 131 21.54
130 132 94.89
130 133 9.43
130 134 26.93
130 135 66.07
130 136 99.92
130 137 59.03
130 138 58.01
130 139 65.76
130 140 68.96
130 141 85.96
130 142 67.54
130 143 101.53
130 144 67.62
130 145 38.9
130 146 17.46
130 147 78.03
130 148 81.94
130 149 9.49
130 150 61.06
130 151 64.4
130 152 9.22
130 153 13.04
130 154 30.07
130 155 56.3
130 156 29.41
130 157 84.43
130 158 97.08
130 159 60.83
130 160 78.16
130 161 85.16
130 162 44.72
130 163 41.23
130 164 75.06
130 165 99.25
130 166 72.24
130 167 102.45
130 168 32.98
130 169 12.53
130 170 26.0
130 171 106.23
130 172 41.63
130 173 27.02
130 174 104.22
130 175 59.91
130 176 102.18
130 177 85.09
130 178 26.17
130 179 33.14
130 180 121.51
130 181 88.46
130 182 43.01
130 183 59.21
130 184 63.51
130 185 90.26
130 186 96.14
130 187 71.55
130 188 98.49
130 189 100.09
130 190 96.94
130 191 121.08
130 192 8.06
130 193 106.83
130 194 40.36
130 195 36.07
130 196 5.0
130 197 85.0
130 198 7.62
130 199 60.13
130 200 81.84
130 201 41.62
131 0 26.31
131 1 44.78
131 2 46.49
131 3 76.01
131 4 97.59
131 5 85.45
131 6 60.21
131 7 74.15
131 8 78.39
131 9 45.31
131 10 86.02
131 11 61.19
131 12 64.51
131 13 47.3
131 14 27.86
131 15 29.68
131 16 54.45
131 17 40.72
131 18 71.69
131 19 14.87
131 20 39.62
131 21 49.5
131 22 53.82
131 23 55.9
131 24 35.38
131 25 47.8
131 26 29.12
131 27 28.32
131 28 17.89
131 29 54.34
131 30 10.44
131 31 47.43
131 32 102.93
131 33 80.62
131 34 81.84
131 35 51.55
131 36 82.04
131 37 43.17
131 38 49.82
131 39 39.22
131 40 31.62
131 41 43.01
131 42 49.04
131 43 49.73
131 44 3.0
131 45 27.46
131 46 88.6
131 47 72.45
131 48 27.0
131 49 67.45
131 50 49.65
131 51 109.86
131 52 56.22
131 53 42.38
131 54 75.77
131 55 48.84
131 56 47.43
131 57 71.51
131 58 56.3
131 59 27.73
131 60 95.78
131 61 32.8
131 62 3.0
131 63 52.8
131 64 30.48
131 65 111.22
131 66 71.78
131 67 42.72
131 68 6.08
131 69 88.46
131 70 68.45
131 71 47.17
131 72 96.21
131 73 58.46
131 74 16.76
131 75 60.21
131 76 5.66
131 77 46.86
131 78 39.85
131 79 55.36
131 80 46.32
131 81 40.79
131 82 99.04
131 83 77.83
131 84 102.53
131 85 45.49
131 86 113.74
131 87 52.39
131 88 78.23
131 89 32.65
131 90 46.24
131 91 69.29
131 92 55.32
131 93 46.1
131 94 112.33
131 95 81.54
131 96 21.93
131 97 21.1
131 98 74.43
131 99 43.46
131 100 31.24
131 101 43.83
131 102 3.61
131 103 86.21
131 104 69.89
131 105 31.3
131 106 87.66
131 107 36.4
131 108 77.9
131 109 27.78
131 110 46.67
131 111 53.91
131 112 51.55
131 113 41.59
131 114 47.42
131 115 114.28
131 116 62.94
131 117 69.64
131 118 74.25
131 119 50.99
131 120 13.42
131 121 80.66
131 122 60.83
131 123 45.61
131 124 92.46
131 125 98.31
131 126 49.4
131 127 80.5
131 128 90.44
131 129 62.59
131 130 21.54
131 132 76.92
131 133 25.0
131 134 48.47
131 135 47.3
131 136 102.65
131 137 39.46
131 138 39.05
131 139 57.87
131 140 58.0
131 141 91.29
131 142 55.23
131 143 81.32
131 144 46.1
131 145 59.41
131 146 5.0
131 147 73.38
131 148 85.43
131 149 17.03
131 150 51.22
131 151 52.35
131 152 30.68
131 153 34.21
131 154 31.11
131 155 40.52
131 156 50.92
131 157 69.46
131 158 78.49
131 159 49.52
131 160 74.33
131 161 67.68
131 162 45.61
131 163 60.96
131 164 70.84
131 165 79.21
131 166 50.7
131 167 84.38
131 168 54.41
131 169 34.01
131 170 47.54
131 171 108.72
131 172 47.63
131 173 28.32
131 174 107.8
131 175 43.97
131 176 82.02
131 177 71.61
131 178 24.76
131 179 30.23
131 180 101.18
131 181 70.09
131 182 62.24
131 183 39.12
131 184 45.88
131 185 72.73
131 186 81.01
131 187 59.46
131 188 78.52
131 189 102.34
131 190 78.01
131 191 101.14
131 192 17.69
131 193 87.8
131 194 60.44
131 195 56.4
131 196 20.81
131 197 88.87
131 198 29.15
131 199 41.76
131 200 86.45
131 201 26.31
132 0 84.31
132 1 51.09
132 2 87.78
132 3 22.36
132 4 89.09
132 5 94.37
132 6 117.46
132 7 8.06
132 8 18.97
132 9 49.68
132 10 94.11
132 11 118.14
132 12 125.5
132 13 91.97
132 14 100.6
132 15 99.13
132 16 40.25
132 17 81.32
132 18 10.63
132 19 85.71
132 20 113.64
132 21 109.9
132 22 48.76
132 23 116.25
132 24 108.69
132 25 122.65
132 26 102.83
132 27 102.04
132 28 90.93
132 29 127.32
132 30 85.91
132 31 122.77
132 32 168.24
132 33 81.02
132 34 94.87
132 35 44.65
132 36 81.79
132 37 33.84
132 38 46.62
132 39 84.17
132 40 104.58
132 41 118.31
132 42 121.2
132 43 92.1
132 44 76.16
132 45 99.28
132 46 94.37
132 47 133.12
132 48 103.16
132 49 9.49
132 50 121.1
132 51 176.32
132 52 118.83
132 53 48.8
132 54 8.94
132 55 28.64
132 56 35.51
132 57 72.12
132 58 21.1
132 59 99.41
132 60 83.01
132 61 105.1
132 62 77.79
132 63 33.84
132 64 103.79
132 65 176.69
132 66 131.64
132 67 84.86
132 68 82.46
132 69 159.22
132 70 132.28
132 71 48.41
132 72 87.09
132 73 116.85
132 74 91.41
132 75 120.51
132 76 81.91
132 77 121.25
132 78 85.59
132 79 127.1
132 80 122.0
132 81 36.4
132 82 89.02
132 83 75.93
132 84 93.01
132 85 121.08
132 86 178.64
132 87 125.32
132 88 22.47
132 89 103.17
132 90 85.7
132 91 130.38
132 92 116.97
132 93 33.29
132 94 178.23
132 95 93.61
132 96 94.76
132 97 92.54
132 98 19.72
132 99 50.99
132 100 104.22
132 101 53.91
132 102 78.1
132 103 155.08
132 104 8.25
132 105 102.24
132 106 96.05
132 107 85.04
132 108 82.01
132 109 98.84
132 110 119.85
132 111 35.85
132 112 123.1
132 113 91.29
132 114 40.52
132 115 179.4
132 116 123.33
132 117 7.28
132 118 75.96
132 119 51.31
132 120 87.3
132 121 82.23
132 122 116.69
132 123 118.34
132 124 161.47
132 125 92.2
132 126 48.01
132 127 15.13
132 128 97.51
132 129 120.28
132 130 94.89
132 131 76.92
132 133 101.2
132 134 119.04
132 135 29.73
132 136 169.45
132 137 38.08
132 138 37.95
132 139 114.63
132 140 39.96
132 141 161.99
132 142 36.67
132 143 79.62
132 144 51.22
132 145 122.8
132 146 78.85
132 147 132.28
132 148 154.51
132 149 93.62
132 150 46.1
132 151 39.0
132 152 103.59
132 153 107.67
132 154 105.19
132 155 87.0
132 156 122.07
132 157 19.8
132 158 91.08
132 159 42.72
132 160 134.47
132 161 10.05
132 162 116.85
132 163 121.49
132 164 130.97
132 165 80.28
132 166 48.26
132 167 97.72
132 168 126.1
132 169 105.23
132 170 118.04
132 171 174.77
132 172 122.16
132 173 103.08
132 174 175.41
132 175 87.69
132 176 80.6
132 177 26.4
132 178 99.01
132 179 101.97
132 180 90.0
132 181 7.21
132 182 121.02
132 183 39.36
132 184 31.4
132 185 5.39
132 186 18.25
132 187 35.51
132 188 80.52
132 189 168.51
132 190 88.54
132 191 94.09
132 192 87.46
132 193 93.39
132 194 122.19
132 195 119.71
132 196 91.44
132 197 158.11
132 198 101.49
132 199 35.17
132 200 156.71
132 201 84.31
133 0 38.95
133 1 68.41
133 2 59.46
133 3 97.99
133 4 116.83
133 5 101.86
133 6 60.42
133 7 98.86
133 8 100.85
133 9 69.12
133 10 102.59
133 11 61.39
133 12 61.13
133 13 58.41
133 14 10.05
133 15 16.0
133 16 74.09
133 17 55.97
133 18 95.21
133 19 17.2
133 20 27.29
133 21 36.4
133 22 71.22
133 23 41.23
133 24 26.02
133 25 31.78
133 26 8.54
133 27 21.84
133 28 12.04
133 29 30.46
133 30 15.3
133 31 30.41
133 32 92.03
133 33 99.62
133 34 97.58
133 35 75.71
133 36 101.02
133 37 67.74
133 38 68.24
133 39 53.04
133 40 11.18
133 41 26.93
133 42 26.08
133 43 61.22
133 44 25.18
133 45 25.08
133 46 105.48
133 47 68.0
133 48 2.0
133 49 91.78
133 50 27.2
133 51 97.69
133 52 39.82
133 53 66.49
133 54 99.33
133 55 73.55
133 56 69.46
133 57 91.59
133 58 80.28
133 59 12.0
133 60 115.97
133 61 26.48
133 62 25.18
133 63 74.25
133 64 23.54
133 65 99.72
133 66 68.03
133 67 56.57
133 68 19.03
133 69 73.82
133 70 62.13
133 71 71.06
133 72 115.68
133 73 58.25
133 74 10.3
133 75 44.72
133 76 21.38
133 77 31.95
133 78 53.04
133 79 32.25
133 80 28.65
133 81 65.49
133 82 118.46
133 83 97.64
133 84 121.61
133 85 28.18
133 86 102.53
133 87 28.64
133 88 100.22
133 89 15.52
133 90 60.11
133 91 65.01
133 92 39.81
133 93 71.06
133 94 100.46
133 95 97.59
133 96 10.3
133 97 13.04
133 98 96.77
133 99 67.19
133 100 24.52
133 101 67.05
133 102 23.19
133 103 73.54
133 104 93.86
133 105 14.32
133 106 103.97
133 107 49.5
133 108 96.4
133 109 26.4
133 110 33.96
133 111 74.71
133 112 28.84
133 113 52.01
133 114 68.0
133 115 102.88
133 116 60.3
133 117 93.94
133 118 93.74
133 119 74.33
133 120 14.32
133 121 99.4
133 122 61.85
133 123 22.47
133 124 79.2
133 125 117.0
133 126 73.25
133 127 103.46
133 128 106.79
133 129 61.98
133 130 9.43
133 131 25.0
133 132 101.2
133 134 26.91
133 135 71.85
133 136 90.62
133 137 64.28
133 138 63.64
133 139 58.94
133 140 77.39
133 141 76.54
133 142 75.66
133 143 100.69
133 144 69.64
133 145 41.88
133 146 22.36
133 147 70.06
133 148 72.62
133 149 8.06
133 150 69.63
133 151 72.56
133 152 10.77
133 153 12.04
133 154 22.2
133 155 53.08
133 156 28.6
133 157 91.92
133 158 94.79
133 159 69.12
133 160 70.0
133 161 91.68
133 162 36.12
133 163 45.18
133 164 67.03
133 165 98.23
133 166 74.46
133 167 99.72
133 168 31.38
133 169 15.23
133 170 26.17
133 171 96.93
133 172 32.31
133 173 19.42
133 174 94.85
133 175 56.64
133 176 101.26
133 177 93.02
133 178 19.7
133 179 26.25
133 180 120.67
133 181 94.54
133 182 47.42
133 183 64.07
133 184 69.86
133 185 96.77
133 186 103.62
133 187 79.76
133 188 97.42
133 189 90.82
133 190 94.92
133 191 119.81
133 192 16.97
133 193 104.8
133 194 43.91
133 195 39.45
133 196 14.42
133 197 75.64
133 198 11.18
133 199 66.1
133 200 72.45
133 201 38.95
134 0 65.86
134 1 93.23
134 2 86.28
134 3 111.4
134 4 143.6
134 5 128.76
134 6 83.77
134 7 118.11
134 8 114.93
134 9 93.78
134 10 129.5
134 11 84.69
134 12 82.57
134 13 85.04
134 14 20.62
134 15 20.1
134 16 85.62
134 17 82.88
134 18 111.45
134 19 34.93
134 20 47.76
134 21 19.72
134 22 80.32
134 23 20.4
134 24 48.75
134 25 47.52
134 26 19.72
134 27 46.87
134 28 30.68
134 29 10.0
134 30 38.08
134 31 45.4
134 32 105.48
134 33 126.4
134 34 124.46
134 35 99.96
134 36 127.8
134 37 87.37
134 38 78.85
134 39 79.93
134 40 17.0
134 41 44.15
134 42 4.47
134 43 87.86
134 44 47.43
134 45 50.8
134 46 132.38
134 47 88.29
134 48 25.46
134 49 110.0
134 50 2.83
134 51 109.49
134 52 17.03
134 53 90.82
134 54 115.52
134 55 93.43
134 56 84.48
134 57 118.15
134 58 98.01
134 59 20.88
134 60 142.56
134 61 50.61
134 62 49.66
134 63 88.12
134 64 48.02
134 65 112.15
134 66 88.77
134 67 83.45
134 68 42.54
134 69 84.34
134 70 81.58
134 71 95.63
134 72 142.41
134 73 81.54
134 74 31.78
134 75 22.0
134 76 46.53
134 77 48.84
134 78 79.91
134 79 8.25
134 80 43.42
134 81 85.59
134 82 145.21
134 83 124.28
134 84 148.4
134 85 43.57
134 86 115.12
134 87 8.49
134 88 113.56
134 89 16.28
134 90 86.98
134 91 85.62
134 92 18.25
134 93 92.23
134 94 112.45
134 95 124.48
134 96 26.57
134 97 27.89
134 98 110.82
134 99 91.92
134 100 48.88
134 101 92.2
134 102 45.54
134 103 86.37
134 104 111.11
134 105 17.46
134 106 130.86
134 107 76.38
134 108 123.23
134 109 52.2
134 110 52.39
134 111 87.66
134 112 4.47
134 113 78.64
134 114 81.22
134 115 115.26
134 116 82.22
134 117 112.0
134 118 120.43
134 119 99.4
134 120 35.11
134 121 126.21
134 122 85.49
134 123 6.08
134 124 90.93
134 125 143.84
134 126 97.86
134 127 118.38
134 128 133.69
134 129 84.86
134 130 26.93
134 131 48.47
134 132 119.04
134 133 26.91
134 135 91.27
134 136 102.96
134 137 84.85
134 138 83.49
134 139 82.76
134 140 88.32
134 141 86.68
134 142 88.07
134 143 127.41
134 144 94.54
134 145 17.26
134 146 44.27
134 147 90.96
134 148 85.38
134 149 33.84
134 150 80.08
134 151 84.93
134 152 17.89
134 153 15.0
134 154 46.14
134 155 79.91
134 156 3.16
134 157 106.37
134 158 121.7
134 159 81.02
134 160 90.24
134 161 109.07
134 162 56.61
134 163 22.02
134 164 87.8
134 165 125.0
134 166 99.16
134 167 126.57
134 168 7.28
134 169 14.56
134 170 1.0
134 171 109.18
134 172 48.66
134 173 44.1
134 174 105.91
134 175 83.45
134 176 128.0
134 177 105.76
134 178 45.61
134 179 51.31
134 180 147.41
134 181 113.0
134 182 25.0
134 183 85.33
134 184 88.02
134 185 114.11
134 186 117.89
134 187 91.68
134 188 124.2
134 189 103.7
134 190 121.83
134 191 146.65
134 192 32.56
134 193 131.71
134 194 20.1
134 195 16.0
134 196 28.64
134 197 87.69
134 198 19.31
134 199 85.21
134 200 83.86
134 201 65.86
135 0 55.97
135 1 29.43
135 2 63.13
135 3 34.99
135 4 82.57
135 5 81.06
135 6 90.91
135 7 27.07
135 8 35.61
135 9 28.28
135 10 81.1
135 11 91.68
135 12 98.35
135 13 66.89
135 14 72.01
135 15 71.18
135 16 29.12
135 17 56.08
135 18 26.25
135 19 57.01
135 20 84.08
135 21 84.48
135 22 36.25
135 23 91.09
135 24 79.18
135 25 93.04
135 26 74.06
135 27 72.45
135 28 62.07
135 29 99.01
135 30 56.57
135 31 93.11
135 32 140.73
135 33 69.72
135 34 80.02
135 35 27.17
135 36 70.86
135 37 4.12
135 38 31.76
135 39 58.25
135 40 76.01
135 41 88.64
135 42 93.05
135 43 67.6
135 44 46.69
135 45 69.84
135 46 82.3
135 47 106.22
135 48 73.82
135 49 20.25
135 50 93.13
135 51 148.6
135 52 93.15
135 53 25.71
135 54 30.0
135 55 2.83
135 56 17.46
135 57 59.41
135 58 10.63
135 59 71.01
135 60 77.83
135 61 75.66
135 62 48.08
135 63 21.38
135 64 74.24
135 65 149.21
135 66 104.89
135 67 59.68
135 68 52.95
135 69 130.43
135 70 104.66
135 71 28.07
135 72 80.65
135 73 90.03
135 74 62.29
135 75 95.51
135 76 52.2
135 77 91.68
135 78 59.64
135 79 99.13
135 80 92.31
135 81 6.71
135 82 83.17
135 83 64.94
135 84 87.28
135 85 91.39
135 86 151.32
135 87 97.01
135 88 36.89
135 89 75.11
135 90 61.29
135 91 103.32
135 92 91.48
135 93 8.0
135 94 150.66
135 95 79.01
135 96 66.03
135 97 64.0
135 98 32.45
135 99 28.64
135 100 74.71
135 101 31.78
135 102 48.66
135 103 126.66
135 104 23.32
135 105 74.06
135 106 83.1
135 107 58.41
135 108 69.26
135 109 69.46
135 110 90.43
135 111 24.52
135 112 95.13
135 113 65.0
135 114 23.71
135 115 152.03
135 116 96.26
135 117 22.47
135 118 63.39
135 119 33.0
135 120 58.22
135 121 70.58
135 122 90.43
135 123 90.01
135 124 133.06
135 125 84.9
135 126 29.0
135 127 36.07
135 128 85.21
135 129 93.72
135 130 66.07
135 131 47.3
135 132 29.73
135 133 71.85
135 134 91.27
135 136 141.6
135 137 8.6
135 138 8.25
135 139 88.09
135 140 31.58
135 141 133.22
135 142 26.48
135 143 69.05
135 144 30.27
135 145 97.02
135 146 49.5
135 147 105.76
135 148 126.04
135 149 64.13
135 150 32.2
135 151 26.25
135 152 75.01
135 153 79.03
135 154 75.58
135 155 61.03
135 156 94.19
135 157 27.78
135 158 76.03
135 159 27.73
135 160 107.71
135 161 21.1
135 162 87.66
135 163 96.46
135 164 104.14
135 165 68.59
135 166 30.02
135 167 83.02
135 168 98.13
135 169 77.06
135 170 90.27
135 171 147.14
135 172 92.57
135 173 73.41
135 174 147.41
135 175 62.43
135 176 70.04
135 177 33.24
135 178 69.35
135 179 72.56
135 180 84.76
135 181 22.8
135 182 96.46
135 183 10.63
135 184 5.83
135 185 25.94
135 186 37.54
135 187 29.07
135 188 68.47
135 189 140.8
135 190 74.0
135 191 87.36
135 192 59.01
135 193 81.3
135 194 96.84
135 195 93.86
135 196 63.01
135 197 129.63
135 198 73.0
135 199 6.08
135 200 128.0
135 201 55.97
136 0 85.63
136 1 119.82
136 2 84.12
136 3 175.37
136 4 129.99
136 5 108.9
136 6 53.24
136 7 163.81
136 8 176.8
136 9 121.2
136 10 109.9
136 11 52.77
136 12 44.42
136 13 79.65
136 14 99.62
136 15 105.62
136 16 156.65
136 17 89.36
136 18 167.84
136 19 105.55
136 20 64.41
136 21 121.4
136 22 156.47
136 23 123.32
136 24 67.74
136 25 58.87
136 26 97.08
136 27 74.63
136 28 101.55
136 29 96.19
136 30 99.85
136 31 60.41
136 32 5.0
136 33 117.9
136 34 104.09
136 35 127.62
136 36 118.66
136 37 137.97
136 38 152.41
136 39 85.98
136 40 98.37
136 41 63.69
136 42 98.73
136 43 80.5
136 44 105.12
136 45 75.21
136 46 112.75
136 47 37.58
136 48 89.89
136 49 160.56
136 50 100.72
136 51 7.21
136 52 119.94
136 53 121.25
136 54 171.49
136 55 141.77
136 56 148.07
136 57 117.64
136 58 152.16
136 59 101.84
136 60 133.82
136 61 69.89
136 62 100.21
136 63 153.81
136 64 72.4
136 65 9.22
136 66 39.4
136 67 86.09
136 68 100.17
136 69 19.03
136 70 37.2
136 71 122.87
136 72 130.25
136 73 53.34
136 74 98.84
136 75 124.79
136 76 97.08
136 77 58.69
136 78 84.6
136 79 100.18
136 80 62.3
136 81 135.15
136 82 131.97
136 83 120.07
136 84 132.54
136 85 62.63
136 86 12.17
136 87 96.33
136 88 177.49
136 89 103.45
136 90 86.35
136 91 39.82
136 92 121.2
136 93 136.36
136 94 9.85
136 95 105.22
136 96 100.85
136 97 103.47
136 98 173.24
136 99 119.54
136 100 71.56
136 101 117.05
136 102 104.01
136 103 17.09
136 104 164.54
136 105 102.79
136 106 109.66
136 107 84.63
136 108 114.0
136 109 75.0
136 110 57.25
136 111 155.44
136 112 100.5
136 113 78.77
136 114 149.31
136 115 12.37
136 116 46.65
136 117 162.74
136 118 116.48
136 119 121.94
136 120 101.53
136 121 116.71
136 122 54.56
136 123 97.16
136 124 12.04
136 125 127.66
136 126 124.02
136 127 177.65
136 128 111.45
136 129 50.54
136 130 99.92
136 131 102.65
136 132 169.45
136 133 90.62
136 134 102.96
136 135 141.6
136 137 133.06
136 138 134.38
136 139 55.95
136 140 160.24
136 141 17.26
136 142 156.97
136 143 120.07
136 144 120.11
136 145 119.51
136 146 104.31
136 147 39.56
136 148 18.03
136 149 93.02
136 150 153.81
136 151 154.3
136 152 98.67
136 153 96.57
136 154 72.2
136 155 83.22
136 156 101.6
136 157 168.29
136 158 104.74
136 159 151.82
136 160 36.77
136 161 162.37
136 162 57.14
136 163 124.68
136 164 39.81
136 165 117.15
136 166 124.34
136 167 103.7
136 168 100.24
136 169 101.92
136 170 103.1
136 171 6.32
136 172 58.31
136 173 75.29
136 174 6.32
136 175 83.35
136 176 119.85
136 177 171.94
136 178 78.23
136 179 72.42
136 180 133.84
136 181 162.27
136 182 127.77
136 183 131.05
136 184 142.84
136 185 166.83
136 186 178.97
136 187 161.2
136 188 116.18
136 189 2.24
136 190 107.08
136 191 129.47
136 192 106.45
136 193 112.87
136 194 122.59
136 195 118.83
136 196 104.79
136 197 15.3
136 198 100.24
136 199 137.9
136 200 19.1
136 201 85.63
137 0 47.42
137 1 24.08
137 2 55.46
137 3 43.01
137 4 80.23
137 5 76.66
137 6 82.62
137 7 34.71
137 8 43.93
137 9 23.19
137 10 76.79
137 11 83.41
137 12 89.94
137 13 59.06
137 14 65.12
137 15 64.78
137 16 33.02
137 17 48.3
137 18 34.83
137 19 50.16
137 20 75.58
137 21 79.48
137 22 38.83
137 23 86.16
137 24 70.66
137 25 84.58
137 26 67.03
137 27 63.98
137 28 55.04
137 29 92.2
137 30 49.09
137 31 84.69
137 32 132.23
137 33 66.22
137 34 75.17
137 35 24.17
137 36 67.45
137 37 5.0
137 38 33.96
137 39 50.25
137 40 69.12
137 41 80.23
137 42 86.37
137 43 59.93
137 44 39.12
137 45 61.29
137 46 78.26
137 47 97.84
137 48 66.27
137 49 28.64
137 50 86.58
137 51 140.07
137 52 87.92
137 53 20.02
137 54 38.6
137 55 9.49
137 56 21.0
137 57 55.79
137 58 19.1
137 59 64.28
137 60 76.03
137 61 67.12
137 62 40.02
137 63 26.17
137 64 65.74
137 65 140.72
137 66 96.54
137 67 51.88
137 68 45.28
137 69 121.83
137 70 96.17
137 71 23.54
137 72 78.39
137 73 81.69
137 74 55.01
137 75 90.62
137 76 44.15
137 77 83.19
137 78 51.62
137 79 92.54
137 80 83.93
137 81 2.24
137 82 81.02
137 83 61.68
137 84 85.09
137 85 83.01
137 86 142.84
137 87 90.2
137 88 45.0
137 89 68.59
137 90 53.71
137 91 94.92
137 92 86.38
137 93 7.62
137 94 142.14
137 95 74.24
137 96 59.08
137 97 57.22
137 98 40.61
137 99 23.02
137 100 66.19
137 101 26.0
137 102 41.11
137 103 118.07
137 104 31.91
137 105 67.48
137 106 78.77
137 107 50.22
137 108 65.31
137 109 60.9
137 110 81.88
137 111 29.07
137 112 88.57
137 113 56.86
137 114 26.31
137 115 143.54
137 116 87.86
137 117 30.87
137 118 59.67
137 119 28.86
137 120 51.0
137 121 66.94
137 122 82.2
137 123 83.22
137 124 124.47
137 125 82.28
137 126 25.0
137 127 44.6
137 128 81.05
137 129 85.43
137 130 59.03
137 131 39.46
137 132 38.08
137 133 64.28
137 134 84.85
137 135 8.6
137 136 133.06
137 138 3.16
137 139 79.81
137 140 36.01
137 141 124.62
137 142 31.06
137 143 65.8
137 144 25.18
137 145 91.71
137 146 42.05
137 147 97.45
137 148 117.44
137 149 56.44
137 150 34.71
137 151 30.02
137 152 68.12
137 153 72.06
137 154 67.12
137 155 53.0
137 156 87.69
137 157 35.81
137 158 71.18
137 159 30.41
137 160 99.36
137 161 29.68
137 162 79.08
137 163 91.55
137 164 95.78
137 165 65.0
137 166 26.25
137 167 78.16
137 168 91.55
137 169 70.46
137 170 83.86
137 171 138.62
137 172 84.1
137 173 65.0
137 174 138.85
137 175 54.59
137 176 66.76
137 177 40.71
137 178 60.93
137 179 64.01
137 180 82.76
137 181 31.02
137 182 91.79
137 183 3.0
137 184 10.77
137 185 34.48
137 186 45.97
137 187 34.37
137 188 64.76
137 189 132.28
137 190 69.35
137 191 84.86
137 192 52.35
137 193 77.28
137 194 91.76
137 195 88.54
137 196 56.32
137 197 121.04
137 198 66.19
137 199 6.08
137 200 119.4
137 201 47.42
138 0 48.8
138 1 27.17
138 2 57.78
138 3 41.23
138 4 83.38
138 5 79.76
138 6 84.4
138 7 35.23
138 8 42.43
138 9 26.31
138 10 79.91
138 11 85.21
138 12 91.55
138 13 61.27
138 14 64.01
138 15 63.39
138 16 30.0
138 17 50.57
138 18 33.84
138 19 49.01
138 20 76.06
138 21 77.49
138 22 35.69
138 23 84.15
138 24 71.2
138 25 84.97
138 26 66.01
138 27 64.41
138 28 54.01
138 29 91.05
138 30 48.37
138 31 85.0
138 32 133.66
138 33 69.38
138 34 78.23
138 35 27.31
138 36 70.6
138 37 4.12
138 38 30.81
138 39 52.35
138 40 68.01
138 41 80.53
138 42 85.15
138 43 62.24
138 44 38.47
138 45 61.91
138 46 81.39
138 47 99.49
138 48 65.62
138 49 28.46
138 50 85.29
138 51 141.43
138 52 86.02
138 53 23.09
138 54 37.74
138 55 10.0
138 56 18.03
138 57 58.94
138 58 18.03
138 59 63.07
138 60 79.16
138 61 67.74
138 62 39.85
138 63 23.35
138 64 66.24
138 65 142.14
138 66 98.23
138 67 54.13
138 68 44.72
138 69 122.8
138 70 97.62
138 71 26.68
138 72 81.54
138 73 83.41
138 74 54.15
138 75 88.6
138 76 43.97
138 77 83.65
138 78 53.71
138 79 91.27
138 80 84.17
138 81 2.24
138 82 84.17
138 83 64.85
138 84 88.24
138 85 83.26
138 86 144.31
138 87 89.05
138 88 43.28
138 89 67.27
138 90 56.08
138 91 96.54
138 92 84.43
138 93 10.0
138 94 143.54
138 95 77.32
138 96 58.0
138 97 56.04
138 98 38.95
138 99 26.08
138 100 66.73
138 101 29.02
138 102 40.45
138 103 119.21
138 104 31.3
138 105 66.19
138 106 81.88
138 107 52.15
138 108 68.45
138 109 61.59
138 110 82.49
138 111 26.17
138 112 87.28
138 113 58.83
138 114 23.19
138 115 145.0
138 116 89.5
138 117 30.68
138 118 62.82
138 119 32.02
138 120 50.09
138 121 70.09
138 122 84.05
138 123 82.05
138 124 125.61
138 125 85.44
138 126 28.16
138 127 43.42
138 128 84.17
138 129 87.2
138 130 58.01
138 131 39.05
138 132 37.95
138 133 63.64
138 134 83.49
138 135 8.25
138 136 134.38
138 137 3.16
138 139 81.61
138 140 33.06
138 141 125.6
138 142 28.16
138 143 68.96
138 144 28.28
138 145 89.84
138 146 41.3
138 147 99.2
138 148 118.56
138 149 55.9
138 150 31.58
138 151 27.0
138 152 67.01
138 153 71.0
138 154 67.54
138 155 55.07
138 156 86.37
138 157 34.06
138 158 74.24
138 159 27.29
138 160 101.04
138 161 29.07
138 162 79.88
138 163 89.54
138 164 97.45
138 165 68.15
138 166 29.41
138 167 81.22
138 168 90.27
138 169 69.18
138 170 82.49
138 171 140.01
138 172 84.53
138 173 65.31
138 174 140.12
138 175 56.8
138 176 69.92
138 177 38.59
138 178 61.27
138 179 64.66
138 180 85.91
138 181 31.05
138 182 89.69
138 183 6.08
138 184 8.6
138 185 34.01
138 186 44.6
138 187 31.58
138 188 67.91
138 189 133.65
138 190 72.44
138 191 88.02
138 192 51.09
138 193 80.41
138 194 89.81
138 195 86.68
138 196 55.08
138 197 122.15
138 198 65.03
138 199 3.61
138 200 120.42
138 201 48.8
139 0 34.01
139 1 64.2
139 2 28.18
139 3 122.8
139 4 80.75
139 5 60.42
139 6 2.83
139 7 108.58
139 8 123.69
139 9 65.6
139 10 61.39
139 11 3.61
139 12 11.7
139 13 23.71
139 14 68.88
139 15 74.53
139 16 107.33
139 17 33.6
139 18 114.02
139 19 67.01
139 20 35.51
139 21 95.34
139 22 109.0
139 23 99.93
139 24 34.01
139 25 39.6
139 26 67.45
139 27 37.11
139 28 65.28
139 29 81.3
139 30 60.0
139 31 41.73
139 32 54.08
139 33 66.01
139 34 55.32
139 35 71.85
139 36 67.03
139 37 84.81
139 38 104.39
139 39 30.48
139 40 69.92
139 41 40.61
139 42 80.06
139 43 24.7
139 44 60.83
139 45 34.37
139 46 64.54
139 47 18.6
139 48 59.48
139 49 106.07
139 50 81.84
139 51 62.43
139 52 98.08
139 53 65.95
139 54 117.46
139 55 87.86
139 56 97.25
139 57 63.64
139 58 98.72
139 59 70.61
139 60 83.15
139 61 32.57
139 62 54.92
139 63 103.08
139 64 35.44
139 65 62.43
139 66 17.03
139 67 30.23
139 68 58.14
139 69 50.64
139 70 19.65
139 71 67.2
139 72 80.5
139 73 3.0
139 74 62.29
139 75 103.12
139 76 53.34
139 77 37.48
139 78 29.07
139 79 84.72
139 80 43.19
139 81 82.01
139 82 82.73
139 83 67.12
139 84 84.34
139 85 42.52
139 86 64.2
139 87 80.26
139 88 124.81
139 89 74.46
139 90 30.41
139 91 16.12
139 92 98.35
139 93 82.07
139 94 64.07
139 95 56.09
139 96 66.75
139 97 68.47
139 98 120.42
139 99 64.03
139 100 34.48
139 101 61.4
139 102 60.53
139 103 44.38
139 104 110.34
139 105 73.25
139 106 61.85
139 107 29.73
139 108 62.01
139 109 33.24
139 110 33.24
139 111 105.19
139 112 82.76
139 113 23.35
139 114 99.73
139 115 65.0
139 116 9.49
139 117 108.19
139 118 63.2
139 119 66.04
139 120 63.03
139 121 65.03
139 122 3.0
139 123 76.92
139 124 50.29
139 125 79.25
139 126 68.24
139 127 123.99
139 128 64.29
139 129 5.66
139 130 65.76
139 131 57.87
139 132 114.63
139 133 58.94
139 134 82.76
139 135 88.09
139 136 55.95
139 137 79.81
139 138 81.61
139 140 110.91
139 141 52.95
139 142 106.94
139 143 68.0
139 144 64.4
139 145 99.54
139 146 61.4
139 147 17.69
139 148 44.15
139 149 56.44
139 150 105.7
139 151 104.66
139 152 69.64
139 153 69.89
139 154 37.0
139 155 27.66
139 156 83.19
139 157 115.6
139 158 54.59
139 159 102.88
139 160 19.85
139 161 108.25
139 162 27.66
139 163 103.46
139 164 16.4
139 165 65.0
139 166 68.51
139 167 56.04
139 168 84.22
139 169 74.04
139 170 82.35
139 171 60.75
139 172 38.18
139 173 39.56
139 174 62.18
139 175 27.46
139 176 68.01
139 177 120.1
139 178 39.62
139 179 32.76
139 180 84.85
139 181 107.52
139 182 105.95
139 183 77.47
139 184 90.21
139 185 112.43
139 186 125.61
139 187 111.02
139 188 64.0
139 189 54.71
139 190 56.32
139 191 81.58
139 192 69.07
139 193 64.33
139 194 101.95
139 195 97.5
139 196 69.35
139 197 47.54
139 198 70.09
139 199 85.21
139 200 47.68
139 201 34.01
140 0 76.94
140 1 60.01
140 2 89.56
140 3 24.02
140 4 114.02
140 5 112.36
140 6 113.6
140 7 43.93
140 8 28.16
140 9 59.03
140 10 112.45
140 11 114.49
140 12 119.71
140 13 92.66
140 14 73.35
140 15 70.01
140 16 3.61
140 17 82.28
140 18 29.53
140 19 60.21
140 20 97.58
140 21 75.33
140 22 9.22
140 23 81.1
140 24 93.38
140 25 105.48
140 26 76.03
140 27 86.31
140 28 65.51
140 29 97.72
140 30 63.41
140 31 104.89
140 32 160.21
140 33 101.27
140 34 111.07
140 35 58.69
140 36 102.42
140 37 32.06
140 38 9.49
140 39 83.49
140 40 76.97
140 41 100.57
140 42 91.39
140 43 93.96
140 44 55.87
140 45 85.15
140 46 113.75
140 47 127.77
140 48 79.08
140 49 34.66
140 50 90.8
140 51 167.43
140 52 84.29
140 53 56.0
140 54 32.7
140 55 33.96
140 56 15.03
140 57 90.93
140 58 26.42
140 59 71.59
140 60 109.11
140 61 90.69
140 62 60.21
140 63 10.2
140 64 88.46
140 65 168.6
140 66 126.76
140 67 85.73
140 68 61.62
140 69 146.45
140 70 124.81
140 71 59.14
140 72 112.09
140 73 112.29
140 74 67.12
140 75 85.02
140 76 63.66
140 77 104.69
140 78 84.76
140 79 96.57
140 80 103.59
140 81 34.0
140 82 114.56
140 83 96.51
140 84 118.68
140 85 102.83
140 86 171.01
140 87 95.82
140 88 26.0
140 89 74.09
140 90 88.06
140 91 124.68
140 92 82.22
140 93 39.46
140 94 169.81
140 95 110.11
140 96 68.48
140 97 65.76
140 98 24.33
140 99 59.0
140 100 89.2
140 101 62.01
140 102 57.31
140 103 144.05
140 104 32.2
140 105 73.54
140 106 114.44
140 107 82.64
140 108 100.72
140 109 85.28
140 110 104.66
140 111 7.07
140 112 92.72
140 113 89.32
140 114 11.18
140 115 171.6
140 116 117.83
140 117 35.47
140 118 94.89
140 119 64.28
140 120 63.25
140 121 102.11
140 122 113.6
140 123 89.2
140 124 150.33
140 125 116.42
140 126 60.3
140 127 32.56
140 128 116.62
140 129 116.3
140 130 68.96
140 131 58.0
140 132 39.96
140 133 77.39
140 134 88.32
140 135 31.58
140 136 160.24
140 137 36.01
140 138 33.06
140 139 110.91
140 141 149.28
140 142 5.1
140 143 100.62
140 144 61.03
140 145 88.28
140 146 57.38
140 147 128.02
140 148 143.28
140 149 71.4
140 150 8.25
140 151 6.32
140 152 76.06
140 153 80.11
140 154 89.11
140 155 86.03
140 156 91.48
140 157 21.19
140 158 107.07
140 159 8.49
140 160 129.5
140 161 31.24
140 162 103.48
140 163 86.02
140 164 125.9
140 165 100.13
140 166 61.4
140 167 114.07
140 168 95.6
140 169 76.32
140 170 87.36
140 171 166.21
140 172 105.42
140 173 86.27
140 174 165.56
140 175 88.23
140 176 101.61
140 177 18.0
140 178 82.76
140 179 87.97
140 180 116.09
140 181 37.54
140 182 85.01
140 183 39.01
140 184 26.17
140 185 34.67
140 186 31.14
140 187 4.47
140 188 99.98
140 189 159.81
140 190 105.17
140 191 118.85
140 192 60.9
140 193 112.75
140 194 87.09
140 195 85.38
140 196 64.41
140 197 146.75
140 198 73.82
140 199 30.0
140 200 144.42
140 201 76.94
141 0 77.7
141 1 114.06
141 2 80.36
141 3 165.95
141 4 132.0
141 5 111.04
141 6 50.64
141 7 156.92
141 8 167.74
141 9 115.39
141 10 112.04
141 11 50.49
141 12 41.44
141 13 75.96
141 14 85.0
141 15 90.87
141 16 145.73
141 17 84.5
141 18 159.4
141 19 92.36
141 20 51.86
141 21 105.51
141 22 144.81
141 23 107.08
141 24 55.9
141 25 44.94
141 26 82.35
141 27 62.97
141 28 87.98
141 29 79.51
141 30 87.2
141 31 46.14
141 32 21.19
141 33 118.34
141 34 106.02
141 35 122.16
141 36 119.27
141 37 129.4
141 38 141.01
141 39 80.78
141 40 83.38
141 41 49.93
141 42 82.38
141 43 77.37
141 44 93.51
141 45 64.38
141 46 115.07
141 47 37.01
141 48 75.59
141 49 152.82
141 50 84.34
141 51 23.02
141 52 103.58
141 53 114.95
141 54 163.22
141 55 133.7
141 56 137.97
141 57 116.56
141 58 143.6
141 59 87.24
141 60 135.09
141 61 58.69
141 62 89.11
141 63 143.59
141 64 60.83
141 65 26.02
141 66 39.01
141 67 81.6
141 68 88.09
141 69 2.83
141 70 33.38
141 71 117.2
141 72 132.0
141 73 50.01
141 74 85.44
141 75 108.34
141 76 85.63
141 77 45.22
141 78 79.48
141 79 83.49
141 80 47.89
141 81 126.61
141 82 134.0
141 83 119.82
141 84 135.09
141 85 48.37
141 86 29.02
141 87 79.76
141 88 168.12
141 89 88.39
141 90 82.57
141 91 38.05
141 92 104.92
141 93 128.7
141 94 26.02
141 95 107.0
141 96 86.83
141 97 89.55
141 98 164.02
141 99 113.6
141 100 60.11
141 101 111.4
141 102 92.2
141 103 9.06
141 104 156.47
141 105 87.85
141 106 112.11
141 107 78.79
141 108 114.35
141 109 64.44
141 110 44.69
141 111 144.96
141 112 84.01
141 113 73.74
141 114 138.6
141 115 29.0
141 116 43.57
141 117 155.04
141 118 115.97
141 119 117.0
141 120 88.48
141 121 117.27
141 122 52.47
141 123 81.02
141 124 6.4
141 125 130.06
141 126 118.6
141 127 169.01
141 128 114.21
141 129 48.37
141 130 85.96
141 131 91.29
141 132 161.99
141 133 76.54
141 134 86.68
141 135 133.22
141 136 17.26
141 137 124.62
141 138 125.6
141 139 52.95
141 140 149.28
141 142 146.37
141 143 120.42
141 144 114.54
141 145 102.96
141 146 92.31
141 147 40.11
141 148 9.0
141 149 79.88
141 150 142.43
141 151 143.56
141 152 83.77
141 153 81.34
141 154 60.21
141 155 78.19
141 156 85.16
141 157 159.02
141 158 106.02
141 159 140.8
141 160 37.12
141 161 154.26
141 162 46.01
141 163 108.19
141 164 39.0
141 165 117.43
141 166 119.1
141 167 106.12
141 168 83.6
141 169 86.73
141 170 86.88
141 171 23.02
141 172 44.65
141 173 63.13
141 174 19.24
141 175 79.06
141 176 120.34
141 177 162.11
141 178 66.53
141 179 61.55
141 180 136.01
141 181 154.78
141 182 111.31
141 183 122.89
141 184 133.84
141 185 158.94
141 186 170.07
141 187 150.62
141 188 116.43
141 189 18.68
141 190 108.07
141 191 132.14
141 192 92.96
141 193 115.04
141 194 106.07
141 195 102.42
141 196 90.92
141 197 6.32
141 198 85.49
141 199 129.02
141 200 5.39
141 201 77.7
142 0 73.06
142 1 55.0
142 2 85.07
142 3 23.35
142 4 108.93
142 5 107.3
142 6 109.66
142 7 40.0
142 8 27.07
142 9 54.01
142 10 107.38
142 11 110.54
142 12 115.97
142 13 88.26
142 14 72.24
142 15 69.26
142 16 3.61
142 17 77.79
142 18 26.57
142 19 58.59
142 20 94.85
142 21 76.03
142 22 12.21
142 23 82.01
142 24 90.52
142 25 102.94
142 26 74.85
142 27 83.45
142 28 63.95
142 29 97.27
142 30 61.29
142 31 102.45
142 32 156.82
142 33 96.18
142 34 106.04
142 35 53.6
142 36 97.32
142 37 27.02
142 38 10.2
142 39 79.12
142 40 75.96
142 41 98.08
142 42 90.96
142 43 89.49
142 44 53.26
142 45 82.07
142 46 108.66
142 47 124.02
142 48 77.41
142 49 30.61
142 50 90.47
142 51 164.15
142 52 85.02
142 53 51.01
142 54 30.08
142 55 28.86
142 56 10.2
142 57 85.84
142 58 21.63
142 59 70.58
142 60 104.04
142 61 87.69
142 62 57.28
142 63 5.1
142 64 85.56
142 65 165.24
142 66 122.97
142 67 81.27
142 68 59.2
142 69 143.54
142 70 121.25
142 71 54.08
142 72 107.0
142 73 108.41
142 74 65.37
142 75 86.05
142 76 60.88
142 77 102.07
142 78 80.41
142 79 96.32
142 80 101.21
142 81 29.02
142 82 109.48
142 83 91.41
142 84 113.6
142 85 100.42
142 86 167.61
142 87 95.34
142 88 25.5
142 89 73.38
142 90 83.52
142 91 120.95
142 92 83.01
142 93 34.37
142 94 166.48
142 95 105.08
142 96 67.12
142 97 64.47
142 98 23.02
142 99 54.01
142 100 86.27
142 101 57.04
142 102 54.82
142 103 140.93
142 104 28.65
142 105 72.73
142 106 109.37
142 107 78.39
142 108 95.63
142 109 82.13
142 110 101.86
142 111 2.0
142 112 92.42
142 113 85.09
142 114 7.81
142 115 168.22
142 116 114.06
142 117 31.62
142 118 89.81
142 119 59.21
142 120 61.4
142 121 97.02
142 122 109.59
142 123 88.6
142 124 147.25
142 125 111.32
142 126 55.23
142 127 31.02
142 128 111.54
142 129 112.38
142 130 67.54
142 131 55.23
142 132 36.67
142 133 75.66
142 134 88.07
142 135 26.48
142 136 156.97
142 137 31.06
142 138 28.16
142 139 106.94
142 140 5.1
142 141 146.37
142 143 95.52
142 144 56.01
142 145 89.02
142 146 55.0
142 147 124.17
142 148 140.19
142 149 69.34
142 150 9.49
142 151 3.16
142 152 75.03
142 153 79.12
142 154 86.31
142 155 81.71
142 156 91.22
142 157 19.1
142 158 102.04
142 159 7.07
142 160 125.72
142 161 27.46
142 162 100.45
142 163 87.05
142 164 122.11
142 165 95.04
142 166 56.32
142 167 109.04
142 168 95.34
142 169 75.58
142 170 87.1
142 171 162.89
142 172 102.83
142 173 83.55
142 174 162.37
142 175 83.82
142 176 96.51
142 177 17.72
142 178 79.93
142 179 84.9
142 180 111.02
142 181 33.6
142 182 86.21
142 183 34.06
142 184 21.1
142 185 31.3
142 186 30.07
142 187 4.24
142 188 94.89
142 189 156.49
142 190 100.12
142 191 113.76
142 192 59.51
142 193 107.67
142 194 88.01
142 195 86.05
142 196 63.16
142 197 143.68
142 198 72.8
142 199 25.02
142 200 141.45
142 201 73.06
143 0 62.27
143 1 42.54
143 2 44.92
143 3 98.18
143 4 16.28
143 5 15.81
143 6 70.03
143 7 71.59
143 8 96.52
143 9 43.08
143 10 15.26
143 11 70.06
143 12 79.1
143 13 48.27
143 14 107.45
143 15 110.54
143 16 98.06
143 17 45.62
143 18 85.38
143 19 96.18
143 20 92.03
143 21 130.82
143 22 104.55
143 23 137.21
143 24 87.66
143 25 100.0
143 26 107.8
143 27 85.0
143 28 98.49
143 29 130.7
143 30 90.69
143 31 101.53
143 32 116.91
143 33 2.24
143 34 18.44
143 35 41.98
143 36 2.24
143 37 68.88
143 38 99.72
143 39 49.24
143 40 110.6
143 41 98.35
143 42 126.75
143 43 45.89
143 44 83.45
143 45 80.53
143 46 14.87
143 47 83.73
143 48 102.34
143 49 75.33
143 50 127.88
143 51 125.42
143 52 137.36
143 53 46.62
143 54 86.83
143 55 66.75
143 56 86.12
143 57 10.3
143 58 76.16
143 59 107.94
143 60 15.81
143 61 83.93
143 62 79.25
143 63 90.43
143 64 85.09
143 65 124.33
143 66 81.74
143 67 46.24
143 68 86.37
143 69 118.27
143 70 87.14
143 71 42.38
143 72 15.0
143 73 71.0
143 74 96.54
143 75 141.48
143 76 81.57
143 77 97.8
143 78 49.77
143 79 132.85
143 80 102.14
143 81 67.45
143 82 17.8
143 83 4.12
143 84 21.21
143 85 101.19
143 86 125.23
143 87 129.0
143 88 99.32
143 89 112.93
143 90 43.32
143 91 82.39
143 92 136.56
143 93 61.19
143 94 126.24
143 95 17.03
143 96 102.18
143 97 101.98
143 98 95.19
143 99 43.86
143 100 84.69
143 101 41.59
143 102 84.85
143 103 111.54
143 104 80.4
143 105 111.52
143 106 17.0
143 107 52.8
143 108 6.08
143 109 79.2
143 110 94.11
143 111 93.56
143 112 129.53
143 113 53.45
143 114 91.92
143 115 126.18
143 116 77.06
143 117 76.53
143 118 7.07
143 119 37.0
143 120 94.18
143 121 3.61
143 122 68.07
143 123 123.15
143 124 116.97
143 125 17.2
143 126 40.8
143 127 94.05
143 128 18.03
143 129 72.11
143 130 101.53
143 131 81.32
143 132 79.62
143 133 100.69
143 134 127.41
143 135 69.05
143 136 120.07
143 137 65.8
143 138 68.96
143 139 68.0
143 140 100.62
143 141 120.42
143 142 95.52
143 144 41.23
143 145 140.36
143 146 86.27
143 147 81.05
143 148 111.45
143 149 93.6
143 150 100.42
143 151 95.13
143 152 109.81
143 153 112.41
143 154 87.32
143 155 50.33
143 156 129.27
143 157 92.02
143 158 16.12
143 159 96.05
143 160 84.01
143 161 79.23
143 162 88.53
143 163 142.21
143 164 81.61
143 165 3.0
143 166 39.56
143 167 20.52
143 168 132.02
143 169 113.85
143 170 126.61
143 171 123.49
143 172 98.76
143 173 87.66
143 174 126.37
143 175 47.43
143 176 1.0
143 177 99.0
143 178 84.53
143 179 81.54
143 180 20.0
143 181 74.67
143 182 143.56
143 183 62.94
143 184 74.53
143 185 80.75
143 186 96.88
143 187 98.01
143 188 4.0
143 189 118.36
143 190 13.42
143 191 20.0
143 192 99.01
143 193 13.93
143 194 141.6
143 195 137.44
143 196 101.91
143 197 114.63
143 198 108.85
143 199 71.31
143 200 115.28
143 201 62.27
144 0 38.64
144 1 1.41
144 2 36.8
144 3 63.91
144 4 56.44
144 5 51.48
144 6 67.2
144 7 44.55
144 8 63.56
144 9 2.0
144 10 51.62
144 11 67.8
144 12 75.72
144 13 41.11
144 14 73.93
144 15 75.59
144 16 58.14
144 17 30.81
144 18 52.77
144 19 60.42
144 20 71.45
144 21 94.05
144 22 63.95
144 23 100.69
144 24 66.37
144 25 80.62
144 26 75.03
144 27 61.03
144 28 63.98
144 29 99.93
144 30 56.46
144 31 81.39
144 32 118.46
144 33 41.44
144 34 50.04
144 35 7.62
144 36 42.72
144 37 29.0
144 38 59.03
144 39 34.13
144 40 77.62
144 41 77.23
144 42 94.92
144 43 41.01
144 44 47.41
144 45 57.14
144 46 53.15
144 47 83.01
144 48 71.57
144 49 43.57
144 50 95.63
144 51 126.75
144 52 101.55
144 53 5.39
144 54 55.57
144 55 28.64
144 56 46.1
144 57 31.02
144 58 39.56
144 59 73.82
144 60 53.01
144 61 62.39
144 62 44.94
144 63 51.0
144 64 62.13
144 65 126.83
144 66 81.4
144 67 34.21
144 68 52.0
144 69 111.89
144 70 83.01
144 71 2.83
144 72 54.71
144 73 66.85
144 74 62.77
144 75 105.12
144 76 48.38
144 77 78.77
144 78 35.51
144 79 101.24
144 80 81.22
144 81 27.07
144 82 57.45
144 83 37.16
144 84 61.4
144 85 80.22
144 86 128.6
144 87 98.03
144 88 65.55
144 89 78.72
144 90 34.66
144 91 80.45
144 92 100.4
144 93 22.36
144 94 128.46
144 95 49.09
144 96 68.03
144 97 67.08
144 98 61.1
144 99 2.83
144 100 62.2
144 101 3.16
144 102 49.19
144 103 106.89
144 104 48.37
144 105 77.39
144 106 53.6
144 107 35.78
144 108 40.26
144 109 56.22
144 110 76.3
144 111 54.01
144 112 97.5
144 113 41.34
144 114 51.48
144 115 129.4
144 116 73.5
144 117 45.49
144 118 34.79
144 119 5.0
144 120 59.51
144 121 42.06
144 122 66.22
144 123 91.42
144 124 113.18
144 125 58.14
144 126 4.12
144 127 62.65
144 128 55.9
144 129 70.0
144 130 67.62
144 131 46.1
144 132 51.22
144 133 69.64
144 134 94.54
144 135 30.27
144 136 120.11
144 137 25.18
144 138 28.28
144 139 64.4
144 140 61.03
144 141 114.54
144 142 56.01
144 143 41.23
144 145 104.96
144 146 50.54
144 147 81.84
144 148 106.44
144 149 61.68
144 150 59.84
144 151 55.15
144 152 76.69
144 153 80.06
144 154 64.07
144 155 36.89
144 156 96.93
144 157 56.92
144 158 46.04
144 159 55.58
144 160 84.2
144 161 46.53
144 162 72.03
144 163 105.95
144 164 80.8
144 165 40.16
144 166 5.0
144 167 53.04
144 168 100.3
144 169 80.11
144 170 93.62
144 171 125.1
144 172 79.76
144 173 63.0
144 174 126.25
144 175 37.01
144 176 42.15
144 177 63.06
144 178 59.01
144 179 59.3
144 180 59.36
144 181 44.41
144 182 106.83
144 183 22.2
144 184 35.01
144 185 49.93
144 186 64.85
144 187 59.03
144 188 39.85
144 189 118.98
144 190 44.18
144 191 60.83
144 192 63.13
144 193 52.17
144 194 105.69
144 195 101.87
144 196 66.65
144 197 110.02
144 198 75.24
144 199 31.06
144 200 109.17
144 201 38.64
145 0 80.16
145 1 103.59
145 2 101.04
145 3 112.16
145 4 156.63
145 5 142.95
145 6 100.66
145 7 122.98
145 8 116.07
145 9 103.94
145 10 143.63
145 11 101.59
145 12 99.72
145 13 100.21
145 14 33.3
145 15 29.83
145 16 86.09
145 17 97.0
145 18 114.21
145 19 44.65
145 20 64.85
145 21 13.0
145 22 79.51
145 23 7.62
145 24 65.55
145 25 64.78
145 26 33.6
145 27 63.06
145 28 41.87
145 29 23.54
145 30 49.68
145 31 62.65
145 32 122.2
145 33 139.52
145 34 138.85
145 35 109.59
145 36 140.93
145 37 93.41
145 38 79.1
145 39 94.37
145 40 30.81
145 41 61.39
145 42 21.02
145 43 103.0
145 44 57.69
145 45 66.73
145 46 146.41
145 47 105.54
145 48 40.82
145 49 114.27
145 50 19.03
145 51 125.9
145 52 4.0
145 53 100.72
145 54 118.15
145 55 99.46
145 56 87.37
145 57 130.73
145 58 102.26
145 59 32.53
145 60 155.08
145 61 67.12
145 62 61.22
145 63 90.05
145 64 64.4
145 65 128.66
145 66 105.99
145 67 97.95
145 68 54.04
145 69 100.72
145 70 98.84
145 71 105.68
145 72 155.32
145 73 98.43
145 74 43.86
145 75 5.83
145 76 58.8
145 77 66.1
145 78 94.49
145 79 19.65
145 80 60.67
145 81 92.05
145 82 158.14
145 83 137.0
145 84 161.52
145 85 60.83
145 86 131.64
145 87 23.19
145 88 114.21
145 89 27.59
145 90 101.53
145 91 102.84
145 92 6.08
145 93 99.3
145 94 128.88
145 95 138.77
145 96 38.21
145 97 38.42
145 98 112.04
145 99 102.22
145 100 65.31
145 101 102.93
145 102 56.04
145 103 103.12
145 104 114.63
145 105 29.0
145 106 145.1
145 107 90.91
145 108 136.56
145 109 68.1
145 110 69.63
145 111 89.0
145 112 19.03
145 113 93.81
145 114 83.05
145 115 131.75
145 116 99.33
145 117 116.11
145 118 133.3
145 119 109.93
145 120 46.23
145 121 139.45
145 122 102.32
145 123 23.35
145 124 107.47
145 125 157.14
145 126 107.91
145 127 120.0
145 128 147.92
145 129 101.84
145 130 38.9
145 131 59.41
145 132 122.8
145 133 41.88
145 134 17.26
145 135 97.02
145 136 119.51
145 137 91.71
145 138 89.84
145 139 99.54
145 140 88.28
145 141 102.96
145 142 89.02
145 143 140.36
145 144 104.96
145 146 54.64
145 147 108.17
145 148 102.12
145 149 47.51
145 150 80.16
145 151 86.01
145 152 31.4
145 153 30.02
145 154 62.65
145 155 94.64
145 156 18.0
145 157 108.0
145 158 135.88
145 159 82.01
145 160 107.49
145 161 112.75
145 162 73.76
145 163 5.39
145 164 105.02
145 165 138.11
145 166 109.27
145 167 141.11
145 168 19.42
145 169 27.02
145 170 17.46
145 171 125.67
145 172 65.92
145 173 60.37
145 174 122.19
145 175 98.23
145 176 141.01
145 177 106.23
145 178 61.4
145 179 67.54
145 180 160.31
145 181 117.39
145 182 8.54
145 183 92.7
145 184 92.96
145 185 117.61
145 186 119.07
145 187 92.14
145 188 137.36
145 189 120.34
145 190 135.79
145 191 159.96
145 192 41.88
145 193 145.69
145 194 3.16
145 195 3.16
145 196 38.6
145 197 104.31
145 198 31.89
145 199 90.96
145 200 100.4
145 201 80.16
146 0 30.81
146 1 49.19
146 2 51.26
146 3 76.54
146 4 102.53
146 5 90.44
146 6 63.64
146 7 76.53
146 8 79.16
146 9 49.66
146 10 91.02
146 11 64.63
146 12 67.45
146 13 51.92
146 14 23.77
146 15 25.06
146 16 53.91
146 17 45.62
146 18 73.05
146 19 10.0
146 20 40.46
146 21 44.55
146 22 52.5
146 23 50.99
146 24 36.62
146 25 48.1
146 26 25.32
146 27 29.68
146 28 13.6
146 29 50.64
146 30 7.07
146 31 47.51
146 32 104.81
146 33 85.59
146 34 86.82
146 35 55.71
146 36 87.0
146 37 45.4
146 38 48.8
146 39 44.01
146 40 27.66
146 41 43.19
146 42 45.12
146 43 54.41
146 44 3.16
146 45 29.55
146 46 93.6
146 47 75.29
146 48 24.33
146 49 69.43
146 50 45.61
146 51 111.52
146 52 51.4
146 53 46.62
146 54 77.16
146 55 51.24
146 56 47.89
146 57 76.42
146 58 57.97
146 59 23.41
146 60 100.66
146 61 34.48
146 62 7.62
146 63 53.0
146 64 31.91
146 65 113.02
146 66 74.73
146 67 47.54
146 68 4.24
146 69 89.5
146 70 70.94
146 71 51.48
146 72 101.14
146 73 61.81
146 74 13.04
146 75 55.32
146 76 8.06
146 77 47.38
146 78 44.6
146 79 51.42
146 80 46.23
146 81 43.19
146 82 103.97
146 83 82.76
146 84 107.48
146 85 45.45
146 86 115.6
146 87 48.66
146 88 78.77
146 89 28.23
146 90 51.08
146 91 72.12
146 92 50.45
146 93 49.01
146 94 114.06
146 95 86.53
146 96 17.72
146 97 16.55
146 98 75.13
146 99 47.85
146 100 32.76
146 101 48.37
146 102 1.41
146 103 87.66
146 104 71.57
146 105 26.93
146 106 92.66
146 107 41.11
146 108 82.88
146 109 30.08
146 110 47.63
146 111 53.82
146 112 47.54
146 113 46.1
146 114 47.2
146 115 116.11
146 116 65.97
146 117 71.59
146 118 79.2
146 119 55.47
146 120 9.22
146 121 85.63
146 122 64.38
146 123 41.77
146 124 93.81
146 125 103.28
146 126 53.71
146 127 81.54
146 128 95.44
146 129 65.92
146 130 17.46
146 131 5.0
146 132 78.85
146 133 22.36
146 134 44.27
146 135 49.5
146 136 104.31
146 137 42.05
146 138 41.3
146 139 61.4
146 140 57.38
146 141 92.31
146 142 55.0
146 143 86.27
146 144 50.54
146 145 54.64
146 147 76.4
146 148 86.84
146 149 14.87
146 150 50.21
146 151 52.01
146 152 26.68
146 153 30.41
146 154 32.2
146 155 45.22
146 156 46.84
146 157 70.21
146 158 83.49
146 159 48.92
146 160 77.2
146 161 69.38
146 162 47.17
146 163 56.08
146 164 73.76
146 165 84.17
146 166 55.04
146 167 89.36
146 168 50.45
146 169 29.73
146 170 43.32
146 171 110.45
146 172 48.08
146 173 29.21
146 174 109.29
146 175 48.7
146 176 86.98
146 177 71.87
146 178 26.08
146 179 32.2
146 180 106.1
146 181 72.18
146 182 57.31
146 183 42.01
146 184 47.54
146 185 74.46
146 186 81.86
146 187 59.2
146 188 83.49
146 189 104.1
146 190 83.01
146 191 106.1
146 192 12.81
146 193 92.8
146 194 55.61
146 195 51.61
146 196 16.12
146 197 90.21
146 198 25.0
146 199 43.74
146 200 87.62
146 201 30.81
147 0 51.11
147 1 81.69
147 2 45.22
147 3 140.42
147 4 92.02
147 5 71.0
147 6 14.87
147 7 126.15
147 8 141.35
147 9 83.1
147 10 72.0
147 11 14.14
147 12 9.06
147 13 40.8
147 14 80.1
147 15 86.05
147 16 124.42
147 17 51.09
147 18 131.71
147 19 80.75
147 20 43.57
147 21 105.8
147 22 125.72
147 23 109.66
147 24 44.05
147 25 44.01
147 26 78.23
147 27 49.09
147 28 78.23
147 29 87.66
147 30 73.98
147 31 46.24
147 32 37.12
147 33 78.92
147 34 66.01
147 35 89.2
147 36 79.76
147 37 102.45
147 38 121.2
147 39 48.1
147 40 80.4
147 41 46.84
147 42 87.64
147 43 41.34
147 44 76.24
147 45 47.52
147 46 75.01
147 47 3.61
147 48 70.18
147 49 123.75
147 50 89.56
147 51 45.62
147 52 107.28
147 53 83.55
147 54 135.15
147 55 105.55
147 56 114.59
147 57 78.16
147 58 116.39
147 59 82.05
147 60 95.34
147 61 44.05
147 62 70.52
147 63 120.42
147 64 47.04
147 65 45.28
147 66 2.24
147 67 47.63
147 68 72.78
147 69 38.33
147 70 10.63
147 71 84.65
147 72 92.09
147 73 15.81
147 74 75.24
147 75 112.38
147 76 68.41
147 77 42.38
147 78 46.69
147 79 91.42
147 80 48.1
147 81 99.64
147 82 94.02
147 83 80.81
147 84 95.02
147 85 47.76
147 86 46.87
147 87 86.98
147 88 142.44
147 89 85.29
147 90 47.43
147 91 5.39
147 92 107.87
147 93 99.76
147 94 47.01
147 95 67.03
147 96 79.03
147 97 81.1
147 98 138.06
147 99 81.57
147 100 46.04
147 101 78.87
147 102 75.69
147 103 31.06
147 104 128.04
147 105 84.21
147 106 72.03
147 107 47.42
147 108 74.97
147 109 46.69
147 110 38.6
147 111 122.45
147 112 90.14
147 113 41.01
147 114 116.85
147 115 47.71
147 116 10.44
147 117 125.87
147 118 77.13
147 119 83.23
147 120 76.66
147 121 77.78
147 122 15.62
147 123 84.9
147 124 36.06
147 125 90.01
147 126 85.6
147 127 141.68
147 128 74.11
147 129 12.04
147 130 78.03
147 131 73.38
147 132 132.28
147 133 70.06
147 134 90.96
147 135 105.76
147 136 39.56
147 137 97.45
147 138 99.2
147 139 17.69
147 140 128.02
147 141 40.11
147 142 124.17
147 143 81.05
147 144 81.84
147 145 108.17
147 146 76.4
147 148 31.14
147 149 69.18
147 150 122.54
147 151 121.8
147 152 80.31
147 153 79.76
147 154 48.0
147 155 45.28
147 156 90.8
147 157 133.23
147 158 66.19
147 159 119.88
147 160 3.0
147 161 125.94
147 162 34.53
147 163 112.59
147 164 3.16
147 165 78.09
147 166 85.8
147 167 66.03
147 168 91.08
147 169 84.48
147 170 90.71
147 171 43.83
147 172 42.72
147 173 51.01
147 174 45.88
147 175 44.82
147 176 80.89
147 177 137.64
147 178 52.24
147 179 45.28
147 180 96.01
147 181 125.18
147 182 115.32
147 183 95.13
147 184 107.8
147 185 130.12
147 186 143.28
147 187 128.28
147 188 77.1
147 189 38.08
147 190 68.36
147 191 92.05
147 192 82.49
147 193 75.0
147 194 110.86
147 195 106.51
147 196 82.15
147 197 34.01
147 198 81.15
147 199 102.8
147 200 35.36
147 201 51.11
148 0 70.21
148 1 106.0
148 2 71.78
148 3 159.23
148 4 123.0
148 5 102.04
148 6 41.77
148 7 149.25
148 8 160.86
148 9 107.35
148 10 103.04
148 11 41.59
148 12 32.56
148 13 67.36
148 14 81.6
148 15 87.6
148 16 139.7
148 17 76.16
148 18 152.27
148 19 87.71
148 20 46.65
148 21 103.58
148 22 139.2
148 23 105.68
148 24 50.22
148 25 40.85
148 26 79.06
148 27 57.2
148 28 83.63
148 29 79.0
148 30 82.15
148 31 42.38
148 32 20.1
148 33 109.37
148 34 97.02
148 35 114.04
148 36 110.29
148 37 122.29
148 38 135.25
148 39 72.5
148 40 80.36
148 41 45.69
148 42 81.22
148 43 68.68
148 44 87.8
148 45 58.14
148 46 106.08
148 47 28.02
148 48 71.87
148 49 145.43
148 50 83.22
148 51 25.08
148 52 102.4
148 53 107.04
148 54 156.03
148 55 126.4
148 56 131.53
148 57 107.69
148 58 136.5
148 59 83.82
148 60 126.1
148 61 52.63
148 62 83.1
148 63 137.21
148 64 55.0
148 65 27.2
148 66 30.02
148 67 73.16
148 68 82.66
148 69 7.28
148 70 24.52
148 71 109.13
148 72 123.0
148 73 41.23
148 74 80.95
148 75 107.3
148 76 79.81
148 77 40.72
148 78 71.18
148 79 83.0
148 80 44.27
148 81 119.47
148 82 125.0
148 83 110.89
148 84 126.1
148 85 44.6
148 86 30.08
148 87 79.03
148 88 161.38
148 89 85.44
148 90 74.0
148 91 29.07
148 92 103.59
148 93 121.25
148 94 27.86
148 95 98.01
148 96 82.86
148 97 85.49
148 98 157.21
148 99 105.59
148 100 54.2
148 101 103.31
148 102 86.61
148 103 1.0
148 104 149.2
148 105 84.77
148 106 103.12
148 107 70.66
148 108 105.39
148 109 58.05
148 110 39.45
148 111 138.71
148 112 83.1
148 113 65.39
148 114 132.46
148 115 30.36
148 116 34.71
148 117 147.63
148 118 107.06
148 119 108.75
148 120 83.73
148 121 108.3
148 122 43.57
148 123 79.51
148 124 7.07
148 125 121.07
148 126 110.46
148 127 161.97
148 128 105.23
148 129 39.46
148 130 81.94
148 131 85.43
148 132 154.51
148 133 72.62
148 134 85.38
148 135 126.04
148 136 18.03
148 137 117.44
148 138 118.56
148 139 44.15
148 140 143.28
148 141 9.0
148 142 140.19
148 143 111.45
148 144 106.44
148 145 102.12
148 146 86.84
148 147 31.14
148 149 75.18
148 150 136.65
148 151 137.44
148 152 80.65
148 153 78.59
148 154 54.64
148 155 69.86
148 156 84.15
148 157 152.23
148 158 97.02
148 159 134.83
148 160 28.16
148 161 147.0
148 162 39.82
148 163 107.23
148 164 30.0
148 165 108.46
148 166 110.92
148 167 97.13
148 168 83.01
148 169 83.93
148 170 85.48
148 171 24.35
148 172 40.31
148 173 57.69
148 174 22.47
148 175 70.58
148 176 111.36
148 177 155.57
148 178 60.8
148 179 55.32
148 180 127.02
148 181 147.3
148 182 110.29
148 183 115.6
148 184 126.91
148 185 151.6
148 186 163.13
148 187 144.42
148 188 107.47
148 189 18.44
148 190 99.08
148 191 123.15
148 192 88.55
148 193 106.04
148 194 105.17
148 195 101.32
148 196 86.82
148 197 3.61
148 198 82.22
148 199 122.02
148 200 4.47
148 201 70.21
149 0 32.65
149 1 60.44
149 2 53.6
149 3 91.24
149 4 109.81
149 5 95.48
149 6 58.22
149 7 91.08
149 8 93.94
149 9 61.13
149 10 96.18
149 11 59.21
149 12 60.13
149 13 53.0
149 14 14.21
149 15 18.79
149 16 68.01
149 17 49.52
149 18 87.92
149 19 12.53
149 20 28.64
149 21 40.25
149 22 65.8
149 23 45.79
149 24 25.96
149 25 35.0
149 26 14.21
149 27 20.1
149 28 9.06
149 29 38.28
149 30 8.06
149 31 34.06
149 32 94.02
149 33 92.62
149 34 91.35
149 35 67.68
149 36 94.02
149 37 60.02
149 38 62.48
149 39 46.86
149 40 17.03
149 41 30.0
149 42 33.54
149 43 55.76
149 44 17.46
149 45 22.09
149 46 98.99
149 47 67.48
149 48 10.05
149 49 84.17
149 50 34.48
149 51 100.18
149 52 45.0
149 53 58.46
149 54 92.03
149 55 65.76
149 56 62.61
149 57 84.31
149 58 72.8
149 59 15.26
149 60 108.72
149 61 25.18
149 62 17.12
149 63 67.6
149 64 22.2
149 65 101.98
149 66 67.27
149 67 50.45
149 68 11.18
149 69 77.1
149 70 62.17
149 71 63.06
149 72 108.6
149 73 56.14
149 74 6.08
149 75 49.65
149 76 13.34
149 77 34.67
149 78 47.01
149 79 39.81
149 80 32.56
149 81 57.71
149 82 111.4
149 83 90.44
149 84 114.63
149 85 31.89
149 86 104.69
149 87 36.4
149 88 93.48
149 89 20.0
149 90 54.04
149 91 64.38
149 92 44.65
149 93 63.13
149 94 102.86
149 95 91.29
149 96 10.44
149 97 12.04
149 98 89.9
149 99 59.2
149 100 23.19
149 101 59.14
149 102 15.52
149 103 76.06
149 104 86.4
149 105 18.6
149 106 97.62
149 107 43.42
149 108 89.5
149 109 23.19
149 110 35.78
149 111 68.26
149 112 36.24
149 113 46.65
149 114 61.59
149 115 105.12
149 116 59.03
149 117 86.35
149 118 86.61
149 119 66.41
149 120 8.6
149 121 92.46
149 122 59.41
149 123 29.97
149 124 81.99
149 125 110.11
149 126 65.25
149 127 96.38
149 128 100.45
149 129 60.07
149 130 9.49
149 131 17.03
149 132 93.62
149 133 8.06
149 134 33.84
149 135 64.13
149 136 93.02
149 137 56.44
149 138 55.9
149 139 56.44
149 140 71.4
149 141 79.88
149 142 69.34
149 143 93.6
149 144 61.68
149 145 47.51
149 146 14.87
149 147 69.18
149 148 75.18
149 150 63.89
149 151 66.29
149 152 16.28
149 153 18.87
149 154 21.59
149 155 47.2
149 156 35.85
149 157 85.0
149 158 88.41
149 159 63.01
149 160 69.46
149 161 84.2
149 162 36.69
149 163 50.22
149 164 66.27
149 165 91.21
149 166 66.48
149 167 93.61
149 168 38.91
149 169 20.52
149 170 33.02
149 171 99.28
149 172 35.23
149 173 18.44
149 174 97.62
149 175 50.8
149 176 94.2
149 177 86.45
149 178 17.0
149 179 24.0
149 180 113.6
149 181 86.88
149 182 52.15
149 183 56.14
149 184 62.36
149 185 89.29
149 186 96.66
149 187 73.5
149 188 90.43
149 189 93.04
149 190 88.39
149 191 112.93
149 192 13.6
149 193 98.29
149 194 49.2
149 195 44.82
149 196 13.0
149 197 78.39
149 198 15.62
149 199 58.46
149 200 75.47
149 201 32.65
150 0 71.69
150 1 58.69
150 2 85.7
150 3 32.02
150 4 114.49
150 5 111.31
150 6 108.34
150 7 49.09
150 8 36.01
150 9 57.87
150 10 111.46
150 11 109.25
150 12 114.06
150 13 88.53
150 14 65.3
150 15 61.85
150 16 6.08
150 17 78.45
150 18 36.06
150 19 52.43
150 20 90.61
150 21 67.19
150 22 4.12
150 23 73.03
150 24 86.56
150 25 98.29
150 26 68.0
150 27 79.51
150 28 57.69
150 29 89.49
150 30 55.97
150 31 97.62
150 32 153.94
150 33 100.9
150 34 109.66
150 35 58.52
150 36 102.11
150 37 31.62
150 38 1.41
150 39 79.31
150 40 68.88
150 41 93.35
150 42 83.17
150 43 90.03
150 44 48.92
150 45 78.6
150 46 112.97
150 47 122.12
150 48 71.28
150 49 39.66
150 50 82.57
150 51 161.01
150 52 76.16
150 53 54.59
150 54 39.56
150 55 34.89
150 56 14.76
150 57 90.47
150 58 29.7
150 59 63.51
150 60 109.93
150 61 84.02
150 62 53.6
150 63 12.81
150 64 81.69
150 65 162.29
150 66 121.2
150 67 81.79
150 68 54.45
150 69 139.6
150 70 118.85
150 71 58.25
150 72 112.61
150 73 106.93
150 74 59.41
150 75 77.0
150 76 56.85
150 77 97.59
150 78 80.52
150 79 88.32
150 80 96.26
150 81 32.98
150 82 115.17
150 83 96.3
150 84 119.27
150 85 95.52
150 86 164.76
150 87 87.6
150 88 34.06
150 89 65.92
150 90 84.34
150 91 119.0
150 92 74.11
150 93 39.56
150 94 163.44
150 95 108.78
150 96 60.54
150 97 57.8
150 98 32.06
150 99 57.56
150 100 82.46
150 101 60.41
150 102 50.25
150 103 137.44
150 104 38.01
150 105 65.39
150 106 113.44
150 107 78.16
150 108 100.02
150 109 78.82
150 110 97.74
150 111 10.3
150 112 84.48
150 113 84.77
150 114 8.54
150 115 165.32
150 116 112.25
150 117 40.82
150 118 94.37
150 119 63.56
150 120 55.61
150 121 101.64
150 122 108.46
150 123 80.99
150 124 143.68
150 125 116.69
150 126 59.67
150 127 40.2
150 128 115.74
150 129 110.98
150 130 61.06
150 131 51.22
150 132 46.1
150 133 69.63
150 134 80.08
150 135 32.2
150 136 153.81
150 137 34.71
150 138 31.58
150 139 105.7
150 140 8.25
150 141 142.43
150 142 9.49
150 143 100.42
150 144 59.84
150 145 80.16
150 146 50.21
150 147 122.54
150 148 136.65
150 149 63.89
150 151 7.21
150 152 67.98
150 153 72.01
150 154 82.22
150 155 81.74
150 156 83.24
150 157 28.44
150 158 105.68
150 159 4.47
150 160 123.89
150 161 36.72
150 162 96.83
150 163 78.0
150 164 120.31
150 165 99.69
150 166 60.88
150 167 112.64
150 168 87.36
150 169 68.15
150 170 79.12
150 171 159.84
150 172 98.29
150 173 79.31
150 174 159.01
150 175 84.17
150 176 101.39
150 177 26.08
150 178 75.93
150 179 81.4
150 180 116.81
150 181 42.72
150 182 77.06
150 183 37.66
150 184 26.4
150 185 40.72
150 186 39.01
150 187 12.0
150 188 99.46
150 189 153.45
150 190 103.95
150 191 119.22
150 192 53.0
150 193 111.99
150 194 79.03
150 195 77.23
150 196 56.44
150 197 140.09
150 198 65.74
150 199 29.12
150 200 137.64
150 201 71.69
151 0 70.71
151 1 54.08
151 2 83.24
151 3 26.48
151 4 108.81
151 5 106.57
151 6 107.35
151 7 41.88
151 8 30.15
151 9 53.15
151 10 106.68
151 11 108.24
151 12 113.53
151 13 86.33
151 14 69.08
151 15 66.1
151 16 3.0
151 17 75.96
151 18 29.12
151 19 55.47
151 20 91.97
151 21 73.01
151 22 10.63
151 23 79.03
151 24 87.68
151 25 100.0
151 26 71.69
151 27 80.61
151 28 60.83
151 29 94.11
151 30 58.25
151 31 99.49
151 32 154.2
151 33 95.71
151 34 105.17
151 35 53.15
151 36 96.88
151 37 26.31
151 38 7.62
151 39 77.16
151 40 72.8
151 41 95.13
151 42 87.8
151 43 87.64
151 44 50.33
151 45 79.31
151 46 108.05
151 47 121.59
151 48 74.3
151 49 32.45
151 50 87.32
151 51 161.48
151 52 82.01
151 53 50.04
151 54 32.76
151 55 28.79
151 56 9.06
151 57 85.33
151 58 22.67
151 59 67.42
151 60 104.06
151 61 84.9
151 62 54.45
151 63 5.66
151 64 82.73
151 65 162.61
151 66 120.57
151 67 79.4
151 68 56.22
151 69 140.73
151 70 118.71
151 71 53.34
151 72 106.9
151 73 106.07
151 74 62.27
151 75 83.1
151 76 58.0
151 77 99.16
151 78 78.43
151 79 93.17
151 80 98.23
151 81 28.07
151 82 109.42
151 83 91.01
151 84 113.53
151 85 97.45
151 86 165.0
151 87 92.18
151 88 28.64
151 89 70.21
151 90 81.74
151 91 118.51
151 92 80.0
151 93 33.96
151 94 163.84
151 95 104.24
151 96 63.98
151 97 61.33
151 98 26.08
151 99 53.04
151 100 83.45
151 101 56.01
151 102 51.86
151 103 138.19
151 104 30.87
151 105 69.57
151 106 108.66
151 107 76.32
151 108 95.04
151 109 79.4
151 110 99.01
151 111 3.16
151 112 89.27
151 113 83.01
151 114 5.0
151 115 165.6
151 116 111.65
151 117 33.62
151 118 89.27
151 119 58.55
151 120 58.31
151 121 96.51
151 122 107.33
151 123 85.44
151 124 144.5
151 125 111.13
151 126 54.59
151 127 34.0
151 128 110.89
151 129 110.06
151 130 64.4
151 131 52.35
151 132 39.0
151 133 72.56
151 134 84.93
151 135 26.25
151 136 154.3
151 137 30.02
151 138 27.0
151 139 104.66
151 140 6.32
151 141 143.56
151 142 3.16
151 143 95.13
151 144 55.15
151 145 86.01
151 146 52.01
151 147 121.8
151 148 137.44
151 149 66.29
151 150 7.21
151 152 71.87
151 153 75.96
151 154 83.45
151 155 79.71
151 156 88.07
151 157 22.02
151 158 101.18
151 159 4.0
151 160 123.31
151 161 29.53
151 162 97.67
151 163 84.1
151 164 119.71
151 165 94.54
151 166 55.73
151 167 108.17
151 168 92.2
151 169 72.42
151 170 83.95
151 171 160.24
151 172 99.9
151 173 80.66
151 174 159.67
151 175 81.91
151 176 96.1
151 177 20.88
151 178 77.08
151 179 82.13
151 180 111.0
151 181 35.51
151 182 83.29
151 183 33.02
151 184 20.62
151 185 33.62
151 186 33.14
151 187 7.21
151 188 94.37
151 189 153.84
151 190 99.32
151 191 113.6
151 192 56.36
151 193 107.06
151 194 85.02
151 195 83.02
151 196 60.01
151 197 140.93
151 198 69.64
151 199 24.08
151 200 138.66
151 201 70.71
152 0 48.84
152 1 75.39
152 2 69.66
152 3 98.03
152 4 126.04
152 5 111.73
152 6 71.06
152 7 102.04
152 8 101.24
152 9 75.96
152 10 112.43
152 11 72.03
152 12 71.45
152 13 68.82
152 14 3.0
152 15 7.21
152 16 73.01
152 17 65.76
152 18 96.69
152 19 18.0
152 20 37.0
152 21 25.71
152 22 68.96
152 23 30.46
152 24 36.35
152 25 40.02
152 26 2.24
152 27 32.57
152 28 13.15
152 29 24.08
152 30 20.25
152 31 38.33
152 32 100.42
152 33 108.85
152 34 107.56
152 35 82.22
152 36 110.26
152 37 71.0
152 38 66.64
152 39 63.03
152 40 1.0
152 41 35.51
152 42 18.44
152 43 71.61
152 44 29.83
152 45 35.85
152 46 115.26
152 47 78.1
152 48 10.2
152 49 94.34
152 50 18.97
152 51 105.62
152 52 29.15
152 53 73.05
152 54 100.81
152 55 77.01
152 56 70.09
152 57 100.44
152 58 82.49
152 59 4.47
152 60 124.85
152 61 37.11
152 62 31.78
152 63 74.33
152 64 34.21
152 65 107.86
152 66 78.23
152 67 66.6
152 68 24.7
152 69 81.15
152 70 72.0
152 71 77.83
152 72 124.81
152 73 68.88
152 74 13.93
152 75 34.0
152 76 28.65
152 77 40.61
152 78 63.13
152 79 24.74
152 80 36.4
152 81 69.03
152 82 127.61
152 83 106.61
152 84 130.87
152 85 36.14
152 86 110.72
152 87 22.09
152 88 100.24
152 89 5.0
152 90 70.18
152 91 75.17
152 92 29.07
152 93 75.33
152 94 108.47
152 95 107.52
152 96 9.06
152 97 11.05
152 98 97.12
152 99 74.09
152 100 35.17
152 101 74.32
152 102 27.89
152 103 81.61
152 104 95.89
152 105 4.12
152 106 113.86
152 107 59.55
152 108 105.76
152 109 37.16
152 110 43.19
152 111 74.33
152 112 20.88
152 113 62.43
152 114 67.68
152 115 111.02
152 116 70.71
152 117 96.42
152 118 102.8
152 119 81.54
152 120 17.46
152 121 108.71
152 122 72.53
152 123 15.13
152 124 86.98
152 125 126.37
152 126 80.06
152 127 104.29
152 128 116.69
152 129 72.57
152 130 9.22
152 131 30.68
152 132 103.59
152 133 10.77
152 134 17.89
152 135 75.01
152 136 98.67
152 137 68.12
152 138 67.01
152 139 69.64
152 140 76.06
152 141 83.77
152 142 75.03
152 143 109.81
152 144 76.69
152 145 31.4
152 146 26.68
152 147 80.31
152 148 80.65
152 149 16.28
152 150 67.98
152 151 71.87
152 153 4.12
152 154 32.76
152 155 63.25
152 156 20.25
152 157 92.44
152 158 104.66
152 159 68.15
152 160 80.1
152 161 93.77
152 162 46.01
152 163 34.48
152 164 77.23
152 165 107.45
152 166 81.34
152 167 109.79
152 168 23.77
152 169 4.47
152 170 17.0
152 171 105.0
152 172 40.79
152 173 30.08
152 174 102.53
152 175 66.84
152 176 110.42
152 177 92.7
152 178 30.46
152 179 37.0
152 180 129.81
152 181 97.25
152 182 36.67
152 183 68.36
152 184 72.25
152 185 98.86
152 186 104.12
152 187 78.92
152 188 106.67
152 189 99.04
152 190 104.66
152 191 129.19
152 192 16.12
152 193 114.56
152 194 33.29
152 195 28.84
152 196 12.17
152 197 83.49
152 198 2.24
152 199 69.03
152 200 80.06
152 201 48.84
153 0 50.93
153 1 78.77
153 2 71.51
153 3 102.14
153 4 128.6
153 5 113.86
153 6 71.17
153 7 106.08
153 8 105.36
153 9 79.38
153 10 114.59
153 11 72.12
153 12 71.02
153 13 70.43
153 14 7.07
153 15 10.63
153 16 77.08
153 17 67.94
153 18 100.81
153 19 22.02
153 20 36.22
153 21 26.08
153 22 72.95
153 23 30.08
153 24 36.14
153 25 38.33
153 26 5.1
153 27 33.11
153 28 17.03
153 29 20.22
153 30 23.77
153 31 36.5
153 32 98.49
153 33 111.4
153 34 109.6
153 35 85.73
153 36 112.8
153 37 75.01
153 38 70.68
153 39 65.05
153 40 3.16
153 41 34.06
153 42 14.87
153 43 73.25
153 44 33.54
153 45 36.72
153 46 117.46
153 47 77.41
153 48 10.82
153 49 98.41
153 50 15.65
153 51 103.45
153 52 28.23
153 53 76.54
153 54 104.92
153 55 81.0
153 56 74.22
153 57 103.17
153 58 86.58
153 59 8.54
153 60 127.58
153 61 37.34
153 62 35.11
153 63 78.45
153 64 34.54
153 65 105.77
153 66 77.65
153 67 68.59
153 68 28.16
153 69 78.77
153 70 71.11
153 71 81.27
153 72 127.41
153 73 68.96
153 74 17.46
153 75 33.24
153 76 31.78
153 77 39.12
153 78 65.07
153 79 21.19
153 80 34.53
153 81 73.01
153 82 130.21
153 83 109.29
153 84 133.41
153 85 34.37
153 86 108.67
153 87 18.25
153 88 104.36
153 89 7.21
153 90 72.14
153 91 74.55
153 92 28.46
153 93 79.23
153 94 106.32
153 95 109.6
153 96 13.0
153 97 15.13
153 98 101.24
153 99 77.49
153 100 35.47
153 101 77.62
153 102 31.58
153 103 79.56
153 104 99.98
153 105 7.07
153 106 115.97
153 107 61.52
153 108 108.23
153 109 38.08
153 110 42.0
153 111 78.43
153 112 17.46
153 113 64.03
153 114 71.78
153 115 108.93
153 116 70.41
153 117 100.5
153 118 105.44
153 119 84.86
153 120 21.21
153 121 111.21
153 122 72.73
153 123 11.4
153 124 84.77
153 125 128.84
153 126 83.49
153 127 108.42
153 128 118.8
153 129 72.53
153 130 13.04
153 131 34.21
153 132 107.67
153 133 12.04
153 134 15.0
153 135 79.03
153 136 96.57
153 137 72.06
153 138 71.0
153 139 69.89
153 140 80.11
153 141 81.34
153 142 79.12
153 143 112.41
153 144 80.06
153 145 30.02
153 146 30.41
153 147 79.76
153 148 78.59
153 149 18.87
153 150 72.01
153 151 75.96
153 152 4.12
153 154 32.89
153 155 65.12
153 156 17.0
153 157 96.57
153 158 106.79
153 159 72.24
153 160 79.4
153 161 97.87
153 162 45.28
153 163 33.62
153 164 76.66
153 165 110.0
153 166 84.76
153 167 111.76
153 168 20.25
153 169 5.39
153 170 14.21
153 171 102.88
153 172 39.2
153 173 30.46
153 174 100.24
153 175 68.68
153 176 113.0
153 177 96.8
153 178 31.38
153 179 37.58
153 180 132.41
153 181 101.32
153 182 36.06
153 183 72.25
153 184 76.32
153 185 102.96
153 186 108.24
153 187 83.01
153 188 109.2
153 189 97.02
153 190 106.89
153 191 131.65
153 192 20.22
153 193 116.78
153 194 32.2
153 195 27.73
153 196 16.28
153 197 81.32
153 198 6.32
153 199 73.06
153 200 77.79
153 201 50.93
154 0 26.31
154 1 63.13
154 2 43.05
154 3 106.61
154 4 102.86
154 5 85.7
154 6 38.33
154 7 101.24
154 8 108.72
154 9 64.2
154 10 86.53
154 11 39.29
154 12 39.01
154 13 40.8
154 14 32.25
154 15 38.12
154 16 85.56
154 17 41.79
154 18 101.21
154 19 33.84
154 20 8.6
154 21 58.46
154 22 84.65
154 23 62.94
154 24 4.47
154 25 17.46
154 26 30.59
154 27 3.16
154 28 30.59
154 29 46.01
154 30 27.73
154 31 17.72
154 32 72.9
154 33 85.91
154 34 81.02
154 35 71.25
154 36 87.24
154 37 71.55
154 38 80.81
154 39 38.08
154 40 32.98
154 41 13.34
154 42 43.83
154 43 43.6
154 44 33.3
154 45 7.07
154 46 89.59
154 47 46.1
154 48 22.56
154 49 95.75
154 50 45.49
154 51 79.4
154 52 61.1
154 53 62.51
154 54 105.19
154 55 76.56
154 56 78.24
154 57 79.38
154 58 85.48
154 59 34.13
154 60 103.08
154 61 4.47
154 62 29.07
154 63 83.74
154 64 2.24
154 65 81.01
154 66 46.01
154 67 41.15
154 68 28.02
154 69 57.38
154 70 40.61
154 71 66.19
154 72 101.98
154 73 36.14
154 74 27.66
154 75 66.13
154 76 25.46
154 77 16.12
154 78 37.58
154 79 49.04
154 80 17.26
154 81 68.88
154 82 104.65
154 83 84.86
154 84 107.35
154 85 16.28
154 86 83.65
154 87 44.69
154 88 108.81
154 89 37.66
154 90 44.29
154 91 43.05
154 92 61.35
154 93 72.45
154 94 81.99
154 95 81.27
154 96 31.06
154 97 33.24
154 98 104.86
154 99 62.2
154 100 2.83
154 101 61.03
154 102 32.02
154 103 55.47
154 104 98.84
154 105 36.5
154 106 87.66
154 107 34.54
154 108 82.29
154 109 8.25
154 110 15.56
154 111 84.96
154 112 46.62
154 113 34.67
154 114 78.52
154 115 84.12
154 116 38.12
154 117 97.99
154 118 80.78
154 119 68.0
154 120 29.73
154 121 85.43
154 122 39.85
154 123 40.5
154 124 61.61
154 125 102.47
154 126 68.12
154 127 110.45
154 128 90.44
154 129 39.81
154 130 30.07
154 131 31.11
154 132 105.19
154 133 22.2
154 134 46.14
154 135 75.58
154 136 72.2
154 137 67.12
154 138 67.54
154 139 37.0
154 140 89.11
154 141 60.21
154 142 86.31
154 143 87.32
154 144 64.07
154 145 62.65
154 146 32.2
154 147 48.0
154 148 54.64
154 149 21.59
154 150 82.22
154 151 83.45
154 152 32.76
154 153 32.89
154 155 37.12
154 156 46.87
154 157 99.86
154 158 78.77
154 159 80.62
154 160 48.09
154 161 96.6
154 162 15.23
154 163 66.48
154 164 45.01
154 165 84.58
154 166 69.07
154 167 82.8
154 168 48.41
154 169 37.11
154 170 45.65
154 171 78.39
154 172 17.0
154 173 3.16
154 174 77.1
154 175 40.31
154 176 87.73
154 177 102.45
154 178 6.4
154 179 5.83
154 180 106.89
154 181 98.09
154 182 68.95
154 183 65.92
154 184 75.29
154 185 101.52
154 186 111.22
154 187 90.55
154 188 83.67
154 189 72.07
154 190 79.4
154 191 105.19
154 192 35.17
154 193 89.04
154 194 65.0
154 195 60.54
154 196 34.37
154 197 58.01
154 198 33.38
154 199 70.71
154 200 55.44
154 201 26.31
155 0 14.76
155 1 36.62
155 2 6.4
155 3 95.96
155 4 65.74
155 5 49.04
155 6 30.48
155 7 80.92
155 8 96.61
155 9 38.01
155 10 49.82
155 11 31.14
155 12 38.83
155 13 7.0
155 14 61.4
155 15 65.73
155 16 82.54
155 17 6.32
155 18 86.68
155 19 53.71
155 20 41.76
155 21 87.13
155 22 85.38
155 23 92.91
155 24 37.34
155 25 50.01
155 26 61.07
155 27 34.99
155 28 54.2
155 29 81.84
155 30 46.96
155 31 51.42
155 32 81.61
155 33 48.85
155 34 44.6
155 35 44.42
155 36 50.16
155 37 57.98
155 38 80.52
155 39 2.83
155 40 63.89
155 41 48.08
155 42 78.57
155 43 9.22
155 44 43.42
155 45 30.53
155 46 52.8
155 47 46.23
155 48 54.45
155 49 78.52
155 50 79.93
155 51 89.87
155 52 92.2
155 53 38.29
155 54 90.03
155 55 60.61
155 56 71.69
155 57 42.95
155 58 71.61
155 59 62.43
155 60 66.13
155 61 33.62
155 62 37.64
155 63 77.47
155 64 34.89
155 65 90.0
155 66 44.69
155 67 4.12
155 68 43.46
155 69 75.61
155 70 46.14
155 71 39.66
155 72 64.88
155 73 30.0
155 74 51.62
155 75 96.83
155 76 38.08
155 77 47.85
155 78 1.41
155 79 84.39
155 80 51.92
155 81 55.23
155 82 67.54
155 83 48.08
155 84 70.24
155 85 50.96
155 86 91.83
155 87 80.28
155 88 97.91
155 89 67.2
155 90 7.21
155 91 43.6
155 92 91.84
155 93 54.67
155 94 91.61
155 95 44.69
155 96 57.14
155 97 57.8
155 98 93.48
155 99 36.4
155 100 34.44
155 101 33.84
155 102 43.97
155 103 70.26
155 104 82.88
155 105 65.8
155 106 51.09
155 107 4.12
155 108 45.19
155 109 29.15
155 110 44.41
155 111 79.85
155 112 81.39
155 113 4.47
155 114 74.95
155 115 92.62
155 116 36.62
155 117 80.62
155 118 43.97
155 119 38.91
155 120 50.54
155 121 48.33
155 122 29.7
155 123 75.01
155 124 76.49
155 125 65.37
155 126 40.82
155 127 96.67
155 128 53.91
155 129 33.3
155 130 56.3
155 131 40.52
155 132 87.0
155 133 53.08
155 134 79.91
155 135 61.03
155 136 83.22
155 137 53.0
155 138 55.07
155 139 27.66
155 140 86.03
155 141 78.19
155 142 81.71
155 143 50.33
155 144 36.89
155 145 94.64
155 146 45.22
155 147 45.28
155 148 69.86
155 149 47.2
155 150 81.74
155 151 79.71
155 152 63.25
155 153 65.12
155 154 37.12
155 156 81.34
155 157 88.75
155 158 42.01
155 159 78.45
155 160 47.51
155 161 80.81
155 162 39.12
155 163 97.42
155 164 44.05
155 165 47.54
155 166 41.18
155 167 46.67
155 168 83.63
155 169 67.62
155 170 79.21
155 171 88.23
155 172 48.84
155 173 37.74
155 174 89.36
155 175 3.61
155 176 50.7
155 177 93.65
155 178 35.0
155 179 31.3
155 180 69.78
155 181 79.91
155 182 99.3
155 183 50.48
155 184 63.63
155 185 84.9
155 186 98.41
155 187 85.62
155 188 46.62
155 189 82.1
155 190 42.44
155 191 68.1
155 192 56.36
155 193 52.2
155 194 96.4
155 195 92.01
155 196 58.18
155 197 73.41
155 198 62.8
155 199 58.67
155 200 72.8
155 201 14.76
156 0 67.48
156 1 95.63
156 2 87.69
156 3 114.54
156 4 145.43
156 5 130.3
156 6 84.1
156 7 121.07
156 8 118.07
156 9 96.21
156 10 131.05
156 11 85.0
156 12 82.54
156 13 86.31
156 14 23.09
156 15 23.02
156 16 88.77
156 17 84.5
156 18 114.53
156 19 37.66
156 20 47.93
156 21 22.2
156 22 83.49
156 23 22.14
156 24 49.24
156 25 47.07
156 26 21.93
156 27 47.8
156 28 33.24
156 29 7.07
156 30 40.5
156 31 44.91
156 32 104.24
156 33 128.22
156 34 125.94
156 35 102.46
156 36 129.62
156 37 90.27
156 38 82.01
156 39 81.47
156 40 19.31
156 41 43.97
156 42 3.16
156 43 89.14
156 44 50.0
156 45 51.86
156 46 133.96
156 47 88.06
156 48 27.02
156 49 113.0
156 50 1.41
156 51 108.05
156 52 18.44
156 53 93.3
156 54 118.61
156 55 96.33
156 56 87.57
156 57 120.11
156 58 101.02
156 59 23.54
156 60 144.51
156 61 51.31
156 62 52.0
156 63 91.24
156 64 48.83
156 65 110.77
156 66 88.6
156 67 84.96
156 68 44.94
156 69 82.87
156 70 81.25
156 71 98.08
156 72 144.27
156 73 81.86
156 74 34.18
156 75 23.19
156 76 48.75
156 77 48.51
156 78 81.39
156 79 5.1
156 80 42.95
156 81 88.46
156 82 147.05
156 83 126.19
156 84 150.21
156 85 43.17
156 86 113.75
156 87 5.83
156 88 116.71
156 89 19.1
156 90 88.46
156 91 85.44
156 92 19.92
156 93 95.04
156 94 111.02
156 95 125.99
156 96 29.12
156 97 30.59
156 98 113.95
156 99 94.34
156 100 49.65
156 101 94.54
156 102 48.08
156 103 85.15
156 104 114.16
156 105 20.22
156 106 132.38
156 107 77.9
156 108 125.0
156 109 53.26
156 110 52.2
156 111 90.8
156 112 1.41
156 113 79.93
156 114 84.34
156 115 113.86
156 116 82.28
156 117 115.02
156 118 122.32
156 119 101.77
156 120 37.64
156 121 128.0
156 122 85.87
156 123 6.4
156 124 89.56
156 125 145.6
156 126 100.3
156 127 121.49
156 128 135.21
156 129 85.09
156 130 29.41
156 131 50.92
156 132 122.07
156 133 28.6
156 134 3.16
156 135 94.19
156 136 101.6
156 137 87.69
156 138 86.37
156 139 83.19
156 140 91.48
156 141 85.16
156 142 91.22
156 143 129.27
156 144 96.93
156 145 18.0
156 146 46.84
156 147 90.8
156 148 84.15
156 149 35.85
156 150 83.24
156 151 88.07
156 152 20.25
156 153 17.0
156 154 46.87
156 155 81.34
156 157 109.49
156 158 123.24
156 159 84.17
156 160 89.99
156 161 112.11
156 162 56.65
156 163 23.09
156 164 87.64
156 165 126.83
156 166 101.59
156 167 128.0
156 168 4.12
156 169 17.26
156 170 4.12
156 171 107.79
156 172 48.27
156 173 45.0
156 174 104.39
156 175 84.86
156 176 129.85
156 177 108.91
156 178 46.75
156 179 52.2
156 180 149.26
156 181 116.0
156 182 26.17
156 183 88.12
156 184 91.01
156 185 117.15
156 186 121.02
156 187 94.83
156 188 126.02
156 189 102.4
156 190 123.43
156 191 148.4
156 192 35.36
156 193 133.3
156 194 21.02
156 195 17.26
156 196 31.4
156 197 86.37
156 198 21.84
156 199 88.14
156 200 82.49
156 201 67.48
157 0 82.81
157 1 56.3
157 2 90.92
157 3 7.21
157 4 103.48
157 5 105.57
157 6 118.41
157 7 25.55
157 8 8.94
157 9 55.03
157 10 105.48
157 11 119.2
157 12 125.61
157 13 94.67
157 14 89.56
157 15 87.1
157 16 22.36
157 17 83.86
157 18 9.22
157 19 75.27
157 20 108.47
157 21 95.0
157 22 30.36
157 23 101.04
157 24 103.81
157 25 117.05
157 26 92.05
157 27 96.83
157 28 80.65
157 29 115.32
157 30 76.97
157 31 116.81
157 32 167.66
157 33 93.09
157 34 105.22
157 35 52.17
157 36 94.05
157 37 30.81
157 38 29.27
157 39 85.98
157 40 93.41
157 41 112.36
157 42 109.04
157 43 95.38
157 44 68.0
157 45 94.81
157 46 106.23
157 47 133.54
157 48 93.78
157 49 17.72
157 50 108.67
157 51 175.37
157 52 104.0
157 53 52.92
157 54 11.66
157 55 28.64
157 56 22.47
157 57 83.29
157 58 17.46
157 59 88.06
157 60 97.87
157 61 100.6
157 62 71.02
157 63 18.25
157 64 98.81
157 65 176.14
157 66 132.28
157 67 87.46
157 68 74.24
157 69 156.2
157 70 131.64
157 71 54.41
157 72 101.49
157 73 117.44
157 74 81.71
157 75 105.12
157 76 74.95
157 77 115.94
157 78 87.37
157 79 114.59
157 80 115.76
157 81 33.6
157 82 103.7
157 83 88.05
157 84 107.79
157 85 114.91
157 86 178.33
157 87 113.36
157 88 9.22
157 89 91.22
157 90 89.07
157 91 130.6
157 92 102.0
157 93 34.93
157 94 177.52
157 95 104.09
157 96 84.12
157 97 81.61
157 98 5.0
157 99 55.71
157 100 99.4
157 101 58.87
157 102 69.77
157 103 152.9
157 104 13.42
157 105 90.47
157 106 107.47
157 107 86.02
157 108 93.34
157 109 94.64
157 110 115.21
157 111 19.0
157 112 110.64
157 113 92.66
157 114 25.18
157 115 179.01
157 116 123.56
157 117 17.46
157 118 87.28
157 119 58.69
157 120 77.62
157 121 94.13
157 122 118.0
157 123 106.51
157 124 159.29
157 125 106.3
157 126 54.82
157 127 12.04
157 128 109.29
157 129 121.21
157 130 84.43
157 131 69.46
157 132 19.8
157 133 91.92
157 134 106.37
157 135 27.78
157 136 168.29
157 137 35.81
157 138 34.06
157 139 115.6
157 140 21.19
157 141 159.02
157 142 19.1
157 143 92.02
157 144 56.92
157 145 108.0
157 146 70.21
157 147 133.23
157 148 152.23
157 149 85.0
157 150 28.44
157 151 22.02
157 152 92.44
157 153 96.57
157 154 99.86
157 155 88.75
157 156 109.49
157 158 101.27
157 159 26.02
157 160 135.09
157 161 13.6
157 162 113.07
157 163 106.12
157 164 131.5
157 165 92.14
157 166 55.54
157 167 108.19
157 168 113.6
157 169 93.39
157 170 105.38
157 171 173.97
157 172 116.76
157 173 97.35
157 174 173.97
157 175 90.21
157 176 93.02
157 177 7.28
157 178 93.48
157 179 97.62
157 180 104.94
157 181 19.7
157 182 105.3
157 183 38.28
157 184 25.5
157 185 15.0
157 186 11.7
157 187 16.76
157 188 92.2
157 189 167.6
157 190 98.99
157 191 108.46
157 192 76.54
157 193 105.23
157 194 107.04
157 195 105.0
157 196 80.36
157 197 155.79
157 198 90.25
157 199 30.48
157 200 153.91
157 201 82.81
158 0 55.87
158 1 47.1
158 2 35.81
158 3 107.87
158 4 26.17
158 5 7.07
158 6 56.32
158 7 83.22
158 8 106.73
158 9 48.04
158 10 7.81
158 11 56.22
158 12 65.12
158 13 38.08
158 14 102.59
158 15 106.4
158 16 104.17
158 17 38.9
158 18 95.57
158 19 93.01
158 20 82.3
158 21 127.44
158 22 109.77
158 23 133.54
158 24 78.39
158 25 89.55
158 26 102.53
158 27 76.84
158 28 94.49
158 29 123.85
158 30 86.83
158 31 91.29
158 32 101.41
158 33 13.89
158 34 4.0
158 35 49.25
158 36 14.32
158 37 75.03
158 38 104.81
158 39 41.77
158 40 105.36
158 41 88.55
158 42 120.51
158 43 35.36
158 44 80.99
158 45 72.42
158 46 10.82
158 47 69.07
158 48 96.26
158 49 85.62
158 50 121.83
158 51 109.88
158 52 133.21
158 53 51.16
158 54 97.53
158 55 74.11
158 56 92.14
158 57 19.24
158 58 84.48
158 59 103.39
158 60 29.15
158 61 74.95
158 62 76.03
158 63 97.02
158 64 76.55
158 65 108.67
158 66 67.07
158 67 38.29
158 68 82.8
158 69 104.0
158 70 73.06
158 71 48.0
158 72 26.02
158 73 57.56
158 74 92.2
158 75 137.64
158 76 77.62
158 77 87.32
158 78 41.87
158 79 126.37
158 80 92.14
158 81 73.11
158 82 28.16
158 83 17.69
158 84 29.83
158 85 91.24
158 86 109.48
158 87 122.29
158 88 109.24
158 89 108.3
158 90 34.83
158 91 68.0
158 92 132.65
158 93 68.03
158 94 110.6
158 95 3.16
158 96 97.84
158 97 98.08
158 98 104.92
158 99 48.17
158 100 76.01
158 101 45.28
158 102 82.1
158 103 97.05
158 104 90.71
158 105 106.89
158 106 9.22
158 107 45.34
158 108 10.63
158 109 71.03
158 110 83.38
158 111 100.04
158 112 123.33
158 113 44.1
158 114 97.42
158 115 110.44
158 116 63.2
158 117 87.09
158 118 15.81
158 119 43.05
158 120 90.43
158 121 12.53
158 122 54.23
158 123 116.93
158 124 102.24
158 125 24.74
158 126 47.04
158 127 104.81
158 128 12.04
158 129 58.14
158 130 97.08
158 131 78.49
158 132 91.08
158 133 94.79
158 134 121.7
158 135 76.03
158 136 104.74
158 137 71.18
158 138 74.24
158 139 54.59
158 140 107.07
158 141 106.02
158 142 102.04
158 143 16.12
158 144 46.04
158 145 135.88
158 146 83.49
158 147 66.19
158 148 97.02
158 149 88.41
158 150 105.68
158 151 101.18
158 152 104.66
158 153 106.79
158 154 78.77
158 155 42.01
158 156 123.24
158 157 101.27
158 159 101.49
158 160 69.18
158 161 89.27
158 162 77.62
158 163 138.29
158 164 67.03
158 165 13.6
158 166 46.1
158 167 7.0
158 168 125.61
158 169 108.93
158 170 120.97
158 171 107.94
158 172 88.24
158 173 79.63
158 174 111.0
158 175 38.6
158 176 15.65
158 177 107.91
158 178 77.01
158 179 72.95
158 180 30.27
158 181 85.44
158 182 139.95
158 183 68.18
158 184 81.01
158 185 91.48
158 186 107.45
158 187 105.0
158 188 12.81
158 189 102.96
158 190 2.83
158 191 27.2
158 192 95.8
158 193 10.3
158 194 137.44
158 195 133.12
158 196 98.23
158 197 100.08
158 198 104.0
158 199 77.1
158 200 101.0
158 201 55.87
159 0 68.88
159 1 54.45
159 2 82.23
159 3 30.41
159 4 110.05
159 5 107.06
159 6 105.55
159 7 45.28
159 8 34.13
159 9 53.6
159 10 107.2
159 11 106.45
159 12 111.51
159 13 85.16
159 14 65.39
159 15 62.3
159 16 5.0
159 17 74.95
159 18 32.98
159 19 51.97
159 20 89.1
159 21 69.01
159 22 8.54
159 23 75.03
159 24 84.9
159 25 97.0
159 26 68.03
159 27 77.83
159 28 57.31
159 29 90.25
159 30 55.0
159 31 96.43
159 32 151.82
159 33 96.54
159 34 105.48
159 35 54.12
159 36 97.74
159 37 27.2
159 38 4.24
159 39 75.96
159 40 69.08
159 41 92.1
159 42 83.93
159 43 86.59
159 44 47.38
159 45 76.69
159 46 108.67
159 47 119.57
159 48 70.83
159 49 35.85
159 50 83.43
159 51 159.01
159 52 78.01
159 53 50.36
159 54 36.67
159 55 30.41
159 56 10.3
159 57 86.12
159 58 25.5
159 59 63.69
159 60 105.48
159 61 82.22
159 62 51.74
159 63 8.94
159 64 79.98
159 65 160.21
159 66 118.6
159 67 78.34
159 68 53.15
159 69 137.97
159 70 116.5
159 71 53.94
159 72 108.17
159 73 104.2
159 74 58.83
159 75 79.1
159 76 55.17
159 77 96.21
159 78 77.2
159 79 89.27
159 80 95.13
159 81 28.64
159 82 110.72
159 83 91.92
159 84 114.83
159 85 94.37
159 86 162.63
159 87 88.32
159 88 32.56
159 89 66.41
159 90 80.81
159 91 116.47
159 92 76.0
159 93 35.11
159 94 161.4
159 95 104.58
159 96 60.37
159 97 57.7
159 98 30.07
159 99 53.34
159 100 80.72
159 101 56.22
159 102 48.84
159 103 135.59
159 104 34.54
159 105 65.79
159 106 109.18
159 107 74.95
159 108 95.71
159 109 76.84
159 110 96.18
159 111 7.07
159 112 85.38
159 113 81.6
159 114 4.12
159 115 163.22
159 116 109.66
159 117 37.12
159 118 90.03
159 119 59.23
159 120 54.92
159 121 97.29
159 122 105.6
159 123 81.61
159 124 141.87
159 125 112.27
159 126 55.32
159 127 38.0
159 128 111.46
159 129 108.23
159 130 60.83
159 131 49.52
159 132 42.72
159 133 69.12
159 134 81.02
159 135 27.73
159 136 151.82
159 137 30.41
159 138 27.29
159 139 102.88
159 140 8.49
159 141 140.8
159 142 7.07
159 143 96.05
159 144 55.58
159 145 82.01
159 146 48.92
159 147 119.88
159 148 134.83
159 149 63.01
159 150 4.47
159 151 4.0
159 152 68.15
159 153 72.24
159 154 80.62
159 155 78.45
159 156 84.17
159 157 26.02
159 158 101.49
159 160 121.31
159 161 33.11
159 162 95.02
159 163 80.1
159 164 117.72
159 165 95.34
159 166 56.52
159 167 108.46
159 168 88.29
159 169 68.62
159 170 80.05
159 171 157.8
159 172 96.94
159 173 77.78
159 174 157.11
159 175 80.78
159 176 97.02
159 177 24.74
159 178 74.28
159 179 79.51
159 180 112.36
159 181 38.95
159 182 79.31
159 183 33.38
159 184 21.93
159 185 37.34
159 186 37.12
159 187 10.77
159 188 95.13
159 189 151.4
159 190 99.72
159 191 114.79
159 192 52.77
159 193 107.69
159 194 81.02
159 195 79.03
159 196 56.36
159 197 138.29
159 198 65.92
159 199 24.74
159 200 135.95
159 201 68.88
160 0 52.7
160 1 84.02
160 2 47.71
160 3 142.27
160 4 95.02
160 5 74.0
160 6 17.03
160 7 128.43
160 8 143.28
160 9 85.43
160 10 75.0
160 11 16.4
160 12 9.85
160 13 43.27
160 14 80.01
160 15 86.0
160 16 125.9
160 17 53.41
160 18 133.73
160 19 81.22
160 20 43.19
160 21 105.48
160 22 127.01
160 23 109.18
160 24 44.01
160 25 43.01
160 26 78.06
160 27 49.37
160 28 78.52
160 29 86.65
160 30 74.53
160 31 45.22
160 32 34.48
160 33 81.88
160 34 69.01
160 35 91.61
160 36 82.73
160 37 104.35
160 38 122.54
160 39 50.33
160 40 80.16
160 41 46.1
160 42 86.83
160 43 43.91
160 44 77.16
160 45 48.05
160 46 78.01
160 47 2.0
160 48 70.03
160 49 125.87
160 50 88.77
160 51 42.94
160 52 106.71
160 53 85.8
160 54 137.21
160 55 107.56
160 56 116.21
160 57 81.04
160 58 118.34
160 59 82.0
160 60 98.33
160 61 44.28
160 62 71.51
160 63 122.04
160 64 47.27
160 65 42.72
160 66 2.83
160 67 50.0
160 68 73.5
160 69 35.36
160 70 8.94
160 71 87.01
160 72 95.08
160 73 17.69
160 74 75.54
160 75 111.8
160 76 69.26
160 77 41.48
160 78 48.92
160 79 90.44
160 80 47.13
160 81 101.53
160 82 97.02
160 83 83.74
160 84 98.02
160 85 46.84
160 86 44.41
160 87 86.02
160 88 144.31
160 89 85.09
160 90 49.93
160 91 5.1
160 92 107.35
160 93 101.83
160 94 44.42
160 95 70.03
160 96 79.16
160 97 81.3
160 98 139.95
160 99 83.87
160 100 46.27
160 101 81.22
160 102 76.54
160 103 28.07
160 104 130.12
160 105 84.05
160 106 75.03
160 107 49.5
160 108 77.93
160 109 47.3
160 110 37.85
160 111 124.02
160 112 89.29
160 113 43.19
160 114 118.34
160 115 45.22
160 116 11.66
160 117 128.0
160 118 80.05
160 119 85.7
160 120 77.1
160 121 80.75
160 122 18.03
160 123 84.17
160 124 33.06
160 125 93.01
160 126 88.01
160 127 143.68
160 128 77.1
160 129 14.21
160 130 78.16
160 131 74.33
160 132 134.47
160 133 70.0
160 134 90.24
160 135 107.71
160 136 36.77
160 137 99.36
160 138 101.04
160 139 19.85
160 140 129.5
160 141 37.12
160 142 125.72
160 143 84.01
160 144 84.2
160 145 107.49
160 146 77.2
160 147 3.0
160 148 28.16
160 149 69.46
160 150 123.89
160 151 123.31
160 152 80.1
160 153 79.4
160 154 48.09
160 155 47.51
160 156 89.99
160 157 135.09
160 158 69.18
160 159 121.31
160 161 128.0
160 162 34.13
160 163 111.99
160 164 3.61
160 165 81.05
160 166 88.23
160 167 69.03
160 168 90.14
160 169 84.21
160 170 90.03
160 171 41.18
160 172 41.76
160 173 51.16
160 174 43.08
160 175 47.2
160 176 83.86
160 177 139.4
160 178 52.61
160 179 45.71
160 180 99.01
160 181 127.35
160 182 114.76
160 183 97.08
160 184 109.64
160 185 132.23
160 186 145.25
160 187 129.85
160 188 80.06
160 189 35.34
160 190 71.34
160 191 95.05
160 192 82.87
160 193 78.0
160 194 110.22
160 195 105.91
160 196 82.39
160 197 31.02
160 198 81.02
160 199 104.64
160 200 32.39
160 201 52.7
161 0 76.84
161 1 46.14
161 2 82.2
161 3 19.0
161 4 90.2
161 5 93.21
161 6 111.07
161 7 12.73
161 8 17.46
161 9 44.78
161 10 93.06
161 11 111.8
161 12 118.8
161 13 86.21
161 14 90.8
161 15 89.2
161 16 31.06
161 17 75.43
161 18 6.32
161 19 75.95
161 20 105.12
161 21 99.85
161 22 39.66
161 23 106.21
161 24 100.24
161 25 114.04
161 26 93.06
161 27 93.48
161 28 81.22
161 29 117.43
161 30 76.4
161 31 114.06
161 32 161.38
161 33 80.4
161 34 93.17
161 35 40.85
161 36 81.3
161 37 25.06
161 38 37.12
161 39 77.99
161 40 94.76
161 41 109.59
161 42 111.29
161 43 86.61
161 44 66.76
161 45 90.92
161 46 93.65
161 47 126.57
161 48 93.62
161 49 4.12
161 50 111.16
161 51 169.33
161 52 108.78
161 53 43.27
161 54 9.22
161 55 20.62
161 56 25.5
161 57 70.86
161 58 11.4
161 59 89.56
161 60 84.48
161 61 96.75
161 62 68.71
161 63 24.17
161 64 95.29
161 65 169.85
161 66 125.18
161 67 79.03
161 68 73.08
161 69 151.48
161 70 125.32
161 71 43.83
161 72 88.2
161 73 110.32
161 74 81.79
161 75 110.48
161 76 72.8
161 77 112.71
161 78 79.4
161 79 117.15
161 80 113.22
161 81 27.78
161 82 90.35
161 83 75.33
161 84 94.43
161 85 112.31
161 86 171.9
161 87 115.43
161 88 20.1
161 89 93.26
161 90 80.21
161 91 123.75
161 92 106.92
161 93 26.17
161 94 171.33
161 95 91.98
161 96 85.0
161 97 82.73
161 98 16.0
161 99 45.79
161 100 95.77
161 101 48.88
161 102 68.68
161 103 147.61
161 104 2.24
161 105 92.35
161 106 95.04
161 107 78.52
161 108 80.89
161 109 90.55
161 110 111.51
161 111 26.42
161 112 113.16
161 113 84.96
161 114 30.68
161 115 172.63
161 116 116.67
161 117 4.24
161 118 74.81
161 119 47.54
161 120 77.67
161 121 81.5
161 122 110.45
161 123 108.46
161 124 154.01
161 125 93.09
161 126 43.86
161 127 16.12
161 128 96.75
161 129 113.9
161 130 85.16
161 131 67.68
161 132 10.05
161 133 91.68
161 134 109.07
161 135 21.1
161 136 162.37
161 137 29.68
161 138 29.07
161 139 108.25
161 140 31.24
161 141 154.26
161 142 27.46
161 143 79.23
161 144 46.53
161 145 112.75
161 146 69.38
161 147 125.94
161 148 147.0
161 149 84.2
161 150 36.72
161 151 29.53
161 152 93.77
161 153 97.87
161 154 96.6
161 155 80.81
161 156 112.11
161 157 13.6
161 158 89.27
161 159 33.11
161 160 128.0
161 162 108.76
161 163 111.46
161 164 124.46
161 165 79.51
161 166 44.38
161 167 96.1
161 168 116.16
161 169 95.34
161 170 108.07
161 171 167.84
161 172 113.6
161 173 94.37
161 174 168.24
161 175 81.84
161 176 80.22
161 177 20.88
161 178 90.34
161 179 93.65
161 180 91.55
161 181 6.4
161 182 111.0
161 183 31.4
161 184 21.84
161 185 5.1
161 186 18.38
161 187 26.91
161 188 79.63
161 189 161.52
161 190 86.88
161 191 95.19
161 192 77.65
161 193 92.66
161 194 112.15
161 195 109.66
161 196 81.61
161 197 150.6
161 198 91.66
161 199 26.0
161 200 149.03
161 201 76.84
162 0 33.53
162 1 71.31
162 2 43.74
162 3 119.97
162 4 103.09
162 5 84.17
162 6 28.02
162 7 112.26
162 8 121.82
162 9 72.53
162 10 85.09
162 11 28.84
162 12 25.96
162 13 40.26
162 14 46.04
162 15 52.09
162 16 99.9
162 17 45.01
162 18 113.72
162 19 49.04
162 20 9.06
162 21 71.34
162 22 99.4
162 23 75.13
162 24 10.77
162 25 12.21
162 26 44.0
162 27 17.49
162 28 45.61
162 29 54.12
162 30 42.95
162 31 14.21
162 32 57.71
162 33 86.83
162 34 79.2
162 35 79.56
162 36 88.06
162 37 83.76
162 38 95.43
162 39 41.01
162 40 46.04
162 41 13.04
162 42 53.49
162 43 42.72
162 44 48.01
162 45 18.38
162 46 88.24
162 47 32.14
162 48 36.01
162 49 107.54
162 50 55.36
162 51 64.35
162 52 72.78
162 53 71.47
162 54 117.6
162 55 88.32
162 56 91.97
162 57 81.88
162 58 97.91
162 59 48.09
162 60 104.29
162 61 12.81
162 62 43.28
162 63 97.59
162 64 15.26
162 65 65.86
162 66 32.39
162 67 43.19
162 68 43.05
162 69 43.19
162 70 26.02
162 71 74.46
162 72 102.49
162 73 25.81
162 74 42.72
162 75 77.88
162 76 40.0
162 77 10.0
162 78 40.05
162 79 57.7
162 80 15.56
162 81 80.99
162 82 105.0
162 83 86.68
162 84 107.22
162 85 14.87
162 86 68.48
162 87 53.23
162 88 122.15
162 89 51.01
162 90 45.54
162 91 29.27
162 92 73.35
162 93 83.65
162 94 66.89
162 95 79.71
162 96 45.71
162 97 48.05
162 98 118.07
162 99 70.6
162 100 14.42
162 101 68.88
162 102 46.87
162 103 40.61
162 104 110.98
162 105 50.0
162 106 85.91
162 107 38.01
162 108 82.97
162 109 18.44
162 110 5.83
162 111 99.01
162 112 56.08
162 113 35.36
162 114 92.7
162 115 68.96
162 116 25.63
162 117 109.77
162 118 82.57
162 119 75.31
162 120 44.94
162 121 86.13
162 122 30.0
162 123 50.6
162 124 46.86
162 125 102.18
162 126 76.16
162 127 123.22
162 128 88.57
162 129 28.65
162 130 44.72
162 131 45.61
162 132 116.85
162 133 36.12
162 134 56.61
162 135 87.66
162 136 57.14
162 137 79.08
162 138 79.88
162 139 27.66
162 140 103.48
162 141 46.01
162 142 100.45
162 143 88.53
162 144 72.03
162 145 73.76
162 146 47.17
162 147 34.53
162 148 39.82
162 149 36.69
162 150 96.83
162 151 97.67
162 152 46.01
162 153 45.28
162 154 15.23
162 155 39.12
162 156 56.65
162 157 113.07
162 158 77.62
162 159 95.02
162 160 34.13
162 161 108.76
162 163 78.1
162 164 31.4
162 165 85.62
162 166 76.9
162 167 80.5
162 168 57.27
162 169 50.09
162 170 56.32
162 171 63.29
162 172 10.82
162 173 18.38
162 174 62.2
162 175 41.44
162 176 88.77
162 177 116.1
162 178 21.1
162 179 15.56
162 180 107.21
162 181 109.66
162 182 80.81
162 183 77.52
162 184 88.01
162 185 113.53
162 186 124.2
162 187 104.69
162 188 84.65
162 189 56.94
162 190 78.77
162 191 104.75
162 192 50.29
162 193 87.85
162 194 76.4
162 195 72.03
162 196 49.24
162 197 43.28
162 198 47.01
162 199 83.23
162 200 41.01
162 201 33.53
163 0 82.8
163 1 104.56
163 2 103.81
163 3 110.0
163 4 158.49
163 5 145.34
163 6 104.68
163 7 122.02
163 8 114.0
163 9 104.85
163 10 146.0
163 11 105.62
163 12 104.05
163 13 103.17
163 14 36.06
163 15 31.89
163 16 84.01
163 17 99.49
163 18 112.64
163 19 46.1
163 20 69.12
163 21 12.08
163 22 77.1
163 23 5.39
163 24 69.57
163 25 69.46
163 26 36.72
163 27 66.71
163 28 43.86
163 29 28.86
163 30 51.62
163 31 67.36
163 32 127.32
163 33 141.45
163 34 141.35
163 35 110.28
163 36 142.86
163 37 92.97
163 38 77.01
163 39 97.01
163 40 34.0
163 41 65.92
163 42 26.02
163 43 105.95
163 44 59.03
163 45 70.21
163 46 148.73
163 47 110.02
163 48 44.28
163 49 113.16
163 50 24.02
163 51 131.11
163 52 5.39
163 53 101.55
163 54 116.52
163 55 98.98
163 56 85.99
163 57 132.46
163 58 101.2
163 59 35.0
163 60 156.73
163 61 70.94
163 62 62.97
163 63 88.36
163 64 68.15
163 65 133.84
163 66 110.42
163 67 100.6
163 68 55.87
163 69 105.93
163 70 103.41
163 71 106.53
163 72 157.14
163 73 102.46
163 74 46.1
163 75 1.0
163 76 60.83
163 77 70.71
163 78 97.2
163 79 25.0
163 80 65.38
163 81 91.76
163 82 159.96
163 83 138.77
163 84 163.42
163 85 65.49
163 86 136.82
163 87 28.44
163 88 112.02
163 89 30.23
163 90 104.2
163 91 107.28
163 92 5.66
163 93 99.16
163 94 134.08
163 95 141.23
163 96 40.46
163 97 40.31
163 98 110.02
163 99 103.17
163 100 69.08
163 101 104.04
163 102 57.49
163 103 108.23
163 104 113.28
163 105 31.62
163 106 147.51
163 107 93.6
163 108 138.59
163 109 71.55
163 110 74.15
163 111 87.14
163 112 24.19
163 113 96.8
163 114 81.39
163 115 136.94
163 116 103.58
163 117 114.93
163 118 135.15
163 119 110.94
163 120 48.08
163 121 141.43
163 122 106.28
163 123 28.07
163 124 112.64
163 125 159.11
163 126 108.76
163 127 118.07
163 128 150.33
163 129 105.95
163 130 41.23
163 131 60.96
163 132 121.49
163 133 45.18
163 134 22.02
163 135 96.46
163 136 124.68
163 137 91.55
163 138 89.54
163 139 103.46
163 140 86.02
163 141 108.19
163 142 87.05
163 143 142.21
163 144 105.95
163 145 5.39
163 146 56.08
163 147 112.59
163 148 107.23
163 149 50.22
163 150 78.0
163 151 84.1
163 152 34.48
163 153 33.62
163 154 66.48
163 155 97.42
163 156 23.09
163 157 106.12
163 158 138.29
163 159 80.1
163 160 111.99
163 161 111.46
163 162 78.1
163 164 109.44
163 165 140.04
163 166 110.14
163 167 143.68
163 168 24.74
163 169 30.02
163 170 22.09
163 171 130.86
163 172 70.58
163 173 64.08
163 174 127.42
163 175 101.02
163 176 142.9
163 177 104.02
163 178 64.85
163 179 71.18
163 180 162.11
163 181 116.3
163 182 3.16
163 183 92.7
163 184 92.18
163 185 116.25
163 186 117.0
163 187 90.0
163 188 139.32
163 189 125.48
163 190 138.11
163 191 161.94
163 192 43.28
163 193 147.99
163 194 2.24
163 195 6.08
163 196 40.31
163 197 109.46
163 198 34.67
163 199 90.44
163 200 105.57
163 201 82.8
164 0 49.09
164 1 80.6
164 2 44.42
164 3 138.68
164 4 93.01
164 5 72.06
164 6 13.6
164 7 124.96
164 8 139.7
164 9 82.01
164 10 73.06
164 11 13.04
164 12 6.32
164 13 39.96
164 14 77.06
164 15 83.02
164 16 122.3
164 17 50.0
164 18 130.18
164 19 77.93
164 20 40.45
164 21 102.7
164 22 123.44
164 23 106.53
164 24 41.01
164 25 40.85
164 26 75.17
164 27 46.17
164 28 75.33
164 29 84.5
164 30 71.2
164 31 43.08
164 32 37.74
164 33 79.51
164 34 67.03
164 35 88.23
164 36 80.4
164 37 100.77
164 38 118.96
164 39 46.86
164 40 77.32
164 41 43.68
164 42 84.48
164 43 40.71
164 44 73.68
164 45 44.72
164 46 76.11
164 47 2.24
164 48 67.12
164 49 122.35
164 50 86.4
164 51 46.14
164 52 104.14
164 53 82.33
164 54 133.66
164 55 104.0
164 56 112.61
164 57 78.34
164 58 114.77
164 59 79.03
164 60 96.13
164 61 41.11
164 62 68.01
164 63 118.43
164 64 44.1
164 65 46.04
164 66 1.0
164 67 46.62
164 68 70.09
164 69 37.05
164 70 7.81
164 71 83.6
164 72 93.01
164 73 14.14
164 74 72.34
164 75 109.24
164 76 65.8
164 77 39.22
164 78 45.45
164 79 88.26
164 80 44.94
164 81 97.95
164 82 95.01
164 83 81.22
164 84 96.13
164 85 44.6
164 86 47.8
164 87 83.82
164 88 140.72
164 89 82.22
164 90 46.65
164 91 2.24
164 92 104.74
164 93 98.29
164 94 47.71
164 95 68.01
164 96 76.06
164 97 78.16
164 98 136.36
164 99 80.43
164 100 43.1
164 101 77.8
164 102 73.08
164 103 30.02
164 104 126.57
164 105 81.15
164 106 73.17
164 107 45.97
164 108 75.54
164 109 43.93
164 110 35.44
164 111 120.42
164 112 86.98
164 113 39.7
164 114 114.74
164 115 48.6
164 116 8.06
164 117 124.48
164 118 77.47
164 119 82.38
164 120 73.82
164 121 78.41
164 122 14.76
164 123 81.74
164 124 35.36
164 125 91.09
164 126 84.63
164 127 140.12
164 128 75.33
164 129 10.82
164 130 75.06
164 131 70.84
164 132 130.97
164 133 67.03
164 134 87.8
164 135 104.14
164 136 39.81
164 137 95.78
164 138 97.45
164 139 16.4
164 140 125.9
164 141 39.0
164 142 122.11
164 143 81.61
164 144 80.8
164 145 105.02
164 146 73.76
164 147 3.16
164 148 30.0
164 149 66.27
164 150 120.31
164 151 119.71
164 152 77.23
164 153 76.66
164 154 45.01
164 155 44.05
164 156 87.64
164 157 131.5
164 158 67.03
164 159 117.72
164 160 3.61
164 161 124.46
164 162 31.4
164 163 109.44
164 165 78.64
164 166 84.88
164 167 67.19
164 168 87.92
164 169 81.39
164 170 87.56
164 171 44.42
164 172 39.56
164 173 48.04
164 174 46.1
164 175 43.83
164 176 81.5
164 177 135.8
164 178 49.37
164 179 42.43
164 180 97.02
164 181 123.84
164 182 112.18
164 183 93.51
164 184 106.04
164 185 128.7
164 186 141.68
164 187 126.25
164 188 77.65
164 189 38.47
164 190 69.12
164 191 93.19
164 192 79.63
164 193 76.06
164 194 107.71
164 195 103.37
164 196 79.23
164 197 33.06
164 198 78.1
164 199 101.04
164 200 34.06
164 201 49.09
165 0 59.68
165 1 41.44
165 2 42.06
165 3 98.41
165 4 18.6
165 5 14.32
165 6 67.03
165 7 72.28
165 8 96.88
165 9 42.06
165 10 13.93
165 11 67.07
165 12 76.11
165 13 45.35
165 14 105.12
165 15 108.3
165 16 97.49
165 17 42.94
165 18 85.71
165 19 94.05
165 20 89.2
165 21 128.7
165 22 103.81
165 23 135.06
165 24 84.86
165 25 97.12
165 26 105.42
165 27 82.29
165 28 96.26
165 29 128.16
165 30 88.46
165 31 98.67
165 32 114.02
165 33 1.41
165 34 16.28
165 35 41.44
165 36 2.83
165 37 68.25
165 38 98.95
165 39 46.52
165 40 108.23
165 41 95.52
165 42 124.28
165 43 42.95
165 44 81.39
165 45 77.82
165 46 14.14
165 47 80.75
165 48 99.86
165 49 75.66
165 50 125.43
165 51 122.53
165 52 135.15
165 53 45.54
165 54 87.3
165 55 66.37
165 56 85.51
165 57 9.22
165 58 76.03
165 59 105.65
165 60 18.68
165 61 81.15
165 62 77.08
165 63 89.94
165 64 82.35
165 65 121.46
165 66 78.77
165 67 43.46
165 68 84.17
165 69 115.28
165 70 84.15
165 71 41.48
165 72 17.49
165 73 68.0
165 74 94.26
165 75 139.32
165 76 79.31
165 77 94.92
165 78 47.01
165 79 130.36
165 80 99.3
165 81 66.71
165 82 20.25
165 83 4.47
165 84 23.43
165 85 98.35
165 86 122.38
165 87 126.48
165 88 99.61
165 89 110.63
165 90 40.5
165 91 79.4
165 92 134.38
165 93 60.67
165 94 123.37
165 95 14.87
165 96 99.9
165 97 99.76
165 98 95.43
165 99 42.72
165 100 81.94
165 101 40.31
165 102 82.76
165 103 108.56
165 104 80.75
165 105 109.22
165 106 15.81
165 107 50.09
165 108 3.16
165 109 76.49
165 110 91.21
165 111 93.06
165 112 127.06
165 113 50.6
165 114 91.22
165 115 123.33
165 116 74.06
165 117 76.94
165 118 5.39
165 119 36.14
165 120 91.97
165 121 2.0
165 122 65.07
165 123 120.67
165 124 113.99
165 125 19.1
165 126 40.02
165 127 94.54
165 128 17.26
165 129 69.12
165 130 99.25
165 131 79.21
165 132 80.28
165 133 98.23
165 134 125.0
165 135 68.59
165 136 117.15
165 137 65.0
165 138 68.15
165 139 65.0
165 140 100.13
165 141 117.43
165 142 95.04
165 143 3.0
165 144 40.16
165 145 138.11
165 146 84.17
165 147 78.09
165 148 108.46
165 149 91.21
165 150 99.69
165 151 94.54
165 152 107.45
165 153 110.0
165 154 84.58
165 155 47.54
165 156 126.83
165 157 92.14
165 158 13.6
165 159 95.34
165 160 81.05
165 161 79.51
165 162 85.62
165 163 140.04
165 164 78.64
165 166 38.83
165 167 18.6
165 168 129.53
165 169 111.52
165 170 124.2
165 171 120.6
165 172 95.88
165 173 84.97
165 174 123.45
165 175 44.6
165 176 3.16
165 177 99.05
165 178 81.88
165 179 78.79
165 180 22.47
165 181 75.13
165 182 141.42
165 183 62.1
165 184 73.98
165 185 81.22
165 186 97.32
165 187 97.62
165 188 1.0
165 189 115.45
165 190 10.82
165 191 21.93
165 192 96.88
165 193 13.15
165 194 139.39
165 195 135.21
165 196 99.72
165 197 111.65
165 198 106.53
165 199 70.61
165 200 112.29
165 201 59.68
166 0 43.57
166 1 6.08
166 2 40.61
166 3 62.36
166 4 54.13
166 5 51.04
166 6 71.28
166 7 41.23
166 8 61.68
166 9 5.39
166 10 51.09
166 11 71.85
166 12 79.92
166 13 45.0
166 14 78.55
166 15 80.06
166 16 58.69
166 17 34.99
166 18 50.7
166 19 64.85
166 20 76.42
166 21 98.18
166 22 65.0
166 23 104.85
166 24 71.34
166 25 85.59
166 26 79.71
166 27 66.03
166 28 68.54
166 29 104.69
166 30 61.1
166 31 86.37
166 32 122.59
166 33 40.02
166 34 50.09
166 35 3.61
166 36 41.23
166 37 29.43
166 38 60.17
166 39 38.47
166 40 82.28
166 41 82.22
166 42 99.62
166 43 44.69
166 44 51.89
166 45 62.13
166 46 52.35
166 47 87.09
166 48 76.4
166 49 41.15
166 50 100.3
166 51 130.92
166 52 105.82
166 53 8.6
166 54 53.23
166 55 28.02
166 56 46.69
166 57 29.61
166 58 38.47
166 59 78.39
166 60 50.25
166 61 67.36
166 62 49.65
166 63 51.24
166 64 67.12
166 65 130.92
166 66 85.45
166 67 38.28
166 68 56.65
166 69 116.47
166 70 87.32
166 71 3.61
166 72 52.33
166 73 71.02
166 74 67.42
166 75 109.29
166 76 53.16
166 77 83.73
166 78 39.82
166 79 105.95
166 80 86.21
166 81 27.89
166 82 55.01
166 83 35.44
166 84 59.03
166 85 85.21
166 86 132.64
166 87 102.79
166 88 63.89
166 89 83.26
166 90 38.42
166 91 84.6
166 92 104.62
166 93 22.02
166 94 132.57
166 95 49.04
166 96 72.62
166 97 71.59
166 98 59.48
166 99 7.28
166 100 67.19
166 101 8.06
166 102 53.71
166 103 111.36
166 104 46.1
166 105 81.94
166 106 53.08
166 107 40.31
166 108 39.32
166 109 61.2
166 110 81.22
166 111 54.33
166 112 102.18
166 113 45.65
166 114 52.39
166 115 133.45
166 116 77.7
166 117 42.94
166 118 33.54
166 119 3.16
166 120 64.08
166 121 40.79
166 122 70.21
166 123 96.14
166 124 117.62
166 125 56.08
166 126 1.41
166 127 60.42
166 128 55.23
166 129 74.06
166 130 72.24
166 131 50.7
166 132 48.26
166 133 74.46
166 134 99.16
166 135 30.02
166 136 124.34
166 137 26.25
166 138 29.41
166 139 68.51
166 140 61.4
166 141 119.1
166 142 56.32
166 143 39.56
166 144 5.0
166 145 109.27
166 146 55.04
166 147 85.8
166 148 110.92
166 149 66.48
166 150 60.88
166 151 55.73
166 152 81.34
166 153 84.76
166 154 69.07
166 155 41.18
166 156 101.59
166 157 55.54
166 158 46.1
166 159 56.52
166 160 88.23
166 161 44.38
166 162 76.9
166 163 110.14
166 164 84.88
166 165 38.83
166 167 53.08
166 168 105.0
166 169 84.69
166 170 98.23
166 171 129.25
166 172 84.72
166 173 68.0
166 174 130.51
166 175 41.05
166 176 40.52
166 177 61.98
166 178 64.01
166 179 64.28
166 180 56.82
166 181 41.68
166 182 110.94
166 183 23.41
166 184 35.23
166 185 47.41
166 186 62.77
166 187 59.08
166 188 38.64
166 189 123.17
166 190 44.01
166 191 58.69
166 192 67.54
166 193 51.35
166 194 109.93
166 195 106.17
166 196 71.11
166 197 114.49
166 198 79.85
166 199 31.78
166 200 113.72
166 201 43.57
167 0 60.96
167 1 54.08
167 2 40.31
167 3 114.76
167 4 26.31
167 5 5.39
167 6 57.49
167 7 89.81
167 8 113.56
167 9 55.04
167 10 6.32
167 11 57.27
167 12 65.92
167 13 42.01
167 14 107.81
167 15 111.83
167 16 111.16
167 17 44.2
167 18 102.39
167 19 98.74
167 20 85.76
167 21 133.0
167 22 116.73
167 23 139.01
167 24 82.1
167 25 92.59
167 26 107.63
167 27 81.06
167 28 100.0
167 29 128.32
167 30 92.42
167 31 94.41
167 32 100.13
167 33 18.44
167 34 3.0
167 35 56.22
167 36 18.38
167 37 82.02
167 38 111.76
167 39 46.75
167 40 110.45
167 41 91.92
167 42 125.21
167 43 39.2
167 44 86.95
167 45 76.69
167 46 9.06
167 47 69.12
167 48 101.12
167 49 92.42
167 50 126.59
167 51 108.5
167 52 138.54
167 53 58.14
167 54 104.29
167 55 81.1
167 56 99.13
167 57 25.63
167 58 91.44
167 59 108.71
167 60 30.68
167 61 78.82
167 62 81.84
167 63 104.02
167 64 80.6
167 65 107.08
167 66 67.12
167 67 43.19
167 68 88.48
167 69 104.24
167 70 73.68
167 71 55.0
167 72 26.68
167 73 58.94
167 74 97.62
167 75 143.06
167 76 83.23
167 77 90.35
167 78 46.69
167 79 130.97
167 80 95.38
167 81 80.1
167 82 28.28
167 83 23.02
167 84 29.0
167 85 94.51
167 86 107.71
167 87 126.81
167 88 116.1
167 89 113.57
167 90 39.62
167 91 68.36
167 92 138.06
167 93 75.03
167 94 109.04
167 95 4.12
167 96 103.23
167 97 103.6
167 98 111.8
167 99 55.15
167 100 80.0
167 101 52.24
167 102 87.98
167 103 97.08
167 104 97.51
167 105 112.16
167 106 6.0
167 107 50.25
167 108 16.12
167 109 75.29
167 110 86.31
167 111 107.04
167 112 128.04
167 113 48.27
167 114 104.39
167 115 108.68
167 116 64.13
167 117 93.86
167 118 21.93
167 119 50.04
167 120 96.02
167 121 17.03
167 122 55.32
167 123 121.66
167 124 102.0
167 125 24.02
167 126 54.04
167 127 111.57
167 128 8.25
167 129 59.03
167 130 102.45
167 131 84.38
167 132 97.72
167 133 99.72
167 134 126.57
167 135 83.02
167 136 103.7
167 137 78.16
167 138 81.22
167 139 56.04
167 140 114.07
167 141 106.12
167 142 109.04
167 143 20.52
167 144 53.04
167 145 141.11
167 146 89.36
167 147 66.03
167 148 97.13
167 149 93.61
167 150 112.64
167 151 108.17
167 152 109.79
167 153 111.76
167 154 82.8
167 155 46.67
167 156 128.0
167 157 108.19
167 158 7.0
167 159 108.46
167 160 69.03
167 161 96.1
167 162 80.5
167 163 143.68
167 164 67.19
167 165 18.6
167 166 53.08
167 168 130.23
167 169 114.11
167 170 125.87
167 171 106.53
167 172 91.24
167 173 83.87
167 174 109.9
167 175 43.14
167 176 19.8
167 177 114.86
167 178 81.47
167 179 77.01
167 180 30.15
167 181 92.18
167 182 145.42
167 183 75.17
167 184 88.01
167 185 98.23
167 186 114.24
167 187 112.0
167 188 18.03
167 189 101.83
167 190 9.22
167 191 26.02
167 192 101.51
167 193 9.22
167 194 142.76
167 195 138.41
167 196 103.81
167 197 100.04
167 198 109.22
167 199 84.1
167 200 101.24
167 201 60.96
168 0 70.0
168 1 99.02
168 2 89.94
168 3 118.66
168 4 148.12
168 5 132.65
168 6 85.0
168 7 125.04
168 8 122.18
168 9 99.62
168 10 133.42
168 11 85.88
168 12 83.01
168 13 88.39
168 14 26.68
168 15 27.0
168 16 92.89
168 17 87.01
168 18 118.61
168 19 41.44
168 20 48.76
168 21 25.5
168 22 87.6
168 23 24.6
168 24 50.48
168 25 47.13
168 26 25.3
168 27 49.58
168 28 36.88
168 29 4.12
168 30 43.97
168 31 44.92
168 32 103.04
168 33 130.92
168 34 128.22
168 35 105.95
168 36 132.31
168 37 94.19
168 38 86.13
168 39 83.87
168 40 22.8
168 41 44.38
168 42 5.39
168 43 91.22
168 44 53.6
168 45 53.76
168 46 136.36
168 47 88.23
168 48 29.68
168 49 117.02
168 50 5.0
168 51 106.57
168 52 20.62
168 53 96.77
168 54 122.69
168 55 100.24
168 56 91.66
168 57 122.97
168 58 105.04
168 59 27.29
168 60 147.34
168 61 52.8
168 62 55.36
168 63 95.35
168 64 50.45
168 65 109.37
168 66 88.87
168 67 87.32
168 68 48.38
168 69 81.39
168 70 81.32
168 71 101.51
168 72 147.0
168 73 82.76
168 74 37.64
168 75 25.0
168 76 52.0
168 77 48.7
168 78 83.74
168 79 1.0
168 80 43.01
168 81 92.35
168 82 149.77
168 83 129.0
168 84 152.87
168 85 43.32
168 86 112.36
168 87 4.12
168 88 120.83
168 89 23.02
168 90 90.79
168 91 85.7
168 92 22.36
168 93 98.86
168 94 109.55
168 95 128.32
168 96 32.76
168 97 34.37
168 98 118.07
168 99 97.74
168 100 51.22
168 101 97.86
168 102 51.66
168 103 84.01
168 104 118.21
168 105 24.08
168 106 134.71
168 107 80.28
168 108 127.64
168 109 55.17
168 110 52.55
168 111 94.92
168 112 3.0
168 113 82.04
168 114 88.46
168 115 112.45
168 116 82.86
168 117 119.04
168 118 125.1
168 119 105.11
168 120 41.23
168 121 130.67
168 122 86.83
168 123 8.94
168 124 88.2
168 125 148.22
168 126 103.73
168 127 125.6
168 128 137.54
168 129 85.87
168 130 32.98
168 131 54.41
168 132 126.1
168 133 31.38
168 134 7.28
168 135 98.13
168 136 100.24
168 137 91.55
168 138 90.27
168 139 84.22
168 140 95.6
168 141 83.6
168 142 95.34
168 143 132.02
168 144 100.3
168 145 19.42
168 146 50.45
168 147 91.08
168 148 83.01
168 149 38.91
168 150 87.36
168 151 92.2
168 152 23.77
168 153 20.25
168 154 48.41
168 155 83.63
168 156 4.12
168 157 113.6
168 158 125.61
168 159 88.29
168 160 90.14
168 161 116.16
168 162 57.27
168 163 24.74
168 164 87.92
168 165 129.53
168 166 105.0
168 167 130.23
168 169 21.1
168 170 8.25
168 171 106.38
168 172 48.38
168 173 46.75
168 174 102.83
168 175 87.11
168 176 132.57
168 177 113.03
168 178 48.8
168 179 53.91
168 180 151.99
168 181 120.0
168 182 27.89
168 183 91.92
168 184 95.0
168 185 121.2
168 186 125.13
168 187 98.95
168 188 128.71
168 189 101.12
168 190 125.88
168 191 151.01
168 192 39.2
168 193 135.72
168 194 22.56
168 195 19.31
168 196 35.23
168 197 85.09
168 198 25.5
168 199 92.09
168 200 81.15
168 201 70.0
169 0 53.15
169 1 78.79
169 2 74.03
169 3 98.76
169 4 130.1
169 5 116.0
169 6 75.43
169 7 104.0
169 8 102.11
169 9 79.31
169 10 116.69
169 11 76.4
169 12 75.66
169 13 73.24
169 14 6.4
169 15 6.32
169 16 73.39
169 17 70.04
169 18 98.01
169 19 20.4
169 20 41.05
169 21 21.38
169 22 68.88
169 23 26.0
169 24 40.61
169 25 43.57
169 26 6.71
169 27 37.0
169 28 16.16
169 29 22.09
169 30 23.71
169 31 41.77
169 32 103.81
169 33 112.93
169 34 111.87
169 35 85.44
169 36 114.34
169 37 73.11
169 38 66.85
169 39 67.36
169 40 4.12
169 41 39.2
169 42 16.0
169 43 76.03
169 44 32.89
169 45 40.31
169 46 119.5
169 47 82.22
169 48 14.56
169 49 96.08
169 50 16.12
169 51 108.81
169 52 24.7
169 53 76.32
169 54 102.11
169 55 79.16
169 56 71.2
169 57 104.4
169 58 84.15
169 59 6.32
169 60 128.81
169 61 41.48
169 62 35.36
169 63 75.19
169 64 38.6
169 65 111.13
169 66 82.39
169 67 70.94
169 68 28.18
169 69 84.15
169 70 76.03
169 71 81.15
169 72 128.84
169 73 73.25
169 74 17.49
169 75 29.53
169 76 32.45
169 77 44.28
169 78 67.48
169 79 22.09
169 80 39.81
169 81 71.25
169 82 131.65
169 83 110.6
169 84 134.95
169 85 39.62
169 86 114.02
169 87 20.1
169 88 100.96
169 89 2.24
169 90 74.52
169 91 79.31
169 92 24.6
169 93 77.78
169 94 111.68
169 95 111.8
169 96 12.08
169 97 13.34
169 98 97.98
169 99 77.47
169 100 39.56
169 101 77.82
169 102 31.02
169 103 84.9
169 104 97.42
169 105 3.0
169 106 118.14
169 107 63.89
169 108 109.88
169 109 41.63
169 110 47.04
169 111 75.0
169 112 18.11
169 113 66.85
169 114 68.41
169 115 114.28
169 116 74.97
169 117 98.13
169 118 106.83
169 119 85.0
169 120 20.62
169 121 112.81
169 122 76.92
169 123 13.15
169 124 90.14
169 125 130.48
169 126 83.38
169 127 105.32
169 128 120.97
169 129 76.9
169 130 12.53
169 131 34.01
169 132 105.23
169 133 15.23
169 134 14.56
169 135 77.06
169 136 101.92
169 137 70.46
169 138 69.18
169 139 74.04
169 140 76.32
169 141 86.73
169 142 75.58
169 143 113.85
169 144 80.11
169 145 27.02
169 146 29.73
169 147 84.48
169 148 83.93
169 149 20.52
169 150 68.15
169 151 72.42
169 152 4.47
169 153 5.39
169 154 37.11
169 155 67.62
169 156 17.26
169 157 93.39
169 158 108.93
169 159 68.62
169 160 84.21
169 161 95.34
169 162 50.09
169 163 30.02
169 164 81.39
169 165 111.52
169 166 84.69
169 167 114.11
169 168 21.1
169 170 13.6
169 171 108.24
169 172 44.41
169 173 34.48
169 174 105.62
169 175 71.22
169 176 114.48
169 177 93.3
169 178 34.93
169 179 41.44
169 180 133.84
169 181 99.05
169 182 32.2
169 183 70.86
169 184 74.03
169 185 100.4
169 186 105.02
169 187 79.38
169 188 110.75
169 189 102.36
169 190 108.89
169 191 133.3
169 192 18.11
169 193 118.79
169 194 28.84
169 195 24.41
169 196 14.14
169 197 86.68
169 198 5.0
169 199 71.03
169 200 83.17
169 201 53.15
170 0 65.12
170 1 92.31
170 2 85.59
170 3 110.42
170 4 142.8
170 5 128.04
170 6 83.38
170 7 117.11
170 8 113.95
170 9 92.85
170 10 128.76
170 11 84.31
170 12 82.28
170 13 84.39
170 14 19.7
170 15 19.1
170 16 84.65
170 17 82.13
170 18 110.45
170 19 33.96
170 20 47.43
170 21 19.24
170 22 79.38
170 23 20.22
170 24 48.33
170 25 47.38
170 26 18.87
170 27 46.32
170 28 29.73
170 29 10.82
170 30 37.16
170 31 45.28
170 32 105.57
170 33 125.6
170 34 123.75
170 35 99.02
170 36 127.0
170 37 86.37
170 38 77.88
170 39 79.21
170 40 16.12
170 41 43.93
170 42 5.0
170 43 87.21
170 44 46.49
170 45 50.22
170 46 131.64
170 47 88.07
170 48 24.76
170 49 109.0
170 50 3.61
170 51 109.66
170 52 17.0
170 53 89.89
170 54 114.53
170 55 92.44
170 56 83.49
170 57 117.32
170 58 97.01
170 59 19.92
170 60 141.74
170 61 50.12
170 62 48.75
170 63 87.13
170 64 47.51
170 65 112.29
170 66 88.53
170 67 82.73
170 68 41.63
170 69 84.53
170 70 81.39
170 71 94.7
170 72 141.61
170 73 81.15
170 74 30.87
170 75 22.02
170 76 45.65
170 77 48.66
170 78 79.2
170 79 9.22
170 80 43.29
170 81 84.59
170 82 144.4
170 83 123.46
170 84 147.61
170 85 43.42
170 86 115.26
170 87 9.22
170 88 112.59
170 89 15.3
170 90 86.27
170 91 85.38
170 92 18.11
170 93 91.24
170 94 112.61
170 95 123.76
170 96 25.63
170 97 26.93
170 98 109.84
170 99 91.0
170 100 48.37
170 101 91.29
170 102 44.6
170 103 86.47
170 104 110.11
170 105 16.49
170 106 130.14
170 107 75.66
170 108 122.44
170 109 51.61
170 110 52.17
170 111 86.68
170 112 5.39
170 113 77.99
170 114 80.23
170 115 115.41
170 116 81.91
170 117 111.0
170 118 119.62
170 119 98.49
170 120 34.18
170 121 125.42
170 122 85.09
170 123 6.0
170 124 91.08
170 125 143.06
170 126 96.93
170 127 117.39
170 128 132.97
170 129 84.5
170 130 26.0
170 131 47.54
170 132 118.04
170 133 26.17
170 134 1.0
170 135 90.27
170 136 103.1
170 137 83.86
170 138 82.49
170 139 82.35
170 140 87.36
170 141 86.88
170 142 87.1
170 143 126.61
170 144 93.62
170 145 17.46
170 146 43.32
170 147 90.71
170 148 85.48
170 149 33.02
170 150 79.12
170 151 83.95
170 152 17.0
170 153 14.21
170 154 45.65
170 155 79.21
170 156 4.12
170 157 105.38
170 158 120.97
170 159 80.05
170 160 90.03
170 161 108.07
170 162 56.32
170 163 22.09
170 164 87.56
170 165 124.2
170 166 98.23
170 167 125.87
170 168 8.25
170 169 13.6
170 171 109.33
170 172 48.51
170 173 43.57
170 174 106.1
170 175 82.76
170 176 127.2
170 177 104.79
170 178 45.0
170 179 50.77
170 180 146.6
170 181 112.0
170 182 25.02
170 183 84.34
170 184 87.02
170 185 113.11
170 186 116.9
170 187 90.71
170 188 123.41
170 189 103.82
170 190 121.08
170 191 145.87
170 192 31.58
170 193 130.97
170 194 20.22
170 195 16.03
170 196 27.66
170 197 87.82
170 198 18.38
170 199 84.21
170 200 84.01
170 201 65.12
171 0 91.22
171 1 124.85
171 2 88.84
171 3 181.07
171 4 132.83
171 5 111.8
171 6 57.98
171 7 169.01
171 8 182.43
171 9 126.25
171 10 112.79
171 11 57.45
171 12 49.41
171 13 84.38
171 14 105.95
171 15 111.95
171 16 162.61
171 17 94.3
171 18 173.36
171 19 111.8
171 20 70.66
171 21 127.68
171 22 162.54
171 23 129.55
171 24 73.93
171 25 65.19
171 26 103.41
171 27 80.78
171 28 107.84
171 29 102.31
171 30 106.07
171 31 66.73
171 32 6.71
171 33 121.3
171 34 107.08
171 35 132.57
171 36 122.0
171 37 143.56
171 38 158.45
171 39 91.02
171 40 104.69
171 41 70.01
171 42 104.94
171 43 85.09
171 44 111.22
171 45 81.27
171 46 115.57
171 47 42.19
171 48 96.21
171 49 165.95
171 50 106.92
171 51 2.0
171 52 126.15
171 53 126.4
171 54 176.98
171 55 147.25
171 56 153.91
171 57 121.49
171 58 157.72
171 59 108.17
171 60 136.89
171 61 76.01
171 62 106.25
171 63 159.67
171 64 78.55
171 65 3.0
171 66 43.91
171 67 90.97
171 68 106.33
171 69 25.02
171 70 42.52
171 71 127.88
171 72 133.18
171 73 58.25
171 74 105.12
171 75 130.98
171 76 103.17
171 77 65.0
171 78 89.63
171 79 106.3
171 80 68.62
171 81 140.73
171 82 134.81
171 83 123.66
171 84 135.2
171 85 68.95
171 86 6.0
171 87 102.49
171 88 183.17
171 89 109.77
171 90 91.07
171 91 44.65
171 92 127.42
171 93 141.77
171 94 3.61
171 95 108.26
171 96 107.15
171 97 109.77
171 98 178.91
171 99 124.62
171 100 77.7
171 101 122.07
171 102 110.14
171 103 23.41
171 104 169.99
171 105 109.11
171 106 112.45
171 107 89.81
171 108 117.44
171 109 81.02
171 110 63.51
171 111 161.34
171 112 106.68
171 113 83.82
171 114 155.24
171 115 6.08
171 116 51.61
171 117 168.12
171 118 120.17
171 119 126.78
171 120 107.78
171 121 120.07
171 122 59.17
171 123 103.41
171 124 18.25
171 125 130.39
171 126 128.97
171 127 183.21
171 128 114.13
171 129 55.23
171 130 106.23
171 131 108.72
171 132 174.77
171 133 96.93
171 134 109.18
171 135 147.14
171 136 6.32
171 137 138.62
171 138 140.01
171 139 60.75
171 140 166.21
171 141 23.02
171 142 162.89
171 143 123.49
171 144 125.1
171 145 125.67
171 146 110.45
171 147 43.83
171 148 24.35
171 149 99.28
171 150 159.84
171 151 160.24
171 152 105.0
171 153 102.88
171 154 78.39
171 155 88.23
171 156 107.79
171 157 173.97
171 158 107.94
171 159 157.8
171 160 41.18
171 161 167.84
171 162 63.29
171 163 130.86
171 164 44.42
171 165 120.6
171 166 129.25
171 167 106.53
171 168 106.38
171 169 108.24
171 170 109.33
171 172 64.62
171 173 81.49
171 174 5.66
171 175 88.2
171 176 123.23
171 177 177.72
171 178 84.38
171 179 78.49
171 180 136.62
171 181 167.6
171 182 133.96
171 183 136.56
171 184 148.5
171 185 172.25
171 186 184.57
171 187 167.11
171 188 119.64
171 189 6.4
171 190 110.35
171 191 132.1
171 192 112.73
171 193 115.74
171 194 128.76
171 195 125.03
171 196 111.09
171 197 21.59
171 198 106.57
171 199 143.54
171 200 25.32
171 201 91.22
172 0 41.19
172 1 78.92
172 2 53.85
172 3 123.46
172 4 113.55
172 5 94.85
172 6 38.29
172 7 118.11
172 8 125.64
172 9 80.06
172 10 95.75
172 11 39.05
172 12 34.89
172 13 50.6
172 14 41.48
172 15 47.54
172 16 101.91
172 17 54.45
172 18 118.21
172 19 47.71
172 20 8.54
172 21 65.03
172 22 100.5
172 23 68.12
172 24 13.6
172 25 1.41
172 26 39.05
172 27 20.12
172 28 43.42
172 29 44.94
172 30 42.64
172 31 3.61
172 32 59.77
172 33 97.12
172 34 89.9
172 35 87.13
172 36 98.37
172 37 88.55
172 38 96.88
172 39 50.49
172 40 40.61
172 41 5.39
172 42 45.12
172 43 53.14
172 44 49.58
172 45 23.09
172 46 98.9
172 47 39.85
172 48 31.62
172 49 112.73
172 50 47.07
172 51 65.39
172 52 65.38
172 53 78.64
172 54 122.19
172 55 93.52
172 56 95.0
172 57 91.78
172 58 102.47
172 59 43.68
172 60 114.56
172 61 17.46
172 62 45.8
172 63 100.42
172 64 18.38
172 65 67.42
172 66 40.5
172 67 52.95
172 68 43.84
172 69 41.88
172 70 32.98
172 71 82.04
172 72 112.89
172 73 36.12
172 74 40.82
172 75 70.46
172 76 42.01
172 77 1.0
172 78 49.65
172 79 48.7
172 80 5.39
172 81 85.87
172 82 115.43
172 83 96.77
172 84 117.75
172 85 5.1
172 86 70.23
172 87 44.27
172 88 125.67
172 89 45.71
172 90 55.54
172 91 37.34
172 92 66.19
172 93 89.32
172 94 68.15
172 95 90.38
172 96 42.54
172 97 45.19
172 98 121.76
172 99 78.09
172 100 18.03
172 101 76.66
172 102 48.1
172 103 41.23
172 104 115.84
172 105 44.91
172 106 96.61
172 107 47.27
172 108 93.3
172 109 23.77
172 110 5.0
172 111 101.53
172 112 47.54
172 113 45.35
172 114 95.02
172 115 70.58
172 116 34.99
172 117 114.97
172 118 92.65
172 119 83.38
172 120 43.83
172 121 96.46
172 122 40.36
172 123 42.58
172 124 46.96
172 125 112.72
172 126 83.86
172 127 127.42
172 128 99.28
172 129 38.6
172 130 41.63
172 131 47.63
172 132 122.16
172 133 32.31
172 134 48.66
172 135 92.57
172 136 58.31
172 137 84.1
172 138 84.53
172 139 38.18
172 140 105.42
172 141 44.65
172 142 102.83
172 143 98.76
172 144 79.76
172 145 65.92
172 146 48.08
172 147 42.72
172 148 40.31
172 149 35.23
172 150 98.29
172 151 99.9
172 152 40.79
172 153 39.2
172 154 17.0
172 155 48.84
172 156 48.27
172 157 116.76
172 158 88.24
172 159 96.94
172 160 41.76
172 161 113.6
172 162 10.82
172 163 70.58
172 164 39.56
172 165 95.88
172 166 84.72
172 167 91.24
172 168 48.38
172 169 44.41
172 170 48.51
172 171 64.62
172 173 19.42
172 174 62.61
172 175 51.42
172 176 99.04
172 177 119.2
172 178 23.32
172 179 20.62
172 180 117.65
172 181 115.04
172 182 73.44
172 183 82.86
172 184 92.28
172 185 118.51
172 186 128.16
172 187 107.06
172 188 94.92
172 189 58.52
172 190 89.32
172 191 115.32
172 192 48.37
172 193 98.49
172 194 68.73
172 195 64.5
172 196 46.52
172 197 43.38
172 198 42.2
172 199 87.71
172 200 40.31
172 201 41.19
173 0 25.96
173 1 62.01
173 2 43.83
173 3 104.04
173 4 103.35
173 5 86.61
173 6 41.0
173 7 99.3
173 8 106.23
173 9 63.03
173 10 87.42
173 11 41.98
173 12 42.0
173 13 41.87
173 14 29.43
173 15 35.23
173 16 82.73
173 17 42.05
173 18 98.88
173 19 30.68
173 20 11.31
173 21 55.79
173 22 81.69
173 23 60.41
173 24 7.62
173 25 19.72
173 26 27.89
173 27 2.83
173 28 27.46
173 29 44.55
173 30 24.6
173 31 19.7
173 32 76.03
173 33 86.31
173 34 82.01
173 35 70.06
173 36 87.66
173 37 69.35
173 38 77.9
173 39 38.47
173 40 30.36
173 41 15.23
173 42 42.01
173 43 44.69
173 44 30.41
173 45 7.21
173 46 90.44
173 47 49.16
173 48 19.92
173 49 93.62
173 50 43.6
173 51 82.49
173 52 58.69
173 53 61.2
173 54 102.88
173 55 74.46
173 56 75.6
173 57 79.48
173 58 83.19
173 59 31.26
173 60 103.37
173 61 7.07
173 62 26.4
173 63 81.06
173 64 4.12
173 65 84.12
173 66 49.04
173 67 41.68
173 68 25.0
173 69 60.31
173 70 43.74
173 71 65.03
173 72 102.42
173 73 38.83
173 74 24.52
173 75 63.69
173 76 22.67
173 77 18.6
173 78 38.08
173 79 47.42
173 80 18.97
173 81 66.71
173 82 105.12
173 83 85.09
173 84 107.91
173 85 18.03
173 86 86.77
173 87 43.14
173 88 106.25
173 89 34.93
173 90 44.94
173 91 46.1
173 92 58.87
173 93 70.52
173 94 85.09
173 95 82.2
173 96 28.02
173 97 30.15
173 98 102.34
173 99 61.03
173 100 5.1
173 101 60.01
173 102 29.07
173 103 58.52
173 104 96.61
173 105 33.73
173 106 88.6
173 107 34.89
173 108 82.76
173 109 8.6
173 110 18.44
173 111 82.22
173 112 44.82
173 113 35.61
173 114 75.74
173 115 87.24
173 116 41.05
173 117 95.85
173 118 81.02
173 119 67.07
173 120 26.57
173 121 85.88
173 122 42.45
173 123 38.6
173 124 64.64
173 125 103.08
173 126 67.01
173 127 108.05
173 128 91.4
173 129 42.58
173 130 27.02
173 131 28.32
173 132 103.08
173 133 19.42
173 134 44.1
173 135 73.41
173 136 75.29
173 137 65.0
173 138 65.31
173 139 39.56
173 140 86.27
173 141 63.13
173 142 83.55
173 143 87.66
173 144 63.0
173 145 60.37
173 146 29.21
173 147 51.01
173 148 57.69
173 149 18.44
173 150 79.31
173 151 80.66
173 152 30.08
173 153 30.46
173 154 3.16
173 155 37.74
173 156 45.0
173 157 97.35
173 158 79.63
173 159 77.78
173 160 51.16
173 161 94.37
173 162 18.38
173 163 64.08
173 164 48.04
173 165 84.97
173 166 68.0
173 167 83.87
173 168 46.75
173 169 34.48
173 170 43.57
173 171 81.49
173 172 19.42
173 174 80.16
173 175 41.05
173 176 88.1
173 177 99.81
173 178 4.12
173 179 7.21
173 180 107.35
173 181 96.01
173 182 66.48
173 183 63.91
173 184 72.95
173 185 99.32
173 186 108.76
173 187 87.78
173 188 84.08
173 189 75.18
173 190 80.16
173 191 105.82
173 192 32.02
173 193 89.87
173 194 62.65
173 195 58.18
173 196 31.26
173 197 61.03
173 198 30.59
173 199 68.43
173 200 58.41
173 201 25.96
174 0 91.44
174 1 125.94
174 2 90.35
174 3 181.02
174 4 136.19
174 5 115.12
174 6 59.48
174 7 169.84
174 8 182.52
174 9 127.32
174 10 116.11
174 11 59.03
174 12 50.61
174 13 85.88
174 14 103.62
174 15 109.56
174 16 161.97
174 17 95.52
174 18 173.66
174 19 110.15
174 20 69.12
174 21 124.66
174 22 161.6
174 23 126.3
174 24 72.67
174 25 63.07
174 26 101.02
174 27 79.63
174 28 106.0
174 29 98.73
174 30 104.62
174 31 64.47
174 32 10.05
174 33 124.2
174 34 110.32
174 35 133.78
174 36 124.95
174 37 143.75
174 38 157.61
174 39 92.11
174 40 102.18
174 41 67.98
174 42 101.61
174 43 86.76
174 44 110.21
174 45 80.43
174 46 118.95
174 47 43.86
174 48 94.02
174 49 166.48
174 50 103.58
174 51 4.47
174 52 122.81
174 53 127.31
174 54 177.34
174 55 147.63
174 56 153.57
174 57 123.97
174 58 157.95
174 59 105.85
174 60 140.07
174 61 75.0
174 62 105.42
174 63 159.29
174 64 77.42
174 65 8.06
174 66 45.69
174 67 92.28
174 68 105.12
174 69 21.59
174 70 43.27
174 71 129.0
174 72 136.47
174 73 59.54
174 74 103.35
174 75 127.58
174 76 102.2
174 77 63.06
174 78 90.74
174 79 102.7
174 80 66.31
174 81 140.93
174 82 138.18
174 83 126.38
174 84 138.71
174 85 66.71
174 86 10.77
174 87 98.99
174 88 183.15
174 89 107.22
174 90 92.59
174 91 46.07
174 92 124.15
174 93 142.27
174 94 7.28
174 95 111.46
174 96 105.12
174 97 107.79
174 98 178.93
174 99 125.64
174 100 76.61
174 101 123.17
174 102 109.04
174 103 21.63
174 104 170.42
174 105 106.63
174 106 115.85
174 107 90.7
174 108 120.3
174 109 80.28
174 110 61.91
174 111 160.86
174 112 103.25
174 113 84.91
174 114 154.67
174 115 10.44
174 116 52.84
174 117 168.67
174 118 122.8
174 119 128.13
174 120 106.17
174 121 123.0
174 122 60.84
174 123 100.22
174 124 15.65
174 125 133.84
174 126 130.17
174 127 183.45
174 128 117.61
174 129 56.8
174 130 104.22
174 131 107.8
174 132 175.41
174 133 94.85
174 134 105.91
174 135 147.41
174 136 6.32
174 137 138.85
174 138 140.12
174 139 62.18
174 140 165.56
174 141 19.24
174 142 162.37
174 143 126.37
174 144 126.25
174 145 122.19
174 146 109.29
174 147 45.88
174 148 22.47
174 149 97.62
174 150 159.01
174 151 159.67
174 152 102.53
174 153 100.24
174 154 77.1
174 155 89.36
174 156 104.39
174 157 173.97
174 158 111.0
174 159 157.11
174 160 43.08
174 161 168.24
174 162 62.2
174 163 127.42
174 164 46.1
174 165 123.45
174 166 130.51
174 167 109.9
174 168 102.83
174 169 105.62
174 170 106.1
174 171 5.66
174 172 62.61
174 173 80.16
174 175 89.55
174 176 126.15
174 177 177.52
174 178 83.23
174 179 77.62
174 180 140.04
174 181 168.22
174 182 130.54
174 183 136.88
174 184 148.55
174 185 172.73
174 186 184.72
174 187 166.6
174 188 122.48
174 189 8.06
174 190 113.36
174 191 135.62
174 192 110.94
174 193 119.08
174 194 125.3
174 195 121.66
174 196 109.12
174 197 19.24
174 198 104.18
174 199 143.63
174 200 22.47
174 201 91.44
175 0 18.36
175 1 36.88
175 2 2.83
175 3 97.42
175 4 62.65
175 5 45.61
175 6 30.23
175 7 81.39
175 8 97.91
175 9 38.29
175 10 46.4
175 11 30.81
175 12 38.95
175 13 4.47
175 14 65.0
175 15 69.34
175 16 84.77
175 17 6.4
175 18 87.8
175 19 57.27
175 20 44.6
175 21 90.74
175 22 87.86
175 23 96.52
175 24 40.31
175 25 52.63
175 26 64.66
175 27 38.28
175 28 57.8
175 29 85.28
175 30 50.54
175 31 54.12
175 32 81.54
175 33 45.88
175 34 41.11
175 35 44.41
175 36 47.17
175 37 59.54
175 38 82.98
175 39 5.0
175 40 67.48
175 41 50.92
175 42 82.07
175 43 6.0
175 44 46.84
175 45 33.84
175 46 49.41
175 47 46.04
175 48 58.0
175 49 79.4
175 50 83.45
175 51 89.89
175 52 95.8
175 53 38.9
175 54 91.05
175 55 61.85
175 56 73.74
175 57 40.45
175 58 72.95
175 59 66.03
175 60 63.25
175 61 36.67
175 62 41.11
175 63 79.48
175 64 38.08
175 65 89.87
175 66 44.41
175 67 2.83
175 68 47.01
175 69 76.54
175 70 46.52
175 71 39.82
175 72 61.85
175 73 30.02
175 74 55.23
175 75 100.44
175 76 41.63
175 77 50.45
175 78 4.12
175 79 87.86
175 80 54.71
175 81 56.82
175 82 64.47
175 83 45.35
175 84 67.08
175 85 53.76
175 86 91.61
175 87 83.74
175 88 99.32
175 89 70.8
175 90 4.12
175 91 43.57
175 92 95.44
175 93 55.8
175 94 91.53
175 95 41.23
175 96 60.75
175 97 61.4
175 98 94.87
175 99 36.8
175 100 37.59
175 101 34.06
175 102 47.43
175 103 70.94
175 104 83.87
175 105 69.4
175 106 47.63
175 107 7.62
175 108 42.15
175 109 32.45
175 110 46.87
175 111 81.93
175 112 84.9
175 113 6.08
175 114 77.2
175 115 92.42
175 116 36.72
175 117 81.47
175 118 41.23
175 119 38.59
175 120 54.12
175 121 45.31
175 122 29.21
175 123 78.52
175 124 77.08
175 125 62.18
175 126 40.8
175 127 97.8
175 128 50.45
175 129 33.02
175 130 59.91
175 131 43.97
175 132 87.69
175 133 56.64
175 134 83.45
175 135 62.43
175 136 83.35
175 137 54.59
175 138 56.8
175 139 27.46
175 140 88.23
175 141 79.06
175 142 83.82
175 143 47.43
175 144 37.01
175 145 98.23
175 146 48.7
175 147 44.82
175 148 70.58
175 149 50.8
175 150 84.17
175 151 81.91
175 152 66.84
175 153 68.68
175 154 40.31
175 155 3.61
175 156 84.86
175 157 90.21
175 158 38.6
175 159 80.78
175 160 47.2
175 161 81.84
175 162 41.44
175 163 101.02
175 164 43.83
175 165 44.6
175 166 41.05
175 167 43.14
175 168 87.11
175 169 71.22
175 170 82.76
175 171 88.2
175 172 51.42
175 173 41.05
175 174 89.55
175 176 47.76
175 177 95.29
175 178 38.42
175 179 34.48
175 180 66.71
175 181 80.66
175 182 102.9
175 183 51.97
175 184 65.3
175 185 85.8
175 186 99.62
175 187 87.66
175 188 43.66
175 189 82.15
175 190 39.12
175 191 64.88
175 192 59.93
175 193 48.83
175 194 100.0
175 195 95.6
175 196 61.77
175 197 74.09
175 198 66.4
175 199 60.37
175 200 73.68
175 201 18.36
176 0 62.77
176 1 43.46
176 2 45.22
176 3 99.18
176 4 15.62
176 5 15.0
176 6 70.01
176 7 72.57
176 8 97.51
176 9 44.01
176 10 14.42
176 11 70.03
176 12 79.06
176 13 48.51
176 14 108.07
176 15 111.2
176 16 99.04
176 17 46.07
176 18 86.37
176 19 96.88
176 20 92.36
176 21 131.52
176 22 105.51
176 23 137.9
176 24 88.02
176 25 100.28
176 26 108.41
176 27 85.43
176 28 99.16
176 29 131.23
176 30 91.35
176 31 101.83
176 32 116.66
176 33 2.0
176 34 17.8
176 35 42.95
176 36 1.41
176 37 69.86
176 38 100.69
176 39 49.66
176 40 111.21
176 41 98.68
176 42 127.31
176 43 46.1
176 44 84.17
176 45 80.96
176 46 13.93
176 47 83.6
176 48 102.9
176 49 76.32
176 50 128.46
176 51 125.16
176 52 138.03
176 53 47.54
176 54 87.82
176 55 67.74
176 56 87.1
176 57 11.18
176 58 77.16
176 59 108.58
176 60 15.52
176 61 84.31
176 62 79.93
176 63 91.41
176 64 85.49
176 65 124.04
176 66 81.61
176 67 46.62
176 68 87.05
176 69 118.21
176 70 87.09
176 71 43.32
176 72 14.42
176 73 71.01
176 74 97.19
176 75 142.17
176 76 82.22
176 77 98.08
176 78 50.16
176 79 133.41
176 80 102.46
176 81 68.41
176 82 17.2
176 83 5.1
176 84 20.52
176 85 101.51
176 86 124.92
176 87 129.54
176 88 100.32
176 89 113.57
176 90 43.66
176 91 82.3
176 92 137.24
176 93 62.17
176 94 125.96
176 95 16.4
176 96 102.83
176 97 102.65
176 98 96.19
176 99 44.78
176 100 85.09
176 101 42.49
176 102 85.56
176 103 111.45
176 104 81.39
176 105 112.16
176 106 16.12
176 107 53.23
176 108 6.0
176 109 79.62
176 110 94.37
176 111 94.54
176 112 130.1
176 113 53.76
176 114 92.89
176 115 125.87
176 116 77.03
176 117 77.52
176 118 7.81
176 119 37.95
176 120 94.85
176 121 3.16
176 122 68.03
176 123 123.71
176 124 116.84
176 125 16.4
176 126 41.76
176 127 95.04
176 128 17.09
176 129 72.06
176 130 102.18
176 131 82.02
176 132 80.6
176 133 101.26
176 134 128.0
176 135 70.04
176 136 119.85
176 137 66.76
176 138 69.92
176 139 68.01
176 140 101.61
176 141 120.34
176 142 96.51
176 143 1.0
176 144 42.15
176 145 141.01
176 146 86.98
176 147 80.89
176 148 111.36
176 149 94.2
176 150 101.39
176 151 96.1
176 152 110.42
176 153 113.0
176 154 87.73
176 155 50.7
176 156 129.85
176 157 93.02
176 158 15.65
176 159 97.02
176 160 83.86
176 161 80.22
176 162 88.77
176 163 142.9
176 164 81.5
176 165 3.16
176 166 40.52
176 167 19.8
176 168 132.57
176 169 114.48
176 170 127.2
176 171 123.23
176 172 99.04
176 173 88.1
176 174 126.15
176 175 47.76
176 177 100.0
176 178 85.0
176 179 81.94
176 180 19.42
176 181 75.66
176 182 144.26
176 183 63.89
176 184 75.5
176 185 81.74
176 186 97.87
176 187 98.99
176 188 4.12
176 189 118.13
176 190 13.0
176 191 19.21
176 192 99.7
176 193 13.0
176 194 142.27
176 195 138.11
176 196 102.59
176 197 114.53
176 198 109.48
176 199 72.28
176 200 115.21
176 201 62.77
177 0 86.83
177 1 62.36
177 2 96.15
177 3 6.08
177 4 110.65
177 5 112.36
177 6 122.89
177 7 32.65
177 8 10.44
177 9 61.13
177 10 112.29
177 11 123.71
177 12 129.81
177 13 99.76
177 14 89.89
177 15 86.98
177 16 20.22
177 17 89.01
177 18 16.12
177 19 76.06
177 20 111.04
177 21 93.26
177 22 27.07
177 23 99.08
177 24 106.53
177 25 119.4
177 26 92.48
177 27 99.49
177 28 81.44
177 29 114.98
177 30 78.39
177 31 119.04
177 32 171.49
177 33 100.02
177 34 111.88
177 35 58.69
177 36 101.0
177 37 35.78
177 38 27.17
177 39 90.92
177 40 93.64
177 41 114.62
177 42 108.67
177 43 100.62
177 44 69.89
177 45 97.74
177 46 113.11
177 47 137.8
177 48 94.81
177 49 25.0
177 50 108.17
177 51 179.07
177 52 102.24
177 53 58.82
177 54 17.69
177 55 34.48
177 56 24.21
177 57 90.14
177 58 23.54
177 59 88.26
177 60 105.08
177 61 103.48
177 62 73.41
177 63 18.87
177 64 101.53
177 65 179.96
177 66 136.61
177 67 92.59
177 68 76.01
177 69 159.29
177 70 135.59
177 71 60.64
177 72 108.66
177 73 121.83
177 74 82.73
177 75 103.02
177 76 77.2
177 77 118.41
177 78 92.28
177 79 114.0
177 80 117.89
177 81 38.47
177 82 110.89
177 83 95.01
177 84 114.98
177 85 117.07
177 86 182.22
177 87 113.05
177 88 8.0
177 89 91.09
177 90 94.37
177 91 134.81
177 92 100.18
177 93 40.8
177 94 181.29
177 95 110.77
177 96 84.69
177 97 82.08
177 98 7.21
177 99 61.68
177 100 102.18
177 101 64.85
177 102 71.56
177 103 156.27
177 104 20.62
177 105 90.44
177 106 114.28
177 107 90.74
177 108 100.18
177 109 97.67
177 110 117.92
177 111 18.38
177 112 110.11
177 113 97.42
177 114 25.08
177 115 182.88
177 116 127.8
177 117 24.7
177 118 94.13
177 119 65.12
177 120 78.71
177 121 101.04
177 122 122.59
177 123 106.32
177 124 162.64
177 125 113.44
177 126 61.19
177 127 15.23
177 128 116.16
177 129 125.67
177 130 85.09
177 131 71.61
177 132 26.4
177 133 93.02
177 134 105.76
177 135 33.24
177 136 171.94
177 137 40.71
177 138 38.59
177 139 120.1
177 140 18.0
177 141 162.11
177 142 17.72
177 143 99.0
177 144 63.06
177 145 106.23
177 146 71.87
177 147 137.64
177 148 155.57
177 149 86.45
177 150 26.08
177 151 20.88
177 152 92.7
177 153 96.8
177 154 102.45
177 155 93.65
177 156 108.91
177 157 7.28
177 158 107.91
177 159 24.74
177 160 139.4
177 161 20.88
177 162 116.1
177 163 104.02
177 164 135.8
177 165 99.05
177 166 61.98
177 167 114.86
177 168 113.03
177 169 93.3
177 170 104.79
177 171 177.72
177 172 119.2
177 173 99.81
177 174 177.52
177 175 95.29
177 176 100.0
177 178 96.05
177 179 100.57
177 180 112.15
177 181 26.93
177 182 103.0
177 183 43.38
177 184 30.02
177 185 21.95
177 186 13.34
177 187 14.14
177 188 99.08
177 189 171.33
177 190 105.68
177 191 115.62
177 192 77.08
177 193 112.11
177 194 105.08
177 195 103.31
177 196 80.78
177 197 159.11
177 198 90.48
177 199 34.99
177 200 157.08
177 201 86.83
178 0 22.47
178 1 58.0
178 2 41.23
178 3 100.21
178 4 100.34
178 5 84.02
178 6 41.3
178 7 95.19
178 8 102.34
178 9 59.01
178 10 84.81
178 11 42.3
178 12 43.19
178 13 39.6
178 14 29.41
178 15 34.93
178 16 79.21
178 17 38.95
178 18 94.89
178 19 28.64
178 20 15.0
178 21 55.97
178 22 78.41
178 23 60.93
178 24 10.63
178 25 23.71
178 26 28.23
178 27 3.61
178 28 26.02
178 29 46.86
178 30 22.14
178 31 23.77
178 32 78.77
178 33 83.24
178 34 79.51
178 35 66.03
178 36 84.6
178 37 65.31
178 38 74.52
178 39 35.51
178 40 30.87
178 41 19.31
178 42 43.86
178 43 42.43
178 44 27.02
178 45 5.39
178 46 87.8
178 47 50.64
178 48 20.59
178 49 89.55
178 50 45.34
178 51 85.44
178 52 59.48
178 53 57.14
178 54 98.88
178 55 70.38
178 56 71.84
178 57 76.16
178 58 79.18
178 59 31.05
178 60 100.18
178 61 8.54
178 62 22.67
178 63 77.34
178 64 5.83
178 65 86.95
178 66 50.36
178 67 38.83
178 68 21.95
178 69 63.7
178 70 45.61
178 71 61.01
178 72 99.36
178 73 39.2
178 74 23.02
178 75 64.4
178 76 19.1
178 77 22.47
178 78 35.23
178 79 49.52
178 80 23.09
178 81 62.65
178 82 102.08
178 83 81.86
178 84 104.96
178 85 22.14
178 86 89.55
178 87 45.34
178 88 102.42
178 89 35.11
178 90 42.2
178 91 47.52
178 92 59.51
178 93 66.41
178 94 87.98
178 95 79.65
178 96 27.17
178 97 29.02
178 98 98.47
178 99 57.01
178 100 6.71
178 101 56.04
178 102 25.81
178 103 61.61
178 104 92.57
178 105 33.84
178 106 86.05
178 107 31.91
178 108 79.76
178 109 6.71
178 110 21.93
178 111 78.57
178 112 46.69
178 113 33.24
178 114 72.14
178 115 90.05
178 116 42.05
178 117 91.79
178 118 77.82
178 119 63.13
178 120 24.52
178 121 82.86
178 122 42.58
178 123 40.36
178 124 67.8
178 125 100.17
178 126 63.0
178 127 104.1
178 128 88.87
178 129 43.1
178 130 26.17
178 131 24.76
178 132 99.01
178 133 19.7
178 134 45.61
178 135 69.35
178 136 78.23
178 137 60.93
178 138 61.27
178 139 39.62
178 140 82.76
178 141 66.53
178 142 79.93
178 143 84.53
178 144 59.01
178 145 61.4
178 146 26.08
178 147 52.24
178 148 60.8
178 149 17.0
178 150 75.93
178 151 77.08
178 152 30.46
178 153 31.38
178 154 6.4
178 155 35.0
178 156 46.75
178 157 93.48
178 158 77.01
178 159 74.28
178 160 52.61
178 161 90.34
178 162 21.1
178 163 64.85
178 164 49.37
178 165 81.88
178 166 64.01
178 167 81.47
178 168 48.8
178 169 34.93
178 170 45.0
178 171 84.38
178 172 23.32
178 173 4.12
178 174 83.23
178 175 38.42
178 176 85.0
178 177 96.05
178 179 7.0
178 180 104.32
178 181 91.92
178 182 67.12
178 183 59.81
178 184 68.96
178 185 95.27
178 186 104.85
178 187 84.17
178 188 81.01
178 189 78.03
178 190 77.42
178 191 102.93
178 192 30.27
178 193 87.2
178 194 63.53
178 195 59.06
178 196 30.0
178 197 64.2
178 198 30.68
178 199 64.41
178 200 61.72
178 201 22.47
179 0 21.02
179 1 58.42
179 2 37.22
179 3 104.48
179 4 97.05
179 5 79.88
179 6 34.37
179 7 97.69
179 8 106.4
179 9 59.54
179 10 80.71
179 11 35.36
179 12 36.22
179 13 35.0
179 14 36.14
179 15 41.77
179 16 84.39
179 17 36.06
179 18 98.48
179 19 35.51
179 20 12.17
179 21 62.64
179 22 84.05
179 23 67.42
179 24 7.07
179 25 21.38
179 26 34.79
179 27 4.47
179 28 33.02
179 29 51.62
179 30 28.86
179 31 22.09
179 32 72.72
179 33 80.11
179 34 75.21
179 35 66.61
179 36 81.44
179 37 68.6
179 38 80.0
179 39 32.31
179 40 37.34
179 41 18.0
179 42 49.2
179 43 37.8
179 44 32.76
179 45 2.83
179 46 83.76
179 47 43.74
179 48 26.93
179 49 92.59
179 50 50.8
179 51 79.63
179 52 65.8
179 53 58.05
179 54 102.4
179 55 73.36
179 56 76.42
179 57 73.68
179 58 82.68
179 59 37.85
179 60 97.31
179 61 3.16
179 62 27.8
179 63 82.04
179 64 3.61
179 65 80.99
179 66 43.42
179 67 35.34
179 68 28.23
179 69 58.73
179 70 38.9
179 71 61.52
179 72 96.18
179 73 32.25
179 74 30.02
179 75 70.77
179 76 24.7
179 77 19.65
179 78 31.78
179 79 54.56
179 80 22.0
179 81 65.86
179 82 98.84
179 83 79.12
179 84 101.53
179 85 21.0
179 86 83.53
179 87 50.25
179 88 106.67
179 89 41.76
179 90 38.47
179 91 40.61
179 92 65.92
179 93 68.94
179 94 82.1
179 95 75.45
179 96 34.13
179 97 36.01
179 98 102.62
179 99 57.56
179 100 3.16
179 101 56.22
179 102 31.76
179 103 56.08
179 104 95.88
179 105 40.52
179 106 81.84
179 107 28.79
179 108 76.49
179 109 3.16
179 110 17.89
179 111 83.45
179 112 52.01
179 113 28.84
179 114 77.16
179 115 84.06
179 116 35.06
179 117 94.83
179 118 75.03
179 119 63.07
179 120 31.4
179 121 79.62
179 122 35.69
179 123 45.8
179 124 62.37
179 125 96.65
179 126 63.39
179 127 107.9
179 128 84.63
179 129 36.12
179 130 33.14
179 131 30.23
179 132 101.97
179 133 26.25
179 134 51.31
179 135 72.56
179 136 72.42
179 137 64.01
179 138 64.66
179 139 32.76
179 140 87.97
179 141 61.55
179 142 84.9
179 143 81.54
179 144 59.3
179 145 67.54
179 146 32.2
179 147 45.28
179 148 55.32
179 149 24.0
179 150 81.4
179 151 82.13
179 152 37.0
179 153 37.58
179 154 5.83
179 155 31.3
179 156 52.2
179 157 97.62
179 158 72.95
179 159 79.51
179 160 45.71
179 161 93.65
179 162 15.56
179 163 71.18
179 164 42.43
179 165 78.79
179 166 64.28
179 167 77.01
179 168 53.91
179 169 41.44
179 170 50.77
179 171 78.49
179 172 20.62
179 173 7.21
179 174 77.62
179 175 34.48
179 176 81.94
179 177 100.57
179 178 7.0
179 180 101.08
179 181 94.81
179 182 73.54
179 183 62.61
179 184 72.67
179 185 98.49
179 186 108.81
179 187 89.14
179 188 77.88
179 189 72.11
179 190 73.57
179 191 99.36
179 192 37.22
179 193 83.22
179 194 69.78
179 195 65.31
179 196 37.0
179 197 58.8
179 198 37.36
179 199 67.96
179 200 56.57
179 201 21.02
180 0 82.15
180 1 60.75
180 2 64.08
180 3 110.45
180 4 4.12
180 5 25.02
180 6 86.58
180 7 82.01
180 8 108.17
180 9 61.06
180 10 24.02
180 11 86.47
180 12 95.34
180 13 67.07
180 14 127.44
180 15 130.48
180 16 113.84
180 17 65.37
180 18 97.33
180 19 116.04
180 20 111.23
180 21 150.66
180 22 120.9
180 23 157.08
180 24 107.02
180 25 118.93
180 26 127.8
180 27 104.66
180 28 118.44
180 29 150.63
180 30 110.63
180 31 120.55
180 32 130.25
180 33 21.1
180 34 30.0
180 35 58.6
180 36 19.72
180 37 85.23
180 38 116.25
180 39 68.88
180 40 130.6
180 41 117.55
180 42 146.73
180 43 64.51
180 44 103.25
180 45 100.18
180 46 21.1
180 47 99.01
180 48 122.32
180 49 87.46
180 50 147.87
180 51 138.6
180 52 157.29
180 53 64.66
180 54 98.08
180 55 82.22
180 56 102.18
180 57 29.7
180 58 90.47
180 59 127.91
180 60 7.07
180 61 103.37
180 62 99.16
180 63 105.95
180 64 104.65
180 65 137.12
180 66 97.01
180 67 65.74
180 68 106.3
180 69 134.06
180 70 103.24
180 71 60.03
180 72 5.0
180 73 87.82
180 74 116.52
180 75 161.38
180 76 101.53
180 77 116.71
180 78 69.32
180 79 152.82
180 80 121.26
180 81 84.17
180 82 2.24
180 83 23.35
180 84 3.16
180 85 120.33
180 86 137.67
180 87 148.95
180 88 111.29
180 89 132.91
180 90 62.65
180 91 98.08
180 92 156.46
180 93 77.25
180 94 139.09
180 95 29.02
180 96 122.15
180 97 121.92
180 98 107.47
180 99 62.13
180 100 104.22
180 101 60.22
180 102 104.69
180 103 127.0
180 104 92.35
180 105 131.5
180 106 24.19
180 107 72.47
180 108 24.6
180 109 98.84
180 110 112.89
180 111 109.11
180 112 149.51
180 113 72.62
180 114 108.27
180 115 138.65
180 116 93.43
180 117 88.28
180 118 27.02
180 119 54.71
180 120 114.11
180 121 21.47
180 122 84.48
180 123 143.13
180 124 132.03
180 125 6.32
180 126 58.18
180 127 105.02
180 128 22.56
180 129 88.36
180 130 121.51
180 131 101.18
180 132 90.0
180 133 120.67
180 134 147.41
180 135 84.76
180 136 133.84
180 137 82.76
180 138 85.91
180 139 84.85
180 140 116.09
180 141 136.01
180 142 111.02
180 143 20.0
180 144 59.36
180 145 160.31
180 146 106.1
180 147 96.01
180 148 127.02
180 149 113.6
180 150 116.81
180 151 111.0
180 152 129.81
180 153 132.41
180 154 106.89
180 155 69.78
180 156 149.26
180 157 104.94
180 158 30.27
180 159 112.36
180 160 99.01
180 161 91.55
180 162 107.21
180 163 162.11
180 164 97.02
180 165 22.47
180 166 56.82
180 167 30.15
180 168 151.99
180 169 133.84
180 170 146.6
180 171 136.62
180 172 117.65
180 173 107.35
180 174 140.04
180 175 66.71
180 176 19.42
180 177 112.15
180 178 104.32
180 179 101.08
180 181 86.21
180 182 163.42
180 183 80.06
180 184 90.48
180 185 92.14
180 186 108.04
180 187 113.05
180 188 23.32
180 189 131.97
180 190 28.64
180 191 5.66
180 192 118.87
180 193 21.02
180 194 161.52
180 195 157.38
180 196 121.83
180 197 130.0
180 198 128.84
180 199 87.85
180 200 131.06
180 201 82.15
181 0 77.1
181 1 44.2
181 2 80.81
181 3 24.33
181 4 85.02
181 5 89.05
181 6 110.34
181 7 6.4
181 8 22.0
181 9 42.8
181 10 88.84
181 11 111.04
181 12 118.34
181 13 84.96
181 14 94.26
181 15 93.01
181 16 37.2
181 17 74.28
181 18 11.18
181 19 79.31
181 20 106.51
181 21 104.56
181 22 45.8
181 23 111.0
181 24 101.55
181 25 115.55
181 26 96.42
181 27 94.94
181 28 84.48
181 29 121.1
181 30 79.25
181 31 115.69
181 32 161.07
181 33 75.95
181 34 89.29
181 35 38.08
181 36 76.79
181 37 26.93
181 38 43.05
181 39 77.08
181 40 98.25
181 41 111.23
181 42 115.04
181 43 85.15
181 44 69.43
181 45 92.14
181 46 89.27
181 47 125.99
181 48 96.51
181 49 3.16
181 50 115.0
181 51 169.14
181 52 113.44
181 53 41.77
181 54 12.17
181 55 21.54
181 56 30.68
181 57 66.71
181 58 15.13
181 59 93.13
181 60 79.16
181 61 97.94
181 62 70.88
181 63 30.02
181 64 96.66
181 65 169.53
181 66 124.52
181 67 77.83
181 68 75.71
181 69 152.01
181 70 125.1
181 71 41.62
181 72 83.02
181 73 109.71
181 74 84.85
181 75 115.32
181 76 75.0
181 77 114.13
181 78 78.49
181 79 121.0
181 80 114.95
181 81 29.41
181 82 85.09
181 83 70.86
181 84 89.14
181 85 114.02
181 86 171.49
181 87 119.1
181 88 25.08
181 89 97.02
181 90 78.75
181 91 123.24
181 92 111.63
181 93 26.08
181 94 171.06
181 95 88.06
181 96 88.36
181 97 86.21
181 98 21.38
181 99 44.05
181 100 97.08
181 101 47.01
181 102 71.39
181 103 147.87
181 104 6.32
181 105 96.05
181 106 90.8
181 107 77.9
181 108 76.69
181 109 91.68
181 110 112.7
181 111 32.45
181 112 117.0
181 113 84.17
181 114 36.25
181 115 172.25
181 116 116.18
181 117 2.24
181 118 70.61
181 119 44.78
181 120 80.75
181 121 77.1
181 122 109.6
181 123 112.11
181 124 154.26
181 125 88.0
181 126 41.34
181 127 19.42
181 128 92.4
181 129 113.17
181 130 88.46
181 131 70.09
181 132 7.21
181 133 94.54
181 134 113.0
181 135 22.8
181 136 162.27
181 137 31.02
181 138 31.05
181 139 107.52
181 140 37.54
181 141 154.78
181 142 33.6
181 143 74.67
181 144 44.41
181 145 117.39
181 146 72.18
181 147 125.18
181 148 147.3
181 149 86.88
181 150 42.72
181 151 35.51
181 152 97.25
181 153 101.32
181 154 98.09
181 155 79.91
181 156 116.0
181 157 19.7
181 158 85.44
181 159 38.95
181 160 127.35
181 161 6.4
181 162 109.66
181 163 116.3
181 164 123.84
181 165 75.13
181 166 41.68
181 167 92.18
181 168 120.0
181 169 99.05
181 170 112.0
181 171 167.6
181 172 115.04
181 173 96.01
181 174 168.22
181 175 80.66
181 176 75.66
181 177 26.93
181 178 91.92
181 179 94.81
181 180 86.21
181 182 115.95
181 183 32.2
181 184 25.02
181 185 6.08
181 186 22.2
181 187 33.24
181 188 75.31
181 189 161.34
181 190 82.97
181 191 90.02
181 192 81.15
181 193 88.28
181 194 116.9
181 195 114.27
181 196 85.15
181 197 150.9
181 198 95.19
181 199 28.44
181 200 149.5
181 201 77.1
182 0 84.63
182 1 105.44
182 2 105.68
182 3 109.02
182 4 159.83
182 5 146.99
182 6 107.21
182 7 121.75
182 8 113.07
182 9 105.68
182 10 147.63
182 11 108.16
182 12 106.73
182 13 105.15
182 14 38.08
182 15 33.6
182 16 83.1
182 17 101.21
182 18 112.01
182 19 47.38
182 20 71.81
182 21 12.81
182 22 76.01
182 23 6.4
182 24 72.12
182 25 72.34
182 26 38.91
182 27 69.08
182 28 45.45
182 29 32.02
182 30 53.15
182 31 70.26
182 32 130.38
182 33 142.84
182 34 143.06
182 35 110.98
182 36 144.25
182 37 93.05
182 38 76.11
182 39 98.81
182 40 36.25
182 41 68.73
182 42 29.07
182 43 107.91
182 44 60.21
182 45 72.5
182 46 150.33
182 47 112.79
182 48 46.62
182 49 112.81
182 50 27.07
182 51 134.21
182 52 8.06
182 53 102.34
182 54 115.85
182 55 99.02
182 56 85.51
182 57 133.73
182 58 100.9
182 59 36.89
182 60 157.95
182 61 73.39
182 62 64.35
182 63 87.69
182 64 70.58
182 65 136.94
182 66 113.16
182 67 102.42
182 68 57.31
182 69 109.04
182 70 106.21
182 71 107.34
182 72 158.45
182 73 105.0
182 74 47.8
182 75 3.0
182 76 62.37
182 77 73.55
182 78 99.05
182 79 28.16
182 80 68.26
182 81 91.92
182 82 161.28
182 83 140.07
182 84 164.77
182 85 68.36
182 86 139.92
182 87 31.58
182 88 111.0
182 89 32.25
182 90 106.02
182 91 110.02
182 92 7.62
182 93 99.4
182 94 137.19
182 95 142.9
182 96 42.2
182 97 41.87
182 98 109.11
182 99 104.04
182 100 71.51
182 101 105.0
182 102 58.73
182 103 111.29
182 104 112.79
182 105 33.62
182 106 149.16
182 107 95.44
182 108 140.04
182 109 73.82
182 110 76.94
182 111 86.37
182 112 27.29
182 113 98.79
182 114 80.75
182 115 140.04
182 116 106.23
182 117 114.54
182 118 136.49
182 119 111.83
182 120 49.58
182 121 142.84
182 122 108.78
182 123 31.02
182 124 115.73
182 125 160.51
182 126 109.55
182 127 117.21
182 128 151.98
182 129 108.52
182 130 43.01
182 131 62.24
182 132 121.02
182 133 47.42
182 134 25.0
182 135 96.46
182 136 127.77
182 137 91.79
182 138 89.69
182 139 105.95
182 140 85.01
182 141 111.31
182 142 86.21
182 143 143.56
182 144 106.83
182 145 8.54
182 146 57.31
182 147 115.32
182 148 110.29
182 149 52.15
182 150 77.06
182 151 83.29
182 152 36.67
182 153 36.06
182 154 68.95
182 155 99.3
182 156 26.17
182 157 105.3
182 158 139.95
182 159 79.31
182 160 114.76
182 161 111.0
182 162 80.81
182 163 3.16
182 164 112.18
182 165 141.42
182 166 110.94
182 167 145.42
182 168 27.89
182 169 32.2
182 170 25.02
182 171 133.96
182 172 73.44
182 173 66.48
182 174 130.54
182 175 102.9
182 176 144.26
182 177 103.0
182 178 67.12
182 179 73.54
182 180 163.42
182 181 115.95
182 183 93.04
182 184 92.05
182 185 115.74
182 186 116.07
182 187 89.05
182 188 140.72
182 189 128.56
182 190 139.7
182 191 163.34
182 192 44.55
182 193 149.58
182 194 5.39
182 195 9.0
182 196 41.77
182 197 112.54
182 198 36.72
182 199 90.48
182 200 108.66
182 201 84.63
183 0 45.45
183 1 21.1
183 2 52.77
183 3 45.49
183 4 77.47
183 5 73.68
183 6 80.28
183 7 35.44
183 8 46.23
183 9 20.22
183 10 73.82
183 11 81.06
183 12 87.73
183 13 56.44
183 14 65.38
183 15 65.31
183 16 36.01
183 17 45.65
183 18 36.8
183 19 50.49
183 20 74.32
183 21 80.62
183 22 41.77
183 23 87.32
183 24 69.35
183 25 83.38
183 26 67.19
183 27 62.77
183 28 55.23
183 29 92.44
183 30 49.0
183 31 83.57
183 32 130.14
183 33 63.32
183 34 72.17
183 35 21.47
183 36 64.56
183 37 7.62
183 38 36.88
183 39 47.71
183 40 69.35
183 41 79.12
183 42 86.7
183 43 57.25
183 44 39.0
183 45 59.93
183 46 75.31
183 47 95.59
183 48 66.07
183 49 30.02
183 50 86.98
183 51 138.03
183 52 88.96
183 53 17.03
183 54 40.46
183 55 10.82
183 56 24.0
183 57 52.89
183 58 21.26
183 59 64.63
183 60 73.36
183 61 65.74
183 62 39.46
183 63 29.15
183 64 64.47
183 65 138.62
183 66 94.26
183 67 49.24
183 68 45.04
183 69 120.1
183 70 94.07
183 71 20.62
183 72 75.64
183 73 79.4
183 74 55.04
183 75 91.79
183 76 43.57
183 77 81.94
183 78 49.09
183 79 92.91
183 80 82.87
183 81 5.1
183 82 78.29
183 83 58.82
183 84 82.35
183 85 81.93
183 86 140.72
183 87 90.45
183 88 47.43
183 89 69.05
183 90 50.99
183 91 92.7
183 92 87.46
183 93 7.0
183 94 140.07
183 95 71.25
183 96 59.3
183 97 57.56
183 98 43.01
183 99 20.02
183 100 64.88
183 101 23.0
183 102 41.0
183 103 116.21
183 104 33.6
183 105 67.9
183 106 75.8
183 107 47.8
183 108 62.37
183 109 59.48
183 110 80.5
183 111 32.06
183 112 88.96
183 113 54.41
183 114 29.27
183 115 141.43
183 116 85.63
183 117 32.25
183 118 56.75
183 119 25.96
183 120 51.09
183 121 64.03
183 122 79.81
183 123 83.49
183 124 122.61
183 125 79.48
183 126 22.14
183 127 46.67
183 128 78.09
183 129 83.1
183 130 59.21
183 131 39.12
183 132 39.36
183 133 64.07
183 134 85.33
183 135 10.63
183 136 131.05
183 137 3.0
183 138 6.08
183 139 77.47
183 140 39.01
183 141 122.89
183 142 34.06
183 143 62.94
183 144 22.2
183 145 92.7
183 146 42.01
183 147 95.13
183 148 115.6
183 149 56.14
183 150 37.66
183 151 33.02
183 152 68.36
183 153 72.25
183 154 65.92
183 155 50.48
183 156 88.12
183 157 38.28
183 158 68.18
183 159 33.38
183 160 97.08
183 161 31.4
183 162 77.52
183 163 92.7
183 164 93.51
183 165 62.1
183 166 23.41
183 167 75.17
183 168 91.92
183 169 70.86
183 170 84.34
183 171 136.56
183 172 82.86
183 173 63.91
183 174 136.88
183 175 51.97
183 176 63.89
183 177 43.38
183 178 59.81
183 179 62.61
183 180 80.06
183 181 32.2
183 182 93.04
183 184 13.6
183 185 36.06
183 186 48.17
183 187 37.34
183 188 61.85
183 189 130.23
183 190 66.37
183 191 82.08
183 192 52.77
183 193 74.33
183 194 92.85
183 195 89.54
183 196 56.72
183 197 119.2
183 198 66.48
183 199 9.06
183 200 117.64
183 201 45.45
184 0 57.31
184 1 34.06
184 2 66.21
184 3 32.65
184 4 88.23
184 5 86.21
184 6 93.01
184 7 30.15
184 8 33.97
184 9 33.02
184 10 86.28
184 11 93.81
184 12 100.12
184 13 69.77
184 14 69.26
184 15 68.0
184 16 23.54
184 17 59.03
184 18 25.94
184 19 54.33
184 20 83.86
184 21 80.28
184 22 30.46
184 23 86.83
184 24 79.08
184 25 92.66
184 26 71.45
184 27 72.2
184 28 59.54
184 29 96.08
184 30 54.57
184 31 92.59
184 32 142.17
184 33 75.13
184 34 85.01
184 35 32.56
184 36 76.3
184 37 6.08
184 38 25.94
184 39 60.9
184 40 73.25
184 41 88.12
184 42 90.02
184 43 70.68
184 44 44.92
184 45 69.89
184 46 87.57
184 47 108.07
184 48 71.81
184 49 22.09
184 50 90.0
184 51 149.91
184 52 89.05
184 53 30.15
184 54 29.97
184 55 8.6
184 56 11.7
184 57 64.78
184 58 10.44
184 59 68.12
184 60 83.57
184 61 75.72
184 62 47.01
184 63 16.03
184 64 74.09
184 65 150.66
184 66 106.83
184 67 62.61
184 68 51.24
184 69 131.03
184 70 106.15
184 71 33.02
184 72 86.33
184 73 92.01
184 74 60.02
184 75 91.21
184 76 51.08
184 77 91.42
184 78 62.27
184 79 96.0
184 80 91.68
184 81 8.54
184 82 88.87
184 83 70.41
184 84 92.97
184 85 90.79
184 86 152.84
184 87 94.09
184 88 34.71
184 89 72.01
184 90 64.47
184 91 105.12
184 92 87.32
184 93 13.34
184 94 152.04
184 95 84.02
184 96 63.39
184 97 61.2
184 98 30.41
184 99 33.14
184 100 74.63
184 101 36.22
184 102 46.84
184 103 127.56
184 104 24.04
184 105 71.03
184 106 88.28
184 107 60.75
184 108 74.55
184 109 69.63
184 110 90.43
184 111 19.1
184 112 92.0
184 113 67.42
184 114 17.89
184 115 153.52
184 116 98.08
184 117 24.19
184 118 68.73
184 119 38.12
184 120 55.9
184 121 75.95
184 122 92.66
184 123 87.09
184 124 133.96
184 125 90.52
184 126 34.13
184 127 35.23
184 128 90.45
184 129 95.8
184 130 63.51
184 131 45.88
184 132 31.4
184 133 69.86
184 134 88.02
184 135 5.83
184 136 142.84
184 137 10.77
184 138 8.6
184 139 90.21
184 140 26.17
184 141 133.84
184 142 21.1
184 143 74.53
184 144 35.01
184 145 92.96
184 146 47.54
184 147 107.8
184 148 126.91
184 149 62.36
184 150 26.4
184 151 20.62
184 152 72.25
184 153 76.32
184 154 75.29
184 155 63.63
184 156 91.01
184 157 25.5
184 158 81.01
184 159 21.93
184 160 109.64
184 161 21.84
184 162 88.01
184 163 92.18
184 164 106.04
184 165 73.98
184 166 35.23
184 167 88.01
184 168 95.0
184 169 74.03
184 170 87.02
184 171 148.5
184 172 92.28
184 173 72.95
184 174 148.55
184 175 65.3
184 176 75.5
184 177 30.02
184 178 68.96
184 179 72.67
184 180 90.48
184 181 25.02
184 182 92.05
184 183 13.6
184 185 26.93
184 186 36.24
184 187 24.02
184 188 73.82
184 189 142.13
184 190 79.06
184 191 93.01
184 192 56.14
184 193 86.58
184 194 92.65
184 195 89.82
184 196 60.13
184 197 130.48
184 198 70.18
184 199 5.0
184 200 128.69
184 201 57.31
185 0 81.4
185 1 49.65
185 2 86.05
185 3 18.68
185 4 91.01
185 5 95.13
185 6 115.26
185 7 10.77
185 8 16.03
185 9 48.26
185 10 94.92
185 11 115.97
185 12 123.11
185 13 90.14
185 14 95.89
185 15 94.26
185 16 34.89
185 17 79.4
185 18 5.83
185 19 81.05
185 20 110.02
185 21 104.69
185 22 43.42
185 23 111.02
185 24 105.12
185 25 118.97
185 26 98.15
185 27 98.39
185 28 86.31
185 29 122.49
185 30 81.49
185 31 119.01
185 32 165.76
185 33 82.04
185 34 95.34
185 35 43.83
185 36 82.87
185 37 29.97
185 38 41.23
185 39 82.07
185 40 99.85
185 41 114.54
185 42 116.35
185 43 90.43
185 44 71.84
185 45 95.77
185 46 95.35
185 47 130.83
185 48 98.72
185 49 6.4
185 50 116.21
185 51 173.76
185 52 113.64
185 53 47.01
185 54 6.08
185 55 25.24
185 56 30.27
185 57 72.78
185 58 16.49
185 59 94.64
185 60 85.09
185 61 101.6
185 62 73.74
185 63 28.46
185 64 100.18
185 65 174.23
185 66 129.4
185 67 82.98
185 68 78.16
185 69 156.16
185 70 129.73
185 71 47.17
185 72 89.01
185 73 114.56
185 74 86.88
185 75 115.26
185 76 77.83
185 77 117.62
185 78 83.49
185 79 122.2
185 80 118.19
185 81 32.65
185 82 91.05
185 83 76.94
185 84 95.08
185 85 117.27
185 86 176.24
185 87 120.5
185 88 19.24
185 89 98.33
185 90 84.02
185 91 128.04
185 92 111.76
185 93 30.48
185 94 175.73
185 95 94.11
185 96 90.09
185 97 87.82
185 98 15.81
185 99 49.41
185 100 100.65
185 101 52.43
185 102 73.76
185 103 152.2
185 104 3.0
185 105 97.42
185 106 96.88
185 107 82.73
185 108 82.76
185 109 95.38
185 110 116.36
185 111 30.46
185 112 118.21
185 113 89.11
185 114 35.17
185 115 176.98
185 116 120.97
185 117 4.47
185 118 76.69
185 119 50.54
185 120 82.76
185 121 83.19
185 122 114.59
185 123 113.53
185 124 158.6
185 125 94.01
185 126 47.01
185 127 13.34
185 128 98.48
185 129 118.09
185 130 90.26
185 131 72.73
185 132 5.39
185 133 96.77
185 134 114.11
185 135 25.94
185 136 166.83
185 137 34.48
185 138 34.01
185 139 112.43
185 140 34.67
185 141 158.94
185 142 31.3
185 143 80.75
185 144 49.93
185 145 117.61
185 146 74.46
185 147 130.12
185 148 151.6
185 149 89.29
185 150 40.72
185 151 33.62
185 152 98.86
185 153 102.96
185 154 101.52
185 155 84.9
185 156 117.15
185 157 15.0
185 158 91.48
185 159 37.34
185 160 132.23
185 161 5.1
185 162 113.53
185 163 116.25
185 164 128.7
185 165 81.22
185 166 47.41
185 167 98.23
185 168 121.2
185 169 100.4
185 170 113.11
185 171 172.25
185 172 118.51
185 173 99.32
185 174 172.73
185 175 85.8
185 176 81.74
185 177 21.95
185 178 95.27
185 179 98.49
185 180 92.14
185 181 6.08
185 182 115.74
185 183 36.06
185 184 26.93
185 186 16.12
185 187 30.23
185 188 81.39
185 189 165.95
185 190 89.02
185 191 96.01
185 192 82.73
185 193 94.37
185 194 116.97
185 195 114.53
185 196 86.7
185 197 155.21
185 198 96.75
185 199 31.02
185 200 153.69
185 201 81.4
186 0 93.35
186 1 64.41
186 2 100.12
186 3 7.28
186 4 107.0
186 5 111.2
186 6 128.43
186 7 26.08
186 8 3.0
186 9 63.06
186 10 111.0
186 11 129.19
186 12 135.88
186 13 104.04
186 14 101.24
186 15 98.72
186 16 33.0
186 17 93.23
186 18 12.08
186 19 86.98
186 20 119.82
186 21 106.08
186 22 40.31
186 23 112.0
186 24 115.11
186 25 128.47
186 26 103.74
186 27 108.17
186 28 92.36
186 29 126.91
186 30 88.64
186 31 128.28
186 32 178.19
186 33 98.15
186 34 111.32
186 35 59.24
186 36 98.99
186 37 41.01
186 38 40.0
186 39 95.6
186 40 105.08
186 41 123.82
186 42 120.62
186 43 104.56
186 44 79.61
186 45 106.02
186 46 111.46
186 47 143.75
186 48 105.48
186 49 21.84
186 50 120.22
186 51 186.0
186 52 115.07
186 53 61.4
186 54 10.05
186 55 37.8
186 56 34.18
186 57 88.84
186 58 26.91
186 59 99.72
186 60 101.02
186 61 111.83
186 62 82.49
186 63 29.83
186 64 110.11
186 65 186.68
186 66 142.43
186 67 96.83
186 68 85.87
186 69 167.26
186 70 142.13
186 71 62.17
186 72 105.0
186 73 127.56
186 74 93.41
186 75 116.0
186 76 86.45
186 77 127.32
186 78 97.01
186 79 126.12
186 80 127.26
186 81 43.84
186 82 107.0
186 83 93.06
186 84 111.02
186 85 126.4
186 86 188.81
186 87 124.95
186 88 5.83
186 89 102.84
186 90 98.18
186 91 140.86
186 92 113.04
186 93 43.83
186 94 188.1
186 95 110.11
186 96 95.82
186 97 93.3
186 98 7.07
186 99 64.01
186 100 110.68
186 101 67.12
186 102 81.39
186 103 163.78
186 104 16.76
186 105 102.11
186 106 112.97
186 107 95.9
186 108 98.84
186 109 105.8
186 110 126.49
186 111 30.27
186 112 122.18
186 113 102.45
186 114 36.67
186 115 189.51
186 116 133.79
186 117 20.4
186 118 92.76
186 119 65.92
186 120 89.32
186 121 99.3
186 122 127.91
186 123 118.13
186 124 170.18
186 125 110.04
186 126 62.24
186 127 3.16
186 128 114.59
186 129 131.24
186 130 96.14
186 131 81.01
186 132 18.25
186 133 103.62
186 134 117.89
186 135 37.54
186 136 178.97
186 137 45.97
186 138 44.6
186 139 125.61
186 140 31.14
186 141 170.07
186 142 30.07
186 143 96.88
186 144 64.85
186 145 119.07
186 146 81.86
186 147 143.28
186 148 163.13
186 149 96.66
186 150 39.01
186 151 33.14
186 152 104.12
186 153 108.24
186 154 111.22
186 155 98.41
186 156 121.02
186 157 11.7
186 158 107.45
186 159 37.12
186 160 145.25
186 161 18.38
186 162 124.2
186 163 117.0
186 164 141.68
186 165 97.32
186 166 62.77
186 167 114.24
186 168 125.13
186 169 105.02
186 170 116.9
186 171 184.57
186 172 128.16
186 173 108.76
186 174 184.72
186 175 99.62
186 176 97.87
186 177 13.34
186 178 104.85
186 179 108.81
186 180 108.04
186 181 22.2
186 182 116.07
186 183 48.17
186 184 36.24
186 185 16.12
186 187 27.02
186 188 97.49
186 189 178.21
186 190 105.02
186 191 112.0
186 192 88.23
186 193 110.48
186 194 118.0
186 195 116.11
186 196 92.05
186 197 166.71
186 198 101.92
186 199 41.11
186 200 164.92
186 201 93.35
187 0 77.18
187 1 58.08
187 2 88.87
187 3 20.02
187 4 111.09
187 5 110.11
187 6 113.74
187 7 39.62
187 8 24.02
187 9 57.04
187 10 110.16
187 11 114.61
187 12 120.11
187 13 92.11
187 14 76.16
187 15 73.05
187 16 6.08
187 17 81.6
187 18 25.06
187 19 62.65
187 20 99.09
187 21 79.16
187 22 13.6
187 23 85.02
187 24 94.76
187 25 107.17
187 26 78.79
187 27 87.69
187 28 68.0
187 29 100.96
187 30 65.46
187 31 106.67
187 32 161.03
187 33 98.73
187 34 109.0
187 35 56.22
187 36 99.85
187 37 30.07
187 38 13.04
187 39 83.01
187 40 79.85
187 41 102.3
187 42 94.64
187 43 93.3
187 44 57.49
187 45 86.31
187 46 111.36
187 47 128.16
187 48 81.49
187 49 30.41
187 50 94.11
187 51 168.37
187 52 88.14
187 53 54.15
187 54 28.23
187 55 31.26
187 56 13.93
187 57 88.46
187 58 22.85
187 59 74.46
187 60 106.04
187 61 91.93
187 62 61.52
187 63 8.25
187 64 89.81
187 65 169.45
187 66 127.09
187 67 85.09
187 68 63.41
187 69 147.79
187 70 125.43
187 71 57.0
187 72 109.14
187 73 112.51
187 74 69.46
187 75 89.0
187 76 65.12
187 77 106.3
187 78 84.31
187 79 99.92
187 80 105.42
187 81 32.25
187 82 111.57
187 83 93.9
187 84 115.69
187 85 104.64
187 86 171.82
187 87 99.04
187 88 22.09
187 89 77.16
187 90 87.28
187 91 125.1
187 92 86.09
187 93 37.05
187 94 170.7
187 95 108.0
187 96 71.11
187 97 68.45
187 98 20.1
187 99 57.14
187 100 90.51
187 101 60.21
187 102 59.03
187 103 145.17
187 104 27.8
187 105 76.55
187 106 112.16
187 107 82.35
187 108 98.33
187 109 86.37
187 110 106.1
187 111 5.83
187 112 96.05
187 113 89.05
187 114 12.04
187 115 172.43
187 116 118.19
187 117 31.14
187 118 92.44
187 119 62.03
187 120 65.51
187 121 99.61
187 122 113.65
187 123 92.35
187 124 151.49
187 125 113.56
187 126 58.03
187 127 28.28
187 128 114.28
187 129 116.47
187 130 71.55
187 131 59.46
187 132 35.51
187 133 79.76
187 134 91.68
187 135 29.07
187 136 161.2
187 137 34.37
187 138 31.58
187 139 111.02
187 140 4.47
187 141 150.62
187 142 4.24
187 143 98.01
187 144 59.03
187 145 92.14
187 146 59.2
187 147 128.28
187 148 144.42
187 149 73.5
187 150 12.0
187 151 7.21
187 152 78.92
187 153 83.01
187 154 90.55
187 155 85.62
187 156 94.83
187 157 16.76
187 158 105.0
187 159 10.77
187 160 129.85
187 161 26.91
187 162 104.69
187 163 90.0
187 164 126.25
187 165 97.62
187 166 59.08
187 167 112.0
187 168 98.95
187 169 79.38
187 170 90.71
187 171 167.11
187 172 107.06
187 173 87.78
187 174 166.6
187 175 87.66
187 176 98.99
187 177 14.14
187 178 84.17
187 179 89.14
187 180 113.05
187 181 33.24
187 182 89.05
187 183 37.34
187 184 24.02
187 185 30.23
187 186 27.02
187 188 97.51
187 189 160.7
187 190 103.02
187 191 115.95
187 192 63.51
187 193 110.37
187 194 91.02
187 195 89.2
187 196 67.12
187 197 147.92
187 198 76.69
187 199 28.28
187 200 145.69
187 201 77.18
188 0 58.83
188 1 41.11
188 2 41.11
188 3 98.51
188 4 19.42
188 5 13.93
188 6 66.03
188 7 72.53
188 8 97.02
188 9 41.76
188 10 13.6
188 11 66.07
188 12 75.11
188 13 44.38
188 14 104.35
188 15 107.56
188 16 97.32
188 17 42.06
188 18 85.84
188 19 93.35
188 20 88.26
188 21 128.0
188 22 103.59
188 23 134.35
188 24 83.93
188 25 96.17
188 26 104.64
188 27 81.39
188 28 95.52
188 29 127.32
188 30 87.73
188 31 97.72
188 32 113.05
188 33 2.24
188 34 15.62
188 35 41.3
188 36 3.61
188 37 68.07
188 38 98.72
188 39 45.62
188 40 107.45
188 41 94.58
188 42 123.46
188 43 41.98
188 44 80.72
188 45 76.92
188 46 14.04
188 47 79.76
188 48 99.05
188 49 75.8
188 50 124.62
188 51 121.56
188 52 134.42
188 53 45.22
188 54 87.48
188 55 66.27
188 56 85.33
188 57 9.06
188 58 76.01
188 59 104.89
188 60 19.65
188 61 80.23
188 62 76.37
188 63 89.81
188 64 81.44
188 65 120.5
188 66 77.78
188 67 42.54
188 68 83.45
188 69 114.28
188 70 83.15
188 71 41.23
188 72 18.36
188 73 67.0
188 74 93.51
188 75 138.6
188 76 78.57
188 77 93.96
188 78 46.1
188 79 129.53
188 80 98.35
188 81 66.49
188 82 21.1
188 83 5.0
188 84 24.21
188 85 97.41
188 86 121.43
188 87 125.64
188 88 99.72
188 89 109.88
188 90 39.56
188 91 78.41
188 92 133.66
188 93 60.53
188 94 122.41
188 95 14.21
188 96 99.16
188 97 99.04
188 98 95.52
188 99 42.38
188 100 81.02
188 101 39.92
188 102 82.07
188 103 107.56
188 104 80.89
188 105 108.47
188 106 15.52
188 107 49.19
188 108 2.24
188 109 75.58
188 110 90.25
188 111 92.91
188 112 126.25
188 113 49.65
188 114 91.01
188 115 122.38
188 116 73.06
188 117 77.1
188 118 5.1
188 119 35.9
188 120 91.24
188 121 2.24
188 122 64.07
188 123 119.85
188 124 113.0
188 125 19.8
188 126 39.81
188 127 94.73
188 128 17.12
188 129 68.12
188 130 98.49
188 131 78.52
188 132 80.52
188 133 97.42
188 134 124.2
188 135 68.47
188 136 116.18
188 137 64.76
188 138 67.91
188 139 64.0
188 140 99.98
188 141 116.43
188 142 94.89
188 143 4.0
188 144 39.85
188 145 137.36
188 146 83.49
188 147 77.1
188 148 107.47
188 149 90.43
188 150 99.46
188 151 94.37
188 152 106.67
188 153 109.2
188 154 83.67
188 155 46.62
188 156 126.02
188 157 92.2
188 158 12.81
188 159 95.13
188 160 80.06
188 161 79.63
188 162 84.65
188 163 139.32
188 164 77.65
188 165 1.0
188 166 38.64
188 167 18.03
188 168 128.71
188 169 110.75
188 170 123.41
188 171 119.64
188 172 94.92
188 173 84.08
188 174 122.48
188 175 43.66
188 176 4.12
188 177 99.08
188 178 81.01
188 179 77.88
188 180 23.32
188 181 75.31
188 182 140.72
188 183 61.85
188 184 73.82
188 185 81.39
188 186 97.49
188 187 97.51
188 189 114.48
188 190 10.0
188 191 22.63
188 192 96.18
188 193 13.04
188 194 138.66
188 195 134.47
188 196 99.01
188 197 110.65
188 198 105.76
188 199 70.41
188 200 111.29
188 201 58.83
189 0 84.86
189 1 118.71
189 2 82.86
189 3 174.69
189 4 128.13
189 5 107.06
189 6 51.97
189 7 162.8
189 8 176.07
189 9 120.1
189 10 108.05
189 11 51.48
189 12 43.27
189 13 78.39
189 14 99.93
189 15 105.95
189 16 156.21
189 17 88.2
189 18 167.03
189 19 105.55
189 20 64.4
189 21 122.0
189 22 156.16
189 23 124.04
189 24 67.6
189 25 59.14
189 26 97.42
189 27 74.43
189 28 101.64
189 29 97.08
189 30 99.76
189 31 60.73
189 32 2.83
189 33 116.18
189 34 102.26
189 35 126.48
189 36 116.93
189 37 137.21
189 38 152.05
189 39 84.88
189 40 98.76
189 41 63.91
189 42 99.5
189 43 79.18
189 44 104.85
189 45 74.89
189 46 110.89
189 47 36.24
189 48 90.14
189 49 159.67
189 50 101.49
189 51 7.81
189 52 120.7
189 53 120.21
189 54 170.66
189 55 140.93
189 56 147.51
189 57 116.06
189 58 151.38
189 59 102.14
189 60 132.02
189 61 69.64
189 62 99.86
189 63 153.26
189 64 72.2
189 65 8.94
189 66 38.01
189 67 84.91
189 68 99.98
189 69 20.22
189 70 36.24
189 71 121.76
189 72 128.41
189 73 52.15
189 74 98.9
189 75 125.57
189 76 96.8
189 77 58.87
189 78 83.49
189 79 101.08
189 80 62.64
189 81 134.38
189 82 130.12
189 83 118.41
189 84 130.65
189 85 62.94
189 86 11.7
189 87 97.19
189 88 176.8
189 89 103.85
189 90 85.09
189 91 38.59
189 92 121.93
189 93 135.47
189 94 10.0
189 95 103.41
189 96 101.02
189 97 103.62
189 98 172.54
189 99 118.46
189 100 71.34
189 101 115.94
189 102 103.77
189 103 17.46
189 104 163.69
189 105 103.16
189 106 107.79
189 107 83.6
189 108 112.29
189 109 74.63
189 110 57.27
189 111 154.93
189 112 101.32
189 113 77.67
189 114 148.84
189 115 12.08
189 116 45.49
189 117 161.84
189 118 114.84
189 119 120.74
189 120 101.52
189 121 114.98
189 122 53.24
189 123 97.87
189 124 13.04
189 125 125.78
189 126 122.87
189 127 176.87
189 128 109.55
189 129 49.24
189 130 100.09
189 131 102.34
189 132 168.51
189 133 90.82
189 134 103.7
189 135 140.8
189 136 2.24
189 137 132.28
189 138 133.65
189 139 54.71
189 140 159.81
189 141 18.68
189 142 156.49
189 143 118.36
189 144 118.98
189 145 120.34
189 146 104.1
189 147 38.08
189 148 18.44
189 149 93.04
189 150 153.45
189 151 153.84
189 152 99.04
189 153 97.02
189 154 72.07
189 155 82.1
189 156 102.4
189 157 167.6
189 158 102.96
189 159 151.4
189 160 35.34
189 161 161.52
189 162 56.94
189 163 125.48
189 164 38.47
189 165 115.45
189 166 123.17
189 167 101.83
189 168 101.12
189 169 102.36
189 170 103.82
189 171 6.4
189 172 58.52
189 173 75.18
189 174 8.06
189 175 82.15
189 176 118.13
189 177 171.33
189 178 78.03
189 179 72.11
189 180 131.97
189 181 161.34
189 182 128.56
189 183 130.23
189 184 142.13
189 185 165.95
189 186 178.21
189 187 160.7
189 188 114.48
189 190 105.32
189 191 127.57
189 192 106.51
189 193 111.02
189 194 123.41
189 195 119.6
189 196 104.92
189 197 16.03
189 198 100.58
189 199 137.18
189 200 20.0
189 201 84.86
190 0 55.97
190 1 45.28
190 2 36.36
190 3 105.55
190 4 24.52
190 5 7.62
190 6 58.14
190 7 80.65
190 8 104.35
190 9 46.17
190 10 8.06
190 11 58.08
190 12 67.03
190 13 38.91
190 14 102.53
190 15 106.22
190 16 102.31
190 17 38.95
190 18 93.17
190 19 92.62
190 20 83.19
190 21 127.14
190 22 108.05
190 23 133.3
190 24 79.18
190 25 90.62
190 26 102.55
190 27 77.39
190 28 94.26
190 29 124.2
190 30 86.56
190 31 92.31
190 32 103.81
190 33 11.18
190 34 6.32
190 35 47.1
190 36 11.7
190 37 73.11
190 38 103.1
190 39 42.01
190 40 105.38
190 41 89.47
190 42 120.74
190 43 36.25
190 44 80.45
190 45 72.95
190 46 10.63
190 47 71.18
190 48 96.43
190 49 83.2
190 50 122.02
190 51 112.29
190 52 133.06
190 53 49.37
190 54 95.08
190 55 72.03
190 56 90.27
190 57 16.55
190 58 82.3
190 59 103.28
190 60 27.02
190 61 75.66
190 62 75.6
190 63 95.08
190 64 77.18
190 65 111.13
190 66 69.18
190 67 38.6
190 68 82.46
190 69 106.02
190 70 75.01
190 71 46.04
190 72 24.19
190 73 59.3
190 74 92.02
190 75 137.44
190 76 77.34
190 77 88.39
190 78 42.2
190 79 126.66
190 80 93.11
190 81 71.25
190 82 26.48
190 83 14.87
190 84 28.46
190 85 92.2
190 86 111.97
190 87 122.61
190 88 106.89
190 89 108.21
190 90 35.23
190 91 70.03
190 92 132.46
190 93 66.0
190 94 113.05
190 95 5.1
190 96 97.67
190 97 97.84
190 98 102.59
190 99 46.39
190 100 76.66
190 101 43.57
190 102 81.61
190 103 99.13
190 104 88.29
190 105 106.79
190 106 9.85
190 107 45.61
190 108 7.81
190 109 71.56
190 110 84.5
190 111 98.13
190 112 123.56
190 113 44.78
190 114 95.63
190 115 112.93
190 116 65.07
190 117 84.65
190 118 13.04
190 119 41.0
190 120 90.14
190 121 9.85
190 122 56.08
190 123 117.15
190 124 104.39
190 125 23.41
190 126 45.0
190 127 102.36
190 128 12.53
190 129 60.03
190 130 96.94
190 131 78.01
190 132 88.54
190 133 94.92
190 134 121.83
190 135 74.0
190 136 107.08
190 137 69.35
190 138 72.44
190 139 56.32
190 140 105.17
190 141 108.07
190 142 100.12
190 143 13.42
190 144 44.18
190 145 135.79
190 146 83.01
190 147 68.36
190 148 99.08
190 149 88.39
190 150 103.95
190 151 99.32
190 152 104.66
190 153 106.89
190 154 79.4
190 155 42.44
190 156 123.43
190 157 98.99
190 158 2.83
190 159 99.72
190 160 71.34
190 161 86.88
190 162 78.77
190 163 138.11
190 164 69.12
190 165 10.82
190 166 44.01
190 167 9.22
190 168 125.88
190 169 108.89
190 170 121.08
190 171 110.35
190 172 89.32
190 173 80.16
190 174 113.36
190 175 39.12
190 176 13.0
190 177 105.68
190 178 77.42
190 179 73.57
190 180 28.64
190 181 82.97
190 182 139.7
190 183 66.37
190 184 79.06
190 185 89.02
190 186 105.02
190 187 103.02
190 188 10.0
190 189 105.32
190 191 26.0
190 192 95.43
190 193 9.9
190 194 137.3
190 195 133.0
190 196 97.95
190 197 102.18
190 198 103.95
190 199 75.24
190 200 103.02
190 201 55.97
191 0 81.02
191 1 62.18
191 2 62.18
191 3 114.16
191 4 5.0
191 5 21.21
191 6 83.19
191 7 86.05
191 8 112.02
191 9 62.61
191 10 20.22
191 11 83.02
191 12 91.79
191 13 64.88
191 14 126.91
191 15 130.18
191 16 116.48
191 17 64.07
191 18 101.08
191 19 115.97
191 20 109.17
191 21 150.63
191 22 123.33
191 23 156.98
191 24 105.1
191 25 116.62
191 26 127.14
191 27 103.08
191 28 118.14
191 29 149.51
191 30 110.34
191 31 118.31
191 32 125.78
191 33 20.52
191 34 26.31
191 35 60.75
191 36 19.1
191 37 87.6
191 38 118.6
191 39 67.42
191 40 129.96
191 41 115.45
191 42 145.8
191 43 62.24
191 44 103.32
191 45 98.62
191 46 17.12
191 47 95.13
191 48 121.4
191 49 91.14
191 50 147.0
191 51 134.08
191 52 157.04
191 53 66.19
191 54 102.0
191 55 84.9
191 56 104.69
191 57 30.23
191 58 93.56
191 59 127.48
191 60 11.4
191 61 101.53
191 62 98.99
191 63 108.67
191 64 102.96
191 65 132.52
191 66 93.13
191 67 64.14
191 68 106.08
191 69 130.25
191 70 99.61
191 71 61.74
191 72 7.0
191 73 84.53
191 74 116.1
191 75 161.23
191 76 101.18
191 77 114.39
191 78 67.74
191 79 151.82
191 80 119.1
191 81 86.38
191 82 5.39
191 83 23.85
191 84 3.16
191 85 118.19
191 86 133.0
191 87 147.87
191 88 115.07
191 89 132.46
191 90 60.9
191 91 94.34
191 92 156.28
191 93 79.7
191 94 134.5
191 95 25.5
191 96 121.75
191 97 121.66
191 98 111.16
191 99 63.53
191 100 102.47
191 101 61.4
191 102 104.69
191 103 123.1
191 104 96.08
191 105 131.05
191 106 20.02
191 107 71.02
191 108 23.43
191 109 97.25
191 110 110.49
191 111 111.83
191 112 148.6
191 113 70.66
191 114 110.68
191 115 133.99
191 116 89.94
191 117 92.05
191 118 27.02
191 119 56.36
191 120 113.86
191 121 20.52
191 122 81.05
191 123 142.2
191 124 128.0
191 125 2.83
191 126 60.01
191 127 109.02
191 128 18.03
191 129 84.85
191 130 121.08
191 131 101.14
191 132 94.09
191 133 119.81
191 134 146.65
191 135 87.36
191 136 129.47
191 137 84.86
191 138 88.02
191 139 81.58
191 140 118.85
191 141 132.14
191 142 113.76
191 143 20.0
191 144 60.83
191 145 159.96
191 146 106.1
191 147 92.05
191 148 123.15
191 149 112.93
191 150 119.22
191 151 113.6
191 152 129.19
191 153 131.65
191 154 105.19
191 155 68.1
191 156 148.4
191 157 108.46
191 158 27.2
191 159 114.79
191 160 95.05
191 161 95.19
191 162 104.75
191 163 161.94
191 164 93.19
191 165 21.93
191 166 58.69
191 167 26.02
191 168 151.01
191 169 133.3
191 170 145.87
191 171 132.1
191 172 115.32
191 173 105.82
191 174 135.62
191 175 64.88
191 176 19.21
191 177 115.62
191 178 102.93
191 179 99.36
191 180 5.66
191 181 90.02
191 182 163.34
191 183 82.08
191 184 93.01
191 185 96.01
191 186 112.0
191 187 115.95
191 188 22.63
191 189 127.57
191 190 26.0
191 192 118.8
191 193 17.26
191 194 161.28
191 195 157.08
191 196 121.63
191 197 126.06
191 198 128.32
191 199 90.14
191 200 127.25
191 201 81.02
192 0 41.63
192 1 61.77
192 2 62.61
192 3 82.28
192 4 115.28
192 5 102.8
192 6 71.01
192 7 86.01
192 8 85.38
192 9 62.18
192 10 103.41
192 11 72.01
192 12 73.44
192 13 62.77
192 14 13.15
192 15 12.65
192 16 57.71
192 17 57.45
192 18 80.6
192 19 2.83
192 20 42.15
192 21 31.83
192 22 54.41
192 23 38.21
192 24 39.56
192 25 48.02
192 26 15.52
192 27 33.54
192 28 5.0
192 29 40.0
192 30 9.49
192 31 46.87
192 32 107.54
192 33 98.29
192 34 99.05
192 35 68.03
192 36 99.7
192 37 55.04
192 38 51.62
192 39 55.47
192 40 17.12
192 41 43.05
192 42 34.06
192 43 65.39
192 44 15.81
192 45 35.06
192 46 106.04
192 47 80.89
192 48 18.44
192 49 78.23
192 50 34.23
192 51 113.6
192 52 38.6
192 53 59.03
192 54 84.72
192 55 61.07
192 56 54.12
192 57 89.2
192 58 66.37
192 59 12.0
192 60 113.45
192 61 38.64
192 62 19.85
192 63 58.52
192 64 35.69
192 65 115.45
192 66 80.62
192 67 59.06
192 68 13.04
192 69 90.21
192 70 75.71
192 71 63.95
192 72 113.9
192 73 69.0
192 74 7.62
192 75 42.52
192 76 18.36
192 77 47.89
192 78 55.9
192 79 40.2
192 80 45.22
192 81 53.15
192 82 116.73
192 83 95.52
192 84 120.22
192 85 44.65
192 86 118.19
192 87 38.0
192 88 84.5
192 89 16.28
192 90 62.65
192 91 77.78
192 92 37.64
192 93 59.68
192 94 116.3
192 95 98.81
192 96 7.62
192 97 5.1
192 98 81.27
192 99 60.42
192 100 36.67
192 101 61.06
192 102 14.21
192 103 89.44
192 104 79.76
192 105 15.13
192 106 105.0
192 107 52.33
192 108 95.52
192 109 36.01
192 110 49.24
192 111 58.69
192 112 36.22
192 113 56.65
192 114 52.0
192 115 118.6
192 116 72.25
192 117 80.31
192 118 91.93
192 119 68.1
192 120 6.08
192 121 98.31
192 122 72.06
192 123 31.0
192 124 95.29
192 125 115.97
192 126 66.19
192 127 88.32
192 128 107.8
192 129 73.01
192 130 8.06
192 131 17.69
192 132 87.46
192 133 16.97
192 134 32.56
192 135 59.01
192 136 106.45
192 137 52.35
192 138 51.09
192 139 69.07
192 140 60.9
192 141 92.96
192 142 59.51
192 143 99.01
192 144 63.13
192 145 41.88
192 146 12.81
192 147 82.49
192 148 88.55
192 149 13.6
192 150 53.0
192 151 56.36
192 152 16.12
192 153 20.22
192 154 35.17
192 155 56.36
192 156 35.36
192 157 76.54
192 158 95.8
192 159 52.77
192 160 82.87
192 161 77.65
192 162 50.29
192 163 43.28
192 164 79.63
192 165 96.88
192 166 67.54
192 167 101.51
192 168 39.2
192 169 18.11
192 170 31.58
192 171 112.73
192 172 48.37
192 173 32.02
192 174 110.94
192 175 59.93
192 176 99.7
192 177 77.08
192 178 30.27
192 179 37.22
192 180 118.87
192 181 81.15
192 182 44.55
192 183 52.77
192 184 56.14
192 185 82.73
192 186 88.23
192 187 63.51
192 188 96.18
192 189 106.51
192 190 95.43
192 191 118.8
192 193 105.26
192 194 42.8
192 195 38.83
192 196 4.0
192 197 91.71
192 198 14.04
192 199 53.0
192 200 88.68
192 201 41.63
193 0 65.86
193 1 53.37
193 2 46.04
193 3 111.54
193 4 17.12
193 5 4.0
193 6 65.92
193 7 85.38
193 8 110.03
193 9 54.13
193 10 3.0
193 11 65.76
193 12 74.55
193 13 48.37
193 14 112.43
193 15 116.1
193 16 110.03
193 17 48.84
193 18 98.86
193 19 102.45
193 20 92.59
193 21 137.0
193 22 116.1
193 23 143.18
193 24 88.68
193 25 99.81
193 26 112.45
193 27 87.09
193 28 104.14
193 29 134.01
193 30 96.43
193 31 101.55
193 32 109.33
193 33 12.37
193 34 9.06
193 35 54.15
193 36 11.7
193 37 80.75
193 38 111.2
193 39 51.86
193 40 115.28
193 41 98.84
193 42 130.6
193 43 45.65
193 44 90.21
193 45 82.66
193 46 1.0
193 47 78.03
193 48 106.3
193 49 88.81
193 50 131.89
193 51 117.71
193 52 142.95
193 53 57.49
193 54 100.45
193 55 79.16
193 56 98.01
193 57 22.0
193 58 89.0
193 59 113.17
193 60 21.54
193 61 85.23
193 62 85.43
193 63 102.59
193 64 86.82
193 65 116.3
193 66 76.03
193 67 48.41
193 68 92.31
193 69 113.11
193 70 82.39
193 71 53.76
193 72 17.46
193 73 67.27
193 74 101.91
193 75 147.32
193 76 87.21
193 77 97.58
193 78 52.01
193 79 136.5
193 80 102.42
193 81 79.08
193 82 19.1
193 83 17.46
193 84 20.1
193 85 101.52
193 86 116.93
193 87 132.44
193 88 112.75
193 89 118.11
193 90 45.0
193 91 77.16
193 92 142.34
193 93 73.33
193 94 118.26
193 95 8.25
193 96 107.56
193 97 107.71
193 98 108.56
193 99 54.57
193 100 86.28
193 101 51.92
193 102 91.4
193 103 106.02
193 104 93.9
193 105 116.69
193 106 3.61
193 107 55.44
193 108 12.04
193 109 81.27
193 110 93.62
193 111 105.68
193 112 133.42
193 113 54.38
193 114 103.58
193 115 117.9
193 116 72.69
193 117 90.09
193 118 18.0
193 119 48.51
193 120 100.0
193 121 11.18
193 122 63.79
193 123 127.02
193 124 111.02
193 125 15.03
193 126 52.47
193 127 107.69
193 128 4.12
193 129 67.6
193 130 106.83
193 131 87.8
193 132 93.39
193 133 104.8
193 134 131.71
193 135 81.3
193 136 112.87
193 137 77.28
193 138 80.41
193 139 64.33
193 140 112.75
193 141 115.04
193 142 107.67
193 143 13.93
193 144 52.17
193 145 145.69
193 146 92.8
193 147 75.0
193 148 106.04
193 149 98.29
193 150 111.99
193 151 107.06
193 152 114.56
193 153 116.78
193 154 89.04
193 155 52.2
193 156 133.3
193 157 105.23
193 158 10.3
193 159 107.69
193 160 78.0
193 161 92.66
193 162 87.85
193 163 147.99
193 164 76.06
193 165 13.15
193 166 51.35
193 167 9.22
193 168 135.72
193 169 118.79
193 170 130.97
193 171 115.74
193 172 98.49
193 173 89.87
193 174 119.08
193 175 48.83
193 176 13.0
193 177 112.11
193 178 87.2
193 179 83.22
193 180 21.02
193 181 88.28
193 182 149.58
193 183 74.33
193 184 86.58
193 185 94.37
193 186 110.48
193 187 110.37
193 188 13.04
193 189 111.02
193 190 9.9
193 191 17.26
193 192 105.26
193 194 147.19
193 195 142.9
193 196 107.81
193 197 109.0
193 198 113.85
193 199 83.02
193 200 110.11
193 201 65.86
194 0 81.84
194 1 104.31
194 2 102.8
194 3 111.04
194 4 157.88
194 5 144.5
194 6 103.12
194 7 122.58
194 8 115.0
194 9 104.62
194 10 145.17
194 11 104.06
194 12 102.36
194 13 102.08
194 14 35.0
194 15 31.11
194 16 85.01
194 17 98.6
194 18 113.44
194 19 45.61
194 20 67.45
194 21 12.37
194 22 78.23
194 23 6.0
194 24 68.01
194 25 67.6
194 26 35.51
194 27 65.31
194 28 43.14
194 29 26.68
194 30 50.93
194 31 65.49
194 32 125.26
194 33 140.8
194 34 140.46
194 35 110.15
194 36 142.21
194 37 93.3
194 38 78.01
194 39 96.05
194 40 32.76
194 41 64.13
194 42 24.0
194 43 104.86
194 44 58.6
194 45 68.88
194 46 147.92
194 47 108.26
194 48 42.94
194 49 113.77
194 50 22.0
194 51 129.0
194 52 4.24
194 53 101.36
194 54 117.35
194 55 99.33
194 56 86.7
194 57 131.89
194 58 101.79
194 59 34.06
194 60 156.2
194 61 69.46
194 62 62.37
194 63 89.2
194 64 66.71
194 65 131.75
194 66 108.68
194 67 99.64
194 68 55.23
194 69 103.82
194 70 101.61
194 71 106.33
194 72 156.54
194 73 100.9
194 74 45.28
194 75 2.83
194 76 60.11
194 77 68.88
194 78 96.21
194 79 22.8
194 80 63.51
194 81 92.03
194 82 159.36
194 83 138.19
194 84 162.79
194 85 63.64
194 86 134.73
194 87 26.31
194 88 113.07
194 89 29.21
194 90 103.23
194 91 105.54
194 92 5.39
194 93 99.37
194 94 131.97
194 95 140.36
194 96 39.62
194 97 39.62
194 98 111.0
194 99 102.93
194 100 67.62
194 101 103.73
194 102 57.01
194 103 106.17
194 104 113.99
194 105 30.61
194 106 146.66
194 107 92.62
194 108 137.9
194 109 70.24
194 110 72.37
194 111 88.05
194 112 22.09
194 113 95.69
194 114 82.22
194 115 134.84
194 116 101.92
194 117 115.57
194 118 134.54
194 119 110.68
194 120 47.42
194 121 140.76
194 122 104.75
194 123 26.17
194 124 110.55
194 125 158.45
194 126 108.56
194 127 119.02
194 128 149.48
194 129 104.36
194 130 40.36
194 131 60.44
194 132 122.19
194 133 43.91
194 134 20.1
194 135 96.84
194 136 122.59
194 137 91.76
194 138 89.81
194 139 101.95
194 140 87.09
194 141 106.07
194 142 88.01
194 143 141.6
194 144 105.69
194 145 3.16
194 146 55.61
194 147 110.86
194 148 105.17
194 149 49.2
194 150 79.03
194 151 85.02
194 152 33.29
194 153 32.2
194 154 65.0
194 155 96.4
194 156 21.02
194 157 107.04
194 158 137.44
194 159 81.02
194 160 110.22
194 161 112.15
194 162 76.4
194 163 2.24
194 164 107.71
194 165 139.39
194 166 109.93
194 167 142.76
194 168 22.56
194 169 28.84
194 170 20.22
194 171 128.76
194 172 68.73
194 173 62.65
194 174 125.3
194 175 100.0
194 176 142.27
194 177 105.08
194 178 63.53
194 179 69.78
194 180 161.52
194 181 116.9
194 182 5.39
194 183 92.85
194 184 92.65
194 185 116.97
194 186 118.0
194 187 91.02
194 188 138.66
194 189 123.41
194 190 137.3
194 191 161.28
194 192 42.8
194 193 147.19
194 195 4.47
194 196 39.7
194 197 107.38
194 198 33.6
194 199 90.8
194 200 103.48
194 201 81.84
195 0 77.47
195 1 100.5
195 2 98.41
195 3 109.22
195 4 153.72
195 5 140.19
195 6 98.68
195 7 119.85
195 8 113.11
195 9 100.85
195 10 140.86
195 11 99.62
195 12 97.98
195 13 97.65
195 14 30.61
195 15 26.91
195 16 83.15
195 17 94.26
195 18 111.16
195 19 41.62
195 20 63.06
195 21 10.05
195 22 76.66
195 23 5.66
195 24 63.57
195 25 63.39
195 26 31.06
195 27 60.84
195 28 38.95
195 29 23.41
195 30 46.75
195 31 61.29
195 32 121.41
195 33 136.62
195 34 136.12
195 35 106.47
195 36 138.03
195 37 90.25
195 38 76.16
195 39 91.68
195 40 28.3
195 41 59.84
195 42 20.1
195 43 100.44
195 44 54.64
195 45 64.41
195 46 143.63
195 47 103.94
195 48 38.47
195 49 111.16
195 50 18.11
195 51 125.3
195 52 1.41
195 53 97.62
195 54 115.11
195 55 96.3
195 56 84.29
195 57 127.78
195 58 99.14
195 59 29.73
195 60 152.12
195 61 65.0
195 62 58.26
195 63 87.02
195 64 62.24
195 65 128.0
195 66 104.35
195 67 95.27
195 68 51.09
195 69 100.13
195 70 97.32
195 71 102.58
195 72 152.4
195 73 96.46
195 74 41.01
195 75 6.0
195 76 55.9
195 77 64.63
195 78 91.83
195 79 19.7
195 80 59.3
195 81 88.89
195 82 155.22
195 83 134.06
195 84 158.62
195 85 59.41
195 86 130.98
195 87 22.8
195 88 111.29
195 89 24.84
195 90 98.86
195 91 101.2
195 92 3.61
195 93 96.14
195 94 128.27
195 95 136.03
195 96 35.36
195 97 35.47
195 98 109.07
195 99 99.13
195 100 63.16
195 101 99.86
195 102 53.01
195 103 102.31
195 104 111.54
195 105 26.25
195 106 142.34
195 107 88.24
195 108 133.69
195 109 65.76
195 110 68.07
195 111 86.01
195 112 18.44
195 113 91.26
195 114 80.02
195 115 131.11
195 116 97.53
195 117 113.0
195 118 130.38
195 119 106.85
195 120 43.28
195 121 136.56
195 122 100.3
195 123 22.02
195 124 106.79
195 125 154.25
195 126 104.81
195 127 117.02
195 128 145.17
195 129 99.93
195 130 36.07
195 131 56.4
195 132 119.71
195 133 39.45
195 134 16.0
195 135 93.86
195 136 118.83
195 137 88.54
195 138 86.68
195 139 97.5
195 140 85.38
195 141 102.42
195 142 86.05
195 143 137.44
195 144 101.87
195 145 3.16
195 146 51.61
195 147 106.51
195 148 101.32
195 149 44.82
195 150 77.23
195 151 83.02
195 152 28.84
195 153 27.73
195 154 60.54
195 155 92.01
195 156 17.26
195 157 105.0
195 158 133.12
195 159 79.03
195 160 105.91
195 161 109.66
195 162 72.03
195 163 6.08
195 164 103.37
195 165 135.21
195 166 106.17
195 167 138.41
195 168 19.31
195 169 24.41
195 170 16.03
195 171 125.03
195 172 64.5
195 173 58.18
195 174 121.66
195 175 95.6
195 176 138.11
195 177 103.31
195 178 59.06
195 179 65.31
195 180 157.38
195 181 114.27
195 182 9.0
195 183 89.54
195 184 89.82
195 185 114.53
195 186 116.11
195 187 89.2
195 188 134.47
195 189 119.6
195 190 133.0
195 191 157.08
195 192 38.83
195 193 142.9
195 194 4.47
195 196 35.61
195 197 103.59
195 198 29.21
195 199 87.8
195 200 99.72
195 201 77.47
196 0 43.42
196 1 65.3
196 2 64.5
196 3 86.03
196 4 118.19
196 5 105.26
196 6 71.18
196 7 90.01
196 8 89.19
196 9 65.74
196 10 105.89
196 11 72.17
196 12 73.11
196 13 64.4
196 14 9.22
196 15 8.94
196 16 61.27
196 17 59.64
196 18 84.53
196 19 6.32
196 20 40.8
196 21 29.21
196 22 57.69
196 23 35.38
196 24 38.64
196 25 46.07
196 26 11.7
196 27 33.06
196 28 4.12
196 29 36.0
196 30 11.4
196 31 44.78
196 32 106.04
196 33 101.14
196 34 101.4
196 35 71.69
196 36 102.55
196 37 59.03
196 38 55.07
196 39 57.45
196 40 13.15
196 41 41.15
196 42 30.07
196 43 67.08
196 44 19.24
196 45 35.06
196 46 108.58
196 47 80.4
196 48 15.62
196 49 82.22
196 50 30.27
196 51 111.89
196 52 35.47
196 53 62.65
196 54 88.65
196 55 65.07
196 56 57.97
196 57 92.2
196 58 70.35
196 59 8.0
196 60 116.52
196 61 38.12
196 62 22.67
196 63 62.3
196 64 35.13
196 65 113.85
196 66 80.22
196 67 61.06
196 68 15.56
196 69 88.19
196 70 74.97
196 71 67.54
196 72 116.85
196 73 69.12
196 74 7.07
196 75 39.6
196 76 20.62
196 77 46.1
196 78 57.8
196 79 36.22
196 80 43.05
196 81 57.14
196 82 119.67
196 83 98.49
196 84 123.11
196 85 42.54
196 86 116.62
196 87 34.0
196 88 88.26
196 89 12.37
196 90 64.66
196 91 77.32
196 92 34.66
196 93 63.64
196 94 114.63
196 95 101.21
196 96 4.24
196 97 1.41
196 98 85.07
196 99 63.95
196 100 36.12
196 101 64.5
196 102 17.49
196 103 87.73
196 104 83.73
196 105 11.18
196 106 107.45
196 107 54.2
196 108 98.29
196 109 36.12
196 110 47.76
196 111 62.39
196 112 32.25
196 113 58.18
196 114 55.71
196 115 117.0
196 116 72.03
196 117 84.29
196 118 94.85
196 119 71.59
196 120 7.81
196 121 101.12
196 122 72.34
196 123 27.0
196 124 93.47
196 125 118.8
196 126 69.78
196 127 92.18
196 128 110.26
196 129 73.06
196 130 5.0
196 131 20.81
196 132 91.44
196 133 14.42
196 134 28.64
196 135 63.01
196 136 104.79
196 137 56.32
196 138 55.08
196 139 69.35
196 140 64.41
196 141 90.92
196 142 63.16
196 143 101.91
196 144 66.65
196 145 38.6
196 146 16.12
196 147 82.15
196 148 86.82
196 149 13.0
196 150 56.44
196 151 60.01
196 152 12.17
196 153 16.28
196 154 34.37
196 155 58.18
196 156 31.4
196 157 80.36
196 158 98.23
196 159 56.36
196 160 82.39
196 161 81.61
196 162 49.24
196 163 40.31
196 164 79.23
196 165 99.72
196 166 71.11
196 167 103.81
196 168 35.23
196 169 14.14
196 170 27.66
196 171 111.09
196 172 46.52
196 173 31.26
196 174 109.12
196 175 61.77
196 176 102.59
196 177 80.78
196 178 30.0
196 179 37.0
196 180 121.83
196 181 85.15
196 182 41.77
196 183 56.72
196 184 60.13
196 185 86.7
196 186 92.05
196 187 67.12
196 188 99.01
196 189 104.92
196 190 97.95
196 191 121.63
196 192 4.0
196 193 107.81
196 194 39.7
196 195 35.61
196 197 89.9
196 198 10.05
196 199 57.0
196 200 86.77
196 201 43.42
197 0 73.82
197 1 109.59
197 2 75.27
197 3 162.79
197 4 126.0
197 5 105.0
197 6 45.12
197 7 152.86
197 8 164.44
197 9 110.94
197 10 106.0
197 11 44.91
197 12 35.9
197 13 70.84
197 14 84.5
197 15 90.48
197 16 143.18
197 17 79.71
197 18 155.86
197 19 90.92
197 20 49.93
197 21 106.1
197 22 142.61
197 23 108.05
197 24 53.6
197 25 43.86
197 26 81.93
197 27 60.61
197 28 86.77
197 29 81.06
197 30 85.44
197 31 45.31
197 32 18.03
197 33 112.54
197 34 100.0
197 35 117.62
197 36 113.44
197 37 125.88
197 38 138.68
197 39 76.06
197 40 83.17
197 41 48.75
197 42 83.49
197 43 72.12
197 44 91.21
197 45 61.62
197 46 109.02
197 47 31.02
197 48 74.85
197 49 149.03
197 50 85.48
197 51 22.14
197 52 104.69
197 53 110.64
197 54 159.62
197 55 130.0
197 56 135.06
197 57 111.0
197 58 140.09
197 59 86.73
197 60 129.19
197 61 56.08
197 62 86.56
197 63 140.73
197 64 58.41
197 65 24.52
197 66 33.02
197 67 76.69
197 68 86.02
197 69 5.66
197 70 27.89
197 71 112.71
197 72 126.04
197 73 44.64
197 74 84.12
197 75 109.55
197 76 83.24
197 77 43.83
197 78 74.73
197 79 85.05
197 80 47.17
197 81 123.07
197 82 128.0
197 83 114.13
197 84 129.03
197 85 47.54
197 86 27.46
197 87 81.15
197 88 164.94
197 89 88.23
197 90 77.49
197 91 32.25
197 92 105.93
197 93 124.85
197 94 25.0
197 95 101.0
197 96 85.91
197 97 88.57
197 98 160.78
197 99 109.18
197 100 57.63
197 101 106.89
197 102 90.0
197 103 3.16
197 104 152.8
197 105 87.6
197 106 106.04
197 107 74.24
197 108 108.56
197 109 61.55
197 110 42.72
197 111 142.21
197 112 85.29
197 113 68.94
197 114 135.95
197 115 27.66
197 116 38.08
197 117 151.24
197 118 110.32
197 119 112.31
197 120 86.95
197 121 111.45
197 122 46.87
197 123 81.88
197 124 3.61
197 125 124.02
197 126 114.04
197 127 165.56
197 128 108.12
197 129 42.76
197 130 85.0
197 131 88.87
197 132 158.11
197 133 75.64
197 134 87.69
197 135 129.63
197 136 15.3
197 137 121.04
197 138 122.15
197 139 47.54
197 140 146.75
197 141 6.32
197 142 143.68
197 143 114.63
197 144 110.02
197 145 104.31
197 146 90.21
197 147 34.01
197 148 3.61
197 149 78.39
197 150 140.09
197 151 140.93
197 152 83.49
197 153 81.32
197 154 58.01
197 155 73.41
197 156 86.37
197 157 155.79
197 158 100.08
197 159 138.29
197 160 31.02
197 161 150.6
197 162 43.28
197 163 109.46
197 164 33.06
197 165 111.65
197 166 114.49
197 167 100.04
197 168 85.09
197 169 86.68
197 170 87.82
197 171 21.59
197 172 43.38
197 173 61.03
197 174 19.24
197 175 74.09
197 176 114.53
197 177 159.11
197 178 64.2
197 179 58.8
197 180 130.0
197 181 150.9
197 182 112.54
197 183 119.2
197 184 130.48
197 185 155.21
197 186 166.71
197 187 147.92
197 188 110.65
197 189 16.03
197 190 102.18
197 191 126.06
197 192 91.71
197 193 109.0
197 194 107.38
197 195 103.59
197 196 89.9
197 198 85.09
197 199 125.61
197 200 4.12
197 201 73.82
198 0 48.27
198 1 73.93
198 2 69.2
198 3 95.82
198 4 125.1
198 5 111.07
198 6 71.59
198 7 100.02
198 8 99.04
198 9 74.46
198 10 111.76
198 11 72.57
198 12 72.25
198 13 68.51
198 14 1.41
198 15 5.39
198 16 70.77
198 17 65.12
198 18 94.54
198 19 16.03
198 20 38.05
198 21 25.3
198 22 66.73
198 23 30.41
198 24 37.12
198 25 41.48
198 26 3.16
198 27 32.98
198 28 11.4
198 29 26.02
198 30 18.79
198 31 39.85
198 32 101.92
198 33 107.94
198 34 106.96
198 35 80.65
198 36 109.34
198 37 69.01
198 38 64.4
198 39 62.48
198 40 3.16
198 41 36.88
198 42 20.22
198 43 71.28
198 44 28.16
198 45 36.06
198 46 114.56
198 47 79.03
198 48 11.0
198 49 92.27
198 50 20.62
198 51 107.22
198 52 29.41
198 53 71.51
198 54 98.66
198 55 75.03
198 56 67.91
198 57 99.4
198 58 80.4
198 59 2.24
198 60 123.81
198 61 37.66
198 62 30.41
198 63 72.12
198 64 34.71
198 65 109.42
198 66 79.1
198 67 66.07
198 68 23.26
198 69 82.86
198 70 73.03
198 71 76.32
198 72 123.85
198 73 69.43
198 74 12.53
198 75 34.13
198 76 27.46
198 77 41.98
198 78 62.63
198 79 26.48
198 80 37.95
198 81 67.07
198 82 126.66
198 83 105.6
198 84 129.96
198 85 37.64
198 86 112.27
198 87 24.02
198 88 98.03
198 89 4.47
198 90 69.66
198 91 76.06
198 92 29.15
198 93 73.44
198 94 110.05
198 95 106.89
198 96 7.28
198 97 9.0
198 98 94.92
198 99 72.62
198 100 35.69
198 101 72.92
198 102 26.25
198 103 83.17
198 104 93.77
198 105 3.16
198 106 113.22
198 107 59.03
198 108 104.89
198 109 37.34
198 110 44.41
198 111 72.11
198 112 22.56
198 113 62.13
198 114 65.46
198 115 112.58
198 116 71.45
198 117 94.34
198 118 101.83
198 119 80.11
198 120 15.81
198 121 107.81
198 122 73.01
198 123 17.03
198 124 88.6
198 125 125.5
198 126 78.55
198 127 102.11
198 128 116.04
198 129 73.16
198 130 7.62
198 131 29.15
198 132 101.49
198 133 11.18
198 134 19.31
198 135 73.0
198 136 100.24
198 137 66.19
198 138 65.03
198 139 70.09
198 140 73.82
198 141 85.49
198 142 72.8
198 143 108.85
198 144 75.24
198 145 31.89
198 146 25.0
198 147 81.15
198 148 82.22
198 149 15.62
198 150 65.74
198 151 69.64
198 152 2.24
198 153 6.32
198 154 33.38
198 155 62.8
198 156 21.84
198 157 90.25
198 158 104.0
198 159 65.92
198 160 81.02
198 161 91.66
198 162 47.01
198 163 34.67
198 164 78.1
198 165 106.53
198 166 79.85
198 167 109.22
198 168 25.5
198 169 5.0
198 170 18.38
198 171 106.57
198 172 42.2
198 173 30.59
198 174 104.18
198 175 66.4
198 176 109.48
198 177 90.48
198 178 30.68
198 179 37.36
198 180 128.84
198 181 95.19
198 182 36.72
198 183 66.48
198 184 70.18
198 185 96.75
198 186 101.92
198 187 76.69
198 188 105.76
198 189 100.58
198 190 103.95
198 191 128.32
198 192 14.04
198 193 113.85
198 194 33.6
198 195 29.21
198 196 10.05
198 197 85.09
198 199 67.01
198 200 81.71
198 201 48.27
199 0 52.35
199 1 30.02
199 2 61.33
199 3 37.64
199 4 85.44
199 5 82.49
199 6 88.01
199 7 33.02
199 8 38.9
199 9 29.07
199 10 82.61
199 11 88.81
199 12 95.13
199 13 64.85
199 14 66.03
199 15 65.12
199 16 27.07
199 17 54.13
199 18 30.53
199 19 51.04
199 20 79.26
199 21 78.45
199 22 33.24
199 23 85.07
199 24 74.43
199 25 88.12
199 26 68.12
199 27 67.6
199 28 56.14
199 29 93.0
199 30 50.8
199 31 88.1
199 32 137.21
199 33 71.81
199 34 81.1
199 35 29.41
199 36 73.01
199 37 2.83
199 38 28.46
199 39 55.95
199 40 70.03
199 41 83.63
199 42 87.02
199 43 65.8
199 44 41.0
199 45 65.19
199 46 84.01
199 47 103.08
199 48 68.07
199 49 25.71
199 50 87.09
199 51 144.96
199 52 87.09
199 53 26.0
199 54 34.48
199 55 8.54
199 56 15.03
199 57 61.39
199 58 14.76
199 59 65.0
199 60 81.02
199 61 71.02
199 62 42.72
199 63 20.1
199 64 69.46
199 65 145.69
199 66 101.83
199 67 57.7
199 68 47.3
199 69 126.21
199 70 101.18
199 71 29.27
199 72 83.57
199 73 87.01
199 74 56.44
199 75 89.49
199 76 46.82
199 77 86.83
199 78 57.31
199 79 93.09
199 80 87.24
199 81 4.0
199 82 86.16
199 83 67.19
199 84 90.25
199 85 86.33
199 86 147.87
199 87 91.0
199 88 39.7
199 89 69.07
199 90 59.62
199 91 100.12
199 92 85.44
199 93 10.82
199 94 147.09
199 95 80.16
199 96 60.07
199 97 58.01
199 98 35.38
199 99 29.0
199 100 69.97
199 101 32.02
199 102 42.95
199 103 122.67
199 104 28.23
199 105 68.03
199 106 84.59
199 107 55.76
199 108 71.02
199 109 64.9
199 110 85.76
199 111 23.02
199 112 89.09
199 113 62.43
199 114 20.62
199 115 148.55
199 116 93.09
199 117 27.89
199 118 65.31
199 119 34.53
199 120 52.35
199 121 72.57
199 122 87.66
199 123 84.0
199 124 129.07
199 125 87.6
199 126 30.59
199 127 40.0
199 128 86.83
199 129 90.8
199 130 60.13
199 131 41.76
199 132 35.17
199 133 66.1
199 134 85.21
199 135 6.08
199 136 137.9
199 137 6.08
199 138 3.61
199 139 85.21
199 140 30.0
199 141 129.02
199 142 25.02
199 143 71.31
199 144 31.06
199 145 90.96
199 146 43.74
199 147 102.8
199 148 122.02
199 149 58.46
199 150 29.12
199 151 24.08
199 152 69.03
199 153 73.06
199 154 70.71
199 155 58.67
199 156 88.14
199 157 30.48
199 158 77.1
199 159 24.74
199 160 104.64
199 161 26.0
199 162 83.23
199 163 90.44
199 164 101.04
199 165 70.61
199 166 31.78
199 167 84.1
199 168 92.09
199 169 71.03
199 170 84.21
199 171 143.54
199 172 87.71
199 173 68.43
199 174 143.63
199 175 60.37
199 176 72.28
199 177 34.99
199 178 64.41
199 179 67.96
199 180 87.85
199 181 28.44
199 182 90.48
199 183 9.06
199 184 5.0
199 185 31.02
199 186 41.11
199 187 28.28
199 188 70.41
199 189 137.18
199 190 75.24
199 191 90.14
199 192 53.0
199 193 83.02
199 194 90.8
199 195 87.8
199 196 57.0
199 197 125.61
199 198 67.01
199 200 123.85
199 201 52.35
200 0 72.4
200 1 108.69
200 2 75.0
200 3 160.86
200 4 127.04
200 5 106.12
200 6 45.4
200 7 151.6
200 8 162.61
200 9 110.02
200 10 107.12
200 11 45.28
200 12 36.22
200 13 70.6
200 14 81.15
200 15 87.09
200 16 140.86
200 17 79.12
200 18 154.2
200 19 87.98
200 20 47.2
200 21 102.39
200 22 140.09
200 23 104.24
200 24 51.09
200 25 40.71
200 26 78.55
200 27 58.14
200 28 83.73
200 29 77.1
200 30 82.66
200 31 42.05
200 32 22.09
200 33 113.22
200 34 101.08
200 35 116.78
200 36 114.16
200 37 124.2
200 38 136.24
200 39 75.39
200 40 79.71
200 41 45.65
200 42 79.63
200 43 72.03
200 44 88.73
200 45 59.4
200 46 110.16
200 47 32.14
200 48 71.59
200 49 147.56
200 50 81.61
200 51 25.71
200 52 100.84
200 53 109.59
200 54 158.0
200 55 128.46
200 56 132.97
200 57 111.31
200 58 138.41
200 59 83.38
200 60 130.03
200 61 53.76
200 62 84.22
200 63 138.6
200 64 55.97
200 65 28.28
200 66 34.13
200 67 76.22
200 68 83.41
200 69 3.0
200 70 28.16
200 71 111.83
200 72 127.0
200 73 44.72
200 74 81.12
200 75 105.68
200 76 80.81
200 77 40.82
200 78 74.09
200 79 81.1
200 80 43.86
200 81 121.4
200 82 129.03
200 83 114.63
200 84 130.19
200 85 44.28
200 86 31.26
200 87 77.23
200 88 163.03
200 89 84.76
200 90 77.2
200 91 33.0
200 92 102.11
200 93 123.42
200 94 28.64
200 95 102.04
200 96 82.73
200 97 85.42
200 98 158.9
200 99 108.23
200 100 55.23
200 101 106.02
200 102 87.46
200 103 5.0
200 104 151.24
200 105 84.15
200 106 107.23
200 107 73.41
200 108 109.22
200 109 59.41
200 110 40.0
200 111 140.01
200 112 81.39
200 113 68.35
200 114 133.69
200 115 31.4
200 116 38.33
200 117 149.77
200 118 110.77
200 119 111.62
200 120 84.06
200 121 112.16
200 122 47.27
200 123 78.09
200 124 7.07
200 125 125.14
200 126 113.22
200 127 163.84
200 128 109.37
200 129 43.19
200 130 81.84
200 131 86.45
200 132 156.71
200 133 72.45
200 134 83.86
200 135 128.0
200 136 19.1
200 137 119.4
200 138 120.42
200 139 47.68
200 140 144.42
200 141 5.39
200 142 141.45
200 143 115.28
200 144 109.17
200 145 100.4
200 146 87.62
200 147 35.36
200 148 4.47
200 149 75.47
200 150 137.64
200 151 138.66
200 152 80.06
200 153 77.79
200 154 55.44
200 155 72.8
200 156 82.49
200 157 153.91
200 158 101.0
200 159 135.95
200 160 32.39
200 161 149.03
200 162 41.01
200 163 105.57
200 164 34.06
200 165 112.29
200 166 113.72
200 167 101.24
200 168 81.15
200 169 83.17
200 170 84.01
200 171 25.32
200 172 40.31
200 173 58.41
200 174 22.47
200 175 73.68
200 176 115.21
200 177 157.08
200 178 61.72
200 179 56.57
200 180 131.06
200 181 149.5
200 182 108.66
200 183 117.64
200 184 128.69
200 185 153.69
200 186 164.92
200 187 145.69
200 188 111.29
200 189 20.0
200 190 103.02
200 191 127.25
200 192 88.68
200 193 110.11
200 194 103.48
200 195 99.72
200 196 86.77
200 197 4.12
200 198 81.71
200 199 123.85
200 201 72.4
201 0 0.0
201 1 37.85
201 2 21.1
201 3 89.94
201 4 78.23
201 5 62.94
201 6 36.67
201 7 79.26
201 8 91.22
201 9 39.05
201 10 63.66
201 11 37.58
201 12 43.01
201 13 21.19
201 14 46.86
201 15 51.04
201 16 73.36
201 17 17.03
201 18 82.22
201 19 39.0
201 20 33.02
201 21 72.4
201 22 75.03
201 23 78.24
201 24 28.0
201 25 42.11
201 26 46.69
201 27 23.54
201 28 39.45
201 29 68.51
201 30 32.2
201 31 43.01
201 32 84.86
201 33 61.06
201 34 58.73
201 35 46.1
201 36 62.43
201 37 52.35
201 38 70.38
201 39 14.21
201 40 49.52
201 41 39.01
201 42 64.82
201 43 23.77
201 44 29.27
201 45 19.24
201 46 66.53
201 47 51.04
201 48 40.46
201 49 75.21
201 50 66.07
201 51 92.66
201 52 77.62
201 53 37.95
201 54 85.91
201 55 56.22
201 56 63.51
201 57 53.71
201 58 66.53
201 59 47.8
201 60 77.83
201 61 24.0
201 62 23.35
201 63 69.34
201 64 24.19
201 65 93.35
201 66 49.93
201 67 17.8
201 68 28.79
201 69 74.95
201 70 48.84
201 71 41.0
201 72 77.18
201 73 35.36
201 74 36.89
201 75 82.2
201 76 23.41
201 77 40.2
201 78 14.42
201 79 70.8
201 80 43.01
201 81 49.52
201 82 79.92
201 83 59.48
201 84 82.93
201 85 42.01
201 86 95.52
201 87 66.85
201 88 92.02
201 89 52.63
201 90 21.4
201 91 48.01
201 92 77.2
201 93 51.04
201 94 94.75
201 95 58.69
201 96 42.44
201 97 43.05
201 98 87.73
201 99 37.11
201 100 24.08
201 101 35.51
201 102 29.61
201 103 70.8
201 104 79.03
201 105 51.22
201 106 65.05
201 107 10.82
201 108 57.69
201 109 18.11
201 110 37.66
201 111 71.34
201 112 67.62
201 113 15.3
201 114 65.76
201 115 96.21
201 116 41.05
201 117 77.42
201 118 55.47
201 119 42.19
201 120 35.78
201 121 60.75
201 122 36.77
201 123 61.22
201 124 77.2
201 125 78.24
201 126 42.76
201 127 92.02
201 128 67.88
201 129 39.36
201 130 41.62
201 131 26.31
201 132 84.31
201 133 38.95
201 134 65.86
201 135 55.97
201 136 85.63
201 137 47.42
201 138 48.8
201 139 34.01
201 140 76.94
201 141 77.7
201 142 73.06
201 143 62.27
201 144 38.64
201 145 80.16
201 146 30.81
201 147 51.11
201 148 70.21
201 149 32.65
201 150 71.69
201 151 70.71
201 152 48.84
201 153 50.93
201 154 26.31
201 155 14.76
201 156 67.48
201 157 82.81
201 158 55.87
201 159 68.88
201 160 52.7
201 161 76.84
201 162 33.53
201 163 82.8
201 164 49.09
201 165 59.68
201 166 43.57
201 167 60.96
201 168 70.0
201 169 53.15
201 170 65.12
201 171 91.22
201 172 41.19
201 173 25.96
201 174 91.44
201 175 18.36
201 176 62.77
201 177 86.83
201 178 22.47
201 179 21.02
201 180 82.15
201 181 77.1
201 182 84.63
201 183 45.45
201 184 57.31
201 185 81.4
201 186 93.35
201 187 77.18
201 188 58.83
201 189 84.86
201 190 55.97
201 191 81.02
201 192 41.63
201 193 65.86
201 194 81.84
201 195 77.47
201 196 43.42
201 197 73.82
201 198 48.27
201 199 52.35
201 200 72.4
;

param sigma : 1 2 3 :=
1   0.0000 0.0000 1.0000
2   0.0000 0.2000 0.8000
3   0.0000 0.4000 0.6000
4   0.0000 0.6000 0.4000
5   0.0000 0.8000 0.2000
6   0.0000 1.0000 0.0000
7   0.2000 0.0000 0.8000
8   0.2000 0.2000 0.6000
9   0.2000 0.4000 0.4000
10   0.2000 0.6000 0.2000
11   0.2000 0.8000 0.0000
12   0.4000 0.0000 0.6000
13   0.4000 0.2000 0.4000
14   0.4000 0.4000 0.2000
15   0.4000 0.6000 0.0000
16   0.6000 0.0000 0.4000
17   0.6000 0.2000 0.2000
18   0.6000 0.4000 0.0000
19   0.8000 0.0000 0.2000
20   0.8000 0.2000 0.0000
21   1.0000 0.0000 0.0000
;

