param o := 0;
param s := 201;

set POI := 1 2 3 4 5 6 7 8 9 10 11 12 13 14 15 16 17 18 19 20 21 22 23 24 25 26 27 28 29 30 31 32 33 34 35 36 37 38 39 40 41 42 43 44 45 46 47 48 49 50 51 52 53 54 55 56 57 58 59 60 61 62 63 64 65 66 67 68 69 70 71 72 73 74 75 76 77 78 79 80 81 82 83 84 85 86 87 88 89 90 91 92 93 94 95 96 97 98 99 100 101 102 103 104 105 106 107 108 109 110 111 112 113 114 115 116 117 118 119 120 121 122 123 124 125 126 127 128 129 130 131 132 133 134 135 136 137 138 139 140 141 142 143 144 145 146 147 148 149 150 151 152 153 154 155 156 157 158 159 160 161 162 163 164 165 166 167 168 169 170 171 172 173 174 175 176 177 178 179 180 181 182 183 184 185 186 187 188 189 190 191 192 193 194 195 196 197 198 199 200;
set M := 1 2;
set Z := 1 2 3;

param TM := 3598;

param E :=
1 57
2 43
3 29
;

param e : 1 2 3 :=
0   0   0   0
1   1   0   0
2   0   0   1
3   1   0   0
4   0   0   1
5   1   0   0
6   0   1   0
7   1   0   0
8   1   0   0
9   1   0   0
10   1   0   0
11   0   1   0
12   0   1   0
13   0   1   0
14   1   0   0
15   0   1   0
16   0   1   0
17   1   0   0
18   0   1   0
19   1   0   0
20   1   0   0
21   0   1   0
22   1   0   0
23   1   0   0
24   0   1   0
25   0   0   1
26   0   1   0
27   1   0   0
28   1   0   0
29   1   0   0
30   0   0   1
31   1   0   0
32   0   1   0
33   1   0   0
34   1   0   0
35   0   1   0
36   1   0   0
37   1   0   0
38   0   0   1
39   1   0   0
40   0   0   1
41   0   0   1
42   1   0   0
43   1   0   0
44   0   1   0
45   0   1   0
46   1   0   0
47   0   1   0
48   1   0   0
49   1   0   0
50   1   0   0
51   1   0   0
52   1   0   0
53   1   0   0
54   0   1   0
55   1   0   0
56   1   0   0
57   0   1   0
58   0   0   1
59   1   0   0
60   1   0   0
61   1   0   0
62   1   0   0
63   0   1   0
64   0   0   1
65   0   1   0
66   1   0   0
67   0   1   0
68   1   0   0
69   1   0   0
70   0   0   1
71   0   1   0
72   0   0   1
73   1   0   0
74   1   0   0
75   0   1   0
76   1   0   0
77   1   0   0
78   1   0   0
79   1   0   0
80   0   0   1
81   1   0   0
82   0   1   0
83   1   0   0
84   0   1   0
85   0   1   0
86   1   0   0
87   1   0   0
88   0   1   0
89   0   1   0
90   0   0   1
91   1   0   0
92   1   0   0
93   0   1   0
94   1   0   0
95   0   1   0
96   1   0   0
97   1   0   0
98   0   0   1
99   1   0   0
100   1   0   0
101   0   0   1
102   1   0   0
103   1   0   0
104   0   0   1
105   1   0   0
106   1   0   0
107   0   1   0
108   0   1   0
109   0   0   1
110   0   1   0
111   0   0   1
112   0   1   0
113   1   0   0
114   1   0   0
115   0   1   0
116   0   1   0
117   0   1   0
118   0   1   0
119   0   1   0
120   1   0   0
121   1   0   0
122   1   0   0
123   1   0   0
124   1   0   0
125   0   1   0
126   0   1   0
127   1   0   0
128   1   0   0
129   1   0   0
130   1   0   0
131   1   0   0
132   1   0   0
133   1   0   0
134   0   1   0
135   0   0   1
136   0   1   0
137   1   0   0
138   0   0   1
139   0   1   0
140   1   0   0
141   1   0   0
142   0   1   0
143   1   0   0
144   1   0   0
145   1   0   0
146   1   0   0
147   0   1   0
148   1   0   0
149   1   0   0
150   1   0   0
151   0   1   0
152   0   1   0
153   1   0   0
154   1   0   0
155   1   0   0
156   1   0   0
157   1   0   0
158   1   0   0
159   0   0   1
160   0   0   1
161   1   0   0
162   0   0   1
163   1   0   0
164   0   1   0
165   1   0   0
166   0   0   1
167   1   0   0
168   1   0   0
169   1   0   0
170   0   1   0
171   0   1   0
172   1   0   0
173   1   0   0
174   0   0   1
175   0   1   0
176   1   0   0
177   0   1   0
178   0   0   1
179   0   1   0
180   0   1   0
181   1   0   0
182   1   0   0
183   1   0   0
184   1   0   0
185   1   0   0
186   1   0   0
187   0   1   0
188   1   0   0
189   0   1   0
190   0   0   1
191   1   0   0
192   0   0   1
193   1   0   0
194   1   0   0
195   1   0   0
196   1   0   0
197   0   0   1
198   1   0   0
199   1   0   0
200   0   1   0
201   0   0   0
;

param SCORE :=
0 0
1 20
2 20
3 10
4 10
5 30
6 30
7 10
8 20
9 20
10 20
11 10
12 20
13 20
14 10
15 10
16 10
17 10
18 20
19 20
20 40
21 20
22 30
23 30
24 10
25 10
26 10
27 20
28 40
29 20
30 30
31 10
32 20
33 40
34 10
35 10
36 20
37 10
38 10
39 20
40 20
41 10
42 10
43 30
44 20
45 10
46 20
47 20
48 20
49 20
50 20
51 10
52 20
53 20
54 10
55 10
56 30
57 20
58 30
59 20
60 20
61 40
62 20
63 30
64 20
65 30
66 10
67 20
68 20
69 20
70 20
71 10
72 20
73 20
74 20
75 30
76 10
77 20
78 30
79 20
80 20
81 30
82 10
83 30
84 10
85 20
86 10
87 30
88 10
89 20
90 20
91 20
92 10
93 30
94 30
95 10
96 10
97 20
98 20
99 20
100 10
101 10
102 30
103 30
104 30
105 10
106 10
107 10
108 30
109 20
110 30
111 40
112 20
113 10
114 20
115 10
116 20
117 10
118 10
119 10
120 10
121 10
122 10
123 10
124 30
125 20
126 10
127 20
128 30
129 20
130 10
131 20
132 10
133 10
134 30
135 20
136 20
137 10
138 10
139 10
140 10
141 20
142 30
143 10
144 10
145 10
146 10
147 20
148 30
149 20
150 30
151 30
152 20
153 50
154 20
155 30
156 20
157 10
158 20
159 30
160 20
161 20
162 10
163 10
164 10
165 30
166 20
167 10
168 30
169 10
170 10
171 10
172 10
173 30
174 10
175 20
176 30
177 20
178 10
179 30
180 20
181 10
182 20
183 20
184 10
185 30
186 20
187 10
188 40
189 20
190 20
191 10
192 20
193 10
194 30
195 10
196 20
197 10
198 30
199 10
200 20
201 0
;

param OT :=
0 0
1 2808
2 668
3 1021
4 0
5 1922
6 0
7 2597
8 906
9 0
10 0
11 0
12 1209
13 1117
14 3082
15 917
16 1403
17 2500
18 835
19 1914
20 1637
21 2795
22 1301
23 3002
24 1920
25 0
26 0
27 1516
28 7
29 571
30 0
31 1988
32 1406
33 1022
34 0
35 723
36 3120
37 2016
38 426
39 0
40 0
41 0
42 67
43 0
44 2688
45 831
46 0
47 0
48 1156
49 0
50 1504
51 2889
52 3070
53 0
54 2324
55 2404
56 1718
57 933
58 2877
59 357
60 1023
61 0
62 1712
63 223
64 0
65 624
66 2974
67 41
68 3322
69 1781
70 608
71 1739
72 0
73 1313
74 0
75 2496
76 0
77 925
78 1002
79 2710
80 2211
81 2191
82 2402
83 2987
84 1421
85 2503
86 454
87 2298
88 2607
89 1629
90 0
91 2489
92 2023
93 547
94 421
95 2986
96 1616
97 1883
98 713
99 0
100 0
101 2395
102 620
103 1813
104 57
105 3163
106 2795
107 220
108 1213
109 2689
110 177
111 2910
112 2391
113 1031
114 3298
115 0
116 821
117 2310
118 641
119 332
120 2483
121 2211
122 0
123 2118
124 2305
125 2589
126 0
127 1830
128 1055
129 3096
130 2293
131 1128
132 0
133 1308
134 0
135 2712
136 7
137 173
138 766
139 0
140 648
141 1907
142 121
143 863
144 0
145 0
146 2018
147 2416
148 0
149 0
150 1487
151 0
152 0
153 0
154 2691
155 1533
156 2616
157 3008
158 2304
159 2889
160 2212
161 2216
162 701
163 2393
164 360
165 2782
166 520
167 41
168 0
169 1228
170 2691
171 132
172 0
173 0
174 0
175 1438
176 3202
177 1109
178 11
179 1721
180 0
181 2094
182 739
183 532
184 373
185 1818
186 0
187 0
188 0
189 1234
190 2117
191 0
192 0
193 1542
194 2022
195 0
196 22
197 2592
198 268
199 1129
200 0
201 0
;

param TT :=
0 0
1 90
2 90
3 90
4 90
5 90
6 90
7 90
8 90
9 90
10 90
11 90
12 90
13 90
14 90
15 90
16 90
17 90
18 90
19 90
20 90
21 90
22 90
23 90
24 90
25 90
26 90
27 90
28 90
29 90
30 90
31 90
32 90
33 90
34 90
35 90
36 90
37 90
38 90
39 90
40 90
41 90
42 90
43 90
44 90
45 90
46 90
47 90
48 90
49 90
50 90
51 90
52 90
53 90
54 90
55 90
56 90
57 90
58 90
59 90
60 90
61 90
62 90
63 90
64 90
65 90
66 90
67 90
68 90
69 90
70 90
71 90
72 90
73 90
74 90
75 90
76 90
77 90
78 90
79 90
80 90
81 90
82 90
83 90
84 90
85 90
86 90
87 90
88 90
89 90
90 90
91 90
92 90
93 90
94 90
95 90
96 90
97 90
98 90
99 90
100 90
101 90
102 90
103 90
104 90
105 90
106 90
107 90
108 90
109 90
110 90
111 90
112 90
113 90
114 90
115 90
116 90
117 90
118 90
119 90
120 90
121 90
122 90
123 90
124 90
125 90
126 90
127 90
128 90
129 90
130 90
131 90
132 90
133 90
134 90
135 90
136 90
137 90
138 90
139 90
140 90
141 90
142 90
143 90
144 90
145 90
146 90
147 90
148 90
149 90
150 90
151 90
152 90
153 90
154 90
155 90
156 90
157 90
158 90
159 90
160 90
161 90
162 90
163 90
164 90
165 90
166 90
167 90
168 90
169 90
170 90
171 90
172 90
173 90
174 90
175 90
176 90
177 90
178 90
179 90
180 90
181 90
182 90
183 90
184 90
185 90
186 90
187 90
188 90
189 90
190 90
191 90
192 90
193 90
194 90
195 90
196 90
197 90
198 90
199 90
200 90
201 0
;

param CT :=
0 3598
1 2968
2 828
3 1181
4 3481
5 2082
6 3451
7 2757
8 1066
9 3475
10 3445
11 3484
12 1369
13 1277
14 3242
15 1077
16 1563
17 2660
18 995
19 2074
20 1797
21 2955
22 1461
23 3162
24 2080
25 3429
26 3446
27 1676
28 167
29 731
30 3481
31 2148
32 1566
33 1182
34 3460
35 883
36 3280
37 2176
38 586
39 3473
40 3475
41 3479
42 227
43 3461
44 2848
45 991
46 3480
47 3459
48 1316
49 3494
50 1664
51 3049
52 3230
53 3427
54 2484
55 2564
56 1878
57 1093
58 3037
59 517
60 1183
61 3489
62 1872
63 383
64 3451
65 784
66 3134
67 201
68 3482
69 1941
70 768
71 1899
72 3488
73 1473
74 3438
75 2656
76 3447
77 1085
78 1162
79 2870
80 2371
81 2351
82 2562
83 3147
84 1581
85 2663
86 614
87 2458
88 2767
89 1789
90 3429
91 2649
92 2183
93 707
94 581
95 3146
96 1776
97 2043
98 873
99 3487
100 3440
101 2555
102 780
103 1973
104 217
105 3323
106 2955
107 380
108 1373
109 2849
110 337
111 3070
112 2551
113 1191
114 3458
115 3445
116 981
117 2470
118 801
119 492
120 2643
121 2371
122 3494
123 2278
124 2465
125 2749
126 3430
127 1990
128 1215
129 3256
130 2453
131 1288
132 3463
133 1468
134 3468
135 2872
136 167
137 333
138 926
139 3444
140 808
141 2067
142 281
143 1023
144 3459
145 3432
146 2178
147 2576
148 3448
149 3443
150 1647
151 3450
152 3445
153 3444
154 2851
155 1693
156 2776
157 3168
158 2464
159 3049
160 2372
161 2376
162 861
163 2553
164 520
165 2942
166 680
167 201
168 3467
169 1388
170 2851
171 292
172 3452
173 3484
174 3451
175 1598
176 3362
177 1269
178 171
179 1881
180 3434
181 2254
182 899
183 692
184 533
185 1978
186 3459
187 3463
188 3496
189 1394
190 2277
191 3461
192 3439
193 1702
194 2182
195 3464
196 182
197 2752
198 428
199 1289
200 3487
201 3598
;

param t :=
0 1 47.42
0 2 71.59
0 3 41.77
0 4 27.2
0 5 78.64
0 6 57.27
0 7 21.47
0 8 53.08
0 9 33.62
0 10 63.66
0 11 24.7
0 12 57.38
0 13 59.55
0 14 44.05
0 15 31.06
0 16 30.41
0 17 28.65
0 18 67.12
0 19 36.88
0 20 89.87
0 21 30.61
0 22 43.0
0 23 26.4
0 24 12.53
0 25 79.08
0 26 62.8
0 27 76.84
0 28 7.81
0 29 66.73
0 30 27.2
0 31 72.8
0 32 50.25
0 33 64.54
0 34 48.75
0 35 28.44
0 36 22.02
0 37 68.68
0 38 42.2
0 39 35.78
0 40 33.73
0 41 29.7
0 42 55.44
0 43 47.52
0 44 53.54
0 45 68.8
0 46 28.64
0 47 49.34
0 48 75.6
0 49 14.76
0 50 53.26
0 51 29.0
0 52 8.54
0 53 81.84
0 54 40.82
0 55 61.55
0 56 94.05
0 57 66.19
0 58 14.32
0 59 67.18
0 60 29.61
0 61 19.8
0 62 31.62
0 63 10.77
0 64 57.58
0 65 36.06
0 66 10.0
0 67 41.05
0 68 26.0
0 69 56.32
0 70 22.09
0 71 79.51
0 72 20.59
0 73 51.0
0 74 70.43
0 75 53.85
0 76 61.13
0 77 68.01
0 78 47.17
0 79 41.0
0 80 73.55
0 81 74.25
0 82 21.4
0 83 48.92
0 84 76.28
0 85 55.8
0 86 69.53
0 87 37.34
0 88 48.85
0 89 30.02
0 90 79.92
0 91 65.76
0 92 13.0
0 93 72.35
0 94 25.08
0 95 58.67
0 96 62.77
0 97 65.92
0 98 58.55
0 99 21.0
0 100 68.68
0 101 70.01
0 102 55.58
0 103 72.67
0 104 57.87
0 105 5.83
0 106 59.55
0 107 21.02
0 108 26.42
0 109 67.12
0 110 53.71
0 111 54.41
0 112 85.91
0 113 72.62
0 114 39.36
0 115 63.82
0 116 25.08
0 117 19.21
0 118 75.43
0 119 38.08
0 120 85.43
0 121 55.61
0 122 14.56
0 123 57.8
0 124 53.81
0 125 75.66
0 126 78.71
0 127 78.1
0 128 74.3
0 129 41.76
0 130 86.27
0 131 66.73
0 132 45.62
0 133 30.0
0 134 40.0
0 135 52.63
0 136 7.81
0 137 55.04
0 138 73.05
0 139 64.85
0 140 63.41
0 141 70.0
0 142 18.38
0 143 72.92
0 144 49.03
0 145 76.22
0 146 49.58
0 147 38.95
0 148 60.75
0 149 65.52
0 150 49.09
0 151 58.69
0 152 63.25
0 153 64.38
0 154 41.4
0 155 32.89
0 156 43.1
0 157 51.0
0 158 70.71
0 159 56.22
0 160 13.04
0 161 58.41
0 162 25.02
0 163 42.15
0 164 60.84
0 165 18.97
0 166 46.1
0 167 30.81
0 168 41.62
0 169 69.77
0 170 19.92
0 171 9.85
0 172 56.8
0 173 24.04
0 174 57.25
0 175 36.25
0 176 41.62
0 177 33.38
0 178 11.18
0 179 27.78
0 180 74.25
0 181 57.38
0 182 69.89
0 183 37.64
0 184 50.48
0 185 84.29
0 186 49.04
0 187 45.18
0 188 12.04
0 189 53.34
0 190 75.07
0 191 47.04
0 192 69.46
0 193 90.91
0 194 80.72
0 195 44.55
0 196 12.21
0 197 54.82
0 198 60.01
0 199 59.41
0 200 21.21
0 201 0.0
1 0 47.42
1 2 117.66
1 3 77.83
1 4 72.2
1 5 126.06
1 6 103.46
1 7 27.2
1 8 34.13
1 9 80.16
1 10 81.88
1 11 70.43
1 12 73.82
1 13 75.13
1 14 91.44
1 15 73.06
1 16 58.05
1 17 20.59
1 18 24.08
1 19 84.15
1 20 137.3
1 21 58.24
1 22 32.98
1 23 72.47
1 24 52.84
1 25 126.02
1 26 18.25
1 27 30.87
1 28 55.17
1 29 113.46
1 30 43.42
1 31 66.73
1 32 61.98
1 33 78.85
1 34 18.44
1 35 67.08
1 36 64.88
1 37 21.95
1 38 22.8
1 39 16.28
1 40 25.08
1 41 54.82
1 42 98.09
1 43 40.8
1 44 100.12
1 45 76.55
1 46 23.77
1 47 93.49
1 48 122.92
1 49 33.84
1 50 69.58
1 51 53.85
1 52 40.0
1 53 35.78
1 54 87.32
1 55 14.14
1 56 46.69
1 57 27.46
1 58 35.81
1 59 84.34
1 60 41.11
1 61 52.2
1 62 77.39
1 63 44.78
1 64 26.63
1 65 69.89
1 66 37.48
1 67 69.58
1 68 26.25
1 69 51.62
1 70 34.48
1 71 126.91
1 72 57.38
1 73 60.42
1 74 90.8
1 75 61.0
1 76 38.21
1 77 78.45
1 78 30.46
1 79 80.96
1 80 120.92
1 81 89.5
1 82 26.17
1 83 96.33
1 84 32.02
1 85 10.05
1 86 82.71
1 87 45.0
1 88 16.4
1 89 76.58
1 90 126.83
1 91 113.17
1 92 39.82
1 93 85.16
1 94 37.66
1 95 66.76
1 96 89.0
1 97 52.43
1 98 33.24
1 99 36.69
1 100 87.13
1 101 117.41
1 102 31.24
1 103 95.43
1 104 35.36
1 105 41.87
1 106 106.96
1 107 62.97
1 108 48.84
1 109 69.35
1 110 100.44
1 111 12.37
1 112 96.21
1 113 35.69
1 114 17.26
1 115 20.1
1 116 67.96
1 117 28.28
1 118 86.33
1 119 23.09
1 120 94.7
1 121 12.04
1 122 60.8
1 123 14.0
1 124 8.06
1 125 79.62
1 126 125.1
1 127 125.5
1 128 120.93
1 129 47.68
1 130 100.28
1 131 33.62
1 132 76.94
1 133 53.6
1 134 32.39
1 135 6.08
1 136 55.23
1 137 21.63
1 138 118.12
1 139 93.05
1 140 18.44
1 141 91.55
1 142 64.54
1 143 119.04
1 144 93.02
1 145 123.56
1 146 97.0
1 147 85.28
1 148 107.8
1 149 61.4
1 150 37.7
1 151 47.01
1 152 61.72
1 153 82.87
1 154 57.04
1 155 78.01
1 156 84.08
1 157 17.03
1 158 118.11
1 159 103.59
1 160 35.0
1 161 105.48
1 162 34.71
1 163 48.17
1 164 24.7
1 165 31.06
1 166 24.17
1 167 25.5
1 168 56.01
1 169 30.15
1 170 30.53
1 171 45.28
1 172 59.2
1 173 42.95
1 174 21.02
1 175 82.01
1 176 11.18
1 177 37.05
1 178 36.8
1 179 74.41
1 180 26.91
1 181 56.92
1 182 78.43
1 183 72.11
1 184 97.62
1 185 36.88
1 186 96.43
1 187 41.11
1 188 59.46
1 189 94.37
1 190 122.35
1 191 36.06
1 192 28.0
1 193 138.29
1 194 128.0
1 195 86.83
1 196 59.4
1 197 101.91
1 198 25.5
1 199 95.21
1 200 51.08
1 201 47.42
2 0 71.59
2 1 117.66
2 3 73.82
2 4 57.14
2 5 22.8
2 6 14.32
2 7 93.04
2 8 122.53
2 9 48.01
2 10 76.4
2 11 56.44
2 12 77.83
2 13 79.38
2 14 31.06
2 15 63.01
2 16 66.71
2 17 100.18
2 18 133.42
2 19 41.05
2 20 31.02
2 21 84.21
2 22 112.09
2 23 54.33
2 24 64.9
2 25 12.17
2 26 130.42
2 27 144.46
2 28 64.62
2 29 7.62
2 30 79.91
2 31 133.06
2 32 82.76
2 33 82.28
2 34 113.45
2 35 70.03
2 36 53.01
2 37 137.41
2 38 113.3
2 39 107.35
2 40 104.75
2 41 86.47
2 42 25.08
2 43 114.34
2 44 39.0
2 45 92.35
2 46 95.21
2 47 52.81
2 48 16.76
2 49 83.86
2 50 77.47
2 51 86.58
2 52 77.9
2 53 149.31
2 54 44.28
2 55 131.47
2 56 163.22
2 57 130.18
2 58 85.62
2 59 78.85
2 60 83.44
2 61 67.36
2 62 40.31
2 63 72.95
2 64 119.5
2 65 77.1
2 66 81.39
2 67 61.4
2 68 92.42
2 69 119.82
2 70 84.81
2 71 21.38
2 72 61.72
2 73 85.48
2 74 74.67
2 75 111.02
2 76 130.51
2 77 88.6
2 78 117.05
2 79 65.92
2 80 26.93
2 81 84.01
2 82 92.59
2 83 28.07
2 84 142.52
2 85 126.76
2 86 85.38
2 87 101.43
2 88 120.42
2 89 50.16
2 90 12.37
2 91 24.08
2 92 77.94
2 93 86.88
2 94 83.63
2 95 88.64
2 96 62.97
2 97 131.38
2 98 128.74
2 99 82.62
2 100 77.28
2 101 24.21
2 102 125.87
2 103 71.18
2 104 114.87
2 105 76.48
2 106 21.93
2 107 66.61
2 108 74.25
2 109 98.23
2 110 18.44
2 111 122.0
2 112 96.52
2 113 134.38
2 114 105.42
2 115 130.87
2 116 63.2
2 117 90.35
2 118 90.8
2 119 109.2
2 120 97.74
2 121 123.6
2 122 57.25
2 123 125.6
2 124 122.89
2 125 100.0
2 126 7.81
2 127 20.62
2 128 6.0
2 129 87.8
2 130 91.09
2 131 127.35
2 132 55.46
2 133 71.59
2 134 109.2
2 135 123.31
2 136 64.08
2 137 118.93
2 138 7.21
2 139 59.41
2 140 131.21
2 141 72.56
2 142 59.44
2 143 1.41
2 144 26.25
2 145 17.72
2 146 28.16
2 147 46.17
2 148 14.32
2 149 104.2
2 150 117.15
2 151 124.78
2 152 100.62
2 153 76.16
2 154 98.13
2 155 54.01
2 156 63.35
2 157 116.39
2 158 25.0
2 159 21.59
2 160 82.86
2 161 33.12
2 162 85.91
2 163 104.94
2 164 124.52
2 165 90.47
2 166 117.05
2 167 101.95
2 168 99.18
2 169 133.69
2 170 91.39
2 171 72.4
2 172 116.11
2 173 78.57
2 174 121.83
2 175 50.09
2 176 109.62
2 177 101.14
2 178 82.76
2 179 51.35
2 180 143.69
2 181 118.27
2 182 91.76
2 183 76.24
2 184 23.09
2 185 154.21
2 186 27.02
2 187 96.67
2 188 60.17
2 189 63.32
2 190 30.02
2 191 115.45
2 192 134.54
2 193 28.44
2 194 31.95
2 195 59.67
2 196 61.35
2 197 33.62
2 198 123.07
2 199 77.62
2 200 81.39
2 201 71.59
3 0 41.77
3 1 77.83
3 2 73.82
3 4 21.93
3 5 67.9
3 6 62.36
3 7 52.17
3 8 62.94
3 9 27.73
3 10 100.7
3 11 24.76
3 12 95.77
3 13 98.01
3 14 43.97
3 15 14.14
3 16 68.88
3 17 57.57
3 18 101.24
3 19 34.54
3 20 76.66
3 21 20.25
3 22 53.91
3 23 25.5
3 24 50.7
3 25 75.01
3 26 95.82
3 27 108.63
3 28 37.34
3 29 66.48
3 30 68.88
3 31 61.85
3 32 90.62
3 33 102.96
3 34 85.99
3 35 13.34
3 36 51.61
3 37 99.54
3 38 60.75
3 39 61.85
3 40 54.12
3 41 23.85
3 42 71.59
3 43 51.74
3 44 37.22
3 45 108.75
3 46 67.12
3 47 23.77
3 48 68.18
3 49 54.01
3 50 92.13
3 51 24.7
3 52 49.25
3 53 113.46
3 54 29.61
3 55 90.87
3 56 122.19
3 57 102.39
3 58 44.41
3 59 104.31
3 60 71.39
3 61 59.24
3 62 49.04
3 63 52.39
3 64 95.75
3 65 8.06
3 66 47.0
3 67 76.55
3 68 65.03
3 69 52.35
3 70 63.29
3 71 69.72
3 72 57.25
3 73 91.76
3 74 105.8
3 75 40.16
3 76 69.53
3 77 107.33
3 78 59.55
3 79 8.0
3 80 60.21
3 81 111.52
3 82 54.74
3 83 45.89
3 84 109.73
3 85 82.73
3 86 107.91
3 87 38.9
3 88 70.49
3 89 27.46
3 90 76.01
3 91 55.23
3 92 54.59
3 93 110.64
3 94 66.75
3 95 99.16
3 96 95.78
3 97 64.41
3 98 70.01
3 99 62.51
3 100 105.12
3 101 58.55
3 102 67.9
3 103 106.53
3 104 98.02
3 105 46.27
3 106 53.04
3 107 21.19
3 108 67.36
3 109 108.17
3 110 57.01
3 111 88.32
3 112 124.17
3 113 109.84
3 114 76.66
3 115 97.42
3 116 18.87
3 117 53.46
3 118 114.13
3 119 57.8
3 120 124.04
3 121 88.89
3 122 43.05
3 123 91.09
3 124 85.7
3 125 116.08
3 126 78.16
3 127 68.59
3 128 73.17
3 129 83.43
3 130 123.15
3 131 104.94
3 132 78.24
3 133 70.01
3 134 52.01
3 135 81.02
3 136 38.63
3 137 92.23
3 138 78.85
3 139 96.21
3 140 96.14
3 141 104.81
3 142 28.3
3 143 74.67
3 144 64.01
3 145 68.26
3 146 45.71
3 147 27.89
3 148 59.54
3 149 107.2
3 150 55.9
3 151 59.36
3 152 104.81
3 153 101.24
3 154 29.68
3 155 21.47
3 156 11.18
3 157 87.48
3 158 58.69
3 159 52.35
3 160 52.01
3 161 44.28
3 162 66.37
3 163 39.82
3 164 97.67
3 165 48.05
3 166 63.01
3 167 52.8
3 168 31.06
3 169 105.76
3 170 48.27
3 171 51.42
3 172 45.88
3 173 65.73
3 174 93.74
3 175 24.35
3 176 76.69
3 177 43.83
3 178 46.04
3 179 27.8
3 180 103.32
3 181 48.85
3 182 109.59
3 183 5.83
3 184 51.66
3 185 111.51
3 186 47.07
3 187 86.83
3 188 37.12
3 189 18.44
3 190 59.91
3 191 55.15
3 192 104.55
3 193 79.83
3 194 64.85
3 195 15.3
3 196 34.44
3 197 42.05
3 198 97.32
3 199 18.03
3 200 26.93
3 201 41.77
4 0 27.2
4 1 72.2
4 2 57.14
4 3 21.93
4 5 57.25
4 6 44.05
4 7 45.0
4 8 67.54
4 9 9.49
4 10 79.65
4 11 3.16
4 12 75.24
4 13 77.47
4 14 26.08
4 15 7.81
4 16 49.04
4 17 51.86
4 18 93.54
4 19 16.12
4 20 67.74
4 21 27.07
4 22 57.25
4 23 3.61
4 24 32.14
4 25 61.13
4 26 88.84
4 27 102.63
4 28 20.22
4 29 50.49
4 30 52.0
4 31 76.0
4 32 71.31
4 33 82.35
4 34 75.77
4 35 13.15
4 36 30.41
4 37 94.05
4 38 60.8
4 39 58.0
4 40 52.63
4 41 29.43
4 42 50.7
4 43 58.19
4 44 28.32
4 45 88.87
4 46 55.71
4 47 22.14
4 48 55.71
4 49 41.79
4 50 71.87
4 51 29.61
4 52 35.74
4 53 107.62
4 54 15.81
4 55 86.21
4 56 118.7
4 57 93.11
4 58 36.4
4 59 83.24
4 60 55.04
4 61 40.45
4 62 27.2
4 63 36.22
4 64 84.76
4 65 21.54
4 66 35.78
4 67 55.47
4 68 53.14
4 69 62.8
4 70 49.03
4 71 58.6
4 72 37.36
4 73 72.78
4 74 84.31
4 75 54.04
4 76 75.24
4 77 87.09
4 78 62.65
4 79 17.0
4 80 50.77
4 81 90.43
4 82 46.32
4 83 29.61
4 84 102.58
4 85 79.31
4 86 87.24
4 87 44.92
4 88 69.53
4 89 7.0
4 90 62.1
4 91 43.83
4 92 39.81
4 93 89.9
4 94 51.35
4 95 79.81
4 96 74.03
4 97 74.53
4 98 74.24
4 99 47.68
4 100 83.86
4 101 47.89
4 102 71.59
4 103 84.81
4 104 84.93
4 105 32.89
4 106 39.22
4 107 10.3
4 108 49.25
4 109 89.27
4 110 39.0
4 111 80.62
4 112 103.31
4 113 99.72
4 114 66.31
4 115 90.05
4 116 6.08
4 117 44.42
4 118 93.52
4 119 57.01
4 120 103.32
4 121 81.63
4 122 22.8
4 123 83.86
4 124 79.32
4 125 96.46
4 126 62.8
4 127 57.27
4 128 57.87
4 129 66.12
4 130 101.87
4 131 93.92
4 132 56.61
4 133 50.99
4 134 54.59
4 135 76.69
4 136 21.1
4 137 82.08
4 138 61.03
4 139 74.33
4 140 89.36
4 141 83.23
4 142 9.06
4 143 58.22
4 144 43.08
4 145 56.08
4 146 29.83
4 147 13.6
4 148 43.57
4 149 89.56
4 150 61.47
4 151 68.15
4 152 86.83
4 153 80.13
4 154 41.01
4 155 5.83
4 156 17.72
4 157 77.88
4 158 48.37
4 159 37.11
4 160 39.92
4 161 34.41
4 162 51.79
4 163 48.05
4 164 87.85
4 165 41.23
4 166 64.07
4 167 50.33
4 168 42.05
4 169 96.66
4 170 41.87
4 171 35.23
4 172 59.01
4 173 49.01
4 174 84.17
4 175 9.9
4 176 68.0
4 177 46.07
4 178 35.85
4 179 6.32
4 180 99.02
4 181 61.13
4 182 89.54
4 183 21.47
4 184 34.06
4 185 108.47
4 186 30.41
4 187 71.11
4 188 18.03
4 189 27.07
4 190 51.61
4 191 60.01
4 192 96.15
4 193 69.77
4 194 57.2
4 195 18.03
4 196 16.03
4 197 31.06
4 198 87.09
4 199 36.25
4 200 25.5
4 201 27.2
5 0 78.64
5 1 126.06
5 2 22.8
5 3 67.9
5 4 57.25
5 6 28.86
5 7 99.64
5 8 124.78
5 9 47.89
5 10 96.88
5 11 57.8
5 12 97.29
5 13 99.04
5 14 34.66
5 15 60.75
5 16 81.84
5 17 106.83
5 18 144.5
5 19 42.44
5 20 11.4
5 21 82.87
5 22 114.49
5 23 55.57
5 24 75.29
5 25 12.81
5 26 140.76
5 27 154.9
5 28 70.94
5 29 19.03
5 30 93.19
5 31 129.63
5 32 100.57
5 33 102.42
5 34 124.96
5 35 68.35
5 36 64.64
5 37 147.09
5 38 117.66
5 39 113.6
5 40 109.29
5 41 85.8
5 42 45.18
5 43 115.16
5 44 30.81
5 45 112.18
5 46 105.48
5 47 44.28
5 48 6.08
5 49 92.63
5 50 96.3
5 51 86.16
5 52 86.28
5 53 159.86
5 54 41.63
5 55 140.19
5 56 172.63
5 57 142.27
5 58 91.4
5 59 99.61
5 60 96.8
5 61 79.88
5 62 51.04
5 63 82.88
5 64 132.2
5 65 73.25
5 66 88.62
5 67 79.06
5 68 102.65
5 69 118.6
5 70 95.9
5 71 2.24
5 72 74.33
5 73 103.12
5 74 96.08
5 75 107.71
5 76 132.42
5 77 108.67
5 78 119.88
5 79 60.02
5 80 8.06
5 81 105.23
5 82 100.0
5 83 29.73
5 84 153.72
5 85 134.32
5 86 105.93
5 87 101.77
5 88 125.92
5 89 51.11
5 90 13.45
5 91 13.42
5 92 87.78
5 93 107.67
5 94 95.8
5 95 107.28
5 96 84.15
5 97 130.6
5 98 131.49
5 99 93.86
5 100 98.33
5 101 9.49
5 102 128.83
5 103 93.01
5 104 129.0
5 105 84.22
5 106 19.1
5 107 67.54
5 108 87.98
5 109 117.18
5 110 28.64
5 111 132.28
5 112 118.07
5 113 147.41
5 114 116.18
5 115 141.53
5 116 63.07
5 117 97.84
5 118 111.65
5 119 113.74
5 120 119.15
5 121 133.66
5 122 65.8
5 123 135.79
5 124 132.25
5 125 120.03
5 126 19.42
5 127 2.24
5 128 17.09
5 129 103.31
5 130 113.02
5 131 140.66
5 132 74.22
5 133 86.35
5 134 111.83
5 135 131.24
5 136 70.84
5 137 130.87
5 138 29.73
5 139 81.01
5 140 141.45
5 141 94.05
5 142 62.68
5 143 22.14
5 144 43.42
5 145 5.1
5 146 29.07
5 147 43.86
5 148 20.62
5 149 122.09
5 150 118.6
5 151 124.65
5 152 118.6
5 153 96.75
5 154 95.88
5 155 52.39
5 156 56.72
5 157 127.66
5 158 9.22
5 159 22.67
5 160 91.24
5 161 23.77
5 162 97.62
5 163 104.4
5 164 136.65
5 165 96.4
5 166 121.08
5 167 106.78
5 168 97.12
5 169 145.87
5 170 97.2
5 171 82.13
5 172 113.27
5 173 91.26
5 174 133.54
5 175 47.93
5 176 119.52
5 177 103.31
5 178 89.5
5 179 53.0
5 180 152.84
5 181 115.95
5 182 111.8
5 183 71.81
5 184 29.41
5 185 162.94
5 186 29.7
5 187 111.51
5 188 66.6
5 189 53.01
5 190 9.85
5 191 117.2
5 192 146.22
5 193 12.53
5 194 9.43
5 195 52.61
5 196 66.84
5 197 26.57
5 198 135.42
5 199 66.37
5 200 82.73
5 201 78.64
6 0 57.27
6 1 103.46
6 2 14.32
6 3 62.36
6 4 44.05
6 5 28.86
6 7 78.72
6 8 108.42
6 9 35.36
6 10 68.26
6 11 43.01
6 12 68.45
6 13 70.21
6 14 18.44
6 15 50.49
6 16 54.08
6 17 85.87
6 18 119.67
6 19 28.28
6 20 39.56
6 21 71.0
6 22 97.98
6 23 41.0
6 24 50.8
6 25 23.43
6 26 116.52
6 27 130.6
6 28 50.33
6 29 10.82
6 30 66.6
6 31 120.02
6 32 71.87
6 33 73.68
6 34 99.76
6 35 57.14
6 36 39.05
6 37 123.41
6 38 99.02
6 39 93.04
6 40 90.48
6 41 73.06
6 42 17.26
6 43 100.45
6 44 31.14
6 45 83.36
6 46 81.22
6 47 43.57
6 48 23.41
6 49 69.64
6 50 67.45
6 51 73.11
6 52 63.63
6 53 135.47
6 54 32.89
6 55 117.32
6 56 149.2
6 57 116.67
6 58 71.31
6 59 71.11
6 60 70.18
6 61 53.74
6 62 26.08
6 63 58.82
6 64 106.15
6 65 64.78
6 66 67.08
6 67 50.33
6 68 78.41
6 69 106.3
6 70 70.94
6 71 28.46
6 72 48.08
6 73 74.46
6 74 68.07
6 75 98.08
6 76 116.42
6 77 79.91
6 78 102.88
6 79 54.71
6 80 29.02
6 81 77.0
6 82 78.29
6 83 17.0
6 84 128.82
6 85 112.51
6 86 77.32
6 87 87.69
6 88 106.1
6 89 37.05
6 90 24.08
6 91 22.56
6 92 63.82
6 93 79.16
6 94 70.01
6 95 78.45
6 96 56.04
6 97 117.72
6 98 114.56
6 99 68.77
6 100 70.01
6 101 25.08
6 102 111.68
6 103 65.49
6 104 102.0
6 105 62.18
6 106 16.55
6 107 53.08
6 108 61.07
6 109 88.32
6 110 5.39
6 111 108.07
6 112 90.05
6 113 121.17
6 114 91.55
6 115 117.03
6 116 50.01
6 117 76.06
6 118 83.15
6 119 94.92
6 120 91.01
6 121 109.64
6 122 42.94
6 123 111.66
6 124 108.81
6 125 91.24
6 126 21.63
6 127 27.2
6 128 17.69
6 129 75.47
6 130 85.48
6 131 114.21
6 132 45.35
6 133 58.82
6 134 95.08
6 135 109.08
6 136 49.77
6 137 105.36
6 138 17.0
6 139 53.34
6 140 117.29
6 141 66.12
6 142 45.54
6 143 15.65
6 144 14.56
6 145 24.35
6 146 17.49
6 147 34.48
6 148 9.06
6 149 93.41
6 150 103.16
6 151 111.02
6 152 89.89
6 153 68.18
6 154 85.01
6 155 41.59
6 156 52.55
6 157 102.65
6 158 26.08
6 159 13.6
6 160 68.6
6 161 27.2
6 162 72.18
6 163 91.35
6 164 111.02
6 165 76.16
6 166 102.79
6 167 87.66
6 168 86.0
6 169 120.22
6 170 77.08
6 171 58.25
6 172 103.0
6 173 65.07
6 174 108.21
6 175 38.08
6 176 95.6
6 177 87.1
6 178 68.45
6 179 38.0
6 180 129.62
6 181 105.02
6 182 83.02
6 183 64.13
6 184 10.77
6 185 140.09
6 186 15.65
6 187 84.05
6 188 45.88
6 189 54.38
6 190 32.06
6 191 101.41
6 192 120.93
6 193 38.47
6 194 36.06
6 195 49.24
6 196 47.13
6 197 26.17
6 198 109.62
6 199 68.6
6 200 67.6
6 201 57.27
7 0 21.47
7 1 27.2
7 2 93.04
7 3 52.17
7 4 45.0
7 5 99.64
7 6 78.72
7 8 34.71
7 9 53.08
7 10 73.36
7 11 43.28
7 12 65.86
7 13 67.74
7 14 65.22
7 15 46.07
7 16 42.45
7 17 7.21
7 18 49.4
7 19 57.38
7 20 110.75
7 21 34.0
7 22 26.0
7 23 45.34
7 24 30.27
7 25 100.5
7 26 44.28
7 27 57.8
7 28 28.84
7 29 88.19
7 30 31.38
7 31 60.8
7 32 55.8
7 33 72.4
7 34 34.06
7 35 40.5
7 36 41.98
7 37 49.09
7 38 22.0
7 39 14.32
7 40 14.32
7 41 31.06
7 42 75.93
7 43 32.76
7 44 73.0
7 45 73.76
7 46 17.46
7 47 66.37
7 48 96.83
7 49 12.37
7 50 61.4
7 51 30.07
7 52 16.12
7 53 62.77
7 54 60.21
7 55 41.23
7 56 73.76
7 57 50.22
7 58 8.6
7 59 76.54
7 60 31.4
7 61 33.24
7 62 52.92
7 63 23.0
7 64 44.01
7 65 44.55
7 66 11.7
7 67 54.57
7 68 16.64
7 69 43.6
7 70 20.81
7 71 100.6
7 72 37.0
7 73 55.44
7 74 81.44
7 75 46.62
7 76 42.43
7 77 74.2
7 78 28.64
7 79 54.42
7 80 94.18
7 81 83.01
7 82 3.61
7 83 70.0
7 84 58.18
7 85 34.71
7 86 77.1
7 87 28.02
7 88 27.51
7 89 49.52
7 90 101.36
7 91 86.56
7 92 19.24
7 93 79.88
7 94 25.81
7 95 63.13
7 96 76.24
7 97 50.57
7 98 39.05
7 99 21.95
7 100 78.71
7 101 90.79
7 102 36.06
7 103 84.86
7 104 47.85
7 105 16.76
7 106 80.6
7 107 35.85
7 108 34.54
7 109 69.35
7 110 75.18
7 111 36.4
7 112 92.8
7 113 57.71
7 114 25.02
7 115 45.69
7 116 40.82
7 117 4.47
7 118 82.2
7 119 18.03
7 120 91.83
7 121 37.16
7 122 35.85
7 123 39.4
7 124 34.48
7 125 79.2
7 126 100.18
7 127 99.2
7 128 95.77
7 129 43.14
7 130 94.87
7 131 53.08
7 132 60.83
7 133 39.56
7 134 23.26
7 135 31.83
7 136 29.15
7 137 40.2
7 138 94.34
7 139 79.31
7 140 44.72
7 141 81.54
7 142 37.48
7 143 94.37
7 144 69.92
7 145 97.42
7 146 70.6
7 147 58.14
7 148 82.15
7 149 64.64
7 150 32.7
7 151 43.38
7 152 63.41
7 153 74.24
7 154 37.7
7 155 50.8
7 156 57.38
7 157 35.36
7 158 91.44
7 159 77.42
7 160 12.04
7 161 78.49
7 162 23.43
7 163 32.8
7 164 45.54
7 165 4.12
7 166 26.0
7 167 11.4
7 168 37.16
7 169 53.6
7 170 4.0
7 171 23.02
7 172 47.42
7 173 29.07
7 174 41.59
7 175 54.82
7 176 24.52
7 177 20.52
7 178 10.3
7 179 47.38
7 180 54.04
7 181 46.69
7 182 75.29
7 183 46.69
7 184 71.87
7 185 63.66
7 186 70.21
7 187 41.88
7 188 33.29
7 189 67.78
7 190 95.48
7 191 30.46
7 192 52.5
7 193 112.0
7 194 101.14
7 195 59.93
7 196 32.8
7 197 74.95
7 198 45.28
7 199 70.04
7 200 25.32
7 201 21.47
8 0 53.08
8 1 34.13
8 2 122.53
8 3 62.94
8 4 67.54
8 5 124.78
8 6 108.42
8 7 34.71
8 9 76.97
8 10 107.15
8 11 67.23
8 12 99.4
8 13 101.13
8 14 92.36
8 15 64.66
8 16 77.13
8 17 30.08
8 18 55.36
8 19 83.01
8 20 135.12
8 21 43.42
8 22 10.44
8 23 69.46
8 24 64.07
8 25 128.16
8 26 49.34
8 27 57.22
8 28 58.69
8 29 116.69
8 30 65.19
8 31 32.65
8 32 88.55
8 33 105.55
8 34 52.01
8 35 57.14
8 36 75.03
8 37 48.51
8 38 13.89
8 39 24.7
8 40 20.4
8 41 40.0
8 42 108.46
8 43 11.66
8 44 95.02
8 45 105.48
8 46 47.01
8 47 84.4
8 48 123.17
8 49 47.07
8 50 94.94
8 51 39.41
8 52 50.25
8 53 61.03
8 54 83.19
8 55 39.81
8 56 64.54
8 57 60.54
8 58 39.0
8 59 110.17
8 60 64.47
8 61 67.9
8 62 84.01
8 63 57.43
8 64 60.75
8 65 55.23
8 66 45.1
8 67 89.27
8 68 47.85
8 69 19.03
8 70 54.42
8 71 126.14
8 72 71.34
8 73 87.71
8 74 115.52
8 75 31.78
8 76 8.06
8 77 106.55
8 78 6.08
8 79 68.88
8 80 118.12
8 81 116.3
8 82 37.36
8 83 96.57
8 84 60.83
8 85 31.05
8 86 110.02
8 87 24.08
8 88 17.89
8 89 73.93
8 90 129.1
8 91 111.36
8 92 53.94
8 93 112.71
8 94 59.24
8 95 95.02
8 96 110.86
8 97 18.44
8 98 7.07
8 99 55.97
8 100 112.54
8 101 115.38
8 102 5.39
8 103 119.22
8 104 69.03
8 105 50.04
8 106 106.62
8 107 57.27
8 108 68.96
8 109 99.62
8 110 104.12
8 111 46.07
8 112 125.03
8 113 68.71
8 114 47.42
8 115 51.55
8 116 61.72
8 117 39.05
8 118 114.61
8 119 17.09
8 120 123.82
8 121 45.19
8 122 67.36
8 123 46.62
8 124 40.72
8 125 109.86
8 126 129.03
8 127 124.81
8 128 124.28
8 129 74.79
8 130 127.91
8 131 67.54
8 132 95.52
8 133 74.04
8 134 13.34
8 135 32.31
8 136 59.54
8 137 55.76
8 138 124.95
8 139 114.0
8 140 49.04
8 141 115.77
8 142 63.25
8 143 123.76
8 144 101.83
8 145 123.57
8 146 96.93
8 147 80.95
8 148 110.05
8 149 92.96
8 150 7.21
8 151 13.0
8 152 92.62
8 153 108.08
8 154 34.41
8 155 72.47
8 156 72.47
8 157 51.04
8 158 115.84
8 159 104.18
8 160 46.69
8 161 101.6
8 162 56.46
8 163 23.6
8 164 58.59
8 165 35.13
8 166 10.63
8 167 23.35
8 168 33.02
8 169 62.63
8 170 34.13
8 171 57.31
8 172 28.07
8 173 63.25
8 174 55.07
8 175 76.94
8 176 42.45
8 177 21.54
8 178 43.05
8 179 72.24
8 180 49.0
8 181 25.0
8 182 107.19
8 183 57.31
8 184 99.93
8 185 53.94
8 186 97.14
8 187 70.8
8 188 62.97
8 189 81.34
8 190 118.7
8 191 7.81
8 192 59.77
8 193 137.3
8 194 124.17
8 195 76.22
8 196 61.39
8 197 98.41
8 198 59.54
8 199 77.2
8 200 42.05
8 201 53.08
9 0 33.62
9 1 80.16
9 2 48.01
9 3 27.73
9 4 9.49
9 5 47.89
9 6 35.36
9 7 53.08
9 8 76.97
9 10 78.55
9 11 10.0
9 12 75.0
9 13 77.2
9 14 17.03
9 15 15.13
9 16 50.25
9 17 60.11
9 18 100.7
9 19 7.07
9 20 58.52
9 21 36.35
9 22 66.64
9 23 7.81
9 24 35.51
9 25 51.66
9 26 96.26
9 27 110.21
9 28 25.94
9 29 41.19
9 30 55.73
9 31 85.05
9 32 72.56
9 33 81.91
9 34 82.3
9 35 22.02
9 36 30.41
9 37 101.83
9 38 69.89
9 39 66.53
9 40 61.61
9 41 38.83
9 42 43.91
9 43 67.68
9 44 20.0
9 45 89.27
9 46 62.18
9 47 18.11
9 48 46.24
9 49 48.37
9 50 72.03
9 51 39.05
9 52 42.06
9 53 115.21
9 54 7.21
9 55 94.26
9 56 126.81
9 57 99.76
9 58 44.55
9 59 82.08
9 60 59.03
9 61 43.1
9 62 23.02
9 63 41.11
9 64 90.87
9 65 29.43
9 66 43.01
9 67 54.71
9 68 59.48
9 69 72.18
9 70 54.42
9 71 49.19
9 72 39.01
9 73 74.33
9 74 82.3
9 75 63.01
9 76 84.69
9 77 87.09
9 78 72.01
9 79 20.81
9 80 41.62
9 81 89.16
9 82 54.04
9 83 20.22
9 84 109.84
9 85 87.68
9 86 86.65
9 87 54.41
9 88 78.41
9 89 3.61
9 90 52.63
9 91 34.48
9 92 45.31
9 93 89.2
9 94 56.04
9 95 80.89
9 96 71.34
9 97 83.95
9 98 83.63
9 99 52.81
9 100 82.35
9 101 38.59
9 102 80.95
9 103 82.15
9 104 90.14
9 105 39.45
9 106 29.73
9 107 19.7
9 108 52.15
9 109 90.67
9 110 30.15
9 111 87.92
9 112 102.32
9 113 106.02
9 114 72.95
9 115 97.35
9 116 15.52
9 117 52.01
9 118 92.97
9 119 66.03
9 120 102.53
9 121 89.05
9 122 25.18
9 123 91.26
9 124 87.01
9 125 97.08
9 126 53.46
9 127 47.85
9 128 48.51
9 129 69.18
9 130 100.18
9 131 99.92
9 132 54.56
9 133 53.01
9 134 63.95
9 135 84.9
9 136 26.4
9 137 88.55
9 138 52.24
9 139 71.03
9 140 96.83
9 141 81.01
9 142 15.62
9 143 49.04
9 144 36.36
9 145 46.62
9 146 20.4
9 147 5.39
9 148 34.23
9 149 92.01
9 150 70.94
9 151 77.62
9 152 89.05
9 153 78.92
9 154 50.16
9 155 6.32
9 156 19.8
9 157 84.6
9 158 39.12
9 159 27.66
9 160 46.65
9 161 25.5
9 162 56.92
9 163 57.49
9 164 94.37
9 165 49.5
9 166 73.25
9 167 59.2
9 168 51.24
9 169 103.35
9 170 50.21
9 171 40.16
9 172 68.12
9 173 52.95
9 174 90.82
9 175 4.47
9 176 75.17
9 177 55.46
9 178 43.42
9 179 5.83
9 180 107.06
9 181 70.35
9 182 89.74
9 183 28.86
9 184 25.02
9 185 116.73
9 186 21.1
9 187 75.13
9 188 22.47
9 189 26.4
9 190 42.64
9 191 69.46
9 192 103.08
9 193 60.42
9 194 48.27
9 195 18.03
9 196 21.47
9 197 22.02
9 198 93.47
9 199 38.42
9 200 34.93
9 201 33.62
10 0 63.66
10 1 81.88
10 2 76.4
10 3 100.7
10 4 79.65
10 5 96.88
10 6 68.26
10 7 73.36
10 8 107.15
10 9 78.55
10 11 76.54
10 12 8.06
10 13 7.07
10 14 72.99
10 15 86.95
10 16 33.24
10 17 77.08
10 18 83.86
10 19 75.29
10 20 106.89
10 21 94.07
10 22 99.28
10 23 76.48
10 24 51.66
10 25 88.53
10 26 84.21
10 27 95.35
10 28 64.66
10 29 77.93
10 30 42.05
10 31 133.78
10 32 20.02
10 33 6.4
10 34 67.0
10 35 88.23
10 36 49.24
10 37 92.27
10 38 93.41
10 39 82.87
10 40 87.24
10 41 93.35
10 42 51.79
10 43 106.07
10 44 90.61
10 45 16.64
10 46 60.73
10 47 96.14
10 48 91.08
10 49 61.4
10 50 12.37
10 51 92.66
10 52 60.8
10 53 99.04
10 54 82.86
10 55 91.02
10 56 115.12
10 57 77.47
10 58 72.67
10 59 3.61
10 60 42.72
10 61 43.86
10 62 56.32
10 63 54.04
10 64 66.75
10 65 97.2
10 66 66.03
10 67 24.19
10 68 59.46
10 69 116.62
10 70 52.8
10 71 96.18
10 72 44.05
10 73 22.02
10 74 9.0
10 75 116.82
10 76 114.23
10 77 12.53
10 78 101.24
10 79 96.65
10 80 97.13
10 81 10.82
10 82 70.21
10 83 76.53
10 84 91.01
10 85 91.66
10 86 9.06
10 87 99.05
10 88 94.37
10 89 76.56
10 90 88.77
10 91 90.01
10 92 55.47
10 93 11.05
10 94 47.93
10 95 18.38
10 96 14.42
10 97 123.88
10 98 110.05
10 99 51.43
10 100 5.39
10 101 93.09
10 102 107.22
10 103 14.32
10 104 57.49
10 105 62.63
10 106 83.01
10 107 80.21
10 108 39.12
10 109 24.76
10 110 70.01
10 111 78.0
10 112 23.77
10 113 77.49
10 114 64.63
10 115 83.38
10 116 81.84
10 117 68.88
10 118 15.03
10 119 90.08
10 120 24.04
10 121 80.0
10 122 57.69
10 123 81.02
10 124 82.1
10 125 23.77
10 126 83.52
10 127 95.04
10 128 82.23
10 129 34.23
10 130 22.67
10 131 70.6
10 132 24.52
10 133 34.41
10 134 96.6
10 135 87.69
10 136 63.25
10 137 69.26
10 138 71.78
10 139 19.21
10 140 85.21
10 141 10.2
10 142 72.4
10 143 77.62
10 144 54.04
10 145 92.07
10 146 77.52
10 147 82.54
10 148 77.16
10 149 33.84
10 150 105.99
10 151 116.73
10 152 30.53
10 153 1.0
10 154 104.89
10 155 82.76
10 156 97.05
10 157 70.01
10 158 94.09
10 159 79.03
10 160 62.43
10 161 90.55
10 162 50.7
10 163 104.04
10 164 72.84
10 165 74.43
10 166 97.14
10 167 84.53
10 168 105.0
10 169 80.05
10 170 75.29
10 171 54.67
10 172 119.04
10 173 44.29
10 174 72.34
10 175 83.01
10 176 70.71
10 177 92.96
10 178 68.24
10 179 75.15
10 180 99.32
10 181 118.98
10 182 15.65
10 183 98.23
10 184 72.11
10 185 109.66
10 186 75.43
10 187 42.01
10 188 63.82
10 189 104.92
10 190 100.08
10 191 103.75
10 192 82.57
10 193 104.79
10 194 104.31
10 195 96.25
10 196 66.61
10 197 87.82
10 198 70.86
10 199 115.84
10 200 84.86
10 201 63.66
11 0 24.7
11 1 70.43
11 2 56.44
11 3 24.76
11 4 3.16
11 5 57.8
11 6 43.01
11 7 43.28
11 8 67.23
11 9 10.0
11 10 76.54
11 12 72.09
11 13 74.32
11 14 25.5
11 15 10.63
11 16 45.88
11 17 50.25
11 18 91.42
11 19 15.81
11 20 68.51
11 21 28.02
11 22 56.86
11 23 2.24
11 24 29.07
11 25 61.03
11 26 86.82
11 27 100.69
11 28 17.46
11 29 50.01
11 30 49.01
11 31 77.06
11 32 68.15
11 33 79.2
11 34 73.41
11 35 14.87
11 36 27.29
11 37 92.2
11 38 59.91
11 39 56.59
11 40 51.61
11 41 30.07
11 42 48.7
11 43 58.24
11 44 29.73
11 45 85.7
11 46 53.31
11 47 24.74
11 48 55.95
11 49 39.4
11 50 68.71
11 51 30.15
11 52 33.24
11 53 105.68
11 54 16.97
11 55 84.5
11 56 117.03
11 57 90.8
11 58 34.71
11 59 80.13
11 60 52.09
11 61 37.34
11 62 24.7
11 63 33.38
11 64 82.28
11 65 23.71
11 66 33.62
11 67 52.35
11 68 50.7
11 69 63.39
11 70 46.32
11 71 59.06
11 72 34.21
11 73 69.63
11 74 81.27
11 75 55.23
11 76 75.03
11 77 83.93
11 78 62.17
11 79 20.12
11 80 51.61
11 81 87.32
11 82 44.41
11 83 29.41
11 84 100.5
11 85 77.79
11 86 84.1
11 87 45.12
11 88 68.41
11 89 6.71
11 90 61.98
11 91 44.42
11 92 37.11
11 93 86.76
11 94 48.51
11 95 76.66
11 96 71.06
11 97 74.97
11 98 73.82
11 99 44.91
11 100 80.78
11 101 48.55
11 102 71.11
11 103 81.84
11 104 82.23
11 105 30.46
11 106 39.4
11 107 10.2
11 108 46.17
11 109 86.12
11 110 38.12
11 111 78.55
11 112 100.18
11 113 97.31
11 114 63.98
11 115 87.98
11 116 7.28
11 117 42.44
11 118 90.38
11 119 56.04
11 120 100.18
11 121 79.61
11 122 19.65
11 123 81.84
11 124 77.42
11 125 93.3
11 126 62.37
11 127 57.71
11 128 57.49
11 129 63.07
11 130 98.79
11 131 91.42
11 132 53.6
11 133 47.85
11 134 54.13
11 135 75.07
11 136 18.25
11 137 79.71
11 138 60.01
11 139 71.45
11 140 87.37
11 141 80.21
11 142 6.32
11 143 57.56
11 144 41.11
11 145 56.36
11 146 29.73
11 147 14.87
11 148 43.17
11 149 86.47
11 150 61.35
11 151 68.45
11 152 83.73
11 153 77.03
11 154 42.05
11 155 8.25
11 156 20.88
11 157 75.58
11 158 49.09
11 159 37.0
11 160 37.58
11 161 35.47
11 162 49.03
11 163 48.51
11 164 85.49
11 165 39.62
11 166 63.29
11 167 49.2
11 168 43.01
11 169 94.37
11 170 40.31
11 171 32.39
11 172 60.03
11 173 46.04
11 174 81.86
11 175 11.66
11 176 65.86
11 177 45.69
11 178 33.84
11 179 5.1
11 180 97.31
11 181 62.01
11 182 86.38
11 183 23.85
11 184 33.38
11 185 106.89
11 186 30.08
11 187 68.18
11 188 15.0
11 189 30.15
11 190 52.63
11 191 59.81
11 192 93.94
11 193 70.33
11 194 58.26
11 195 21.1
11 196 13.15
11 197 32.02
11 198 84.69
11 199 39.4
11 200 25.3
11 201 24.7
12 0 57.38
12 1 73.82
12 2 77.83
12 3 95.77
12 4 75.24
12 5 97.29
12 6 68.45
12 7 65.86
12 8 99.4
12 9 75.0
12 10 8.06
12 11 72.09
12 13 2.24
12 14 71.11
12 15 82.29
12 16 27.2
12 17 69.35
12 18 76.12
12 19 72.37
12 20 107.7
12 21 87.97
12 22 91.71
12 23 72.24
12 24 45.8
12 25 89.81
12 26 76.32
12 27 87.66
12 28 59.08
12 29 78.59
12 30 34.48
12 31 126.48
12 32 12.0
12 33 7.21
12 34 59.01
12 35 83.01
12 36 44.94
12 37 84.38
12 38 85.62
12 39 75.03
12 40 79.61
12 41 87.05
12 42 52.81
12 43 98.62
12 44 88.46
12 45 15.03
12 46 52.81
12 47 92.89
12 48 91.68
12 49 54.08
12 50 4.47
12 51 86.31
12 52 53.91
12 53 91.44
12 54 79.83
12 55 83.01
12 56 107.49
12 57 69.86
12 58 65.6
12 59 10.77
12 60 34.93
12 61 37.64
12 62 53.6
12 63 47.38
12 64 59.03
12 65 91.81
12 66 59.03
12 67 20.4
12 68 51.62
12 69 109.29
12 70 45.18
12 71 96.77
12 72 38.59
12 73 14.14
12 74 17.03
12 75 109.99
12 76 106.4
12 77 12.17
12 78 93.52
12 79 92.2
12 80 96.88
12 81 17.2
12 82 62.65
12 83 75.01
12 84 83.43
12 85 83.6
12 86 12.21
12 87 92.01
12 88 86.4
12 89 72.73
12 90 90.14
12 91 89.45
12 92 48.41
12 93 15.0
12 94 40.25
12 95 12.04
12 96 19.42
12 97 116.3
12 98 102.18
12 99 43.91
12 100 13.34
12 101 92.78
12 102 99.37
12 103 22.09
12 104 50.0
12 105 55.9
12 106 82.3
12 107 74.95
12 108 32.02
12 109 20.59
12 110 69.58
12 111 70.01
12 112 28.6
12 113 70.23
12 114 56.57
12 115 75.54
12 116 76.94
12 117 61.4
12 118 18.36
12 119 82.35
12 120 28.3
12 121 72.01
12 122 52.77
12 123 73.06
12 124 74.06
12 125 23.02
12 126 85.23
12 127 95.57
12 128 83.49
12 129 26.17
12 130 29.21
12 131 63.25
12 132 23.19
12 133 27.59
12 134 89.07
12 135 79.63
12 136 57.69
12 137 61.4
12 138 73.82
12 139 24.41
12 140 77.32
12 141 18.03
12 142 67.54
12 143 79.12
12 144 53.94
12 145 92.65
12 146 76.01
12 147 79.31
12 148 77.1
12 149 28.28
12 150 98.41
12 151 109.18
12 152 24.76
12 153 9.06
12 154 98.31
12 155 78.77
12 156 92.85
12 157 62.03
12 158 93.77
12 159 78.23
12 160 55.22
12 161 89.02
12 162 42.95
12 163 97.01
12 164 65.12
12 165 67.12
12 166 89.32
12 167 76.94
12 168 98.35
12 169 72.53
12 170 67.96
12 171 48.08
12 172 112.0
12 173 36.89
12 174 64.5
12 175 79.4
12 176 62.65
12 177 85.7
12 178 61.22
12 179 71.17
12 180 91.44
12 181 111.83
12 182 15.03
12 183 92.96
12 184 71.11
12 185 101.83
12 186 74.0
12 187 34.06
12 188 58.67
12 189 101.19
12 190 99.72
12 191 96.18
12 192 74.95
12 193 105.95
12 194 104.24
12 195 92.36
12 196 61.4
12 197 86.09
12 198 63.15
12 199 111.49
12 200 78.57
12 201 57.38
13 0 59.55
13 1 75.13
13 2 79.38
13 3 98.01
13 4 77.47
13 5 99.04
13 6 70.21
13 7 67.74
13 8 101.13
13 9 77.2
13 10 7.07
13 11 74.32
13 12 2.24
13 14 73.17
13 15 84.53
13 16 29.41
13 17 71.11
13 18 76.79
13 19 74.53
13 20 109.38
13 21 90.14
13 22 93.54
13 23 74.46
13 24 48.01
13 25 91.39
13 26 77.16
13 27 88.28
13 28 61.29
13 29 80.28
13 30 36.36
13 31 128.41
13 32 13.15
13 33 5.0
13 34 60.01
13 35 85.23
13 36 47.17
13 37 85.21
13 38 87.32
13 39 76.69
13 40 81.41
13 41 89.2
13 42 54.41
13 43 100.5
13 44 90.55
13 45 13.15
13 46 54.42
13 47 95.08
13 48 93.39
13 49 56.04
13 50 6.4
13 51 88.46
13 52 55.97
13 53 91.98
13 54 82.0
13 55 84.05
13 56 108.06
13 57 70.41
13 58 67.62
13 59 9.22
13 60 36.67
13 61 39.82
13 62 55.73
13 63 49.5
13 64 59.68
13 65 94.03
13 66 61.07
13 67 22.56
13 68 53.31
13 69 111.22
13 70 47.01
13 71 98.49
13 72 40.82
13 73 15.0
13 74 16.03
13 75 112.04
13 76 108.08
13 77 10.05
13 78 95.27
13 79 94.43
13 80 98.73
13 81 15.26
13 82 64.5
13 83 77.03
13 84 83.95
13 85 84.85
13 86 10.0
13 87 94.02
13 88 87.93
13 89 74.95
13 90 91.71
13 91 91.35
13 92 50.45
13 93 12.81
13 94 42.06
13 95 11.66
13 96 19.85
13 97 118.12
13 98 103.82
13 99 45.79
13 100 12.04
13 101 94.64
13 102 101.02
13 103 21.38
13 104 50.45
13 105 58.0
13 106 84.21
13 107 77.18
13 108 34.06
13 109 19.42
13 110 71.45
13 111 71.01
13 112 26.4
13 113 70.52
13 114 57.87
13 115 76.32
13 116 79.18
13 117 63.29
13 118 16.12
13 119 84.1
13 120 26.08
13 121 73.01
13 122 55.01
13 123 74.01
13 124 75.17
13 125 21.1
13 126 86.73
13 127 97.29
13 128 85.07
13 129 27.46
13 130 27.2
13 131 63.6
13 132 25.08
13 133 29.7
13 134 90.92
13 135 80.89
13 136 59.91
13 137 62.2
13 138 75.24
13 139 24.84
13 140 78.16
13 141 17.26
13 142 69.77
13 143 80.65
13 144 55.73
13 145 94.37
13 146 78.03
13 147 81.49
13 148 78.92
13 149 27.66
13 150 100.24
13 151 111.02
13 152 24.21
13 153 8.06
13 154 100.42
13 155 80.99
13 156 95.08
13 157 63.0
13 158 95.63
13 159 80.16
13 160 57.2
13 161 91.05
13 162 44.72
13 163 99.02
13 164 65.76
13 165 69.07
13 166 91.0
13 167 78.77
13 168 100.45
13 169 73.01
13 170 69.89
13 171 50.21
13 172 114.02
13 173 38.83
13 174 65.28
13 175 81.61
13 176 63.95
13 177 87.66
13 178 63.25
13 179 73.39
13 180 92.27
13 181 113.81
13 182 13.0
13 183 95.19
13 184 73.06
13 185 102.59
13 186 76.01
13 187 35.0
13 188 60.9
13 189 103.41
13 190 101.6
13 191 98.01
13 192 75.5
13 193 107.56
13 194 106.07
13 195 94.58
13 196 63.63
13 197 88.14
13 198 63.79
13 199 113.72
13 200 80.72
13 201 59.55
14 0 44.05
14 1 91.44
14 2 31.06
14 3 43.97
14 4 26.08
14 5 34.66
14 6 18.44
14 7 65.22
14 8 92.36
14 9 17.03
14 10 72.99
14 11 25.5
14 12 71.11
14 13 73.17
14 15 32.14
14 16 50.45
14 17 72.42
14 18 109.99
14 19 10.0
14 20 45.97
14 21 53.15
14 22 81.93
14 23 23.35
14 24 41.05
14 25 35.85
14 26 106.15
14 27 120.28
14 28 36.4
14 29 24.52
14 30 59.93
14 31 102.02
14 32 71.45
14 33 77.41
14 34 90.6
14 35 39.0
14 36 31.38
14 37 112.43
14 38 84.08
14 39 79.32
14 40 75.59
14 41 55.44
14 42 29.7
14 43 83.68
14 44 17.72
14 45 86.05
14 46 70.94
14 47 26.87
14 48 31.62
14 49 57.98
14 50 69.0
14 51 55.58
14 52 51.62
14 53 125.26
14 54 14.76
14 55 105.55
14 56 137.97
14 57 108.0
14 58 57.14
14 59 76.3
14 60 63.51
14 61 46.52
14 62 18.44
14 63 48.41
14 64 98.18
14 65 46.39
14 66 54.04
14 67 51.0
14 68 68.12
14 69 88.81
14 70 61.61
14 71 35.47
14 72 41.23
14 73 73.68
14 74 75.0
14 75 80.0
14 76 100.24
14 77 83.22
14 78 87.09
14 79 36.4
14 80 30.23
14 81 82.98
14 82 65.44
14 83 5.0
14 84 119.21
14 85 99.81
14 86 81.74
14 87 70.61
14 88 91.92
14 89 19.1
14 90 36.77
14 91 22.2
14 92 53.26
14 93 84.01
14 94 61.91
14 95 79.16
14 96 63.25
14 97 100.45
14 98 98.79
14 99 59.64
14 100 75.93
14 101 26.4
14 102 96.01
14 103 73.74
14 104 95.71
14 105 49.58
14 106 15.56
14 107 35.69
14 108 55.15
14 109 89.2
14 110 13.15
14 111 97.67
14 112 96.32
14 113 113.44
14 114 81.69
14 115 106.96
14 116 32.14
14 117 63.25
14 118 87.97
14 119 80.06
14 120 96.88
14 121 99.04
14 122 31.24
14 123 101.18
14 124 97.59
14 125 94.05
14 126 36.88
14 127 34.06
14 128 32.02
14 129 71.47
14 130 93.01
14 131 106.85
14 132 48.51
14 133 54.41
14 134 79.12
14 135 96.67
14 136 36.24
14 137 96.61
14 138 35.23
14 139 61.85
14 140 106.83
14 141 73.38
14 142 29.15
14 143 32.14
14 144 22.8
14 145 32.2
14 146 5.83
14 147 16.16
14 148 17.72
14 149 92.4
14 150 86.68
14 151 93.94
14 152 89.11
14 153 73.16
14 154 67.07
14 155 23.19
14 156 34.44
14 157 93.24
14 158 27.2
14 159 12.21
14 160 56.59
14 161 18.11
14 162 63.51
14 163 73.98
14 164 102.42
14 165 62.13
14 166 87.66
14 167 72.95
14 168 68.12
14 169 111.61
14 170 62.97
14 171 47.63
14 172 85.05
14 173 57.71
14 174 99.2
14 175 19.65
14 176 84.9
14 177 70.84
14 178 55.0
14 179 20.4
14 180 118.19
14 181 87.21
14 182 86.15
14 183 45.71
14 184 8.0
14 185 128.32
14 186 5.0
14 187 78.92
14 188 32.02
14 189 37.54
14 190 32.25
14 191 85.07
14 192 111.83
14 193 46.86
14 194 37.74
14 195 31.38
14 196 32.45
14 197 15.0
14 198 101.26
14 199 51.4
14 200 50.7
14 201 44.05
15 0 31.06
15 1 73.06
15 2 63.01
15 3 14.14
15 4 7.81
15 5 60.75
15 6 50.49
15 7 46.07
15 8 64.66
15 9 15.13
15 10 86.95
15 11 10.63
15 12 82.29
15 13 84.53
15 14 32.14
15 16 55.71
15 17 52.48
15 18 95.34
15 19 22.2
15 20 70.68
15 21 22.14
15 22 54.64
15 23 11.4
15 24 38.08
15 25 65.92
15 26 90.34
15 27 103.83
15 28 25.18
15 29 56.04
15 30 57.31
15 31 70.18
15 32 77.79
15 33 89.44
15 34 78.45
15 35 7.62
15 36 37.74
15 37 95.02
15 38 59.41
15 39 58.01
15 40 51.66
15 41 25.08
15 42 58.18
15 43 54.56
15 44 30.41
15 45 95.63
15 46 58.69
15 47 20.62
15 48 59.91
15 49 44.91
15 50 78.79
15 51 25.5
15 52 39.32
15 53 108.78
15 54 19.42
15 55 86.82
15 56 119.04
15 57 95.52
15 58 37.58
15 59 90.55
15 60 60.13
15 61 46.57
15 62 35.0
15 63 41.05
15 64 87.8
15 65 14.32
15 66 38.33
15 67 62.77
15 68 56.29
15 69 57.97
15 70 53.15
15 71 62.3
15 72 44.01
15 73 79.12
15 74 91.84
15 75 48.09
15 76 72.07
15 77 94.02
15 78 60.22
15 79 10.2
15 80 53.71
15 81 97.75
15 82 47.93
15 83 35.01
15 84 104.22
15 85 79.4
15 86 94.37
15 87 41.15
15 88 68.62
15 89 13.93
15 90 66.91
15 91 47.43
15 92 44.05
15 93 97.06
15 94 56.0
15 95 86.33
15 96 81.69
15 97 69.92
15 98 71.56
15 99 52.04
15 100 91.27
15 101 51.26
15 102 69.07
15 103 92.46
15 104 88.81
15 105 36.35
15 106 43.74
15 107 10.44
15 108 55.11
15 109 95.6
15 110 45.28
15 111 82.35
15 112 110.54
15 113 102.49
15 114 68.96
15 115 91.71
15 116 6.0
15 117 46.24
15 118 100.62
15 119 55.87
15 120 110.48
15 121 83.19
15 122 29.55
15 123 85.43
15 124 80.53
15 125 103.12
15 126 68.18
15 127 61.03
15 128 63.2
15 129 71.7
15 130 109.29
15 131 97.02
15 132 64.2
15 133 57.28
15 134 52.2
15 135 77.1
15 136 26.31
15 137 84.77
15 138 67.36
15 139 82.07
15 140 90.79
15 141 90.8
15 142 14.87
15 143 64.0
15 144 50.57
15 145 60.17
15 146 35.06
15 147 17.26
15 148 49.04
15 149 95.35
15 150 58.18
15 151 63.91
15 152 92.76
15 153 87.46
15 154 35.51
15 155 9.0
15 156 12.04
15 157 80.32
15 158 51.62
15 159 42.19
15 160 42.95
15 161 37.16
15 162 56.08
15 163 43.66
15 164 90.44
15 165 42.06
15 166 62.37
15 167 49.68
15 168 36.67
15 169 99.02
15 170 42.54
15 171 40.05
15 172 53.34
15 173 54.23
15 174 86.65
15 175 13.15
15 176 70.01
15 177 43.6
15 178 37.95
15 179 13.89
15 180 99.57
15 181 55.73
15 182 96.38
15 183 13.93
15 184 40.11
15 185 108.6
15 186 36.0
15 187 76.03
15 188 24.04
15 189 22.36
15 190 54.12
15 191 56.94
15 192 98.23
15 193 73.16
15 194 59.54
15 195 13.93
15 196 21.59
15 197 34.18
15 198 89.84
15 199 29.41
15 200 23.35
15 201 31.06
16 0 30.41
16 1 58.05
16 2 66.71
16 3 68.88
16 4 49.04
16 5 81.84
16 6 54.08
16 7 42.45
16 8 77.13
16 9 50.25
16 10 33.24
16 11 45.88
16 12 27.2
16 13 29.41
16 14 50.45
16 15 55.71
16 17 47.52
16 18 68.6
16 19 49.04
16 20 93.06
16 21 60.88
16 22 68.31
16 23 46.32
16 24 18.6
16 25 77.42
16 26 66.64
16 27 80.13
16 28 31.91
16 29 64.9
16 30 14.87
16 31 101.53
16 32 22.36
16 33 34.41
16 34 48.76
16 35 55.95
16 36 20.0
16 37 74.32
16 38 63.95
16 39 54.23
16 40 56.75
16 41 60.11
16 42 43.28
16 43 74.46
16 44 66.37
16 45 39.92
16 46 34.37
16 47 68.36
16 48 77.03
16 49 30.08
16 50 23.32
16 51 59.41
16 52 28.18
16 53 84.72
16 54 56.01
16 55 70.21
16 56 99.73
16 57 64.4
16 58 40.25
16 59 36.77
16 60 17.89
16 61 10.63
16 62 32.02
16 63 21.1
16 64 53.41
16 65 64.66
16 66 33.54
16 67 12.17
16 68 32.14
16 69 84.53
16 70 24.02
16 71 81.88
16 72 11.7
16 73 24.08
16 74 40.22
16 75 83.82
16 76 84.72
16 77 38.47
16 78 71.06
16 79 65.79
16 80 79.48
16 81 43.86
16 82 39.81
16 83 55.08
16 84 77.39
16 85 68.07
16 86 39.41
16 87 66.37
16 88 67.03
16 89 47.52
16 90 78.01
16 91 71.51
16 92 23.41
16 93 42.2
16 94 20.4
16 95 30.81
16 96 33.84
16 97 92.7
16 98 81.05
16 99 22.0
16 100 38.29
16 101 75.39
16 102 78.09
16 103 42.94
16 104 48.17
16 105 29.68
16 106 64.26
16 107 47.89
16 108 9.22
16 109 40.45
16 110 53.24
16 111 58.69
16 112 55.8
16 113 67.94
16 114 42.38
16 115 66.65
16 116 50.16
16 117 38.08
16 118 45.49
16 119 60.21
16 120 55.47
16 121 60.54
16 122 26.25
16 123 62.24
16 124 61.03
16 125 47.43
16 126 74.52
16 127 80.53
16 128 71.4
16 129 21.47
16 130 55.87
16 131 60.83
16 132 19.03
16 133 5.0
16 134 65.46
16 135 64.13
16 136 30.53
16 137 53.54
16 138 65.07
16 139 36.88
16 140 67.54
16 141 39.96
16 142 40.85
16 143 68.12
16 144 40.46
16 145 77.9
16 146 56.04
16 147 55.08
16 148 61.29
16 149 42.19
16 150 74.95
16 151 85.44
16 152 39.05
16 153 33.97
16 154 71.7
16 155 53.15
16 156 66.76
16 157 51.88
16 158 76.32
16 159 60.17
16 160 30.68
16 161 68.45
16 162 23.35
16 163 71.34
16 164 58.82
16 165 42.72
16 166 67.9
16 167 53.85
16 168 71.84
16 169 67.8
16 170 43.66
16 171 21.63
16 172 86.28
16 173 15.13
16 174 56.6
16 175 54.45
16 176 47.8
16 177 60.84
16 178 35.78
16 179 45.71
16 180 81.15
16 181 86.45
16 182 40.72
16 183 65.86
16 184 52.92
16 185 91.92
16 186 54.41
16 187 30.0
16 188 31.78
16 189 75.71
16 190 81.93
16 191 72.73
16 192 69.07
16 193 92.44
16 194 87.09
16 195 66.71
16 196 34.44
16 197 65.12
16 198 57.2
16 199 85.09
16 200 51.62
16 201 30.41
17 0 28.65
17 1 20.59
17 2 100.18
17 3 57.57
17 4 51.86
17 5 106.83
17 6 85.87
17 7 7.21
17 8 30.08
17 9 60.11
17 10 77.08
17 11 50.25
17 12 69.35
17 13 71.11
17 14 72.42
17 15 52.48
17 16 47.52
17 18 43.68
17 19 64.54
17 20 117.92
17 21 38.47
17 22 22.8
17 23 52.35
17 24 36.88
17 25 107.7
17 26 38.28
17 27 51.43
17 28 36.06
17 29 95.38
17 30 35.11
17 31 58.73
17 32 58.67
17 33 75.59
17 34 30.27
17 35 46.52
17 36 48.76
17 37 42.54
17 38 16.49
17 39 7.28
17 40 10.63
17 41 35.23
17 42 82.71
17 43 30.41
17 44 79.98
17 45 76.03
17 46 17.69
17 47 72.95
17 48 104.04
17 49 18.03
17 50 64.88
17 51 34.23
17 52 22.8
17 53 56.36
17 54 67.21
17 55 34.41
17 56 66.84
17 57 45.28
17 58 15.56
17 59 80.11
17 60 34.44
17 61 39.0
17 62 60.01
17 63 29.27
17 64 40.31
17 65 49.73
17 66 18.79
17 67 59.68
17 68 18.03
17 69 41.73
17 70 24.35
17 71 107.8
17 72 43.19
17 73 57.98
17 74 85.44
17 75 46.96
17 76 37.36
17 77 76.85
17 78 24.17
17 79 60.42
17 80 101.32
17 81 86.31
17 82 8.06
17 83 77.2
17 84 52.2
17 85 27.59
17 86 80.13
17 87 28.79
17 88 20.62
17 89 56.57
17 90 108.56
17 91 93.72
17 92 25.02
17 93 82.86
17 94 29.15
17 95 65.46
17 96 81.02
17 97 47.17
17 98 33.54
17 99 25.96
17 100 82.46
17 101 97.95
17 102 30.59
17 103 89.19
17 104 45.54
17 105 23.77
17 106 87.8
17 107 42.44
17 108 39.05
17 109 70.84
17 110 82.37
17 111 30.81
17 112 95.41
17 113 53.08
17 114 22.14
17 115 39.85
17 116 47.43
17 117 10.2
17 118 84.91
17 119 13.0
17 120 94.3
17 121 31.32
17 122 42.95
17 123 33.53
17 124 28.23
17 125 80.92
17 126 107.35
17 127 106.4
17 128 102.96
17 129 45.22
17 130 98.01
17 131 49.09
17 132 66.27
17 133 44.15
17 134 20.52
17 135 24.84
17 136 36.36
17 137 36.06
17 138 101.39
17 139 84.34
17 140 38.63
17 141 85.7
17 142 44.55
17 143 101.52
17 144 76.84
17 145 104.62
17 146 77.8
17 147 65.12
17 148 89.36
17 149 65.19
17 150 29.41
17 151 40.22
17 152 64.35
17 153 78.0
17 154 39.81
17 155 57.63
17 156 63.51
17 157 31.02
17 158 98.6
17 159 84.63
17 160 18.25
17 161 85.56
17 162 26.4
17 163 33.11
17 164 41.01
17 165 10.63
17 166 20.4
17 167 8.6
17 168 39.05
17 169 48.51
17 170 10.0
17 171 29.43
17 172 46.87
17 173 33.24
17 174 37.01
17 175 61.72
17 176 20.02
17 177 20.62
17 178 17.49
17 179 54.45
17 180 47.2
17 181 45.61
17 182 77.67
17 183 51.92
17 184 79.08
17 185 56.64
17 186 77.42
17 187 42.45
17 188 40.5
17 189 73.82
17 190 102.59
17 191 27.2
17 192 47.07
17 193 119.2
17 194 108.25
17 195 66.24
17 196 40.0
17 197 82.04
17 198 41.01
17 199 75.19
17 200 30.68
17 201 28.65
18 0 67.12
18 1 24.08
18 2 133.42
18 3 101.24
18 4 93.54
18 5 144.5
18 6 119.67
18 7 49.4
18 8 55.36
18 9 100.7
18 10 83.86
18 11 91.42
18 12 76.12
18 13 76.79
18 14 109.99
18 15 95.34
18 16 68.6
18 17 43.68
18 19 103.81
18 20 155.88
18 21 82.0
18 22 56.32
18 23 93.3
18 24 69.31
18 25 142.9
18 26 6.08
18 27 11.7
18 28 74.89
18 29 130.18
18 30 54.08
18 31 87.66
18 32 64.33
18 33 79.31
18 34 20.0
18 35 89.89
18 36 80.66
18 37 10.3
18 38 46.17
18 39 40.31
18 40 49.16
18 41 78.64
18 42 111.5
18 43 63.79
18 44 120.65
18 45 74.03
18 46 39.05
18 47 115.38
18 48 140.76
18 49 52.43
18 50 72.57
18 51 77.67
18 52 58.82
18 53 16.12
18 54 107.91
18 55 16.12
18 56 31.62
18 57 7.62
18 58 57.78
18 59 85.48
18 60 50.77
18 61 66.07
18 62 94.05
18 63 61.62
18 64 17.12
18 65 93.41
18 66 57.8
18 67 78.29
18 68 41.87
18 69 73.98
18 70 48.8
18 71 145.1
18 72 71.7
18 73 61.98
18 74 92.78
18 75 84.48
18 76 57.27
18 77 77.01
18 78 52.95
18 79 103.82
18 80 140.09
18 81 89.05
18 82 47.42
18 83 114.98
18 84 9.22
18 85 24.35
18 86 82.05
18 87 69.03
18 88 37.85
18 89 97.1
18 90 143.63
18 91 132.14
18 92 56.73
18 93 84.01
18 94 49.82
18 95 66.19
18 96 94.11
18 97 72.62
18 98 52.39
18 99 50.93
18 100 88.57
18 101 136.36
18 102 51.26
18 103 98.15
18 104 27.02
18 105 61.29
18 106 125.5
18 107 85.0
18 108 59.91
18 109 65.19
18 110 117.39
18 111 13.0
18 112 92.54
18 113 14.21
18 114 28.32
18 115 4.0
18 116 89.9
18 117 49.19
18 118 84.05
18 119 47.0
18 120 90.67
18 121 12.37
18 122 78.75
18 123 10.2
18 124 16.03
18 125 74.67
18 126 141.11
18 127 143.68
18 128 137.36
18 129 51.55
18 130 98.13
18 131 16.55
18 132 85.91
18 133 63.63
18 134 56.08
18 135 23.35
18 136 74.63
18 137 15.23
18 138 132.8
18 139 98.76
18 140 6.32
18 141 94.05
18 142 85.23
18 143 134.83
18 144 107.62
18 145 141.48
18 146 115.75
18 147 106.0
18 148 125.16
18 149 55.44
18 150 60.21
18 151 68.31
18 152 57.14
18 153 84.85
18 154 81.1
18 155 99.36
18 156 106.78
18 157 17.03
18 158 137.13
18 159 121.83
18 160 54.08
18 161 125.43
18 162 47.51
18 163 72.03
18 164 11.05
18 165 53.49
18 166 46.69
18 167 49.5
18 168 80.06
18 169 7.81
18 170 53.14
18 171 62.37
18 172 82.2
18 173 55.0
18 174 12.08
18 175 103.08
18 176 25.55
18 177 61.13
18 178 57.71
18 179 94.87
18 180 16.49
18 181 79.62
18 182 76.03
18 183 95.6
18 184 115.31
18 185 26.0
18 186 114.87
18 187 42.45
18 188 78.82
18 189 117.18
18 190 141.82
18 191 58.86
18 192 4.47
18 193 156.35
18 194 147.43
18 195 109.25
18 196 79.32
18 197 121.83
18 198 13.04
18 199 118.85
18 200 74.33
18 201 67.12
19 0 36.88
19 1 84.15
19 2 41.05
19 3 34.54
19 4 16.12
19 5 42.44
19 6 28.28
19 7 57.38
19 8 83.01
19 9 7.07
19 10 75.29
19 11 15.81
19 12 72.37
19 13 74.53
19 14 10.0
19 15 22.2
19 16 49.04
19 17 64.54
19 18 103.81
19 20 53.41
19 21 43.19
19 22 72.62
19 23 13.6
19 24 36.4
19 25 45.22
19 26 99.64
19 27 113.7
19 28 29.07
19 29 34.37
19 30 56.32
19 31 92.02
19 32 71.03
19 33 79.08
19 34 84.91
19 35 29.0
19 36 29.07
19 37 105.55
19 38 75.29
19 39 71.22
19 40 66.89
19 41 45.54
19 42 37.44
19 43 74.04
19 44 17.72
19 45 86.98
19 46 64.9
19 47 21.02
19 48 40.25
19 49 51.4
19 50 69.72
19 51 45.71
19 52 45.0
19 53 118.7
19 54 7.62
19 55 98.29
19 56 130.83
19 57 102.4
19 58 49.04
19 59 78.75
19 60 59.77
19 61 43.17
19 62 18.97
19 63 42.94
19 64 93.06
19 65 36.5
19 66 46.69
19 67 51.97
19 68 62.13
19 69 78.92
19 70 56.36
19 71 43.57
19 72 38.47
19 73 73.0
19 74 78.39
19 75 70.0
19 76 90.82
19 77 84.53
19 78 77.88
19 79 27.29
19 80 36.8
19 81 85.7
19 82 57.98
19 83 13.6
19 84 113.0
19 85 92.1
19 86 83.68
19 87 60.88
19 88 83.49
19 89 9.22
19 90 46.17
19 91 29.21
19 92 47.51
19 93 86.13
19 94 57.38
19 95 79.16
19 96 67.08
19 97 90.61
19 98 89.55
19 99 54.56
19 100 78.77
19 101 33.42
19 102 86.82
19 103 77.83
19 104 91.55
19 105 42.64
19 106 23.71
19 107 25.96
19 108 52.17
19 109 89.09
19 110 23.09
19 111 91.21
19 112 98.98
19 113 108.3
19 114 75.72
19 115 100.6
19 116 22.2
19 117 55.87
19 118 89.99
19 119 71.34
19 120 99.33
19 121 92.46
19 122 26.0
19 123 94.64
19 124 90.69
19 125 94.89
19 126 46.69
19 127 42.19
19 128 41.77
19 129 69.05
19 130 96.38
19 131 101.97
19 132 50.92
19 133 52.35
19 134 69.86
19 135 89.14
19 136 29.21
19 137 91.07
19 138 45.18
19 139 66.37
19 140 100.26
19 141 76.97
19 142 20.25
19 143 42.11
19 144 30.0
19 145 40.71
19 146 13.93
19 147 7.81
19 148 27.46
19 149 91.2
19 150 77.16
19 151 84.17
19 152 88.09
19 153 75.58
19 154 57.08
19 155 13.34
19 156 25.81
19 157 87.37
19 158 34.06
19 159 21.19
19 160 49.82
19 161 21.63
19 162 58.6
19 163 64.13
19 164 96.9
19 165 54.04
19 166 78.77
19 167 64.35
19 168 58.14
19 169 106.0
19 170 54.82
19 171 42.06
19 172 75.06
19 173 53.76
19 174 93.49
19 175 10.3
19 176 78.41
19 177 61.47
19 178 47.38
19 179 10.77
19 180 111.04
19 181 77.23
19 182 87.3
19 183 35.9
19 184 18.0
19 185 120.93
19 186 14.32
19 187 75.69
19 188 25.0
19 189 30.81
19 190 38.21
19 191 75.61
19 192 105.95
19 193 54.92
19 194 43.86
19 195 23.35
19 196 24.76
19 197 18.03
19 198 95.88
19 199 43.84
19 200 41.11
19 201 36.88
20 0 89.87
20 1 137.3
20 2 31.02
20 3 76.66
20 4 67.74
20 5 11.4
20 6 39.56
20 7 110.75
20 8 135.12
20 9 58.52
20 10 106.89
20 11 68.51
20 12 107.7
20 13 109.38
20 14 45.97
20 15 70.68
20 16 93.06
20 17 117.92
20 18 155.88
20 19 53.41
20 21 92.7
20 22 124.91
20 23 66.29
20 24 86.68
20 25 19.03
20 26 152.11
20 27 166.24
20 28 82.13
20 29 29.12
20 30 104.56
20 31 138.5
20 32 111.43
20 33 112.59
20 34 136.36
20 35 78.29
20 36 76.03
20 37 158.39
20 38 128.41
20 39 124.63
20 40 120.1
20 41 95.75
20 42 55.11
20 43 125.24
20 44 40.31
20 45 122.48
20 46 116.85
20 47 52.89
20 48 16.16
20 49 103.95
20 50 106.9
20 51 96.18
20 52 97.58
20 53 171.21
20 54 51.97
20 55 151.43
20 56 183.9
20 57 153.67
20 58 102.45
20 59 109.49
20 60 108.17
20 61 91.26
20 62 62.43
20 63 94.26
20 64 143.6
20 65 82.54
20 66 99.82
20 67 89.89
20 68 114.02
20 69 128.16
20 70 107.3
20 71 11.18
20 72 85.7
20 73 114.02
20 74 105.57
20 75 116.76
20 76 142.67
20 77 118.88
20 78 130.36
20 79 68.96
20 80 17.0
20 81 114.86
20 82 111.2
20 83 41.01
20 84 165.1
20 85 145.45
20 86 115.92
20 87 111.83
20 88 136.82
20 89 61.85
20 90 19.1
20 91 24.21
20 92 99.16
20 93 117.55
20 94 107.2
20 95 117.95
20 96 93.77
20 97 140.22
20 98 141.9
20 99 105.26
20 100 108.05
20 101 20.0
20 102 139.29
20 103 102.18
20 104 140.36
20 105 95.48
20 106 30.41
20 107 78.03
20 108 99.32
20 109 127.78
20 110 39.82
20 111 143.63
20 112 127.48
20 113 158.81
20 114 127.56
20 115 152.9
20 116 73.43
20 117 109.04
20 118 121.49
20 119 124.54
20 120 128.66
20 121 145.0
20 122 77.16
20 123 147.14
20 124 143.54
20 125 130.27
20 126 25.32
20 127 12.53
20 128 25.02
20 129 114.53
20 130 122.1
20 131 152.05
20 132 84.77
20 133 97.62
20 134 122.3
20 135 142.43
20 136 82.07
20 137 142.27
20 138 37.12
20 139 90.35
20 140 152.79
20 141 103.48
20 142 73.6
20 143 30.0
20 144 54.08
20 145 15.23
20 146 40.31
20 147 54.2
20 148 31.76
20 149 132.97
20 150 128.8
20 151 134.46
20 152 129.45
20 153 106.71
20 154 105.34
20 155 62.65
20 156 65.52
20 157 139.05
20 158 19.42
20 159 34.06
20 160 102.53
20 161 33.54
20 162 109.02
20 163 114.24
20 164 148.05
20 165 107.45
20 166 131.76
20 167 117.64
20 168 106.63
20 169 157.27
20 170 108.23
20 171 93.51
20 172 122.41
20 173 102.65
20 174 144.94
20 175 58.18
20 176 130.86
20 177 113.74
20 178 100.66
20 179 63.82
20 180 164.1
20 181 125.23
20 182 122.02
20 183 80.96
20 184 40.8
20 185 174.16
20 186 41.04
20 187 122.8
20 188 77.83
20 189 60.53
20 190 16.76
20 191 127.48
20 192 157.61
20 193 5.0
20 194 12.04
20 195 61.4
20 196 77.99
20 197 36.72
20 198 146.82
20 199 73.03
20 200 93.15
20 201 89.87
21 0 30.61
21 1 58.24
21 2 84.21
21 3 20.25
21 4 27.07
21 5 82.87
21 6 71.0
21 7 34.0
21 8 43.42
21 9 36.35
21 10 94.07
21 11 28.02
21 12 87.97
21 13 90.14
21 14 53.15
21 15 22.14
21 16 60.88
21 17 38.47
21 18 82.0
21 19 43.19
21 20 92.7
21 22 33.94
21 23 30.0
21 24 42.43
21 25 87.86
21 26 76.4
21 27 88.87
21 28 30.0
21 29 77.52
21 30 56.82
21 31 49.04
21 32 80.71
21 33 95.13
21 34 68.03
21 35 14.56
21 36 48.02
21 37 79.71
21 38 40.5
21 39 42.06
21 40 34.01
21 41 3.61
21 42 75.93
21 43 32.76
21 44 52.39
21 45 99.3
21 46 50.49
21 47 41.05
21 48 82.01
21 49 38.9
21 50 83.87
21 51 4.47
21 52 35.78
21 53 93.64
21 54 41.48
21 55 70.94
21 56 102.0
21 57 83.73
21 58 27.46
21 59 97.62
21 60 58.6
21 61 50.33
21 62 50.96
21 63 41.05
21 64 78.01
21 65 12.21
21 66 31.95
21 67 70.84
21 68 48.84
21 69 35.9
21 70 49.04
21 71 84.43
21 72 50.25
21 73 81.3
21 74 100.5
21 75 27.29
21 76 50.48
21 77 98.6
21 78 39.6
21 79 25.5
21 80 75.77
21 81 104.74
21 82 37.05
21 83 56.57
21 84 90.25
21 85 62.65
21 86 100.12
21 87 19.42
21 88 50.25
21 89 34.06
21 90 88.84
21 91 69.57
21 92 41.59
21 93 102.94
21 94 53.31
21 95 89.04
21 96 92.01
21 97 47.8
21 98 50.45
21 99 48.85
21 100 98.99
21 101 73.39
21 102 48.17
21 103 102.3
21 104 81.5
21 105 33.12
21 106 65.73
21 107 18.25
21 108 56.86
21 109 97.13
21 110 66.03
21 111 69.23
21 112 116.52
21 113 91.44
21 114 59.01
21 115 78.1
21 116 21.02
21 117 36.22
21 118 106.04
21 119 37.59
21 120 116.04
21 121 69.63
21 122 38.59
21 123 71.81
21 124 66.22
21 125 106.0
21 126 89.81
21 127 83.17
21 128 84.85
21 129 71.11
21 130 116.73
21 131 87.05
21 132 74.4
21 133 60.61
21 134 31.89
21 135 61.1
21 136 31.4
21 137 74.11
21 138 88.0
21 139 93.48
21 140 76.66
21 141 99.9
21 142 26.93
21 143 85.29
21 144 68.45
21 145 82.28
21 146 56.72
21 147 39.29
21 148 70.58
21 149 94.54
21 150 36.62
21 151 41.79
21 152 92.61
21 153 94.76
21 154 14.04
21 155 30.81
21 156 29.07
21 157 69.18
21 158 73.74
21 159 63.95
21 160 37.0
21 161 59.24
21 162 52.2
21 163 21.54
21 164 79.31
21 165 30.02
21 166 42.8
21 167 32.89
21 168 15.0
21 169 86.98
21 170 30.0
21 171 40.22
21 172 32.02
21 173 53.71
21 174 75.33
21 175 35.17
21 176 58.22
21 177 23.6
21 178 30.36
21 179 33.0
21 180 83.26
21 181 34.06
21 182 100.44
21 183 14.42
21 184 61.13
21 185 91.3
21 186 57.43
21 187 72.73
21 188 32.25
21 189 38.29
21 190 76.06
21 191 35.61
21 192 85.51
21 193 95.27
21 194 81.39
21 195 32.8
21 196 29.53
21 197 56.3
21 198 79.16
21 199 37.0
21 200 9.85
21 201 30.61
22 0 43.0
22 1 32.98
22 2 112.09
22 3 53.91
22 4 57.25
22 5 114.49
22 6 97.98
22 7 26.0
22 8 10.44
22 9 66.64
22 10 99.28
22 11 56.86
22 12 91.71
22 13 93.54
22 14 81.93
22 15 54.64
22 16 68.31
22 17 22.8
22 18 56.32
22 19 72.62
22 20 124.91
22 21 33.94
22 23 59.09
22 24 54.33
22 25 117.75
22 26 50.25
22 27 60.21
22 28 48.37
22 29 106.25
22 30 57.25
22 31 36.07
22 32 81.3
22 33 98.11
22 34 49.19
22 35 47.2
22 36 65.01
22 37 51.09
22 38 10.2
22 39 19.42
22 40 12.21
22 41 30.41
22 42 98.25
22 43 8.06
22 44 84.91
22 45 98.81
22 46 40.46
22 47 74.65
22 48 112.81
22 49 38.28
22 50 87.24
22 51 29.73
22 52 40.79
22 53 64.5
22 54 72.95
22 55 42.05
22 56 70.23
22 57 60.42
22 58 29.15
22 59 102.42
22 60 56.94
22 61 58.69
22 62 73.68
22 63 48.05
22 64 58.69
22 65 46.01
22 66 35.51
22 67 80.36
22 68 40.8
22 69 19.42
22 70 46.53
22 71 115.83
22 72 61.81
22 73 80.71
22 74 107.42
22 75 28.16
22 76 18.44
22 77 99.57
22 78 5.66
22 79 59.41
22 80 107.91
22 81 108.78
22 82 29.07
22 83 86.16
22 84 63.0
22 85 33.06
22 86 102.73
22 87 15.26
22 88 19.1
22 89 63.56
22 90 118.68
22 91 101.07
22 92 44.92
22 93 105.48
22 94 51.48
22 95 88.23
22 96 102.14
22 97 24.6
22 98 17.0
22 99 47.85
22 100 104.65
22 101 105.12
22 102 14.42
22 103 110.86
22 104 65.86
22 105 40.31
22 106 96.25
22 107 46.96
22 108 60.54
22 109 93.61
22 110 93.68
22 111 45.35
22 112 118.15
22 113 68.66
22 114 43.01
22 115 52.35
22 116 51.48
22 117 30.46
22 118 107.62
22 119 10.82
22 120 117.07
22 121 44.91
22 122 57.14
22 123 46.69
22 124 40.61
22 125 103.71
22 126 118.6
22 127 114.49
22 128 113.84
22 129 68.01
22 130 120.57
22 131 66.41
22 132 86.35
22 133 65.55
22 134 3.0
22 135 33.06
22 136 49.25
22 137 53.85
22 138 114.54
22 139 105.08
22 140 50.16
22 141 107.54
22 142 52.81
22 143 113.32
22 144 91.55
22 145 113.22
22 146 86.54
22 147 70.71
22 148 99.62
22 149 87.69
22 150 6.71
22 151 17.49
22 152 87.0
22 153 100.18
22 154 26.93
22 155 62.27
22 156 62.97
22 157 48.85
22 158 105.59
22 159 93.78
22 160 37.64
22 161 91.42
22 162 48.88
22 163 16.49
22 164 57.57
22 165 25.71
22 166 10.2
22 167 14.76
22 168 25.63
22 169 62.97
22 170 24.74
22 171 47.85
22 172 26.25
22 173 55.04
22 174 53.76
22 175 66.73
22 176 38.95
22 177 11.18
22 178 33.38
22 179 61.85
22 180 52.95
22 181 24.17
22 182 100.44
22 183 48.17
22 184 89.49
22 185 59.46
22 186 86.73
22 187 65.07
22 188 52.61
22 189 72.18
22 190 108.56
22 191 4.47
22 192 60.53
22 193 127.02
22 194 114.06
22 195 66.6
22 196 50.99
22 197 88.19
22 198 58.19
22 199 69.12
22 200 31.76
22 201 43.0
23 0 26.4
23 1 72.47
23 2 54.33
23 3 25.5
23 4 3.61
23 5 55.57
23 6 41.0
23 7 45.34
23 8 69.46
23 9 7.81
23 10 76.48
23 11 2.24
23 12 72.24
23 13 74.46
23 14 23.35
23 15 11.4
23 16 46.32
23 17 52.35
23 18 93.3
23 19 13.6
23 20 66.29
23 21 30.0
23 22 59.09
23 24 30.0
23 25 58.82
23 26 88.75
23 27 102.65
23 28 18.97
23 29 47.85
23 30 50.09
23 31 79.03
23 32 68.66
23 33 79.31
23 34 75.15
23 35 16.49
23 36 27.31
23 37 94.2
23 38 62.13
23 39 58.73
23 40 53.82
23 41 32.14
23 42 47.17
23 43 60.44
23 44 27.66
23 45 86.02
23 46 55.04
23 47 23.35
23 48 53.71
23 49 41.15
23 50 68.95
23 51 32.25
23 52 34.93
23 53 107.65
23 54 14.87
23 55 86.56
23 56 119.1
23 57 92.57
23 58 36.8
23 59 80.06
23 60 53.24
23 61 38.12
23 62 23.6
23 63 34.71
23 64 83.93
23 65 25.08
23 66 35.51
23 67 52.33
23 68 52.39
23 69 65.49
23 70 47.8
23 71 56.82
23 72 34.71
23 73 70.21
23 74 80.99
23 75 57.14
23 76 77.25
23 77 84.15
23 78 64.4
23 79 20.25
23 80 49.41
23 81 87.24
23 82 46.4
23 83 27.2
23 84 102.4
23 85 79.91
23 86 84.17
23 87 47.3
23 88 70.6
23 89 4.47
23 90 59.77
23 91 42.19
23 92 38.6
23 93 86.82
23 94 49.82
23 95 77.13
23 96 70.6
23 97 77.1
23 98 76.06
23 99 46.32
23 100 80.62
23 101 46.32
23 102 73.35
23 103 81.4
23 104 83.68
23 105 32.2
23 106 37.16
23 107 12.37
23 108 47.04
23 109 86.68
23 110 36.06
23 111 80.45
23 112 100.18
23 113 99.01
23 114 65.74
23 115 89.89
23 116 9.06
23 117 44.41
23 118 90.47
23 119 58.25
23 120 100.22
23 121 81.54
23 122 20.22
23 123 83.76
23 124 79.4
23 125 93.68
23 126 60.21
23 127 55.47
23 128 55.32
23 129 64.01
23 130 98.62
23 131 93.05
23 132 53.25
23 133 48.51
23 134 56.36
23 135 77.16
23 136 19.65
23 137 81.44
23 138 58.0
23 139 70.84
23 140 89.31
23 141 79.88
23 142 8.06
23 143 55.44
23 144 39.56
23 145 54.13
23 146 27.51
23 147 12.81
23 148 41.0
23 149 87.28
23 150 63.57
23 151 70.61
23 152 84.48
23 153 76.94
23 154 44.01
23 155 7.0
23 156 20.62
23 157 77.37
23 158 46.87
23 159 34.79
23 160 39.36
23 161 33.3
23 162 50.45
23 163 50.64
23 164 87.24
23 165 41.73
23 166 65.51
23 167 51.4
23 168 45.0
23 169 96.15
23 170 42.43
23 171 33.73
23 172 62.01
23 173 47.17
23 174 83.63
23 175 9.85
23 176 67.74
23 177 47.93
23 178 35.81
23 179 3.0
23 180 99.36
23 181 64.03
23 182 86.65
23 183 25.06
23 184 31.26
23 185 108.98
23 186 27.89
23 187 69.35
23 188 16.12
23 189 29.43
23 190 50.45
23 191 62.03
23 192 95.77
23 193 68.1
23 194 56.08
23 195 20.4
23 196 14.56
23 197 29.83
23 198 86.41
23 199 39.36
23 200 27.51
23 201 26.4
24 0 12.53
24 1 52.84
24 2 64.9
24 3 50.7
24 4 32.14
24 5 75.29
24 6 50.8
24 7 30.27
24 8 64.07
24 9 35.51
24 10 51.66
24 11 29.07
24 12 45.8
24 13 48.01
24 14 41.05
24 15 38.08
24 16 18.6
24 17 36.88
24 18 69.31
24 19 36.4
24 20 86.68
24 21 42.43
24 22 54.33
24 23 30.0
24 25 73.76
24 26 65.86
24 27 79.98
24 28 13.42
24 29 61.07
24 30 20.22
24 31 85.23
24 32 39.92
24 33 53.01
24 34 49.68
24 35 37.58
24 36 12.08
24 37 72.62
24 38 52.15
24 39 44.15
24 40 44.01
24 41 41.87
24 42 45.88
24 43 59.44
24 44 54.08
24 45 58.14
24 46 30.48
24 47 53.15
24 48 71.45
24 49 19.31
24 50 41.88
24 51 41.23
24 52 14.14
24 53 84.9
24 54 42.2
24 55 66.57
24 56 98.41
24 57 67.01
24 58 25.18
24 59 55.23
24 60 23.54
24 61 8.54
24 62 24.84
24 63 8.06
24 64 57.14
24 65 46.14
24 66 19.0
24 67 28.6
24 68 27.66
24 69 68.62
24 70 20.62
24 71 75.82
24 72 8.06
24 73 41.11
24 74 58.14
24 75 66.37
24 76 72.03
24 77 56.94
24 78 58.03
24 79 48.27
24 80 71.28
24 81 62.37
24 82 28.86
24 83 46.04
24 84 78.52
24 85 62.17
24 86 58.01
24 87 49.77
24 88 57.49
24 89 32.25
24 90 74.52
24 91 63.25
24 92 13.04
24 93 60.8
24 94 21.02
24 95 48.47
24 96 50.25
24 97 77.88
24 98 69.03
24 99 18.6
24 100 56.57
24 101 67.42
24 102 66.03
24 103 60.22
24 104 55.15
24 105 14.04
24 106 56.4
24 107 29.55
24 108 17.12
24 109 57.57
24 110 48.17
24 111 57.38
24 112 74.4
24 113 72.4
24 114 41.01
24 115 66.48
24 116 32.28
24 117 26.68
24 118 64.07
24 119 48.09
24 120 74.06
24 121 58.9
24 122 10.44
24 123 60.96
24 124 58.01
24 125 65.39
24 126 72.42
24 127 74.41
24 128 68.41
24 129 34.01
24 130 74.33
24 131 65.86
24 132 33.11
24 133 19.31
24 134 51.35
24 135 58.59
24 136 12.08
24 137 55.61
24 138 65.3
24 139 52.33
24 140 66.6
24 141 57.63
24 142 23.35
24 143 66.29
24 144 40.31
24 145 72.18
24 146 46.87
24 147 40.79
24 148 55.87
24 149 57.43
24 150 60.67
24 151 70.61
24 152 54.74
24 153 52.35
24 154 53.82
24 155 37.0
24 156 49.65
24 157 52.4
24 158 68.24
24 159 52.63
24 160 18.68
24 161 57.7
24 162 22.47
24 163 54.63
24 164 61.4
24 165 29.0
24 166 56.14
24 167 41.01
24 168 54.08
24 169 70.6
24 170 30.0
24 171 7.62
24 172 69.32
24 173 17.46
24 174 58.26
24 175 39.2
24 176 44.82
24 177 45.35
24 178 21.02
24 179 30.15
24 180 78.82
24 181 69.86
24 182 59.06
24 183 47.41
24 184 46.01
24 185 89.31
24 186 45.8
24 187 39.62
24 188 14.14
24 189 59.21
24 190 73.25
24 191 58.55
24 192 70.94
24 193 87.05
24 194 78.77
24 195 50.16
24 196 16.49
24 197 54.13
24 198 60.22
24 199 67.45
24 200 33.42
24 201 12.53
25 0 79.08
25 1 126.02
25 2 12.17
25 3 75.01
25 4 61.13
25 5 12.81
25 6 23.43
25 7 100.5
25 8 128.16
25 9 51.66
25 10 88.53
25 11 61.03
25 12 89.81
25 13 91.39
25 14 35.85
25 15 65.92
25 16 77.42
25 17 107.7
25 18 142.9
25 19 45.22
25 20 19.03
25 21 87.86
25 22 117.75
25 23 58.82
25 24 73.76
25 26 139.6
25 27 153.72
25 28 71.69
25 29 12.73
25 30 90.03
25 31 135.94
25 32 94.37
25 33 94.37
25 34 123.04
25 35 73.35
25 36 62.24
25 37 146.35
25 38 119.87
25 39 114.74
25 40 111.36
25 41 90.47
25 42 37.0
25 43 119.25
25 44 38.12
25 45 104.4
25 46 104.24
25 47 52.24
25 48 8.06
25 49 92.2
25 50 89.32
25 51 90.71
25 52 86.02
25 53 158.62
25 54 46.53
25 55 140.0
25 56 172.1
25 57 140.04
25 58 92.66
25 59 91.01
25 60 93.61
25 61 77.1
25 62 48.92
25 63 81.69
25 64 129.56
25 65 79.4
25 66 89.04
25 67 72.9
25 68 101.41
25 69 123.76
25 70 94.11
25 71 10.82
25 72 71.45
25 73 97.05
25 74 86.83
25 75 113.86
25 76 136.01
25 77 100.69
25 78 122.93
25 79 67.01
25 80 19.42
25 81 96.18
25 82 100.4
25 83 31.62
25 84 152.07
25 85 134.79
25 86 97.51
25 87 106.04
25 88 127.53
25 89 54.41
25 90 1.0
25 91 20.4
25 92 86.68
25 93 99.04
25 94 93.35
25 95 100.46
25 96 75.13
25 97 135.59
25 98 134.63
25 99 91.97
25 100 89.44
25 101 18.38
25 102 131.85
25 103 83.29
25 104 125.42
25 105 84.31
25 106 22.2
25 107 71.17
25 108 84.5
25 109 110.14
25 110 25.61
25 111 131.14
25 112 108.66
25 113 144.59
25 114 114.69
25 115 140.19
25 116 67.19
25 117 98.18
25 118 102.96
25 119 115.83
25 120 109.9
25 121 132.65
25 122 65.22
25 123 134.71
25 124 131.65
25 125 112.09
25 126 6.71
25 127 10.63
25 128 6.32
25 129 98.74
25 130 103.17
25 131 137.64
25 132 67.23
25 133 82.2
25 134 114.95
25 135 131.49
25 136 71.34
25 137 128.7
25 138 18.11
25 139 71.57
25 140 140.36
25 141 84.72
25 142 65.0
25 143 11.05
25 144 37.22
25 145 8.6
25 146 31.32
25 147 48.66
25 148 18.36
25 149 115.87
25 150 122.38
25 151 129.28
25 152 112.31
25 153 88.29
25 154 101.43
25 155 57.07
25 156 64.01
25 157 125.9
25 158 18.79
25 159 24.04
25 160 91.02
25 161 31.26
25 162 95.46
25 163 109.14
25 164 134.38
25 165 97.62
25 166 123.48
25 167 108.67
25 168 102.59
25 169 143.59
25 170 98.49
25 171 81.06
25 172 119.22
25 173 88.46
25 174 131.52
25 175 52.77
25 176 118.56
25 177 106.63
25 178 90.21
25 179 55.97
25 180 152.43
25 181 121.66
25 182 103.85
25 183 78.23
25 184 28.65
25 185 162.8
25 186 31.02
25 187 107.42
25 188 67.23
25 189 61.98
25 190 22.02
25 191 120.81
25 192 144.25
25 193 16.28
25 194 22.2
25 195 60.03
25 196 68.0
25 197 33.02
25 198 133.0
25 199 75.93
25 200 86.33
25 201 79.08
26 0 62.8
26 1 18.25
26 2 130.42
26 3 95.82
26 4 88.84
26 5 140.76
26 6 116.52
26 7 44.28
26 8 49.34
26 9 96.26
26 10 84.21
26 11 86.82
26 12 76.32
26 13 77.16
26 14 106.15
26 15 90.34
26 16 66.64
26 17 38.28
26 18 6.08
26 19 99.64
26 20 152.11
26 21 76.4
26 22 50.25
26 23 88.75
26 24 65.86
26 25 139.6
26 27 14.14
26 28 70.6
26 29 126.91
26 30 51.88
26 31 81.71
26 32 64.38
26 33 80.01
26 34 18.03
26 35 84.69
26 36 77.47
26 37 8.06
26 38 40.11
26 39 34.53
26 40 43.29
26 41 73.01
26 42 109.08
26 43 57.71
26 44 116.25
26 45 75.43
26 46 35.38
26 47 110.54
26 48 137.19
26 49 48.27
26 50 72.56
26 51 72.03
26 52 54.67
26 53 19.1
26 54 103.47
26 55 10.63
26 56 33.12
26 57 12.04
26 58 52.77
26 59 86.05
26 60 48.75
26 61 63.25
26 62 90.69
26 63 58.0
26 64 18.44
26 65 87.93
26 66 53.25
26 67 76.9
26 68 38.21
26 69 67.91
26 70 45.61
26 71 141.43
26 72 68.82
26 73 62.2
26 74 93.19
26 75 78.41
26 76 51.43
26 77 78.16
26 78 46.87
26 79 98.62
26 80 136.12
26 81 90.05
26 82 42.54
26 83 111.13
26 84 13.93
26 85 18.38
26 86 83.05
26 87 63.07
26 88 31.78
26 89 92.66
26 90 140.36
26 91 128.22
26 92 53.04
26 93 85.15
26 94 47.17
26 95 67.01
26 96 93.74
26 97 66.71
26 98 46.52
26 99 47.8
26 100 89.09
26 101 132.46
26 102 45.31
26 103 98.41
26 104 28.86
26 105 57.01
26 106 121.7
26 107 80.06
26 108 57.71
26 109 66.91
26 110 114.02
26 111 8.49
26 112 94.37
26 113 19.72
26 114 25.0
26 115 2.24
26 116 85.0
26 117 44.42
26 118 85.48
26 119 41.01
26 120 92.57
26 121 7.21
26 122 74.97
26 123 5.0
26 124 10.2
26 125 76.69
26 126 138.06
26 127 140.01
26 128 134.18
26 129 50.99
26 130 99.61
26 131 20.62
26 132 84.5
26 133 61.74
26 134 50.04
26 135 17.26
26 136 70.43
26 137 15.0
26 138 130.1
26 139 98.27
26 140 1.0
26 141 94.34
26 142 80.71
26 143 131.82
26 144 104.86
26 145 137.89
26 146 111.87
26 147 101.51
26 148 121.7
26 149 57.49
26 150 54.13
26 151 62.3
26 152 58.86
26 153 85.21
26 154 75.17
26 155 94.67
26 156 101.64
26 157 14.87
26 158 133.21
26 159 118.11
26 160 49.82
26 161 121.21
26 162 44.65
26 163 66.01
26 164 13.0
26 165 48.33
26 166 40.61
26 167 43.74
26 168 74.11
26 169 13.42
26 170 47.93
26 171 58.69
26 172 76.12
26 173 52.48
26 174 12.04
26 175 98.48
26 176 21.26
26 177 55.23
26 178 53.0
26 179 90.44
26 180 15.13
26 181 73.55
26 182 77.41
26 183 90.14
26 184 111.73
26 185 25.71
26 186 111.07
26 187 42.3
26 188 74.65
26 189 112.0
26 190 137.77
26 191 52.77
26 192 10.44
26 193 152.74
26 194 143.4
26 195 104.22
26 196 75.0
26 197 117.61
26 198 14.87
26 199 113.32
26 200 68.95
26 201 62.8
27 0 76.84
27 1 30.87
27 2 144.46
27 3 108.63
27 4 102.63
27 5 154.9
27 6 130.6
27 7 57.8
27 8 57.22
27 9 110.21
27 10 95.35
27 11 100.69
27 12 87.66
27 13 88.28
27 14 120.28
27 15 103.83
27 16 80.13
27 17 51.43
27 18 11.7
27 19 113.7
27 20 166.24
27 21 88.87
27 22 60.21
27 23 102.65
27 24 79.98
27 25 153.72
27 26 14.14
27 28 84.65
27 29 141.01
27 30 65.51
27 31 88.29
27 32 75.93
27 33 90.67
27 34 31.38
27 35 97.94
27 36 91.55
27 37 9.22
27 38 50.49
27 39 46.82
27 40 55.08
27 41 85.38
27 42 122.87
27 43 67.01
27 44 130.21
27 45 85.02
27 46 49.52
27 47 124.17
27 48 151.33
27 49 62.37
27 50 84.17
27 51 84.43
27 52 68.77
27 53 5.0
27 54 117.41
27 55 18.25
27 56 19.92
27 57 18.03
27 58 66.37
27 59 96.88
27 60 62.27
27 61 77.2
27 62 104.8
27 63 72.14
27 64 28.64
27 65 100.66
27 66 67.2
27 67 89.96
27 68 52.35
27 69 76.24
27 70 59.67
27 71 155.57
27 72 82.8
27 73 73.55
27 74 104.24
27 75 88.02
27 76 57.49
27 77 88.14
27 78 56.01
27 79 111.83
27 80 150.23
27 81 100.24
27 82 56.3
27 83 125.26
27 84 5.83
27 85 27.17
27 86 93.26
27 87 74.15
27 88 41.11
27 89 106.61
27 90 154.47
27 91 142.34
27 92 67.18
27 93 95.13
27 94 61.03
27 95 77.52
27 96 105.77
27 97 73.01
27 98 52.95
27 99 61.85
27 100 99.98
27 101 146.58
27 102 52.47
27 103 109.66
27 104 38.12
27 105 71.06
27 106 135.83
27 107 93.65
27 108 71.34
27 109 76.01
27 110 128.14
27 111 22.63
27 112 103.17
27 113 21.19
27 114 39.05
27 115 13.6
27 116 98.62
27 117 58.25
27 118 95.01
27 119 52.17
27 120 101.24
27 121 21.26
27 122 89.11
27 123 19.1
27 124 23.32
27 125 85.21
27 126 152.12
27 127 154.16
27 128 148.27
27 129 63.25
27 130 109.0
27 131 26.17
27 132 97.58
27 133 75.18
27 134 60.53
27 135 27.89
27 136 84.5
27 137 26.93
27 138 144.03
27 139 110.44
27 140 13.45
27 141 105.55
27 142 94.63
27 143 145.87
27 144 118.81
27 145 152.03
27 146 125.99
27 147 115.43
27 148 135.83
27 149 66.07
27 150 63.01
27 151 69.72
27 152 68.0
27 153 96.34
27 154 86.31
27 155 108.45
27 156 114.93
27 157 28.3
27 158 147.32
27 159 132.25
27 160 63.89
27 161 135.25
27 162 58.6
27 163 76.53
27 164 22.56
27 165 61.77
27 166 50.09
27 167 55.97
27 168 85.16
27 169 16.12
27 170 61.29
27 171 72.84
27 172 85.05
27 173 66.29
27 174 23.77
27 175 112.33
27 176 35.38
27 177 66.71
27 178 66.85
27 179 104.4
27 180 9.43
27 181 82.15
27 182 87.02
27 183 102.88
27 184 125.87
27 185 15.52
27 186 125.21
27 187 54.12
27 188 88.73
27 189 125.24
27 190 151.86
27 191 62.01
27 192 13.0
27 193 166.88
27 194 157.49
27 195 117.65
27 196 89.02
27 197 131.65
27 198 24.52
27 199 125.87
27 200 81.94
27 201 76.84
28 0 7.81
28 1 55.17
28 2 64.62
28 3 37.34
28 4 20.22
28 5 70.94
28 6 50.33
28 7 28.84
28 8 58.69
28 9 25.94
28 10 64.66
28 11 17.46
28 12 59.08
28 13 61.29
28 14 36.4
28 15 25.18
28 16 31.91
28 17 36.06
28 18 74.89
28 19 29.07
28 20 82.13
28 21 30.0
28 22 48.37
28 23 18.97
28 24 13.42
28 25 71.69
28 26 70.6
28 27 84.65
28 29 59.48
28 30 32.14
28 31 75.69
28 32 53.31
28 33 66.29
28 34 56.36
28 35 24.17
28 36 18.38
28 37 76.49
28 38 48.7
28 39 43.05
28 40 40.16
28 41 30.02
28 42 50.01
28 43 52.01
28 44 45.79
28 45 71.55
28 46 36.24
28 47 42.2
28 48 68.01
28 49 22.47
28 50 55.23
28 51 29.53
28 52 16.12
28 53 89.64
28 54 33.12
28 55 69.31
28 56 101.82
28 57 73.82
28 58 21.02
28 59 68.25
28 60 35.01
28 61 21.93
28 62 25.32
28 63 16.03
28 64 65.0
28 65 32.76
28 66 17.69
28 67 41.01
28 68 33.54
28 69 59.84
28 70 28.86
28 71 71.84
28 72 20.62
28 73 54.42
28 74 70.71
28 75 55.54
28 76 66.75
28 77 70.33
28 78 52.95
28 79 35.36
28 80 65.76
28 81 75.43
28 82 29.07
28 83 41.23
28 84 84.05
28 85 63.41
28 86 71.28
28 87 40.61
28 88 55.9
28 89 22.36
28 90 72.56
28 91 58.0
28 92 19.65
28 93 74.06
28 94 31.14
28 95 61.85
28 96 62.01
28 97 70.18
28 98 64.54
28 99 27.46
28 100 69.43
28 101 62.24
28 102 61.61
28 103 72.35
28 104 64.76
28 105 13.6
28 106 51.86
28 107 16.16
28 108 30.08
28 109 70.84
28 110 46.52
28 111 62.2
28 112 87.66
28 113 80.11
28 114 47.01
28 115 71.61
28 116 19.24
28 117 26.91
28 118 77.39
28 119 44.6
28 120 87.37
28 121 63.41
28 122 9.22
28 123 65.6
28 124 61.62
28 125 78.79
28 126 71.59
28 127 70.43
28 128 67.08
28 129 46.53
28 130 87.32
28 131 74.09
28 132 44.41
28 133 32.7
28 134 45.4
28 135 60.31
28 136 1.41
28 137 62.61
28 138 66.48
28 139 63.51
28 140 71.22
28 141 70.04
28 142 11.18
28 143 65.92
28 144 43.19
28 145 68.6
28 146 41.87
28 147 31.3
28 148 53.34
28 149 70.21
28 150 54.08
28 151 63.07
28 152 67.68
28 153 65.3
28 154 42.49
28 155 25.71
28 156 37.05
28 157 58.67
28 158 62.94
28 159 48.6
28 160 20.81
28 161 50.61
28 162 31.58
28 163 45.12
28 164 68.43
28 165 25.94
28 166 52.5
28 167 37.34
28 168 42.95
28 169 77.41
28 170 26.83
28 171 15.03
28 172 59.14
28 173 29.07
28 174 64.88
28 175 28.79
28 176 49.41
28 177 38.01
28 178 18.6
28 179 20.12
28 180 82.02
28 181 60.17
28 182 72.47
28 183 34.0
28 184 43.05
28 185 92.02
28 186 41.4
28 187 51.01
28 188 4.47
28 189 47.01
28 190 67.27
28 191 52.15
28 192 77.18
28 193 83.24
28 194 72.92
28 195 38.05
28 196 4.47
28 197 47.01
28 198 67.54
28 199 54.34
28 200 21.93
28 201 7.81
29 0 66.73
29 1 113.46
29 2 7.62
29 3 66.48
29 4 50.49
29 5 19.03
29 6 10.82
29 7 88.19
29 8 116.69
29 9 41.19
29 10 77.93
29 11 50.01
29 12 78.59
29 13 80.28
29 14 24.52
29 15 56.04
29 16 64.9
29 17 95.38
29 18 130.18
29 19 34.37
29 20 29.12
29 21 77.52
29 22 106.25
29 23 47.85
29 24 61.07
29 25 12.73
29 26 126.91
29 27 141.01
29 28 59.48
29 30 77.34
29 31 126.19
29 32 82.46
29 33 83.55
29 34 110.32
29 35 63.2
29 36 49.52
29 37 133.69
29 38 107.94
29 39 102.47
29 40 99.4
29 41 79.91
29 42 26.17
29 43 108.17
29 44 31.38
29 45 93.39
29 46 91.55
29 47 45.22
29 48 13.15
29 49 79.63
29 50 77.79
29 51 80.06
29 52 73.5
29 53 145.91
29 54 37.05
29 55 127.41
29 56 159.46
29 57 127.31
29 58 80.5
29 59 80.62
29 60 80.92
29 61 64.38
29 62 36.24
29 63 69.03
29 64 116.85
29 65 70.01
29 66 76.66
29 67 60.93
29 68 88.73
29 69 113.28
29 70 81.39
29 71 18.25
29 72 58.73
29 73 85.09
29 74 77.06
29 75 104.12
29 76 124.62
29 77 89.82
29 78 111.33
29 79 58.55
29 80 21.19
29 81 86.21
29 82 87.98
29 83 21.02
29 84 139.34
29 85 122.33
29 86 86.98
29 87 95.13
29 88 115.38
29 89 43.57
29 90 13.45
29 91 17.03
29 92 74.03
29 93 88.68
29 94 80.62
29 95 88.87
29 96 65.12
29 97 124.95
29 98 123.03
29 99 79.25
29 100 79.31
29 101 17.89
29 102 120.21
29 103 74.03
29 104 112.8
29 105 71.87
29 106 14.32
29 107 60.21
29 108 71.84
29 109 98.67
29 110 13.04
29 111 118.44
29 112 99.05
29 113 131.89
29 114 101.98
29 115 127.48
29 116 56.57
29 117 85.76
29 118 92.66
29 119 103.87
29 120 100.12
29 121 119.97
29 122 52.7
29 123 122.02
29 124 119.02
29 125 101.2
29 126 12.37
29 127 17.12
29 128 7.62
29 129 86.28
29 130 94.05
29 131 124.96
29 132 55.66
29 133 69.63
29 134 103.41
29 135 118.98
29 136 59.06
29 137 115.97
29 138 14.21
29 139 62.0
29 140 127.66
29 141 75.03
29 142 53.45
29 143 8.25
29 144 25.08
29 145 14.14
29 146 21.0
29 147 39.01
29 148 7.0
29 149 104.0
29 150 111.13
29 151 118.46
29 152 100.46
29 153 77.78
29 154 91.35
29 155 47.04
29 156 55.9
29 157 113.17
29 158 18.79
29 159 14.14
29 160 78.49
29 161 25.55
29 162 82.73
29 163 98.48
29 164 121.66
29 165 85.42
29 166 111.62
29 167 96.66
29 168 92.44
29 169 130.86
29 170 86.31
29 171 68.41
29 172 109.29
29 173 75.74
29 174 118.79
29 175 43.0
29 176 105.89
29 177 95.21
29 178 77.9
29 179 44.91
29 180 139.81
29 181 111.54
29 182 92.96
29 183 69.07
29 184 16.76
29 185 150.21
29 186 20.1
29 187 94.87
29 188 55.01
29 189 55.71
29 190 24.35
29 191 109.48
29 192 131.52
29 193 27.73
29 194 27.29
29 195 52.17
29 196 55.95
29 197 26.0
29 198 120.28
29 199 70.01
29 200 75.19
29 201 66.73
30 0 27.2
30 1 43.42
30 2 79.91
30 3 68.88
30 4 52.0
30 5 93.19
30 6 66.6
30 7 31.38
30 8 65.19
30 9 55.73
30 10 42.05
30 11 49.01
30 12 34.48
30 13 36.36
30 14 59.93
30 15 57.31
30 16 14.87
30 17 35.11
30 18 54.08
30 19 56.32
30 20 104.56
30 21 56.82
30 22 57.25
30 23 50.09
30 24 20.22
30 25 90.03
30 26 51.88
30 27 65.51
30 28 32.14
30 29 77.34
30 31 92.09
30 32 24.76
30 33 41.05
30 34 34.13
30 35 55.54
30 36 28.65
30 37 59.51
30 38 51.55
30 39 41.23
30 40 45.19
30 41 55.23
30 42 57.43
30 43 64.14
30 44 74.04
30 45 43.19
30 46 20.0
30 47 73.33
30 48 88.81
30 49 19.85
30 50 30.02
30 51 54.38
30 52 21.1
30 53 70.18
30 54 62.37
30 55 55.36
30 56 85.0
30 57 50.33
30 58 31.83
30 59 45.18
30 60 3.61
30 61 13.42
30 62 42.19
30 63 16.49
30 64 39.6
30 65 63.25
30 66 25.61
30 67 26.17
30 68 18.11
30 69 74.89
30 70 10.77
30 71 93.48
30 72 18.87
30 73 24.84
30 74 50.33
30 75 76.37
30 76 72.42
30 77 43.19
30 78 59.24
30 79 67.48
30 80 89.94
30 81 51.62
30 82 28.18
30 83 64.85
30 84 63.01
30 85 53.46
30 86 45.8
30 87 58.05
30 88 53.46
30 89 52.47
30 90 90.69
30 91 81.88
30 92 15.26
30 93 48.6
30 94 6.08
30 95 32.65
30 96 46.39
30 97 81.84
30 98 68.41
30 99 9.43
30 100 47.42
30 101 85.96
30 102 65.52
30 103 54.12
30 104 35.85
30 105 23.71
30 106 74.79
30 107 47.85
30 108 5.83
30 109 40.31
30 110 65.0
30 111 43.86
30 112 61.72
30 113 54.56
30 114 27.51
30 115 51.97
30 116 51.35
30 117 26.93
30 118 51.09
30 119 48.1
30 120 60.88
30 121 45.69
30 122 30.59
30 123 47.42
30 124 46.17
30 125 49.41
30 126 87.68
30 127 92.09
30 128 84.22
30 129 14.56
30 130 63.51
30 131 47.63
30 132 33.54
30 133 10.2
30 134 54.59
30 135 49.5
30 136 31.06
30 137 39.2
30 138 78.87
30 139 50.09
30 140 52.77
30 141 50.6
30 142 43.01
30 143 81.32
30 144 53.81
30 145 89.63
30 146 65.74
30 147 61.0
30 148 73.01
30 149 38.33
30 150 63.95
30 151 74.71
30 152 36.06
30 153 42.95
30 154 65.44
30 155 57.08
30 156 69.18
30 157 37.22
30 158 86.83
30 159 70.83
30 160 21.21
30 161 77.25
30 162 9.06
30 163 63.03
30 164 44.69
30 165 32.8
30 166 55.36
30 167 42.49
30 168 65.3
30 169 53.81
30 170 33.6
30 171 17.46
30 172 77.99
30 173 3.16
30 174 42.2
30 175 59.41
30 176 32.98
30 177 51.4
30 178 27.66
30 179 50.36
30 180 66.31
30 181 77.62
30 182 44.55
30 183 64.85
30 184 63.81
30 185 77.08
30 186 64.41
30 187 19.42
30 188 34.01
30 189 79.03
30 190 92.13
30 191 61.72
30 192 54.82
30 193 104.4
30 194 97.53
30 195 70.01
30 196 36.01
30 197 73.74
30 198 43.19
30 199 86.31
30 200 47.01
30 201 27.2
31 0 72.8
31 1 66.73
31 2 133.06
31 3 61.85
31 4 76.0
31 5 129.63
31 6 120.02
31 7 60.8
31 8 32.65
31 9 85.05
31 10 133.78
31 11 77.06
31 12 126.48
31 13 128.41
31 14 102.02
31 15 70.18
31 16 101.53
31 17 58.73
31 18 87.66
31 19 92.02
31 20 138.5
31 21 49.04
31 22 36.07
31 23 79.03
31 24 85.23
31 25 135.94
31 26 81.71
31 27 88.29
31 28 75.69
31 29 126.19
31 30 92.09
31 32 116.61
31 33 133.14
31 34 84.31
31 35 63.03
31 36 93.96
31 37 80.08
31 38 45.0
31 39 55.32
31 40 48.1
31 41 47.27
31 42 124.46
31 43 28.32
31 44 98.84
31 45 134.47
31 46 76.42
31 47 85.62
31 48 129.55
31 49 72.4
31 50 122.04
31 51 47.38
31 52 73.36
31 53 91.59
31 54 89.45
31 55 71.78
31 56 92.01
31 57 93.11
31 58 61.29
31 59 137.06
31 60 92.2
31 61 91.24
31 62 99.3
31 63 80.5
31 64 93.3
31 65 56.57
31 66 68.0
31 67 113.16
31 68 76.58
31 69 17.2
31 70 81.61
31 71 131.4
31 72 93.23
31 73 116.21
31 74 141.52
31 75 22.09
31 76 30.81
31 77 135.0
31 78 36.62
31 79 69.63
31 80 122.02
31 81 143.67
31 82 64.2
31 83 105.17
31 84 92.44
31 85 63.32
31 86 137.88
31 87 35.47
31 88 50.54
31 89 83.0
31 90 136.94
31 91 116.73
31 92 78.39
31 93 140.66
31 94 86.61
31 95 123.85
31 96 135.09
31 97 15.3
31 98 35.44
31 99 82.66
31 100 139.09
31 101 120.22
31 102 36.4
31 103 144.47
31 104 101.26
31 105 72.01
31 106 113.75
31 107 67.19
31 108 94.67
31 109 129.56
31 110 115.0
31 111 78.71
31 112 153.6
31 113 101.24
31 114 78.87
31 115 83.93
31 116 70.01
31 117 65.22
31 118 143.0
31 119 46.75
31 120 152.61
31 121 77.82
31 122 84.9
31 123 79.2
31 124 73.35
31 125 139.6
31 126 138.36
31 127 130.23
31 128 133.38
31 129 103.71
31 130 155.6
31 131 100.18
31 132 118.31
31 133 99.48
31 134 38.21
31 135 64.88
31 136 76.92
31 137 88.32
31 138 137.01
31 139 137.48
31 140 81.34
31 141 141.42
31 142 75.54
31 143 134.09
31 144 117.1
31 145 129.71
31 146 105.23
31 147 87.37
31 148 119.21
31 149 123.76
31 150 29.83
31 151 19.72
31 152 123.04
31 153 134.63
31 154 35.01
31 155 79.16
31 156 73.01
31 157 83.53
31 158 120.42
31 159 112.36
31 160 71.34
31 161 105.91
31 162 84.2
31 163 30.68
31 164 91.24
31 165 59.36
31 166 42.72
31 167 50.33
31 168 34.06
31 169 95.08
31 170 58.52
31 171 80.06
31 172 17.03
31 173 89.59
31 174 87.71
31 175 83.29
31 176 74.4
31 177 40.82
31 178 65.76
31 179 82.02
31 180 79.43
31 181 15.52
31 182 136.03
31 183 57.87
31 184 110.02
31 185 82.15
31 186 106.12
31 187 101.12
31 188 79.08
31 189 78.77
31 190 121.75
31 191 31.89
31 192 92.11
31 193 141.66
31 194 126.65
31 195 77.13
31 196 76.69
31 197 103.41
31 198 92.18
31 199 69.35
31 200 54.13
31 201 72.8
32 0 50.25
32 1 61.98
32 2 82.76
32 3 90.62
32 4 71.31
32 5 100.57
32 6 71.87
32 7 55.8
32 8 88.55
32 9 72.56
32 10 20.02
32 11 68.15
32 12 12.0
32 13 13.15
32 14 71.45
32 15 77.79
32 16 22.36
32 17 58.67
32 18 64.33
32 19 71.03
32 20 111.43
32 21 80.71
32 22 81.3
32 23 68.66
32 24 39.92
32 25 94.37
32 26 64.38
32 27 75.93
32 28 53.31
32 29 82.46
32 30 24.76
32 31 116.61
32 33 17.09
32 34 47.01
32 35 77.47
32 36 42.19
32 37 72.44
32 38 74.69
32 39 63.98
32 40 69.12
32 41 79.4
32 42 57.8
32 43 88.48
32 44 88.05
32 45 18.6
32 46 41.63
32 47 90.67
32 48 95.27
32 49 44.6
32 50 8.25
32 51 78.6
32 52 45.45
32 53 79.81
32 54 78.16
32 55 71.01
32 56 95.8
32 57 58.24
32 58 56.57
32 59 22.36
32 60 24.41
32 61 31.38
32 62 53.15
32 63 39.66
32 64 47.3
32 65 85.87
32 66 50.25
32 67 21.54
32 68 40.71
32 69 99.4
32 70 35.0
32 71 100.3
32 72 33.96
32 73 2.83
32 74 29.02
32 75 101.12
32 76 95.34
32 77 18.44
32 78 82.76
32 79 87.93
32 80 99.2
32 81 27.86
32 82 52.43
32 83 75.8
32 84 71.84
32 85 71.7
32 86 21.47
32 87 82.81
32 88 74.95
32 89 69.87
32 90 94.81
32 91 91.44
32 92 39.7
32 93 24.19
32 94 30.0
32 95 8.54
32 96 30.08
32 97 105.82
32 98 91.0
32 99 34.06
32 100 25.18
32 101 95.08
32 102 88.24
32 103 34.06
32 104 38.63
32 105 47.8
32 106 84.17
32 107 69.46
32 108 23.85
32 109 18.11
32 110 72.12
32 111 58.01
32 112 37.01
32 113 59.09
32 114 44.72
32 115 63.64
32 116 72.11
32 117 51.4
32 118 26.4
32 119 71.59
32 120 36.12
32 121 60.01
32 122 48.51
32 123 61.07
32 124 62.07
32 125 25.5
32 126 90.43
32 127 99.02
32 128 88.1
32 129 14.32
32 130 39.36
32 131 52.0
32 132 27.46
32 133 20.62
32 134 78.77
32 135 67.74
32 136 52.0
32 137 49.5
32 138 79.61
32 139 34.93
32 140 65.38
32 141 30.02
32 142 62.94
32 143 84.12
32 144 57.38
32 145 96.21
32 146 76.79
32 147 77.32
32 148 80.01
32 149 21.54
32 150 87.98
32 151 98.79
32 152 18.03
32 153 21.02
32 154 90.03
32 155 75.5
32 156 89.02
32 157 50.04
32 158 96.05
32 159 80.05
32 160 45.97
32 161 89.56
32 162 32.45
32 163 87.78
32 164 53.37
32 165 57.49
32 166 78.29
32 167 66.57
32 168 89.94
32 169 61.03
32 170 58.26
32 171 40.5
32 172 102.73
32 173 27.59
32 174 52.61
32 175 76.79
32 176 50.8
32 177 76.06
32 178 52.35
32 179 68.07
32 180 79.51
32 181 102.3
32 182 19.85
32 183 87.24
32 184 72.78
32 185 89.94
32 186 74.97
32 187 22.09
32 188 53.76
32 189 98.06
32 190 101.87
32 191 85.76
32 192 63.32
32 193 110.17
32 194 106.74
32 195 89.05
32 196 56.3
32 197 86.37
32 198 51.42
32 199 107.21
32 200 71.03
32 201 50.25
33 0 64.54
33 1 78.85
33 2 82.28
33 3 102.96
33 4 82.35
33 5 102.42
33 6 73.68
33 7 72.4
33 8 105.55
33 9 81.91
33 10 6.4
33 11 79.2
33 12 7.21
33 13 5.0
33 14 77.41
33 15 89.44
33 16 34.41
33 17 75.59
33 18 79.31
33 19 79.08
33 20 112.59
33 21 95.13
33 22 98.11
33 23 79.31
33 24 53.01
33 25 94.37
33 26 80.01
33 27 90.67
33 28 66.29
33 29 83.55
33 30 41.05
33 31 133.14
33 32 17.09
33 34 63.2
33 35 90.21
33 36 52.0
33 37 88.02
33 38 91.71
33 39 81.02
33 40 85.96
33 41 94.18
33 42 57.49
33 43 105.15
33 44 94.89
33 45 10.3
33 46 58.69
33 47 99.72
33 48 96.69
33 49 60.8
33 50 11.31
33 51 93.43
33 52 60.88
33 53 94.2
33 54 86.59
33 55 87.28
33 56 110.32
33 57 72.69
33 58 72.47
33 59 6.32
33 60 41.18
33 61 44.82
33 62 60.21
33 63 54.45
33 64 62.2
33 65 99.02
33 66 65.95
33 67 27.2
33 68 57.7
33 69 115.94
33 70 51.62
33 71 101.79
33 72 45.79
33 73 18.44
33 74 13.93
33 75 116.93
33 76 112.4
33 77 6.32
33 78 99.73
33 79 99.32
33 80 102.4
33 81 10.77
33 82 69.12
33 83 81.15
33 84 86.15
33 85 88.46
33 86 5.0
33 87 98.86
33 88 92.03
33 89 79.71
33 90 94.64
33 91 95.13
33 92 55.32
33 93 7.81
33 94 46.65
33 95 13.15
33 96 20.81
33 97 122.67
33 98 108.08
33 99 50.48
33 100 9.49
33 101 98.33
33 102 105.31
33 103 19.7
33 104 52.61
33 105 62.94
33 106 88.05
33 107 82.15
33 108 38.95
33 109 18.44
33 110 75.17
33 111 74.17
33 112 21.4
33 113 72.28
33 114 61.61
33 115 79.06
33 116 84.12
33 117 67.96
33 118 11.18
33 119 88.55
33 120 21.1
33 121 76.16
33 122 59.94
33 123 77.06
33 124 78.52
33 125 17.72
33 126 89.49
33 127 100.62
33 128 88.06
33 129 31.32
33 130 22.47
33 131 65.51
33 132 29.02
33 133 34.66
33 134 95.52
33 135 84.53
33 136 64.9
33 137 65.01
33 138 77.83
33 139 25.61
33 140 81.01
33 141 15.65
33 142 74.71
33 143 83.52
33 144 59.3
33 145 97.67
33 146 82.15
33 147 86.13
33 148 82.49
33 149 27.78
33 150 104.81
33 151 115.6
33 152 24.6
33 153 7.07
33 154 105.36
33 155 85.8
33 156 99.92
33 157 66.12
33 158 99.32
33 159 84.02
33 160 62.01
33 161 95.19
33 162 49.24
33 163 103.86
33 164 68.26
33 165 73.82
33 166 95.34
33 167 83.35
33 168 105.38
33 169 75.13
33 170 74.63
33 171 55.17
33 172 118.85
33 173 43.6
33 174 68.03
33 175 86.33
33 176 67.68
33 177 92.42
33 178 68.12
33 179 78.19
33 180 95.05
33 181 118.6
33 182 9.49
33 183 100.17
33 184 77.0
33 185 105.23
33 186 80.1
33 187 38.21
33 188 65.86
33 189 108.17
33 190 105.3
33 191 102.58
33 192 77.78
33 193 110.6
33 194 109.66
33 195 99.37
33 196 68.6
33 197 92.35
33 198 66.27
33 199 118.6
33 200 85.7
33 201 64.54
34 0 48.75
34 1 18.44
34 2 113.45
34 3 85.99
34 4 75.77
34 5 124.96
34 6 99.76
34 7 34.06
34 8 52.01
34 9 82.3
34 10 67.0
34 11 73.41
34 12 59.01
34 13 60.01
34 14 90.6
34 15 78.45
34 16 48.76
34 17 30.27
34 18 20.0
34 19 84.91
34 20 136.36
34 21 68.03
34 22 49.19
34 23 75.15
34 24 49.68
34 25 123.04
34 26 18.03
34 27 31.38
34 28 56.36
34 29 110.32
34 30 34.13
34 31 84.31
34 32 47.01
34 33 63.2
34 35 73.76
34 36 60.81
34 37 25.96
34 38 39.45
34 39 30.08
34 40 38.9
34 41 65.0
34 42 91.53
34 43 57.25
34 44 102.08
34 45 59.67
34 46 20.12
34 47 97.86
34 48 121.08
34 49 34.01
34 50 55.08
34 51 64.0
34 52 40.25
34 53 36.06
34 54 89.47
34 55 24.08
34 56 50.99
34 57 17.49
34 58 41.59
34 59 69.07
34 60 30.89
34 61 46.1
34 62 74.28
34 63 42.2
34 64 10.05
34 65 78.52
34 66 40.16
34 67 58.87
34 68 22.83
34 69 68.48
34 70 29.07
34 71 125.5
34 72 51.74
34 73 45.01
34 74 76.0
34 75 76.22
34 76 56.57
34 77 61.98
34 78 47.71
34 79 87.56
34 80 120.8
34 81 73.55
34 82 31.26
34 83 95.6
34 84 29.07
34 85 26.4
34 86 66.61
34 87 58.69
34 88 34.66
34 89 78.71
34 90 123.76
34 91 112.8
34 92 37.44
34 93 68.88
34 94 29.83
34 95 50.49
34 96 75.95
34 97 70.43
34 98 51.62
34 99 31.14
34 100 72.03
34 101 117.0
34 102 49.52
34 103 81.06
34 104 17.03
34 105 42.95
34 106 106.04
34 107 68.01
34 108 39.96
34 109 51.87
34 110 97.59
34 111 11.0
34 112 79.12
34 113 24.04
34 114 9.49
34 115 17.89
34 116 72.73
34 117 32.56
34 118 69.63
34 119 38.48
34 120 77.49
34 121 13.0
34 122 59.41
34 123 14.14
34 124 15.52
34 125 62.03
34 126 121.17
34 127 124.08
34 128 117.46
34 129 33.24
34 130 83.74
34 131 19.03
34 132 66.48
34 133 43.83
34 134 47.93
34 135 22.83
34 136 55.95
34 137 6.32
34 138 112.8
34 139 80.41
34 140 18.97
34 141 77.03
34 142 67.12
34 143 114.87
34 144 87.62
34 145 121.83
34 146 96.4
34 147 87.66
34 148 105.42
34 149 43.38
34 150 54.71
34 151 64.64
34 152 44.01
34 153 68.0
34 154 70.04
34 155 81.54
34 156 90.25
34 157 3.16
34 158 117.8
34 159 102.3
34 160 35.85
34 161 106.53
34 162 27.59
34 163 62.64
34 164 12.08
34 165 38.12
34 166 41.62
34 167 38.08
34 168 69.23
34 169 21.1
34 170 38.05
34 171 43.01
34 172 75.24
34 173 35.0
34 174 8.6
34 175 85.0
34 176 10.44
34 177 50.45
34 178 40.52
34 179 76.48
34 180 32.98
34 181 73.35
34 182 61.61
34 183 80.62
34 184 95.67
34 185 43.68
34 186 95.43
34 187 25.02
34 188 60.03
34 189 100.69
34 190 122.64
34 191 52.84
34 192 21.26
34 193 136.69
34 194 128.22
34 195 92.35
34 196 60.83
34 197 102.93
34 198 11.4
34 199 103.95
34 200 59.3
34 201 48.75
35 0 28.44
35 1 67.08
35 2 70.03
35 3 13.34
35 4 13.15
35 5 68.35
35 6 57.14
35 7 40.5
35 8 57.14
35 9 22.02
35 10 88.23
35 11 14.87
35 12 83.01
35 13 85.23
35 14 39.0
35 15 7.62
35 16 55.95
35 17 46.52
35 18 89.89
35 19 29.0
35 20 78.29
35 21 14.56
35 22 47.2
35 23 16.49
35 24 37.58
35 25 73.35
35 26 84.69
35 27 97.94
35 28 24.17
35 29 63.2
35 30 55.54
35 31 63.03
35 32 77.47
35 33 90.21
35 34 73.76
35 36 39.62
35 37 89.01
35 38 52.35
35 39 51.62
35 40 44.82
35 41 17.46
35 42 63.57
35 43 46.96
35 44 38.01
35 45 95.71
35 46 54.45
35 47 27.59
35 48 67.45
35 49 41.05
35 50 79.26
35 51 17.89
35 52 36.06
35 53 102.86
35 54 26.93
35 55 80.62
35 56 112.61
35 57 90.52
35 58 32.28
35 59 91.84
35 60 58.05
35 61 46.1
35 62 39.36
35 63 39.05
35 64 83.36
35 65 9.22
35 66 34.13
35 67 64.2
35 68 52.24
35 69 50.45
35 70 50.09
35 71 69.89
35 72 44.42
35 73 78.55
35 74 93.72
35 75 41.0
35 76 64.5
35 77 94.41
35 78 52.8
35 79 13.93
35 80 61.33
35 81 99.05
35 82 42.72
35 83 42.19
35 84 98.62
35 85 72.95
35 86 95.19
35 87 33.54
35 88 61.72
35 89 20.1
35 90 74.33
35 91 55.03
35 92 41.3
35 93 97.94
35 94 53.46
35 95 86.01
35 96 84.15
35 97 62.36
35 98 64.07
35 99 49.25
35 100 92.8
35 101 58.87
35 102 61.61
35 103 94.79
35 104 85.15
35 105 33.06
35 106 51.2
35 107 8.06
35 108 54.08
35 109 94.92
35 110 52.04
35 111 76.9
35 112 111.52
35 113 97.74
35 114 64.33
35 115 86.16
35 116 7.62
35 117 41.23
35 118 101.36
35 119 48.92
35 120 111.31
35 121 77.62
35 122 30.61
35 123 79.85
35 124 74.73
35 125 102.96
35 126 75.43
35 127 68.62
35 128 70.46
35 129 70.09
35 130 110.8
35 131 92.57
35 132 66.48
35 133 56.86
35 134 44.82
35 135 70.83
35 136 25.5
35 137 80.05
35 138 74.11
35 139 84.96
35 140 85.09
35 141 92.85
35 142 16.28
35 143 71.06
35 144 55.97
35 145 67.72
35 146 42.3
35 147 24.74
35 148 56.22
35 149 93.86
35 150 50.61
35 151 56.3
35 152 91.48
35 153 88.81
35 154 28.16
35 155 16.28
35 156 17.0
35 157 75.43
35 158 59.24
35 159 49.5
35 160 39.05
35 161 44.78
35 162 53.15
35 163 36.06
35 164 85.62
35 165 36.4
35 166 55.17
35 167 43.01
35 168 29.27
35 169 93.96
35 170 36.77
35 171 38.08
35 172 46.1
35 173 52.39
35 174 81.74
35 175 20.62
35 176 64.85
35 177 36.24
35 178 33.38
35 179 19.42
35 180 93.3
35 181 48.37
35 182 96.6
35 183 10.0
35 184 47.0
35 185 102.08
35 186 43.1
35 187 73.55
35 188 24.41
35 189 27.31
35 190 61.72
35 191 49.4
35 192 92.97
35 193 80.78
35 194 67.12
35 195 20.0
35 196 21.63
35 197 41.79
35 198 85.15
35 199 31.06
35 200 16.4
35 201 28.44
36 0 22.02
36 1 64.88
36 2 53.01
36 3 51.61
36 4 30.41
36 5 64.64
36 6 39.05
36 7 41.98
36 8 75.03
36 9 30.41
36 10 49.24
36 11 27.29
36 12 44.94
36 13 47.17
36 14 31.38
36 15 37.74
36 16 20.0
36 17 48.76
36 18 80.66
36 19 29.07
36 20 76.03
36 21 48.02
36 22 65.01
36 23 27.31
36 24 12.08
36 25 62.24
36 26 77.47
36 27 91.55
36 28 18.38
36 29 49.52
36 30 28.65
36 31 93.96
36 32 42.19
36 33 52.0
36 34 60.81
36 35 39.62
36 37 84.4
36 38 63.64
36 39 56.04
36 40 55.33
36 41 48.3
36 42 33.96
36 43 69.46
36 44 46.53
36 45 58.94
36 46 42.2
36 47 48.51
36 48 60.44
36 49 31.38
36 50 41.76
36 51 47.85
36 52 25.96
36 53 96.43
36 54 36.01
36 55 78.55
36 56 110.21
36 57 77.9
36 58 36.06
36 59 52.84
36 60 32.25
36 61 15.26
36 62 13.6
36 63 20.12
36 64 67.62
36 65 48.8
36 66 30.41
36 67 25.06
36 68 39.41
36 69 77.88
36 70 31.89
36 71 65.0
36 72 9.85
36 73 44.05
36 74 54.2
36 75 73.93
36 76 83.05
36 77 56.92
36 78 69.07
36 79 47.41
36 80 61.29
36 81 60.03
36 82 40.8
36 83 36.25
36 84 89.83
36 85 74.25
36 86 56.86
36 87 58.69
36 88 69.38
36 89 27.89
36 90 62.97
36 91 53.24
36 92 25.06
36 93 59.51
36 94 31.24
36 95 50.49
36 96 44.55
36 97 87.82
36 98 80.31
36 99 29.73
36 100 53.54
36 101 57.31
36 102 77.32
36 103 55.17
36 104 64.5
36 105 25.32
36 106 46.14
36 107 31.83
36 108 23.77
36 109 60.3
36 110 36.8
36 111 69.03
36 112 72.9
36 113 82.8
36 114 52.5
36 115 77.99
36 116 32.8
36 117 38.6
36 118 63.16
36 119 59.54
36 120 72.92
36 121 70.6
36 122 9.43
36 123 72.62
36 124 69.89
36 125 66.71
36 126 60.61
36 127 63.6
36 128 56.73
36 129 40.26
36 130 71.56
36 131 76.03
36 132 26.87
36 133 23.35
36 134 62.01
36 135 70.66
36 136 17.09
36 137 66.53
36 138 53.24
36 139 45.61
36 140 78.24
36 141 53.26
36 142 23.43
36 143 54.41
36 144 28.23
36 145 61.22
36 146 37.16
36 147 35.13
36 148 44.69
36 149 62.13
36 150 71.11
36 151 80.62
36 152 59.03
36 153 49.74
36 154 60.84
36 155 33.84
36 156 47.93
36 157 63.66
36 158 58.18
36 159 42.19
36 160 30.68
36 161 49.04
36 162 33.24
36 163 63.32
36 164 72.25
36 165 40.31
36 166 67.6
36 167 52.35
36 168 61.33
36 169 81.47
36 170 41.3
36 171 19.7
36 172 77.49
36 173 26.63
36 174 69.31
36 175 34.71
36 176 56.61
36 177 55.33
36 178 32.25
36 179 26.25
36 180 90.7
36 181 78.45
36 182 59.48
36 183 49.58
36 184 35.23
36 185 101.24
36 186 35.78
36 187 47.54
36 188 15.81
36 189 56.32
36 190 63.51
36 191 69.07
36 192 82.04
36 193 76.06
36 194 68.88
36 195 47.43
36 196 18.6
36 197 45.61
36 198 70.94
36 199 66.64
36 200 40.31
36 201 22.02
37 0 68.68
37 1 21.95
37 2 137.41
37 3 99.54
37 4 94.05
37 5 147.09
37 6 123.41
37 7 49.09
37 8 48.51
37 9 101.83
37 10 92.27
37 11 92.2
37 12 84.38
37 13 85.21
37 14 112.43
37 15 95.02
37 16 74.32
37 17 42.54
37 18 10.3
37 19 105.55
37 20 158.39
37 21 79.71
37 22 51.09
37 23 94.2
37 24 72.62
37 25 146.35
37 26 8.06
37 27 9.22
37 28 76.49
37 29 133.69
37 30 59.51
37 31 80.08
37 32 72.44
37 33 88.02
37 34 25.96
37 35 89.01
37 36 84.4
37 38 41.3
37 39 37.7
37 40 45.88
37 41 76.22
37 42 116.47
37 43 58.01
37 44 121.82
37 45 83.29
37 46 42.2
37 47 115.43
37 48 143.68
37 49 54.45
37 50 80.62
37 51 75.27
37 52 60.81
37 53 13.93
37 54 109.02
37 55 9.06
37 56 25.81
37 57 17.89
37 58 57.69
37 59 94.09
37 60 56.46
37 61 70.49
37 62 97.45
37 63 64.66
37 64 26.17
37 65 91.55
37 66 58.9
37 67 84.76
37 68 45.0
37 69 67.48
37 70 52.7
37 71 147.83
37 72 76.01
37 73 70.26
37 74 101.24
37 75 79.0
37 76 49.34
37 77 86.09
37 78 47.01
37 79 102.86
37 80 142.21
37 81 98.02
37 82 47.8
37 83 117.38
37 84 12.37
37 85 18.03
37 86 91.02
37 87 64.94
37 88 32.02
37 89 98.23
37 90 147.12
37 91 134.38
37 92 59.67
37 93 93.09
37 94 54.59
37 95 75.0
37 96 101.79
37 97 64.85
37 98 44.64
37 99 54.92
37 100 97.13
37 101 138.62
37 102 43.93
37 103 106.47
37 104 36.5
37 105 62.97
37 106 127.99
37 107 84.91
37 108 65.31
37 109 74.67
37 110 120.74
37 111 15.65
37 112 102.11
37 113 24.08
37 114 32.25
37 115 9.06
37 116 89.89
37 117 49.82
37 118 93.34
37 119 42.95
37 120 100.28
37 121 13.89
37 122 81.39
37 123 12.08
37 124 14.87
37 125 84.34
37 126 145.0
37 127 146.41
37 128 141.03
37 129 59.03
37 130 107.47
37 131 26.83
37 132 92.36
37 133 69.46
37 134 51.35
37 135 18.68
37 136 76.42
37 137 23.02
37 138 137.3
37 139 106.3
37 140 7.07
37 141 102.4
37 142 86.21
37 143 138.81
37 144 112.06
37 145 144.36
37 146 118.09
37 147 107.0
37 148 128.32
37 149 65.12
37 150 54.08
37 151 61.19
37 152 66.61
37 153 93.26
37 154 77.1
37 155 99.86
37 156 106.0
37 157 22.8
37 158 139.34
37 159 124.48
37 160 55.87
37 161 127.02
37 162 51.97
37 163 67.36
37 164 20.4
37 165 53.0
37 166 41.01
37 167 46.82
37 168 75.95
37 169 17.8
37 170 52.48
37 171 65.3
37 172 76.16
37 173 59.94
37 174 20.0
37 175 103.81
37 176 27.8
37 177 57.49
37 178 58.41
37 179 96.05
37 180 7.07
37 181 73.33
37 182 85.29
37 183 93.78
37 184 118.26
37 185 17.72
37 186 117.39
37 187 50.36
37 188 80.66
37 189 116.28
37 190 143.75
37 191 53.01
37 192 14.21
37 193 159.18
37 194 149.4
37 195 108.78
37 196 80.81
37 197 123.43
37 198 22.36
37 199 116.71
37 200 72.92
37 201 68.68
38 0 42.2
38 1 22.8
38 2 113.3
38 3 60.75
38 4 60.8
38 5 117.66
38 6 99.02
38 7 22.0
38 8 13.89
38 9 69.89
38 10 93.41
38 11 59.91
38 12 85.62
38 13 87.32
38 14 84.08
38 15 59.41
38 16 63.95
38 17 16.49
38 18 46.17
38 19 75.29
38 20 128.41
38 21 40.5
38 22 10.2
38 23 62.13
38 24 52.15
38 25 119.87
38 26 40.11
38 27 50.49
38 28 48.7
38 29 107.94
38 30 51.55
38 31 45.0
38 32 74.69
38 33 91.71
38 34 39.45
38 35 52.35
38 36 63.64
38 37 41.3
38 39 10.82
38 40 8.54
38 41 36.89
38 42 97.49
38 43 18.03
38 44 89.02
38 45 91.59
38 46 33.12
38 47 79.91
38 48 115.49
38 49 34.13
38 50 81.15
38 51 36.06
38 52 38.05
38 53 54.92
38 54 76.61
38 55 32.25
38 56 61.74
38 57 50.22
38 58 27.89
38 59 96.38
38 60 50.7
38 61 55.15
38 62 73.76
38 63 45.0
38 64 48.75
38 65 52.7
38 66 33.24
38 67 76.12
38 68 34.01
38 69 29.07
38 70 40.8
38 71 118.85
38 72 59.0
38 73 73.82
38 74 101.84
38 75 38.33
38 76 20.88
38 77 92.66
38 78 8.49
38 79 65.44
38 80 111.5
38 81 102.46
38 82 24.19
38 83 88.59
38 84 53.04
38 85 23.35
38 86 96.15
38 87 23.77
38 88 9.85
38 89 66.57
38 90 120.77
38 91 104.31
38 92 41.11
38 93 98.84
38 94 45.54
38 95 81.12
38 96 97.51
38 97 31.89
38 98 17.12
38 99 42.45
38 100 98.79
38 101 108.45
38 102 14.14
38 103 105.65
38 104 56.3
38 105 38.33
38 106 98.98
38 107 50.61
38 108 55.54
38 109 85.8
38 110 95.08
38 111 35.17
38 112 111.14
38 113 58.46
38 114 33.97
38 115 42.19
38 116 55.44
38 117 26.08
38 118 100.72
38 119 4.12
38 120 109.93
38 121 34.71
38 122 56.75
38 123 36.5
38 124 30.41
38 125 96.02
38 126 120.15
38 127 117.48
38 128 115.55
38 129 60.9
38 130 114.04
38 131 56.3
38 132 82.61
38 133 60.64
38 134 10.05
38 135 23.0
38 136 49.34
38 137 43.86
38 138 115.13
38 139 100.81
38 140 40.05
38 141 102.14
38 142 55.07
38 143 114.59
38 144 91.22
38 145 115.97
38 146 89.07
38 147 74.4
38 148 101.55
38 149 79.31
38 150 15.26
38 151 25.5
38 152 78.87
38 153 94.34
38 154 35.9
38 155 66.22
38 156 68.88
38 157 38.91
38 158 109.0
38 159 96.18
38 160 34.01
38 161 95.21
38 162 42.72
38 163 26.08
38 164 47.43
38 165 23.35
38 166 4.0
38 167 11.4
38 168 34.71
38 169 52.77
38 170 22.36
38 171 45.01
38 172 36.4
38 173 49.73
38 174 43.66
38 175 70.6
38 176 29.41
38 177 17.0
38 178 31.4
38 179 64.66
38 180 43.68
38 181 34.18
38 182 93.3
38 183 54.92
38 184 91.29
38 185 50.99
38 186 89.01
38 187 57.01
38 188 53.14
38 189 78.6
38 190 112.41
38 191 13.42
38 192 50.36
38 193 130.17
38 194 118.0
38 195 72.25
38 196 52.0
38 197 91.84
38 198 48.1
38 199 76.92
38 200 36.07
38 201 42.2
39 0 35.78
39 1 16.28
39 2 107.35
39 3 61.85
39 4 58.0
39 5 113.6
39 6 93.04
39 7 14.32
39 8 24.7
39 9 66.53
39 10 82.87
39 11 56.59
39 12 75.03
39 13 76.69
39 14 79.32
39 15 58.01
39 16 54.23
39 17 7.28
39 18 40.31
39 19 71.22
39 20 124.63
39 21 42.06
39 22 19.42
39 23 58.73
39 24 44.15
39 25 114.74
39 26 34.53
39 27 46.82
39 28 43.05
39 29 102.47
39 30 41.23
39 31 55.32
39 32 63.98
39 33 81.02
39 34 30.08
39 35 51.62
39 36 56.04
39 37 37.7
39 38 10.82
39 40 9.06
39 41 38.6
39 42 89.99
39 43 27.46
39 44 86.27
39 45 80.78
39 46 22.36
39 47 78.6
39 48 110.94
39 49 25.18
39 50 70.58
39 51 37.64
39 52 30.08
39 53 51.62
39 54 73.55
39 55 29.07
39 56 61.03
39 57 43.05
39 58 22.2
39 59 85.8
39 60 40.16
39 61 46.04
39 62 67.23
39 63 36.5
39 64 39.85
39 65 53.85
39 66 26.0
39 67 66.37
39 68 23.41
39 69 38.83
39 70 30.59
39 71 114.62
39 72 50.36
39 73 63.06
39 74 91.39
39 75 46.17
39 76 31.38
39 77 81.88
39 78 19.21
39 79 65.37
39 80 107.94
39 81 91.79
39 82 15.3
39 83 84.05
39 84 48.27
39 85 21.4
39 86 85.43
39 87 29.15
39 88 13.34
39 89 63.03
39 90 115.6
39 91 100.42
39 92 32.14
39 93 88.1
39 94 35.17
39 95 70.33
39 96 87.48
39 97 42.64
39 98 27.2
39 99 32.39
39 100 88.26
39 101 104.64
39 102 24.35
39 103 95.34
39 104 46.53
39 105 31.02
39 106 94.63
39 107 48.27
39 108 45.54
39 109 75.0
39 110 89.47
39 111 28.0
39 112 100.34
39 113 51.16
39 114 23.6
39 115 36.35
39 116 53.26
39 117 17.46
39 118 89.94
39 119 8.6
39 120 99.13
39 121 28.07
39 122 50.16
39 123 30.15
39 124 24.33
39 125 85.21
39 126 114.49
39 127 113.23
39 128 110.06
39 129 50.12
39 130 103.32
39 131 48.05
39 132 73.11
39 133 50.64
39 134 17.89
39 135 19.24
39 136 43.42
39 137 35.17
39 138 108.63
39 139 90.93
39 140 34.71
39 141 91.76
39 142 51.09
39 143 108.69
39 144 84.12
39 145 111.5
39 146 84.63
39 147 71.42
39 148 96.38
39 149 68.62
39 150 25.5
39 151 36.07
39 152 68.12
39 153 83.82
39 154 41.01
39 155 63.7
39 156 68.6
39 157 30.08
39 158 105.26
39 159 91.53
39 160 25.5
39 161 92.02
39 162 32.28
39 163 32.76
39 164 39.46
39 165 17.2
39 166 14.32
39 167 9.22
39 168 40.05
39 169 46.0
39 170 16.4
39 171 36.67
39 172 45.19
39 173 39.62
39 174 35.51
39 175 67.9
39 176 19.7
39 177 21.02
39 178 24.6
39 179 60.96
39 180 41.68
39 181 43.42
39 182 82.49
39 183 56.08
39 184 86.09
39 185 50.61
39 186 84.31
39 187 46.23
39 188 47.51
39 189 78.77
39 190 109.12
39 191 23.43
39 192 44.1
39 193 126.02
39 194 114.77
39 195 71.56
39 196 46.87
39 197 88.53
39 198 39.81
39 199 79.06
39 200 35.36
39 201 35.78
40 0 33.73
40 1 25.08
40 2 104.75
40 3 54.12
40 4 52.63
40 5 109.29
40 6 90.48
40 7 14.32
40 8 20.4
40 9 61.61
40 10 87.24
40 11 51.61
40 12 79.61
40 13 81.41
40 14 75.59
40 15 51.66
40 16 56.75
40 17 10.63
40 18 49.16
40 19 66.89
40 20 120.1
40 21 34.01
40 22 12.21
40 23 53.82
40 24 44.01
40 25 111.36
40 26 43.29
40 27 55.08
40 28 40.16
40 29 99.4
40 30 45.19
40 31 48.1
40 32 69.12
40 33 85.96
40 34 38.9
40 35 44.82
40 36 55.33
40 37 45.88
40 38 8.54
40 39 9.06
40 41 30.46
40 42 89.11
40 43 19.8
40 44 80.92
40 45 86.61
40 46 28.32
40 47 72.25
40 48 107.04
40 49 26.68
40 50 75.13
40 51 29.55
40 52 30.02
40 53 59.77
40 54 68.41
40 55 37.0
40 56 68.1
40 57 52.09
40 58 19.42
40 59 90.34
40 60 44.78
40 61 47.52
40 62 65.25
40 63 37.12
40 64 48.76
40 65 46.07
40 66 25.02
40 67 68.88
40 68 28.6
40 69 31.14
40 70 34.44
40 71 110.45
40 72 51.09
40 73 68.51
40 74 95.46
40 75 37.34
40 76 28.16
40 77 87.37
40 78 14.32
40 79 58.25
40 80 103.23
40 81 96.65
40 82 17.09
40 83 80.13
40 84 56.89
40 85 28.64
40 86 90.55
40 87 20.1
40 88 16.97
40 89 58.25
40 90 112.26
40 91 95.96
40 92 33.54
40 93 93.3
40 94 39.36
40 95 76.03
40 96 90.52
40 97 36.72
40 98 25.02
40 99 35.85
40 100 92.61
40 101 100.12
40 102 22.02
40 103 99.02
40 104 55.04
40 105 30.07
40 106 90.55
40 107 42.52
40 108 48.7
40 109 81.47
40 110 86.54
40 111 37.01
40 112 105.95
40 113 60.21
40 114 31.76
40 115 45.18
40 116 47.42
40 117 18.68
40 118 95.41
40 119 4.47
40 120 104.86
40 121 37.01
40 122 48.27
40 123 39.05
40 124 33.14
40 125 91.55
40 126 111.62
40 127 109.08
40 128 107.02
40 129 55.8
40 130 108.41
40 131 57.07
40 132 75.13
40 133 53.76
40 134 9.9
40 135 27.2
40 136 40.8
40 137 44.15
40 138 106.61
40 139 93.62
40 140 43.42
40 141 95.63
40 142 46.65
40 143 106.04
40 144 82.76
40 145 107.54
40 146 80.62
40 147 66.22
40 148 93.04
40 149 75.74
40 150 18.87
40 151 29.68
40 152 74.95
40 153 88.14
40 154 32.0
40 155 58.14
40 156 61.61
40 157 39.05
40 158 100.69
40 159 87.71
40 160 26.31
40 161 87.01
40 162 36.72
40 163 23.77
40 164 48.51
40 165 15.03
40 166 12.37
40 167 3.0
40 168 31.02
40 169 55.01
40 170 14.04
40 171 37.05
40 172 36.72
40 173 43.08
40 174 44.55
40 175 62.48
40 176 28.46
40 177 12.0
40 178 23.09
40 179 56.3
40 180 49.24
40 181 35.23
40 182 88.23
40 183 48.3
40 184 82.76
40 185 57.45
40 186 80.53
40 187 53.04
40 188 44.6
40 189 71.56
40 190 104.2
40 191 16.64
40 192 53.04
40 193 121.79
40 194 109.81
40 195 64.82
40 196 43.46
40 197 83.6
40 198 48.84
40 199 70.94
40 200 28.43
40 201 33.73
41 0 29.7
41 1 54.82
41 2 86.47
41 3 23.85
41 4 29.43
41 5 85.8
41 6 73.06
41 7 31.06
41 8 40.0
41 9 38.83
41 10 93.35
41 11 30.07
41 12 87.05
41 13 89.2
41 14 55.44
41 15 25.08
41 16 60.11
41 17 35.23
41 18 78.64
41 19 45.54
41 20 95.75
41 21 3.61
41 22 30.41
41 23 32.14
41 24 41.87
41 25 90.47
41 26 73.01
41 27 85.38
41 28 30.02
41 29 79.91
41 30 55.23
41 31 47.27
41 32 79.4
41 33 94.18
41 34 65.0
41 35 17.46
41 36 48.3
41 37 76.22
41 38 36.89
41 39 38.6
41 40 30.46
41 42 77.28
41 43 29.53
41 44 55.46
41 45 98.01
41 46 47.85
41 47 44.41
41 48 84.77
41 49 36.77
41 50 82.88
41 51 1.0
41 52 34.13
41 53 90.14
41 54 44.27
41 55 67.42
41 56 98.41
41 57 80.5
41 58 25.0
41 59 96.88
41 60 56.82
41 61 49.5
41 62 52.17
41 63 39.82
41 64 75.01
41 65 15.81
41 66 29.97
41 67 70.43
41 68 46.32
41 69 33.38
41 70 47.01
41 71 87.32
41 72 49.82
41 73 79.88
41 74 100.0
41 75 25.96
41 76 47.17
41 77 97.45
41 78 36.07
41 79 29.0
41 80 78.79
41 81 103.95
41 82 34.23
41 83 59.03
41 84 86.83
41 85 59.09
41 86 99.16
41 87 16.12
41 88 46.65
41 89 36.35
41 90 91.44
41 91 72.45
41 92 39.96
41 93 101.98
41 94 51.43
41 95 87.66
41 96 91.84
41 97 45.12
41 98 47.01
41 99 46.96
41 100 98.35
41 101 76.32
41 102 44.69
41 103 102.0
41 104 78.77
41 105 31.62
41 106 68.41
41 107 20.0
41 108 55.61
41 109 95.52
41 110 68.18
41 111 65.92
41 112 115.52
41 113 88.28
41 114 56.08
41 115 74.73
41 116 23.35
41 117 33.54
41 118 105.0
41 119 34.0
41 120 114.98
41 121 66.29
41 122 38.91
41 123 68.45
41 124 62.82
41 125 104.56
41 126 92.23
41 127 86.03
41 128 87.3
41 129 69.35
41 130 115.97
41 131 84.01
41 132 74.33
41 133 59.55
41 134 28.32
41 135 57.58
41 136 31.38
41 137 71.03
41 138 90.05
41 139 93.49
41 140 73.25
41 141 99.49
41 142 28.28
41 143 87.57
41 144 69.87
41 145 85.07
41 146 59.23
41 147 42.06
41 148 72.99
41 149 92.61
41 150 33.29
41 151 38.9
41 152 90.79
41 153 94.07
41 154 12.65
41 155 33.53
41 156 32.56
41 157 66.07
41 158 76.69
41 159 66.49
41 160 34.93
41 161 62.24
41 162 50.16
41 163 18.68
41 164 76.16
41 165 27.17
41 166 39.2
41 167 29.41
41 168 13.34
41 169 83.73
41 170 27.07
41 171 39.05
41 172 30.27
41 173 52.15
41 174 72.17
41 175 37.95
41 176 55.08
41 177 20.0
41 178 28.23
41 179 35.13
41 180 79.71
41 181 32.02
41 182 99.2
41 183 18.03
41 184 63.39
41 185 87.71
41 186 59.84
41 187 70.58
41 188 32.7
41 189 41.87
41 190 79.16
41 191 32.2
41 192 82.2
41 193 98.23
41 194 84.53
41 195 36.24
41 196 30.08
41 197 59.24
41 198 76.06
41 199 40.5
41 200 8.49
41 201 29.7
42 0 55.44
42 1 98.09
42 2 25.08
42 3 71.59
42 4 50.7
42 5 45.18
42 6 17.26
42 7 75.93
42 8 108.46
42 9 43.91
42 10 51.79
42 11 48.7
42 12 52.81
42 13 54.41
42 14 29.7
42 15 58.18
42 16 43.28
42 17 82.71
42 18 111.5
42 19 37.44
42 20 55.11
42 21 75.93
42 22 98.25
42 23 47.17
42 24 45.88
42 25 37.0
42 26 109.08
42 27 122.87
42 28 50.01
42 29 26.17
42 30 57.43
42 31 124.46
42 32 57.8
42 33 57.49
42 34 91.53
42 35 63.57
42 36 33.96
42 37 116.47
42 38 97.49
42 39 89.99
42 40 89.11
42 41 77.28
42 43 102.0
42 44 46.04
42 45 67.45
42 46 74.69
42 47 56.57
42 48 39.32
42 49 65.15
42 50 52.39
42 51 77.1
42 52 59.91
42 53 127.58
42 54 44.05
42 55 111.36
42 56 142.17
42 57 107.62
42 58 69.72
42 59 54.45
42 60 60.8
42 61 46.07
42 62 25.18
42 63 53.76
42 64 96.67
42 65 72.24
42 66 64.33
42 67 36.62
42 68 72.01
42 69 109.37
42 70 63.95
42 71 44.41
42 72 40.72
42 73 60.54
42 74 51.0
42 75 103.16
42 76 116.52
42 77 63.79
42 78 102.59
42 79 64.66
42 80 46.17
42 81 60.07
42 82 74.73
42 83 30.81
42 84 120.43
42 85 107.7
42 86 60.83
42 87 90.2
42 88 103.32
42 89 44.28
42 90 37.34
42 91 39.81
42 92 58.52
42 93 62.51
42 94 61.91
42 95 63.56
42 96 39.01
42 97 120.07
42 98 113.99
42 99 61.72
42 100 53.15
42 101 42.3
42 102 111.02
42 103 48.26
42 104 91.22
42 105 59.23
42 106 33.53
42 107 57.72
42 108 51.61
42 109 73.16
42 110 20.62
42 111 100.85
42 112 73.0
42 113 111.2
42 114 84.22
42 115 109.29
42 116 55.97
42 117 72.53
42 118 66.48
42 119 93.38
42 120 74.03
42 121 102.58
42 122 41.11
42 123 104.45
42 124 102.42
42 125 75.19
42 126 32.65
42 127 43.29
42 128 30.68
42 129 63.7
42 130 68.26
42 131 104.06
42 132 30.41
42 133 48.27
42 134 95.26
42 135 104.0
42 136 49.04
42 137 96.61
42 138 22.02
42 139 36.12
42 140 109.93
42 141 49.01
42 142 49.03
42 143 26.4
42 144 7.62
42 145 40.31
42 146 31.62
42 147 45.0
42 148 26.31
42 149 79.18
42 150 104.08
42 151 113.02
42 152 75.59
42 153 51.62
42 154 89.82
42 155 50.12
42 156 63.25
42 157 94.58
42 158 43.29
42 159 30.08
42 160 64.56
42 161 43.38
42 162 64.5
42 163 94.43
42 164 102.0
42 165 74.15
42 166 101.43
42 167 86.15
42 168 90.61
42 169 111.04
42 170 75.13
42 171 53.45
42 172 107.52
42 173 56.6
42 174 99.62
42 175 47.71
42 176 89.01
42 177 88.02
42 178 66.1
42 179 44.38
42 180 123.07
42 181 109.04
42 182 66.94
42 183 72.09
42 184 24.7
42 185 133.76
42 186 29.41
42 187 72.84
42 188 46.01
42 189 67.21
42 190 49.25
42 191 102.12
42 192 112.2
42 193 53.16
42 194 53.01
42 195 60.61
42 196 48.09
42 197 41.68
42 198 100.42
42 199 80.92
42 200 70.46
42 201 55.44
43 0 47.52
43 1 40.8
43 2 114.34
43 3 51.74
43 4 58.19
43 5 115.16
43 6 100.45
43 7 32.76
43 8 11.66
43 9 67.68
43 10 106.07
43 11 58.24
43 12 98.62
43 13 100.5
43 14 83.68
43 15 54.56
43 16 74.46
43 17 30.41
43 18 63.79
43 19 74.04
43 20 125.24
43 21 32.76
43 22 8.06
43 23 60.44
43 24 59.44
43 25 119.25
43 26 57.71
43 27 67.01
43 28 52.01
43 29 108.17
43 30 64.14
43 31 28.32
43 32 88.48
43 33 105.15
43 34 57.25
43 35 46.96
43 36 69.46
43 37 58.01
43 38 18.03
43 39 27.46
43 40 19.8
43 41 29.53
43 42 102.0
43 44 84.97
43 45 106.21
43 46 48.1
43 47 73.78
43 48 113.89
43 49 44.72
43 50 94.15
43 51 29.07
43 52 46.49
43 53 71.11
43 54 73.54
43 55 49.04
43 56 75.69
43 57 68.15
43 58 34.48
43 59 109.27
43 60 64.07
43 61 64.51
43 62 77.06
43 63 53.76
43 64 66.71
43 65 44.2
43 66 41.11
43 67 86.38
43 68 48.27
43 69 11.4
43 70 53.54
43 71 116.62
43 72 67.19
43 73 88.01
43 74 114.04
43 75 21.02
43 76 17.8
43 77 106.83
43 78 11.0
43 79 58.01
43 80 108.26
43 81 115.76
43 82 36.06
43 83 87.64
43 84 70.11
43 85 40.05
43 86 109.84
43 87 13.42
43 88 26.08
43 89 64.85
43 90 120.21
43 91 101.77
43 92 51.08
43 93 112.61
43 94 58.52
43 95 95.6
43 96 108.27
43 97 18.44
43 98 18.6
43 99 54.71
43 100 111.41
43 101 105.7
43 102 17.0
43 103 117.27
43 104 73.93
43 105 45.61
43 106 97.41
43 107 48.08
43 108 67.08
43 109 101.24
43 110 95.9
43 111 53.16
43 112 125.43
43 113 76.4
43 114 51.04
43 115 59.84
43 116 52.2
43 117 37.22
43 118 114.86
43 119 18.87
43 120 124.4
43 121 52.63
43 122 61.07
43 123 54.34
43 124 48.27
43 125 111.29
43 126 120.54
43 127 115.32
43 128 115.69
43 129 75.43
43 130 127.62
43 131 74.33
43 132 92.05
43 133 72.01
43 134 9.9
43 135 40.45
43 136 53.04
43 137 61.85
43 138 117.24
43 139 111.0
43 140 57.56
43 141 114.06
43 142 54.92
43 143 115.52
43 144 95.05
43 145 114.23
43 146 87.93
43 147 71.31
43 148 101.39
43 149 95.52
43 150 4.47
43 151 11.18
43 152 94.75
43 153 106.94
43 154 22.8
43 155 62.77
43 156 61.61
43 157 56.86
43 158 106.1
43 159 95.21
43 160 43.86
43 161 91.71
43 162 56.04
43 163 12.04
43 164 65.46
43 165 31.78
43 166 17.12
43 167 22.02
43 168 21.4
43 169 70.61
43 170 30.87
43 171 53.45
43 172 18.44
43 173 61.77
43 174 61.68
43 175 67.23
43 176 47.01
43 177 14.14
43 178 38.9
43 179 63.32
43 180 59.3
43 181 16.16
43 182 107.8
43 183 46.23
43 184 91.44
43 185 65.0
43 186 88.32
43 187 72.84
43 188 56.01
43 189 70.18
43 190 108.67
43 191 5.0
43 192 68.07
43 193 127.63
43 194 114.06
43 195 65.46
43 196 54.08
43 197 88.64
43 198 66.13
43 199 65.6
43 200 32.98
43 201 47.52
44 0 53.54
44 1 100.12
44 2 39.0
44 3 37.22
44 4 28.32
44 5 30.81
44 6 31.14
44 7 73.0
44 8 95.02
44 9 20.0
44 10 90.61
44 11 29.73
44 12 88.46
44 13 90.55
44 14 17.72
44 15 30.41
44 16 66.37
44 17 79.98
44 18 120.65
44 19 17.72
44 20 40.31
44 21 52.39
44 22 84.91
44 23 27.66
44 24 54.08
44 25 38.12
44 26 116.25
44 27 130.21
44 28 45.79
44 29 31.38
44 30 74.04
44 31 98.84
44 32 88.05
44 33 94.89
44 34 102.08
44 35 38.01
44 36 46.53
44 37 121.82
44 38 89.02
44 39 86.27
44 40 80.92
44 41 55.46
44 42 46.04
44 43 84.97
44 45 103.31
44 46 81.99
44 47 14.14
44 48 31.02
44 49 68.26
44 50 86.15
44 51 55.9
44 52 61.91
44 53 135.21
44 54 12.81
44 55 114.21
44 56 146.75
44 57 119.57
44 58 64.44
44 59 93.94
44 60 77.49
44 61 60.88
44 62 35.01
44 63 60.42
44 64 110.46
44 65 42.45
44 66 63.01
44 67 68.18
44 68 79.26
44 69 87.92
44 70 73.82
44 71 32.56
44 72 56.09
44 73 90.14
44 74 92.72
44 75 76.9
44 76 102.47
44 77 100.6
44 78 90.43
44 79 29.27
44 80 23.41
44 81 100.66
44 82 74.03
44 83 15.26
44 84 129.8
44 85 107.52
44 86 99.3
44 87 71.55
44 88 97.84
44 89 23.6
44 90 39.12
44 91 18.03
44 92 64.85
44 93 101.61
44 94 75.03
44 95 96.0
44 96 80.96
44 97 99.96
44 98 101.87
44 99 72.09
44 100 93.62
44 101 21.38
44 102 99.32
44 103 91.42
44 104 109.2
44 105 59.36
44 106 17.09
44 107 38.42
44 108 69.86
44 109 106.0
44 110 26.17
44 111 107.9
44 112 114.0
44 113 125.67
44 114 92.78
44 115 117.32
44 116 33.6
44 117 72.01
44 118 105.55
44 119 85.28
44 120 114.54
44 121 109.04
44 122 43.66
44 123 111.25
44 124 107.0
44 125 111.29
44 126 41.98
44 127 31.4
44 128 37.11
44 129 86.68
44 130 110.72
44 131 119.44
44 132 66.1
44 133 69.87
44 134 82.38
44 135 104.8
44 136 46.14
44 137 108.3
44 138 45.18
44 139 79.48
44 140 116.83
44 141 91.09
44 142 35.61
44 143 39.56
44 144 39.82
44 145 31.06
44 146 14.42
44 147 14.87
44 148 25.06
44 149 108.56
44 150 88.59
44 151 94.15
44 152 105.39
44 153 90.8
44 154 65.15
44 155 22.8
44 156 26.08
44 157 104.45
44 158 21.59
44 159 18.03
44 160 66.57
44 161 7.07
44 162 76.16
44 163 73.93
44 164 114.13
44 165 69.35
44 166 92.2
44 167 78.64
44 168 66.41
44 169 123.17
44 170 70.04
44 171 59.51
44 172 82.46
44 173 71.47
44 174 110.64
44 175 18.44
44 176 95.13
44 177 73.78
44 178 63.41
44 179 25.81
44 180 127.02
44 181 85.16
44 182 103.48
44 183 41.0
44 184 21.4
44 185 136.62
44 186 16.64
44 187 93.41
44 188 42.06
44 189 24.35
44 190 23.71
44 191 87.32
44 192 122.97
44 193 43.01
44 194 29.15
44 195 22.02
44 196 41.34
44 197 5.39
44 198 113.18
44 199 38.63
44 200 53.25
44 201 53.54
45 0 68.8
45 1 76.55
45 2 92.35
45 3 108.75
45 4 88.87
45 5 112.18
45 6 83.36
45 7 73.76
45 8 105.48
45 9 89.27
45 10 16.64
45 11 85.7
45 12 15.03
45 13 13.15
45 14 86.05
45 15 95.63
45 16 39.92
45 17 76.03
45 18 74.03
45 19 86.98
45 20 122.48
45 21 99.3
45 22 98.81
45 23 86.02
45 24 58.14
45 25 104.4
45 26 75.43
45 27 85.02
45 28 71.55
45 29 93.39
45 30 43.19
45 31 134.47
45 32 18.6
45 33 10.3
45 34 59.67
45 35 95.71
45 36 58.94
45 37 83.29
45 38 91.59
45 39 80.78
45 40 86.61
45 41 98.01
45 42 67.45
45 43 106.21
45 44 103.31
45 46 58.52
45 47 107.28
45 48 106.51
45 49 62.94
45 50 17.26
45 51 97.2
45 52 64.03
45 53 88.2
45 54 94.37
45 55 83.55
45 56 104.31
45 57 67.01
45 58 75.01
45 59 15.56
45 60 42.45
45 61 49.65
45 62 68.36
45 63 58.25
45 64 57.14
45 65 104.24
45 66 68.77
45 67 35.13
45 68 58.01
45 69 117.29
45 70 53.08
45 71 111.61
45 72 51.62
45 73 18.38
45 74 22.8
45 75 119.52
45 76 111.89
45 77 4.24
45 78 99.86
45 79 105.69
45 80 111.88
45 81 15.81
45 82 70.29
45 83 90.0
45 84 80.16
45 85 85.73
45 86 9.43
45 87 101.12
45 88 90.8
45 89 86.83
45 90 104.69
45 91 104.48
45 92 58.26
45 93 10.44
45 94 48.1
45 95 10.63
45 96 31.06
45 97 123.15
45 98 107.35
45 99 52.33
45 100 18.44
45 101 107.79
45 102 104.71
45 103 28.6
45 104 47.01
45 105 66.4
45 106 97.33
45 107 87.66
45 108 42.44
45 109 9.49
45 110 84.59
45 111 70.41
45 112 19.7
45 113 65.62
45 114 59.62
45 115 74.24
45 116 90.08
45 117 69.43
45 118 10.05
45 119 88.75
45 120 18.36
45 121 72.37
45 122 66.13
45 123 72.99
45 124 75.19
45 125 8.0
45 126 99.62
45 127 110.42
45 128 98.08
45 129 30.81
45 130 24.19
45 131 59.21
45 132 38.21
45 133 38.95
45 134 96.4
45 135 81.91
45 136 70.21
45 137 60.53
45 138 88.02
45 139 35.81
45 140 76.42
45 141 24.84
45 142 80.78
45 143 93.61
45 144 68.88
45 145 107.49
45 146 91.0
45 147 93.74
45 148 92.07
45 149 19.65
45 150 105.44
45 151 116.25
45 152 17.12
45 153 17.2
45 154 108.58
45 155 92.72
45 156 106.57
45 157 62.37
45 158 108.78
45 159 93.26
45 160 64.38
45 161 104.0
45 162 50.33
45 163 106.08
45 164 63.07
45 165 75.69
45 166 95.02
45 167 84.2
45 168 108.47
45 169 69.12
45 170 76.42
45 171 59.08
45 172 120.97
45 173 46.1
45 174 63.39
45 175 93.62
45 176 65.55
45 177 94.18
45 178 70.84
45 179 85.16
45 180 90.2
45 181 120.42
45 182 2.0
45 183 105.55
45 184 86.15
45 185 100.02
45 186 89.01
45 187 35.47
45 188 71.69
45 189 115.25
45 190 114.74
45 191 103.23
45 192 72.03
45 193 120.6
45 194 119.22
45 195 106.32
45 196 74.32
45 197 101.04
45 198 61.07
45 199 125.0
45 200 89.63
45 201 68.8
46 0 28.64
46 1 23.77
46 2 95.21
46 3 67.12
46 4 55.71
46 5 105.48
46 6 81.22
46 7 17.46
46 8 47.01
46 9 62.18
46 10 60.73
46 11 53.31
46 12 52.81
46 13 54.42
46 14 70.94
46 15 58.69
46 16 34.37
46 17 17.69
46 18 39.05
46 19 64.9
46 20 116.85
46 21 50.49
46 22 40.46
46 23 55.04
46 24 30.48
46 25 104.24
46 26 35.38
46 27 49.52
46 28 36.24
46 29 91.55
46 30 20.0
46 31 76.42
46 32 41.63
46 33 58.69
46 34 20.12
46 35 54.45
46 36 42.2
46 37 42.2
46 38 33.12
46 39 22.36
46 40 28.32
46 41 47.85
46 42 74.69
46 43 48.1
46 44 81.99
46 45 58.52
46 47 77.83
46 48 101.82
46 49 13.93
46 50 48.38
46 51 46.87
46 52 20.12
46 53 54.45
46 54 69.35
46 55 36.67
46 56 68.01
46 57 37.59
46 58 23.09
46 59 63.57
46 60 18.25
46 61 28.64
46 62 55.32
46 63 22.63
46 64 29.12
46 65 60.0
46 66 20.4
46 67 46.1
46 68 2.83
46 69 59.4
46 70 10.77
46 71 106.1
46 72 34.0
46 73 40.71
46 74 69.38
46 75 63.81
46 76 53.71
46 77 59.54
46 78 41.34
46 79 68.07
46 80 101.04
46 81 69.46
46 82 13.93
46 83 75.93
46 84 48.27
46 85 33.73
46 86 63.07
46 87 45.28
46 88 33.73
46 89 58.59
46 90 105.0
46 91 93.09
46 92 17.69
46 93 65.74
46 94 14.04
46 95 48.02
46 96 66.27
46 97 64.64
46 98 49.4
46 99 13.0
46 100 66.1
46 101 97.31
46 102 46.62
46 103 73.55
46 104 31.06
46 105 22.85
46 106 86.45
46 107 48.27
46 108 25.18
46 109 53.15
46 110 78.64
46 111 26.91
46 112 78.03
46 113 44.01
46 114 10.82
46 115 36.07
46 116 52.89
46 117 14.32
46 118 67.6
46 119 30.23
46 120 76.85
46 121 28.43
46 122 39.7
46 123 30.48
46 124 27.78
46 125 63.25
46 126 102.8
46 127 104.69
46 128 98.86
46 129 27.78
46 130 80.96
46 131 38.33
46 132 53.34
46 133 30.07
46 134 38.21
46 135 29.83
46 136 35.85
46 137 26.4
46 138 95.19
46 139 70.06
46 140 36.12
46 141 69.86
46 142 47.01
46 143 96.61
46 144 69.97
46 145 102.53
46 146 76.69
46 147 67.54
46 148 86.31
46 149 47.63
46 150 47.01
46 151 57.8
46 152 46.69
46 153 61.68
46 154 55.15
46 155 61.47
46 156 70.61
46 157 22.47
46 158 98.08
46 159 82.81
46 160 15.81
46 161 86.53
46 162 11.05
46 163 49.93
46 164 32.2
46 165 20.88
46 166 36.67
46 167 26.17
46 168 54.63
46 169 41.18
46 170 21.19
46 171 23.35
46 172 64.2
46 173 19.24
46 174 28.65
46 175 64.88
46 176 14.42
46 177 37.44
46 178 21.1
46 179 56.36
46 180 48.55
46 181 63.13
46 182 60.21
46 183 62.01
46 184 76.37
46 185 59.17
46 186 75.82
46 187 24.84
46 188 39.96
46 189 81.02
46 190 102.8
46 191 44.82
46 192 41.05
46 193 117.39
46 194 108.41
46 195 72.53
46 196 40.71
46 197 82.93
46 198 31.38
46 199 85.15
46 200 41.11
46 201 28.64
47 0 49.34
47 1 93.49
47 2 52.81
47 3 23.77
47 4 22.14
47 5 44.28
47 6 43.57
47 7 66.37
47 8 84.4
47 9 18.11
47 10 96.14
47 11 24.74
47 12 92.89
47 13 95.08
47 14 26.87
47 15 20.62
47 16 68.36
47 17 72.95
47 18 115.38
47 19 21.02
47 20 52.89
47 21 41.05
47 22 74.65
47 23 23.35
47 24 53.15
47 25 52.24
47 26 110.54
47 27 124.17
47 28 42.2
47 29 45.22
47 30 73.33
47 31 85.62
47 32 90.67
47 33 99.72
47 34 97.86
47 35 27.59
47 36 48.51
47 37 115.43
47 38 79.91
47 39 78.6
47 40 72.25
47 41 44.41
47 42 56.57
47 43 73.78
47 44 14.14
47 45 107.28
47 46 77.83
47 48 45.01
47 49 63.91
47 50 90.03
47 51 45.0
47 52 57.87
47 53 129.14
47 54 13.42
47 55 107.34
47 56 139.62
47 57 115.16
47 58 57.8
47 59 99.62
47 60 76.53
47 61 61.01
47 62 39.92
47 63 58.05
47 64 106.89
47 65 29.97
47 66 57.78
47 67 72.53
47 68 75.27
47 69 75.64
47 70 71.06
47 71 46.17
47 72 57.08
47 73 92.44
47 74 99.4
47 75 63.89
47 76 91.53
47 77 105.02
47 78 80.28
47 79 16.16
47 80 36.5
47 81 106.63
47 82 68.0
47 83 26.63
47 84 124.35
47 85 100.0
47 86 104.4
47 87 60.46
47 88 89.2
47 89 21.0
47 90 53.24
47 91 32.02
47 92 61.85
47 93 106.9
47 94 73.16
47 95 98.99
47 96 88.1
47 97 87.73
47 98 91.4
47 99 69.63
47 100 99.72
47 101 35.06
47 102 89.02
47 103 98.84
47 104 106.96
47 105 55.03
47 106 31.05
47 107 30.53
47 108 70.03
47 109 108.78
47 110 38.28
47 111 102.42
47 112 119.87
47 113 121.84
47 114 88.39
47 115 111.83
47 116 25.55
47 117 66.19
47 118 110.72
47 119 76.42
47 120 120.17
47 121 103.35
47 122 43.01
47 123 105.59
47 124 100.85
47 125 115.12
47 126 56.09
47 127 45.1
47 128 51.2
47 129 87.05
47 130 117.39
47 131 116.06
47 132 71.87
47 133 71.06
47 134 72.35
47 135 97.65
47 136 42.95
47 137 104.18
47 138 58.69
47 139 87.32
47 140 111.02
47 141 97.99
47 142 31.05
47 143 53.45
47 144 49.58
47 145 45.0
47 146 26.08
47 147 13.6
47 148 38.63
47 149 110.04
47 150 77.67
47 151 82.3
47 152 107.12
47 153 96.46
47 154 52.8
47 155 16.49
47 156 12.65
47 157 99.92
47 158 35.13
47 159 31.38
47 160 62.03
47 161 21.02
47 162 73.76
47 163 62.27
47 164 109.93
47 165 62.43
47 166 82.76
47 167 70.29
47 168 54.13
47 169 118.7
47 170 62.97
47 171 57.07
47 172 69.57
47 173 70.46
47 174 106.23
47 175 14.0
47 176 89.9
47 177 63.78
47 178 57.7
47 179 23.02
47 180 120.1
47 181 72.45
47 182 107.71
47 183 28.23
47 184 33.02
47 185 129.2
47 186 28.02
47 187 92.66
47 188 39.46
47 189 10.82
47 190 36.14
47 191 76.61
47 192 118.11
47 193 56.09
47 194 41.11
47 195 8.54
47 196 37.85
47 197 19.42
47 198 109.2
47 199 25.06
47 200 43.86
47 201 49.34
48 0 75.6
48 1 122.92
48 2 16.76
48 3 68.18
48 4 55.71
48 5 6.08
48 6 23.41
48 7 96.83
48 8 123.17
48 9 46.24
48 10 91.08
48 11 55.95
48 12 91.68
48 13 93.39
48 14 31.62
48 15 59.91
48 16 77.03
48 17 104.04
48 18 140.76
48 19 40.25
48 20 16.16
48 21 82.01
48 22 112.81
48 23 53.71
48 24 71.45
48 25 8.06
48 26 137.19
48 27 151.33
48 28 68.01
48 29 13.15
48 30 88.81
48 31 129.55
48 32 95.27
48 33 96.69
48 34 121.08
48 35 67.45
48 36 60.44
48 37 143.68
48 38 115.49
48 39 110.94
48 40 107.04
48 41 84.77
48 42 39.32
48 43 113.89
48 44 31.02
48 45 106.51
48 46 101.82
48 47 45.01
48 49 89.27
48 50 90.8
48 51 85.07
48 52 82.98
48 53 156.27
48 54 40.52
48 55 137.0
48 56 169.33
48 57 138.29
48 58 88.75
48 59 93.77
48 60 92.42
48 61 75.6
48 62 46.86
48 63 79.2
48 64 128.06
48 65 72.99
48 66 85.6
48 67 73.74
48 68 98.99
48 69 117.88
48 70 92.02
48 71 5.1
48 72 70.0
48 73 97.86
48 74 90.14
48 75 107.52
48 76 130.92
48 77 102.96
48 78 118.11
48 79 60.21
48 80 11.4
48 81 99.32
48 82 97.01
48 83 26.93
48 84 149.97
48 85 131.4
48 86 100.13
48 87 100.57
48 88 123.49
48 89 49.24
48 90 8.94
48 91 13.0
48 92 84.15
48 93 101.83
48 94 91.68
48 95 101.83
48 96 78.23
48 97 129.81
48 98 129.77
48 99 89.94
48 100 92.44
48 101 10.44
48 102 127.05
48 103 87.0
48 104 124.54
48 105 81.06
48 106 16.55
48 107 65.92
48 108 83.49
48 109 111.68
48 110 23.85
48 111 128.7
48 112 112.11
48 113 143.22
48 114 112.45
48 115 137.89
48 116 61.68
48 117 94.81
48 118 105.8
48 119 111.51
48 120 113.22
48 121 130.14
48 122 62.29
48 123 132.25
48 124 128.89
48 125 114.34
48 126 14.14
48 127 4.0
48 128 11.18
48 129 98.49
48 130 107.0
48 131 136.4
48 132 68.68
48 133 81.63
48 134 110.07
48 135 128.23
48 136 67.8
48 137 126.91
48 138 23.77
48 139 75.03
48 140 137.9
48 141 88.09
48 142 60.42
48 143 16.16
48 144 37.95
48 145 1.0
48 146 26.42
48 147 42.72
48 148 15.81
48 149 116.81
48 150 117.18
48 151 123.66
48 152 113.3
48 153 90.93
48 154 95.34
48 155 51.24
48 156 57.08
48 157 123.84
48 158 10.77
48 159 19.42
48 160 87.97
48 161 24.0
48 162 93.61
48 163 103.45
48 164 132.65
48 165 93.74
48 166 119.0
48 167 104.45
48 168 96.54
48 169 141.87
48 170 94.58
48 171 78.49
48 172 112.97
48 173 87.01
48 174 129.63
48 175 46.84
48 176 116.0
48 177 101.64
48 178 86.61
48 179 50.99
48 180 149.58
48 181 115.52
48 182 106.1
48 183 71.7
48 184 25.46
48 185 159.79
48 186 26.63
48 187 106.85
48 188 63.6
48 189 54.45
48 190 14.14
48 191 115.69
48 192 142.34
48 193 15.62
48 194 15.23
48 195 53.04
48 196 64.07
48 197 26.17
48 198 131.37
48 199 68.25
48 200 81.15
48 201 75.6
49 0 14.76
49 1 33.84
49 2 83.86
49 3 54.01
49 4 41.79
49 5 92.63
49 6 69.64
49 7 12.37
49 8 47.07
49 9 48.37
49 10 61.4
49 11 39.4
49 12 54.08
49 13 56.04
49 14 57.98
49 15 44.91
49 16 30.08
49 17 18.03
49 18 52.43
49 19 51.4
49 20 103.95
49 21 38.9
49 22 38.28
49 23 41.15
49 24 19.31
49 25 92.2
49 26 48.27
49 27 62.37
49 28 22.47
49 29 79.63
49 30 19.85
49 31 72.4
49 32 44.6
49 33 60.8
49 34 34.01
49 35 41.05
49 36 31.38
49 37 54.45
49 38 34.13
49 39 25.18
49 40 26.68
49 41 36.77
49 42 65.15
49 43 44.72
49 44 68.26
49 45 62.94
49 46 13.93
49 47 63.91
49 48 89.27
49 50 49.65
49 51 35.85
49 52 6.4
49 53 67.36
49 54 55.57
49 55 47.8
49 56 80.06
49 57 51.43
49 58 12.21
49 59 64.66
49 60 20.62
49 61 21.02
49 62 43.57
49 63 11.4
49 64 43.01
49 65 47.27
49 66 7.07
49 67 42.2
49 68 11.4
49 69 55.23
49 70 10.3
49 71 93.38
49 72 25.18
49 73 44.55
49 74 69.32
49 75 56.59
49 76 54.74
49 77 63.03
49 78 41.0
49 79 54.45
49 80 87.86
49 81 71.28
49 82 10.0
49 83 62.94
49 84 61.61
49 85 42.94
49 86 65.6
49 87 38.21
49 88 38.47
49 89 44.78
49 90 93.01
49 91 79.98
49 92 7.0
49 93 68.41
49 94 15.0
49 95 52.35
49 96 63.89
49 97 62.77
49 98 51.24
49 99 10.63
49 100 66.73
49 101 84.22
49 102 48.26
49 103 72.62
49 104 44.1
49 105 8.94
49 106 73.54
49 107 34.53
49 108 22.36
49 109 59.41
49 110 66.61
49 111 39.82
49 112 81.57
49 113 57.94
49 114 24.6
49 115 49.2
49 116 39.05
49 117 8.06
49 118 70.94
49 119 30.27
49 120 80.72
49 121 41.11
49 122 27.02
49 123 43.28
49 124 39.62
49 125 68.88
49 126 91.27
49 127 91.97
49 128 87.09
49 129 33.02
49 130 83.23
49 131 52.2
49 132 48.51
49 133 27.31
49 134 35.47
49 135 39.45
49 136 22.2
49 137 40.31
49 138 84.53
49 139 66.94
49 140 48.92
49 141 69.35
49 142 33.11
49 143 85.23
49 144 59.62
49 145 89.94
49 146 63.66
49 147 53.71
49 148 74.03
49 149 55.9
49 150 44.94
49 151 55.54
49 152 54.2
49 153 62.27
49 154 46.04
49 155 47.54
49 156 56.89
49 157 36.24
49 158 84.96
49 159 70.04
49 160 2.0
49 161 73.01
49 162 13.42
49 163 43.19
49 164 46.1
49 165 13.04
49 166 38.12
49 167 23.77
49 168 45.8
49 169 55.01
49 170 13.89
49 171 11.7
49 172 58.14
49 173 17.2
49 174 42.49
49 175 50.99
49 176 27.02
49 177 31.62
49 178 8.54
49 179 42.54
49 180 60.31
49 181 57.8
49 182 64.35
49 183 49.16
49 184 63.89
49 185 70.6
49 186 62.94
49 187 33.84
49 188 26.4
49 189 67.27
49 190 89.5
49 191 42.72
49 192 54.71
49 193 104.74
49 194 95.13
49 195 58.69
49 196 26.93
49 197 69.4
49 198 45.31
49 199 72.0
49 200 29.12
49 201 14.76
50 0 53.26
50 1 69.58
50 2 77.47
50 3 92.13
50 4 71.87
50 5 96.3
50 6 67.45
50 7 61.4
50 8 94.94
50 9 72.03
50 10 12.37
50 11 68.71
50 12 4.47
50 13 6.4
50 14 69.0
50 15 78.79
50 16 23.32
50 17 64.88
50 18 72.57
50 19 69.72
50 20 106.9
50 21 83.87
50 22 87.24
50 23 68.95
50 24 41.88
50 25 89.32
50 26 72.56
50 27 84.17
50 28 55.23
50 29 77.79
50 30 30.02
50 31 122.04
50 32 8.25
50 33 11.31
50 34 55.08
50 35 79.26
50 36 41.76
50 37 80.62
50 38 81.15
50 39 70.58
50 40 75.13
50 41 82.88
50 42 52.39
50 43 94.15
50 44 86.15
50 45 17.26
50 46 48.38
50 47 90.03
50 48 90.8
50 49 49.65
50 51 82.13
50 52 49.58
50 53 88.06
50 54 77.1
50 55 79.01
50 56 104.05
50 57 66.48
50 58 61.22
50 59 15.23
50 60 30.46
50 61 33.6
50 62 51.16
50 63 43.14
50 64 55.54
50 65 87.98
50 66 54.67
50 67 18.0
50 68 47.17
50 69 104.85
50 70 40.71
50 71 95.88
50 72 34.89
50 73 10.77
50 74 21.21
50 75 105.65
50 76 101.95
50 77 15.23
50 78 89.05
50 79 88.77
50 80 95.52
50 81 21.63
50 82 58.18
50 83 73.06
50 84 80.08
50 85 79.4
50 86 16.28
50 87 87.62
50 88 82.01
50 89 69.64
50 90 89.69
50 91 87.97
50 92 44.05
50 93 19.1
50 94 35.78
50 95 11.18
50 96 21.93
50 97 111.83
50 98 97.74
50 99 39.45
50 100 17.72
50 101 91.41
50 102 94.92
50 103 26.0
50 104 46.82
50 105 51.62
50 106 80.75
50 107 71.2
50 108 27.66
50 109 20.88
50 110 68.25
50 111 66.07
50 112 32.65
50 113 67.23
50 114 52.35
50 115 71.85
50 116 73.35
50 117 56.94
50 118 22.2
50 119 77.88
50 120 32.2
50 121 68.07
50 122 49.24
50 123 69.18
50 124 70.01
50 125 25.18
50 126 85.0
50 127 94.64
50 128 83.01
50 129 22.02
50 130 33.6
50 131 60.17
50 132 22.14
50 133 23.35
50 134 84.6
50 135 75.43
50 136 53.85
50 137 57.71
50 138 73.82
50 139 26.83
50 140 73.55
50 141 22.02
50 142 63.98
50 143 78.79
50 144 52.89
50 145 91.76
50 146 74.06
50 147 76.49
50 148 75.93
50 149 27.2
50 150 93.94
50 151 104.71
50 152 23.6
50 153 13.34
50 154 94.05
50 155 75.58
50 156 89.54
50 157 58.14
50 158 92.4
50 159 76.66
50 160 50.8
50 161 87.02
50 162 38.48
50 163 92.62
50 164 61.61
50 165 62.68
50 166 84.86
50 167 72.47
50 168 94.07
50 169 69.26
50 170 63.51
50 171 43.86
50 172 107.62
50 173 32.45
50 174 60.83
50 175 76.4
50 176 58.42
50 177 81.27
50 178 56.85
50 179 68.01
50 180 87.69
50 181 107.42
50 182 17.72
50 183 89.19
50 184 69.46
50 185 98.15
50 186 72.11
50 187 30.27
50 188 55.01
50 189 98.08
50 190 98.31
50 191 91.71
50 192 71.57
50 193 105.34
50 194 102.96
50 195 89.19
50 196 57.71
50 197 84.0
50 198 59.67
50 199 108.08
50 200 74.41
50 201 53.26
51 0 29.0
51 1 53.85
51 2 86.58
51 3 24.7
51 4 29.61
51 5 86.16
51 6 73.11
51 7 30.07
51 8 39.41
51 9 39.05
51 10 92.66
51 11 30.15
51 12 86.31
51 13 88.46
51 14 55.58
51 15 25.5
51 16 59.41
51 17 34.23
51 18 77.67
51 19 45.71
51 20 96.18
51 21 4.47
51 22 29.73
51 23 32.25
51 24 41.23
51 25 90.71
51 26 72.03
51 27 84.43
51 28 29.53
51 29 80.06
51 30 54.38
51 31 47.38
51 32 78.6
51 33 93.43
51 34 64.0
51 35 17.89
51 36 47.85
51 37 75.27
51 38 36.06
51 39 37.64
51 40 29.55
51 41 1.0
51 42 77.1
51 43 29.07
51 44 55.9
51 45 97.2
51 46 46.87
51 47 45.0
51 48 85.07
51 49 35.85
51 50 82.13
51 52 33.29
51 53 89.2
51 54 44.6
51 55 66.48
51 56 97.53
51 57 79.51
51 58 24.04
51 59 96.18
51 60 55.95
51 61 48.8
51 62 51.97
51 63 39.05
51 64 74.01
51 65 16.64
51 66 29.07
51 67 69.81
51 68 45.35
51 69 33.24
51 70 46.1
51 71 87.66
51 72 49.2
51 73 79.06
51 74 99.36
51 75 26.25
51 76 46.65
51 77 96.67
51 78 35.38
51 79 29.7
51 80 79.2
51 81 103.24
51 82 33.24
51 83 59.23
51 84 85.87
51 85 58.18
51 86 98.41
51 87 15.65
51 88 45.79
51 89 36.5
51 90 91.68
51 91 72.8
51 92 39.12
51 93 101.24
51 94 50.54
51 95 86.84
51 96 91.26
51 97 44.91
51 98 46.4
51 99 46.07
51 100 97.67
51 101 76.69
51 102 44.05
51 103 101.4
51 104 77.78
51 105 30.81
51 106 68.68
51 107 20.02
51 108 54.82
51 109 94.67
51 110 68.26
51 111 64.94
51 112 114.77
51 113 87.28
51 114 55.08
51 115 73.76
51 116 23.54
51 117 32.56
51 118 104.24
51 119 33.12
51 120 114.21
51 121 65.31
51 122 38.48
51 123 67.47
51 124 61.85
51 125 103.73
51 126 92.4
51 127 86.38
51 128 87.48
51 129 68.48
51 130 115.26
51 131 83.01
51 132 73.78
51 133 58.8
51 134 27.59
51 135 56.65
51 136 30.89
51 137 70.03
51 138 90.09
51 139 92.96
51 140 72.28
51 141 98.86
51 142 28.16
51 143 87.69
51 144 69.72
51 145 85.38
51 146 59.44
51 147 42.38
51 148 73.16
51 149 91.71
51 150 32.76
51 151 38.6
51 152 89.89
51 153 93.38
51 154 13.0
51 155 33.84
51 156 33.24
51 157 65.07
51 158 77.08
51 159 66.71
51 160 34.01
51 161 62.65
51 162 49.24
51 163 18.44
51 164 75.17
51 165 26.17
51 166 38.42
51 167 28.46
51 168 13.6
51 169 82.73
51 170 26.08
51 171 38.29
51 172 30.41
51 173 51.31
51 174 71.18
51 175 38.28
51 176 54.08
51 177 19.21
51 178 27.31
51 179 35.23
51 180 78.79
51 181 32.06
51 182 98.41
51 183 18.87
51 184 63.51
51 185 86.83
51 186 60.02
51 187 69.64
51 188 32.31
51 189 42.64
51 190 79.61
51 191 31.62
51 192 81.22
51 193 98.62
51 194 85.0
51 195 36.88
51 196 29.73
51 197 59.62
51 198 75.06
51 199 41.44
51 200 7.81
51 201 29.0
52 0 8.54
52 1 40.0
52 2 77.9
52 3 49.25
52 4 35.74
52 5 86.28
52 6 63.63
52 7 16.12
52 8 50.25
52 9 42.06
52 10 60.8
52 11 33.24
52 12 53.91
52 13 55.97
52 14 51.62
52 15 39.32
52 16 28.18
52 17 22.8
52 18 58.82
52 19 45.0
52 20 97.58
52 21 35.78
52 22 40.79
52 23 34.93
52 24 14.14
52 25 86.02
52 26 54.67
52 27 68.77
52 28 16.12
52 29 73.5
52 30 21.1
52 31 73.36
52 32 45.45
52 33 60.88
52 34 40.25
52 35 36.06
52 36 25.96
52 37 60.81
52 38 38.05
52 39 30.08
52 40 30.02
52 41 34.13
52 42 59.91
52 43 46.49
52 44 61.91
52 45 64.03
52 46 20.12
52 47 57.87
52 48 82.98
52 49 6.4
52 50 49.58
52 51 33.29
52 53 73.76
52 54 49.24
52 55 54.04
52 56 86.37
52 57 57.71
52 58 12.08
52 59 64.2
52 60 22.85
52 61 18.03
52 62 37.59
52 63 7.28
52 64 49.04
52 65 42.95
52 66 5.39
52 67 39.92
52 68 17.46
52 69 56.36
52 70 14.04
52 71 87.05
52 72 21.1
52 73 45.8
52 74 68.26
52 75 56.08
52 76 58.14
52 77 63.7
52 78 44.18
52 79 49.09
52 80 81.47
52 81 71.06
52 82 14.87
52 83 56.57
52 84 68.01
52 85 48.88
52 86 65.8
52 87 38.28
52 88 43.42
52 89 38.47
52 90 86.84
52 91 73.59
52 92 5.83
52 93 68.62
52 94 17.72
52 95 53.6
52 96 61.85
52 97 64.85
52 98 55.0
52 99 13.34
52 100 66.03
52 101 77.83
52 102 52.0
52 103 71.12
52 104 49.5
52 105 3.0
52 106 67.18
52 107 29.07
52 108 21.93
52 109 61.4
52 110 60.46
52 111 46.23
52 112 82.02
52 113 64.08
52 114 30.89
52 115 55.61
52 116 33.38
52 117 12.65
52 118 71.42
52 119 34.01
52 120 81.34
52 121 47.51
52 122 20.81
52 123 49.68
52 124 45.97
52 125 70.46
52 126 85.23
52 127 85.63
52 128 80.99
52 129 35.34
52 130 83.1
52 131 58.19
52 132 45.61
52 133 26.4
52 134 37.85
52 135 45.49
52 136 15.81
52 137 46.52
52 138 78.79
52 139 64.51
52 140 55.32
52 141 68.1
52 142 26.93
52 143 79.26
52 144 54.08
52 145 83.63
52 146 57.28
52 147 47.41
52 148 67.8
52 149 58.87
52 150 47.3
52 151 57.57
52 152 56.86
52 153 61.61
52 154 44.6
52 155 41.44
52 156 51.35
52 157 42.54
52 158 78.57
52 159 63.7
52 160 5.0
52 161 66.61
52 162 17.12
52 163 43.27
52 164 52.33
52 165 15.13
52 166 42.05
52 167 27.02
52 168 44.55
52 169 61.29
52 170 16.12
52 171 7.07
52 172 58.25
52 173 18.03
52 174 48.76
52 175 44.78
52 176 33.42
52 177 32.7
52 178 7.62
52 179 36.24
52 180 66.6
52 181 58.31
52 182 65.3
52 183 44.72
52 184 57.63
52 185 76.84
52 186 56.59
52 187 37.66
52 188 20.0
52 189 61.66
52 190 83.1
52 191 45.12
52 192 61.06
52 193 98.41
52 194 88.73
52 195 52.95
52 196 20.59
52 197 63.01
52 198 51.48
52 199 67.12
52 200 25.94
52 201 8.54
53 0 81.84
53 1 35.78
53 2 149.31
53 3 113.46
53 4 107.62
53 5 159.86
53 6 135.47
53 7 62.77
53 8 61.03
53 9 115.21
53 10 99.04
53 11 105.68
53 12 91.44
53 13 91.98
53 14 125.26
53 15 108.78
53 16 84.72
53 17 56.36
53 18 16.12
53 19 118.7
53 20 171.21
53 21 93.64
53 22 64.5
53 23 107.65
53 24 84.9
53 25 158.62
53 26 19.1
53 27 5.0
53 28 89.64
53 29 145.91
53 30 70.18
53 31 91.59
53 32 79.81
53 33 94.2
53 34 36.06
53 35 102.86
53 36 96.43
53 37 13.93
53 38 54.92
53 39 51.62
53 40 59.77
53 41 90.14
53 42 127.58
53 43 71.11
53 44 135.21
53 45 88.2
53 46 54.45
53 47 129.14
53 48 156.27
53 49 67.36
53 50 88.06
53 51 89.2
53 52 73.76
53 54 122.41
53 55 22.8
53 56 16.12
53 57 21.59
53 58 71.34
53 59 100.45
53 60 66.89
53 61 82.01
53 62 109.71
53 63 77.08
53 64 32.57
53 65 105.48
53 66 72.2
53 67 94.37
53 68 57.28
53 69 80.06
53 70 64.54
53 71 160.53
53 72 87.62
53 73 77.37
53 74 107.87
53 75 92.14
53 76 60.83
53 77 91.44
53 78 60.13
53 79 116.73
53 80 155.22
53 81 103.59
53 82 61.29
53 83 130.23
53 84 8.06
53 85 31.58
53 86 96.63
53 87 78.64
53 88 45.4
53 89 111.61
53 90 159.36
53 91 147.32
53 92 72.12
53 93 98.41
53 94 65.8
53 95 81.05
53 96 109.77
53 97 76.3
53 98 56.44
53 99 66.71
53 100 103.58
53 101 151.56
53 102 56.14
53 103 113.36
53 104 41.59
53 105 76.06
53 106 140.8
53 107 98.62
53 108 76.01
53 109 79.06
53 110 133.06
53 111 27.59
53 112 106.02
53 113 23.19
53 114 43.93
53 115 18.44
53 116 103.59
53 117 63.25
53 118 98.13
53 119 56.75
53 120 104.04
53 121 26.25
53 122 94.07
53 123 24.08
53 124 28.3
53 125 88.02
53 126 156.97
53 127 159.11
53 128 153.15
53 129 67.42
53 130 112.04
53 131 29.02
53 132 101.98
53 133 79.76
53 134 64.94
53 135 32.57
53 136 89.5
53 137 31.3
53 138 148.81
53 139 114.48
53 140 18.44
53 141 109.24
53 142 99.62
53 143 150.71
53 144 123.6
53 145 156.98
53 146 130.97
53 147 120.43
53 148 140.76
53 149 69.01
53 150 67.03
53 151 73.33
53 152 71.11
53 153 100.02
53 154 90.8
53 155 113.44
53 156 119.85
53 157 33.02
53 158 152.31
53 159 137.21
53 160 68.88
53 161 140.25
53 162 63.41
53 163 80.89
53 164 26.57
53 165 66.73
53 166 54.33
53 167 60.75
53 168 89.63
53 169 19.1
53 170 66.24
53 171 77.78
53 172 89.0
53 173 71.03
53 174 28.18
53 175 117.32
53 176 40.36
53 177 71.31
53 178 71.85
53 179 109.4
53 180 12.17
53 181 86.02
53 182 90.2
53 183 107.7
53 184 130.82
53 185 14.42
53 186 130.18
53 187 58.19
53 188 93.72
53 189 130.15
53 190 156.85
53 191 66.12
53 192 16.49
53 193 171.83
53 194 162.48
53 195 122.59
53 196 94.02
53 197 136.65
53 198 28.46
53 199 130.63
53 200 86.82
53 201 81.84
54 0 40.82
54 1 87.32
54 2 44.28
54 3 29.61
54 4 15.81
54 5 41.63
54 6 32.89
54 7 60.21
54 8 83.19
54 9 7.21
54 10 82.86
54 11 16.97
54 12 79.83
54 13 82.0
54 14 14.76
54 15 19.42
54 16 56.01
54 17 67.21
54 18 107.91
54 19 7.62
54 20 51.97
54 21 41.48
54 22 72.95
54 23 14.87
54 24 42.2
54 25 46.53
54 26 103.47
54 27 117.41
54 28 33.12
54 29 37.05
54 30 62.37
54 31 89.45
54 32 78.16
54 33 86.59
54 34 89.47
54 35 26.93
54 36 36.01
54 37 109.02
54 38 76.61
54 39 73.55
54 40 68.41
54 41 44.27
54 42 44.05
54 43 73.54
54 44 12.81
54 45 94.37
54 46 69.35
54 47 13.42
54 48 40.52
54 49 55.57
54 50 77.1
54 51 44.6
54 52 49.24
54 53 122.41
54 55 101.41
54 56 133.96
54 57 106.94
54 58 51.66
54 59 86.33
54 60 65.73
54 61 49.5
54 62 26.57
54 63 48.1
54 64 97.99
54 65 33.02
54 66 50.22
54 67 59.44
54 68 66.65
54 69 77.37
54 70 61.47
54 71 43.08
54 72 45.1
54 73 80.06
54 74 86.01
54 75 67.36
54 76 90.8
54 77 91.98
54 78 78.39
54 79 21.84
54 80 34.99
54 81 93.3
54 82 61.22
54 83 16.28
54 84 117.05
54 85 94.76
54 86 91.21
54 87 60.17
54 88 85.28
54 89 10.82
54 90 47.52
54 91 28.23
54 92 52.39
54 93 93.68
54 94 62.94
54 95 86.37
54 96 74.69
54 97 89.29
54 98 89.94
54 99 59.81
54 100 86.38
54 101 32.2
54 102 87.32
54 103 85.42
54 104 97.08
54 105 46.65
54 106 24.33
54 107 26.08
54 108 58.55
54 109 96.25
54 110 27.51
54 111 95.13
54 112 106.57
54 113 113.16
54 114 80.13
54 115 104.56
54 116 21.47
54 117 59.2
54 118 97.53
54 119 72.8
54 120 106.9
54 121 96.26
54 122 31.78
54 123 98.47
54 124 94.2
54 125 102.26
54 126 49.01
54 127 41.79
54 128 44.01
54 129 75.54
54 130 104.0
54 131 107.02
54 132 58.52
54 133 59.08
54 134 70.33
54 135 92.02
54 136 33.54
54 137 95.71
54 138 49.24
54 139 73.93
54 140 104.04
54 141 84.58
54 142 22.8
54 143 45.18
54 144 36.8
54 145 40.8
54 146 16.12
54 147 2.24
54 148 30.07
54 149 98.05
54 150 76.97
54 151 83.17
54 152 95.01
54 153 83.17
54 154 54.92
54 155 10.77
54 156 19.7
54 157 91.79
54 158 32.65
54 159 23.0
54 160 53.85
54 161 18.6
54 162 63.91
54 163 62.94
54 164 101.53
54 165 56.59
54 166 79.88
54 167 66.07
54 168 56.09
54 169 110.54
54 170 57.28
54 171 47.17
54 172 72.69
54 173 59.67
54 174 98.01
54 175 6.32
54 176 82.38
54 177 61.77
54 178 50.61
54 179 13.04
54 180 114.21
54 181 75.13
54 182 94.73
54 183 32.02
54 184 22.14
54 185 123.84
54 186 17.46
54 187 81.79
54 188 29.55
54 189 23.43
54 190 35.81
54 191 75.58
54 192 110.28
54 193 54.13
54 194 41.4
54 195 16.64
54 196 28.65
54 197 15.26
54 198 100.62
54 199 36.88
54 200 41.18
54 201 40.82
55 0 61.55
55 1 14.14
55 2 131.47
55 3 90.87
55 4 86.21
55 5 140.19
55 6 117.32
55 7 41.23
55 8 39.81
55 9 94.26
55 10 91.02
55 11 84.5
55 12 83.01
55 13 84.05
55 14 105.55
55 15 86.82
55 16 70.21
55 17 34.41
55 18 16.12
55 19 98.29
55 20 151.43
55 21 70.94
55 22 42.05
55 23 86.56
55 24 66.57
55 25 140.0
55 26 10.63
55 27 18.25
55 28 69.31
55 29 127.41
55 30 55.36
55 31 71.78
55 32 71.01
55 33 87.28
55 34 24.08
55 35 80.62
55 36 78.55
55 37 9.06
55 38 32.25
55 39 29.07
55 40 37.0
55 41 67.42
55 42 111.36
55 43 49.04
55 44 114.21
55 45 83.55
55 46 36.67
55 47 107.34
55 48 137.0
55 49 47.8
55 50 79.01
55 51 66.48
55 52 54.04
55 53 22.8
55 54 101.41
55 56 32.56
55 57 22.67
55 58 49.82
55 59 93.13
55 60 52.63
55 61 65.31
55 62 91.26
55 63 58.52
55 64 27.73
55 65 82.86
55 66 51.62
55 67 81.25
55 68 39.36
55 69 58.69
55 70 47.42
55 71 141.01
55 72 70.66
55 73 69.07
55 74 100.02
55 75 70.01
55 76 41.23
55 77 85.99
55 78 38.05
55 79 94.41
55 80 135.06
55 81 97.62
55 82 40.31
55 83 110.45
55 84 21.1
55 85 9.0
55 86 90.67
55 87 55.9
55 88 23.0
55 89 90.69
55 90 140.8
55 91 127.31
55 92 53.54
55 93 92.91
55 94 49.98
55 95 74.55
55 96 99.5
55 97 56.65
55 98 36.4
55 99 49.66
55 100 96.08
55 101 131.55
55 102 35.44
55 103 105.0
55 104 38.08
55 105 55.97
55 106 121.08
55 107 76.84
55 108 61.03
55 109 75.43
55 110 114.4
55 111 13.15
55 112 102.84
55 113 30.23
55 114 27.89
55 115 12.81
55 116 81.84
55 117 42.43
55 118 93.56
55 119 33.96
55 120 101.14
55 121 11.18
55 122 74.81
55 123 10.77
55 124 9.22
55 125 85.44
55 126 138.96
55 127 139.6
55 128 134.85
55 129 57.04
55 130 107.69
55 131 31.14
55 132 88.77
55 133 65.52
55 134 42.3
55 135 9.85
55 136 69.35
55 137 23.41
55 138 131.73
55 139 103.82
55 140 10.0
55 141 101.0
55 142 78.64
55 143 132.85
55 144 106.55
55 145 137.64
55 146 111.13
55 147 99.36
55 148 121.82
55 149 66.41
55 150 45.18
55 151 52.63
55 152 67.45
55 153 92.02
55 154 68.07
55 155 92.01
55 156 97.62
55 157 21.21
55 158 132.25
55 159 117.69
55 160 49.04
55 161 119.6
55 162 47.17
55 163 58.31
55 164 23.02
55 165 45.0
55 166 32.0
55 167 38.08
55 168 66.91
55 169 23.85
55 170 44.41
55 171 59.08
55 172 67.27
55 173 55.36
55 174 21.02
55 175 96.05
55 176 22.47
55 177 48.51
55 178 50.93
55 179 88.53
55 180 12.81
55 181 64.5
55 182 85.51
55 183 85.09
55 184 111.66
55 185 22.8
55 186 110.54
55 187 49.09
55 188 73.59
55 189 107.82
55 190 136.49
55 191 44.05
55 192 20.59
55 193 152.4
55 194 142.14
55 195 100.5
55 196 73.54
55 197 116.04
55 198 24.7
55 199 107.91
55 200 64.41
55 201 61.55
56 0 94.05
56 1 46.69
56 2 163.22
56 3 122.19
56 4 118.7
56 5 172.63
56 6 149.2
56 7 73.76
56 8 64.54
56 9 126.81
56 10 115.12
56 11 117.03
56 12 107.49
56 13 108.06
56 14 137.97
56 15 119.04
56 16 99.73
56 17 66.84
56 18 31.62
56 19 130.83
56 20 183.9
56 21 102.0
56 22 70.23
56 23 119.1
56 24 98.41
56 25 172.1
56 26 33.12
56 27 19.92
56 28 101.82
56 29 159.46
56 30 85.0
56 31 92.01
56 32 95.8
56 33 110.32
56 34 50.99
56 35 112.61
56 36 110.21
56 37 25.81
56 38 61.74
56 39 61.03
56 40 68.1
56 41 98.41
56 42 142.17
56 43 75.69
56 44 146.75
56 45 104.31
56 46 68.01
56 47 139.62
56 48 169.33
56 49 80.06
56 50 104.05
56 51 97.53
56 52 86.37
56 53 16.12
56 54 133.96
56 55 32.56
56 57 37.66
56 58 82.33
56 59 116.56
56 60 81.84
56 61 96.25
56 62 123.23
56 63 90.43
56 64 48.51
56 65 114.13
56 66 84.15
56 67 109.77
56 68 70.8
56 69 83.02
56 70 78.49
56 71 173.42
56 72 101.79
56 73 93.39
56 74 123.97
56 75 96.32
56 76 62.29
56 77 107.56
56 78 65.15
56 79 126.25
56 80 167.59
56 81 119.71
56 82 72.86
56 83 142.9
56 84 24.19
56 85 39.66
56 86 112.75
56 87 85.23
56 88 51.89
56 89 123.24
56 90 172.88
56 91 159.81
56 92 85.43
56 93 114.53
56 94 80.26
56 95 97.16
56 96 125.69
56 97 77.03
56 98 58.69
56 99 80.71
56 100 119.68
56 101 164.05
56 102 59.23
56 103 129.44
56 104 57.71
56 105 88.41
56 106 153.52
56 107 109.2
56 108 90.82
56 109 95.13
56 110 146.49
56 111 41.34
56 112 122.0
56 113 39.01
56 114 57.98
56 115 33.11
56 116 114.2
56 117 74.97
56 118 114.21
56 119 64.41
56 120 120.0
56 121 39.66
56 122 107.06
56 123 37.74
56 124 40.46
56 125 104.0
56 126 170.8
56 127 172.0
56 128 166.82
56 129 83.17
56 130 128.1
56 131 45.1
56 132 117.39
56 133 94.81
56 134 71.31
56 135 42.01
56 136 101.83
56 137 46.82
56 138 163.08
56 139 130.36
56 140 32.25
56 141 125.32
56 142 111.2
56 143 164.61
56 144 137.84
56 145 169.99
56 146 143.59
56 147 131.89
56 148 154.03
56 149 85.05
56 150 71.31
56 151 75.54
56 152 87.21
56 153 116.1
56 154 97.14
56 155 124.47
56 156 129.54
56 157 47.85
56 158 164.76
56 159 150.07
56 160 81.39
56 161 152.16
56 162 77.7
56 163 86.65
56 164 42.45
56 165 77.47
56 166 60.17
56 167 69.64
56 168 95.86
56 169 35.23
56 170 76.84
56 171 91.05
56 172 92.4
56 173 85.59
56 174 43.66
56 175 128.55
56 176 53.6
56 177 78.72
56 178 83.49
56 179 121.08
56 180 19.8
56 181 89.11
56 182 106.3
56 183 116.36
56 184 143.93
56 185 10.77
56 186 142.95
56 187 74.04
56 188 106.08
56 189 139.61
56 190 169.04
56 191 70.88
56 192 32.56
56 193 184.78
56 194 174.69
56 195 132.57
56 196 106.08
56 197 148.6
56 198 44.38
56 199 138.65
56 200 96.25
56 201 94.05
57 0 66.19
57 1 27.46
57 2 130.18
57 3 102.39
57 4 93.11
57 5 142.27
57 6 116.67
57 7 50.22
57 8 60.54
57 9 99.76
57 10 77.47
57 11 90.8
57 12 69.86
57 13 70.41
57 14 108.0
57 15 95.52
57 16 64.4
57 17 45.28
57 18 7.62
57 19 102.4
57 20 153.67
57 21 83.73
57 22 60.42
57 23 92.57
57 24 67.01
57 25 140.04
57 26 12.04
57 27 18.03
57 28 73.82
57 29 127.31
57 30 50.33
57 31 93.11
57 32 58.24
57 33 72.69
57 34 17.49
57 35 90.52
57 36 77.9
57 37 17.89
57 38 50.22
57 39 43.05
57 40 52.09
57 41 80.5
57 42 107.62
57 43 68.15
57 44 119.57
57 45 67.01
57 46 37.59
57 47 115.16
57 48 138.29
57 49 51.43
57 50 66.48
57 51 79.51
57 52 57.71
57 53 21.59
57 54 106.94
57 55 22.67
57 56 37.66
57 58 58.24
57 59 78.92
57 60 46.86
57 61 62.94
57 62 91.44
57 63 59.64
57 64 11.18
57 65 94.73
57 66 57.38
57 67 73.43
57 68 40.31
57 69 78.75
57 70 46.4
57 71 142.76
57 72 68.59
57 73 55.79
57 74 86.31
57 75 88.46
57 76 63.13
57 77 70.11
57 78 57.57
57 79 104.4
57 80 138.22
57 81 82.22
57 82 47.8
57 83 113.0
57 84 13.6
57 85 30.02
57 86 75.24
57 87 72.17
57 88 42.72
57 89 96.18
57 90 140.73
57 91 130.21
57 92 54.92
57 93 77.1
57 94 46.69
57 95 59.54
57 96 88.23
57 97 78.26
57 98 58.18
57 99 48.41
57 100 82.04
57 101 134.4
57 102 56.8
57 103 91.78
57 104 20.1
57 105 60.37
57 106 123.41
57 107 85.09
57 108 56.08
57 109 58.03
57 110 114.69
57 111 15.13
57 112 85.29
57 113 8.25
57 114 26.83
57 115 9.9
57 116 89.89
57 117 49.34
57 118 77.0
57 119 50.49
57 120 83.38
57 121 15.52
57 122 76.84
57 123 13.93
57 124 19.92
57 125 67.36
57 126 137.93
57 127 141.35
57 128 134.35
57 129 46.1
57 130 91.02
57 131 8.94
57 132 81.01
57 133 59.41
57 134 59.84
57 135 28.23
57 136 73.43
57 137 11.4
57 138 129.19
57 139 92.97
57 140 12.73
57 141 87.66
57 142 84.53
57 143 131.59
57 144 104.14
57 145 139.05
57 146 113.81
57 147 105.12
57 148 122.58
57 149 48.17
57 150 64.85
57 151 73.54
57 152 50.01
57 153 78.45
57 154 84.05
57 155 98.9
57 156 107.21
57 157 15.23
57 158 135.21
57 159 119.63
57 160 53.23
57 161 124.02
57 162 44.69
57 163 75.54
57 164 5.66
57 165 54.34
57 166 51.24
57 167 52.0
57 168 83.1
57 169 3.61
57 170 54.13
57 171 60.46
57 172 86.59
57 173 51.62
57 174 8.94
57 175 102.42
57 176 25.71
57 177 64.07
57 178 57.58
57 179 93.94
57 180 24.04
57 181 84.2
57 182 69.01
57 183 96.88
57 184 112.93
57 185 33.14
57 186 112.8
57 187 36.77
57 188 77.52
57 189 117.64
57 190 140.09
57 191 63.32
57 192 5.1
57 193 153.91
57 194 145.66
57 195 109.44
57 196 78.29
57 197 120.42
57 198 7.21
57 199 120.22
57 200 75.5
57 201 66.19
58 0 14.32
58 1 35.81
58 2 85.62
58 3 44.41
58 4 36.4
58 5 91.4
58 6 71.31
58 7 8.6
58 8 39.0
58 9 44.55
58 10 72.67
58 11 34.71
58 12 65.6
58 13 67.62
58 14 57.14
58 15 37.58
58 16 40.25
58 17 15.56
58 18 57.78
58 19 49.04
58 20 102.45
58 21 27.46
58 22 29.15
58 23 36.8
58 24 25.18
58 25 92.66
58 26 52.77
58 27 66.37
58 28 21.02
58 29 80.5
58 30 31.83
58 31 61.29
58 32 56.57
58 33 72.47
58 34 41.59
58 35 32.28
58 36 36.06
58 37 57.69
58 38 27.89
58 39 22.2
58 40 19.42
58 41 25.0
58 42 69.72
58 43 34.48
58 44 64.44
58 45 75.01
58 46 23.09
58 47 57.8
58 48 88.75
58 49 12.21
58 50 61.22
58 51 24.04
58 52 12.08
58 53 71.34
58 54 51.66
58 55 49.82
58 56 82.33
58 57 58.24
58 59 76.03
58 60 32.8
58 61 30.08
58 62 45.88
58 63 19.31
58 64 51.35
58 65 37.05
58 66 6.71
58 67 52.0
58 68 21.38
58 69 44.28
58 70 22.47
58 71 92.42
58 72 32.76
58 73 56.64
58 74 80.26
58 75 44.55
58 76 47.01
58 77 74.97
58 78 33.02
58 79 46.17
58 80 85.8
58 81 82.8
58 82 10.44
58 83 61.85
58 84 66.64
58 85 43.14
58 86 77.34
58 87 26.4
58 88 34.89
58 89 41.01
58 90 93.54
58 91 78.24
58 92 17.2
58 93 80.16
58 94 27.2
58 95 64.44
58 96 73.93
58 97 52.89
58 98 44.28
58 99 22.8
58 100 77.94
58 101 82.46
58 102 41.3
58 103 83.19
58 104 54.15
58 105 11.18
58 106 72.42
58 107 27.29
58 108 33.6
58 109 71.61
58 110 67.54
58 111 44.78
58 112 93.43
58 113 65.51
58 114 32.25
58 115 54.13
58 116 32.25
58 117 9.06
58 118 82.81
58 119 23.77
58 120 92.66
58 121 45.62
58 122 28.86
58 123 47.85
58 124 43.05
58 125 81.06
58 126 92.61
58 127 91.02
58 128 88.1
58 129 45.22
58 130 94.81
58 131 60.53
58 132 57.57
58 133 38.28
58 134 26.17
58 135 40.36
58 136 21.54
58 137 47.85
58 138 87.28
58 139 76.55
58 140 53.24
58 141 80.13
58 142 29.0
58 143 86.93
58 144 63.35
58 145 89.31
58 146 62.43
58 147 49.58
58 148 74.3
58 149 68.0
58 150 35.51
58 151 45.61
58 152 66.37
58 153 73.5
58 154 33.84
58 155 42.2
58 156 49.04
58 157 43.17
58 158 83.1
58 159 69.34
58 160 10.63
58 161 70.01
58 162 25.55
58 163 31.4
58 164 53.37
58 165 5.0
58 166 31.78
58 167 16.49
58 168 33.6
58 169 61.68
58 170 5.83
58 171 18.97
58 172 46.4
58 173 29.0
58 174 49.48
58 175 46.23
58 176 32.57
58 177 20.62
58 178 4.47
58 179 38.9
58 180 62.63
58 181 46.32
58 182 76.38
58 183 39.12
58 184 64.01
58 185 72.18
58 186 62.13
58 187 45.69
58 188 25.5
58 189 59.46
58 190 87.05
58 191 33.38
58 192 60.75
58 193 103.81
58 194 92.7
58 195 51.48
58 196 24.7
58 197 66.48
58 198 52.95
58 199 62.39
58 200 18.03
58 201 14.32
59 0 67.18
59 1 84.34
59 2 78.85
59 3 104.31
59 4 83.24
59 5 99.61
59 6 71.11
59 7 76.54
59 8 110.17
59 9 82.08
59 10 3.61
59 11 80.13
59 12 10.77
59 13 9.22
59 14 76.3
59 15 90.55
59 16 36.77
59 17 80.11
59 18 85.48
59 19 78.75
59 20 109.49
59 21 97.62
59 22 102.42
59 23 80.06
59 24 55.23
59 25 91.01
59 26 86.05
59 27 96.88
59 28 68.25
59 29 80.62
59 30 45.18
59 31 137.06
59 32 22.36
59 33 6.32
59 34 69.07
59 35 91.84
59 36 52.84
59 37 94.09
59 38 96.38
59 39 85.8
59 40 90.34
59 41 96.88
59 42 54.45
59 43 109.27
59 44 93.94
59 45 15.56
59 46 63.57
59 47 99.62
59 48 93.77
59 49 64.66
59 50 15.23
59 51 96.18
59 52 64.2
59 53 100.45
59 54 86.33
59 55 93.13
59 56 116.56
59 57 78.92
59 58 76.03
59 60 45.69
59 61 47.38
59 62 59.77
59 63 57.49
59 64 68.36
59 65 100.8
59 66 69.4
59 67 27.78
59 68 62.39
59 69 119.89
59 70 55.9
59 71 98.86
59 72 47.63
59 73 24.08
59 74 7.62
59 75 120.25
59 76 117.18
59 77 11.31
59 78 104.28
59 79 100.24
59 80 100.04
59 81 7.21
59 82 73.36
59 83 79.76
59 84 92.4
59 85 94.05
59 86 6.71
59 87 102.42
59 88 97.12
59 89 80.11
59 90 91.22
59 91 93.01
59 92 58.82
59 93 8.06
59 94 50.99
59 95 19.42
59 96 16.16
59 97 127.02
59 98 112.95
59 99 54.59
59 100 3.16
59 101 96.02
59 102 110.14
59 103 13.42
59 104 58.86
59 105 66.07
59 106 86.05
59 107 83.82
59 108 42.44
59 109 24.41
59 110 73.01
59 111 80.06
59 112 20.25
59 113 78.59
59 114 67.08
59 115 85.15
59 116 85.44
59 117 72.07
59 118 12.04
59 119 93.11
59 120 20.62
59 121 82.05
59 122 61.29
59 123 83.01
59 124 84.29
59 125 21.95
59 126 85.87
59 127 97.74
59 128 84.72
59 129 36.67
59 130 19.1
59 131 71.81
59 132 27.89
59 133 37.8
59 134 99.76
59 135 90.09
59 136 66.84
59 137 71.06
59 138 74.04
59 139 20.59
59 140 87.05
59 141 9.43
59 142 76.01
59 143 80.05
59 144 57.0
59 145 94.76
59 146 80.75
59 147 86.03
59 148 80.06
59 149 34.0
59 150 109.13
59 151 119.88
59 152 30.87
59 153 3.16
59 154 108.37
59 155 86.33
59 156 100.62
59 157 72.03
59 158 97.02
59 159 82.1
59 160 65.73
59 161 93.77
59 162 53.71
59 163 107.42
59 164 74.43
59 165 77.7
59 166 100.09
59 167 87.66
59 168 108.47
59 169 81.39
59 170 78.55
59 171 58.14
59 172 122.41
59 173 47.51
59 174 74.11
59 175 86.54
59 176 73.16
59 177 96.25
59 178 71.61
59 179 78.72
59 180 101.12
59 181 122.32
59 182 14.21
59 183 101.83
59 184 75.24
59 185 111.36
59 186 78.64
59 187 44.05
59 188 67.42
59 189 108.46
59 190 103.02
59 191 106.89
59 192 84.01
59 193 107.28
59 194 107.17
59 195 99.81
59 196 70.21
59 197 91.08
59 198 72.44
59 199 119.42
59 200 88.39
59 201 67.18
60 0 29.61
60 1 41.11
60 2 83.44
60 3 71.39
60 4 55.04
60 5 96.8
60 6 70.18
60 7 31.4
60 8 64.47
60 9 59.03
60 10 42.72
60 11 52.09
60 12 34.93
60 13 36.67
60 14 63.51
60 15 60.13
60 16 17.89
60 17 34.44
60 18 50.77
60 19 59.77
60 20 108.17
60 21 58.6
60 22 56.94
60 23 53.24
60 24 23.54
60 25 93.61
60 26 48.75
60 27 62.27
60 28 35.01
60 29 80.92
60 30 3.61
60 31 92.2
60 32 24.41
60 33 41.18
60 34 30.89
60 35 58.05
60 36 32.25
60 37 56.46
60 38 50.7
60 39 40.16
60 40 44.78
60 41 56.82
60 42 60.8
60 43 64.07
60 44 77.49
60 45 42.45
60 46 18.25
60 47 76.53
60 48 92.42
60 49 20.62
60 50 30.46
60 51 55.95
60 52 22.85
60 53 66.89
60 54 65.73
60 55 52.63
60 56 81.84
60 57 46.86
60 58 32.8
60 59 45.69
60 61 17.0
60 62 45.79
60 63 19.1
60 64 36.07
60 65 65.52
60 66 26.93
60 67 28.64
60 68 16.76
60 69 75.0
60 70 10.63
60 71 97.08
60 72 22.47
60 73 24.08
60 74 51.24
60 75 77.16
60 76 71.51
60 77 42.8
60 78 58.6
60 79 70.26
60 80 93.54
60 81 51.88
60 82 28.02
60 83 68.43
60 84 59.64
60 85 51.16
60 86 45.79
60 87 58.69
60 88 51.97
60 89 55.73
60 90 94.26
60 91 85.48
60 92 17.09
60 93 48.55
60 94 5.66
60 95 31.83
60 96 48.09
60 97 81.49
60 98 67.36
60 99 10.0
60 100 48.1
60 101 89.55
60 102 64.51
60 103 55.32
60 104 32.25
60 105 25.63
60 106 78.39
60 107 50.49
60 108 9.22
60 109 38.83
60 110 68.6
60 111 40.85
60 112 61.4
60 113 50.99
60 114 24.74
60 115 48.76
60 116 54.15
60 117 27.02
60 118 50.8
60 119 47.42
60 120 60.44
60 121 42.72
60 122 33.96
60 123 44.38
60 124 43.42
60 125 48.27
60 126 91.22
60 127 95.69
60 128 87.78
60 129 12.53
60 130 63.63
60 131 44.05
60 132 36.14
60 133 13.0
60 134 54.38
60 135 47.17
60 136 34.0
60 137 35.81
60 138 82.33
60 139 52.0
60 140 49.66
60 141 51.66
60 142 46.01
60 143 84.85
60 144 57.31
60 145 93.23
60 146 69.32
60 147 64.33
60 148 76.61
60 149 36.06
60 150 63.63
60 151 74.43
60 152 34.01
60 153 43.66
60 154 66.61
60 155 60.21
60 156 72.06
60 157 34.0
60 158 90.43
60 159 74.43
60 160 22.2
60 161 80.78
60 162 8.06
60 163 63.64
60 164 41.23
60 165 33.24
60 166 54.42
60 167 42.19
60 168 66.4
60 169 50.33
60 170 33.97
60 171 20.1
60 172 78.52
60 173 6.08
60 174 38.83
60 175 62.65
60 176 30.41
60 177 51.74
60 178 28.84
60 179 53.6
60 180 63.32
60 181 77.99
60 182 43.93
60 183 67.19
60 184 67.42
60 185 74.09
60 186 68.0
60 187 16.12
60 188 37.12
60 189 82.0
60 190 95.71
60 191 61.4
60 192 51.4
60 193 108.0
60 194 101.12
60 195 73.01
60 196 39.01
60 197 77.25
60 198 39.7
60 199 88.96
60 200 48.75
60 201 29.61
61 0 19.8
61 1 52.2
61 2 67.36
61 3 59.24
61 4 40.45
61 5 79.88
61 6 53.74
61 7 33.24
61 8 67.9
61 9 43.1
61 10 43.86
61 11 37.34
61 12 37.64
61 13 39.82
61 14 46.52
61 15 46.57
61 16 10.63
61 17 39.0
61 18 66.07
61 19 43.17
61 20 91.26
61 21 50.33
61 22 58.69
61 23 38.12
61 24 8.54
61 25 77.1
61 26 63.25
61 27 77.2
61 28 21.93
61 29 64.38
61 30 13.42
61 31 91.24
61 32 31.38
61 33 44.82
61 34 46.1
61 35 46.1
61 36 15.26
61 37 70.49
61 38 55.15
61 39 46.04
61 40 47.52
61 41 49.5
61 42 46.07
61 43 64.51
61 44 60.88
61 45 49.65
61 46 28.64
61 47 61.01
61 48 75.6
61 49 21.02
61 50 33.6
61 51 48.8
61 52 18.03
61 53 82.01
61 54 49.5
61 55 65.31
61 56 96.25
61 57 62.94
61 58 30.08
61 59 47.38
61 60 17.0
61 62 28.84
61 63 10.77
61 64 52.5
61 65 54.59
61 66 23.41
61 67 21.93
61 68 26.0
61 69 74.32
61 70 17.89
61 71 80.21
61 72 5.66
61 73 32.57
61 74 50.8
61 75 73.24
61 76 75.66
61 77 48.55
61 78 61.81
61 79 56.75
61 80 76.54
61 81 54.45
61 82 31.02
61 83 51.43
61 84 75.17
61 85 61.98
61 86 49.82
61 87 55.95
61 88 59.21
61 89 40.01
61 90 77.79
61 91 68.48
61 92 14.04
61 93 52.63
61 94 16.28
61 95 39.92
61 96 43.86
61 97 82.86
61 98 72.25
61 99 15.65
61 100 48.92
61 101 72.56
61 102 69.26
61 103 53.34
61 104 49.24
61 105 19.24
61 106 61.4
61 107 38.08
61 108 9.06
61 109 49.04
61 110 51.86
61 111 54.92
61 112 66.22
61 113 67.62
61 114 38.28
61 115 63.6
61 116 40.8
61 117 29.07
61 118 55.8
61 119 51.24
61 120 65.8
61 121 56.6
61 122 18.0
61 123 58.52
61 124 56.36
61 125 56.86
61 126 75.07
61 127 78.82
61 128 71.42
61 129 26.08
61 130 66.47
61 131 60.8
61 132 27.66
61 133 10.77
61 134 55.79
61 135 58.19
61 136 20.62
61 137 51.62
61 138 66.85
61 139 46.49
61 140 64.07
61 141 50.48
61 142 31.78
61 143 68.77
61 144 41.62
61 145 76.4
61 146 52.33
61 147 48.26
61 148 59.82
61 149 49.16
61 150 65.25
61 151 75.58
61 152 46.39
61 153 44.6
61 154 61.07
61 155 45.1
61 156 58.05
61 157 49.04
61 158 73.43
61 159 57.45
61 160 21.21
61 161 63.91
61 162 18.6
61 163 60.9
61 164 57.28
61 165 32.98
61 166 59.14
61 167 44.55
61 168 61.22
61 169 66.48
61 170 33.96
61 171 11.18
61 172 75.8
61 173 11.4
61 174 54.49
61 175 47.01
61 176 42.94
61 177 50.7
61 178 25.63
61 179 38.0
61 180 77.03
61 181 76.06
61 182 50.61
61 183 55.9
61 184 50.48
61 185 87.71
61 186 51.0
61 187 32.57
61 188 22.56
61 189 67.48
61 190 78.71
61 191 63.06
61 192 67.21
61 193 91.21
61 194 84.12
61 195 58.42
61 196 25.0
61 197 60.41
61 198 55.9
61 199 75.96
61 200 41.01
61 201 19.8
62 0 31.62
62 1 77.39
62 2 40.31
62 3 49.04
62 4 27.2
62 5 51.04
62 6 26.08
62 7 52.92
62 8 84.01
62 9 23.02
62 10 56.32
62 11 24.7
62 12 53.6
62 13 55.73
62 14 18.44
62 15 35.0
62 16 32.02
62 17 60.01
62 18 94.05
62 19 18.97
62 20 62.43
62 21 50.96
62 22 73.68
62 23 23.6
62 24 24.84
62 25 48.92
62 26 90.69
62 27 104.8
62 28 25.32
62 29 36.24
62 30 42.19
62 31 99.3
62 32 53.15
62 33 60.21
62 34 74.28
62 35 39.36
62 36 13.6
62 37 97.45
62 38 73.76
62 39 67.23
62 40 65.25
62 41 52.17
62 42 25.18
62 43 77.06
62 44 35.01
62 45 68.36
62 46 55.32
62 47 39.92
62 48 46.86
62 49 43.57
62 50 51.16
62 51 51.97
62 52 37.59
62 53 109.71
62 54 26.57
62 55 91.26
62 56 123.23
62 57 91.44
62 58 45.88
62 59 59.77
62 60 45.79
62 61 28.84
62 63 32.8
62 64 81.22
62 65 48.37
62 66 41.23
62 67 33.24
62 68 52.5
62 69 84.21
62 70 45.25
62 71 51.4
62 72 23.32
62 73 55.33
62 74 59.51
62 75 78.1
62 76 92.07
62 77 65.76
62 78 78.26
62 79 43.14
62 80 47.85
62 81 66.73
62 82 52.33
62 83 23.09
62 84 103.24
62 85 86.45
62 86 64.76
62 87 65.07
62 88 80.41
62 89 21.93
62 90 49.68
62 91 39.81
62 92 37.8
62 93 67.19
62 94 44.82
62 95 61.01
62 96 48.37
62 97 95.01
62 98 89.82
62 99 43.14
62 100 59.81
62 101 43.83
62 102 86.88
62 103 59.17
62 104 78.03
62 105 36.25
62 106 32.65
62 107 32.89
62 108 37.12
62 109 71.03
62 110 23.35
62 111 82.22
62 112 80.01
62 113 96.4
62 114 65.8
62 115 91.29
62 116 31.76
62 117 50.09
62 118 71.06
62 119 69.64
62 120 80.36
62 121 83.74
62 122 17.09
62 123 85.8
62 124 82.8
62 125 76.32
62 126 47.71
62 127 50.0
62 128 43.6
62 129 53.14
62 130 77.47
62 131 89.63
62 132 31.95
62 133 36.06
62 134 70.71
62 135 83.01
62 136 24.52
62 137 80.06
62 138 41.44
62 139 48.01
62 140 91.44
62 141 58.14
62 142 24.04
62 143 41.68
62 144 18.0
62 145 47.63
62 146 24.04
62 147 26.4
62 148 31.14
62 149 73.98
62 150 79.31
62 151 88.01
62 152 70.71
62 153 56.61
62 154 64.76
62 155 28.32
62 156 42.64
62 157 77.08
62 158 44.72
62 159 28.65
62 160 42.54
62 161 36.5
62 162 46.75
62 163 69.26
62 164 85.8
62 165 50.6
62 166 77.62
62 167 62.36
62 168 65.51
62 169 95.02
62 170 51.55
62 171 32.2
62 172 82.38
62 173 40.22
62 174 82.81
62 175 27.46
62 176 69.66
62 177 63.2
62 178 42.72
62 179 21.26
62 180 103.6
62 181 83.86
62 182 68.59
62 183 48.55
62 184 21.63
62 185 114.04
62 186 22.47
62 187 60.84
62 188 21.1
62 189 49.24
62 190 50.16
62 191 77.41
62 192 95.52
62 193 62.48
62 194 55.46
62 195 41.05
62 196 23.0
62 197 33.24
62 198 84.5
62 199 61.4
62 200 45.28
62 201 31.62
63 0 10.77
63 1 44.78
63 2 72.95
63 3 52.39
63 4 36.22
63 5 82.88
63 6 58.82
63 7 23.0
63 8 57.43
63 9 41.11
63 10 54.04
63 11 33.38
63 12 47.38
63 13 49.5
63 14 48.41
63 15 41.05
63 16 21.1
63 17 29.27
63 18 61.62
63 19 42.94
63 20 94.26
63 21 41.05
63 22 48.05
63 23 34.71
63 24 8.06
63 25 81.69
63 26 58.0
63 27 72.14
63 28 16.03
63 29 69.03
63 30 16.49
63 31 80.5
63 32 39.66
63 33 54.45
63 34 42.2
63 35 39.05
63 36 20.12
63 37 64.66
63 38 45.0
63 39 36.5
63 40 37.12
63 41 39.82
63 42 53.76
63 43 53.76
63 44 60.42
63 45 58.25
63 46 22.63
63 47 58.05
63 48 79.2
63 49 11.4
63 50 43.14
63 51 39.05
63 52 7.28
63 53 77.08
63 54 48.1
63 55 58.52
63 56 90.43
63 57 59.64
63 58 19.31
63 59 57.49
63 60 19.1
63 61 10.77
63 62 32.8
63 64 50.12
63 65 46.82
63 66 12.65
63 67 32.7
63 68 19.8
63 69 63.56
63 70 13.42
63 71 83.49
63 72 14.0
63 73 40.31
63 74 61.29
63 75 62.8
63 76 65.28
63 77 57.63
63 78 51.35
63 79 51.16
63 80 78.6
63 81 64.44
63 82 21.21
63 83 53.41
63 84 70.84
63 85 54.13
63 86 59.41
63 87 45.28
63 88 49.82
63 89 37.64
63 90 82.46
63 91 70.6
63 92 5.0
63 93 62.24
63 94 15.13
63 95 48.02
63 96 54.63
63 97 72.12
63 98 62.03
63 99 11.7
63 100 59.2
63 101 74.81
63 102 59.03
63 103 64.01
63 104 49.04
63 105 8.6
63 106 63.89
63 107 31.4
63 108 15.81
63 109 56.36
63 110 56.08
63 111 49.52
63 112 75.74
63 113 65.37
63 114 33.3
63 115 58.69
63 116 35.06
63 117 19.1
63 118 65.19
63 119 41.01
63 120 75.17
63 121 50.99
63 122 17.2
63 123 53.08
63 124 50.0
63 125 65.0
63 126 80.45
63 127 82.07
63 128 76.4
63 129 31.05
63 130 76.49
63 131 59.03
63 132 38.33
63 133 19.8
63 134 45.12
63 135 50.54
63 136 15.13
63 137 48.26
63 138 73.36
63 139 57.25
63 140 58.73
63 141 61.06
63 142 27.17
63 143 74.33
63 144 48.33
63 145 79.91
63 146 54.2
63 147 46.49
63 148 63.7
63 149 54.82
63 150 54.57
63 151 64.85
63 152 52.5
63 153 54.82
63 154 50.93
63 155 41.59
63 156 53.01
63 157 44.82
63 158 75.6
63 159 60.21
63 160 11.05
63 161 64.5
63 162 15.81
63 163 50.25
63 164 54.08
63 165 22.36
63 166 49.0
63 167 34.13
63 168 50.99
63 169 63.25
63 170 23.35
63 171 1.0
63 172 65.19
63 173 13.34
63 174 50.8
63 175 44.38
63 176 36.88
63 177 39.92
63 178 14.87
63 179 35.44
63 180 70.8
63 181 65.37
63 182 59.41
63 183 48.38
63 184 53.74
63 185 81.27
63 186 53.26
63 187 35.0
63 188 18.68
63 189 63.03
63 190 80.45
63 191 52.39
63 192 63.41
63 193 94.76
63 194 86.02
63 195 54.08
63 196 20.22
63 197 60.9
63 198 53.0
63 199 69.87
63 200 31.4
63 201 10.77
64 0 57.58
64 1 26.63
64 2 119.5
64 3 95.75
64 4 84.76
64 5 132.2
64 6 106.15
64 7 44.01
64 8 60.75
64 9 90.87
64 10 66.75
64 11 82.28
64 12 59.03
64 13 59.68
64 14 98.18
64 15 87.8
64 16 53.41
64 17 40.31
64 18 17.12
64 19 93.06
64 20 143.6
64 21 78.01
64 22 58.69
64 23 83.93
64 24 57.14
64 25 129.56
64 26 18.44
64 27 28.64
64 28 65.0
64 29 116.85
64 30 39.6
64 31 93.3
64 32 47.3
64 33 62.2
64 34 10.05
64 35 83.36
64 36 67.62
64 37 26.17
64 38 48.75
64 39 39.85
64 40 48.76
64 41 75.01
64 42 96.67
64 43 66.71
64 44 110.46
64 45 57.14
64 46 29.12
64 47 106.89
64 48 128.06
64 49 43.01
64 50 55.54
64 51 74.01
64 52 49.04
64 53 32.57
64 54 97.99
64 55 27.73
64 56 48.51
64 57 11.18
64 58 51.35
64 59 68.36
64 60 36.07
64 61 52.5
64 62 81.22
64 63 50.12
64 65 88.36
64 66 49.48
64 67 62.27
64 68 31.62
64 69 77.82
64 70 36.72
64 71 132.61
64 72 58.14
64 73 44.91
64 74 75.66
64 75 86.02
64 76 64.66
64 77 60.01
64 78 56.82
64 79 97.08
64 80 128.41
64 81 72.01
64 82 41.11
64 83 103.17
64 84 24.7
64 85 32.65
64 86 65.01
64 87 68.66
64 88 43.01
64 89 87.32
64 90 130.23
64 91 120.37
64 92 45.62
64 93 67.01
64 94 36.4
64 95 49.09
64 96 77.2
64 97 79.06
64 98 59.67
64 99 38.59
64 100 71.45
64 101 124.54
64 102 57.8
64 103 81.05
64 104 10.44
64 105 51.87
64 106 113.46
64 107 77.37
64 108 45.28
64 109 48.51
64 110 104.35
64 111 15.62
64 112 75.95
64 113 15.26
64 114 19.1
64 115 17.12
64 116 82.01
64 117 42.3
64 118 67.19
64 119 48.1
64 120 74.15
64 121 17.2
64 122 67.23
64 123 17.0
64 124 21.26
64 125 58.25
64 126 127.28
64 127 131.21
64 128 123.79
64 129 34.93
64 130 81.3
64 131 9.22
64 132 69.84
64 133 48.41
64 134 57.58
64 135 29.7
64 136 64.47
64 137 5.0
64 138 118.34
64 139 81.91
64 140 19.42
64 141 76.94
64 142 75.96
64 143 120.92
64 144 93.38
64 145 128.84
64 146 104.01
64 147 96.25
64 148 112.29
64 149 39.05
64 150 63.95
64 151 73.57
64 152 40.45
64 153 67.74
64 154 80.06
64 155 90.48
64 156 99.69
64 157 9.85
64 158 125.36
64 159 109.62
64 160 44.92
64 161 114.61
64 162 34.67
64 163 72.53
64 164 6.08
64 165 48.04
64 166 50.61
64 167 48.05
64 168 79.25
64 169 14.42
64 170 48.01
64 171 51.0
64 172 84.86
64 173 41.11
64 174 6.71
64 175 93.78
64 176 20.4
64 177 60.42
64 178 50.01
64 179 85.09
64 180 33.06
64 181 82.86
64 182 59.14
64 183 90.45
64 184 102.8
64 185 43.05
64 186 102.9
64 187 25.63
64 188 68.45
64 189 110.11
64 190 130.38
64 191 62.17
64 192 16.16
64 193 143.68
64 194 135.91
64 195 101.65
64 196 69.46
64 197 111.02
64 198 4.12
64 199 113.75
64 200 69.18
64 201 57.58
65 0 36.06
65 1 69.89
65 2 77.1
65 3 8.06
65 4 21.54
65 5 73.25
65 6 64.78
65 7 44.55
65 8 55.23
65 9 29.43
65 10 97.2
65 11 23.71
65 12 91.81
65 13 94.03
65 14 46.39
65 15 14.32
65 16 64.66
65 17 49.73
65 18 93.41
65 19 36.5
65 20 82.54
65 21 12.21
65 22 46.01
65 23 25.08
65 24 46.14
65 25 79.4
65 26 87.93
65 27 100.66
65 28 32.76
65 29 70.01
65 30 63.25
65 31 56.57
65 32 85.87
65 33 99.02
65 34 78.52
65 35 9.22
65 36 48.8
65 37 91.55
65 38 52.7
65 39 53.85
65 40 46.07
65 41 15.81
65 42 72.24
65 43 44.2
65 44 42.45
65 45 104.24
65 46 60.0
65 47 29.97
65 48 72.99
65 49 47.27
65 50 87.98
65 51 16.64
65 52 42.95
65 53 105.48
65 54 33.02
65 55 82.86
65 56 114.13
65 57 94.73
65 58 37.05
65 59 100.8
65 60 65.52
65 61 54.59
65 62 48.37
65 63 46.82
65 64 88.36
65 66 40.2
65 67 73.25
65 68 58.03
65 69 45.69
65 70 56.89
65 71 74.95
65 72 53.25
65 73 86.82
65 74 102.83
65 75 34.53
65 76 62.01
65 77 103.08
65 78 51.66
65 79 13.89
65 80 65.8
65 81 108.0
65 82 47.27
65 83 49.04
65 84 101.83
65 85 74.69
65 86 104.01
65 87 31.14
65 88 62.43
65 89 28.16
65 90 80.4
65 91 60.21
65 92 48.51
65 93 106.78
65 94 60.64
65 95 94.37
65 96 93.34
65 97 57.78
65 98 62.29
65 99 56.29
65 100 101.83
65 101 63.79
65 102 60.11
65 103 103.97
65 104 91.02
65 105 40.02
65 106 57.22
65 107 17.03
65 108 62.24
65 109 103.08
65 110 59.54
65 111 80.52
65 112 120.37
65 113 102.26
65 114 69.26
65 115 89.56
65 116 16.64
65 117 46.1
65 118 110.14
65 119 49.74
65 120 120.11
65 121 81.04
65 122 39.7
65 123 83.24
65 124 77.79
65 125 111.36
65 126 82.02
65 127 73.76
65 128 77.03
65 129 77.79
65 130 119.81
65 131 97.51
65 132 75.66
65 133 65.3
65 134 44.05
65 135 73.01
65 136 34.13
65 137 84.72
65 138 81.61
65 139 94.18
65 140 88.23
65 141 101.98
65 142 25.5
65 143 78.06
65 144 64.62
65 145 73.16
65 146 49.01
65 147 31.0
65 148 63.01
65 149 101.53
65 150 48.27
65 151 52.35
65 152 99.3
65 153 97.8
65 154 22.85
65 155 23.19
65 156 17.49
65 157 79.91
65 158 64.03
65 159 56.01
65 160 45.28
65 161 49.48
65 162 60.02
65 163 32.45
65 164 90.09
65 165 40.45
65 166 55.0
65 167 44.78
65 168 24.17
65 169 98.06
65 170 40.61
65 171 45.88
65 172 40.02
65 173 60.08
65 174 86.15
65 175 27.02
65 176 69.05
65 177 35.81
65 178 39.05
65 179 27.86
65 180 95.27
65 181 42.72
65 182 105.19
65 183 2.24
65 184 54.33
65 185 103.45
65 186 50.09
65 187 80.6
65 188 33.42
65 189 26.17
65 190 65.79
65 191 47.42
65 192 96.77
65 193 85.44
65 194 70.94
65 195 21.47
65 196 30.61
65 197 46.87
65 198 89.81
65 199 25.5
65 200 19.24
65 201 36.06
66 0 10.0
66 1 37.48
66 2 81.39
66 3 47.0
66 4 35.78
66 5 88.62
66 6 67.08
66 7 11.7
66 8 45.1
66 9 43.01
66 10 66.03
66 11 33.62
66 12 59.03
66 13 61.07
66 14 54.04
66 15 38.33
66 16 33.54
66 17 18.79
66 18 57.8
66 19 46.69
66 20 99.82
66 21 31.95
66 22 35.51
66 23 35.51
66 24 19.0
66 25 89.04
66 26 53.25
66 27 67.2
66 28 17.69
66 29 76.66
66 30 25.61
66 31 68.0
66 32 50.25
66 33 65.95
66 34 40.16
66 35 34.13
66 36 30.41
66 37 58.9
66 38 33.24
66 39 26.0
66 40 25.02
66 41 29.97
66 42 64.33
66 43 41.11
66 44 63.01
66 45 68.77
66 46 20.4
66 47 57.78
66 48 85.6
66 49 7.07
66 50 54.67
66 51 29.07
66 52 5.39
66 53 72.2
66 54 50.22
66 55 51.62
66 56 84.15
66 57 57.38
66 58 6.71
66 59 69.4
66 60 26.93
66 61 23.41
66 62 41.23
66 63 12.65
66 64 49.48
66 65 40.2
66 67 45.31
66 68 18.11
66 69 50.99
66 70 17.09
66 71 89.5
66 72 26.31
66 73 50.45
66 74 73.57
66 75 50.99
66 76 53.04
66 77 68.59
66 78 39.05
66 79 47.68
66 80 83.44
66 81 76.22
66 82 11.4
66 83 58.9
66 84 66.89
66 85 45.8
66 86 70.84
66 87 33.02
66 88 39.22
66 89 39.41
66 90 89.89
66 91 75.69
66 92 10.63
66 93 73.66
66 94 21.47
66 95 58.26
66 96 67.23
66 97 59.48
66 98 50.04
66 99 17.0
66 100 71.28
66 101 79.93
66 102 47.04
66 103 76.48
66 104 51.04
66 105 5.1
66 106 69.53
66 107 27.89
66 108 27.02
66 109 65.73
66 110 63.63
66 111 44.94
66 112 87.0
66 113 64.2
66 114 30.68
66 115 54.38
66 116 32.57
66 117 9.22
66 118 76.38
66 119 29.15
66 120 86.27
66 121 46.04
66 122 24.17
66 123 48.26
66 124 44.05
66 125 75.0
66 126 88.59
66 127 88.09
66 128 84.22
66 129 39.45
66 130 88.24
66 131 58.69
66 132 50.96
66 133 31.62
66 134 32.56
66 135 42.64
66 136 17.8
66 137 46.49
66 138 82.64
66 139 69.89
66 140 53.82
66 141 73.43
66 142 27.46
66 143 82.73
66 144 58.24
66 145 86.21
66 146 59.55
66 147 48.26
66 148 70.72
66 149 62.65
66 150 41.98
66 151 52.2
66 152 60.83
66 153 66.85
66 154 39.82
66 155 41.59
66 156 50.22
66 157 42.15
66 158 80.62
66 159 66.22
66 160 5.1
66 161 68.12
66 162 20.25
66 163 38.01
66 164 52.2
66 165 10.0
66 166 37.22
66 167 22.02
66 168 39.7
66 169 60.93
66 170 11.0
66 171 12.37
66 172 53.01
66 173 22.67
66 174 48.47
66 175 45.28
66 176 32.25
66 177 27.31
66 178 2.24
66 179 37.2
66 180 64.35
66 181 53.0
66 182 70.09
66 183 42.11
66 184 60.46
66 185 74.33
66 186 59.03
66 187 40.8
66 188 22.02
66 189 60.64
66 190 84.9
66 191 39.81
66 192 60.37
66 193 100.9
66 194 90.55
66 195 52.2
66 196 21.93
66 197 64.54
66 198 51.55
66 199 65.01
66 200 22.14
66 201 10.0
67 0 41.05
67 1 69.58
67 2 61.4
67 3 76.55
67 4 55.47
67 5 79.06
67 6 50.33
67 7 54.57
67 8 89.27
67 9 54.71
67 10 24.19
67 11 52.35
67 12 20.4
67 13 22.56
67 14 51.0
67 15 62.77
67 16 12.17
67 17 59.68
67 18 78.29
67 19 51.97
67 20 89.89
67 21 70.84
67 22 80.36
67 23 52.33
67 24 28.6
67 25 72.9
67 26 76.9
67 27 89.96
67 28 41.01
67 29 60.93
67 30 26.17
67 31 113.16
67 32 21.54
67 33 27.2
67 34 58.87
67 35 64.2
67 36 25.06
67 37 84.76
67 38 76.12
67 39 66.37
67 40 68.88
67 41 70.43
67 42 36.62
67 43 86.38
67 44 68.18
67 45 35.13
67 46 46.1
67 47 72.53
67 48 73.74
67 49 42.2
67 50 18.0
67 51 69.81
67 52 39.92
67 53 94.37
67 54 59.44
67 55 81.25
67 56 109.77
67 57 73.43
67 58 52.0
67 59 27.78
67 60 28.64
67 61 21.93
67 62 33.24
67 63 32.7
67 64 62.27
67 65 73.25
67 66 45.31
67 68 44.01
67 69 96.25
67 70 36.01
67 71 78.77
67 72 20.62
67 73 24.17
67 74 29.7
67 75 94.87
67 76 96.88
67 77 32.56
67 78 83.2
67 79 72.47
67 80 77.88
67 81 34.99
67 82 51.97
67 83 55.08
67 84 86.77
67 85 79.63
67 86 31.95
67 87 77.83
67 88 79.1
67 89 52.55
67 90 73.36
67 91 70.21
67 92 35.44
67 93 34.54
67 94 32.06
67 95 28.44
67 96 21.93
67 97 104.68
67 98 93.21
67 99 34.06
67 100 28.6
67 101 73.76
67 102 90.26
67 103 31.62
67 104 55.61
67 105 41.15
67 106 62.97
67 107 56.22
67 108 21.0
67 109 38.47
67 110 50.7
67 111 69.26
67 112 47.85
67 113 76.03
67 114 53.37
67 115 76.69
67 116 57.69
67 117 50.22
67 118 38.28
67 119 72.37
67 120 47.93
67 121 71.17
67 122 33.6
67 123 72.73
67 124 72.03
67 125 43.1
67 126 69.12
67 127 77.49
67 128 66.65
67 129 27.8
67 130 46.62
67 131 68.82
67 132 7.62
67 133 16.03
67 134 77.49
67 135 75.66
67 136 39.6
67 137 63.07
67 138 58.6
67 139 24.74
67 140 77.83
67 141 29.07
67 142 48.26
67 143 62.77
67 144 35.85
67 145 74.67
67 146 56.08
67 147 58.94
67 148 58.52
67 149 43.08
67 150 86.98
67 151 97.41
67 152 39.56
67 153 24.7
67 154 82.42
67 155 58.69
67 156 72.92
67 157 62.03
67 158 74.73
67 159 58.86
67 160 42.72
67 161 69.03
67 162 35.06
67 163 82.76
67 164 68.0
67 165 54.71
67 166 80.06
67 167 65.97
67 168 82.66
67 169 76.66
67 170 55.66
67 171 33.11
67 172 97.62
67 173 27.0
67 174 66.21
67 175 59.14
67 176 59.03
67 177 72.62
67 178 47.54
67 179 51.08
67 180 91.71
67 181 97.95
67 182 35.36
67 183 74.2
67 184 51.62
67 185 102.46
67 186 54.15
67 187 37.2
67 188 39.82
67 189 80.99
67 190 80.6
67 191 84.77
67 192 78.29
67 193 88.64
67 194 85.38
67 195 72.24
67 196 42.64
67 197 66.0
67 198 66.24
67 199 91.68
67 200 62.01
67 201 41.05
68 0 26.0
68 1 26.25
68 2 92.42
68 3 65.03
68 4 53.14
68 5 102.65
68 6 78.41
68 7 16.64
68 8 47.85
68 9 59.48
68 10 59.46
68 11 50.7
68 12 51.62
68 13 53.31
68 14 68.12
68 15 56.29
68 16 32.14
68 17 18.03
68 18 41.87
68 19 62.13
68 20 114.02
68 21 48.84
68 22 40.8
68 23 52.39
68 24 27.66
68 25 101.41
68 26 38.21
68 27 52.35
68 28 33.54
68 29 88.73
68 30 18.11
68 31 76.58
68 32 40.71
68 33 57.7
68 34 22.83
68 35 52.24
68 36 39.41
68 37 45.0
68 38 34.01
68 39 23.41
68 40 28.6
68 41 46.32
68 42 72.01
68 43 48.27
68 44 79.26
68 45 58.01
68 46 2.83
68 47 75.27
68 48 98.99
68 49 11.4
68 50 47.17
68 51 45.35
68 52 17.46
68 53 57.28
68 54 66.65
68 55 39.36
68 56 70.8
68 57 40.31
68 58 21.38
68 59 62.39
68 60 16.76
68 61 26.0
68 62 52.5
68 63 19.8
68 64 31.62
68 65 58.03
68 66 18.11
68 67 44.01
68 69 59.46
68 70 8.25
68 71 103.28
68 72 31.3
68 73 39.96
68 74 68.01
68 75 63.25
68 76 54.78
68 77 58.83
68 78 42.06
68 79 65.76
68 80 98.23
68 81 68.45
68 82 13.04
68 83 73.11
68 84 51.09
68 85 36.14
68 86 62.18
68 87 44.65
68 88 35.36
68 89 55.9
68 90 102.18
68 91 90.27
68 92 14.87
68 93 64.88
68 94 12.04
68 95 47.43
68 96 64.5
68 97 65.19
68 98 50.6
68 99 10.44
68 100 64.85
68 101 94.49
68 102 47.76
68 103 72.03
68 104 33.0
68 105 20.25
68 106 83.63
68 107 45.89
68 108 23.02
68 109 53.04
68 110 75.82
68 111 29.73
68 112 77.39
68 113 46.62
68 114 13.6
68 115 38.9
68 116 50.45
68 117 13.0
68 118 66.89
68 119 30.89
68 120 76.28
68 121 31.24
68 122 36.88
68 123 33.3
68 124 30.53
68 125 63.03
68 126 100.0
68 127 101.86
68 128 96.05
68 129 27.2
68 130 80.06
68 131 40.8
68 132 51.16
68 133 28.0
68 134 38.42
68 135 32.28
68 136 33.12
68 137 29.07
68 138 92.44
68 139 68.18
68 140 38.95
68 141 68.41
68 142 44.38
68 143 93.81
68 144 67.23
68 145 99.7
68 146 73.88
68 147 64.85
68 148 83.49
68 149 48.01
68 150 47.43
68 151 58.25
68 152 46.86
68 153 60.41
68 154 54.13
68 155 58.87
68 156 68.25
68 157 25.24
68 158 95.27
68 159 79.98
68 160 13.34
68 161 83.76
68 162 9.06
68 163 49.41
68 164 34.89
68 165 19.7
68 166 37.7
68 167 26.25
68 168 53.67
68 169 43.91
68 170 20.12
68 171 20.52
68 172 63.89
68 173 17.03
68 174 31.38
68 175 62.24
68 176 17.2
68 177 37.01
68 178 19.0
68 179 53.67
68 180 51.31
68 181 62.97
68 182 59.64
68 183 60.01
68 184 73.54
68 185 61.91
68 186 73.0
68 187 25.24
68 188 37.22
68 189 78.64
68 190 100.0
68 191 45.22
68 192 43.83
68 193 114.56
68 194 105.6
68 195 70.09
68 196 38.01
68 197 80.16
68 198 34.01
68 199 83.05
68 200 39.32
68 201 26.0
69 0 56.32
69 1 51.62
69 2 119.82
69 3 52.35
69 4 62.8
69 5 118.6
69 6 106.3
69 7 43.6
69 8 19.03
69 9 72.18
69 10 116.62
69 11 63.39
69 12 109.29
69 13 111.22
69 14 88.81
69 15 57.97
69 16 84.53
69 17 41.73
69 18 73.98
69 19 78.92
69 20 128.16
69 21 35.9
69 22 19.42
69 23 65.49
69 24 68.62
69 25 123.76
69 26 67.91
69 27 76.24
69 28 59.84
69 29 113.28
69 30 74.89
69 31 17.2
69 32 99.4
69 33 115.94
69 34 68.48
69 35 50.45
69 36 77.88
69 37 67.48
69 38 29.07
69 39 38.83
69 40 31.14
69 41 33.38
69 42 109.37
69 43 11.4
69 44 87.92
69 45 117.29
69 46 59.4
69 47 75.64
69 48 117.88
69 49 55.23
69 50 104.85
69 51 33.24
69 52 56.36
69 53 80.06
69 54 77.37
69 55 58.69
69 56 83.02
69 57 78.75
69 58 44.28
69 59 119.89
69 60 75.0
69 61 74.32
69 62 84.21
69 63 63.56
69 64 77.82
69 65 45.69
69 66 50.99
69 67 96.25
69 68 59.46
69 70 64.4
69 71 120.21
69 72 76.55
69 73 99.02
69 74 124.42
69 75 14.42
69 76 21.19
69 77 117.8
69 78 21.19
69 79 59.51
69 80 111.33
69 81 126.48
69 82 47.01
69 83 92.4
69 84 79.76
69 85 49.82
69 86 120.67
69 87 19.24
69 88 36.14
69 89 69.72
69 90 124.74
69 91 105.36
69 92 61.29
69 93 123.46
69 94 69.4
69 95 106.67
69 96 118.19
69 97 12.08
69 98 24.33
69 99 65.46
69 100 121.94
69 101 109.11
69 102 24.02
69 103 127.46
69 104 85.23
69 105 55.15
69 106 101.64
69 107 53.24
69 108 77.52
69 109 112.49
69 110 101.49
69 111 63.91
69 112 136.4
69 113 86.98
69 114 62.43
69 115 70.09
69 116 56.72
69 117 48.01
69 118 125.8
69 119 30.23
69 120 135.42
69 121 63.25
69 122 69.05
69 123 64.85
69 124 58.82
69 125 122.49
69 126 125.6
69 127 118.96
69 128 120.67
69 129 86.56
69 130 138.4
69 131 85.23
69 132 101.59
69 133 82.37
69 134 21.26
69 135 50.7
69 136 61.0
69 137 72.92
69 138 123.26
69 139 120.7
69 140 67.68
69 141 124.35
69 142 61.01
69 143 120.93
69 144 102.18
69 145 118.14
69 146 92.57
69 147 75.19
69 148 106.37
69 149 106.89
69 150 13.93
69 151 8.06
69 152 106.08
69 153 117.48
69 154 22.85
69 155 66.71
69 156 63.07
69 157 67.98
69 158 109.42
69 159 99.82
69 160 54.2
69 161 94.87
69 162 67.01
69 163 15.0
69 164 76.32
69 165 42.19
69 166 27.51
69 167 33.24
69 168 21.54
69 169 81.04
69 170 41.34
69 171 63.16
69 172 9.49
69 173 72.4
69 174 72.62
69 175 71.06
69 176 58.31
69 177 23.71
69 178 48.75
69 179 68.47
69 180 68.01
69 181 6.08
69 182 118.85
69 183 47.42
69 184 96.75
69 185 72.56
69 186 93.21
69 187 84.17
69 188 63.51
69 189 70.49
69 190 111.43
69 191 15.65
69 192 78.34
69 193 130.92
69 194 116.62
69 195 67.12
69 196 61.29
69 197 92.05
69 198 77.08
69 199 63.7
69 200 39.01
69 201 56.32
70 0 22.09
70 1 34.48
70 2 84.81
70 3 63.29
70 4 49.03
70 5 95.9
70 6 70.94
70 7 20.81
70 8 54.42
70 9 54.42
70 10 52.8
70 11 46.32
70 12 45.18
70 13 47.01
70 14 61.61
70 15 53.15
70 16 24.02
70 17 24.35
70 18 48.8
70 19 56.36
70 20 107.3
70 21 49.04
70 22 46.53
70 23 47.8
70 24 20.62
70 25 94.11
70 26 45.61
70 27 59.67
70 28 28.86
70 29 81.39
70 30 10.77
70 31 81.61
70 32 35.0
70 33 51.62
70 34 29.07
70 35 50.09
70 36 31.89
70 37 52.7
70 38 40.8
70 39 30.59
70 40 34.44
70 41 47.01
70 42 63.95
70 43 53.54
70 44 73.82
70 45 53.08
70 46 10.77
70 47 71.06
70 48 92.02
70 49 10.3
70 50 40.71
70 51 46.1
70 52 14.04
70 53 64.54
70 54 61.47
70 55 47.42
70 56 78.49
70 57 46.4
70 58 22.47
70 59 55.9
70 60 10.63
70 61 17.89
70 62 45.25
70 63 13.42
70 64 36.72
70 65 56.89
70 66 17.09
70 67 36.01
70 68 8.25
70 69 64.4
70 71 96.43
70 72 23.32
70 73 34.71
70 74 61.1
70 75 66.6
70 76 61.68
70 77 53.41
70 78 48.47
70 79 63.03
70 80 91.84
70 81 62.27
70 82 17.49
70 83 66.61
70 84 57.98
70 85 44.38
70 86 56.3
70 87 48.1
70 88 43.1
70 89 50.92
70 90 94.85
70 91 83.82
70 92 9.22
70 93 59.08
70 94 5.0
70 95 42.45
70 96 56.89
70 97 71.12
70 98 57.72
70 99 2.24
70 100 58.18
70 101 88.01
70 102 54.82
70 103 64.85
70 104 35.9
70 105 17.03
70 106 77.01
70 107 43.01
70 108 15.03
70 109 49.2
70 110 68.59
70 111 37.2
70 112 72.01
70 113 51.97
70 114 20.62
70 115 46.1
70 116 47.17
70 117 16.4
70 118 61.4
70 119 37.34
70 120 71.06
70 121 38.83
70 122 30.53
70 123 40.8
70 124 38.47
70 125 58.8
70 126 92.46
70 127 95.02
70 128 88.62
70 129 22.8
70 130 74.09
70 131 45.62
70 132 43.05
70 133 20.1
70 134 43.91
70 135 40.52
70 136 28.16
70 137 35.0
70 138 84.6
70 139 60.41
70 140 46.4
70 141 61.35
70 142 40.02
70 143 86.21
70 144 59.36
70 145 92.76
70 146 67.42
70 147 59.81
70 148 76.38
70 149 45.62
70 150 53.24
70 151 64.01
70 152 43.91
70 153 53.71
70 154 56.3
70 155 54.57
70 156 65.19
70 157 31.83
70 158 88.81
70 159 73.25
70 160 12.08
70 161 77.9
70 162 3.16
70 163 53.04
70 164 40.8
70 165 22.63
70 166 44.64
70 167 31.76
70 168 56.04
70 169 50.0
70 170 23.35
70 171 14.32
70 172 67.9
70 173 9.06
70 174 37.64
70 175 57.57
70 176 25.06
70 177 41.11
70 178 18.79
70 179 48.7
70 180 59.17
70 181 67.36
70 182 54.56
70 183 58.69
70 184 66.6
70 185 69.84
70 186 66.4
70 187 23.77
70 188 31.95
70 189 75.43
70 190 93.74
70 191 51.0
70 192 50.33
70 193 107.63
70 194 99.3
70 195 66.61
70 196 33.24
70 197 74.3
70 198 39.66
70 199 81.15
70 200 39.22
70 201 22.09
71 0 79.51
71 1 126.91
71 2 21.38
71 3 69.72
71 4 58.6
71 5 2.24
71 6 28.46
71 7 100.6
71 8 126.14
71 9 49.19
71 10 96.18
71 11 59.06
71 12 96.77
71 13 98.49
71 14 35.47
71 15 62.3
71 16 81.88
71 17 107.8
71 18 145.1
71 19 43.57
71 20 11.18
71 21 84.43
71 22 115.83
71 23 56.82
71 24 75.82
71 25 10.82
71 26 141.43
71 27 155.57
71 28 71.84
71 29 18.25
71 30 93.48
71 31 131.4
71 32 100.3
71 33 101.79
71 34 125.5
71 35 69.89
71 36 65.0
71 37 147.83
71 38 118.85
71 39 114.62
71 40 110.45
71 41 87.32
71 42 44.41
71 43 116.62
71 44 32.56
71 45 111.61
71 46 106.1
71 47 46.17
71 48 5.1
71 49 93.38
71 50 95.88
71 51 87.66
71 52 87.05
71 53 160.53
71 54 43.08
71 55 141.01
71 56 173.42
71 57 142.76
71 58 92.42
71 59 98.86
71 60 97.08
71 61 80.21
71 62 51.4
71 63 83.49
71 64 132.61
71 65 74.95
71 66 89.5
71 67 78.77
71 68 103.28
71 69 120.21
71 70 96.43
71 72 74.63
71 73 102.88
71 74 95.19
71 75 109.44
71 76 133.82
71 77 108.06
71 78 121.2
71 79 61.81
71 80 10.2
71 81 104.39
71 82 100.9
71 83 30.61
71 84 154.31
71 85 135.25
71 86 105.22
71 87 103.25
71 88 127.03
71 89 52.35
71 90 11.4
71 91 14.87
71 92 88.41
71 93 106.92
71 94 96.21
71 95 106.9
71 96 83.29
71 97 132.2
71 98 132.82
71 99 94.37
71 100 97.51
71 101 11.18
71 102 130.14
71 103 92.01
71 104 129.25
71 105 85.04
71 106 20.0
71 107 68.88
71 108 88.2
71 109 116.76
71 110 28.65
71 111 132.94
71 112 117.15
71 113 147.8
71 114 116.78
71 115 142.17
71 116 64.47
71 117 98.72
71 118 110.89
71 119 114.91
71 120 118.27
71 121 134.35
71 122 66.47
71 123 136.47
71 124 133.0
71 125 119.44
71 126 17.49
71 127 1.41
71 128 15.52
71 129 103.35
71 130 112.0
71 131 141.01
71 132 73.76
71 133 86.45
71 134 113.15
71 135 132.14
71 136 71.7
71 137 131.37
71 138 28.16
71 139 80.06
71 140 142.13
71 141 93.13
71 142 63.81
71 143 20.62
71 144 43.01
71 145 4.12
71 146 30.0
71 147 45.31
71 148 20.59
71 149 121.84
71 150 120.02
71 151 126.19
71 152 118.33
71 153 96.03
71 154 97.53
71 155 53.85
71 156 58.55
71 157 128.22
71 158 11.05
71 159 23.35
71 160 92.02
71 161 25.5
71 162 98.08
71 163 105.95
71 164 137.13
71 165 97.42
71 166 122.3
71 167 107.91
71 168 98.76
71 169 146.35
71 170 98.23
71 171 82.76
71 172 114.98
71 173 91.61
71 174 134.06
71 175 49.4
71 176 120.21
71 177 104.65
71 178 90.43
71 179 54.2
71 180 153.64
71 181 117.63
71 182 111.2
71 183 73.55
71 184 29.83
71 185 163.78
71 186 30.48
71 187 111.65
71 188 67.48
71 189 55.04
71 190 12.08
71 191 118.6
71 192 146.75
71 193 11.4
71 194 11.4
71 195 54.45
71 196 67.8
71 197 28.16
71 198 135.87
71 199 68.47
71 200 84.1
71 201 79.51
72 0 20.59
72 1 57.38
72 2 61.72
72 3 57.25
72 4 37.36
72 5 74.33
72 6 48.08
72 7 37.0
72 8 71.34
72 9 39.01
72 10 44.05
72 11 34.21
72 12 38.59
72 13 40.82
72 14 41.23
72 15 44.01
72 16 11.7
72 17 43.19
72 18 71.7
72 19 38.47
72 20 85.7
72 21 50.25
72 22 61.81
72 23 34.71
72 24 8.06
72 25 71.45
72 26 68.82
72 27 82.8
72 28 20.62
72 29 58.73
72 30 18.87
72 31 93.23
72 32 33.96
72 33 45.79
72 34 51.74
72 35 44.42
72 36 9.85
72 37 76.01
72 38 59.0
72 39 50.36
72 40 51.09
72 41 49.82
72 42 40.72
72 43 67.19
72 44 56.09
72 45 51.62
72 46 34.0
72 47 57.08
72 48 70.0
72 49 25.18
72 50 34.89
72 51 49.2
72 52 21.1
72 53 87.62
72 54 45.1
72 55 70.66
72 56 101.79
72 57 68.59
72 58 32.76
72 59 47.63
72 60 22.47
72 61 5.66
72 62 23.32
72 63 14.0
72 64 58.14
72 65 53.25
72 66 26.31
72 67 20.62
72 68 31.3
72 69 76.55
72 70 23.32
72 71 74.63
72 73 35.51
72 74 50.25
72 75 74.43
72 76 79.23
72 77 50.09
72 78 65.28
72 79 54.08
72 80 71.12
72 81 54.82
72 82 35.13
72 83 46.1
72 84 80.81
72 85 67.07
72 86 50.77
72 87 57.78
72 88 63.64
72 89 36.12
72 90 72.14
72 91 63.06
72 92 18.25
72 93 53.54
72 94 21.93
72 95 42.45
72 96 42.19
72 97 85.62
72 98 76.03
72 99 21.1
72 100 48.84
72 101 67.12
72 102 73.03
72 103 52.2
72 104 54.71
72 105 21.59
72 106 55.95
72 107 36.36
72 108 13.93
72 109 51.97
72 110 46.23
72 111 60.46
72 112 67.12
72 113 73.25
72 114 43.83
72 115 69.2
72 116 38.48
72 117 33.06
72 118 56.94
72 119 55.01
72 120 66.89
72 121 62.13
72 122 14.56
72 123 64.07
72 124 61.77
72 125 59.14
72 126 69.43
72 127 73.24
72 128 65.76
72 129 30.59
72 130 66.71
72 131 66.4
72 132 25.08
72 133 14.0
72 134 58.86
72 135 63.32
72 136 19.21
72 137 57.28
72 138 61.29
72 139 44.28
72 140 69.63
72 141 49.68
72 142 29.15
72 143 63.13
72 144 36.06
72 145 70.8
72 146 47.01
72 147 44.01
72 148 54.2
72 149 53.0
72 150 68.25
72 151 78.34
72 152 50.04
72 153 44.69
72 154 61.85
72 155 41.59
72 156 55.08
72 157 54.67
72 158 68.0
72 159 51.97
72 160 25.02
72 161 58.82
72 162 24.21
72 163 62.65
72 164 62.94
72 165 36.22
72 166 63.0
72 167 48.09
72 168 62.13
72 169 72.14
72 170 37.22
72 171 14.04
72 172 77.37
72 173 17.03
72 174 60.14
72 175 43.1
72 176 48.37
72 177 53.16
72 178 28.44
72 179 34.23
72 180 82.49
72 181 77.88
72 182 52.39
72 183 54.38
72 184 44.94
72 185 93.15
72 186 45.62
72 187 37.7
72 188 20.12
72 189 64.13
72 190 73.35
72 191 66.1
72 192 72.86
72 193 85.6
72 194 78.71
72 195 55.11
72 196 22.83
72 197 55.36
72 198 61.55
72 199 73.39
72 200 41.4
72 201 20.59
73 0 51.0
73 1 60.42
73 2 85.48
73 3 91.76
73 4 72.78
73 5 103.12
73 6 74.46
73 7 55.44
73 8 87.71
73 9 74.33
73 10 22.02
73 11 69.63
73 12 14.14
73 13 15.0
73 14 73.68
73 15 79.12
73 16 24.08
73 17 57.98
73 18 61.98
73 19 73.0
73 20 114.02
73 21 81.3
73 22 80.71
73 23 70.21
73 24 41.11
73 25 97.05
73 26 62.2
73 27 73.55
73 28 54.42
73 29 85.09
73 30 24.84
73 31 116.21
73 32 2.83
73 33 18.44
73 34 45.01
73 35 78.55
73 36 44.05
73 37 70.26
73 38 73.82
73 39 63.06
73 40 68.51
73 41 79.88
73 42 60.54
73 43 88.01
73 44 90.14
73 45 18.38
73 46 40.71
73 47 92.44
73 48 97.86
73 49 44.55
73 50 10.77
73 51 79.06
73 52 45.8
73 53 77.37
73 54 80.06
73 55 69.07
73 56 93.39
73 57 55.79
73 58 56.64
73 59 24.08
73 60 24.08
73 61 32.57
73 62 55.33
73 63 40.31
73 64 44.91
73 65 86.82
73 66 50.45
73 67 24.17
73 68 39.96
73 69 99.02
73 70 34.71
73 71 102.88
73 72 35.51
73 74 31.02
73 75 101.14
73 76 94.37
73 77 18.87
73 78 81.99
73 79 89.29
73 80 101.65
73 81 29.12
73 82 52.01
73 83 78.09
73 84 69.38
73 85 70.04
73 86 22.47
73 87 82.73
73 88 73.74
73 89 71.57
73 90 97.49
73 91 93.86
73 92 40.0
73 93 25.08
73 94 29.73
73 95 7.81
73 96 32.7
73 97 105.15
73 98 89.96
73 99 33.94
73 100 27.02
73 101 97.53
73 102 87.24
73 103 36.22
73 104 36.06
73 105 48.26
73 106 86.59
73 107 70.58
73 108 24.6
73 109 16.49
73 110 74.63
73 111 56.01
73 112 37.44
73 113 56.46
73 114 43.17
73 115 61.4
73 116 73.38
73 117 51.09
73 118 26.93
73 119 70.83
73 120 36.4
73 121 58.01
73 122 50.01
73 123 59.01
73 124 60.21
73 125 24.7
73 126 93.15
73 127 101.59
73 128 90.79
73 129 13.0
73 130 40.31
73 131 49.4
73 132 30.23
73 133 21.84
73 134 78.24
73 135 66.1
73 136 53.14
73 137 47.27
73 138 82.38
73 139 37.58
73 140 63.2
73 141 32.14
73 142 64.29
73 143 86.83
73 144 60.01
73 145 98.79
73 146 79.08
73 147 79.16
73 148 82.54
73 149 18.97
73 150 87.37
73 151 98.18
73 152 15.52
73 153 23.02
73 154 90.27
73 155 77.1
73 156 90.47
73 157 48.0
73 158 98.49
73 159 82.46
73 160 46.01
73 161 91.79
73 162 32.02
73 163 87.69
73 164 50.99
73 165 57.31
73 166 77.37
73 167 66.03
73 168 90.14
73 169 58.52
73 170 58.05
73 171 41.18
73 172 102.59
73 173 27.8
73 174 50.36
73 175 78.52
73 176 49.24
73 177 75.82
73 178 52.5
73 179 69.72
73 180 77.32
73 181 102.07
73 182 19.85
73 183 88.24
73 184 75.19
73 185 87.69
73 186 77.28
73 187 20.0
73 188 55.08
73 189 99.64
73 190 104.29
73 191 85.15
73 192 60.88
73 193 112.81
73 194 109.2
73 195 90.61
73 196 57.57
73 197 88.57
73 198 49.03
73 199 108.52
73 200 71.56
73 201 51.0
74 0 70.43
74 1 90.8
74 2 74.67
74 3 105.8
74 4 84.31
74 5 96.08
74 6 68.07
74 7 81.44
74 8 115.52
74 9 82.3
74 10 9.0
74 11 81.27
74 12 17.03
74 13 16.03
74 14 75.0
74 15 91.84
74 16 40.22
74 17 85.44
74 18 92.78
74 19 78.39
74 20 105.57
74 21 100.5
74 22 107.42
74 23 80.99
74 24 58.14
74 25 86.83
74 26 93.19
74 27 104.24
74 28 70.71
74 29 77.06
74 30 50.33
74 31 141.52
74 32 29.02
74 33 13.93
74 34 76.0
74 35 93.72
74 36 54.2
74 37 101.24
74 38 101.84
74 39 91.39
74 40 95.46
74 41 100.0
74 42 51.0
74 43 114.04
74 44 92.72
74 45 22.8
74 46 69.38
74 47 99.4
74 48 90.14
74 49 69.32
74 50 21.21
74 51 99.36
74 52 68.26
74 53 107.87
74 54 86.01
74 55 100.02
74 56 123.97
74 57 86.31
74 58 80.26
74 59 7.62
74 60 51.24
74 61 50.8
74 62 59.51
74 63 61.29
74 64 75.66
74 65 102.83
74 66 73.57
74 67 29.7
74 68 68.01
74 69 124.42
74 70 61.1
74 71 95.19
74 72 50.25
74 73 31.02
74 75 124.04
74 76 122.7
74 77 18.6
74 78 109.56
74 79 101.24
74 80 97.08
74 81 9.49
74 82 78.39
74 83 78.1
74 84 99.82
74 85 100.6
74 86 13.45
74 87 106.53
74 88 103.08
74 89 80.62
74 90 86.98
74 91 90.35
74 92 63.13
74 93 13.6
74 94 56.3
74 95 26.93
74 96 12.04
74 97 132.0
74 98 118.6
74 99 59.62
74 100 4.47
74 101 93.13
74 102 115.74
74 103 5.83
74 104 66.29
74 105 69.89
74 106 83.6
74 107 85.8
74 108 46.96
74 109 31.91
74 110 70.46
74 111 87.0
74 112 22.0
74 113 86.13
74 114 73.55
74 115 92.35
74 116 87.01
74 117 76.97
74 118 17.0
74 119 98.43
74 120 23.09
74 121 89.0
74 122 63.13
74 123 90.02
74 124 91.09
74 125 28.43
74 126 81.39
74 127 94.13
74 128 80.62
74 129 43.19
74 130 18.03
74 131 79.31
74 132 27.78
74 133 42.06
74 134 104.69
74 135 96.63
74 136 69.3
74 137 78.23
74 138 69.43
74 139 15.3
74 140 94.19
74 141 2.24
74 142 77.62
74 143 75.8
74 144 54.45
74 145 91.14
74 146 79.08
74 147 85.91
74 148 77.1
74 149 41.59
74 150 114.13
74 151 124.81
74 152 38.48
74 153 8.0
74 154 111.83
74 155 86.95
74 156 101.36
74 157 79.01
74 158 94.13
74 159 79.76
74 160 70.24
74 161 91.98
74 162 59.14
74 163 111.52
74 164 81.74
74 165 82.3
74 166 105.62
74 167 92.7
74 168 112.0
74 169 88.84
74 170 83.19
74 171 61.85
74 172 126.48
74 173 52.39
74 174 81.3
74 175 86.77
74 176 79.63
74 177 100.72
74 178 75.8
74 179 79.4
74 180 108.3
74 181 126.57
74 182 21.26
74 183 103.71
74 184 73.16
74 185 118.61
74 186 76.9
74 187 51.01
74 188 69.43
74 189 108.67
74 190 100.12
74 191 111.89
74 192 91.41
74 193 103.1
74 194 104.0
74 195 100.24
74 196 72.25
74 197 89.5
74 198 79.76
74 199 120.22
74 200 91.55
74 201 70.43
75 0 53.85
75 1 61.0
75 2 111.02
75 3 40.16
75 4 54.04
75 5 107.71
75 6 98.08
75 7 46.62
75 8 31.78
75 9 63.01
75 10 116.82
75 11 55.23
75 12 109.99
75 13 112.04
75 14 80.0
75 15 48.09
75 16 83.82
75 17 46.96
75 18 84.48
75 19 70.0
75 20 116.76
75 21 27.29
75 22 28.16
75 23 57.14
75 24 66.37
75 25 113.86
75 26 78.41
75 27 88.02
75 28 55.54
75 29 104.12
75 30 76.37
75 31 22.09
75 32 101.12
75 33 116.93
75 34 76.22
75 35 41.0
75 36 73.93
75 37 79.0
75 38 38.33
75 39 46.17
75 40 37.34
75 41 25.96
75 42 103.16
75 43 21.02
75 44 76.9
75 45 119.52
75 46 63.81
75 47 63.89
75 48 107.52
75 49 56.59
75 50 105.65
75 51 26.25
75 52 56.08
75 53 92.14
75 54 67.36
75 55 70.01
75 56 96.32
75 57 88.46
75 58 44.55
75 59 120.25
75 60 77.16
75 61 73.24
75 62 78.1
75 63 62.8
75 64 86.02
75 65 34.53
75 66 50.99
75 67 94.87
75 68 63.25
75 69 14.42
75 70 66.6
75 71 109.44
75 72 74.43
75 73 101.14
75 74 124.04
75 76 35.34
75 77 119.52
75 78 32.02
75 79 47.8
75 80 100.17
75 81 127.14
75 82 50.22
75 83 83.1
75 84 91.05
75 85 61.01
75 86 121.83
75 87 18.6
75 88 47.01
75 89 61.03
75 90 114.86
75 91 94.73
75 92 61.62
75 93 124.65
75 94 71.51
75 95 108.93
75 96 116.62
75 97 25.5
75 98 37.95
75 99 67.21
75 100 122.0
75 101 98.27
75 102 37.11
75 103 126.48
75 104 92.31
75 105 54.2
75 106 91.66
75 107 45.54
75 108 77.99
75 109 115.75
75 110 93.02
75 111 73.35
75 112 137.97
75 113 96.69
75 114 68.94
75 115 80.5
75 116 48.09
75 117 50.61
75 118 127.35
75 119 38.08
75 120 137.21
75 121 72.99
75 122 64.62
75 123 74.81
75 124 68.73
75 125 125.4
75 126 116.28
75 127 108.26
75 128 111.29
75 129 89.38
75 130 139.18
75 131 94.11
75 132 99.36
75 133 82.46
75 134 28.64
75 135 61.2
75 136 56.86
75 137 81.32
75 138 115.07
75 139 118.6
75 140 78.31
75 141 123.71
75 142 54.13
75 143 112.04
75 144 95.71
75 145 107.69
75 146 83.15
75 147 65.28
75 148 97.13
75 149 111.25
75 150 25.18
75 151 22.47
75 152 110.0
75 153 117.61
75 154 13.34
75 155 57.08
75 156 51.24
75 157 76.24
75 158 98.49
75 159 90.27
75 160 55.15
75 161 83.95
75 162 69.53
75 163 13.89
75 164 85.38
75 165 44.05
75 166 38.01
75 167 38.48
75 168 12.65
75 169 91.08
75 170 43.42
75 171 62.2
75 172 5.83
75 173 73.55
75 174 81.49
75 175 61.2
75 176 65.79
75 177 26.42
75 178 48.84
75 179 60.13
75 180 80.31
75 181 9.22
75 182 120.92
75 183 35.9
75 184 88.0
75 185 85.7
75 186 84.05
75 187 88.48
75 188 58.52
75 189 57.7
75 190 100.0
75 191 26.02
75 192 88.68
75 193 119.82
75 194 105.0
75 195 55.36
75 196 55.97
75 197 81.39
75 198 85.87
75 199 49.82
75 200 33.62
75 201 53.85
76 0 61.13
76 1 38.21
76 2 130.51
76 3 69.53
76 4 75.24
76 5 132.42
76 6 116.42
76 7 42.43
76 8 8.06
76 9 84.69
76 10 114.23
76 11 75.03
76 12 106.4
76 13 108.08
76 14 100.24
76 15 72.07
76 16 84.72
76 17 37.36
76 18 57.27
76 19 90.82
76 20 142.67
76 21 50.48
76 22 18.44
76 23 77.25
76 24 72.03
76 25 136.01
76 26 51.43
76 27 57.49
76 28 66.75
76 29 124.62
76 30 72.42
76 31 30.81
76 32 95.34
76 33 112.4
76 34 56.57
76 35 64.5
76 36 83.05
76 37 49.34
76 38 20.88
76 39 31.38
76 40 28.16
76 41 47.17
76 42 116.52
76 43 17.8
76 44 102.47
76 45 111.89
76 46 53.71
76 47 91.53
76 48 130.92
76 49 54.74
76 50 101.95
76 51 46.65
76 52 58.14
76 53 60.83
76 54 90.8
76 55 41.23
76 56 62.29
76 57 63.13
76 58 47.01
76 59 117.18
76 60 71.51
76 61 75.66
76 62 92.07
76 63 65.28
76 64 64.66
76 65 62.01
76 66 53.04
76 67 96.88
76 68 54.78
76 69 21.19
76 70 61.68
76 71 133.82
76 72 79.23
76 73 94.37
76 74 122.7
76 75 35.34
76 77 113.15
76 78 14.0
76 79 75.8
76 80 125.67
76 81 123.17
76 82 44.91
76 83 104.4
76 84 61.68
76 85 33.12
76 86 116.78
76 87 31.06
76 88 21.93
76 89 81.71
76 90 136.96
76 91 119.01
76 92 61.66
76 93 119.44
76 94 66.41
76 95 101.53
76 96 118.36
76 97 15.52
76 98 5.0
76 99 63.32
76 100 119.62
76 101 123.0
76 102 7.21
76 103 126.53
76 104 73.55
76 105 58.01
76 106 114.39
76 107 65.0
76 108 76.4
76 109 105.69
76 110 112.09
76 111 49.41
76 112 131.53
76 113 71.12
76 114 53.01
76 115 53.67
76 116 69.35
76 117 46.69
76 118 121.2
76 119 24.52
76 120 130.25
76 121 48.26
76 122 75.43
76 123 49.4
76 124 43.83
76 125 115.97
76 126 136.97
76 127 132.5
76 128 132.2
76 129 81.39
76 130 134.66
76 131 70.72
76 132 103.25
76 133 81.49
76 134 21.38
76 135 35.23
76 136 67.6
76 137 59.67
76 138 132.98
76 139 121.6
76 140 50.99
76 141 123.02
76 142 71.17
76 143 131.73
76 144 109.9
76 145 131.31
76 146 104.75
76 147 88.57
76 148 117.95
76 149 98.6
76 150 13.89
76 151 13.34
76 152 98.47
76 153 115.17
76 154 40.31
76 155 80.06
76 156 79.4
76 157 55.23
76 158 123.44
76 159 112.01
76 160 54.45
76 161 109.13
76 162 63.57
76 163 29.73
76 164 61.85
76 165 43.05
76 166 17.09
76 167 31.14
76 168 38.9
76 169 64.85
76 170 42.05
76 171 65.19
76 172 30.68
76 173 70.6
76 174 58.6
76 175 84.53
76 176 47.63
76 177 29.41
76 178 51.01
76 179 80.06
76 180 48.66
76 181 27.2
76 182 113.65
76 183 64.03
76 184 107.86
76 185 52.04
76 186 105.0
76 187 76.85
76 188 71.02
76 189 87.97
76 190 126.18
76 191 15.23
76 192 61.74
76 193 144.93
76 194 131.61
76 195 83.23
76 196 69.43
76 197 105.99
76 198 63.01
76 199 82.98
76 200 49.77
76 201 61.13
77 0 68.01
77 1 78.45
77 2 88.6
77 3 107.33
77 4 87.09
77 5 108.67
77 6 79.91
77 7 74.2
77 8 106.55
77 9 87.09
77 10 12.53
77 11 83.93
77 12 12.17
77 13 10.05
77 14 83.22
77 15 94.02
77 16 38.47
77 17 76.85
77 18 77.01
77 19 84.53
77 20 118.88
77 21 98.6
77 22 99.57
77 23 84.15
77 24 56.94
77 25 100.69
77 26 78.16
77 27 88.14
77 28 70.33
77 29 89.82
77 30 43.19
77 31 135.0
77 32 18.44
77 33 6.32
77 34 61.98
77 35 94.41
77 36 56.92
77 37 86.09
77 38 92.66
77 39 81.88
77 40 87.37
77 41 97.45
77 42 63.79
77 43 106.83
77 44 100.6
77 45 4.24
77 46 59.54
77 47 105.02
77 48 102.96
77 49 63.03
77 50 15.23
77 51 96.67
77 52 63.7
77 53 91.44
77 54 91.98
77 55 85.99
77 56 107.56
77 57 70.11
77 58 74.97
77 59 11.31
77 60 42.8
77 61 48.55
77 62 65.76
77 63 57.63
77 64 60.01
77 65 103.08
77 66 68.59
77 67 32.56
77 68 58.83
77 69 117.8
77 70 53.41
77 71 108.06
77 72 50.09
77 73 18.87
77 74 18.6
77 75 119.52
77 76 113.15
77 78 100.85
77 79 104.0
77 80 108.56
77 81 12.17
77 82 70.8
77 83 87.05
77 84 83.38
77 85 87.8
77 86 5.39
77 87 101.24
77 88 92.31
77 89 84.77
77 90 100.96
77 91 101.24
77 92 58.0
77 93 7.0
77 94 48.41
77 95 11.7
77 96 26.93
77 97 124.02
77 98 108.69
77 99 52.5
77 100 14.21
77 101 104.48
77 102 105.99
77 103 24.41
77 104 50.04
77 105 65.95
77 106 94.13
77 107 86.35
77 108 41.87
77 109 13.42
77 110 81.3
77 111 72.84
77 112 18.6
77 113 69.05
77 114 61.35
77 115 77.06
77 116 88.57
77 117 69.81
77 118 8.06
77 119 89.69
77 120 17.69
77 121 74.81
77 122 64.47
77 123 75.54
77 124 77.47
77 125 11.4
77 126 95.82
77 127 106.89
77 128 94.37
77 129 31.76
77 130 21.84
77 131 62.51
77 132 35.01
77 133 38.01
77 134 97.08
77 135 83.93
77 136 68.96
77 137 63.2
77 138 84.15
77 139 31.62
77 140 79.16
77 141 20.62
77 142 79.2
77 143 89.84
77 144 65.49
77 145 103.94
77 146 88.05
77 147 91.44
77 148 88.68
77 149 23.41
77 150 106.23
77 151 117.05
77 152 20.62
77 153 13.04
77 154 108.3
77 155 90.76
77 156 104.75
77 157 64.78
77 158 105.48
77 159 90.09
77 160 64.38
77 161 101.08
77 162 50.8
77 163 106.22
77 164 66.0
77 165 75.93
77 166 96.18
77 167 84.88
77 168 108.25
77 169 72.34
77 170 76.69
77 171 58.41
77 172 121.17
77 173 45.97
77 174 66.12
77 175 91.48
77 176 67.36
77 177 94.49
77 178 70.71
77 179 83.17
77 180 93.05
77 181 120.74
77 182 3.16
77 183 104.32
77 184 83.02
77 185 103.0
77 186 86.02
77 187 37.36
77 188 70.21
77 189 113.23
77 190 111.45
77 191 104.01
77 192 75.17
77 193 116.91
77 194 115.85
77 195 104.36
77 196 72.9
77 197 98.18
77 198 64.0
77 199 123.31
77 200 89.02
77 201 68.01
78 0 47.17
78 1 30.46
78 2 117.05
78 3 59.55
78 4 62.65
78 5 119.88
78 6 102.88
78 7 28.64
78 8 6.08
78 9 72.01
78 10 101.24
78 11 62.17
78 12 93.52
78 13 95.27
78 14 87.09
78 15 60.22
78 16 71.06
78 17 24.17
78 18 52.95
78 19 77.88
78 20 130.36
78 21 39.6
78 22 5.66
78 23 64.4
78 24 58.03
78 25 122.93
78 26 46.87
78 27 56.01
78 28 52.95
78 29 111.33
78 30 59.24
78 31 36.62
78 32 82.76
78 33 99.73
78 34 47.71
78 35 52.8
78 36 69.07
78 37 47.01
78 38 8.49
78 39 19.21
78 40 14.32
78 41 36.07
78 42 102.59
78 43 11.0
78 44 90.43
78 45 99.86
78 46 41.34
78 47 80.28
78 48 118.11
78 49 41.0
78 50 89.05
78 51 35.38
78 52 44.18
78 53 60.13
78 54 78.39
78 55 38.05
78 56 65.15
78 57 57.57
78 58 33.02
78 59 104.28
78 60 58.6
78 61 61.81
78 62 78.26
78 63 51.35
78 64 56.82
78 65 51.66
78 66 39.05
78 67 83.2
78 68 42.06
78 69 21.19
78 70 48.47
78 71 121.2
78 72 65.28
78 73 81.99
78 74 109.56
78 75 32.02
78 76 14.0
78 77 100.85
78 79 65.07
78 80 113.37
78 81 110.46
78 82 31.32
78 83 91.39
78 84 59.14
78 85 29.07
78 86 104.24
78 87 20.81
78 88 15.13
78 89 68.88
78 90 123.86
78 91 106.47
78 92 47.85
78 93 106.94
78 94 53.31
78 95 89.36
78 96 104.81
78 97 23.43
78 98 11.7
78 99 49.98
78 100 106.62
78 101 110.54
78 102 8.94
78 103 113.22
78 104 64.64
78 105 44.01
78 106 101.55
78 107 52.35
78 108 62.94
78 109 94.2
78 110 98.67
78 111 42.72
78 112 119.36
78 113 65.8
78 114 42.45
78 115 49.03
78 116 56.94
78 117 32.98
78 118 108.91
78 119 11.18
78 120 118.19
78 121 42.06
78 122 61.52
78 123 43.68
78 124 37.64
78 125 104.4
78 126 123.65
78 127 119.85
78 128 118.93
78 129 69.12
78 130 122.12
78 131 64.08
78 132 89.44
78 133 68.01
78 134 8.06
78 135 29.61
78 136 53.76
78 137 51.88
78 138 119.33
78 139 107.94
78 140 46.69
78 141 109.79
78 142 57.94
78 143 118.3
78 144 96.03
78 145 118.53
78 146 91.79
78 147 76.16
78 148 104.75
78 149 87.78
78 150 7.28
78 151 17.03
78 152 87.32
78 153 102.16
78 154 32.2
78 155 67.74
78 156 68.62
78 157 47.01
78 158 111.02
78 159 99.01
78 160 40.61
78 161 96.9
78 162 50.57
78 163 21.54
78 164 55.15
78 165 29.07
78 166 6.32
78 167 17.26
78 168 30.87
78 169 59.91
78 170 28.07
78 171 51.24
78 172 29.27
78 173 57.25
78 174 51.48
78 175 72.2
78 176 37.8
78 177 16.64
78 178 37.01
78 179 67.12
78 180 48.37
78 181 26.68
78 182 101.55
78 183 53.81
78 184 94.58
78 185 54.41
78 186 91.92
78 187 65.44
78 188 57.27
78 189 77.83
78 190 114.06
78 191 6.0
78 192 57.27
78 193 132.41
78 194 119.57
78 195 72.25
78 196 55.79
78 197 93.65
78 198 55.95
78 199 74.63
78 200 37.22
78 201 47.17
79 0 41.0
79 1 80.96
79 2 65.92
79 3 8.0
79 4 17.0
79 5 60.02
79 6 54.71
79 7 54.42
79 8 68.88
79 9 20.81
79 10 96.65
79 11 20.12
79 12 92.2
79 13 94.43
79 14 36.4
79 15 10.2
79 16 65.79
79 17 60.42
79 18 103.82
79 19 27.29
79 20 68.96
79 21 25.5
79 22 59.41
79 23 20.25
79 24 48.27
79 25 67.01
79 26 98.62
79 27 111.83
79 28 35.36
79 29 58.55
79 30 67.48
79 31 69.63
79 32 87.93
79 33 99.32
79 34 87.56
79 35 13.93
79 36 47.41
79 37 102.86
79 38 65.44
79 39 65.37
79 40 58.25
79 41 29.0
79 42 64.66
79 43 58.01
79 44 29.27
79 45 105.69
79 46 68.07
79 47 16.16
79 48 60.21
79 49 54.45
79 50 88.77
79 51 29.7
79 52 49.09
79 53 116.73
79 54 21.84
79 55 94.41
79 56 126.25
79 57 104.4
79 58 46.17
79 59 100.24
79 60 70.26
79 61 56.75
79 62 43.14
79 63 51.16
79 64 97.08
79 65 13.89
79 66 47.68
79 67 72.47
79 68 65.76
79 69 59.51
79 70 63.03
79 71 61.81
79 72 54.08
79 73 89.29
79 74 101.24
79 75 47.8
79 76 75.8
79 77 104.0
79 78 65.07
79 80 52.39
79 81 107.42
79 82 56.61
79 83 38.08
79 84 112.54
79 85 86.61
79 86 104.22
79 87 44.82
79 88 75.0
79 89 21.21
79 90 68.01
79 91 47.27
79 92 54.0
79 93 106.89
79 94 66.03
79 95 96.46
79 96 90.8
79 97 71.59
79 98 75.93
79 99 62.0
79 100 100.85
79 101 50.64
79 102 73.66
79 103 101.61
79 104 98.51
79 105 46.1
79 106 45.04
79 107 20.02
79 108 65.31
79 109 105.77
79 110 49.34
79 111 90.82
79 112 120.31
79 113 111.57
79 114 78.1
79 115 100.09
79 116 16.12
79 117 55.08
79 118 110.49
79 119 62.2
79 120 120.3
79 121 91.55
79 122 39.56
79 123 93.78
79 124 88.64
79 125 113.22
79 126 70.18
79 127 60.67
79 128 65.19
79 129 81.88
79 130 118.85
79 131 106.3
79 132 73.5
79 133 67.45
79 134 57.28
79 135 84.6
79 136 36.5
79 137 93.86
79 138 71.06
79 139 90.91
79 140 99.01
79 141 100.12
79 142 25.0
79 143 66.75
79 144 57.14
79 145 60.3
79 146 37.85
79 147 20.25
79 148 51.62
79 149 105.55
79 150 62.01
79 151 66.24
79 152 102.96
79 153 97.13
79 154 36.67
79 155 14.87
79 156 3.61
79 157 89.29
79 158 50.8
79 159 44.41
79 160 52.47
79 161 36.35
79 162 66.01
79 163 46.32
79 164 99.46
79 165 50.33
79 166 68.01
79 167 56.6
79 168 38.01
79 169 107.86
79 170 50.7
79 171 50.16
79 172 53.45
79 173 64.38
79 174 95.6
79 175 17.0
79 176 78.75
79 177 48.84
79 178 47.07
79 179 22.02
79 180 107.04
79 181 56.3
79 182 106.4
79 183 12.08
79 184 43.97
79 185 115.66
79 186 39.29
79 187 86.09
79 188 34.21
79 189 13.42
79 190 52.2
79 191 61.07
79 192 106.89
79 193 72.03
79 194 57.25
79 195 7.62
79 196 31.78
79 197 34.06
79 198 98.95
79 199 19.31
79 200 30.02
79 201 41.0
80 0 73.55
80 1 120.92
80 2 26.93
80 3 60.21
80 4 50.77
80 5 8.06
80 6 29.02
80 7 94.18
80 8 118.12
80 9 41.62
80 10 97.13
80 11 51.61
80 12 96.88
80 13 98.73
80 14 30.23
80 15 53.71
80 16 79.48
80 17 101.32
80 18 140.09
80 19 36.8
80 20 17.0
80 21 75.77
80 22 107.91
80 23 49.41
80 24 71.28
80 25 19.42
80 26 136.12
80 27 150.23
80 28 65.76
80 29 21.19
80 30 89.94
80 31 122.02
80 32 99.2
80 33 102.4
80 34 120.8
80 35 61.33
80 36 61.29
80 37 142.21
80 38 111.5
80 39 107.94
80 40 103.23
80 41 78.79
80 42 46.17
80 43 108.26
80 44 23.41
80 45 111.88
80 46 101.04
80 47 36.5
80 48 11.4
80 49 87.86
80 50 95.52
80 51 79.2
80 52 81.47
80 53 155.22
80 54 34.99
80 55 135.06
80 56 167.59
80 57 138.22
80 58 85.8
80 59 100.04
80 60 93.54
80 61 76.54
80 62 47.85
80 63 78.6
80 64 128.41
80 65 65.8
80 66 83.44
80 67 77.88
80 68 98.23
80 69 111.33
80 70 91.84
80 71 10.2
80 72 71.12
80 73 101.65
80 74 97.08
80 75 100.17
80 76 125.67
80 77 108.56
80 78 113.37
80 79 52.39
80 81 106.0
80 82 94.76
80 83 25.24
80 84 149.31
80 85 128.89
80 86 106.17
80 87 94.85
80 88 120.0
80 89 45.0
80 90 20.25
80 91 8.06
80 92 83.41
80 93 108.07
80 94 92.11
80 95 106.3
80 96 85.05
80 97 123.37
80 98 124.91
80 99 89.87
80 100 99.0
80 101 4.12
80 102 122.3
80 103 94.43
80 104 125.78
80 105 79.25
80 106 15.23
80 107 61.06
80 108 84.97
80 109 116.3
80 110 27.29
80 111 127.66
80 112 119.07
80 113 143.67
80 114 111.83
80 115 137.0
80 116 56.44
80 117 92.63
80 118 112.07
80 119 107.65
80 120 120.02
80 121 128.97
80 122 61.4
80 123 131.14
80 124 127.35
80 125 119.82
80 126 25.5
80 127 9.49
80 128 22.02
80 129 100.85
80 130 114.44
80 131 137.06
80 132 73.68
80 133 83.77
80 134 105.31
80 135 125.94
80 136 65.8
80 137 126.83
80 138 34.13
80 139 82.3
80 140 136.78
80 141 95.13
80 142 56.85
80 143 26.63
80 144 43.1
80 145 10.82
80 146 24.41
80 147 37.22
80 148 20.0
80 149 120.6
80 150 111.8
80 151 117.55
80 152 117.18
80 153 97.08
80 154 88.54
80 155 45.65
80 156 49.03
80 157 123.41
80 158 3.16
80 159 19.31
80 160 86.37
80 161 16.55
80 162 93.74
80 163 97.31
80 164 132.64
80 165 90.79
80 166 114.83
80 167 100.8
80 168 89.81
80 169 141.82
80 170 91.55
80 171 77.8
80 172 105.77
80 173 87.82
80 174 129.4
80 175 41.18
80 176 114.87
80 177 96.75
80 178 84.17
80 179 47.01
80 180 147.79
80 181 108.52
80 182 111.65
80 183 64.29
80 184 26.57
80 185 157.72
80 186 25.55
80 187 108.69
80 188 61.55
80 189 45.0
80 190 3.16
80 191 110.48
80 192 142.0
80 193 19.65
80 194 7.62
80 195 44.91
80 196 61.52
80 197 19.72
80 198 131.49
80 199 58.31
80 200 76.16
80 201 73.55
81 0 74.25
81 1 89.5
81 2 84.01
81 3 111.52
81 4 90.43
81 5 105.23
81 6 77.0
81 7 83.01
81 8 116.3
81 9 89.16
81 10 10.82
81 11 87.32
81 12 17.2
81 13 15.26
81 14 82.98
81 15 97.75
81 16 43.86
81 17 86.31
81 18 89.05
81 19 85.7
81 20 114.86
81 21 104.74
81 22 108.78
81 23 87.24
81 24 62.37
81 25 96.18
81 26 90.05
81 27 100.24
81 28 75.43
81 29 86.21
81 30 51.62
81 31 143.67
81 32 27.86
81 33 10.77
81 34 73.55
81 35 99.05
81 36 60.03
81 37 98.02
81 38 102.46
81 39 91.79
81 40 96.65
81 41 103.95
81 42 60.07
81 43 115.76
81 44 100.66
81 45 15.81
81 46 69.46
81 47 106.63
81 48 99.32
81 49 71.28
81 50 21.63
81 51 103.24
81 52 71.06
81 53 103.59
81 54 93.3
81 55 97.62
81 56 119.71
81 57 82.22
81 58 82.8
81 59 7.21
81 60 51.88
81 61 54.45
81 62 66.73
81 63 64.44
81 64 72.01
81 65 108.0
81 66 76.22
81 67 34.99
81 68 68.45
81 69 126.48
81 70 62.27
81 71 104.39
81 72 54.82
81 73 29.12
81 74 9.49
81 75 127.14
81 76 123.17
81 77 12.17
81 78 110.46
81 79 107.42
81 80 106.0
81 82 79.76
81 83 86.31
81 84 95.52
81 85 99.04
81 86 7.0
81 87 109.2
81 88 102.79
81 89 87.24
81 90 96.34
81 91 99.13
81 92 65.6
81 93 5.39
81 94 57.31
81 95 23.09
81 96 21.1
81 97 133.36
81 98 118.85
81 99 61.06
81 100 7.07
81 101 102.02
81 102 116.08
81 103 14.42
81 104 62.13
81 105 73.0
81 106 92.27
81 107 91.02
81 108 49.2
81 109 25.3
81 110 79.16
81 111 84.48
81 112 13.34
81 113 81.22
81 114 72.28
81 115 89.01
81 116 92.65
81 117 78.55
81 118 7.81
81 119 99.28
81 120 14.04
81 121 86.47
81 122 68.51
81 123 87.28
81 124 88.96
81 125 19.85
81 126 90.8
81 127 103.31
81 128 89.94
81 129 42.06
81 130 12.04
81 131 74.67
81 132 34.79
81 133 44.69
81 134 106.17
81 135 95.13
81 136 74.03
81 137 75.06
81 138 78.85
81 139 24.74
81 140 91.05
81 141 11.7
81 142 83.22
81 143 85.16
81 144 63.13
81 145 100.32
81 146 87.3
81 147 93.05
81 148 86.01
81 149 35.44
81 150 115.49
81 151 126.27
81 152 32.76
81 153 10.3
81 154 115.36
81 155 93.47
81 156 107.78
81 157 76.42
81 158 103.02
81 159 88.36
81 160 72.42
81 161 100.28
81 162 59.94
81 163 114.2
81 164 78.03
81 165 84.31
81 166 106.1
81 167 94.02
81 168 115.43
81 169 84.48
81 170 85.15
81 171 65.12
81 172 129.2
81 173 54.08
81 174 78.03
81 175 93.62
81 176 78.34
81 177 102.9
81 178 78.41
81 179 85.87
81 180 105.0
81 181 129.03
81 182 13.93
81 183 109.04
81 184 81.61
81 185 115.04
81 186 85.16
81 187 48.66
81 188 74.63
81 189 115.55
81 190 109.02
81 191 113.25
81 192 87.28
81 193 112.45
81 194 113.02
81 195 106.93
81 196 77.42
81 197 97.67
81 198 76.03
81 199 126.59
81 200 95.46
81 201 74.25
82 0 21.4
82 1 26.17
82 2 92.59
82 3 54.74
82 4 46.32
82 5 100.0
82 6 78.29
82 7 3.61
82 8 37.36
82 9 54.04
82 10 70.21
82 11 44.41
82 12 62.65
82 13 64.5
82 14 65.44
82 15 47.93
82 16 39.81
82 17 8.06
82 18 47.42
82 19 57.98
82 20 111.2
82 21 37.05
82 22 29.07
82 23 46.4
82 24 28.86
82 25 100.4
82 26 42.54
82 27 56.3
82 28 29.07
82 29 87.98
82 30 28.18
82 31 64.2
82 32 52.43
82 33 69.12
82 34 31.26
82 35 42.72
82 36 40.8
82 37 47.8
82 38 24.19
82 39 15.3
82 40 17.09
82 41 34.23
82 42 74.73
82 43 36.06
82 44 74.03
82 45 70.29
82 46 13.93
82 47 68.0
82 48 97.01
82 49 10.0
82 50 58.18
82 51 33.24
82 52 14.87
82 53 61.29
82 54 61.22
82 55 40.31
82 56 72.86
82 57 47.8
82 58 10.44
82 59 73.36
82 60 28.02
82 61 31.02
82 62 52.33
82 63 21.21
82 64 41.11
82 65 47.27
82 66 11.4
82 67 51.97
82 68 13.04
82 69 47.01
82 70 17.49
82 71 100.9
82 72 35.13
82 73 52.01
82 74 78.39
82 75 50.22
82 76 44.91
82 77 70.8
82 78 31.32
82 79 56.61
82 80 94.76
82 81 79.76
82 83 70.29
82 84 56.36
82 85 34.41
82 86 73.78
82 87 31.62
82 88 28.64
82 89 50.45
82 90 101.24
82 91 87.05
82 92 17.0
82 93 76.55
82 94 22.47
82 95 59.67
82 96 73.5
82 97 53.67
82 98 41.3
82 99 18.79
82 100 75.58
82 101 91.29
82 102 38.33
82 103 81.93
82 104 44.55
82 105 16.12
82 106 80.92
82 107 37.58
82 108 31.62
82 109 65.8
82 110 74.95
82 111 34.44
82 112 89.4
82 113 55.11
82 114 22.02
82 115 43.83
82 116 42.49
82 117 2.24
82 118 78.82
82 119 20.4
82 120 88.41
82 121 35.36
82 122 35.36
82 123 37.59
82 124 33.02
82 125 75.66
82 126 99.85
82 127 99.49
82 128 95.52
82 129 39.62
82 130 91.59
82 131 50.25
82 132 58.42
82 133 36.69
82 134 26.42
82 135 31.24
82 136 29.21
82 137 37.48
82 138 93.62
82 139 76.69
82 140 43.05
82 141 78.55
82 142 38.42
82 143 93.94
82 144 68.95
82 145 97.62
82 146 70.94
82 147 59.2
82 148 82.1
82 149 61.03
82 150 35.78
82 151 46.53
82 152 59.82
82 153 71.11
82 154 41.23
82 155 52.15
82 156 59.46
82 157 32.76
82 158 91.97
82 159 77.62
82 160 10.2
82 161 79.31
82 162 20.0
82 163 36.4
82 164 42.95
82 165 7.07
82 166 28.16
82 167 14.32
82 168 40.72
82 169 51.24
82 170 7.28
82 171 21.38
82 172 50.99
82 173 26.0
82 174 39.05
82 175 56.04
82 176 22.14
82 177 24.08
82 178 10.63
82 179 48.27
82 180 53.08
82 181 50.21
82 182 71.84
82 183 49.37
82 184 71.85
82 185 62.97
82 186 70.43
82 187 38.28
82 188 33.42
82 189 69.89
82 190 96.18
82 191 33.54
82 192 50.33
82 193 112.29
82 194 101.83
82 195 61.85
82 196 33.24
82 197 75.74
82 198 42.58
82 199 72.69
82 200 28.07
82 201 21.4
83 0 48.92
83 1 96.33
83 2 28.07
83 3 45.89
83 4 29.61
83 5 29.73
83 6 17.0
83 7 70.0
83 8 96.57
83 9 20.22
83 10 76.53
83 11 29.41
83 12 75.01
83 13 77.03
83 14 5.0
83 15 35.01
83 16 55.08
83 17 77.2
83 18 114.98
83 19 13.6
83 20 41.01
83 21 56.57
83 22 86.16
83 23 27.2
83 24 46.04
83 25 31.62
83 26 111.13
83 27 125.26
83 28 41.23
83 29 21.02
83 30 64.85
83 31 105.17
83 32 75.8
83 33 81.15
83 34 95.6
83 35 42.19
83 36 36.25
83 37 117.38
83 38 88.59
83 39 84.05
83 40 80.13
83 41 59.03
83 42 30.81
83 43 87.64
83 44 15.26
83 45 90.0
83 46 75.93
83 47 26.63
83 48 26.93
83 49 62.94
83 50 73.06
83 51 59.23
83 52 56.57
83 53 130.23
83 54 16.28
83 55 110.45
83 56 142.9
83 57 113.0
83 58 61.85
83 59 79.76
83 60 68.43
83 61 51.43
83 62 23.09
83 63 53.41
83 64 103.17
83 65 49.04
83 66 58.9
83 67 55.08
83 68 73.11
83 69 92.4
83 70 66.61
83 71 30.61
83 72 46.1
83 73 78.09
83 74 78.1
83 75 83.1
83 76 104.4
83 77 87.05
83 78 91.39
83 79 38.08
83 80 25.24
83 81 86.31
83 82 70.29
83 84 124.2
83 85 104.64
83 86 85.38
83 87 74.46
83 88 96.57
83 89 22.8
83 90 32.57
83 91 17.2
83 92 58.26
83 93 87.57
83 94 66.89
83 95 83.38
83 96 66.22
83 97 104.14
83 98 103.08
83 99 64.64
83 100 79.25
83 101 21.4
83 102 100.32
83 103 76.54
83 104 100.65
83 105 54.49
83 106 10.63
83 107 39.56
83 108 60.01
83 109 93.43
83 110 11.66
83 111 102.65
83 112 99.64
83 113 118.43
83 114 86.68
83 115 111.95
83 116 35.69
83 117 68.12
83 118 91.55
83 119 84.6
83 120 100.28
83 121 104.0
83 122 36.24
83 123 106.15
83 124 102.53
83 125 98.0
83 126 33.24
83 127 29.21
83 128 28.28
83 129 76.22
83 130 96.05
83 131 111.83
83 132 52.15
83 133 59.14
83 134 83.38
83 135 101.53
83 136 41.11
83 137 101.61
83 138 32.98
83 139 64.51
83 140 111.8
83 141 76.4
83 142 33.54
83 143 29.02
83 144 24.6
83 145 27.46
83 146 1.0
83 147 18.11
83 148 14.04
83 149 96.88
83 150 90.76
83 151 97.74
83 152 93.56
83 153 76.66
83 154 70.35
83 155 26.02
83 156 35.74
83 157 98.23
83 158 22.2
83 159 7.62
83 160 61.52
83 161 14.04
83 162 68.51
83 163 77.67
83 164 107.42
83 165 66.85
83 166 92.13
83 167 77.52
83 168 71.45
83 169 116.61
83 170 67.68
83 171 52.63
83 172 88.28
83 173 62.65
83 174 104.2
83 175 22.02
83 176 89.87
83 177 75.03
83 178 59.82
83 179 24.35
83 180 123.11
83 181 90.55
83 182 90.02
83 183 48.17
83 184 6.4
83 185 133.21
83 186 1.41
83 187 83.77
83 188 36.88
83 189 37.44
83 190 27.29
83 191 89.2
83 192 116.82
83 193 42.01
83 194 32.76
83 195 32.31
83 196 37.2
83 197 11.4
83 198 106.25
83 199 51.62
83 200 54.71
83 201 48.92
84 0 76.28
84 1 32.02
84 2 142.52
84 3 109.73
84 4 102.58
84 5 153.72
84 6 128.82
84 7 58.18
84 8 60.83
84 9 109.84
84 10 91.01
84 11 100.5
84 12 83.43
84 13 83.95
84 14 119.21
84 15 104.22
84 16 77.39
84 17 52.2
84 18 9.22
84 19 113.0
84 20 165.1
84 21 90.25
84 22 63.0
84 23 102.4
84 24 78.52
84 25 152.07
84 26 13.93
84 27 5.83
84 28 84.05
84 29 139.34
84 30 63.01
84 31 92.44
84 32 71.84
84 33 86.15
84 34 29.07
84 35 98.62
84 36 89.83
84 37 12.37
84 38 53.04
84 39 48.27
84 40 56.89
84 41 86.83
84 42 120.43
84 43 70.11
84 44 129.8
84 45 80.16
84 46 48.27
84 47 124.35
84 48 149.97
84 49 61.61
84 50 80.08
84 51 85.87
84 52 68.01
84 53 8.06
84 54 117.05
84 55 21.1
84 56 24.19
84 57 13.6
84 58 66.64
84 59 92.4
84 60 59.64
84 61 75.17
84 62 103.24
84 63 70.84
84 64 24.7
84 65 101.83
84 66 66.89
84 67 86.77
84 68 51.09
84 69 79.76
84 70 57.98
84 71 154.31
84 72 80.81
84 73 69.38
84 74 99.82
84 75 91.05
84 76 61.68
84 77 83.38
84 78 59.14
84 79 112.54
84 80 149.31
84 81 95.52
84 82 56.36
84 83 124.2
84 85 30.07
84 86 88.57
84 87 76.42
84 88 44.05
84 89 106.23
84 90 152.79
84 91 141.35
84 92 65.95
84 93 90.35
84 94 58.9
84 95 72.99
84 96 101.83
84 97 77.2
84 98 57.01
84 99 60.11
84 100 95.52
84 101 145.58
84 102 56.29
84 103 105.32
84 104 33.54
84 105 70.46
84 106 134.71
84 107 93.91
84 108 68.82
84 109 71.03
84 110 126.57
84 111 21.95
84 112 98.05
84 113 15.52
84 114 37.54
84 115 12.53
84 116 98.84
84 117 58.18
84 118 90.09
84 119 54.33
84 120 96.08
84 121 21.02
84 122 87.97
84 123 18.79
84 124 24.04
84 125 80.06
84 126 150.23
84 127 152.9
84 128 146.51
84 129 59.62
84 130 104.02
84 131 21.0
84 132 94.37
84 133 72.4
84 134 63.07
84 135 30.07
84 136 83.82
84 137 23.85
84 138 141.82
84 139 106.57
84 140 13.6
84 141 101.2
84 142 94.34
84 143 143.93
84 144 116.66
84 145 150.7
84 146 124.96
84 147 115.12
84 148 134.36
84 149 61.0
84 150 66.27
84 151 73.55
84 152 63.07
84 153 91.98
84 154 88.57
84 155 108.41
84 156 115.55
84 157 26.17
84 158 146.35
84 159 131.05
84 160 63.25
84 161 134.62
84 162 56.64
84 163 79.1
84 164 18.79
84 165 62.24
84 166 53.04
84 167 57.49
84 168 87.46
84 169 11.05
84 170 61.85
84 171 71.59
84 172 88.36
84 173 64.03
84 174 20.81
84 175 112.16
84 176 34.67
84 177 68.73
84 178 66.73
84 179 104.01
84 180 14.87
84 181 85.59
84 182 82.15
84 183 104.04
84 184 124.52
84 185 21.19
84 186 124.08
84 187 50.33
84 188 88.01
84 189 125.92
84 190 151.03
84 191 65.12
84 192 8.54
84 193 165.56
84 194 156.65
84 195 118.11
84 196 88.48
84 197 131.02
84 198 20.62
84 199 127.2
84 200 82.87
84 201 76.28
85 0 55.8
85 1 10.05
85 2 126.76
85 3 82.73
85 4 79.31
85 5 134.32
85 6 112.51
85 7 34.71
85 8 31.05
85 9 87.68
85 10 91.66
85 11 77.79
85 12 83.6
85 13 84.85
85 14 99.81
85 15 79.4
85 16 68.07
85 17 27.59
85 18 24.35
85 19 92.1
85 20 145.45
85 21 62.65
85 22 33.06
85 23 79.91
85 24 62.17
85 25 134.79
85 26 18.38
85 27 27.17
85 28 63.41
85 29 122.33
85 30 53.46
85 31 63.32
85 32 71.7
85 33 88.46
85 34 26.4
85 35 72.95
85 36 74.25
85 37 18.03
85 38 23.35
85 39 21.4
85 40 28.64
85 41 59.09
85 42 107.7
85 43 40.05
85 44 107.52
85 45 85.73
85 46 33.73
85 47 100.0
85 48 131.4
85 49 42.94
85 50 79.4
85 51 58.18
85 52 48.88
85 53 31.58
85 54 94.76
85 55 9.0
85 56 39.66
85 57 30.02
85 58 43.14
85 59 94.05
85 60 51.16
85 61 61.98
85 62 86.45
85 63 54.13
85 64 32.65
85 65 74.69
85 66 45.8
85 67 79.63
85 68 36.14
85 69 49.82
85 70 44.38
85 71 135.25
85 72 67.07
85 73 70.04
85 74 100.6
85 75 61.01
85 76 33.12
85 77 87.8
85 78 29.07
85 79 86.61
85 80 128.89
85 81 99.04
85 82 34.41
85 83 104.64
85 84 30.07
85 86 92.2
85 87 47.07
85 88 14.0
85 89 84.15
85 90 135.62
85 91 121.26
85 92 49.24
85 93 94.59
85 94 47.68
85 95 76.16
85 96 99.01
85 97 48.33
85 98 28.18
85 99 46.57
85 100 96.88
85 101 125.5
85 102 26.93
85 103 105.3
85 104 42.44
85 105 50.48
85 106 115.26
85 107 69.66
85 108 58.86
85 109 78.19
85 110 109.29
85 111 17.03
85 112 105.3
85 113 38.01
85 114 27.07
85 115 20.62
85 116 74.65
85 117 36.62
85 118 95.6
85 119 25.3
85 120 103.73
85 121 15.56
85 122 69.64
85 123 16.4
85 124 11.4
85 125 88.39
85 126 134.11
85 127 133.84
85 128 129.85
85 129 57.43
85 130 109.64
85 131 37.8
85 132 86.98
85 133 63.64
85 134 33.38
85 135 4.0
85 136 63.6
85 137 27.8
85 138 127.46
85 139 103.08
85 140 18.03
85 141 101.4
85 142 72.14
85 143 128.13
85 144 102.46
85 145 132.0
85 146 105.26
85 147 92.66
85 148 116.5
85 149 69.78
85 150 36.22
85 151 43.97
85 152 70.38
85 153 92.66
85 154 59.23
85 155 85.04
85 156 89.89
85 157 24.19
85 158 126.15
85 159 112.0
85 160 43.91
85 161 113.15
85 162 44.72
85 163 49.37
85 164 29.07
85 165 38.18
85 166 23.0
85 167 30.02
85 168 58.05
85 169 31.78
85 170 37.48
85 171 54.56
85 172 58.31
85 173 52.95
85 174 26.17
85 175 89.2
85 176 21.02
85 177 39.85
85 178 44.82
85 179 82.04
85 180 20.62
85 181 55.58
85 182 87.64
85 183 76.92
85 184 106.25
85 185 29.21
85 186 104.81
85 187 50.45
85 188 67.8
85 189 99.98
85 190 130.18
85 191 35.06
85 192 28.79
85 193 146.65
85 194 135.83
85 195 92.91
85 196 67.48
85 197 109.62
85 198 30.41
85 199 99.54
85 200 56.6
85 201 55.8
86 0 69.53
86 1 82.71
86 2 85.38
86 3 107.91
86 4 87.24
86 5 105.93
86 6 77.32
86 7 77.1
86 8 110.02
86 9 86.65
86 10 9.06
86 11 84.1
86 12 12.21
86 13 10.0
86 14 81.74
86 15 94.37
86 16 39.41
86 17 80.13
86 18 82.05
86 19 83.68
86 20 115.92
86 21 100.12
86 22 102.73
86 23 84.17
86 24 58.01
86 25 97.51
86 26 83.05
86 27 93.26
86 28 71.28
86 29 86.98
86 30 45.8
86 31 137.88
86 32 21.47
86 33 5.0
86 34 66.61
86 35 95.19
86 36 56.86
86 37 91.02
86 38 96.15
86 39 85.43
86 40 90.55
86 41 99.16
86 42 60.83
86 43 109.84
86 44 99.3
86 45 9.43
86 46 63.07
86 47 104.4
86 48 100.13
86 49 65.6
86 50 16.28
86 51 98.41
86 52 65.8
86 53 96.63
86 54 91.21
86 55 90.67
86 56 112.75
86 57 75.24
86 58 77.34
86 59 6.71
86 60 45.79
86 61 49.82
86 62 64.76
86 63 59.41
86 64 65.01
86 65 104.01
86 66 70.84
86 67 31.95
86 68 62.18
86 69 120.67
86 70 56.3
86 71 105.22
86 72 50.77
86 73 22.47
86 74 13.45
86 75 121.83
86 76 116.78
86 77 5.39
86 78 104.24
86 79 104.22
86 80 106.17
86 81 7.0
86 82 73.78
86 83 85.38
86 84 88.57
86 85 92.2
86 87 103.71
86 88 96.21
86 89 84.5
86 90 97.74
86 91 99.02
86 92 60.21
86 93 2.83
86 94 51.31
86 95 16.12
86 96 22.85
86 97 127.26
86 98 112.4
86 99 55.22
86 100 9.22
86 101 102.12
86 102 109.66
86 103 19.21
86 104 55.15
86 105 67.88
86 106 92.0
86 107 87.13
86 108 43.86
86 109 18.79
86 110 79.03
86 111 77.52
86 112 16.4
86 113 74.33
86 114 65.52
86 115 82.01
86 116 89.07
86 117 72.67
86 118 6.32
86 119 93.06
86 120 16.12
86 121 79.51
86 122 64.88
86 123 80.31
86 124 82.04
86 125 15.26
86 126 92.44
86 127 104.09
86 128 91.22
86 129 35.47
86 130 17.89
86 131 67.74
86 132 33.24
86 133 39.62
86 134 100.17
86 135 88.29
86 136 69.89
86 137 68.07
86 138 80.65
86 139 27.29
86 140 84.05
86 141 15.56
86 142 79.65
86 143 86.59
86 144 63.07
86 145 101.12
86 146 86.37
86 147 90.8
86 148 86.21
86 149 28.79
86 150 109.42
86 151 120.22
86 152 25.96
86 153 9.22
86 154 110.31
86 155 90.62
86 156 104.79
86 157 69.46
86 158 103.12
86 159 88.01
86 160 66.84
86 161 99.41
86 162 53.85
86 163 108.71
86 164 71.03
86 165 78.6
86 166 99.74
86 167 87.98
86 168 110.32
86 169 77.52
86 170 79.4
86 171 60.14
86 172 123.69
86 173 48.41
86 174 71.03
86 175 91.08
86 176 71.57
86 177 97.2
86 178 73.0
86 179 83.01
86 180 98.01
86 181 123.41
86 182 7.81
86 183 105.15
86 184 81.06
86 185 108.04
86 186 84.29
86 187 41.77
86 188 70.83
86 189 112.95
86 190 109.11
86 191 107.19
86 192 80.31
86 193 113.78
86 194 113.36
86 195 104.18
86 196 73.57
86 197 96.63
86 198 69.03
86 199 123.48
86 200 90.69
86 201 69.53
87 0 37.34
87 1 45.0
87 2 101.43
87 3 38.9
87 4 44.92
87 5 101.77
87 6 87.69
87 7 28.02
87 8 24.08
87 9 54.41
87 10 99.05
87 11 45.12
87 12 92.01
87 13 94.02
87 14 70.61
87 15 41.15
87 16 66.37
87 17 28.79
87 18 69.03
87 19 60.88
87 20 111.83
87 21 19.42
87 22 15.26
87 23 47.3
87 24 49.77
87 25 106.04
87 26 63.07
87 27 74.15
87 28 40.61
87 29 95.13
87 30 58.05
87 31 35.47
87 32 82.81
87 33 98.86
87 34 58.69
87 35 33.54
87 36 58.69
87 37 64.94
87 38 23.77
87 39 29.15
87 40 20.1
87 41 16.12
87 42 90.2
87 43 13.42
87 44 71.55
87 45 101.12
87 46 45.28
87 47 60.46
87 48 100.57
87 49 38.21
87 50 87.62
87 51 15.65
87 52 38.28
87 53 78.64
87 54 60.17
87 55 55.9
87 56 85.23
87 57 72.17
87 58 26.4
87 59 102.42
87 60 58.69
87 61 55.95
87 62 65.07
87 63 45.28
87 64 68.66
87 65 31.14
87 66 33.02
87 67 77.83
87 68 44.65
87 69 19.24
87 70 48.1
87 71 103.25
87 72 57.78
87 73 82.73
87 74 106.53
87 75 18.6
87 76 31.06
87 77 101.24
87 78 20.81
87 79 44.82
87 80 94.85
87 81 109.2
87 82 31.62
87 83 74.46
87 84 76.42
87 85 47.07
87 86 103.71
87 88 33.53
87 89 51.66
87 90 107.0
87 91 88.39
87 92 43.6
87 93 106.53
87 94 53.04
87 95 90.51
87 96 99.73
87 97 30.07
87 98 31.14
87 99 48.8
87 100 104.29
87 101 92.31
87 102 29.0
87 103 109.27
87 104 74.33
87 105 36.72
87 106 84.12
87 107 34.93
87 108 60.0
87 109 97.19
87 110 83.02
87 111 57.08
87 112 119.75
87 113 80.31
87 114 50.92
87 115 65.03
87 116 38.9
87 117 32.02
87 118 109.12
87 119 22.09
87 120 118.93
87 121 57.01
87 122 49.82
87 123 59.0
87 124 53.01
87 125 106.89
87 126 107.49
87 127 101.95
87 128 102.61
87 129 70.84
87 130 121.21
87 131 77.1
87 132 82.86
87 133 64.64
87 134 13.93
87 135 46.39
87 136 41.77
87 137 64.13
87 138 104.58
87 139 102.04
87 140 63.13
87 141 106.33
87 142 42.19
87 143 102.59
87 144 83.05
87 145 100.9
87 146 74.73
87 147 57.94
87 148 88.29
87 149 92.66
87 150 17.2
87 151 23.35
87 152 91.4
87 153 99.86
87 154 12.17
87 155 49.4
87 156 48.41
87 157 59.03
87 158 92.7
87 159 82.01
87 160 36.88
87 161 78.29
87 162 50.99
87 163 5.0
87 164 68.59
87 165 25.5
87 166 25.08
87 167 20.62
87 168 11.05
87 169 75.06
87 170 24.84
87 171 44.78
87 172 20.0
87 173 55.32
87 174 64.63
87 175 53.85
87 176 48.27
87 177 8.25
87 178 30.81
87 179 50.22
87 180 67.45
87 181 20.12
87 182 102.55
87 183 33.24
87 184 78.45
87 185 74.46
87 186 75.19
87 187 69.89
87 188 44.28
87 189 57.28
87 190 95.26
87 191 16.28
87 192 73.0
87 193 114.24
87 194 100.65
87 195 52.2
87 196 42.11
87 197 75.24
87 198 68.88
87 199 53.85
87 200 20.1
87 201 37.34
88 0 48.85
88 1 16.4
88 2 120.42
88 3 70.49
88 4 69.53
88 5 125.92
88 6 106.1
88 7 27.51
88 8 17.89
88 9 78.41
88 10 94.37
88 11 68.41
88 12 86.4
88 13 87.93
88 14 91.92
88 15 68.62
88 16 67.03
88 17 20.62
88 18 37.85
88 19 83.49
88 20 136.82
88 21 50.25
88 22 19.1
88 23 70.6
88 24 57.49
88 25 127.53
88 26 31.78
88 27 41.11
88 28 55.9
88 29 115.38
88 30 53.46
88 31 50.54
88 32 74.95
88 33 92.03
88 34 34.66
88 35 61.72
88 36 69.38
88 37 32.02
88 38 9.85
88 39 13.34
88 40 16.97
88 41 46.65
88 42 103.32
88 43 26.08
88 44 97.84
88 45 90.8
88 46 33.73
88 47 89.2
88 48 123.49
88 49 38.47
88 50 82.01
88 51 45.79
88 52 43.42
88 53 45.4
88 54 85.28
88 55 23.0
88 56 51.89
88 57 42.72
88 58 34.89
88 59 97.12
88 60 51.97
88 61 59.21
88 62 80.41
88 63 49.82
88 64 43.01
88 65 62.43
88 66 39.22
88 67 79.1
88 68 35.36
88 69 36.14
88 70 43.1
88 71 127.03
88 72 63.64
88 73 73.74
88 74 103.08
88 75 47.01
88 76 21.93
88 77 92.31
88 78 15.13
88 79 75.0
88 80 120.0
88 81 102.79
88 82 28.64
88 83 96.57
88 84 44.05
88 85 14.0
88 86 96.21
88 87 33.53
88 89 75.0
88 90 128.41
88 91 112.65
88 92 45.4
88 93 98.79
88 94 47.38
88 95 80.62
88 96 99.85
88 97 36.06
88 98 17.03
88 99 45.04
88 100 99.72
88 101 116.83
88 102 14.87
88 103 107.28
88 104 51.66
88 105 44.27
88 106 107.07
88 107 59.46
88 108 58.14
88 109 84.22
88 110 102.42
88 111 28.18
88 112 110.49
88 113 50.92
88 114 31.38
88 115 33.96
88 116 64.38
88 117 30.81
88 118 100.32
88 119 12.81
88 120 109.12
88 121 27.31
88 122 63.32
88 123 28.79
88 124 22.85
88 125 94.51
88 126 127.48
88 127 125.64
88 128 122.98
88 129 60.75
88 130 114.02
88 131 49.65
88 132 86.01
88 133 63.2
88 134 19.65
88 135 14.56
88 136 56.36
88 137 38.01
88 138 121.84
88 139 103.48
88 140 31.58
88 141 103.59
88 142 63.25
88 143 121.74
88 144 97.42
88 145 124.02
88 146 97.1
88 147 83.1
88 148 109.18
88 149 76.84
88 150 22.36
88 151 30.87
88 152 76.85
88 153 95.34
88 154 45.61
88 155 75.07
88 156 78.41
88 157 33.42
88 158 117.41
88 159 104.1
88 160 38.83
88 161 103.86
88 162 44.41
88 163 35.51
88 164 40.71
88 165 29.97
88 166 9.0
88 167 19.21
88 168 44.38
88 169 44.92
88 170 29.07
88 171 50.01
88 172 44.41
88 173 52.15
88 174 37.22
88 175 79.4
88 176 25.81
88 177 26.83
88 178 37.7
88 179 73.01
88 180 33.96
88 181 41.77
88 182 92.61
88 183 64.66
88 184 98.88
88 185 41.15
88 186 96.9
88 187 55.47
88 188 60.37
88 189 88.23
88 190 121.04
88 191 21.1
88 192 42.2
88 193 138.4
88 194 126.66
88 195 81.69
88 196 59.54
88 197 100.42
88 198 41.68
88 199 86.76
88 200 45.34
88 201 48.85
89 0 30.02
89 1 76.58
89 2 50.16
89 3 27.46
89 4 7.0
89 5 51.11
89 6 37.05
89 7 49.52
89 8 73.93
89 9 3.61
89 10 76.56
89 11 6.71
89 12 72.73
89 13 74.95
89 14 19.1
89 15 13.93
89 16 47.52
89 17 56.57
89 18 97.1
89 19 9.22
89 20 61.85
89 21 34.06
89 22 63.56
89 23 4.47
89 24 32.25
89 25 54.41
89 26 92.66
89 27 106.61
89 28 22.36
89 29 43.57
89 30 52.47
89 31 83.0
89 32 69.87
89 33 79.71
89 34 78.71
89 35 20.1
89 36 27.89
89 37 98.23
89 38 66.57
89 39 63.03
89 40 58.25
89 41 36.35
89 42 44.28
89 43 64.85
89 44 23.6
89 45 86.83
89 46 58.59
89 47 21.0
89 48 49.24
89 49 44.78
89 50 69.64
89 51 36.5
89 52 38.47
89 53 111.61
89 54 10.82
89 55 90.69
89 56 123.24
89 57 96.18
89 58 41.01
89 59 80.11
89 60 55.73
89 61 40.01
89 62 21.93
89 63 37.64
89 64 87.32
89 65 28.16
89 66 39.41
89 67 52.55
89 68 55.9
89 69 69.72
89 70 50.92
89 71 52.35
89 72 36.12
89 73 71.57
89 74 80.62
89 75 61.03
89 76 81.71
89 77 84.77
89 78 68.88
89 79 21.21
89 80 45.0
89 81 87.24
89 82 50.45
89 83 22.8
89 84 106.23
89 85 84.15
89 86 84.5
89 87 51.66
89 88 75.0
89 90 55.36
89 91 37.74
89 92 41.79
89 93 87.09
89 94 52.63
89 95 78.26
89 96 69.89
89 97 81.39
89 98 80.53
89 99 49.34
89 100 80.5
89 101 41.88
89 102 77.82
89 103 80.71
89 104 86.68
89 105 35.85
89 106 32.7
89 107 16.76
89 108 49.04
89 109 87.97
89 110 32.0
89 111 84.31
89 112 100.32
89 113 102.46
89 114 69.35
89 115 93.74
89 116 13.04
89 117 48.41
89 118 90.82
89 119 62.68
89 120 100.46
89 121 85.45
89 122 22.02
89 123 87.66
89 124 83.41
89 125 94.59
89 126 55.9
89 127 51.0
89 128 50.99
89 129 66.07
89 130 98.41
89 131 96.38
89 132 52.84
89 133 50.09
89 134 60.84
89 135 81.34
89 136 22.85
89 137 84.97
89 138 54.04
89 139 69.81
89 140 93.23
89 141 79.4
89 142 12.04
89 143 51.24
89 144 36.67
89 145 49.66
89 146 23.09
89 147 8.94
89 148 36.67
89 149 89.05
89 150 68.01
89 151 74.95
89 152 86.15
89 153 76.97
89 154 48.01
89 155 6.4
89 156 20.81
89 157 81.01
89 158 42.44
89 159 30.36
89 160 43.05
89 161 29.0
89 162 53.45
89 163 54.92
89 164 90.79
89 165 45.97
89 166 69.97
89 167 55.8
89 168 49.04
89 169 99.76
89 170 46.69
89 171 36.69
89 172 66.01
89 173 49.65
89 174 87.24
89 175 7.0
89 176 71.56
89 177 52.39
89 178 39.82
89 179 2.24
89 180 103.48
89 181 68.12
89 182 87.36
89 183 27.86
89 184 27.07
89 185 113.17
89 186 23.54
89 187 71.85
89 188 18.97
89 189 28.46
89 190 46.1
89 191 66.48
89 192 99.48
89 193 63.63
89 194 51.74
89 195 19.7
89 196 17.89
89 197 25.5
89 198 89.9
89 199 39.66
89 200 31.95
89 201 30.02
90 0 79.92
90 1 126.83
90 2 12.37
90 3 76.01
90 4 62.1
90 5 13.45
90 6 24.08
90 7 101.36
90 8 129.1
90 9 52.63
90 10 88.77
90 11 61.98
90 12 90.14
90 13 91.71
90 14 36.77
90 15 66.91
90 16 78.01
90 17 108.56
90 18 143.63
90 19 46.17
90 20 19.1
90 21 88.84
90 22 118.68
90 23 59.77
90 24 74.52
90 25 1.0
90 26 140.36
90 27 154.47
90 28 72.56
90 29 13.45
90 30 90.69
90 31 136.94
90 32 94.81
90 33 94.64
90 34 123.76
90 35 74.33
90 36 62.97
90 37 147.12
90 38 120.77
90 39 115.6
90 40 112.26
90 41 91.44
90 42 37.34
90 43 120.21
90 44 39.12
90 45 104.69
90 46 105.0
90 47 53.24
90 48 8.94
90 49 93.01
90 50 89.69
90 51 91.68
90 52 86.84
90 53 159.36
90 54 47.52
90 55 140.8
90 56 172.88
90 57 140.73
90 58 93.54
90 59 91.22
90 60 94.26
90 61 77.79
90 62 49.68
90 63 82.46
90 64 130.23
90 65 80.4
90 66 89.89
90 67 73.36
90 68 102.18
90 69 124.74
90 70 94.85
90 71 11.4
90 72 72.14
90 73 97.49
90 74 86.98
90 75 114.86
90 76 136.96
90 77 100.96
90 78 123.86
90 79 68.01
90 80 20.25
90 81 96.34
90 82 101.24
90 83 32.57
90 84 152.79
90 85 135.62
90 86 97.74
90 87 107.0
90 88 128.41
90 89 55.36
90 91 21.38
90 92 87.46
90 93 99.25
90 94 94.05
90 95 100.85
90 96 75.31
90 97 136.57
90 98 135.56
90 99 92.7
90 100 89.63
90 101 19.31
90 102 132.77
90 103 83.38
90 104 126.04
90 105 85.15
90 106 23.19
90 107 72.12
90 108 85.15
90 109 110.49
90 110 26.4
90 111 131.89
90 112 108.78
90 113 145.25
90 114 115.43
90 115 140.93
90 116 68.15
90 117 99.02
90 118 103.16
90 119 116.73
90 120 110.03
90 121 133.42
90 122 66.03
90 123 135.47
90 124 132.44
90 125 112.36
90 126 6.32
90 127 11.31
90 128 6.71
90 129 99.3
90 130 103.24
90 131 138.29
90 132 67.62
90 133 82.8
90 134 115.88
90 135 132.31
90 136 72.2
90 137 129.4
90 138 18.03
90 139 71.7
90 140 141.11
90 141 84.85
90 142 65.92
90 143 11.18
90 144 37.74
90 145 9.43
90 146 32.28
90 147 49.65
90 148 19.24
90 149 116.3
90 150 123.33
90 151 130.25
90 152 112.73
90 153 88.53
90 154 102.42
90 155 58.05
90 156 65.01
90 157 126.62
90 158 19.7
90 159 25.0
90 160 91.84
90 161 32.25
90 162 96.18
90 163 110.11
90 164 135.07
90 165 98.49
90 166 124.39
90 167 109.57
90 168 103.58
90 169 144.28
90 170 99.36
90 171 81.84
90 172 120.21
90 173 89.14
90 174 132.23
90 175 53.76
90 176 119.33
90 177 107.56
90 178 91.07
90 179 56.92
90 180 153.22
90 181 122.64
90 182 104.12
90 183 79.23
90 184 29.53
90 185 163.6
90 186 31.95
90 187 108.0
90 188 68.1
90 189 62.97
90 190 22.8
90 191 121.76
90 192 144.96
90 193 16.12
90 194 22.8
90 195 61.03
90 196 68.88
90 197 34.01
90 198 133.69
90 199 76.9
90 200 87.28
90 201 79.92
91 0 65.76
91 1 113.17
91 2 24.08
91 3 55.23
91 4 43.83
91 5 13.42
91 6 22.56
91 7 86.56
91 8 111.36
91 9 34.48
91 10 90.01
91 11 44.42
91 12 89.45
91 13 91.35
91 14 22.2
91 15 47.43
91 16 71.51
91 17 93.72
91 18 132.14
91 19 29.21
91 20 24.21
91 21 69.57
91 22 101.07
91 23 42.19
91 24 63.25
91 25 20.4
91 26 128.22
91 27 142.34
91 28 58.0
91 29 17.03
91 30 81.88
91 31 116.73
91 32 91.44
91 33 95.13
91 34 112.8
91 35 55.03
91 36 53.24
91 37 134.38
91 38 104.31
91 39 100.42
91 40 95.96
91 41 72.45
91 42 39.81
91 43 101.77
91 44 18.03
91 45 104.48
91 46 93.09
91 47 32.02
91 48 13.0
91 49 79.98
91 50 87.97
91 51 72.8
91 52 73.59
91 53 147.32
91 54 28.23
91 55 127.31
91 56 159.81
91 57 130.21
91 58 78.24
91 59 93.01
91 60 85.48
91 61 68.48
91 62 39.81
91 63 70.6
91 64 120.37
91 65 60.21
91 66 75.69
91 67 70.21
91 68 90.27
91 69 105.36
91 70 83.82
91 71 14.87
91 72 63.06
91 73 93.86
91 74 90.35
91 75 94.73
91 76 119.01
91 77 101.24
91 78 106.47
91 79 47.27
91 80 8.06
91 81 99.13
91 82 87.05
91 83 17.2
91 84 141.35
91 85 121.26
91 86 99.02
91 87 88.39
91 88 112.65
91 89 37.74
91 90 21.38
91 92 75.43
91 93 101.0
91 94 84.06
91 95 98.66
91 96 78.31
91 97 117.34
91 98 118.07
91 99 81.84
91 100 92.09
91 101 4.24
91 102 115.41
91 103 87.97
91 104 117.72
91 105 71.42
91 106 7.28
91 107 54.12
91 108 76.92
91 109 108.67
91 110 20.0
91 111 119.75
91 112 112.29
91 113 135.62
91 114 103.86
91 115 129.07
91 116 49.66
91 117 84.9
91 118 105.0
91 119 100.4
91 120 113.16
91 121 121.08
91 122 53.41
91 123 123.24
91 124 119.52
91 125 112.45
91 126 25.08
91 127 13.6
91 128 20.59
91 129 92.85
91 130 107.91
91 131 129.0
91 132 66.27
91 133 75.77
91 134 98.41
91 135 118.26
91 136 57.98
91 137 118.81
91 138 31.11
91 139 75.8
91 140 128.89
91 141 88.46
91 142 49.41
91 143 24.21
91 144 36.01
91 145 13.04
91 146 16.4
91 147 30.46
91 148 13.6
91 149 112.79
91 150 105.19
91 151 111.33
91 152 109.38
91 153 90.0
91 154 82.71
91 155 39.0
91 156 44.1
91 157 115.42
91 158 5.0
91 159 11.4
91 160 78.52
91 161 11.0
91 162 85.7
91 163 91.08
91 164 124.62
91 165 83.24
91 166 107.7
91 167 93.48
91 168 83.93
91 169 133.81
91 170 84.02
91 171 69.81
91 172 100.22
91 173 79.76
91 174 121.4
91 175 34.54
91 176 106.96
91 177 89.89
91 178 76.49
91 179 39.66
91 180 140.01
91 181 102.84
91 182 104.31
91 183 58.86
91 184 18.68
91 185 150.01
91 186 17.49
91 187 100.65
91 188 53.74
91 189 41.59
91 190 10.44
91 191 103.79
91 192 134.01
91 193 25.94
91 194 15.65
91 195 40.05
91 196 53.81
91 197 13.34
91 198 123.46
91 199 55.54
91 200 69.32
91 201 65.76
92 0 13.0
92 1 39.82
92 2 77.94
92 3 54.59
92 4 39.81
92 5 87.78
92 6 63.82
92 7 19.24
92 8 53.94
92 9 45.31
92 10 55.47
92 11 37.11
92 12 48.41
92 13 50.45
92 14 53.26
92 15 44.05
92 16 23.41
92 17 25.02
92 18 56.73
92 19 47.51
92 20 99.16
92 21 41.59
92 22 44.92
92 23 38.6
92 24 13.04
92 25 86.68
92 26 53.04
92 27 67.18
92 28 19.65
92 29 74.03
92 30 15.26
92 31 78.39
92 32 39.7
92 33 55.32
92 34 37.44
92 35 41.3
92 36 25.06
92 37 59.67
92 38 41.11
92 39 32.14
92 40 33.54
92 41 39.96
92 42 58.52
92 43 51.08
92 44 64.85
92 45 58.26
92 46 17.69
92 47 61.85
92 48 84.15
92 49 7.0
92 50 44.05
92 51 39.12
92 52 5.83
92 53 72.12
92 54 52.39
92 55 53.54
92 56 85.43
92 57 54.92
92 58 17.2
92 59 58.82
92 60 17.09
92 61 14.04
92 62 37.8
92 63 5.0
92 64 45.62
92 65 48.51
92 66 10.63
92 67 35.44
92 68 14.87
92 69 61.29
92 70 9.22
92 71 88.41
92 72 18.25
92 73 40.0
92 74 63.13
92 75 61.62
92 76 61.66
92 77 58.0
92 78 47.85
92 79 54.0
92 80 83.41
92 81 65.6
92 82 17.0
92 83 58.26
92 84 65.95
92 85 49.24
92 86 60.21
92 87 43.6
92 88 45.4
92 89 41.79
92 90 87.46
92 91 75.43
92 93 63.03
92 94 12.17
92 95 47.8
92 96 57.25
92 97 69.29
92 98 58.22
92 99 8.0
92 100 60.75
92 101 79.65
92 102 55.23
92 103 66.21
92 104 45.12
92 105 8.54
92 106 68.77
92 107 34.01
92 108 16.4
92 109 55.57
92 110 61.07
92 111 44.55
92 112 76.38
92 113 60.83
92 114 28.43
92 115 53.76
92 116 38.05
92 117 15.03
92 118 65.76
92 119 37.22
92 120 75.66
92 121 46.01
92 122 22.02
92 123 48.1
92 124 45.0
92 125 64.64
92 126 85.45
92 127 87.0
92 128 81.4
92 129 29.55
92 130 77.62
92 131 54.63
92 132 41.59
92 133 21.1
92 134 42.06
92 135 45.62
92 136 18.97
92 137 43.57
92 138 78.29
92 139 60.17
92 140 53.76
92 141 63.06
92 142 30.81
92 143 79.32
92 144 53.23
92 145 84.85
92 146 59.03
92 147 50.7
92 148 68.68
92 149 53.14
92 150 51.55
92 151 62.03
92 152 51.08
92 153 56.3
92 154 50.33
92 155 45.35
92 156 56.08
92 157 40.0
92 158 80.43
92 159 65.12
92 160 7.28
92 161 69.12
92 162 12.04
92 163 48.6
92 164 49.4
92 165 19.31
92 166 45.1
92 167 30.59
92 168 50.25
92 169 58.52
92 170 20.25
92 171 5.66
92 172 63.6
92 173 12.21
92 174 46.04
92 175 48.38
92 176 31.89
92 177 37.59
92 178 12.81
92 179 39.56
92 180 65.8
92 181 63.51
92 182 59.55
92 183 50.22
92 184 58.69
92 185 76.28
92 186 58.14
92 187 32.25
92 188 22.85
92 189 66.27
92 190 85.21
92 191 49.34
92 192 58.6
92 193 99.7
92 194 90.8
92 195 57.43
92 196 24.04
92 197 65.51
92 198 48.37
92 199 72.34
92 200 31.76
92 201 13.0
93 0 72.35
93 1 85.16
93 2 86.88
93 3 110.64
93 4 89.9
93 5 107.67
93 6 79.16
93 7 79.88
93 8 112.71
93 9 89.2
93 10 11.05
93 11 86.76
93 12 15.0
93 13 12.81
93 14 84.01
93 15 97.06
93 16 42.2
93 17 82.86
93 18 84.01
93 19 86.13
93 20 117.55
93 21 102.94
93 22 105.48
93 23 86.82
93 24 60.8
93 25 99.04
93 26 85.15
93 27 95.13
93 28 74.06
93 29 88.68
93 30 48.6
93 31 140.66
93 32 24.19
93 33 7.81
93 34 68.88
93 35 97.94
93 36 59.51
93 37 93.09
93 38 98.84
93 39 88.1
93 40 93.3
93 41 101.98
93 42 62.51
93 43 112.61
93 44 101.61
93 45 10.44
93 46 65.74
93 47 106.9
93 48 101.83
93 49 68.41
93 50 19.1
93 51 101.24
93 52 68.62
93 53 98.41
93 54 93.68
93 55 92.91
93 56 114.53
93 57 77.1
93 58 80.16
93 59 8.06
93 60 48.55
93 61 52.63
93 62 67.19
93 63 62.24
93 64 67.01
93 65 106.78
93 66 73.66
93 67 34.54
93 68 64.88
93 69 123.46
93 70 59.08
93 71 106.92
93 72 53.54
93 73 25.08
93 74 13.6
93 75 124.65
93 76 119.44
93 77 7.0
93 78 106.94
93 79 106.89
93 80 108.07
93 81 5.39
93 82 76.55
93 83 87.57
93 84 90.35
93 85 94.59
93 86 2.83
93 87 106.53
93 88 98.79
93 89 87.09
93 90 99.25
93 91 101.0
93 92 63.03
93 94 54.08
93 95 18.44
93 96 24.04
93 97 130.0
93 98 115.04
93 99 58.01
93 100 9.85
93 101 104.04
93 102 112.31
93 103 19.1
93 104 57.04
93 105 70.71
93 106 94.02
93 107 89.89
93 108 46.69
93 109 19.92
93 110 81.0
93 111 79.76
93 112 13.6
93 113 75.95
93 114 68.01
93 115 84.05
93 116 91.79
93 117 75.45
93 118 4.0
93 119 95.77
93 120 13.42
93 121 81.74
93 122 67.6
93 123 82.49
93 124 84.34
93 125 14.87
93 126 93.86
93 127 105.8
93 128 92.76
93 129 38.08
93 130 15.23
93 131 69.46
93 132 35.51
93 133 42.45
93 134 102.93
93 135 90.71
93 136 72.67
93 137 70.18
93 138 82.01
93 139 28.23
93 140 86.15
93 141 15.81
93 142 82.37
93 143 88.07
93 144 65.01
93 145 102.83
93 146 88.57
93 147 93.3
93 148 88.09
93 149 30.08
93 150 112.16
93 151 122.97
93 152 27.46
93 153 11.0
93 154 113.14
93 155 93.23
93 156 107.42
93 157 71.7
93 158 105.04
93 159 90.05
93 160 69.66
93 161 101.6
93 162 56.6
93 163 111.52
93 164 73.0
93 165 81.4
93 166 102.42
93 167 90.74
93 168 113.15
93 169 79.31
93 170 82.2
93 171 62.97
93 172 126.51
93 173 51.22
93 174 73.11
93 175 93.64
93 176 74.04
93 177 100.0
93 178 75.82
93 179 85.62
93 180 100.04
93 181 126.21
93 182 8.54
93 183 107.91
93 184 83.15
93 185 110.0
93 186 86.47
93 187 44.15
93 188 73.57
93 189 115.52
93 190 111.04
93 191 109.93
93 192 82.15
93 193 115.32
93 194 115.21
93 195 106.78
93 196 76.32
93 197 98.86
93 198 71.0
93 199 126.14
93 200 93.51
93 201 72.35
94 0 25.08
94 1 37.66
94 2 83.63
94 3 66.75
94 4 51.35
94 5 95.8
94 6 70.01
94 7 25.81
94 8 59.24
94 9 56.04
94 10 47.93
94 11 48.51
94 12 40.25
94 13 42.06
94 14 61.91
94 15 56.0
94 16 20.4
94 17 29.15
94 18 49.82
94 19 57.38
94 20 107.2
94 21 53.31
94 22 51.48
94 23 49.82
94 24 21.02
94 25 93.35
94 26 47.17
94 27 61.03
94 28 31.14
94 29 80.62
94 30 6.08
94 31 86.61
94 32 30.0
94 33 46.65
94 34 29.83
94 35 53.46
94 36 31.24
94 37 54.59
94 38 45.54
94 39 35.17
94 40 39.36
94 41 51.43
94 42 61.91
94 43 58.52
94 44 75.03
94 45 48.1
94 46 14.04
94 47 73.16
94 48 91.68
94 49 15.0
94 50 35.78
94 51 50.54
94 52 17.72
94 53 65.8
94 54 62.94
94 55 49.98
94 56 80.26
94 57 46.69
94 58 27.2
94 59 50.99
94 60 5.66
94 61 16.28
94 62 44.82
94 63 15.13
94 64 36.4
94 65 60.64
94 66 21.47
94 67 32.06
94 68 12.04
94 69 69.4
94 70 5.0
94 71 96.21
94 72 21.93
94 73 29.73
94 74 56.3
94 75 71.51
94 76 66.41
94 77 48.41
94 78 53.31
94 79 66.03
94 80 92.11
94 81 57.31
94 82 22.47
94 83 66.89
94 84 58.9
94 85 47.68
94 86 51.31
94 87 53.04
94 88 47.38
94 89 52.63
94 90 94.05
94 91 84.06
94 92 12.17
94 93 54.08
94 95 37.48
94 96 52.47
94 97 76.06
94 98 62.36
94 99 4.47
94 100 53.31
94 101 88.2
94 102 59.48
94 103 60.17
94 104 34.18
94 105 20.62
94 106 77.1
94 107 46.1
94 108 11.18
94 109 44.41
94 110 68.01
94 111 38.95
94 112 67.01
94 113 51.61
94 114 22.36
94 115 47.43
94 116 50.0
94 117 21.4
94 118 56.4
94 119 42.15
94 120 66.07
94 121 40.71
94 122 31.38
94 123 42.54
94 124 40.85
94 125 53.91
94 126 91.35
94 127 94.81
94 128 87.69
94 129 18.03
94 130 69.12
94 131 44.94
94 132 39.32
94 133 16.03
94 134 48.88
94 135 43.74
94 136 30.27
94 137 35.36
94 138 83.01
94 139 56.14
94 140 48.02
94 141 56.61
94 142 42.3
94 143 85.04
94 144 57.8
94 145 92.46
94 146 67.74
94 147 61.4
94 148 75.93
94 149 41.23
94 150 58.18
94 151 68.96
94 152 39.36
94 153 48.85
94 154 61.03
94 155 56.72
94 156 68.01
94 157 32.8
94 158 89.04
94 159 73.24
94 160 16.64
94 161 78.72
94 162 3.0
94 163 57.98
94 164 41.04
94 165 27.59
94 166 49.34
94 167 36.72
94 168 60.8
94 169 50.25
94 170 28.32
94 171 16.12
94 172 72.86
94 173 5.39
94 174 38.21
94 175 59.44
94 176 27.51
94 177 46.1
94 178 23.32
94 179 50.45
94 180 61.27
94 181 72.35
94 182 49.58
94 183 62.37
94 184 66.4
94 185 72.01
94 186 66.57
94 187 20.1
94 188 33.73
94 189 78.1
94 190 94.15
94 191 55.95
94 192 50.93
94 193 107.3
94 194 99.64
94 195 69.18
94 196 35.36
94 197 75.15
94 198 39.7
94 199 84.48
94 200 43.46
94 201 25.08
95 0 58.67
95 1 66.76
95 2 88.64
95 3 99.16
95 4 79.81
95 5 107.28
95 6 78.45
95 7 63.13
95 8 95.02
95 9 80.89
95 10 18.38
95 11 76.66
95 12 12.04
95 13 11.66
95 14 79.16
95 15 86.33
95 16 30.81
95 17 65.46
95 18 66.19
95 19 79.16
95 20 117.95
95 21 89.04
95 22 88.23
95 23 77.13
95 24 48.47
95 25 100.46
95 26 67.01
95 27 77.52
95 28 61.85
95 29 88.87
95 30 32.65
95 31 123.85
95 32 8.54
95 33 13.15
95 34 50.49
95 35 86.01
95 36 50.49
95 37 75.0
95 38 81.12
95 39 70.33
95 40 76.03
95 41 87.66
95 42 63.56
95 43 95.6
95 44 96.0
95 45 10.63
95 46 48.02
95 47 98.99
95 48 101.83
95 49 52.35
95 50 11.18
95 51 86.84
95 52 53.6
95 53 81.05
95 54 86.37
95 55 74.55
95 56 97.16
95 57 59.54
95 58 64.44
95 59 19.42
95 60 31.83
95 61 39.92
95 62 61.01
95 63 48.02
95 64 49.09
95 65 94.37
95 66 58.26
95 67 28.44
95 68 47.43
95 69 106.67
95 70 42.45
95 71 106.9
95 72 42.45
95 73 7.81
95 74 26.93
95 75 108.93
95 76 101.53
95 77 11.7
95 78 89.36
95 79 96.46
95 80 106.3
95 81 23.09
95 82 59.67
95 83 83.38
95 84 72.99
95 85 76.16
95 86 16.12
95 87 90.51
95 88 80.62
95 89 78.26
95 90 100.85
95 91 98.66
95 92 47.8
95 93 18.44
95 94 37.48
95 96 31.4
95 97 112.61
95 98 97.05
95 99 41.73
95 100 22.56
95 101 102.18
95 102 94.37
95 103 32.57
95 104 39.46
95 105 56.04
95 106 91.41
95 107 78.0
95 108 32.25
95 109 10.05
95 110 79.08
95 111 61.4
95 112 30.02
95 113 59.2
95 114 49.65
95 115 66.01
95 116 80.65
95 117 58.8
95 118 19.7
95 119 78.23
95 120 28.84
95 121 63.39
95 122 57.01
95 123 64.2
95 124 65.92
95 125 17.0
95 126 96.18
95 127 105.65
95 128 94.15
95 129 20.25
95 130 33.53
95 131 52.39
95 132 33.24
95 133 29.15
95 134 85.8
95 135 72.28
95 136 60.54
95 137 52.01
95 138 85.0
95 139 36.4
95 140 68.01
95 141 28.46
95 142 71.47
95 143 89.96
95 144 63.89
95 145 102.79
95 146 84.38
95 147 85.59
95 148 86.83
95 149 16.28
95 150 94.87
95 151 105.68
95 152 12.73
95 153 19.31
95 154 98.08
95 155 83.95
95 156 97.53
95 157 53.34
95 158 103.16
95 159 87.3
95 160 53.81
95 161 97.25
95 162 39.7
95 163 95.46
95 164 55.15
95 165 65.07
95 166 84.6
95 167 73.6
95 168 97.95
95 169 61.98
95 170 65.8
95 171 48.88
95 172 110.34
95 173 35.61
95 174 55.0
95 175 85.16
95 176 55.66
95 177 83.55
95 178 60.31
95 179 76.49
95 180 82.01
95 181 109.79
95 182 12.21
95 183 95.75
95 184 80.06
95 185 92.14
95 186 82.49
95 187 25.71
95 188 62.3
95 189 106.51
95 190 109.04
95 191 92.66
95 192 64.63
95 193 116.46
95 194 113.78
95 195 97.51
95 196 64.85
95 197 94.13
95 198 53.15
95 199 115.74
95 200 79.32
95 201 58.67
96 0 62.77
96 1 89.0
96 2 62.97
96 3 95.78
96 4 74.03
96 5 84.15
96 6 56.04
96 7 76.24
96 8 110.86
96 9 71.34
96 10 14.42
96 11 71.06
96 12 19.42
96 13 19.85
96 14 63.25
96 15 81.69
96 16 33.84
96 17 81.02
96 18 94.11
96 19 67.08
96 20 93.77
96 21 92.01
96 22 102.14
96 23 70.6
96 24 50.25
96 25 75.13
96 26 93.74
96 27 105.77
96 28 62.01
96 29 65.12
96 30 46.39
96 31 135.09
96 32 30.08
96 33 20.81
96 34 75.95
96 35 84.15
96 36 44.55
96 37 101.79
96 38 97.51
96 39 87.48
96 40 90.52
96 41 91.84
96 42 39.01
96 43 108.27
96 44 80.96
96 45 31.06
96 46 66.27
96 47 88.1
96 48 78.23
96 49 63.89
96 50 21.93
96 51 91.26
96 52 61.85
96 53 109.77
96 54 74.69
96 55 99.5
96 56 125.69
96 57 88.23
96 58 73.93
96 59 16.16
96 60 48.09
96 61 43.86
96 62 48.37
96 63 54.63
96 64 77.2
96 65 93.34
96 66 67.23
96 67 21.93
96 68 64.5
96 69 118.19
96 70 56.89
96 71 83.29
96 72 42.19
96 73 32.7
96 74 12.04
96 75 116.62
96 76 118.36
96 77 26.93
96 78 104.81
96 79 90.8
96 80 85.05
96 81 21.1
96 82 73.5
96 83 66.22
96 84 101.83
96 85 99.01
96 86 22.85
96 87 99.73
96 88 99.85
96 89 69.89
96 90 75.31
96 91 78.31
96 92 57.25
96 93 24.04
96 94 52.47
96 95 31.4
96 97 126.53
96 98 114.54
96 99 55.11
96 100 14.32
96 101 81.1
96 102 111.61
96 103 10.82
96 104 68.71
96 105 63.07
96 106 71.57
96 107 76.38
96 108 41.98
96 109 38.95
96 110 58.42
96 111 86.83
96 112 34.01
96 113 89.16
96 114 72.06
96 115 93.17
96 116 77.16
96 117 71.84
96 118 27.89
96 119 93.86
96 120 35.01
96 121 88.81
96 122 53.81
96 123 90.09
96 124 90.35
96 125 38.01
96 126 69.86
96 127 82.22
96 128 68.88
96 129 42.76
96 130 29.83
96 131 82.08
96 132 17.69
96 133 36.88
96 134 99.3
96 135 95.01
96 136 60.61
96 137 79.08
96 138 57.97
96 139 5.0
96 140 94.73
96 141 10.2
96 142 67.9
96 143 64.13
96 144 42.43
96 145 79.23
96 146 67.19
96 147 74.71
96 148 65.07
96 149 47.51
96 150 108.78
96 151 119.27
96 152 44.05
96 153 13.89
96 154 104.01
96 155 76.28
96 156 90.7
96 157 79.08
96 158 82.1
96 159 67.74
96 160 64.51
96 161 80.05
96 162 55.44
96 163 104.66
96 164 83.24
96 165 76.55
96 166 101.41
96 167 87.64
96 168 104.31
96 169 91.08
96 170 77.49
96 171 55.04
96 172 119.47
96 173 47.85
96 174 82.23
96 175 75.8
96 176 78.03
96 177 94.54
96 178 69.46
96 179 68.82
96 180 108.85
96 181 119.85
96 182 30.02
96 183 94.07
96 184 61.19
96 185 119.44
96 186 65.0
96 187 51.66
96 188 60.21
96 189 97.62
96 190 88.09
96 191 106.57
96 192 93.3
96 193 91.41
96 194 92.0
96 195 89.36
96 196 63.03
96 197 77.62
96 198 81.32
96 199 109.55
96 200 83.49
96 201 62.77
97 0 65.92
97 1 52.43
97 2 131.38
97 3 64.41
97 4 74.53
97 5 130.6
97 6 117.72
97 7 50.57
97 8 18.44
97 9 83.95
97 10 123.88
97 11 74.97
97 12 116.3
97 13 118.12
97 14 100.45
97 15 69.92
97 16 92.7
97 17 47.17
97 18 72.62
97 19 90.61
97 20 140.22
97 21 47.8
97 22 24.6
97 23 77.1
97 24 77.88
97 25 135.59
97 26 66.71
97 27 73.01
97 28 70.18
97 29 124.95
97 30 81.84
97 31 15.3
97 32 105.82
97 33 122.67
97 34 70.43
97 35 62.36
97 36 87.82
97 37 64.85
97 38 31.89
97 39 42.64
97 40 36.72
97 41 45.12
97 42 120.07
97 43 18.44
97 44 99.96
97 45 123.15
97 46 64.64
97 47 87.73
97 48 129.81
97 49 62.77
97 50 111.83
97 51 44.91
97 52 64.85
97 53 76.3
97 54 89.29
97 55 56.65
97 56 77.03
97 57 78.26
97 58 52.89
97 59 127.02
97 60 81.49
97 61 82.86
97 62 95.01
97 63 72.12
97 64 79.06
97 65 57.78
97 66 59.48
97 67 104.68
97 68 65.19
97 69 12.08
97 70 71.12
97 71 132.2
97 72 85.62
97 73 105.15
97 74 132.0
97 75 25.5
97 76 15.52
97 77 124.02
97 78 23.43
97 79 71.59
97 80 123.37
97 81 133.36
97 82 53.67
97 83 104.14
97 84 77.2
97 85 48.33
97 86 127.26
97 87 30.07
97 88 36.06
97 89 81.39
97 90 136.57
97 91 117.34
97 92 69.29
97 93 130.0
97 94 76.06
97 95 112.61
97 96 126.53
97 98 20.25
97 99 72.45
97 100 129.25
97 101 121.12
97 102 21.47
97 103 135.38
97 104 87.46
97 105 64.03
97 106 113.51
97 107 64.78
97 108 85.09
97 109 117.61
97 110 113.0
97 111 64.14
97 112 142.58
97 113 86.33
97 114 65.76
97 115 68.94
97 116 68.45
97 117 55.04
97 118 132.08
97 119 34.41
97 120 141.45
97 121 63.13
97 122 79.31
97 123 64.41
97 124 58.67
97 125 127.8
97 126 137.3
97 127 130.94
97 128 132.38
97 129 92.36
97 130 145.12
97 131 85.59
97 132 110.44
97 133 90.08
97 134 27.31
97 135 50.12
97 136 71.25
97 137 74.06
97 138 134.63
97 139 129.34
97 140 66.31
97 141 132.1
97 142 72.25
97 143 132.52
97 144 113.0
97 145 130.08
97 146 104.35
97 147 87.09
97 148 118.07
97 149 111.2
97 150 17.89
97 151 7.28
97 152 110.75
97 153 124.78
97 154 34.93
97 155 78.59
97 156 75.15
97 157 69.4
97 158 121.43
97 159 111.61
97 160 62.03
97 161 106.89
97 162 73.43
97 163 26.48
97 164 76.66
97 165 49.98
97 166 29.0
97 167 39.36
97 168 33.62
97 169 80.11
97 170 49.04
97 171 71.84
97 172 19.8
97 173 79.62
97 174 73.25
97 175 82.97
97 176 60.88
97 177 32.56
97 178 57.28
97 179 80.06
97 180 64.13
97 181 16.28
97 182 124.81
97 183 59.51
97 184 108.34
97 185 67.03
97 186 104.92
97 187 88.87
97 188 74.06
97 189 82.49
97 190 123.49
97 191 20.12
97 192 77.08
97 193 142.95
97 194 128.69
97 195 79.2
97 196 72.01
97 197 104.04
97 198 77.7
97 199 75.29
97 200 50.16
97 201 65.92
98 0 58.55
98 1 33.24
98 2 128.74
98 3 70.01
98 4 74.24
98 5 131.49
98 6 114.56
98 7 39.05
98 8 7.07
98 9 83.63
98 10 110.05
98 11 73.82
98 12 102.18
98 13 103.82
98 14 98.79
98 15 71.56
98 16 81.05
98 17 33.54
98 18 52.39
98 19 89.55
98 20 141.9
98 21 50.45
98 22 17.0
98 23 76.06
98 24 69.03
98 25 134.63
98 26 46.52
98 27 52.95
98 28 64.54
98 29 123.03
98 30 68.41
98 31 35.44
98 32 91.0
98 33 108.08
98 34 51.62
98 35 64.07
98 36 80.31
98 37 44.64
98 38 17.12
98 39 27.2
98 40 25.02
98 41 47.01
98 42 113.99
98 43 18.6
98 44 101.87
98 45 107.35
98 46 49.4
98 47 91.4
98 48 129.77
98 49 51.24
98 50 97.74
98 51 46.4
98 52 55.0
98 53 56.44
98 54 89.94
98 55 36.4
98 56 58.69
98 57 58.18
98 58 44.28
98 59 112.95
98 60 67.36
98 61 72.25
98 62 89.82
98 63 62.03
98 64 59.67
98 65 62.29
98 66 50.04
98 67 93.21
98 68 50.6
98 69 24.33
98 70 57.72
98 71 132.82
98 72 76.03
98 73 89.96
98 74 118.6
98 75 37.95
98 76 5.0
98 77 108.69
98 78 11.7
98 79 75.93
98 80 124.91
98 81 118.85
98 82 41.3
98 83 103.08
98 84 57.01
98 85 28.18
98 86 112.4
98 87 31.14
98 88 17.03
98 89 80.53
98 90 135.56
98 91 118.07
98 92 58.22
98 93 115.04
98 94 62.36
98 95 97.05
98 96 114.54
98 97 20.25
98 99 59.44
98 100 115.43
98 101 122.12
98 102 3.0
98 103 122.53
98 104 68.59
98 105 55.08
98 106 113.22
98 107 63.95
98 108 72.57
98 109 101.02
98 110 110.37
98 111 44.41
98 112 127.02
98 113 66.19
98 114 48.26
98 115 48.75
98 116 68.48
98 117 43.19
98 118 116.73
98 119 21.02
98 120 125.71
98 121 43.27
98 122 72.99
98 123 44.42
98 124 38.83
98 125 111.31
98 126 135.35
98 127 131.48
98 128 130.63
98 129 76.97
98 130 130.27
98 131 65.73
98 132 99.72
98 133 77.67
98 134 19.7
98 135 30.23
98 136 65.31
98 137 54.67
98 138 130.97
98 139 117.89
98 140 46.1
98 141 118.96
98 142 69.64
98 143 129.99
98 144 107.52
98 145 130.19
98 146 103.47
98 147 87.71
98 148 116.46
98 149 93.81
98 150 14.21
98 151 17.0
98 152 93.74
98 153 111.0
98 154 41.4
98 155 79.26
98 156 79.51
98 157 50.25
98 158 122.59
98 159 110.69
98 160 51.09
98 161 108.41
98 162 59.48
98 163 30.61
98 164 56.86
98 165 40.05
98 166 13.15
98 167 28.02
98 168 40.0
98 169 59.93
98 170 39.05
98 171 62.01
98 172 33.73
98 173 66.71
98 174 53.6
98 175 83.73
98 176 42.8
98 177 28.18
98 178 48.09
98 179 78.79
98 180 44.28
98 181 30.41
98 182 109.13
98 183 64.38
98 184 106.28
98 185 48.26
98 186 103.62
98 187 72.2
98 188 68.88
98 189 88.41
98 190 125.54
98 191 14.87
98 192 56.86
98 193 144.01
98 194 131.03
98 195 83.24
98 196 67.45
98 197 105.19
98 198 58.01
98 199 84.2
98 200 48.76
98 201 58.55
99 0 21.0
99 1 36.69
99 2 82.62
99 3 62.51
99 4 47.68
99 5 93.86
99 6 68.77
99 7 21.95
99 8 55.97
99 9 52.81
99 10 51.43
99 11 44.91
99 12 43.91
99 13 45.79
99 14 59.64
99 15 52.04
99 16 22.0
99 17 25.96
99 18 50.93
99 19 54.56
99 20 105.26
99 21 48.85
99 22 47.85
99 23 46.32
99 24 18.6
99 25 91.97
99 26 47.8
99 27 61.85
99 28 27.46
99 29 79.25
99 30 9.43
99 31 82.66
99 32 34.06
99 33 50.48
99 34 31.14
99 35 49.25
99 36 29.73
99 37 54.92
99 38 42.45
99 39 32.39
99 40 35.85
99 41 46.96
99 42 61.72
99 43 54.71
99 44 72.09
99 45 52.33
99 46 13.0
99 47 69.63
99 48 89.94
99 49 10.63
99 50 39.45
99 51 46.07
99 52 13.34
99 53 66.71
99 54 59.81
99 55 49.66
99 56 80.71
99 57 48.41
99 58 22.8
99 59 54.59
99 60 10.0
99 61 15.65
99 62 43.14
99 63 11.7
99 64 38.59
99 65 56.29
99 66 17.0
99 67 34.06
99 68 10.44
99 69 65.46
99 70 2.24
99 71 94.37
99 72 21.1
99 73 33.94
99 74 59.62
99 75 67.21
99 76 63.32
99 77 52.5
99 78 49.98
99 79 62.0
99 80 89.87
99 81 61.06
99 82 18.79
99 83 64.64
99 84 60.11
99 85 46.57
99 86 55.22
99 87 48.8
99 88 45.04
99 89 49.34
99 90 92.7
99 91 81.84
99 92 8.0
99 93 58.01
99 94 4.47
99 95 41.73
99 96 55.11
99 97 72.45
99 98 59.44
99 100 56.8
99 101 86.02
99 102 56.52
99 103 63.25
99 104 37.36
99 105 16.28
99 106 75.0
99 107 42.01
99 108 13.15
99 109 48.83
99 110 66.47
99 111 39.41
99 112 71.06
99 113 53.85
99 114 22.8
99 115 48.27
99 116 46.04
99 117 17.49
99 118 60.44
99 119 38.9
99 120 70.18
99 121 41.05
99 122 28.65
99 123 43.01
99 124 40.71
99 125 58.26
99 126 90.27
99 127 92.96
99 128 86.45
99 129 22.47
99 130 72.95
99 131 47.41
99 132 41.01
99 133 18.25
99 134 45.18
99 135 42.72
99 136 26.68
99 137 37.01
99 138 82.38
99 139 58.55
99 140 48.6
99 141 59.81
99 142 38.64
99 143 84.02
99 144 57.14
99 145 90.69
99 146 65.46
99 147 58.19
99 148 74.28
99 149 45.69
99 150 54.56
99 151 65.3
99 152 43.83
99 153 52.33
99 154 56.61
99 155 53.15
99 156 64.07
99 157 33.94
99 158 86.84
99 159 71.22
99 160 12.21
99 161 76.06
99 162 4.12
99 163 53.76
99 164 42.8
99 165 23.43
99 166 46.32
99 167 33.11
99 168 56.4
99 169 52.01
99 170 24.21
99 171 12.65
99 172 68.68
99 173 7.28
99 174 39.7
99 175 56.04
99 176 27.29
99 177 42.01
99 178 18.87
99 179 47.13
99 180 61.4
99 181 68.25
99 182 53.76
99 183 58.05
99 184 64.54
99 185 72.07
99 186 64.4
99 187 24.33
99 188 30.36
99 189 74.24
99 190 91.81
99 191 52.33
99 192 52.4
99 193 105.55
99 194 97.35
99 195 65.38
99 196 31.78
99 197 72.47
99 198 41.62
99 199 80.31
99 200 39.0
99 201 21.0
100 0 68.68
100 1 87.13
100 2 77.28
100 3 105.12
100 4 83.86
100 5 98.33
100 6 70.01
100 7 78.71
100 8 112.54
100 9 82.35
100 10 5.39
100 11 80.78
100 12 13.34
100 13 12.04
100 14 75.93
100 15 91.27
100 16 38.29
100 17 82.46
100 18 88.57
100 19 78.77
100 20 108.05
100 21 98.99
100 22 104.65
100 23 80.62
100 24 56.57
100 25 89.44
100 26 89.09
100 27 99.98
100 28 69.43
100 29 79.31
100 30 47.42
100 31 139.09
100 32 25.18
100 33 9.49
100 34 72.03
100 35 92.8
100 36 53.54
100 37 97.13
100 38 98.79
100 39 88.26
100 40 92.61
100 41 98.35
100 42 53.15
100 43 111.41
100 44 93.62
100 45 18.44
100 46 66.1
100 47 99.72
100 48 92.44
100 49 66.73
100 50 17.72
100 51 97.67
100 52 66.03
100 53 103.58
100 54 86.38
100 55 96.08
100 56 119.68
100 57 82.04
100 58 77.94
100 59 3.16
100 60 48.1
100 61 48.92
100 62 59.81
100 63 59.2
100 64 71.45
100 65 101.83
100 66 71.28
100 67 28.6
100 68 64.85
100 69 121.94
100 70 58.18
100 71 97.51
100 72 48.84
100 73 27.02
100 74 4.47
100 75 122.0
100 76 119.62
100 77 14.21
100 78 106.62
100 79 100.85
100 80 99.0
100 81 7.07
100 82 75.58
100 83 79.25
100 84 95.52
100 85 96.88
100 86 9.22
100 87 104.29
100 88 99.72
100 89 80.5
100 90 89.63
100 91 92.09
100 92 60.75
100 93 9.85
100 94 53.31
100 95 22.56
100 96 14.32
100 97 129.25
100 98 115.43
100 99 56.8
100 101 95.01
100 102 112.61
100 103 10.3
100 104 61.98
100 105 67.8
100 106 85.21
100 107 84.81
100 108 44.42
100 109 27.46
100 110 72.11
100 111 83.02
100 112 20.4
100 113 81.74
100 114 69.87
100 115 88.2
100 116 86.27
100 117 74.24
100 118 13.6
100 119 95.46
100 120 21.1
100 121 85.02
100 122 62.2
100 123 86.0
100 124 87.21
100 125 24.41
100 126 84.17
100 127 96.42
100 128 83.19
100 129 39.46
100 130 18.03
100 131 74.95
100 132 27.86
100 133 39.66
100 134 101.97
100 135 92.91
100 136 68.01
100 137 74.11
100 138 72.28
100 139 18.38
100 140 90.09
100 141 6.4
100 142 76.84
100 143 78.45
100 144 56.08
100 145 93.43
100 146 80.23
100 147 86.16
100 148 79.0
100 149 37.12
100 150 111.36
100 151 122.09
100 152 34.01
100 153 4.47
100 154 109.99
100 155 86.77
100 156 101.12
100 157 75.01
100 158 96.01
100 159 81.3
100 160 67.74
100 161 93.21
100 162 56.08
100 163 109.29
100 164 77.52
100 165 79.76
100 166 102.53
100 167 89.9
100 168 110.11
100 169 84.53
100 170 80.62
100 171 59.82
100 172 124.28
100 173 49.65
100 174 77.16
100 175 86.82
100 176 75.95
100 177 98.27
100 178 73.5
100 179 79.18
100 180 104.17
100 181 124.26
100 182 16.97
100 183 102.8
100 184 74.55
100 185 114.44
100 186 78.09
100 187 47.01
100 188 68.41
100 189 108.75
100 190 102.0
100 191 109.12
100 192 87.13
100 193 105.72
100 194 106.04
100 195 100.18
100 196 71.22
100 197 90.61
100 198 75.54
100 199 119.95
100 200 89.87
100 201 68.68
101 0 70.01
101 1 117.41
101 2 24.21
101 3 58.55
101 4 47.89
101 5 9.49
101 6 25.08
101 7 90.79
101 8 115.38
101 9 38.59
101 10 93.09
101 11 48.55
101 12 92.78
101 13 94.64
101 14 26.4
101 15 51.26
101 16 75.39
101 17 97.95
101 18 136.36
101 19 33.42
101 20 20.0
101 21 73.39
101 22 105.12
101 23 46.32
101 24 67.42
101 25 18.38
101 26 132.46
101 27 146.58
101 28 62.24
101 29 17.89
101 30 85.96
101 31 120.22
101 32 95.08
101 33 98.33
101 34 117.0
101 35 58.87
101 36 57.31
101 37 138.62
101 38 108.45
101 39 104.64
101 40 100.12
101 41 76.32
101 42 42.3
101 43 105.7
101 44 21.38
101 45 107.79
101 46 97.31
101 47 35.06
101 48 10.44
101 49 84.22
101 50 91.41
101 51 76.69
101 52 77.83
101 53 151.56
101 54 32.2
101 55 131.55
101 56 164.05
101 57 134.4
101 58 82.46
101 59 96.02
101 60 89.55
101 61 72.56
101 62 43.83
101 63 74.81
101 64 124.54
101 65 63.79
101 66 79.93
101 67 73.76
101 68 94.49
101 69 109.11
101 70 88.01
101 71 11.18
101 72 67.12
101 73 97.53
101 74 93.13
101 75 98.27
101 76 123.0
101 77 104.48
101 78 110.54
101 79 50.64
101 80 4.12
101 81 102.02
101 82 91.29
101 83 21.4
101 84 145.58
101 85 125.5
101 86 102.12
101 87 92.31
101 88 116.83
101 89 41.88
101 90 19.31
101 91 4.24
101 92 79.65
101 93 104.04
101 94 88.2
101 95 102.18
101 96 81.1
101 97 121.12
101 98 122.12
101 99 86.02
101 100 95.01
101 102 119.47
101 103 90.55
101 104 121.8
101 105 75.66
101 106 11.18
101 107 58.18
101 108 80.95
101 109 112.18
101 110 23.19
101 111 123.99
101 112 115.11
101 113 139.79
101 114 108.07
101 115 133.3
101 116 53.67
101 117 89.14
101 118 108.04
101 119 104.56
101 120 116.04
101 121 125.32
101 122 57.63
101 123 127.48
101 124 123.76
101 125 115.73
101 126 23.85
101 127 10.05
101 128 19.85
101 129 96.77
101 130 110.55
101 131 133.15
101 132 69.58
101 133 79.71
101 134 102.47
101 135 122.49
101 136 62.23
101 137 123.0
101 138 31.4
101 139 78.41
101 140 133.12
101 141 91.2
101 142 53.6
101 143 24.08
101 144 39.05
101 145 10.2
101 146 20.62
101 147 34.44
101 148 16.03
101 149 116.48
101 150 109.17
101 151 115.17
101 152 113.05
101 153 93.05
101 154 86.4
101 155 42.95
101 156 47.38
101 157 119.63
101 158 1.0
101 159 15.23
101 160 82.76
101 161 14.32
101 162 89.87
101 163 94.92
101 164 128.81
101 165 87.46
101 166 111.83
101 167 97.65
101 168 87.64
101 169 138.0
101 170 88.24
101 171 74.03
101 172 103.81
101 173 83.86
101 174 125.6
101 175 38.48
101 176 111.2
101 177 93.94
101 178 80.72
101 179 43.83
101 180 144.26
101 181 106.48
101 182 107.56
101 183 62.37
101 184 22.47
101 185 154.25
101 186 21.63
101 187 104.65
101 188 57.98
101 189 44.18
101 190 7.0
101 191 107.79
101 192 138.22
101 193 21.93
101 194 11.7
101 195 43.29
101 196 58.05
101 197 17.09
101 198 127.64
101 199 57.87
101 200 73.36
101 201 70.01
102 0 55.58
102 1 31.24
102 2 125.87
102 3 67.9
102 4 71.59
102 5 128.83
102 6 111.68
102 7 36.06
102 8 5.39
102 9 80.95
102 10 107.22
102 11 71.11
102 12 99.37
102 13 101.02
102 14 96.01
102 15 69.07
102 16 78.09
102 17 30.59
102 18 51.26
102 19 86.82
102 20 139.29
102 21 48.17
102 22 14.42
102 23 73.35
102 24 66.03
102 25 131.85
102 26 45.31
102 27 52.47
102 28 61.61
102 29 120.21
102 30 65.52
102 31 36.4
102 32 88.24
102 33 105.31
102 34 49.52
102 35 61.61
102 36 77.32
102 37 43.93
102 38 14.14
102 39 24.35
102 40 22.02
102 41 44.69
102 42 111.02
102 43 17.0
102 44 99.32
102 45 104.71
102 46 46.62
102 47 89.02
102 48 127.05
102 49 48.26
102 50 94.92
102 51 44.05
102 52 52.0
102 53 56.14
102 54 87.32
102 55 35.44
102 56 59.23
102 57 56.8
102 58 41.3
102 59 110.14
102 60 64.51
102 61 69.26
102 62 86.88
102 63 59.03
102 64 57.8
102 65 60.11
102 66 47.04
102 67 90.26
102 68 47.76
102 69 24.02
102 70 54.82
102 71 130.14
102 72 73.03
102 73 87.24
102 74 115.74
102 75 37.11
102 76 7.21
102 77 105.99
102 78 8.94
102 79 73.66
102 80 122.3
102 81 116.08
102 82 38.33
102 83 100.32
102 84 56.29
102 85 26.93
102 86 109.66
102 87 29.0
102 88 14.87
102 89 77.82
102 90 132.77
102 91 115.41
102 92 55.23
102 93 112.31
102 94 59.48
102 95 94.37
102 96 111.61
102 97 21.47
102 98 3.0
102 99 56.52
102 100 112.61
102 101 119.47
102 103 119.64
102 104 66.53
102 105 52.09
102 106 110.49
102 107 61.29
102 108 69.63
102 109 98.48
102 110 107.52
102 111 42.72
102 112 124.35
102 113 64.88
102 114 45.8
102 115 47.54
102 116 65.86
102 117 40.2
102 118 114.04
102 119 18.03
102 120 123.07
102 121 41.68
102 122 70.04
102 123 42.94
102 124 37.22
102 125 108.76
102 126 132.52
102 127 128.8
102 128 127.81
102 129 74.25
102 130 127.53
102 131 64.14
102 132 96.75
102 133 74.73
102 134 17.0
102 135 28.65
102 136 62.37
102 137 52.8
102 138 128.06
102 139 114.93
102 140 44.94
102 141 116.09
102 142 66.85
102 143 127.13
102 144 104.56
102 145 127.48
102 146 100.72
102 147 85.09
102 148 113.65
102 149 91.4
102 150 12.53
102 151 17.26
102 152 91.26
102 153 108.17
102 154 39.66
102 155 76.66
102 156 77.23
102 157 48.27
102 158 119.95
102 159 107.94
102 160 48.09
102 161 105.82
102 162 56.61
102 163 28.84
102 164 55.23
102 165 37.05
102 166 10.2
102 167 25.02
102 168 38.28
102 169 58.69
102 170 36.06
102 171 59.01
102 172 33.24
102 173 63.79
102 174 51.87
102 175 81.12
102 176 40.46
102 177 25.55
102 178 45.1
102 179 76.06
102 180 44.05
102 181 30.07
102 182 106.47
102 183 62.23
102 184 103.46
102 185 48.66
102 186 100.85
102 187 69.64
102 188 65.97
102 189 86.27
102 190 122.97
102 191 12.81
102 192 55.71
102 193 141.35
102 194 128.47
102 195 80.92
102 196 64.56
102 197 102.58
102 198 56.3
102 199 82.42
102 200 46.14
102 201 55.58
103 0 72.67
103 1 95.43
103 2 71.18
103 3 106.53
103 4 84.81
103 5 93.01
103 6 65.49
103 7 84.86
103 8 119.22
103 9 82.15
103 10 14.32
103 11 81.84
103 12 22.09
103 13 21.38
103 14 73.74
103 15 92.46
103 16 42.94
103 17 89.19
103 18 98.15
103 19 77.83
103 20 102.18
103 21 102.3
103 22 110.86
103 23 81.4
103 24 60.22
103 25 83.29
103 26 98.41
103 27 109.66
103 28 72.35
103 29 74.03
103 30 54.12
103 31 144.47
103 32 34.06
103 33 19.7
103 34 81.06
103 35 94.79
103 36 55.17
103 37 106.47
103 38 105.65
103 39 95.34
103 40 99.02
103 41 102.0
103 42 48.26
103 43 117.27
103 44 91.42
103 45 28.6
103 46 73.55
103 47 98.84
103 48 87.0
103 49 72.62
103 50 26.0
103 51 101.4
103 52 71.12
103 53 113.36
103 54 85.42
103 55 105.0
103 56 129.44
103 57 91.78
103 58 83.19
103 59 13.42
103 60 55.32
103 61 53.34
103 62 59.17
103 63 64.01
103 64 81.05
103 65 103.97
103 66 76.48
103 67 31.62
103 68 72.03
103 69 127.46
103 70 64.85
103 71 92.01
103 72 52.2
103 73 36.22
103 74 5.83
103 75 126.48
103 76 126.53
103 77 24.41
103 78 113.22
103 79 101.61
103 80 94.43
103 81 14.42
103 82 81.93
103 83 76.54
103 84 105.32
103 85 105.3
103 86 19.21
103 87 109.27
103 88 107.28
103 89 80.71
103 90 83.38
103 91 87.97
103 92 66.21
103 93 19.1
103 94 60.17
103 95 32.57
103 96 10.82
103 97 135.38
103 98 122.53
103 99 63.25
103 100 10.3
103 101 90.55
103 102 119.64
103 104 71.81
103 105 72.56
103 106 81.39
103 107 86.98
103 108 50.33
103 109 37.74
103 110 68.25
103 111 92.05
103 112 25.5
103 113 91.76
103 114 78.23
103 115 97.62
103 116 87.86
103 117 80.41
103 118 22.2
103 119 102.14
103 120 26.93
103 121 94.05
103 122 64.35
103 123 95.13
103 124 96.01
103 125 33.97
103 126 77.65
103 127 91.0
103 128 77.16
103 129 48.01
103 130 20.02
103 131 84.9
103 132 28.32
103 133 45.31
103 134 108.08
103 135 101.32
103 136 70.94
103 137 83.49
103 138 65.62
103 139 12.17
103 140 99.41
103 141 4.12
103 142 78.57
103 143 72.25
103 144 52.39
103 145 88.0
103 146 77.49
103 147 85.48
103 148 74.55
103 149 47.41
103 150 117.55
103 151 128.16
103 152 44.28
103 153 13.34
103 154 114.04
103 155 87.09
103 156 101.51
103 157 84.1
103 158 91.55
103 159 77.67
103 160 73.41
103 161 90.25
103 162 63.06
103 163 114.24
103 164 87.13
103 165 85.49
103 166 109.48
103 167 96.21
103 168 114.28
103 169 94.37
103 170 86.41
103 171 64.5
103 172 129.14
103 173 55.97
103 174 86.58
103 175 86.61
103 176 84.29
103 177 103.75
103 178 78.71
103 179 79.63
103 180 113.53
103 181 129.38
103 182 27.02
103 183 104.74
103 184 71.31
103 185 123.91
103 186 75.29
103 187 56.14
103 188 70.72
103 189 108.41
103 190 97.51
103 191 115.32
103 192 96.88
103 193 99.5
103 194 101.18
103 195 100.17
103 196 73.55
103 197 87.93
103 198 85.16
103 199 120.37
103 200 93.6
103 201 72.67
104 0 57.87
104 1 35.36
104 2 114.87
104 3 98.02
104 4 84.93
104 5 129.0
104 6 102.0
104 7 47.85
104 8 69.03
104 9 90.14
104 10 57.49
104 11 82.23
104 12 50.0
104 13 50.45
104 14 95.71
104 15 88.81
104 16 48.17
104 17 45.54
104 18 27.02
104 19 91.55
104 20 140.36
104 21 81.5
104 22 65.86
104 23 83.68
104 24 55.15
104 25 125.42
104 26 28.86
104 27 38.12
104 28 64.76
104 29 112.8
104 30 35.85
104 31 101.26
104 32 38.63
104 33 52.61
104 34 17.03
104 35 85.15
104 36 64.5
104 37 36.5
104 38 56.3
104 39 46.53
104 40 55.04
104 41 78.77
104 42 91.22
104 43 73.93
104 44 109.2
104 45 47.01
104 46 31.06
104 47 106.96
104 48 124.54
104 49 44.1
104 50 46.82
104 51 77.78
104 52 49.5
104 53 41.59
104 54 97.08
104 55 38.08
104 56 57.71
104 57 20.1
104 58 54.15
104 59 58.86
104 60 32.25
104 61 49.24
104 62 78.03
104 63 49.04
104 64 10.44
104 65 91.02
104 66 51.04
104 67 55.61
104 68 33.0
104 69 85.23
104 70 35.9
104 71 129.25
104 72 54.71
104 73 36.06
104 74 66.29
104 75 92.31
104 76 73.55
104 77 50.04
104 78 64.64
104 79 98.51
104 80 125.78
104 81 62.13
104 82 44.55
104 83 100.65
104 84 33.54
104 85 42.44
104 86 55.15
104 87 74.33
104 88 51.66
104 89 86.68
104 90 126.04
104 91 117.72
104 92 45.12
104 93 57.04
104 94 34.18
104 95 39.46
104 96 68.71
104 97 87.46
104 98 68.59
104 99 37.36
104 100 61.98
104 101 121.8
104 102 66.53
104 103 71.81
104 105 52.47
104 106 110.64
104 107 78.52
104 108 41.05
104 109 38.21
104 110 100.69
104 111 25.55
104 112 65.62
104 113 20.59
104 114 23.41
104 115 27.46
104 116 82.87
104 117 45.28
104 118 57.04
104 119 55.07
104 120 63.79
104 121 27.29
104 122 65.55
104 123 27.31
104 124 31.06
104 125 47.85
104 126 122.67
104 127 127.86
104 128 119.47
104 129 27.8
104 130 71.11
104 131 13.42
104 132 63.01
104 133 43.28
104 134 64.41
104 135 39.2
104 136 64.03
104 137 14.76
104 138 113.15
104 139 73.54
104 140 29.83
104 141 67.68
104 142 75.93
104 143 116.28
104 144 88.62
104 145 125.36
104 146 101.53
104 147 95.51
104 148 108.72
104 149 28.64
104 150 71.56
104 151 81.61
104 152 30.15
104 153 58.46
104 154 85.16
104 155 90.47
104 156 100.84
104 157 18.44
104 158 122.67
104 159 106.68
104 160 46.1
104 161 112.81
104 162 33.24
104 163 78.55
104 164 16.12
104 165 51.62
104 166 58.6
104 167 53.85
104 168 84.48
104 169 22.56
104 170 51.79
104 171 50.0
104 172 91.68
104 173 38.01
104 174 17.09
104 175 93.41
104 176 26.93
104 177 66.13
104 178 52.0
104 179 84.48
104 180 43.29
104 181 89.94
104 182 49.01
104 183 93.01
104 184 99.64
104 185 53.01
104 186 100.24
104 187 18.44
104 188 67.72
104 189 111.16
104 190 127.94
104 191 69.64
104 192 25.18
104 193 140.09
104 194 133.36
104 195 102.42
104 196 69.12
104 197 109.25
104 198 14.14
104 199 116.04
104 200 72.17
104 201 57.87
105 0 5.83
105 1 41.87
105 2 76.48
105 3 46.27
105 4 32.89
105 5 84.22
105 6 62.18
105 7 16.76
105 8 50.04
105 9 39.45
105 10 62.63
105 11 30.46
105 12 55.9
105 13 58.0
105 14 49.58
105 15 36.35
105 16 29.68
105 17 23.77
105 18 61.29
105 19 42.64
105 20 95.48
105 21 33.12
105 22 40.31
105 23 32.2
105 24 14.04
105 25 84.31
105 26 57.01
105 27 71.06
105 28 13.6
105 29 71.87
105 30 23.71
105 31 72.01
105 32 47.8
105 33 62.94
105 34 42.95
105 35 33.06
105 36 25.32
105 37 62.97
105 38 38.33
105 39 31.02
105 40 30.07
105 41 31.62
105 42 59.23
105 43 45.61
105 44 59.36
105 45 66.4
105 46 22.85
105 47 55.03
105 48 81.06
105 49 8.94
105 50 51.62
105 51 30.81
105 52 3.0
105 53 76.06
105 54 46.65
105 55 55.97
105 56 88.41
105 57 60.37
105 58 11.18
105 59 66.07
105 60 25.63
105 61 19.24
105 62 36.25
105 63 8.6
105 64 51.87
105 65 40.02
105 66 5.1
105 67 41.15
105 68 20.25
105 69 55.15
105 70 17.03
105 71 85.04
105 72 21.59
105 73 48.26
105 74 69.89
105 75 54.2
105 76 58.01
105 77 65.95
105 78 44.01
105 79 46.1
105 80 79.25
105 81 73.0
105 82 16.12
105 83 54.49
105 84 70.46
105 85 50.48
105 86 67.88
105 87 36.72
105 88 44.27
105 89 35.85
105 90 85.15
105 91 71.42
105 92 8.54
105 93 70.71
105 94 20.62
105 95 56.04
105 96 63.07
105 97 64.03
105 98 55.08
105 99 16.28
105 100 67.8
105 101 75.66
105 102 52.09
105 103 72.56
105 104 52.47
105 106 65.12
105 107 26.08
105 108 24.08
105 109 64.01
105 110 58.83
105 111 48.6
105 112 84.17
105 113 66.85
105 114 33.54
105 115 58.01
105 116 30.41
105 117 13.89
105 118 73.59
105 119 34.23
105 120 83.55
105 121 49.82
105 122 19.24
105 123 52.01
105 124 48.1
105 125 72.95
105 126 83.73
105 127 83.63
105 128 79.4
105 129 38.08
105 130 85.04
105 131 61.03
105 132 46.49
105 133 28.32
105 134 37.34
105 135 47.2
105 136 13.45
105 137 49.24
105 138 77.62
105 139 65.55
105 140 57.63
105 141 69.64
105 142 24.17
105 143 77.83
105 144 53.16
105 145 81.69
105 146 55.17
105 147 44.78
105 148 66.03
105 149 61.68
105 150 46.69
105 151 56.75
105 152 59.62
105 153 63.41
105 154 42.43
105 155 38.63
105 156 48.37
105 157 45.18
105 158 76.38
105 159 61.72
105 160 7.21
105 161 64.2
105 162 20.1
105 163 41.68
105 164 55.04
105 165 15.03
105 166 42.3
105 167 27.07
105 168 42.45
105 169 63.95
105 170 16.03
105 171 8.06
105 172 56.6
105 173 20.59
105 174 51.43
105 175 42.05
105 176 35.81
105 177 31.62
105 178 7.0
105 179 33.62
105 180 68.62
105 181 56.82
105 182 67.62
105 183 41.77
105 184 55.8
105 185 78.75
105 186 54.56
105 187 40.61
105 188 17.69
105 189 58.69
105 190 80.81
105 191 44.55
105 192 63.63
105 193 96.43
105 194 86.45
105 195 50.01
105 196 18.03
105 197 60.61
105 198 54.23
105 199 64.12
105 200 23.32
105 201 5.83
106 0 59.55
106 1 106.96
106 2 21.93
106 3 53.04
106 4 39.22
106 5 19.1
106 6 16.55
106 7 80.6
106 8 106.62
106 9 29.73
106 10 83.01
106 11 39.4
106 12 82.3
106 13 84.21
106 14 15.56
106 15 43.74
106 16 64.26
106 17 87.8
106 18 125.5
106 19 23.71
106 20 30.41
106 21 65.73
106 22 96.25
106 23 37.16
106 24 56.4
106 25 22.2
106 26 121.7
106 27 135.83
106 28 51.86
106 29 14.32
106 30 74.79
106 31 113.75
106 32 84.17
106 33 88.05
106 34 106.04
106 35 51.2
106 36 46.14
106 37 127.99
106 38 98.98
106 39 94.63
106 40 90.55
106 41 68.41
106 42 33.53
106 43 97.41
106 44 17.09
106 45 97.33
106 46 86.45
106 47 31.05
106 48 16.55
106 49 73.54
106 50 80.75
106 51 68.68
106 52 67.18
106 53 140.8
106 54 24.33
106 55 121.08
106 56 153.52
106 57 123.41
106 58 72.42
106 59 86.05
106 60 78.39
106 61 61.4
106 62 32.65
106 63 63.89
106 64 113.46
106 65 57.22
106 66 69.53
106 67 62.97
106 68 83.63
106 69 101.64
106 70 77.01
106 71 20.0
106 72 55.95
106 73 86.59
106 74 83.6
106 75 91.66
106 76 114.39
106 77 94.13
106 78 101.55
106 79 45.04
106 80 15.23
106 81 92.27
106 82 80.92
106 83 10.63
106 84 134.71
106 85 115.26
106 86 92.0
106 87 84.12
106 88 107.07
106 89 32.7
106 90 23.19
106 91 7.28
106 92 68.77
106 93 94.02
106 94 77.1
106 95 91.41
106 96 71.57
106 97 113.51
106 98 113.22
106 99 75.0
106 100 85.21
106 101 11.18
106 102 110.49
106 103 81.39
106 104 110.64
106 105 65.12
106 107 49.4
106 108 69.77
106 109 101.43
106 110 13.15
106 111 113.22
106 112 105.48
106 113 128.71
106 114 97.19
106 115 122.49
106 116 45.22
106 117 78.75
106 118 98.02
106 119 95.02
106 120 106.3
106 121 114.59
106 122 46.75
106 123 116.73
106 124 113.15
106 125 105.3
106 126 25.18
106 127 18.6
106 128 20.22
106 129 85.62
106 130 101.27
106 131 122.04
106 132 59.14
106 133 68.54
106 134 93.52
106 135 112.16
106 136 51.74
106 137 112.0
106 138 28.3
106 139 69.23
106 140 122.38
106 141 81.74
106 142 43.91
106 143 22.47
106 144 29.15
106 145 17.0
106 146 10.0
106 147 26.48
106 148 8.49
106 149 105.51
106 150 100.66
106 151 107.28
106 152 102.11
106 153 83.02
106 154 79.25
106 155 34.93
106 156 42.19
106 157 108.71
106 158 12.08
106 159 4.12
106 160 72.14
106 161 11.4
106 162 78.82
106 163 87.09
106 164 117.8
106 165 77.42
106 166 102.47
106 167 87.98
106 168 80.41
106 169 127.0
106 170 78.24
106 171 63.13
106 172 97.02
106 173 72.72
106 174 114.63
106 175 30.59
106 176 100.45
106 177 85.09
106 178 70.43
106 179 34.44
106 180 133.73
106 181 99.46
106 182 97.19
106 183 56.08
106 184 11.4
106 185 143.84
106 186 10.63
106 187 93.47
106 188 47.51
106 189 41.44
106 190 17.72
106 191 99.16
106 192 127.28
106 193 31.4
106 194 22.85
106 195 38.33
106 196 47.8
106 197 11.7
106 198 116.61
106 199 55.71
106 200 64.62
106 201 59.55
107 0 21.02
107 1 62.97
107 2 66.61
107 3 21.19
107 4 10.3
107 5 67.54
107 6 53.08
107 7 35.85
107 8 57.27
107 9 19.7
107 10 80.21
107 11 10.2
107 12 74.95
107 13 77.18
107 14 35.69
107 15 10.44
107 16 47.89
107 17 42.44
107 18 85.0
107 19 25.96
107 20 78.03
107 21 18.25
107 22 46.96
107 23 12.37
107 24 29.55
107 25 71.17
107 26 80.06
107 27 93.65
107 28 16.16
107 29 60.21
107 30 47.85
107 31 67.19
107 32 69.46
107 33 82.15
107 34 68.01
107 35 8.06
107 36 31.83
107 37 84.91
107 38 50.61
107 39 48.27
107 40 42.52
107 41 20.0
107 42 57.72
107 43 48.08
107 44 38.42
107 45 87.66
107 46 48.27
107 47 30.53
107 48 65.92
107 49 34.53
107 50 71.2
107 51 20.02
107 52 29.07
107 53 98.62
107 54 26.08
107 55 76.84
107 56 109.2
107 57 85.09
107 58 27.29
107 59 83.82
107 60 50.49
107 61 38.08
107 62 32.89
107 63 31.4
107 64 77.37
107 65 17.03
107 66 27.89
107 67 56.22
107 68 45.89
107 69 53.24
107 70 43.01
107 71 68.88
107 72 36.36
107 73 70.58
107 74 85.8
107 75 45.54
107 76 65.0
107 77 86.35
107 78 52.35
107 79 20.02
107 80 61.06
107 81 91.02
107 82 37.58
107 83 39.56
107 84 93.91
107 85 69.66
107 86 87.13
107 87 34.93
107 88 59.46
107 89 16.76
107 90 72.12
107 91 54.12
107 92 34.01
107 93 89.89
107 94 46.1
107 95 78.0
107 96 76.38
107 97 64.78
107 98 63.95
107 99 42.01
107 100 84.81
107 101 58.18
107 102 61.29
107 103 86.98
107 104 78.52
107 105 26.08
107 106 49.4
107 108 46.17
107 109 86.98
107 110 48.26
107 111 72.01
107 112 103.46
107 113 92.05
107 114 58.52
107 115 81.39
107 116 5.0
107 117 35.85
107 118 93.3
107 119 46.86
107 120 103.25
107 121 72.9
107 122 22.67
107 123 75.13
107 124 70.33
107 125 94.94
107 126 72.57
107 127 67.54
107 128 67.68
107 129 62.37
107 130 102.8
107 131 86.59
107 132 58.69
107 133 48.85
107 134 44.29
107 135 67.2
107 136 17.46
107 137 74.33
107 138 70.06
107 139 77.34
107 140 80.53
107 141 84.96
107 142 8.94
107 143 67.74
107 144 50.22
107 145 66.31
107 146 39.85
107 147 23.85
107 148 53.37
107 149 86.12
107 150 51.26
107 151 58.25
107 152 83.68
107 153 80.8
107 154 32.25
107 155 15.62
107 156 22.36
107 157 69.89
107 158 58.67
107 159 47.13
107 160 32.56
107 161 44.65
107 162 46.0
107 163 38.33
107 164 80.01
107 165 31.91
107 166 53.82
107 167 40.31
107 168 33.14
107 169 88.6
107 170 32.45
107 171 30.41
107 172 50.16
107 173 44.72
107 174 76.22
107 175 20.0
107 176 59.62
107 177 35.78
107 178 27.51
107 179 15.3
107 180 89.63
107 181 52.01
107 182 88.55
107 183 18.03
107 184 43.57
107 185 98.86
107 186 40.26
107 187 66.19
107 188 16.4
107 189 32.76
107 190 61.85
107 191 49.77
107 192 87.85
107 193 80.06
107 194 67.42
107 195 24.35
107 196 13.6
107 197 41.34
107 198 79.4
107 199 38.47
107 200 15.23
107 201 21.02
108 0 26.42
108 1 48.84
108 2 74.25
108 3 67.36
108 4 49.25
108 5 87.98
108 6 61.07
108 7 34.54
108 8 68.96
108 9 52.15
108 10 39.12
108 11 46.17
108 12 32.02
108 13 34.06
108 14 55.15
108 15 55.11
108 16 9.22
108 17 39.05
108 18 59.91
108 19 52.17
108 20 99.32
108 21 56.86
108 22 60.54
108 23 47.04
108 24 17.12
108 25 84.5
108 26 57.71
108 27 71.34
108 28 30.08
108 29 71.84
108 30 5.83
108 31 94.67
108 32 23.85
108 33 38.95
108 34 39.96
108 35 54.08
108 36 23.77
108 37 65.31
108 38 55.54
108 39 45.54
108 40 48.7
108 41 55.61
108 42 51.61
108 43 67.08
108 44 69.86
108 45 42.44
108 46 25.18
108 47 70.03
108 48 83.49
108 49 22.36
108 50 27.66
108 51 54.82
108 52 21.93
108 53 76.01
108 54 58.55
108 55 61.03
108 56 90.82
108 57 56.08
108 58 33.6
108 59 42.44
108 60 9.22
108 61 9.06
108 62 37.12
108 63 15.81
108 64 45.28
108 65 62.24
108 66 27.02
108 67 21.0
108 68 23.02
108 69 77.52
108 70 15.03
108 71 88.2
108 72 13.93
108 73 24.6
108 74 46.96
108 75 77.99
108 76 76.4
108 77 41.87
108 78 62.94
108 79 65.31
108 80 84.97
108 81 49.2
108 82 31.62
108 83 60.01
108 84 68.82
108 85 58.86
108 86 43.86
108 87 60.0
108 88 58.14
108 89 49.04
108 90 85.15
108 91 76.92
108 92 16.4
108 93 46.69
108 94 11.18
108 95 32.25
108 96 41.98
108 97 85.09
108 98 72.57
108 99 13.15
108 100 44.42
108 101 80.95
108 102 69.63
108 103 50.33
108 104 41.05
108 105 24.08
108 106 69.77
108 107 46.17
108 109 40.85
108 110 59.64
108 111 49.66
108 112 60.11
108 113 60.14
108 114 33.24
108 115 57.8
108 116 49.24
108 117 30.08
108 118 49.52
108 119 51.92
108 120 59.46
108 121 51.48
108 122 27.02
108 123 53.23
108 124 51.87
108 125 49.24
108 126 82.04
108 127 86.82
108 128 78.64
108 129 17.03
108 130 61.22
108 131 53.15
108 132 28.16
108 133 5.1
108 134 57.78
108 135 54.92
108 136 28.86
108 137 45.0
108 138 73.11
108 139 45.4
108 140 58.59
108 141 47.01
108 142 40.45
108 143 75.66
108 144 48.1
108 145 84.31
108 146 60.93
108 147 57.31
108 148 67.68
108 149 40.31
108 150 67.23
108 151 77.88
108 152 37.66
108 153 39.96
108 154 66.48
108 155 54.04
108 156 66.75
108 157 43.05
108 158 81.84
108 159 65.76
108 160 23.32
108 161 72.73
108 162 14.14
108 163 65.0
108 164 50.45
108 165 35.36
108 166 59.44
108 167 45.88
108 168 66.47
108 169 59.55
108 170 36.24
108 171 16.64
108 172 80.0
108 173 6.0
108 174 48.01
108 175 56.04
108 176 38.6
108 177 53.85
108 178 29.21
108 179 47.01
108 180 72.09
108 181 79.88
108 182 43.6
108 183 63.69
108 184 58.67
108 185 82.86
108 186 59.51
108 187 23.77
108 188 31.26
108 189 76.32
108 190 87.24
108 191 65.0
108 192 60.61
108 193 99.05
108 194 92.57
108 195 67.27
108 196 33.54
108 197 69.26
108 198 48.92
108 199 84.4
108 200 47.2
108 201 26.42
109 0 67.12
109 1 69.35
109 2 98.23
109 3 108.17
109 4 89.27
109 5 117.18
109 6 88.32
109 7 69.35
109 8 99.62
109 9 90.67
109 10 24.76
109 11 86.12
109 12 20.59
109 13 19.42
109 14 89.2
109 15 95.6
109 16 40.45
109 17 70.84
109 18 65.19
109 19 89.09
109 20 127.78
109 21 97.13
109 22 93.61
109 23 86.68
109 24 57.57
109 25 110.14
109 26 66.91
109 27 76.01
109 28 70.84
109 29 98.67
109 30 40.31
109 31 129.56
109 32 18.11
109 33 18.44
109 34 51.87
109 35 94.92
109 36 60.3
109 37 74.67
109 38 85.8
109 39 75.0
109 40 81.47
109 41 95.52
109 42 73.16
109 43 101.24
109 44 106.0
109 45 9.49
109 46 53.15
109 47 108.78
109 48 111.68
109 49 59.41
109 50 20.88
109 51 94.67
109 52 61.4
109 53 79.06
109 54 96.25
109 55 75.43
109 56 95.13
109 57 58.03
109 58 71.61
109 59 24.41
109 60 38.83
109 61 49.04
109 62 71.03
109 63 56.36
109 64 48.51
109 65 103.08
109 66 65.73
109 67 38.47
109 68 53.04
109 69 112.49
109 70 49.2
109 71 116.76
109 72 51.97
109 73 16.49
109 74 31.91
109 75 115.75
109 76 105.69
109 77 13.42
109 78 94.2
109 79 105.77
109 80 116.3
109 81 25.3
109 82 65.8
109 83 93.43
109 84 71.03
109 85 78.19
109 86 18.79
109 87 97.19
109 88 84.22
109 89 87.97
109 90 110.49
109 91 108.67
109 92 55.57
109 93 19.92
109 94 44.41
109 95 10.05
109 96 38.95
109 97 117.61
109 98 101.02
109 99 48.83
109 100 27.46
109 101 112.18
109 102 98.48
109 103 37.74
109 104 38.21
109 105 64.01
109 106 101.43
109 107 86.98
109 108 40.85
109 110 89.05
109 111 62.36
109 112 27.46
109 113 56.32
109 114 52.84
109 115 65.62
109 116 89.84
109 117 65.19
109 118 19.1
109 119 83.24
109 120 25.71
109 121 64.29
109 122 66.49
109 123 64.76
109 124 67.36
109 125 10.3
109 126 105.7
109 127 115.52
109 128 103.82
109 129 26.4
109 130 33.0
109 131 50.04
109 132 43.01
109 133 38.33
109 134 91.35
109 135 74.46
109 136 69.57
109 137 52.17
109 138 94.37
109 139 43.86
109 140 67.9
109 141 33.84
109 142 80.78
109 143 99.54
109 144 73.76
109 145 112.64
109 146 94.43
109 147 95.43
109 148 96.77
109 149 10.2
109 150 100.12
109 151 110.89
109 152 8.06
109 153 25.5
109 154 105.44
109 155 93.56
109 156 106.96
109 157 54.41
109 158 113.16
109 159 97.32
109 160 61.03
109 161 107.3
109 162 46.23
109 163 102.07
109 164 54.33
109 165 71.7
109 166 89.05
109 167 79.25
109 168 105.21
109 169 60.01
109 170 72.35
109 171 57.27
109 172 116.78
109 173 43.42
109 174 54.92
109 175 94.89
109 176 58.59
109 177 89.87
109 178 67.68
109 179 86.15
109 180 81.5
109 181 115.97
109 182 11.4
109 183 104.55
109 184 90.09
109 185 91.14
109 186 92.54
109 187 28.84
109 188 71.57
109 189 116.1
109 190 119.05
109 191 97.95
109 192 63.01
109 193 126.19
109 194 123.76
109 195 107.08
109 196 74.04
109 197 104.17
109 198 52.35
109 199 125.0
109 200 87.32
109 201 67.12
110 0 53.71
110 1 100.44
110 2 18.44
110 3 57.01
110 4 39.0
110 5 28.64
110 6 5.39
110 7 75.18
110 8 104.12
110 9 30.15
110 10 70.01
110 11 38.12
110 12 69.58
110 13 71.45
110 14 13.15
110 15 45.28
110 16 53.24
110 17 82.37
110 18 117.39
110 19 23.09
110 20 39.82
110 21 66.03
110 22 93.68
110 23 36.06
110 24 48.17
110 25 25.61
110 26 114.02
110 27 128.14
110 28 46.52
110 29 13.04
110 30 65.0
110 31 115.0
110 32 72.12
110 33 75.17
110 34 97.59
110 35 52.04
110 36 36.8
110 37 120.74
110 38 95.08
110 39 89.47
110 40 86.54
110 41 68.18
110 42 20.62
110 43 95.9
110 44 26.17
110 45 84.59
110 46 78.64
110 47 38.28
110 48 23.85
110 49 66.61
110 50 68.25
110 51 68.26
110 52 60.46
110 53 133.06
110 54 27.51
110 55 114.4
110 56 146.49
110 57 114.69
110 58 67.54
110 59 73.01
110 60 68.6
110 61 51.86
110 62 23.35
110 63 56.08
110 64 104.35
110 65 59.54
110 66 63.63
110 67 50.7
110 68 75.82
110 69 101.49
110 70 68.59
110 71 28.65
110 72 46.23
110 73 74.63
110 74 70.46
110 75 93.02
110 76 112.09
110 77 81.3
110 78 98.67
110 79 49.34
110 80 27.29
110 81 79.16
110 82 74.95
110 83 11.66
110 84 126.57
110 85 109.29
110 86 79.03
110 87 83.02
110 88 102.42
110 89 32.0
110 90 26.4
110 91 20.0
110 92 61.07
110 93 81.0
110 94 68.01
110 95 79.08
110 96 58.42
110 97 113.0
110 98 110.37
110 99 66.47
110 100 72.11
110 101 23.19
110 102 107.52
110 103 68.25
110 104 100.69
110 105 58.83
110 106 13.15
110 107 48.26
110 108 59.64
110 109 89.05
110 111 105.55
110 112 92.35
110 113 119.47
110 114 89.14
110 115 114.63
110 116 45.01
110 117 72.72
110 118 85.0
110 119 91.0
110 120 93.19
110 121 107.06
110 122 39.66
110 123 109.12
110 124 106.04
110 125 92.54
110 126 25.08
110 127 27.29
110 128 20.59
110 129 74.71
110 130 88.12
110 131 112.61
110 132 46.39
110 133 57.8
110 134 90.8
110 135 105.95
110 136 46.07
110 137 103.32
110 138 22.09
110 139 56.09
110 140 114.77
110 141 68.59
110 142 41.0
110 143 19.65
110 144 16.03
110 145 24.7
110 146 12.21
110 147 29.12
110 148 8.06
110 149 93.61
110 150 98.72
110 151 106.37
110 152 90.14
110 153 70.0
110 154 80.01
110 155 36.35
110 156 47.17
110 157 100.41
110 158 24.19
110 159 9.49
110 160 65.46
110 161 22.83
110 162 70.04
110 163 86.58
110 164 109.04
110 165 72.45
110 166 98.79
110 167 83.77
110 168 81.02
110 169 118.26
110 170 73.35
110 171 55.44
110 172 98.01
110 173 63.25
110 174 106.1
110 175 32.76
110 176 92.96
110 177 82.71
110 178 64.88
110 179 33.06
110 180 126.82
110 181 100.08
110 182 84.38
110 183 58.86
110 184 5.39
110 185 137.2
110 186 10.3
110 187 83.01
110 188 42.05
110 189 49.09
110 190 30.15
110 191 97.02
110 192 118.83
110 193 39.41
110 194 34.71
110 195 43.86
110 196 43.08
110 197 21.4
110 198 107.71
110 199 63.29
110 200 62.97
110 201 53.71
111 0 54.41
111 1 12.37
111 2 122.0
111 3 88.32
111 4 80.62
111 5 132.28
111 6 108.07
111 7 36.4
111 8 46.07
111 9 87.92
111 10 78.0
111 11 78.55
111 12 70.01
111 13 71.01
111 14 97.67
111 15 82.35
111 16 58.69
111 17 30.81
111 18 13.0
111 19 91.21
111 20 143.63
111 21 69.23
111 22 45.35
111 23 80.45
111 24 57.38
111 25 131.14
111 26 8.49
111 27 22.63
111 28 62.2
111 29 118.44
111 30 43.86
111 31 78.71
111 32 58.01
111 33 74.17
111 34 11.0
111 35 76.9
111 36 69.03
111 37 15.65
111 38 35.17
111 39 28.0
111 40 37.01
111 41 65.92
111 42 100.85
111 43 53.16
111 44 107.9
111 45 70.41
111 46 26.91
111 47 102.42
111 48 128.7
111 49 39.82
111 50 66.07
111 51 64.94
111 52 46.23
111 53 27.59
111 54 95.13
111 55 13.15
111 56 41.34
111 57 15.13
111 58 44.78
111 59 80.06
111 60 40.85
111 61 54.92
111 62 82.22
111 63 49.52
111 64 15.62
111 65 80.52
111 66 44.94
111 67 69.26
111 68 29.73
111 69 63.91
111 70 37.2
111 71 132.94
111 72 60.46
111 73 56.01
111 74 87.0
111 75 73.35
111 76 49.41
111 77 72.84
111 78 42.72
111 79 90.82
111 80 127.66
111 81 84.48
111 82 34.44
111 83 102.65
111 84 21.95
111 85 17.03
111 86 77.52
111 87 57.08
111 88 28.18
111 89 84.31
111 90 131.89
111 91 119.75
111 92 44.55
111 93 79.76
111 94 38.95
111 95 61.4
111 96 86.83
111 97 64.14
111 98 44.41
111 99 39.41
111 100 83.02
111 101 123.99
111 102 42.72
111 103 92.05
111 104 25.55
111 105 48.6
111 106 113.22
111 107 72.01
111 108 49.66
111 109 62.36
111 110 105.55
111 112 89.74
111 113 23.35
111 114 16.64
111 115 9.43
111 116 76.92
111 117 36.24
111 118 80.41
111 119 35.36
111 120 88.06
111 121 2.0
111 122 66.48
111 123 3.61
111 124 5.66
111 125 72.42
111 126 129.63
111 127 131.53
111 128 125.73
111 129 44.18
111 130 94.54
111 131 21.47
111 132 76.84
111 133 53.85
111 134 44.72
111 135 14.21
111 136 62.01
111 137 10.82
111 138 121.76
111 139 91.24
111 140 9.22
111 141 88.02
111 142 72.4
111 143 123.41
111 144 96.52
111 145 129.4
111 146 103.39
111 147 93.19
111 148 113.22
111 149 53.49
111 150 49.98
111 151 59.03
111 152 54.41
111 153 79.0
111 154 69.01
111 155 86.45
111 156 93.78
111 157 8.06
111 158 124.74
111 159 109.62
111 160 41.4
111 161 112.8
111 162 36.36
111 163 60.41
111 164 12.53
111 165 40.5
111 166 36.4
111 167 37.05
111 168 68.03
111 169 18.0
111 170 40.16
111 171 50.21
111 172 71.57
111 173 44.29
111 174 9.22
111 175 90.21
111 176 12.81
111 177 49.01
111 178 44.78
111 179 82.1
111 180 22.47
111 181 69.26
111 182 72.37
111 183 82.71
111 184 103.25
111 185 33.24
111 186 102.59
111 187 36.01
111 188 66.22
111 189 104.18
111 190 129.32
111 191 48.38
111 192 16.28
111 193 144.25
111 194 134.95
111 195 96.25
111 196 66.61
111 197 109.2
111 198 13.6
111 199 105.99
111 200 61.4
111 201 54.41
112 0 85.91
112 1 96.21
112 2 96.52
112 3 124.17
112 4 103.31
112 5 118.07
112 6 90.05
112 7 92.8
112 8 125.03
112 9 102.32
112 10 23.77
112 11 100.18
112 12 28.6
112 13 26.4
112 14 96.32
112 15 110.54
112 16 55.8
112 17 95.41
112 18 92.54
112 19 98.98
112 20 127.48
112 21 116.52
112 22 118.15
112 23 100.18
112 24 74.4
112 25 108.66
112 26 94.37
112 27 103.17
112 28 87.66
112 29 99.05
112 30 61.72
112 31 153.6
112 32 37.01
112 33 21.4
112 34 79.12
112 35 111.52
112 36 72.9
112 37 102.11
112 38 111.14
112 39 100.34
112 40 105.95
112 41 115.52
112 42 73.0
112 43 125.43
112 44 114.0
112 45 19.7
112 46 78.03
112 47 119.87
112 48 112.11
112 49 81.57
112 50 32.65
112 51 114.77
112 52 82.02
112 53 106.02
112 54 106.57
112 55 102.84
112 56 122.0
112 57 85.29
112 58 93.43
112 59 20.25
112 60 61.4
112 61 66.22
112 62 80.01
112 63 75.74
112 64 75.95
112 65 120.37
112 66 87.0
112 67 47.85
112 68 77.39
112 69 136.4
112 70 72.01
112 71 117.15
112 72 67.12
112 73 37.44
112 74 22.0
112 75 137.97
112 76 131.53
112 77 18.6
112 78 119.36
112 79 120.31
112 80 119.07
112 81 13.34
112 82 89.4
112 83 99.64
112 84 98.05
112 85 105.3
112 86 16.4
112 87 119.75
112 88 110.49
112 89 100.32
112 90 108.78
112 91 112.29
112 92 76.38
112 93 13.6
112 94 67.01
112 95 30.02
112 96 34.01
112 97 142.58
112 98 127.02
112 99 71.06
112 100 20.4
112 101 115.11
112 102 124.35
112 103 25.5
112 104 65.62
112 105 84.17
112 106 105.48
112 107 103.46
112 108 60.11
112 109 27.46
112 110 92.35
112 111 89.74
112 113 83.01
112 114 79.31
112 115 93.06
112 116 105.31
112 117 88.41
112 118 10.63
112 119 108.23
112 120 2.24
112 121 91.68
112 122 81.12
112 123 92.2
112 124 94.64
112 125 18.0
112 126 103.1
112 127 116.11
112 128 102.49
112 129 50.25
112 130 7.81
112 131 77.06
112 132 48.08
112 133 55.97
112 134 115.68
112 135 101.51
112 136 86.27
112 137 79.62
112 138 91.08
112 139 37.12
112 140 95.35
112 141 24.02
112 142 95.88
112 143 97.62
112 144 76.32
112 145 113.11
112 146 100.62
112 147 106.28
112 148 99.08
112 149 37.12
112 150 124.81
112 151 135.62
112 152 35.51
112 153 23.41
112 154 126.59
112 155 106.51
112 156 120.77
112 157 81.74
112 158 116.11
112 159 101.6
112 160 82.88
112 161 113.6
112 162 69.4
112 163 124.74
112 164 81.74
112 165 94.49
112 166 114.61
112 167 103.47
112 168 126.57
112 169 87.09
112 170 95.27
112 171 76.49
112 172 139.7
112 173 64.44
112 174 82.38
112 175 106.78
112 176 85.23
112 177 113.07
112 178 89.14
112 179 98.9
112 180 108.9
112 181 139.31
112 182 17.89
112 183 121.49
112 184 94.89
112 185 118.42
112 186 98.48
112 187 55.15
112 188 87.13
112 189 128.69
112 190 122.1
112 191 122.59
112 192 90.2
112 193 124.9
112 194 126.0
112 195 120.02
112 196 89.89
112 197 111.0
112 198 79.76
112 199 139.53
112 200 107.06
112 201 85.91
113 0 72.62
113 1 35.69
113 2 134.38
113 3 109.84
113 4 99.72
113 5 147.41
113 6 121.17
113 7 57.71
113 8 68.71
113 9 106.02
113 10 77.49
113 11 97.31
113 12 70.23
113 13 70.52
113 14 113.44
113 15 102.49
113 16 67.94
113 17 53.08
113 18 14.21
113 19 108.3
113 20 158.81
113 21 91.44
113 22 68.66
113 23 99.01
113 24 72.4
113 25 144.59
113 26 19.72
113 27 21.19
113 28 80.11
113 29 131.89
113 30 54.56
113 31 101.24
113 32 59.09
113 33 72.28
113 34 24.04
113 35 97.74
113 36 82.8
113 37 24.08
113 38 58.46
113 39 51.16
113 40 60.21
113 41 88.28
113 42 111.2
113 43 76.4
113 44 125.67
113 45 65.62
113 46 44.01
113 47 121.84
113 48 143.22
113 49 57.94
113 50 67.23
113 51 87.28
113 52 64.08
113 53 23.19
113 54 113.16
113 55 30.23
113 56 39.01
113 57 8.25
113 58 65.51
113 59 78.59
113 60 50.99
113 61 67.62
113 62 96.4
113 63 65.37
113 64 15.26
113 65 102.26
113 66 64.2
113 67 76.03
113 68 46.62
113 69 86.98
113 70 51.97
113 71 147.8
113 72 73.25
113 73 56.46
113 74 86.13
113 75 96.69
113 76 71.12
113 77 69.05
113 78 65.8
113 79 111.57
113 80 143.67
113 81 81.22
113 82 55.11
113 83 118.43
113 84 15.52
113 85 38.01
113 86 74.33
113 87 80.31
113 88 50.92
113 89 102.46
113 90 145.25
113 91 135.62
113 92 60.83
113 93 75.95
113 94 51.61
113 95 59.2
113 96 89.16
113 97 86.33
113 98 66.19
113 99 53.85
113 100 81.74
113 101 139.79
113 102 64.88
113 103 91.76
113 104 20.59
113 105 66.85
113 106 128.71
113 107 92.05
113 108 60.14
113 109 56.32
113 110 119.47
113 111 23.35
113 112 83.01
113 114 33.53
113 115 17.49
113 116 96.77
113 117 56.52
113 118 75.43
113 119 58.69
113 120 81.0
113 121 23.77
113 122 82.49
113 123 22.14
113 124 28.16
113 125 65.01
113 126 142.17
113 127 146.4
113 128 138.77
113 129 48.26
113 130 89.2
113 131 7.21
113 132 83.49
113 133 62.97
113 134 68.07
113 135 36.4
113 136 79.62
113 137 17.72
113 138 133.0
113 139 94.02
113 140 20.25
113 141 87.64
113 142 91.0
113 143 135.79
113 144 108.19
113 145 144.01
113 146 119.27
113 147 111.4
113 148 127.44
113 149 46.17
113 150 73.08
113 151 81.71
113 152 48.51
113 153 78.45
113 154 92.14
113 155 105.48
113 156 114.28
113 157 22.36
113 158 140.62
113 159 124.85
113 160 59.81
113 161 129.87
113 162 49.93
113 163 83.73
113 164 12.17
113 165 61.81
113 166 59.48
113 167 60.03
113 168 91.2
113 169 6.4
113 170 61.66
113 171 66.24
113 172 94.83
113 173 56.22
113 174 16.12
113 175 108.85
113 176 33.24
113 177 72.17
113 178 64.56
113 179 100.22
113 180 29.15
113 181 92.44
113 182 67.6
113 183 104.39
113 184 118.0
113 185 36.69
113 186 118.15
113 187 38.83
113 188 83.63
113 189 124.72
113 190 145.65
113 191 71.57
113 192 9.9
113 193 158.84
113 194 151.17
113 195 116.39
113 196 84.58
113 197 126.27
113 198 12.65
113 199 127.74
113 200 83.02
113 201 72.62
114 0 39.36
114 1 17.26
114 2 105.42
114 3 76.66
114 4 66.31
114 5 116.18
114 6 91.55
114 7 25.02
114 8 47.42
114 9 72.95
114 10 64.63
114 11 63.98
114 12 56.57
114 13 57.87
114 14 81.69
114 15 68.96
114 16 42.38
114 17 22.14
114 18 28.32
114 19 75.72
114 20 127.56
114 21 59.01
114 22 43.01
114 23 65.74
114 24 41.01
114 25 114.69
114 26 25.0
114 27 39.05
114 28 47.01
114 29 101.98
114 30 27.51
114 31 78.87
114 32 44.72
114 33 61.61
114 34 9.49
114 35 64.33
114 36 52.5
114 37 32.25
114 38 33.97
114 39 23.6
114 40 31.76
114 41 56.08
114 42 84.22
114 43 51.04
114 44 92.78
114 45 59.62
114 46 10.82
114 47 88.39
114 48 112.45
114 49 24.6
114 50 52.35
114 51 55.08
114 52 30.89
114 53 43.93
114 54 80.13
114 55 27.89
114 56 57.98
114 57 26.83
114 58 32.25
114 59 67.08
114 60 24.74
114 61 38.28
114 62 65.8
114 63 33.3
114 64 19.1
114 65 69.26
114 66 30.68
114 67 53.37
114 68 13.6
114 69 62.43
114 70 20.62
114 71 116.78
114 72 43.83
114 73 43.17
114 74 73.55
114 75 68.94
114 76 53.01
114 77 61.35
114 78 42.45
114 79 78.1
114 80 111.83
114 81 72.28
114 82 22.02
114 83 86.68
114 84 37.54
114 85 27.07
114 86 65.52
114 87 50.92
114 88 31.38
114 89 69.35
114 90 115.43
114 91 103.86
114 92 28.43
114 93 68.01
114 94 22.36
114 95 49.65
114 96 72.06
114 97 65.76
114 98 48.26
114 99 22.8
114 100 69.87
114 101 108.07
114 102 45.8
114 103 78.23
114 104 23.41
114 105 33.54
114 106 97.19
114 107 58.52
114 108 33.24
114 109 52.84
114 110 89.14
114 111 16.64
114 112 79.31
114 113 33.53
114 115 25.5
114 116 63.25
114 117 23.19
114 118 69.29
114 119 32.2
114 120 77.88
114 121 18.36
114 122 50.45
114 123 20.25
114 124 18.68
114 125 63.13
114 126 113.07
114 127 115.36
114 128 109.22
114 129 30.41
114 130 83.17
114 131 28.28
114 132 60.88
114 133 37.64
114 134 41.34
114 135 23.09
114 136 46.65
114 137 15.81
114 138 105.12
114 139 76.24
114 140 25.81
114 141 74.33
114 142 57.7
114 143 106.83
114 144 79.88
114 145 113.17
114 146 87.46
114 147 78.29
114 148 96.88
114 149 45.61
114 150 49.04
114 151 59.46
114 152 45.49
114 153 65.62
114 154 61.85
114 155 72.09
114 156 80.78
114 157 11.66
114 158 108.85
114 159 93.51
114 160 26.4
114 161 97.35
114 162 19.72
114 163 55.15
114 164 21.54
114 165 29.0
114 166 36.8
114 167 30.46
114 168 61.13
114 169 30.41
114 170 29.02
114 171 34.06
114 172 68.48
114 173 27.73
114 174 17.89
114 175 75.58
114 176 6.08
114 177 42.72
114 178 31.05
114 179 67.12
114 180 38.91
114 181 66.89
114 182 61.47
114 183 71.34
114 184 87.0
114 185 49.66
114 186 86.56
114 187 24.17
114 188 50.77
114 189 91.21
114 190 113.6
114 191 47.01
114 192 30.23
114 193 128.04
114 194 119.2
114 195 82.86
114 196 51.48
114 197 93.74
114 198 20.88
114 199 94.64
114 200 50.09
114 201 39.36
115 0 63.82
115 1 20.1
115 2 130.87
115 3 97.42
115 4 90.05
115 5 141.53
115 6 117.03
115 7 45.69
115 8 51.55
115 9 97.35
115 10 83.38
115 11 87.98
115 12 75.54
115 13 76.32
115 14 106.96
115 15 91.71
115 16 66.65
115 17 39.85
115 18 4.0
115 19 100.6
115 20 152.9
115 21 78.1
115 22 52.35
115 23 89.89
115 24 66.48
115 25 140.19
115 26 2.24
115 27 13.6
115 28 71.61
115 29 127.48
115 30 51.97
115 31 83.93
115 32 63.64
115 33 79.06
115 34 17.89
115 35 86.16
115 36 77.99
115 37 9.06
115 38 42.19
115 39 36.35
115 40 45.18
115 41 74.73
115 42 109.29
115 43 59.84
115 44 117.32
115 45 74.24
115 46 36.07
115 47 111.83
115 48 137.89
115 49 49.2
115 50 71.85
115 51 73.76
115 52 55.61
115 53 18.44
115 54 104.56
115 55 12.81
115 56 33.11
115 57 9.9
115 58 54.13
115 59 85.15
115 60 48.76
115 61 63.6
115 62 91.29
115 63 58.69
115 64 17.12
115 65 89.56
115 66 54.38
115 67 76.69
115 68 38.9
115 69 70.09
115 70 46.1
115 71 142.17
115 72 69.2
115 73 61.4
115 74 92.35
115 75 80.5
115 76 53.67
115 77 77.06
115 78 49.03
115 79 100.09
115 80 137.0
115 81 89.01
115 82 43.83
115 83 111.95
115 84 12.53
115 85 20.62
115 86 82.01
115 87 65.03
115 88 33.96
115 89 93.74
115 90 140.93
115 91 129.07
115 92 53.76
115 93 84.05
115 94 47.43
115 95 66.01
115 96 93.17
115 97 68.94
115 98 48.75
115 99 48.27
115 100 88.2
115 101 133.3
115 102 47.54
115 103 97.62
115 104 27.46
115 105 58.01
115 106 122.49
115 107 81.39
115 108 57.8
115 109 65.62
115 110 114.63
115 111 9.43
115 112 93.06
115 113 17.49
115 114 25.5
115 116 86.31
115 117 45.65
115 118 84.29
115 119 43.0
115 120 91.24
115 121 8.54
115 122 75.74
115 123 6.32
115 124 12.04
115 125 75.31
115 126 138.54
115 127 140.76
115 128 134.71
115 129 50.45
115 130 98.41
115 131 18.6
115 132 84.31
115 133 61.72
115 134 52.09
115 135 19.42
115 136 71.4
115 137 14.14
115 138 130.43
115 139 97.74
115 140 2.83
115 141 93.54
115 142 81.84
115 143 132.28
115 144 105.21
115 145 138.6
115 146 112.7
115 147 102.63
115 148 122.35
115 149 56.09
115 150 56.29
115 151 64.51
115 152 57.56
115 153 84.38
115 154 77.1
115 155 95.88
115 156 103.08
115 157 14.76
115 158 134.06
115 159 118.87
115 160 50.8
115 161 122.2
115 162 45.0
115 163 68.03
115 164 11.4
115 165 49.77
115 166 42.76
115 167 45.54
115 168 76.06
115 169 11.18
115 170 49.4
115 171 59.41
115 172 78.26
115 173 52.7
115 174 11.05
115 175 99.64
115 176 22.2
115 177 57.14
115 178 54.2
115 179 91.53
115 180 16.0
115 181 75.71
115 182 76.24
115 183 91.76
115 184 112.43
115 185 26.31
115 186 111.87
115 187 41.59
115 188 75.6
115 189 113.46
115 190 138.68
115 191 54.92
115 192 8.25
115 193 153.46
115 194 144.31
115 195 105.6
115 196 76.03
115 197 118.6
115 198 13.34
115 199 114.98
115 200 70.52
115 201 63.82
116 0 25.08
116 1 67.96
116 2 63.2
116 3 18.87
116 4 6.08
116 5 63.07
116 6 50.01
116 7 40.82
116 8 61.72
116 9 15.52
116 10 81.84
116 11 7.28
116 12 76.94
116 13 79.18
116 14 32.14
116 15 6.0
116 16 50.16
116 17 47.43
116 18 89.9
116 19 22.2
116 20 73.43
116 21 21.02
116 22 51.48
116 23 9.06
116 24 32.28
116 25 67.19
116 26 85.0
116 27 98.62
116 28 19.24
116 29 56.57
116 30 51.35
116 31 70.01
116 32 72.11
116 33 84.12
116 34 72.73
116 35 7.62
116 36 32.8
116 37 89.89
116 38 55.44
116 39 53.26
116 40 47.42
116 41 23.35
116 42 55.97
116 43 52.2
116 44 33.6
116 45 90.08
116 46 52.89
116 47 25.55
116 48 61.68
116 49 39.05
116 50 73.35
116 51 23.54
116 52 33.38
116 53 103.59
116 54 21.47
116 55 81.84
116 56 114.2
116 57 89.89
116 58 32.25
116 59 85.44
116 60 54.15
116 61 40.8
116 62 31.76
116 63 35.06
116 64 82.01
116 65 16.64
116 66 32.57
116 67 57.69
116 68 50.45
116 69 56.72
116 70 47.17
116 71 64.47
116 72 38.48
116 73 73.38
116 74 87.01
116 75 48.09
116 76 69.35
116 77 88.57
116 78 56.94
116 79 16.12
116 80 56.44
116 81 92.65
116 82 42.49
116 83 35.69
116 84 98.84
116 85 74.65
116 86 89.07
116 87 38.9
116 88 64.38
116 89 13.04
116 90 68.15
116 91 49.66
116 92 38.05
116 93 91.79
116 94 50.0
116 95 80.65
116 96 77.16
116 97 68.45
116 98 68.48
116 99 46.04
116 100 86.27
116 101 53.67
116 102 65.86
116 103 87.86
116 104 82.87
116 105 30.41
116 106 45.22
116 107 5.0
116 108 49.24
116 109 89.84
116 110 45.01
116 111 76.92
116 112 105.31
116 113 96.77
116 114 63.25
116 115 86.31
116 117 40.72
116 118 95.29
116 119 51.74
116 120 105.19
116 121 77.83
116 122 24.19
116 123 80.06
116 124 75.29
116 125 97.5
116 126 68.88
116 127 63.16
116 128 63.95
116 129 65.76
116 130 104.29
116 131 91.21
116 132 59.55
116 133 51.55
116 134 48.88
116 135 72.2
116 136 20.4
116 137 79.06
116 138 67.01
116 139 77.79
116 140 85.48
116 141 86.05
116 142 9.43
116 143 64.28
116 144 48.38
116 145 62.03
116 146 35.9
116 147 19.24
116 148 49.65
116 149 89.44
116 150 55.54
116 151 62.1
116 152 86.88
116 153 82.38
116 154 35.0
116 155 10.82
116 156 18.03
116 157 74.67
116 158 54.12
116 159 43.17
116 160 37.11
116 161 39.96
116 162 50.09
116 163 41.98
116 164 84.76
116 165 36.89
116 166 58.6
116 167 45.25
116 168 36.01
116 169 93.41
116 170 37.44
116 171 34.06
116 172 53.0
116 173 48.26
116 174 80.99
116 175 15.26
116 176 64.47
116 177 40.31
116 178 32.31
116 179 12.04
116 180 94.63
116 181 55.08
116 182 90.87
116 183 17.03
116 184 40.11
116 185 103.86
116 186 36.5
116 187 70.03
116 188 18.38
116 189 28.28
116 190 57.14
116 191 54.13
116 192 92.7
116 193 75.58
116 194 62.68
116 195 19.65
116 196 15.81
116 197 36.72
116 198 84.12
116 199 35.17
116 200 19.72
116 201 25.08
117 0 19.21
117 1 28.28
117 2 90.35
117 3 53.46
117 4 44.42
117 5 97.84
117 6 76.06
117 7 4.47
117 8 39.05
117 9 52.01
117 10 68.88
117 11 42.44
117 12 61.4
117 13 63.29
117 14 63.25
117 15 46.24
117 16 38.08
117 17 10.2
117 18 49.19
117 19 55.87
117 20 109.04
117 21 36.22
117 22 30.46
117 23 44.41
117 24 26.68
117 25 98.18
117 26 44.42
117 27 58.25
117 28 26.91
117 29 85.76
117 30 26.93
117 31 65.22
117 32 51.4
117 33 67.96
117 34 32.56
117 35 41.23
117 36 38.6
117 37 49.82
117 38 26.08
117 39 17.46
117 40 18.68
117 41 33.54
117 42 72.53
117 43 37.22
117 44 72.01
117 45 69.43
117 46 14.32
117 47 66.19
117 48 94.81
117 49 8.06
117 50 56.94
117 51 32.56
117 52 12.65
117 53 63.25
117 54 59.2
117 55 42.43
117 56 74.97
117 57 49.34
117 58 9.06
117 59 72.07
117 60 27.02
117 61 29.07
117 62 50.09
117 63 19.1
117 64 42.3
117 65 46.1
117 66 9.22
117 67 50.22
117 68 13.0
117 69 48.01
117 70 16.4
117 71 98.72
117 72 33.06
117 73 51.09
117 74 76.97
117 75 50.61
117 76 46.69
117 77 69.81
117 78 32.98
117 79 55.08
117 80 92.63
117 81 78.55
117 82 2.24
117 83 68.12
117 84 58.18
117 85 36.62
117 86 72.67
117 87 32.02
117 88 30.81
117 89 48.41
117 90 99.02
117 91 84.9
117 92 15.03
117 93 75.45
117 94 21.4
117 95 58.8
117 96 71.84
117 97 55.04
117 98 43.19
117 99 17.49
117 100 74.24
117 101 89.14
117 102 40.2
117 103 80.41
117 104 45.28
117 105 13.89
117 106 78.75
117 107 35.85
117 108 30.08
117 109 65.19
117 110 72.72
117 111 36.24
117 112 88.41
117 113 56.52
117 114 23.19
117 115 45.65
117 116 40.72
117 118 77.8
117 119 22.2
117 120 87.46
117 121 37.22
117 122 33.12
117 123 39.45
117 124 35.0
117 125 74.97
117 126 97.62
117 127 97.31
117 128 93.3
117 129 38.9
117 130 90.43
117 131 51.48
117 132 56.57
117 133 35.11
117 134 27.73
117 135 33.42
117 136 27.02
117 137 38.83
117 138 91.39
117 139 74.95
117 140 44.94
117 141 77.08
117 142 36.4
117 143 91.71
117 144 66.73
117 145 95.43
117 146 68.77
117 147 57.2
117 148 79.88
117 149 60.75
117 150 37.16
117 151 47.85
117 152 59.41
117 153 69.77
117 154 41.15
117 155 50.25
117 156 57.87
117 157 34.21
117 158 89.83
117 159 75.43
117 160 8.06
117 161 77.23
117 162 19.1
117 163 36.88
117 164 44.38
117 165 6.71
117 166 30.07
117 167 15.81
117 168 40.71
117 169 52.81
117 170 7.21
117 171 19.24
117 172 51.62
117 173 24.6
117 174 40.52
117 175 54.08
117 176 23.77
117 177 24.76
117 178 8.6
117 179 46.23
117 180 55.17
117 181 50.99
117 182 70.94
117 183 48.17
117 184 69.63
117 185 65.12
117 186 68.25
117 187 38.08
117 188 31.24
117 189 68.31
117 190 94.07
117 191 34.93
117 192 52.0
117 193 110.11
117 194 99.72
117 195 60.17
117 196 31.11
117 197 73.66
117 198 43.93
117 199 71.45
117 200 27.0
117 201 19.21
118 0 75.43
118 1 86.33
118 2 90.8
118 3 114.13
118 4 93.52
118 5 111.65
118 6 83.15
118 7 82.2
118 8 114.61
118 9 92.97
118 10 15.03
118 11 90.38
118 12 18.36
118 13 16.12
118 14 87.97
118 15 100.62
118 16 45.49
118 17 84.91
118 18 84.05
118 19 89.99
118 20 121.49
118 21 106.04
118 22 107.62
118 23 90.47
118 24 64.07
118 25 102.96
118 26 85.48
118 27 95.01
118 28 77.39
118 29 92.66
118 30 51.09
118 31 143.0
118 32 26.4
118 33 11.18
118 34 69.63
118 35 101.36
118 36 63.16
118 37 93.34
118 38 100.72
118 39 89.94
118 40 95.41
118 41 105.0
118 42 66.48
118 43 114.86
118 44 105.55
118 45 10.05
118 46 67.6
118 47 110.72
118 48 105.8
118 49 70.94
118 50 22.2
118 51 104.24
118 52 71.42
118 53 98.13
118 54 97.53
118 55 93.56
118 56 114.21
118 57 77.0
118 58 82.81
118 59 12.04
118 60 50.8
118 61 55.8
118 62 71.06
118 63 65.19
118 64 67.19
118 65 110.14
118 66 76.38
118 67 38.28
118 68 66.89
118 69 125.8
118 70 61.4
118 71 110.89
118 72 56.94
118 73 26.93
118 74 17.0
118 75 127.35
118 76 121.2
118 77 8.06
118 78 108.91
118 79 110.49
118 80 112.07
118 81 7.81
118 82 78.82
118 83 91.55
118 84 90.09
118 85 95.6
118 86 6.32
118 87 109.12
118 88 100.32
118 89 90.82
118 90 103.16
118 91 105.0
118 92 65.76
118 93 4.0
118 94 56.4
118 95 19.7
118 96 27.89
118 97 132.08
118 98 116.73
118 99 60.44
118 100 13.6
118 101 108.04
118 102 114.04
118 103 22.2
118 104 57.04
118 105 73.59
118 106 98.02
118 107 93.3
118 108 49.52
118 109 19.1
118 110 85.0
118 111 80.41
118 112 10.63
118 113 75.43
118 114 69.29
118 115 84.29
118 116 95.29
118 117 77.8
118 119 97.75
118 120 10.0
118 121 82.38
118 122 71.12
118 123 83.02
118 124 85.15
118 125 12.21
118 126 97.74
118 127 109.77
118 128 96.69
118 129 39.82
118 130 14.14
118 131 69.12
118 132 39.46
118 133 45.45
118 134 105.12
118 135 91.76
118 136 76.01
118 137 70.58
118 138 85.87
118 139 31.95
118 140 86.47
118 141 19.24
118 142 85.88
118 143 91.98
118 144 69.01
118 145 106.79
118 146 92.54
118 147 97.12
118 148 92.09
118 149 29.27
118 150 114.28
118 151 125.1
118 152 27.02
118 153 15.0
118 154 116.0
118 155 96.93
118 156 111.09
118 157 72.37
118 158 109.04
118 159 94.05
118 160 72.25
118 161 105.57
118 162 58.82
118 163 114.11
118 164 73.11
118 165 83.87
118 166 104.24
118 167 92.91
118 168 115.97
118 169 79.06
118 170 84.65
118 171 65.95
118 172 129.07
118 173 53.81
118 174 73.44
118 175 97.41
118 176 75.27
118 177 102.45
118 178 78.52
118 179 89.32
118 180 100.24
118 181 128.69
118 182 8.06
118 183 111.31
118 184 87.14
118 185 110.04
118 186 90.45
118 187 45.22
118 188 77.03
118 189 119.27
118 190 115.04
118 191 112.06
118 192 82.01
118 193 119.24
118 194 119.21
118 195 110.49
118 196 79.76
118 197 102.83
118 198 71.11
118 199 129.77
118 200 96.54
118 201 75.43
119 0 38.08
119 1 23.09
119 2 109.2
119 3 57.8
119 4 57.01
119 5 113.74
119 6 94.92
119 7 18.03
119 8 17.09
119 9 66.03
119 10 90.08
119 11 56.04
119 12 82.35
119 13 84.1
119 14 80.06
119 15 55.87
119 16 60.21
119 17 13.0
119 18 47.0
119 19 71.34
119 20 124.54
119 21 37.59
119 22 10.82
119 23 58.25
119 24 48.09
119 25 115.83
119 26 41.01
119 27 52.17
119 28 44.6
119 29 103.87
119 30 48.1
119 31 46.75
119 32 71.59
119 33 88.55
119 34 38.48
119 35 48.92
119 36 59.54
119 37 42.95
119 38 4.12
119 39 8.6
119 40 4.47
119 41 34.0
119 42 93.38
119 43 18.87
119 44 85.28
119 45 88.75
119 46 30.23
119 47 76.42
119 48 111.51
119 49 30.27
119 50 77.88
119 51 33.12
119 52 34.01
119 53 56.75
119 54 72.8
119 55 33.96
119 56 64.41
119 57 50.49
119 58 23.77
119 59 93.11
119 60 47.42
119 61 51.24
119 62 69.64
119 63 41.01
119 64 48.1
119 65 49.74
119 66 29.15
119 67 72.37
119 68 30.89
119 69 30.23
119 70 37.34
119 71 114.91
119 72 55.01
119 73 70.83
119 74 98.43
119 75 38.08
119 76 24.52
119 77 89.69
119 78 11.18
119 79 62.2
119 80 107.65
119 81 99.28
119 82 20.4
119 83 84.6
119 84 54.33
119 85 25.3
119 86 93.06
119 87 22.09
119 88 12.81
119 89 62.68
119 90 116.73
119 91 100.4
119 92 37.22
119 93 95.77
119 94 42.15
119 95 78.23
119 96 93.86
119 97 34.41
119 98 21.02
119 99 38.9
119 100 95.46
119 101 104.56
119 102 18.03
119 103 102.14
119 104 55.07
119 105 34.23
119 106 95.02
119 107 46.86
119 108 51.92
119 109 83.24
119 110 91.0
119 111 35.36
119 112 108.23
119 113 58.69
119 114 32.2
119 115 43.0
119 116 51.74
119 117 22.2
119 118 97.75
119 120 107.07
119 121 35.13
119 122 52.63
119 123 37.05
119 124 31.02
119 125 93.41
119 126 116.08
119 127 113.53
119 128 111.49
119 129 57.98
119 130 110.94
119 131 56.04
119 132 78.77
119 133 57.01
119 134 9.49
119 135 24.33
119 136 45.22
119 137 43.32
119 138 111.02
119 139 97.08
119 140 41.05
119 141 98.68
119 142 51.11
119 143 110.49
119 144 87.1
119 145 112.0
119 146 85.09
119 147 70.6
119 148 97.51
119 149 77.08
119 150 16.97
119 151 27.66
119 152 76.49
119 153 91.0
119 154 34.23
119 155 62.48
119 156 65.6
119 157 38.28
119 158 105.12
119 159 92.18
119 160 30.07
119 161 91.4
119 162 39.4
119 163 25.08
119 164 47.3
119 165 19.24
119 166 8.06
119 167 7.28
119 168 33.14
119 169 53.24
119 170 18.25
119 171 41.0
119 172 36.77
119 173 46.17
119 174 43.42
119 175 66.84
119 176 28.18
119 177 14.56
119 178 27.29
119 179 60.75
119 180 45.88
119 181 34.89
119 182 90.43
119 183 51.97
119 184 87.24
119 185 53.71
119 186 85.0
119 187 54.56
119 188 49.04
119 189 75.45
119 190 108.6
119 191 14.87
119 192 51.04
119 193 126.25
119 194 114.2
119 195 68.88
119 196 47.93
119 197 88.01
119 198 47.8
119 199 74.32
119 200 32.56
119 201 38.08
120 0 85.43
120 1 94.7
120 2 97.74
120 3 124.04
120 4 103.32
120 5 119.15
120 6 91.01
120 7 91.83
120 8 123.82
120 9 102.53
120 10 24.04
120 11 100.18
120 12 28.3
120 13 26.08
120 14 96.88
120 15 110.48
120 16 55.47
120 17 94.3
120 18 90.67
120 19 99.33
120 20 128.66
120 21 116.04
120 22 117.07
120 23 100.22
120 24 74.06
120 25 109.9
120 26 92.57
120 27 101.24
120 28 87.37
120 29 100.12
120 30 60.88
120 31 152.61
120 32 36.12
120 33 21.1
120 34 77.49
120 35 111.31
120 36 72.92
120 37 100.28
120 38 109.93
120 39 99.13
120 40 104.86
120 41 114.98
120 42 74.03
120 43 124.4
120 44 114.54
120 45 18.36
120 46 76.85
120 47 120.17
120 48 113.22
120 49 80.72
120 50 32.2
120 51 114.21
120 52 81.34
120 53 104.04
120 54 106.9
120 55 101.14
120 56 120.0
120 57 83.38
120 58 92.66
120 59 20.62
120 60 60.44
120 61 65.8
120 62 80.36
120 63 75.17
120 64 74.15
120 65 120.11
120 66 86.27
120 67 47.93
120 68 76.28
120 69 135.42
120 70 71.06
120 71 118.27
120 72 66.89
120 73 36.4
120 74 23.09
120 75 137.21
120 76 130.25
120 77 17.69
120 78 118.19
120 79 120.3
120 80 120.02
120 81 14.04
120 82 88.41
120 83 100.28
120 84 96.08
120 85 103.73
120 86 16.12
120 87 118.93
120 88 109.12
120 89 100.46
120 90 110.03
120 91 113.16
120 92 75.66
120 93 13.42
120 94 66.07
120 95 28.84
120 96 35.01
120 97 141.45
120 98 125.71
120 99 70.18
120 100 21.1
120 101 116.04
120 102 123.07
120 103 26.93
120 104 63.79
120 105 83.55
120 106 106.3
120 107 103.25
120 108 59.46
120 109 25.71
120 110 93.19
120 111 88.06
120 112 2.24
120 113 81.0
120 114 77.88
120 115 91.24
120 116 105.19
120 117 87.46
120 118 10.0
120 119 107.07
120 121 89.99
120 122 81.01
120 123 90.47
120 124 93.01
120 125 16.03
120 126 104.39
120 127 117.21
120 128 103.7
120 129 49.09
120 130 10.0
120 131 75.11
120 132 48.51
120 133 55.44
120 134 114.62
120 135 99.96
120 136 85.98
120 137 77.88
120 138 92.4
120 139 38.33
120 140 93.56
120 141 25.18
120 142 95.77
120 143 98.86
120 144 77.16
120 145 114.21
120 146 101.27
120 147 106.57
120 148 100.02
120 149 35.23
120 150 123.71
120 151 134.53
120 152 33.73
120 153 23.77
120 154 125.94
120 155 106.62
120 156 120.83
120 157 80.08
120 158 117.04
120 159 102.4
120 160 82.07
120 161 114.27
120 162 68.41
120 163 123.91
120 164 79.91
120 165 93.61
120 166 113.37
120 167 102.42
120 168 125.9
120 169 85.15
120 170 94.37
120 171 75.93
120 172 138.85
120 173 63.66
120 174 80.6
120 175 106.98
120 176 83.77
120 177 112.16
120 178 88.39
120 179 99.01
120 180 107.06
120 181 138.41
120 182 16.64
120 183 121.26
120 184 95.63
120 185 116.52
120 186 99.14
120 187 53.71
120 188 86.95
120 189 128.88
120 190 123.04
120 191 121.49
120 192 88.28
120 193 126.15
120 194 127.0
120 195 120.15
120 196 89.69
120 197 111.63
120 198 77.93
120 199 139.56
120 200 106.53
120 201 85.43
121 0 55.61
121 1 12.04
121 2 123.6
121 3 88.89
121 4 81.63
121 5 133.66
121 6 109.64
121 7 37.16
121 8 45.19
121 9 89.05
121 10 80.0
121 11 79.61
121 12 72.01
121 13 73.01
121 14 99.04
121 15 83.19
121 16 60.54
121 17 31.32
121 18 12.37
121 19 92.46
121 20 145.0
121 21 69.63
121 22 44.91
121 23 81.54
121 24 58.9
121 25 132.65
121 26 7.21
121 27 21.26
121 28 63.41
121 29 119.97
121 30 45.69
121 31 77.82
121 32 60.01
121 33 76.16
121 34 13.0
121 35 77.62
121 36 70.6
121 37 13.89
121 38 34.71
121 39 28.07
121 40 37.01
121 41 66.29
121 42 102.58
121 43 52.63
121 44 109.04
121 45 72.37
121 46 28.43
121 47 103.35
121 48 130.14
121 49 41.11
121 50 68.07
121 51 65.31
121 52 47.51
121 53 26.25
121 54 96.26
121 55 11.18
121 56 39.66
121 57 15.52
121 58 45.62
121 59 82.05
121 60 42.72
121 61 56.6
121 62 83.74
121 63 50.99
121 64 17.2
121 65 81.04
121 66 46.04
121 67 71.17
121 68 31.24
121 69 63.25
121 70 38.83
121 71 134.35
121 72 62.13
121 73 58.01
121 74 89.0
121 75 72.99
121 76 48.26
121 77 74.81
121 78 42.06
121 79 91.55
121 80 128.97
121 81 86.47
121 82 35.36
121 83 104.0
121 84 21.02
121 85 15.56
121 86 79.51
121 87 57.01
121 88 27.31
121 89 85.45
121 90 133.42
121 91 121.08
121 92 46.01
121 93 81.74
121 94 40.71
121 95 63.39
121 96 88.81
121 97 63.13
121 98 43.27
121 99 41.05
121 100 85.02
121 101 125.32
121 102 41.68
121 103 94.05
121 104 27.29
121 105 49.82
121 106 114.59
121 107 72.9
121 108 51.48
121 109 64.29
121 110 107.06
121 111 2.0
121 112 91.68
121 113 23.77
121 114 18.36
121 115 8.54
121 116 77.83
121 117 37.22
121 118 82.38
121 119 35.13
121 120 89.99
121 122 67.88
121 123 2.24
121 124 4.47
121 125 74.33
121 126 131.21
121 127 132.94
121 128 127.28
121 129 46.17
121 130 96.51
121 131 22.47
121 132 78.75
121 133 55.71
121 134 44.41
121 135 13.04
121 136 63.25
121 137 12.53
121 138 123.42
121 139 93.21
121 140 7.81
121 141 90.02
121 142 73.5
121 143 125.0
121 144 98.18
121 145 130.83
121 146 104.74
121 147 94.3
121 148 114.69
121 149 55.36
121 150 49.34
121 151 58.18
121 152 56.32
121 153 81.0
121 154 69.01
121 155 87.46
121 156 94.54
121 157 10.05
121 158 126.06
121 159 111.02
121 160 42.64
121 161 114.02
121 162 38.08
121 163 60.21
121 164 13.6
121 165 41.23
121 166 35.74
121 167 37.22
121 168 68.0
121 169 18.11
121 170 40.85
121 171 51.66
121 172 71.06
121 173 46.07
121 174 10.63
121 175 91.27
121 176 14.14
121 177 49.01
121 178 45.79
121 179 83.23
121 180 20.62
121 181 68.68
121 182 74.33
121 183 83.24
121 184 104.69
121 185 31.38
121 186 103.97
121 187 38.01
121 188 67.48
121 189 104.92
121 190 130.6
121 191 47.8
121 192 16.03
121 193 145.67
121 194 136.24
121 195 97.08
121 196 67.8
121 197 110.42
121 198 14.87
121 199 106.48
121 200 61.98
121 201 55.61
122 0 14.56
122 1 60.8
122 2 57.25
122 3 43.05
122 4 22.8
122 5 65.8
122 6 42.94
122 7 35.85
122 8 67.36
122 9 25.18
122 10 57.69
122 11 19.65
122 12 52.77
122 13 55.01
122 14 31.24
122 15 29.55
122 16 26.25
122 17 42.95
122 18 78.75
122 19 26.0
122 20 77.16
122 21 38.59
122 22 57.14
122 23 20.22
122 24 10.44
122 25 65.22
122 26 74.97
122 27 89.11
122 28 9.22
122 29 52.7
122 30 30.59
122 31 84.9
122 32 48.51
122 33 59.94
122 34 59.41
122 35 30.61
122 36 9.43
122 37 81.39
122 38 56.75
122 39 50.16
122 40 48.27
122 41 38.91
122 42 41.11
122 43 61.07
122 44 43.66
122 45 66.13
122 46 39.7
122 47 43.01
122 48 62.29
122 49 27.02
122 50 49.24
122 51 38.48
122 52 20.81
122 53 94.07
122 54 31.78
122 55 74.81
122 56 107.06
122 57 76.84
122 58 28.86
122 59 61.29
122 60 33.96
122 61 18.0
122 62 17.09
122 63 17.2
122 64 67.23
122 65 39.7
122 66 24.17
122 67 33.6
122 68 36.88
122 69 69.05
122 70 30.53
122 71 66.47
122 72 14.56
122 73 50.01
122 74 63.13
122 75 64.62
122 76 75.43
122 77 64.47
122 78 61.52
122 79 39.56
122 80 61.4
122 81 68.51
122 82 35.36
122 83 36.24
122 84 87.97
122 85 69.64
122 86 64.88
122 87 49.82
122 88 63.32
122 89 22.02
122 90 66.03
122 91 53.41
122 92 22.02
122 93 67.6
122 94 31.38
122 95 57.01
122 96 53.81
122 97 79.31
122 98 72.99
122 99 28.65
122 100 62.2
122 101 57.63
122 102 70.04
122 103 64.35
122 104 65.55
122 105 19.24
122 106 46.75
122 107 22.67
122 108 27.02
122 109 66.49
122 110 39.66
122 111 66.48
122 112 81.12
122 113 82.49
122 114 50.45
122 115 75.74
122 116 24.19
122 117 33.12
122 118 71.12
122 119 52.63
122 120 81.01
122 121 67.88
122 123 70.01
122 124 66.6
122 125 73.68
122 126 64.5
122 127 65.05
122 128 60.21
122 129 44.05
122 130 80.21
122 131 76.06
122 132 36.12
122 133 28.28
122 134 54.15
122 135 66.29
122 136 8.06
122 137 65.46
122 138 58.52
122 139 55.0
122 140 75.66
122 141 62.29
122 142 14.76
122 143 58.59
122 144 34.53
122 145 62.97
122 146 37.01
122 147 30.41
122 148 47.01
122 149 67.12
122 150 63.01
122 151 72.17
122 152 64.28
122 153 58.25
122 154 51.48
122 155 27.17
122 156 40.52
122 157 62.01
122 158 58.41
122 159 43.14
122 160 25.81
122 161 47.41
122 162 32.65
122 163 54.34
122 164 71.28
122 165 33.53
122 166 60.64
122 167 45.35
122 168 52.0
122 169 80.45
122 170 34.48
122 171 16.4
122 172 68.31
122 173 27.89
122 174 68.01
122 175 29.02
122 176 53.74
122 177 47.01
122 178 25.63
122 179 20.0
122 180 87.32
122 181 69.38
122 182 66.85
122 183 40.61
122 184 36.88
122 185 97.62
122 186 36.12
122 187 50.01
122 188 6.4
122 189 49.65
122 190 63.25
122 191 61.03
122 192 80.6
122 193 77.79
122 194 68.82
122 195 40.61
122 196 9.22
122 197 43.83
122 198 70.18
122 199 58.87
122 200 31.02
122 201 14.56
123 0 57.8
123 1 14.0
123 2 125.6
123 3 91.09
123 4 83.86
123 5 135.79
123 6 111.66
123 7 39.4
123 8 46.62
123 9 91.26
123 10 81.02
123 11 81.84
123 12 73.06
123 13 74.01
123 14 101.18
123 15 85.43
123 16 62.24
123 17 33.53
123 18 10.2
123 19 94.64
123 20 147.14
123 21 71.81
123 22 46.69
123 23 83.76
123 24 60.96
123 25 134.71
123 26 5.0
123 27 19.1
123 28 65.6
123 29 122.02
123 30 47.42
123 31 79.2
123 32 61.07
123 33 77.06
123 34 14.14
123 35 79.85
123 36 72.62
123 37 12.08
123 38 36.5
123 39 30.15
123 40 39.05
123 41 68.45
123 42 104.45
123 43 54.34
123 44 111.25
123 45 72.99
123 46 30.48
123 47 105.59
123 48 132.25
123 49 43.28
123 50 69.18
123 51 67.47
123 52 49.68
123 53 24.08
123 54 98.47
123 55 10.77
123 56 37.74
123 57 13.93
123 58 47.85
123 59 83.01
123 60 44.38
123 61 58.52
123 62 85.8
123 63 53.08
123 64 17.0
123 65 83.24
123 66 48.26
123 67 72.73
123 68 33.3
123 69 64.85
123 70 40.8
123 71 136.47
123 72 64.07
123 73 59.01
123 74 90.02
123 75 74.81
123 76 49.4
123 77 75.54
123 78 43.68
123 79 93.78
123 80 131.14
123 81 87.28
123 82 37.59
123 83 106.15
123 84 18.79
123 85 16.4
123 86 80.31
123 87 59.0
123 88 28.79
123 89 87.66
123 90 135.47
123 91 123.24
123 92 48.1
123 93 82.49
123 94 42.54
123 95 64.2
123 96 90.09
123 97 64.41
123 98 44.42
123 99 43.01
123 100 86.0
123 101 127.48
123 102 42.94
123 103 95.13
123 104 27.31
123 105 52.01
123 106 116.73
123 107 75.13
123 108 53.23
123 109 64.76
123 110 109.12
123 111 3.61
123 112 92.2
123 113 22.14
123 114 20.25
123 115 6.32
123 116 80.06
123 117 39.45
123 118 83.02
123 119 37.05
123 120 90.47
123 121 2.24
123 122 70.01
123 124 6.08
123 125 74.73
123 126 133.23
123 127 135.06
123 128 129.32
123 129 47.38
123 130 97.16
123 131 21.4
123 132 80.32
123 133 57.38
123 134 46.27
123 135 14.32
123 136 65.44
123 137 12.65
123 138 125.36
123 139 94.54
123 140 5.66
123 141 91.09
123 142 75.72
123 143 127.0
123 144 100.12
123 145 132.94
123 146 106.89
123 147 96.52
123 148 116.78
123 149 55.66
123 150 50.96
123 151 59.62
123 152 56.75
123 153 82.02
123 154 71.03
123 155 89.69
123 156 96.77
123 157 11.05
123 158 128.22
123 159 113.15
123 160 44.82
123 161 116.21
123 162 39.96
123 163 62.13
123 164 12.73
123 165 43.46
123 166 37.36
123 167 39.32
123 168 70.01
123 169 16.28
123 170 43.08
123 171 53.76
123 172 72.78
123 173 47.89
123 174 10.3
123 175 93.49
123 176 16.28
123 177 51.04
123 178 48.02
123 179 85.45
123 180 18.97
123 181 70.34
123 182 74.97
123 183 85.44
123 184 106.79
123 185 29.73
123 186 106.1
123 187 39.01
123 188 69.66
123 189 107.15
123 190 132.77
123 191 49.48
123 192 14.0
123 193 147.79
123 194 138.41
123 195 99.32
123 196 70.0
123 197 112.61
123 198 14.21
123 199 108.67
123 200 64.2
123 201 57.8
124 0 53.81
124 1 8.06
124 2 122.89
124 3 85.7
124 4 79.32
124 5 132.25
124 6 108.81
124 7 34.48
124 8 40.72
124 9 87.01
124 10 82.1
124 11 77.42
124 12 74.06
124 13 75.17
124 14 97.59
124 15 80.53
124 16 61.03
124 17 28.23
124 18 16.03
124 19 90.69
124 20 143.54
124 21 66.22
124 22 40.61
124 23 79.4
124 24 58.01
124 25 131.65
124 26 10.2
124 27 23.32
124 28 61.62
124 29 119.02
124 30 46.17
124 31 73.35
124 32 62.07
124 33 78.52
124 34 15.52
124 35 74.73
124 36 69.89
124 37 14.87
124 38 30.41
124 39 24.33
124 40 33.14
124 41 62.82
124 42 102.42
124 43 48.27
124 44 107.0
124 45 75.19
124 46 27.78
124 47 100.85
124 48 128.89
124 49 39.62
124 50 70.01
124 51 61.85
124 52 45.97
124 53 28.3
124 54 94.2
124 55 9.22
124 56 40.46
124 57 19.92
124 58 43.05
124 59 84.29
124 60 43.42
124 61 56.36
124 62 82.8
124 63 50.0
124 64 21.26
124 65 77.79
124 66 44.05
124 67 72.03
124 68 30.53
124 69 58.82
124 70 38.47
124 71 133.0
124 72 61.77
124 73 60.21
124 74 91.09
124 75 68.73
124 76 43.83
124 77 77.47
124 78 37.64
124 79 88.64
124 80 127.35
124 81 88.96
124 82 33.02
124 83 102.53
124 84 24.04
124 85 11.4
124 86 82.04
124 87 53.01
124 88 22.85
124 89 83.41
124 90 132.44
124 91 119.52
124 92 45.0
124 93 84.34
124 94 40.85
124 95 65.92
124 96 90.35
124 97 58.67
124 98 38.83
124 99 40.71
124 100 87.21
124 101 123.76
124 102 37.22
124 103 96.01
124 104 31.06
124 105 48.1
124 106 113.15
124 107 70.33
124 108 51.87
124 109 67.36
124 110 106.04
124 111 5.66
124 112 94.64
124 113 28.16
124 114 18.68
124 115 12.04
124 116 75.29
124 117 35.0
124 118 85.15
124 119 31.02
124 120 93.01
124 121 4.47
124 122 66.6
124 123 6.08
124 125 77.49
124 126 130.43
124 127 131.59
124 128 126.4
124 129 48.0
124 130 99.25
124 131 26.93
124 132 79.56
124 133 56.32
124 134 40.2
124 135 8.6
124 136 61.55
124 137 16.4
124 138 122.97
124 139 94.64
124 140 10.44
124 141 92.02
124 142 71.4
124 143 124.28
124 144 97.75
124 145 129.56
124 146 103.24
124 147 92.2
124 148 113.57
124 149 58.69
124 150 44.92
124 151 53.71
124 152 59.46
124 153 83.1
124 154 65.07
124 155 85.15
124 156 91.71
124 157 13.0
124 158 124.48
124 159 109.66
124 160 41.01
124 161 112.16
124 162 38.08
124 163 56.08
124 164 18.03
124 165 38.47
124 166 31.32
124 167 33.54
124 168 64.03
124 169 22.36
124 170 38.01
124 171 50.61
124 172 66.71
124 173 46.24
124 174 14.87
124 175 89.05
124 176 13.42
124 177 45.1
124 178 43.6
124 179 81.22
124 180 20.81
124 181 64.29
124 182 77.13
124 183 80.01
124 184 103.48
124 185 31.38
124 186 102.55
124 187 40.31
124 188 65.8
124 189 102.04
124 190 128.89
124 191 43.42
124 192 20.02
124 193 144.36
124 194 134.54
124 195 94.37
124 196 65.95
124 197 108.58
124 198 19.21
124 199 103.16
124 200 58.87
124 201 53.81
125 0 75.66
125 1 79.62
125 2 100.0
125 3 116.08
125 4 96.46
125 5 120.03
125 6 91.24
125 7 79.2
125 8 109.86
125 9 97.08
125 10 23.77
125 11 93.3
125 12 23.02
125 13 21.1
125 14 94.05
125 15 103.12
125 16 47.43
125 17 80.92
125 18 74.67
125 19 94.89
125 20 130.27
125 21 106.0
125 22 103.71
125 23 93.68
125 24 65.39
125 25 112.09
125 26 76.69
125 27 85.21
125 28 78.79
125 29 101.2
125 30 49.41
125 31 139.6
125 32 25.5
125 33 17.72
125 34 62.03
125 35 102.96
125 36 66.71
125 37 84.34
125 38 96.02
125 39 85.21
125 40 91.55
125 41 104.56
125 42 75.19
125 43 111.29
125 44 111.29
125 45 8.0
125 46 63.25
125 47 115.12
125 48 114.34
125 49 68.88
125 50 25.18
125 51 103.73
125 52 70.46
125 53 88.02
125 54 102.26
125 55 85.44
125 56 104.0
125 57 67.36
125 58 81.06
125 59 21.95
125 60 48.27
125 61 56.86
125 62 76.32
125 63 65.0
125 64 58.25
125 65 111.36
125 66 75.0
125 67 43.1
125 68 63.03
125 69 122.49
125 70 58.8
125 71 119.44
125 72 59.14
125 73 24.7
125 74 28.43
125 75 125.4
125 76 115.97
125 77 11.4
125 78 104.4
125 79 113.22
125 80 119.82
125 81 19.85
125 82 75.66
125 83 98.0
125 84 80.06
125 85 88.39
125 86 15.26
125 87 106.89
125 88 94.51
125 89 94.59
125 90 112.36
125 91 112.45
125 92 64.64
125 93 14.87
125 94 53.91
125 95 17.0
125 96 38.01
125 97 127.8
125 98 111.31
125 99 58.26
125 100 24.41
125 101 115.73
125 102 108.76
125 103 33.97
125 104 47.85
125 105 72.95
125 106 105.3
125 107 94.94
125 108 49.24
125 109 10.3
125 110 92.54
125 111 72.42
125 112 18.0
125 113 65.01
125 114 63.13
125 115 75.31
125 116 97.5
125 117 74.97
125 118 12.21
125 119 93.41
125 120 16.03
125 121 74.33
125 122 73.68
125 123 74.73
125 124 77.49
125 126 107.21
125 127 118.26
125 128 105.77
125 129 36.07
125 130 24.52
125 131 59.08
125 132 46.17
125 133 46.1
125 134 101.41
125 135 84.69
125 136 77.47
125 137 62.1
125 138 95.52
125 139 42.54
125 140 77.67
125 141 30.61
125 142 88.26
125 143 101.24
125 144 76.79
125 145 115.32
125 146 99.0
125 147 101.61
125 148 99.98
125 149 19.24
125 150 110.26
125 151 121.04
125 152 18.03
125 153 24.17
125 154 114.81
125 155 100.42
125 156 114.18
125 157 64.51
125 158 116.73
125 159 101.24
125 160 70.43
125 161 112.0
125 162 55.9
125 163 111.8
125 164 63.95
125 165 81.39
125 166 99.3
125 167 89.27
125 168 114.63
125 169 69.12
125 170 82.07
125 171 65.86
125 172 126.59
125 173 52.43
125 174 64.76
125 175 101.41
125 176 68.88
125 177 99.7
125 178 77.01
125 179 92.89
125 180 91.08
125 181 125.87
125 182 8.25
125 183 112.73
125 184 94.13
125 185 100.5
125 186 97.01
125 187 39.12
125 188 79.12
125 189 122.97
125 190 122.69
125 191 108.07
125 192 72.25
125 193 128.32
125 194 127.14
125 195 114.02
125 196 81.71
125 197 109.04
125 198 61.98
125 199 132.52
125 200 96.25
125 201 75.66
126 0 78.71
126 1 125.1
126 2 7.81
126 3 78.16
126 4 62.8
126 5 19.42
126 6 21.63
126 7 100.18
126 8 129.03
126 9 53.46
126 10 83.52
126 11 62.37
126 12 85.23
126 13 86.73
126 14 36.88
126 15 68.18
126 16 74.52
126 17 107.35
126 18 141.11
126 19 46.69
126 20 25.32
126 21 89.81
126 22 118.6
126 23 60.21
126 24 72.42
126 25 6.71
126 26 138.06
126 27 152.12
126 28 71.59
126 29 12.37
126 30 87.68
126 31 138.36
126 32 90.43
126 33 89.49
126 34 121.17
126 35 75.43
126 36 60.61
126 37 145.0
126 38 120.15
126 39 114.49
126 40 111.62
126 41 92.23
126 42 32.65
126 43 120.54
126 44 41.98
126 45 99.62
126 46 102.8
126 47 56.09
126 48 14.14
126 49 91.27
126 50 85.0
126 51 92.4
126 52 85.23
126 53 156.97
126 54 49.01
126 55 138.96
126 56 170.8
126 57 137.93
126 58 92.61
126 59 85.87
126 60 91.22
126 61 75.07
126 62 47.71
126 63 80.45
126 64 127.28
126 65 82.02
126 66 88.59
126 67 69.12
126 68 100.0
126 69 125.6
126 70 92.46
126 71 17.49
126 72 69.43
126 73 93.15
126 74 81.39
126 75 116.28
126 76 136.97
126 77 95.82
126 78 123.65
126 79 70.18
126 80 25.5
126 81 90.8
126 82 99.85
126 83 33.24
126 84 150.23
126 85 134.11
126 86 92.44
126 87 107.49
126 88 127.48
126 89 55.9
126 90 6.32
126 91 25.08
126 92 85.45
126 93 93.86
126 94 91.35
126 95 96.18
126 96 69.86
126 97 137.3
126 98 135.35
126 99 90.27
126 100 84.17
126 101 23.85
126 102 132.52
126 103 77.65
126 104 122.67
126 105 83.73
126 106 25.18
126 107 72.57
126 108 82.04
126 109 105.7
126 110 25.08
126 111 129.63
126 112 103.1
126 113 142.17
126 114 113.07
126 115 138.54
126 116 68.88
126 117 97.62
126 118 97.74
126 119 116.08
126 120 104.39
126 121 131.21
126 122 64.5
126 123 133.23
126 124 130.43
126 125 107.21
126 127 17.2
126 128 5.0
126 129 95.6
126 130 97.42
126 131 135.15
126 132 63.06
126 133 79.4
126 134 115.74
126 135 130.7
126 136 71.11
126 137 126.67
126 138 12.04
126 139 66.1
126 140 138.84
126 141 79.25
126 142 65.8
126 143 6.4
126 144 34.06
126 145 14.87
126 146 33.14
126 147 51.04
126 148 19.24
126 149 111.83
126 150 123.49
126 151 130.82
126 152 108.24
126 153 83.24
126 154 103.59
126 155 59.21
126 156 67.36
126 157 124.08
126 158 24.41
126 159 26.02
126 160 90.21
126 161 35.44
126 162 93.61
126 163 110.82
126 164 132.28
126 165 97.51
126 166 123.86
126 167 108.85
126 168 104.69
126 169 141.45
126 170 98.41
126 171 79.88
126 172 121.5
126 173 86.31
126 174 129.56
126 175 55.08
126 176 117.2
126 177 107.56
126 178 89.89
126 179 57.27
126 180 151.24
126 181 123.79
126 182 98.98
126 183 81.0
126 184 29.12
126 185 161.72
126 186 32.39
126 187 104.48
126 188 67.12
126 189 66.22
126 190 28.28
126 191 121.84
126 192 142.27
126 193 22.0
126 194 28.84
126 195 63.51
126 196 68.15
126 197 36.67
126 198 130.83
126 199 80.36
126 200 87.56
126 201 78.71
127 0 78.1
127 1 125.5
127 2 20.62
127 3 68.59
127 4 57.27
127 5 2.24
127 6 27.2
127 7 99.2
127 8 124.81
127 9 47.85
127 10 95.04
127 11 57.71
127 12 95.57
127 13 97.29
127 14 34.06
127 15 61.03
127 16 80.53
127 17 106.4
127 18 143.68
127 19 42.19
127 20 12.53
127 21 83.17
127 22 114.49
127 23 55.47
127 24 74.41
127 25 10.63
127 26 140.01
127 27 154.16
127 28 70.43
127 29 17.12
127 30 92.09
127 31 130.23
127 32 99.02
127 33 100.62
127 34 124.08
127 35 68.62
127 36 63.6
127 37 146.41
127 38 117.48
127 39 113.23
127 40 109.08
127 41 86.03
127 42 43.29
127 43 115.32
127 44 31.4
127 45 110.42
127 46 104.69
127 47 45.1
127 48 4.0
127 49 91.97
127 50 94.64
127 51 86.38
127 52 85.63
127 53 159.11
127 54 41.79
127 55 139.6
127 56 172.0
127 57 141.35
127 58 91.02
127 59 97.74
127 60 95.69
127 61 78.82
127 62 50.0
127 63 82.07
127 64 131.21
127 65 73.76
127 66 88.09
127 67 77.49
127 68 101.86
127 69 118.96
127 70 95.02
127 71 1.41
127 72 73.24
127 73 101.59
127 74 94.13
127 75 108.26
127 76 132.5
127 77 106.89
127 78 119.85
127 79 60.67
127 80 9.49
127 81 103.31
127 82 99.49
127 83 29.21
127 84 152.9
127 85 133.84
127 86 104.09
127 87 101.95
127 88 125.64
127 89 51.0
127 90 11.31
127 91 13.6
127 92 87.0
127 93 105.8
127 94 94.81
127 95 105.65
127 96 82.22
127 97 130.94
127 98 131.48
127 99 92.96
127 100 96.42
127 101 10.05
127 102 128.8
127 103 91.0
127 104 127.86
127 105 83.63
127 106 18.6
127 107 67.54
127 108 86.82
127 109 115.52
127 110 27.29
127 111 131.53
127 112 116.11
127 113 146.4
127 114 115.36
127 115 140.76
127 116 63.16
127 117 97.31
127 118 109.77
127 119 113.53
127 120 117.21
127 121 132.94
127 122 65.05
127 123 135.06
127 124 131.59
127 125 118.26
127 126 17.2
127 128 14.87
127 129 102.0
127 130 111.0
127 131 139.62
127 132 72.53
127 133 85.09
127 134 111.8
127 135 130.73
127 136 70.29
127 137 129.96
127 138 27.51
127 139 79.03
127 140 140.72
127 141 92.09
127 142 62.43
127 143 19.92
127 144 41.76
127 145 3.0
127 146 28.6
127 147 44.01
127 148 19.24
127 149 120.55
127 150 118.7
127 151 124.92
127 152 117.05
127 153 94.89
127 154 96.3
127 155 52.55
127 156 57.43
127 157 126.81
127 158 10.0
127 159 21.93
127 160 90.61
127 161 24.33
127 162 96.67
127 163 104.68
127 164 135.72
127 165 96.02
127 166 120.93
127 167 106.53
127 168 97.53
127 169 144.94
127 170 96.83
127 171 81.34
127 172 113.78
127 173 90.21
127 174 132.65
127 175 48.1
127 176 118.79
127 177 103.32
127 178 89.02
127 179 52.84
127 180 152.23
127 181 116.42
127 182 110.02
127 183 72.37
127 184 28.43
127 185 162.37
127 186 29.07
127 187 110.28
127 188 66.07
127 189 54.08
127 190 11.66
127 191 117.27
127 192 145.34
127 193 12.81
127 194 11.66
127 195 53.34
127 196 66.4
127 197 26.93
127 198 134.47
127 199 67.6
127 200 82.76
127 201 78.1
128 0 74.3
128 1 120.93
128 2 6.0
128 3 73.17
128 4 57.87
128 5 17.09
128 6 17.69
128 7 95.77
128 8 124.28
128 9 48.51
128 10 82.23
128 11 57.49
128 12 83.49
128 13 85.07
128 14 32.02
128 15 63.2
128 16 71.4
128 17 102.96
128 18 137.36
128 19 41.77
128 20 25.02
128 21 84.85
128 22 113.84
128 23 55.32
128 24 68.41
128 25 6.32
128 26 134.18
128 27 148.27
128 28 67.08
128 29 7.62
128 30 84.22
128 31 133.38
128 32 88.1
128 33 88.06
128 34 117.46
128 35 70.46
128 36 56.73
128 37 141.03
128 38 115.55
128 39 110.06
128 40 107.02
128 41 87.3
128 42 30.68
128 43 115.69
128 44 37.11
128 45 98.08
128 46 98.86
128 47 51.2
128 48 11.18
128 49 87.09
128 50 83.01
128 51 87.48
128 52 80.99
128 53 153.15
128 54 44.01
128 55 134.85
128 56 166.82
128 57 134.35
128 58 88.1
128 59 84.72
128 60 87.78
128 61 71.42
128 62 43.6
128 63 76.4
128 64 123.79
128 65 77.03
128 66 84.22
128 67 66.65
128 68 96.05
128 69 120.67
128 70 88.62
128 71 15.52
128 72 65.76
128 73 90.79
128 74 80.62
128 75 111.29
128 76 132.2
128 77 94.37
128 78 118.93
128 79 65.19
128 80 22.02
128 81 89.94
128 82 95.52
128 83 28.28
128 84 146.51
128 85 129.85
128 86 91.22
128 87 102.61
128 88 122.98
128 89 50.99
128 90 6.71
128 91 20.59
128 92 81.4
128 93 92.76
128 94 87.69
128 95 94.15
128 96 68.88
128 97 132.38
128 98 130.63
128 99 86.45
128 100 83.19
128 101 19.85
128 102 127.81
128 103 77.16
128 104 119.47
128 105 79.4
128 106 20.22
128 107 67.68
128 108 78.64
128 109 103.82
128 110 20.59
128 111 125.73
128 112 102.49
128 113 138.77
128 114 109.22
128 115 134.71
128 116 63.95
128 117 93.3
128 118 96.69
128 119 111.49
128 120 103.7
128 121 127.28
128 122 60.21
128 123 129.32
128 124 126.4
128 125 105.77
128 126 5.0
128 127 14.87
128 129 92.66
128 130 97.08
128 131 131.8
128 132 60.93
128 133 76.22
128 134 111.0
128 135 126.48
128 136 66.65
128 137 123.04
128 138 12.65
128 139 65.38
128 140 134.95
128 141 78.52
128 142 61.03
128 143 5.1
128 144 31.06
128 145 12.08
128 146 28.16
128 147 46.04
128 148 14.32
128 149 109.59
128 150 118.68
128 151 125.93
128 152 106.02
128 153 82.0
128 154 98.62
128 155 54.23
128 156 62.39
128 157 120.34
128 158 20.52
128 159 21.02
128 160 85.98
128 161 30.68
128 162 89.87
128 163 105.91
128 164 128.69
128 165 93.02
128 166 119.23
128 167 104.28
128 168 99.72
128 169 137.89
128 170 93.91
128 171 75.8
128 172 116.52
128 173 82.73
128 174 125.9
128 175 50.09
128 176 113.23
128 177 102.79
128 178 85.48
128 179 52.39
128 180 147.2
128 181 118.83
128 182 97.53
128 183 76.0
128 184 24.35
128 185 157.63
128 186 27.46
128 187 101.4
128 188 62.61
128 189 61.4
128 190 25.0
128 191 117.05
128 192 138.62
128 193 22.56
128 194 26.4
128 195 58.55
128 196 63.56
128 197 31.78
128 198 127.29
128 199 75.58
128 200 82.71
128 201 74.3
129 0 41.76
129 1 47.68
129 2 87.8
129 3 83.43
129 4 66.12
129 5 103.31
129 6 75.47
129 7 43.14
129 8 74.79
129 9 69.18
129 10 34.23
129 11 63.07
129 12 26.17
129 13 27.46
129 14 71.47
129 15 71.7
129 16 21.47
129 17 45.22
129 18 51.55
129 19 69.05
129 20 114.53
129 21 71.11
129 22 68.01
129 23 64.01
129 24 34.01
129 25 98.74
129 26 50.99
129 27 63.25
129 28 46.53
129 29 86.28
129 30 14.56
129 31 103.71
129 32 14.32
129 33 31.32
129 34 33.24
129 35 70.09
129 36 40.26
129 37 59.03
129 38 60.9
129 39 50.12
129 40 55.8
129 41 69.35
129 42 63.7
129 43 75.43
129 44 86.68
129 45 30.81
129 46 27.78
129 47 87.05
129 48 98.49
129 49 33.02
129 50 22.02
129 51 68.48
129 52 35.34
129 53 67.42
129 54 75.54
129 55 57.04
129 56 83.17
129 57 46.1
129 58 45.22
129 59 36.67
129 60 12.53
129 61 26.08
129 62 53.14
129 63 31.05
129 64 34.93
129 65 77.79
129 66 39.45
129 67 27.8
129 68 27.2
129 69 86.56
129 70 22.8
129 71 103.35
129 72 30.59
129 73 13.0
129 74 43.19
129 75 89.38
129 76 81.39
129 77 31.76
129 78 69.12
129 79 81.88
129 80 100.85
129 81 42.06
129 82 39.62
129 83 76.22
129 84 59.62
129 85 57.43
129 86 35.47
129 87 70.84
129 88 60.75
129 89 66.07
129 90 99.3
129 91 92.85
129 92 29.55
129 93 38.08
129 94 18.03
129 95 20.25
129 96 42.76
129 97 92.36
129 98 76.97
129 99 22.47
129 100 39.46
129 101 96.77
129 102 74.25
129 103 48.01
129 104 27.8
129 105 38.08
129 106 85.62
129 107 62.37
129 108 17.03
129 109 26.4
129 110 74.71
129 111 44.18
129 112 50.25
129 113 48.26
129 114 30.41
129 115 50.45
129 116 65.76
129 117 38.9
129 118 39.82
129 119 57.98
129 120 49.09
129 121 46.17
129 122 44.05
129 123 47.38
129 124 48.0
129 125 36.07
129 126 95.6
129 127 102.0
129 128 92.66
129 130 53.31
129 131 41.05
129 132 35.23
129 133 17.09
129 134 65.6
129 135 53.46
129 136 45.4
129 137 36.4
129 138 85.7
129 139 47.3
129 140 51.97
129 141 44.05
129 142 57.22
129 143 89.2
129 144 61.61
129 145 99.36
129 146 77.16
129 147 74.33
129 148 82.76
129 149 23.77
129 150 74.63
129 151 85.45
129 152 21.54
129 153 35.23
129 154 79.06
129 155 71.01
129 156 83.49
129 157 36.35
129 158 97.69
129 159 81.54
129 160 34.67
129 161 89.29
129 162 19.85
129 163 75.74
129 164 40.85
129 165 45.34
129 166 64.41
129 167 53.41
129 168 78.82
129 169 49.19
129 170 46.01
129 171 32.02
129 172 90.52
129 173 17.72
129 174 39.56
129 175 73.06
129 176 36.5
129 177 63.64
129 178 41.34
129 179 64.03
129 180 66.1
129 181 89.83
129 182 32.45
129 183 79.4
129 184 74.32
129 185 76.69
129 186 75.61
129 187 9.43
129 188 48.09
129 189 93.19
129 190 103.25
129 191 72.42
129 192 51.08
129 193 113.88
129 194 108.46
129 195 84.15
129 196 50.25
129 197 85.87
129 198 39.0
129 199 100.81
129 200 61.27
129 201 41.76
130 0 86.27
130 1 100.28
130 2 91.09
130 3 123.15
130 4 101.87
130 5 113.02
130 6 85.48
130 7 94.87
130 8 127.91
130 9 100.18
130 10 22.67
130 11 98.79
130 12 29.21
130 13 27.2
130 14 93.01
130 15 109.29
130 16 55.87
130 17 98.01
130 18 98.13
130 19 96.38
130 20 122.1
130 21 116.73
130 22 120.57
130 23 98.62
130 24 74.33
130 25 103.17
130 26 99.61
130 27 109.0
130 28 87.32
130 29 94.05
130 30 63.51
130 31 155.6
130 32 39.36
130 33 22.47
130 34 83.74
130 35 110.8
130 36 71.56
130 37 107.47
130 38 114.04
130 39 103.32
130 40 108.41
130 41 115.97
130 42 68.26
130 43 127.62
130 44 110.72
130 45 24.19
130 46 80.96
130 47 117.39
130 48 107.0
130 49 83.23
130 50 33.6
130 51 115.26
130 52 83.1
130 53 112.04
130 54 104.0
130 55 107.69
130 56 128.1
130 57 91.02
130 58 94.81
130 59 19.1
130 60 63.63
130 61 66.47
130 62 77.47
130 63 76.49
130 64 81.3
130 65 119.81
130 66 88.24
130 67 46.62
130 68 80.06
130 69 138.4
130 70 74.09
130 71 112.0
130 72 66.71
130 73 40.31
130 74 18.03
130 75 139.18
130 76 134.66
130 77 21.84
130 78 122.12
130 79 118.85
130 80 114.44
130 81 12.04
130 82 91.59
130 83 96.05
130 84 104.02
130 85 109.64
130 86 17.89
130 87 121.21
130 88 114.02
130 89 98.41
130 90 103.24
130 91 107.91
130 92 77.62
130 93 15.23
130 94 69.12
130 95 33.53
130 96 29.83
130 97 145.12
130 98 130.27
130 99 72.95
130 100 18.03
130 101 110.55
130 102 127.53
130 103 20.02
130 104 71.11
130 105 85.04
130 106 101.27
130 107 102.8
130 108 61.22
130 109 33.0
130 110 88.12
130 111 94.54
130 112 7.81
130 113 89.2
130 114 83.17
130 115 98.41
130 116 104.29
130 117 90.43
130 118 14.14
130 119 110.94
130 120 10.0
130 121 96.51
130 122 80.21
130 123 97.16
130 124 99.25
130 125 24.52
130 126 97.42
130 127 111.0
130 128 97.08
130 129 53.31
130 131 83.02
130 132 45.62
130 133 56.73
130 134 117.99
130 135 105.77
130 136 85.91
130 137 84.72
130 138 85.38
130 139 32.14
130 140 100.6
130 141 19.65
130 142 94.87
130 143 92.14
130 144 72.18
130 145 108.0
130 146 97.02
130 147 103.87
130 148 94.53
130 149 43.05
130 150 127.26
130 151 138.06
130 152 41.01
130 153 22.02
130 154 127.4
130 155 104.71
130 156 119.08
130 157 86.49
130 158 111.54
130 159 97.49
130 160 84.4
130 161 109.88
130 162 71.69
130 163 126.21
130 164 87.21
130 165 96.26
130 166 117.63
130 167 105.82
130 168 127.48
130 169 93.01
130 170 97.08
130 171 77.16
130 172 141.21
130 173 66.03
130 174 87.57
130 175 104.65
130 176 89.19
130 177 114.86
130 178 90.43
130 179 97.13
130 180 114.35
130 181 141.01
130 182 22.2
130 183 120.8
130 184 91.01
130 185 124.1
130 186 94.83
130 187 59.2
130 188 86.4
130 189 126.57
130 190 117.52
130 191 125.03
130 192 96.01
130 193 119.34
130 194 121.2
130 195 118.07
130 196 89.2
130 197 107.45
130 198 85.21
130 199 137.93
130 200 107.48
130 201 86.27
131 0 66.73
131 1 33.62
131 2 127.35
131 3 104.94
131 4 93.92
131 5 140.66
131 6 114.21
131 7 53.08
131 8 67.54
131 9 99.92
131 10 70.6
131 11 91.42
131 12 63.25
131 13 63.6
131 14 106.85
131 15 97.02
131 16 60.83
131 17 49.09
131 18 16.55
131 19 101.97
131 20 152.05
131 21 87.05
131 22 66.41
131 23 93.05
131 24 65.86
131 25 137.64
131 26 20.62
131 27 26.17
131 28 74.09
131 29 124.96
131 30 47.63
131 31 100.18
131 32 52.0
131 33 65.51
131 34 19.03
131 35 92.57
131 36 76.03
131 37 26.83
131 38 56.3
131 39 48.05
131 40 57.07
131 41 84.01
131 42 104.06
131 43 74.33
131 44 119.44
131 45 59.21
131 46 38.33
131 47 116.06
131 48 136.4
131 49 52.2
131 50 60.17
131 51 83.01
131 52 58.19
131 53 29.02
131 54 107.02
131 55 31.14
131 56 45.1
131 57 8.94
131 58 60.53
131 59 71.81
131 60 44.05
131 61 60.8
131 62 89.63
131 63 59.03
131 64 9.22
131 65 97.51
131 66 58.69
131 67 68.82
131 68 40.8
131 69 85.23
131 70 45.62
131 71 141.01
131 72 66.4
131 73 49.4
131 74 79.31
131 75 94.11
131 76 70.72
131 77 62.51
131 78 64.08
131 79 106.3
131 80 137.06
131 81 74.67
131 82 50.25
131 83 111.83
131 84 21.0
131 85 37.8
131 86 67.74
131 87 77.1
131 88 49.65
131 89 96.38
131 90 138.29
131 91 129.0
131 92 54.63
131 93 69.46
131 94 44.94
131 95 52.39
131 96 82.08
131 97 85.59
131 98 65.73
131 99 47.41
131 100 74.95
131 101 133.15
131 102 64.14
131 103 84.9
131 104 13.42
131 105 61.03
131 106 122.04
131 107 86.59
131 108 53.15
131 109 50.04
131 110 112.61
131 111 21.47
131 112 77.06
131 113 7.21
131 114 28.28
131 115 18.6
131 116 91.21
131 117 51.48
131 118 69.12
131 119 56.04
131 120 75.11
131 121 22.47
131 122 76.06
131 123 21.4
131 124 26.93
131 125 59.08
131 126 135.15
131 127 139.62
131 128 131.8
131 129 41.05
131 130 83.02
131 132 76.28
131 133 55.87
131 134 65.52
131 135 35.51
131 136 73.54
131 137 13.04
131 138 125.9
131 139 86.93
131 140 21.4
131 141 80.78
131 142 85.09
131 143 128.76
131 144 101.14
131 145 137.2
131 146 112.68
131 147 105.31
131 148 120.6
131 149 40.0
131 150 71.31
131 151 80.5
131 152 42.11
131 153 71.57
131 154 88.68
131 155 99.62
131 156 108.91
131 157 18.11
131 158 133.99
131 159 118.15
131 160 54.12
131 161 123.47
131 162 43.42
131 163 80.81
131 164 8.94
131 165 57.14
131 166 57.78
131 167 56.57
131 168 87.82
131 169 10.05
131 170 57.08
131 171 59.93
131 172 92.66
131 173 49.41
131 174 12.65
131 175 102.88
131 176 29.07
131 177 68.88
131 178 59.23
131 179 94.15
131 180 32.89
131 181 90.48
131 182 61.2
131 183 99.61
131 184 111.25
131 185 41.59
131 186 111.52
131 187 31.62
131 188 77.47
131 189 119.33
131 190 139.09
131 191 69.64
131 192 13.34
131 193 152.0
131 194 144.59
131 195 110.86
131 196 78.55
131 197 119.88
131 198 8.25
131 199 122.92
131 200 78.31
131 201 66.73
132 0 45.62
132 1 76.94
132 2 55.46
132 3 78.24
132 4 56.61
132 5 74.22
132 6 45.35
132 7 60.83
132 8 95.52
132 9 54.56
132 10 24.52
132 11 53.6
132 12 23.19
132 13 25.08
132 14 48.51
132 15 64.2
132 16 19.03
132 17 66.27
132 18 85.91
132 19 50.92
132 20 84.77
132 21 74.4
132 22 86.35
132 23 53.25
132 24 33.11
132 25 67.23
132 26 84.5
132 27 97.58
132 28 44.41
132 29 55.66
132 30 33.54
132 31 118.31
132 32 27.46
132 33 29.02
132 34 66.48
132 35 66.48
132 36 26.87
132 37 92.36
132 38 82.61
132 39 73.11
132 40 75.13
132 41 74.33
132 42 30.41
132 43 92.05
132 44 66.1
132 45 38.21
132 46 53.34
132 47 71.87
132 48 68.68
132 49 48.51
132 50 22.14
132 51 73.78
132 52 45.61
132 53 101.98
132 54 58.52
132 55 88.77
132 56 117.39
132 57 81.01
132 58 57.57
132 59 27.89
132 60 36.14
132 61 27.66
132 62 31.95
132 63 38.33
132 64 69.84
132 65 75.66
132 66 50.96
132 67 7.62
132 68 51.16
132 69 101.59
132 70 43.05
132 71 73.76
132 72 25.08
132 73 30.23
132 74 27.78
132 75 99.36
132 76 103.25
132 77 35.01
132 78 89.44
132 79 73.5
132 80 73.68
132 81 34.79
132 82 58.42
132 83 52.15
132 84 94.37
132 85 86.98
132 86 33.24
132 87 82.86
132 88 86.01
132 89 52.84
132 90 67.62
132 91 66.27
132 92 41.59
132 93 35.51
132 94 39.32
132 95 33.24
132 96 17.69
132 97 110.44
132 98 99.72
132 99 41.01
132 100 27.86
132 101 69.58
132 102 96.75
132 103 28.32
132 104 63.01
132 105 46.49
132 106 59.14
132 107 58.69
132 108 28.16
132 109 43.01
132 110 46.39
132 111 76.84
132 112 48.08
132 113 83.49
132 114 60.88
132 115 84.31
132 116 59.55
132 117 56.57
132 118 39.46
132 119 78.77
132 120 48.51
132 121 78.75
132 122 36.12
132 123 80.32
132 124 79.56
132 125 46.17
132 126 63.06
132 127 72.53
132 128 60.93
132 129 35.23
132 130 45.62
132 131 76.28
132 133 23.35
132 134 83.43
132 135 83.02
132 136 43.01
132 137 70.68
132 138 52.15
132 139 19.24
132 140 85.44
132 141 26.63
132 142 50.25
132 143 56.8
132 144 30.81
132 145 69.64
132 146 53.15
132 147 58.31
132 148 53.94
132 149 48.76
132 150 92.89
132 151 103.16
132 152 45.18
132 153 24.74
132 154 86.61
132 155 59.17
132 156 73.57
132 157 69.64
132 158 70.58
132 159 55.08
132 160 48.84
132 161 66.19
132 162 42.3
132 163 87.73
132 164 75.59
132 165 60.64
132 166 86.58
132 167 72.18
132 168 86.95
132 169 84.22
132 170 61.61
132 171 38.6
132 172 102.42
132 173 34.13
132 174 73.82
132 175 59.03
132 176 66.49
132 177 78.11
132 178 53.16
132 179 51.62
132 180 99.3
132 181 102.96
132 182 38.05
132 183 76.42
132 184 48.01
132 185 110.05
132 186 51.09
132 187 44.65
132 188 42.52
132 189 80.96
132 190 76.53
132 191 90.71
132 192 85.88
132 193 83.22
132 194 81.05
132 195 72.47
132 196 45.34
132 197 63.39
132 198 73.82
132 199 92.44
132 200 66.04
132 201 45.62
133 0 30.0
133 1 53.6
133 2 71.59
133 3 70.01
133 4 50.99
133 5 86.35
133 6 58.82
133 7 39.56
133 8 74.04
133 9 53.01
133 10 34.41
133 11 47.85
133 12 27.59
133 13 29.7
133 14 54.41
133 15 57.28
133 16 5.0
133 17 44.15
133 18 63.63
133 19 52.35
133 20 97.62
133 21 60.61
133 22 65.55
133 23 48.51
133 24 19.31
133 25 82.2
133 26 61.74
133 27 75.18
133 28 32.7
133 29 69.63
133 30 10.2
133 31 99.48
133 32 20.62
133 33 34.66
133 34 43.83
133 35 56.86
133 36 23.35
133 37 69.46
133 38 60.64
133 39 50.64
133 40 53.76
133 41 59.55
133 42 48.27
133 43 72.01
133 44 69.87
133 45 38.95
133 46 30.07
133 47 71.06
133 48 81.63
133 49 27.31
133 50 23.35
133 51 58.8
133 52 26.4
133 53 79.76
133 54 59.08
133 55 65.52
133 56 94.81
133 57 59.41
133 58 38.28
133 59 37.8
133 60 13.0
133 61 10.77
133 62 36.06
133 63 19.8
133 64 48.41
133 65 65.3
133 66 31.62
133 67 16.03
133 68 28.0
133 69 82.37
133 70 20.1
133 71 86.45
133 72 14.0
133 73 21.84
133 74 42.06
133 75 82.46
133 76 81.49
133 77 38.01
133 78 68.01
133 79 67.45
133 80 83.77
133 81 44.69
133 82 36.69
133 83 59.14
133 84 72.4
133 85 63.64
133 86 39.62
133 87 64.64
133 88 63.2
133 89 50.09
133 90 82.8
133 91 75.77
133 92 21.1
133 93 42.45
133 94 16.03
133 95 29.15
133 96 36.88
133 97 90.08
133 98 77.67
133 99 18.25
133 100 39.66
133 101 79.71
133 102 74.73
133 103 45.31
133 104 43.28
133 105 28.32
133 106 68.54
133 107 48.85
133 108 5.1
133 109 38.33
133 110 57.8
133 111 53.85
133 112 55.97
133 113 62.97
133 114 37.64
133 115 61.72
133 116 51.55
133 117 35.11
133 118 45.45
133 119 57.01
133 120 55.44
133 121 55.71
133 122 28.28
133 123 57.38
133 124 56.32
133 125 46.1
133 126 79.4
133 127 85.09
133 128 76.22
133 129 17.09
133 130 56.73
133 131 55.87
133 132 23.35
133 134 62.77
133 135 59.68
133 136 31.38
133 137 48.55
133 138 70.04
133 139 40.31
133 140 62.65
133 141 42.05
133 142 42.45
133 143 73.0
133 144 45.34
133 145 82.49
133 146 60.08
133 147 58.01
133 148 65.86
133 149 39.0
133 150 72.24
133 151 82.86
133 152 36.06
133 153 35.23
133 154 70.72
133 155 55.44
133 156 68.66
133 157 46.96
133 158 80.62
133 159 64.47
133 160 28.18
133 161 72.28
133 162 19.03
133 163 69.63
133 164 53.82
133 165 40.25
133 166 64.54
133 167 50.92
133 168 70.77
133 169 62.8
133 170 41.15
133 171 20.52
133 172 84.63
133 173 11.05
133 174 51.62
133 175 57.08
133 176 43.17
133 177 58.67
133 178 33.84
133 179 48.17
133 180 76.32
133 181 84.6
133 182 39.96
133 183 66.64
133 184 57.27
133 185 87.09
133 186 58.52
133 187 25.24
133 188 33.24
133 189 77.93
133 190 86.16
133 191 70.01
133 192 64.07
133 193 97.1
133 194 91.39
133 195 68.88
133 196 35.74
133 197 68.88
133 198 52.2
133 199 86.68
133 200 51.09
133 201 30.0
134 0 40.0
134 1 32.39
134 2 109.2
134 3 52.01
134 4 54.59
134 5 111.83
134 6 95.08
134 7 23.26
134 8 13.34
134 9 63.95
134 10 96.6
134 11 54.13
134 12 89.07
134 13 90.92
134 14 79.12
134 15 52.2
134 16 65.46
134 17 20.52
134 18 56.08
134 19 69.86
134 20 122.3
134 21 31.89
134 22 3.0
134 23 56.36
134 24 51.35
134 25 114.95
134 26 50.04
134 27 60.53
134 28 45.4
134 29 103.41
134 30 54.59
134 31 38.21
134 32 78.77
134 33 95.52
134 34 47.93
134 35 44.82
134 36 62.01
134 37 51.35
134 38 10.05
134 39 17.89
134 40 9.9
134 41 28.32
134 42 95.26
134 43 9.9
134 44 82.38
134 45 96.4
134 46 38.21
134 47 72.35
134 48 110.07
134 49 35.47
134 50 84.6
134 51 27.59
134 52 37.85
134 53 64.94
134 54 70.33
134 55 42.3
134 56 71.31
134 57 59.84
134 58 26.17
134 59 99.76
134 60 54.38
134 61 55.79
134 62 70.71
134 63 45.12
134 64 57.58
134 65 44.05
134 66 32.56
134 67 77.49
134 68 38.42
134 69 21.26
134 70 43.91
134 71 113.15
134 72 58.86
134 73 78.24
134 74 104.69
134 75 28.64
134 76 21.38
134 77 97.08
134 78 8.06
134 79 57.28
134 80 105.31
134 81 106.17
134 82 26.42
134 83 83.38
134 84 63.07
134 85 33.38
134 86 100.17
134 87 13.93
134 88 19.65
134 89 60.84
134 90 115.88
134 91 98.41
134 92 42.06
134 93 102.93
134 94 48.88
134 95 85.8
134 96 99.3
134 97 27.31
134 98 19.7
134 99 45.18
134 100 101.97
134 101 102.47
134 102 17.0
134 103 108.08
134 104 64.41
134 105 37.34
134 106 93.52
134 107 44.29
134 108 57.78
134 109 91.35
134 110 90.8
134 111 44.72
134 112 115.68
134 113 68.07
134 114 41.34
134 115 52.09
134 116 48.88
134 117 27.73
134 118 105.12
134 119 9.49
134 120 114.62
134 121 44.41
134 122 54.15
134 123 46.27
134 124 40.2
134 125 101.41
134 126 115.74
134 127 111.8
134 128 111.0
134 129 65.6
134 130 117.99
134 131 65.52
134 132 83.43
134 133 62.77
134 135 33.02
134 136 46.27
134 137 52.81
134 138 111.61
134 139 102.2
134 140 50.01
134 141 104.79
134 142 49.98
134 143 110.44
134 144 88.57
134 145 110.49
134 146 83.77
134 147 68.1
134 148 96.8
134 149 85.63
134 150 9.49
134 151 20.12
134 152 84.85
134 153 97.49
134 154 25.96
134 155 59.68
134 156 60.81
134 157 47.76
134 158 102.96
134 159 91.0
134 160 34.79
134 161 88.84
134 162 46.32
134 163 16.03
134 164 56.75
134 165 22.8
134 166 11.18
134 167 12.21
134 168 24.74
134 169 62.51
134 170 21.84
134 171 44.91
134 172 27.31
134 173 52.33
134 174 52.89
134 175 64.14
134 176 37.58
134 177 8.6
134 178 30.41
134 179 59.09
134 180 53.6
134 181 25.55
134 182 98.01
134 183 46.23
134 184 86.65
134 185 60.54
134 186 83.93
134 187 62.94
134 188 49.65
134 189 70.18
134 190 106.0
134 191 7.28
134 192 60.21
134 193 124.35
134 194 111.52
134 195 64.38
134 196 48.05
134 197 85.59
134 198 57.28
134 199 67.6
134 200 29.15
134 201 40.0
135 0 52.63
135 1 6.08
135 2 123.31
135 3 81.02
135 4 76.69
135 5 131.24
135 6 109.08
135 7 31.83
135 8 32.31
135 9 84.9
135 10 87.69
135 11 75.07
135 12 79.63
135 13 80.89
135 14 96.67
135 15 77.1
135 16 64.13
135 17 24.84
135 18 23.35
135 19 89.14
135 20 142.43
135 21 61.1
135 22 33.06
135 23 77.16
135 24 58.59
135 25 131.49
135 26 17.26
135 27 27.89
135 28 60.31
135 29 118.98
135 30 49.5
135 31 64.88
135 32 67.74
135 33 84.53
135 34 22.83
135 35 70.83
135 36 70.66
135 37 18.68
135 38 23.0
135 39 19.24
135 40 27.2
135 41 57.58
135 42 104.0
135 43 40.45
135 44 104.8
135 45 81.91
135 46 29.83
135 47 97.65
135 48 128.23
135 49 39.45
135 50 75.43
135 51 56.65
135 52 45.49
135 53 32.57
135 54 92.02
135 55 9.85
135 56 42.01
135 57 28.23
135 58 40.36
135 59 90.09
135 60 47.17
135 61 58.19
135 62 83.01
135 63 50.54
135 64 29.7
135 65 73.01
135 66 42.64
135 67 75.66
135 68 32.28
135 69 50.7
135 70 40.52
135 71 132.14
135 72 63.32
135 73 66.1
135 74 96.63
135 75 61.2
135 76 35.23
135 77 83.93
135 78 29.61
135 79 84.6
135 80 125.94
135 81 95.13
135 82 31.24
135 83 101.53
135 84 30.07
135 85 4.0
135 86 88.29
135 87 46.39
135 88 14.56
135 89 81.34
135 90 132.31
135 91 118.26
135 92 45.62
135 93 90.71
135 94 43.74
135 95 72.28
135 96 95.01
135 97 50.12
135 98 30.23
135 99 42.72
135 100 92.91
135 101 122.49
135 102 28.65
135 103 101.32
135 104 39.2
135 105 47.2
135 106 112.16
135 107 67.2
135 108 54.92
135 109 74.46
135 110 105.95
135 111 14.21
135 112 101.51
135 113 36.4
135 114 23.09
135 115 19.42
135 116 72.2
135 117 33.42
135 118 91.76
135 119 24.33
135 120 99.96
135 121 13.04
135 122 66.29
135 123 14.32
135 124 8.6
135 125 84.69
135 126 130.7
135 127 130.73
135 128 126.48
135 129 53.46
135 130 105.77
135 131 35.51
135 132 83.02
135 133 59.68
135 134 33.02
135 136 60.44
135 137 24.76
135 138 123.89
135 139 99.08
135 140 17.12
135 141 97.42
135 142 69.31
135 143 124.68
135 144 98.84
135 145 128.84
135 146 102.18
135 147 89.94
135 148 113.23
135 149 66.19
135 150 36.88
135 151 45.31
135 152 66.71
135 153 88.68
135 154 58.55
135 155 82.46
135 156 87.82
135 157 20.81
135 158 123.17
135 159 108.85
135 160 40.5
135 161 110.32
135 162 40.79
135 163 49.04
135 164 26.63
135 165 35.47
135 166 23.35
135 167 28.23
135 168 57.43
135 169 30.36
135 170 34.83
135 171 51.0
135 172 58.86
135 173 49.03
135 174 23.43
135 175 86.56
135 176 17.03
135 177 38.83
135 178 41.77
135 179 79.21
135 180 22.47
135 181 56.29
135 182 83.82
135 183 75.24
135 184 103.0
135 185 31.83
135 186 101.67
135 187 46.57
135 188 64.66
135 189 98.01
135 190 127.29
135 191 35.51
135 192 27.66
135 193 143.53
135 194 132.94
135 195 90.74
135 196 64.44
135 197 106.78
135 198 27.8
135 199 98.08
135 200 54.59
135 201 52.63
136 0 7.81
136 1 55.23
136 2 64.08
136 3 38.63
136 4 21.1
136 5 70.84
136 6 49.77
136 7 29.15
136 8 59.54
136 9 26.4
136 10 63.25
136 11 18.25
136 12 57.69
136 13 59.91
136 14 36.24
136 15 26.31
136 16 30.53
136 17 36.36
136 18 74.63
136 19 29.21
136 20 82.07
136 21 31.4
136 22 49.25
136 23 19.65
136 24 12.08
136 25 71.34
136 26 70.43
136 27 84.5
136 28 1.41
136 29 59.06
136 30 31.06
136 31 76.92
136 32 52.0
136 33 64.9
136 34 55.95
136 35 25.5
136 36 17.09
136 37 76.42
136 38 49.34
136 39 43.42
136 40 40.8
136 41 31.38
136 42 49.04
136 43 53.04
136 44 46.14
136 45 70.21
136 46 35.85
136 47 42.95
136 48 67.8
136 49 22.2
136 50 53.85
136 51 30.89
136 52 15.81
136 53 89.5
136 54 33.54
136 55 69.35
136 56 101.83
136 57 73.43
136 58 21.54
136 59 66.84
136 60 34.0
136 61 20.62
136 62 24.52
136 63 15.13
136 64 64.47
136 65 34.13
136 66 17.8
136 67 39.6
136 68 33.12
136 69 61.0
136 70 28.16
136 71 71.7
136 72 19.21
136 73 53.14
136 74 69.3
136 75 56.86
136 76 67.6
136 77 68.96
136 78 53.76
136 79 36.5
136 80 65.8
136 81 74.03
136 82 29.21
136 83 41.11
136 84 83.82
136 85 63.6
136 86 69.89
136 87 41.77
136 88 56.36
136 89 22.85
136 90 72.2
136 91 57.98
136 92 18.97
136 93 72.67
136 94 30.27
136 95 60.54
136 96 60.61
136 97 71.25
136 98 65.31
136 99 26.68
136 100 68.01
136 101 62.23
136 102 62.37
136 103 70.94
136 104 64.03
136 105 13.45
136 106 51.74
136 107 17.46
136 108 28.86
136 109 69.57
136 110 46.07
136 111 62.01
136 112 86.27
136 113 79.62
136 114 46.65
136 115 71.4
136 116 20.4
136 117 27.02
136 118 76.01
136 119 45.22
136 120 85.98
136 121 63.25
136 122 8.06
136 123 65.44
136 124 61.55
136 125 77.47
136 126 71.11
136 127 70.29
136 128 66.65
136 129 45.4
136 130 85.91
136 131 73.54
136 132 43.01
136 133 31.38
136 134 46.27
136 135 60.44
136 137 62.18
136 138 65.8
136 139 62.13
136 140 71.06
136 141 68.62
136 142 12.04
136 143 65.39
136 144 42.3
136 145 68.41
136 146 41.77
136 147 31.78
136 148 53.0
136 149 69.05
136 150 55.04
136 151 64.12
136 152 66.49
136 153 63.89
136 154 43.83
136 155 26.48
136 156 38.12
136 157 58.31
136 158 62.94
136 159 48.41
136 160 20.62
136 161 50.8
136 162 30.81
136 163 46.32
136 164 68.0
136 165 26.4
136 166 53.16
136 167 37.95
136 168 44.28
136 169 77.03
136 170 27.31
136 171 14.14
136 172 60.41
136 173 28.02
136 174 64.5
136 175 29.41
136 176 49.2
136 177 39.0
136 178 18.87
136 179 20.62
136 180 82.04
136 181 61.4
136 182 71.12
136 183 35.36
136 184 42.72
136 185 92.1
136 186 41.23
136 187 50.04
136 188 4.24
136 189 48.0
136 190 67.36
136 191 53.08
136 192 76.85
136 193 83.1
136 194 73.0
136 195 39.01
136 196 5.1
136 197 47.2
136 198 67.08
136 199 55.54
136 200 23.26
136 201 7.81
137 0 55.04
137 1 21.63
137 2 118.93
137 3 92.23
137 4 82.08
137 5 130.87
137 6 105.36
137 7 40.2
137 8 55.76
137 9 88.55
137 10 69.26
137 11 79.71
137 12 61.4
137 13 62.2
137 14 96.61
137 15 84.77
137 16 53.54
137 17 36.06
137 18 15.23
137 19 91.07
137 20 142.27
137 21 74.11
137 22 53.85
137 23 81.44
137 24 55.61
137 25 128.7
137 26 15.0
137 27 26.93
137 28 62.61
137 29 115.97
137 30 39.2
137 31 88.32
137 32 49.5
137 33 65.01
137 34 6.32
137 35 80.05
137 36 66.53
137 37 23.02
137 38 43.86
137 39 35.17
137 40 44.15
137 41 71.03
137 42 96.61
137 43 61.85
137 44 108.3
137 45 60.53
137 46 26.4
137 47 104.18
137 48 126.91
137 49 40.31
137 50 57.71
137 51 70.03
137 52 46.52
137 53 31.3
137 54 95.71
137 55 23.41
137 56 46.82
137 57 11.4
137 58 47.85
137 59 71.06
137 60 35.81
137 61 51.62
137 62 80.06
137 63 48.26
137 64 5.0
137 65 84.72
137 66 46.49
137 67 63.07
137 68 29.07
137 69 72.92
137 70 35.0
137 71 131.37
137 72 57.28
137 73 47.27
137 74 78.23
137 75 81.32
137 76 59.67
137 77 63.2
137 78 51.88
137 79 93.86
137 80 126.83
137 81 75.06
137 82 37.48
137 83 101.61
137 84 23.85
137 85 27.8
137 86 68.07
137 87 64.13
137 88 38.01
137 89 84.97
137 90 129.4
137 91 118.81
137 92 43.57
137 93 70.18
137 94 35.36
137 95 52.01
137 96 79.08
137 97 74.06
137 98 54.67
137 99 37.01
137 100 74.11
137 101 123.0
137 102 52.8
137 103 83.49
137 104 14.76
137 105 49.24
137 106 112.0
137 107 74.33
137 108 45.0
137 109 52.17
137 110 103.32
137 111 10.82
137 112 79.62
137 113 17.72
137 114 15.81
137 115 14.14
137 116 79.06
137 117 38.83
137 118 70.58
137 119 43.32
137 120 77.88
137 121 12.53
137 122 65.46
137 123 12.65
137 124 16.4
137 125 62.1
137 126 126.67
137 127 129.96
137 128 123.04
137 129 36.4
137 130 84.72
137 131 13.04
137 132 70.68
137 133 48.55
137 134 52.81
137 135 24.76
137 136 62.18
137 138 118.07
137 139 83.68
137 140 16.0
137 141 79.4
137 142 73.41
137 143 120.34
137 144 92.96
137 145 127.66
137 146 102.42
137 147 93.91
137 148 111.2
137 149 43.01
137 150 59.03
137 151 68.6
137 152 44.15
137 153 70.26
137 154 75.66
137 155 87.85
137 156 96.57
137 157 5.1
137 158 123.81
137 159 108.23
137 160 42.15
137 161 112.68
137 162 33.3
137 163 67.91
137 164 5.83
137 165 44.28
137 166 45.65
137 167 43.57
137 168 74.81
137 169 15.0
137 170 44.18
137 171 49.09
137 172 80.06
137 173 40.36
137 174 3.16
137 175 91.29
137 176 16.03
137 177 55.9
137 178 46.84
137 179 82.73
137 180 30.07
137 181 78.0
137 182 62.51
137 183 86.83
137 184 101.53
137 185 40.45
137 186 101.4
137 187 27.46
137 188 66.24
137 189 107.0
137 190 128.71
137 191 57.27
137 192 15.62
137 193 142.52
137 194 134.27
137 195 98.67
137 196 67.08
137 197 109.08
137 198 5.1
137 199 110.17
137 200 65.49
137 201 55.04
138 0 73.05
138 1 118.12
138 2 7.21
138 3 78.85
138 4 61.03
138 5 29.73
138 6 17.0
138 7 94.34
138 8 124.95
138 9 52.24
138 10 71.78
138 11 60.01
138 12 73.82
138 13 75.24
138 14 35.23
138 15 67.36
138 16 65.07
138 17 101.39
138 18 132.8
138 19 45.18
138 20 37.12
138 21 88.0
138 22 114.54
138 23 58.0
138 24 65.3
138 25 18.11
138 26 130.1
138 27 144.03
138 28 66.48
138 29 14.21
138 30 78.87
138 31 137.01
138 32 79.61
138 33 77.83
138 34 112.8
138 35 74.11
138 36 53.24
138 37 137.3
138 38 115.13
138 39 108.63
138 40 106.61
138 41 90.05
138 42 22.02
138 43 117.24
138 44 45.18
138 45 88.02
138 46 95.19
138 47 58.69
138 48 23.77
138 49 84.53
138 50 73.82
138 51 90.09
138 52 78.79
138 53 148.81
138 54 49.24
138 55 131.73
138 56 163.08
138 57 129.19
138 58 87.28
138 59 74.04
138 60 82.33
138 61 66.85
138 62 41.44
138 63 73.36
138 64 118.34
138 65 81.61
138 66 82.64
138 67 58.6
138 68 92.44
138 69 123.26
138 70 84.6
138 71 28.16
138 72 61.29
138 73 82.38
138 74 69.43
138 75 115.07
138 76 132.98
138 77 84.15
138 78 119.33
138 79 71.06
138 80 34.13
138 81 78.85
138 82 93.62
138 83 32.98
138 84 141.82
138 85 127.46
138 86 80.65
138 87 104.58
138 88 121.84
138 89 54.04
138 90 18.03
138 91 31.11
138 92 78.29
138 93 82.01
138 94 83.01
138 95 85.0
138 96 57.97
138 97 134.63
138 98 130.97
138 99 82.38
138 100 72.28
138 101 31.4
138 102 128.06
138 103 65.62
138 104 113.15
138 105 77.62
138 106 28.3
138 107 70.06
138 108 73.11
138 109 94.37
138 110 22.09
138 111 121.76
138 112 91.08
138 113 133.0
138 114 105.12
138 115 130.43
138 116 67.01
138 117 91.39
138 118 85.87
138 119 111.02
138 120 92.4
138 121 123.42
138 122 58.52
138 123 125.36
138 124 122.97
138 125 95.52
138 126 12.04
138 127 27.51
138 128 12.65
138 129 85.7
138 130 85.38
138 131 125.9
138 132 52.15
138 133 70.04
138 134 111.61
138 135 123.89
138 136 65.8
138 137 118.07
138 139 54.13
138 140 130.92
138 141 67.27
138 142 62.39
138 143 7.62
138 144 25.24
138 145 24.7
138 146 33.24
138 147 50.99
138 148 20.12
138 149 100.85
138 150 119.85
138 151 127.88
138 152 97.25
138 153 71.47
138 154 102.0
138 155 58.42
138 156 68.68
138 157 115.8
138 158 32.2
138 159 27.31
138 160 83.67
138 161 39.66
138 162 85.45
138 163 108.3
138 164 123.56
138 165 92.03
138 166 118.96
138 167 103.74
138 168 103.0
138 169 132.65
138 170 92.97
138 171 72.9
138 172 120.0
138 173 77.8
138 174 121.04
138 175 54.74
138 176 109.6
138 177 103.75
138 178 84.15
138 179 55.0
138 180 143.74
138 181 122.02
138 182 87.32
138 183 80.89
138 184 27.29
138 185 154.35
138 186 31.78
138 187 94.79
138 188 62.1
138 189 69.35
138 190 37.22
138 191 118.07
138 192 133.69
138 193 34.01
138 194 39.0
138 195 65.15
138 196 63.56
138 197 39.82
138 198 122.02
138 199 83.67
138 200 84.48
138 201 73.05
139 0 64.85
139 1 93.05
139 2 59.41
139 3 96.21
139 4 74.33
139 5 81.01
139 6 53.34
139 7 79.31
139 8 114.0
139 9 71.03
139 10 19.21
139 11 71.45
139 12 24.41
139 13 24.84
139 14 61.85
139 15 82.07
139 16 36.88
139 17 84.34
139 18 98.76
139 19 66.37
139 20 90.35
139 21 93.48
139 22 105.08
139 23 70.84
139 24 52.33
139 25 71.57
139 26 98.27
139 27 110.44
139 28 63.51
139 29 62.0
139 30 50.09
139 31 137.48
139 32 34.93
139 33 25.61
139 34 80.41
139 35 84.96
139 36 45.61
139 37 106.3
139 38 100.81
139 39 90.93
139 40 93.62
139 41 93.49
139 42 36.12
139 43 111.0
139 44 79.48
139 45 35.81
139 46 70.06
139 47 87.32
139 48 75.03
139 49 66.94
139 50 26.83
139 51 92.96
139 52 64.51
139 53 114.48
139 54 73.93
139 55 103.82
139 56 130.36
139 57 92.97
139 58 76.55
139 59 20.59
139 60 52.0
139 61 46.49
139 62 48.01
139 63 57.25
139 64 81.91
139 65 94.18
139 66 69.89
139 67 24.74
139 68 68.18
139 69 120.7
139 70 60.41
139 71 80.06
139 72 44.28
139 73 37.58
139 74 15.3
139 75 118.6
139 76 121.6
139 77 31.62
139 78 107.94
139 79 90.91
139 80 82.3
139 81 24.74
139 82 76.69
139 83 64.51
139 84 106.57
139 85 103.08
139 86 27.29
139 87 102.04
139 88 103.48
139 89 69.81
139 90 71.7
139 91 75.8
139 92 60.17
139 93 28.23
139 94 56.14
139 95 36.4
139 96 5.0
139 97 129.34
139 98 117.89
139 99 58.55
139 100 18.38
139 101 78.41
139 102 114.93
139 103 12.17
139 104 73.54
139 105 65.55
139 106 69.23
139 107 77.34
139 108 45.4
139 109 43.86
139 110 56.09
139 111 91.24
139 112 37.12
139 113 94.02
139 114 76.24
139 115 97.74
139 116 77.79
139 117 74.95
139 118 31.95
139 119 97.08
139 120 38.33
139 121 93.21
139 122 55.0
139 123 94.54
139 124 94.64
139 125 42.54
139 126 66.1
139 127 79.03
139 128 65.38
139 129 47.3
139 130 32.14
139 131 86.93
139 132 19.24
139 133 40.31
139 134 102.2
139 135 99.08
139 136 62.13
139 137 83.68
139 138 54.13
139 140 99.25
139 141 13.15
139 142 68.68
139 143 60.53
139 144 40.26
139 145 76.03
139 146 65.46
139 147 74.09
139 148 62.39
139 149 52.5
139 150 111.68
139 151 122.07
139 152 49.04
139 153 18.6
139 154 105.82
139 155 76.22
139 156 90.6
139 157 83.55
139 158 79.4
139 159 65.51
139 160 67.45
139 161 78.16
139 162 59.14
139 163 106.93
139 164 87.93
139 165 79.4
139 166 104.74
139 167 90.71
139 168 106.17
139 169 95.86
139 170 80.36
139 171 57.58
139 172 121.64
139 173 51.35
139 174 86.83
139 175 75.45
139 176 82.15
139 177 97.14
139 178 72.11
139 179 68.88
139 180 113.36
139 181 122.16
139 182 34.67
139 183 94.79
139 184 59.2
139 185 123.98
139 186 63.25
139 187 56.32
139 188 61.4
139 189 97.1
139 190 85.38
139 191 109.48
139 192 98.03
139 193 87.82
139 194 89.09
139 195 89.05
139 196 64.2
139 197 75.89
139 198 86.02
139 199 109.4
139 200 85.23
139 201 64.85
140 0 63.41
140 1 18.44
140 2 131.21
140 3 96.14
140 4 89.36
140 5 141.45
140 6 117.29
140 7 44.72
140 8 49.04
140 9 96.83
140 10 85.21
140 11 87.37
140 12 77.32
140 13 78.16
140 14 106.83
140 15 90.79
140 16 67.54
140 17 38.63
140 18 6.32
140 19 100.26
140 20 152.79
140 21 76.66
140 22 50.16
140 23 89.31
140 24 66.6
140 25 140.36
140 26 1.0
140 27 13.45
140 28 71.22
140 29 127.66
140 30 52.77
140 31 81.34
140 32 65.38
140 33 81.01
140 34 18.97
140 35 85.09
140 36 78.24
140 37 7.07
140 38 40.05
140 39 34.71
140 40 43.42
140 41 73.25
140 42 109.93
140 43 57.56
140 44 116.83
140 45 76.42
140 46 36.12
140 47 111.02
140 48 137.9
140 49 48.92
140 50 73.55
140 51 72.28
140 52 55.32
140 53 18.44
140 54 104.04
140 55 10.0
140 56 32.25
140 57 12.73
140 58 53.24
140 59 87.05
140 60 49.66
140 61 64.07
140 62 91.44
140 63 58.73
140 64 19.42
140 65 88.23
140 66 53.82
140 67 77.83
140 68 38.95
140 69 67.68
140 70 46.4
140 71 142.13
140 72 69.63
140 73 63.2
140 74 94.19
140 75 78.31
140 76 50.99
140 77 79.16
140 78 46.69
140 79 99.01
140 80 136.78
140 81 91.05
140 82 43.05
140 83 111.8
140 84 13.6
140 85 18.03
140 86 84.05
140 87 63.13
140 88 31.58
140 89 93.23
140 90 141.11
140 91 128.89
140 92 53.76
140 93 86.15
140 94 48.02
140 95 68.01
140 96 94.73
140 97 66.31
140 98 46.1
140 99 48.6
140 100 90.09
140 101 133.12
140 102 44.94
140 103 99.41
140 104 29.83
140 105 57.63
140 106 122.38
140 107 80.53
140 108 58.59
140 109 67.9
140 110 114.77
140 111 9.22
140 112 95.35
140 113 20.25
140 114 25.81
140 115 2.83
140 116 85.48
140 117 44.94
140 118 86.47
140 119 41.05
140 120 93.56
140 121 7.81
140 122 75.66
140 123 5.66
140 124 10.44
140 125 77.67
140 126 138.84
140 127 140.72
140 128 134.95
140 129 51.97
140 130 100.6
140 131 21.4
140 132 85.44
140 133 62.65
140 134 50.01
140 135 17.12
140 136 71.06
140 137 16.0
140 138 130.92
140 139 99.25
140 141 95.34
140 142 81.27
140 143 132.61
140 144 105.68
140 145 138.6
140 146 112.54
140 147 102.08
140 148 122.43
140 149 58.46
140 150 53.94
140 151 61.98
140 152 59.84
140 153 86.21
140 154 75.24
140 155 95.19
140 156 102.04
140 157 15.81
140 158 133.87
140 159 118.8
140 160 50.45
140 161 121.82
140 162 45.49
140 163 66.0
140 164 13.93
140 165 48.75
140 166 40.45
140 167 43.93
140 168 74.17
140 169 13.89
140 170 48.33
140 171 59.41
140 172 75.95
140 173 53.34
140 174 13.04
140 175 99.02
140 176 21.93
140 177 55.33
140 178 53.54
140 179 91.02
140 180 14.14
140 181 73.35
140 182 78.41
140 183 90.44
140 184 112.45
140 185 24.74
140 186 111.76
140 187 43.29
140 188 75.29
140 189 112.4
140 190 138.41
140 191 52.61
140 192 10.77
140 193 153.44
140 194 144.05
140 195 104.65
140 196 75.6
140 197 118.23
140 198 15.81
140 199 113.6
140 200 69.29
140 201 63.41
141 0 70.0
141 1 91.55
141 2 72.56
141 3 104.81
141 4 83.23
141 5 94.05
141 6 66.12
141 7 81.54
141 8 115.77
141 9 81.01
141 10 10.2
141 11 80.21
141 12 18.03
141 13 17.26
141 14 73.38
141 15 90.8
141 16 39.96
141 17 85.7
141 18 94.05
141 19 76.97
141 20 103.48
141 21 99.9
141 22 107.54
141 23 79.88
141 24 57.63
141 25 84.72
141 26 94.34
141 27 105.55
141 28 70.04
141 29 75.03
141 30 50.6
141 31 141.42
141 32 30.02
141 33 15.65
141 34 77.03
141 35 92.85
141 36 53.26
141 37 102.4
141 38 102.14
141 39 91.76
141 40 95.63
141 41 99.49
141 42 49.01
141 43 114.06
141 44 91.09
141 45 24.84
141 46 69.86
141 47 97.99
141 48 88.09
141 49 69.35
141 50 22.02
141 51 98.86
141 52 68.1
141 53 109.24
141 54 84.58
141 55 101.0
141 56 125.32
141 57 87.66
141 58 80.13
141 59 9.43
141 60 51.66
141 61 50.48
141 62 58.14
141 63 61.06
141 64 76.94
141 65 101.98
141 66 73.43
141 67 29.07
141 68 68.41
141 69 124.35
141 70 61.35
141 71 93.13
141 72 49.68
141 73 32.14
141 74 2.24
141 75 123.71
141 76 123.02
141 77 20.62
141 78 109.79
141 79 100.12
141 80 95.13
141 81 11.7
141 82 78.55
141 83 76.4
141 84 101.2
141 85 101.4
141 86 15.56
141 87 106.33
141 88 103.59
141 89 79.4
141 90 84.85
141 91 88.46
141 92 63.06
141 93 15.81
141 94 56.61
141 95 28.46
141 96 10.2
141 97 132.1
141 98 118.96
141 99 59.81
141 100 6.4
141 101 91.2
141 102 116.09
141 103 4.12
141 104 67.68
141 105 69.64
141 106 81.74
141 107 84.96
141 108 47.01
141 109 33.84
141 110 68.59
141 111 88.02
141 112 24.02
141 113 87.64
141 114 74.33
141 115 93.54
141 116 86.05
141 117 77.08
141 118 19.24
141 119 98.68
141 120 25.18
141 121 90.02
141 122 62.29
141 123 91.09
141 124 92.02
141 125 30.61
141 126 79.25
141 127 92.09
141 128 78.52
141 129 44.05
141 130 19.65
141 131 80.78
141 132 26.63
141 133 42.05
141 134 104.79
141 135 97.42
141 136 68.62
141 137 79.4
141 138 67.27
141 139 13.15
141 140 95.34
141 142 76.69
141 143 73.68
141 144 52.61
141 145 89.09
141 146 77.37
141 147 84.53
141 148 75.17
141 149 43.42
141 150 114.24
141 151 124.89
141 152 40.25
141 153 9.22
141 154 111.4
141 155 85.76
141 156 100.17
141 157 80.06
141 158 92.2
141 159 77.93
141 160 70.21
141 161 90.24
141 162 59.48
141 163 111.31
141 164 83.02
141 165 82.29
141 166 105.95
141 167 92.85
141 168 111.61
141 169 90.24
141 170 83.19
141 171 61.59
141 172 126.25
141 173 52.55
141 174 82.49
141 175 85.48
141 176 80.4
141 177 100.65
141 178 75.66
141 179 78.23
141 180 109.46
141 181 126.4
141 182 23.35
141 183 102.83
141 184 71.39
141 185 119.82
141 186 75.19
141 187 52.09
141 188 68.62
141 189 107.35
141 190 98.18
141 191 112.0
141 192 92.76
141 193 100.98
141 194 102.02
141 195 98.98
141 196 71.45
141 197 87.8
141 198 81.05
141 199 119.04
141 200 91.05
141 201 70.0
142 0 18.38
142 1 64.54
142 2 59.44
142 3 28.3
142 4 9.06
142 5 62.68
142 6 45.54
142 7 37.48
142 8 63.25
142 9 15.62
142 10 72.4
142 11 6.32
142 12 67.54
142 13 69.77
142 14 29.15
142 15 14.87
142 16 40.85
142 17 44.55
142 18 85.23
142 19 20.25
142 20 73.6
142 21 26.93
142 22 52.81
142 23 8.06
142 24 23.35
142 25 65.0
142 26 80.71
142 27 94.63
142 28 11.18
142 29 53.45
142 30 43.01
142 31 75.54
142 32 62.94
142 33 74.71
142 34 67.12
142 35 16.28
142 36 23.43
142 37 86.21
142 38 55.07
142 39 51.09
142 40 46.65
142 41 28.28
142 42 49.03
142 43 54.92
142 44 35.61
142 45 80.78
142 46 47.01
142 47 31.05
142 48 60.42
142 49 33.11
142 50 63.98
142 51 28.16
142 52 26.93
142 53 99.62
142 54 22.8
142 55 78.64
142 56 111.2
142 57 84.53
142 58 29.0
142 59 76.01
142 60 46.01
142 61 31.78
142 62 24.04
142 63 27.17
142 64 75.96
142 65 25.5
142 66 27.46
142 67 48.26
142 68 44.38
142 69 61.01
142 70 40.02
142 71 63.81
142 72 29.15
142 73 64.29
142 74 77.62
142 75 54.13
142 76 71.17
142 77 79.2
142 78 57.94
142 79 25.0
142 80 56.85
142 81 83.22
142 82 38.42
142 83 33.54
142 84 94.34
142 85 72.14
142 86 79.65
142 87 42.19
142 88 63.25
142 89 12.04
142 90 65.92
142 91 49.41
142 92 30.81
142 93 82.37
142 94 42.3
142 95 71.47
142 96 67.9
142 97 72.25
142 98 69.64
142 99 38.64
142 100 76.84
142 101 53.6
142 102 66.85
142 103 78.57
142 104 75.93
142 105 24.17
142 106 43.91
142 107 8.94
142 108 40.45
142 109 80.78
142 110 41.0
142 111 72.4
142 112 95.88
142 113 91.0
142 114 57.7
142 115 81.84
142 116 9.43
142 117 36.4
142 118 85.88
142 119 51.11
142 120 95.77
142 121 73.5
142 122 14.76
142 123 75.72
142 124 71.4
142 125 88.26
142 126 65.8
142 127 62.43
142 128 61.03
142 129 57.22
142 130 94.87
142 131 85.09
142 132 50.25
142 133 42.45
142 134 49.98
142 135 69.31
142 136 12.04
142 137 73.41
142 138 62.39
142 139 68.68
142 140 81.27
142 141 76.69
142 143 60.64
142 144 41.59
142 145 60.9
142 146 34.0
142 147 20.81
142 148 46.82
142 149 80.75
142 150 57.72
142 151 65.49
142 152 78.09
142 153 72.95
142 154 40.79
142 155 14.56
142 156 26.31
142 157 69.32
142 158 54.2
142 159 41.15
142 160 31.3
142 161 41.01
142 162 42.76
142 163 46.01
142 164 79.2
142 165 33.97
142 166 58.59
142 167 44.1
142 168 41.59
142 169 88.1
142 170 34.71
142 171 26.17
142 172 58.55
142 173 40.0
142 174 75.58
142 175 17.89
142 176 59.68
142 177 41.76
142 178 27.8
142 179 9.9
142 180 91.44
142 181 60.21
142 182 81.54
142 183 26.17
142 184 36.69
142 185 101.14
142 186 34.01
142 187 62.07
142 188 9.22
142 189 36.01
142 190 58.05
142 191 56.04
142 192 87.71
142 193 75.17
142 194 63.7
142 195 27.0
142 196 7.0
142 197 37.48
142 198 78.39
142 199 44.27
142 200 22.09
142 201 18.38
143 0 72.92
143 1 119.04
143 2 1.41
143 3 74.67
143 4 58.22
143 5 22.14
143 6 15.65
143 7 94.37
143 8 123.76
143 9 49.04
143 10 77.62
143 11 57.56
143 12 79.12
143 13 80.65
143 14 32.14
143 15 64.0
143 16 68.12
143 17 101.52
143 18 134.83
143 19 42.11
143 20 30.0
143 21 85.29
143 22 113.32
143 23 55.44
143 24 66.29
143 25 11.05
143 26 131.82
143 27 145.87
143 28 65.92
143 29 8.25
143 30 81.32
143 31 134.09
143 32 84.12
143 33 83.52
143 34 114.87
143 35 71.06
143 36 54.41
143 37 138.81
143 38 114.59
143 39 108.69
143 40 106.04
143 41 87.57
143 42 26.4
143 43 115.52
143 44 39.56
143 45 93.61
143 46 96.61
143 47 53.45
143 48 16.16
143 49 85.23
143 50 78.79
143 51 87.69
143 52 79.26
143 53 150.71
143 54 45.18
143 55 132.85
143 56 164.61
143 57 131.59
143 58 86.93
143 59 80.05
143 60 84.85
143 61 68.77
143 62 41.68
143 63 74.33
143 64 120.92
143 65 78.06
143 66 82.73
143 67 62.77
143 68 93.81
143 69 120.93
143 70 86.21
143 71 20.62
143 72 63.13
143 73 86.83
143 74 75.8
143 75 112.04
143 76 131.73
143 77 89.84
143 78 118.3
143 79 66.75
143 80 26.63
143 81 85.16
143 82 93.94
143 83 29.02
143 84 143.93
143 85 128.13
143 86 86.59
143 87 102.59
143 88 121.74
143 89 51.24
143 90 11.18
143 91 24.21
143 92 79.32
143 93 88.07
143 94 85.04
143 95 89.96
143 96 64.13
143 97 132.52
143 98 129.99
143 99 84.02
143 100 78.45
143 101 24.08
143 102 127.13
143 103 72.25
143 104 116.28
143 105 77.83
143 106 22.47
143 107 67.74
143 108 75.66
143 109 99.54
143 110 19.65
143 111 123.41
143 112 97.62
143 113 135.79
143 114 106.83
143 115 132.28
143 116 64.28
143 117 91.71
143 118 91.98
143 119 110.49
143 120 98.86
143 121 125.0
143 122 58.59
143 123 127.0
143 124 124.28
143 125 101.24
143 126 6.4
143 127 19.92
143 128 5.1
143 129 89.2
143 130 92.14
143 131 128.76
143 132 56.8
143 133 73.0
143 134 110.44
143 135 124.68
143 136 65.39
143 137 120.34
143 138 7.62
143 139 60.53
143 140 132.61
143 141 73.68
143 142 60.64
143 144 27.66
143 145 17.09
143 146 29.07
143 147 47.1
143 148 15.13
143 149 105.55
143 150 118.36
143 151 125.94
143 152 101.97
143 153 77.37
143 154 99.18
143 155 55.0
143 156 64.13
143 157 117.8
143 158 24.84
143 159 22.36
143 160 84.22
143 161 33.54
143 162 87.32
143 163 106.07
143 164 125.94
143 165 91.79
143 166 118.33
143 167 103.25
143 168 100.24
143 169 135.1
143 170 92.7
143 171 73.78
143 172 117.15
143 173 79.98
143 174 123.24
143 175 51.04
143 176 111.02
143 177 102.36
143 178 84.1
143 179 52.47
143 180 145.09
143 181 119.34
143 182 93.01
143 183 77.16
143 184 24.19
143 185 155.6
143 186 28.0
143 187 98.08
143 188 61.47
143 189 63.91
143 190 29.68
143 191 116.66
143 192 135.95
143 193 27.29
143 194 31.38
143 195 60.42
143 196 62.63
143 197 34.18
143 198 124.48
143 199 78.19
143 200 82.57
143 201 72.92
144 0 49.03
144 1 93.02
144 2 26.25
144 3 64.01
144 4 43.08
144 5 43.42
144 6 14.56
144 7 69.92
144 8 101.83
144 9 36.36
144 10 54.04
144 11 41.11
144 12 53.94
144 13 55.73
144 14 22.8
144 15 50.57
144 16 40.46
144 17 76.84
144 18 107.62
144 19 30.0
144 20 54.08
144 21 68.45
144 22 91.55
144 23 39.56
144 24 40.31
144 25 37.22
144 26 104.86
144 27 118.81
144 28 43.19
144 29 25.08
144 30 53.81
144 31 117.1
144 32 57.38
144 33 59.3
144 34 87.62
144 35 55.97
144 36 28.23
144 37 112.06
144 38 91.22
144 39 84.12
144 40 82.76
144 41 69.87
144 42 7.62
144 43 95.05
144 44 39.82
144 45 68.88
144 46 69.97
144 47 49.58
144 48 37.95
144 49 59.62
144 50 52.89
144 51 69.72
144 52 54.08
144 53 123.6
144 54 36.8
144 55 106.55
144 56 137.84
144 57 104.14
144 58 63.35
144 59 57.0
144 60 57.31
144 61 41.62
144 62 18.0
144 63 48.33
144 64 93.38
144 65 64.62
144 66 58.24
144 67 35.85
144 68 67.23
144 69 102.18
144 70 59.36
144 71 43.01
144 72 36.06
144 73 60.01
144 74 54.45
144 75 95.71
144 76 109.9
144 77 65.49
144 78 96.03
144 79 57.14
144 80 43.1
144 81 63.13
144 82 68.95
144 83 24.6
144 84 116.66
144 85 102.46
144 86 63.07
144 87 83.05
144 88 97.42
144 89 36.67
144 90 37.74
144 91 36.01
144 92 53.23
144 93 65.01
144 94 57.8
144 95 63.89
144 96 42.43
144 97 113.0
144 98 107.52
144 99 57.14
144 100 56.08
144 101 39.05
144 102 104.56
144 103 52.39
144 104 88.62
144 105 53.16
144 106 29.15
144 107 50.22
144 108 48.1
144 109 73.76
144 110 16.03
144 111 96.52
144 112 76.32
144 113 108.19
144 114 79.88
144 115 105.21
144 116 48.38
144 117 66.73
144 118 69.01
144 119 87.1
144 120 77.16
144 121 98.18
144 122 34.53
144 123 100.12
144 124 97.75
144 125 76.79
144 126 34.06
144 127 41.76
144 128 31.06
144 129 61.61
144 130 72.18
144 131 101.14
144 132 30.81
144 133 45.34
144 134 88.57
144 135 98.84
144 136 42.3
144 137 92.96
144 138 25.24
144 139 40.26
144 140 105.68
144 141 52.61
144 142 41.59
144 143 27.66
144 145 38.9
144 146 25.5
144 147 37.64
144 148 23.19
144 149 78.92
144 150 97.25
144 151 106.0
144 152 75.39
144 153 54.01
144 154 82.38
144 155 42.54
144 156 55.8
144 157 90.6
144 158 40.05
144 159 25.32
144 160 58.87
144 161 37.95
144 162 60.22
144 163 87.21
144 164 98.49
144 165 67.91
144 166 95.13
144 167 79.83
144 168 83.19
144 169 107.63
144 170 68.88
144 171 47.93
144 172 100.13
144 173 52.63
144 174 95.9
144 175 40.22
144 176 84.38
144 177 81.15
144 178 59.91
144 179 36.77
144 180 118.51
144 181 101.71
144 182 68.59
144 183 64.47
144 184 18.97
144 185 129.14
144 186 23.26
144 187 70.43
144 188 39.05
144 189 60.11
144 190 46.04
144 191 95.34
144 192 108.58
144 193 52.8
144 194 50.36
144 195 53.26
144 196 41.0
144 197 35.85
144 198 97.0
144 199 73.66
144 200 63.2
144 201 49.03
145 0 76.22
145 1 123.56
145 2 17.72
145 3 68.26
145 4 56.08
145 5 5.1
145 6 24.35
145 7 97.42
145 8 123.57
145 9 46.62
145 10 92.07
145 11 56.36
145 12 92.65
145 13 94.37
145 14 32.2
145 15 60.17
145 16 77.9
145 17 104.62
145 18 141.48
145 19 40.71
145 20 15.23
145 21 82.28
145 22 113.22
145 23 54.13
145 24 72.18
145 25 8.6
145 26 137.89
145 27 152.03
145 28 68.6
145 29 14.14
145 30 89.63
145 31 129.71
145 32 96.21
145 33 97.67
145 34 121.83
145 35 67.72
145 36 61.22
145 37 144.36
145 38 115.97
145 39 111.5
145 40 107.54
145 41 85.07
145 42 40.31
145 43 114.23
145 44 31.06
145 45 107.49
145 46 102.53
145 47 45.0
145 48 1.0
145 49 89.94
145 50 91.76
145 51 85.38
145 52 83.63
145 53 156.98
145 54 40.8
145 55 137.64
145 56 169.99
145 57 139.05
145 58 89.31
145 59 94.76
145 60 93.23
145 61 76.4
145 62 47.63
145 63 79.91
145 64 128.84
145 65 73.16
145 66 86.21
145 67 74.67
145 68 99.7
145 69 118.14
145 70 92.76
145 71 4.12
145 72 70.8
145 73 98.79
145 74 91.14
145 75 107.69
145 76 131.31
145 77 103.94
145 78 118.53
145 79 60.3
145 80 10.82
145 81 100.32
145 82 97.62
145 83 27.46
145 84 150.7
145 85 132.0
145 86 101.12
145 87 100.9
145 88 124.02
145 89 49.66
145 90 9.43
145 91 13.04
145 92 84.85
145 93 102.83
145 94 92.46
145 95 102.79
145 96 79.23
145 97 130.08
145 98 130.19
145 99 90.69
145 100 93.43
145 101 10.2
145 102 127.48
145 103 88.0
145 104 125.36
145 105 81.69
145 106 17.0
145 107 66.31
145 108 84.31
145 109 112.64
145 110 24.7
145 111 129.4
145 112 113.11
145 113 144.01
145 114 113.17
145 115 138.6
145 116 62.03
145 117 95.43
145 118 106.79
145 119 112.0
145 120 114.21
145 121 130.83
145 122 62.97
145 123 132.94
145 124 129.56
145 125 115.32
145 126 14.87
145 127 3.0
145 128 12.08
145 129 99.36
145 130 108.0
145 131 137.2
145 132 69.64
145 133 82.49
145 134 110.49
145 135 128.84
145 136 68.41
145 137 127.66
145 138 24.7
145 139 76.03
145 140 138.6
145 141 89.09
145 142 60.9
145 143 17.09
145 144 38.9
145 146 26.93
145 147 43.01
145 148 16.64
145 149 117.75
145 150 117.55
145 151 123.97
145 152 114.23
145 153 91.92
145 154 95.57
145 155 51.55
145 156 57.14
145 157 124.58
145 158 10.44
145 159 20.0
145 160 88.62
145 161 24.02
145 162 94.37
145 163 103.74
145 164 133.42
145 165 94.3
145 166 119.47
145 167 104.96
145 168 96.77
145 169 142.64
145 170 95.13
145 171 79.2
145 172 113.16
145 173 87.8
145 174 130.38
145 175 47.13
145 176 116.69
145 177 102.04
145 178 87.2
145 179 51.43
145 180 150.23
145 181 115.73
145 182 107.08
145 183 71.85
145 184 26.17
145 185 160.43
145 186 27.2
145 187 107.7
145 188 64.2
145 189 54.33
145 190 13.45
145 191 116.08
145 192 143.09
145 193 14.87
145 194 14.32
145 195 53.08
145 196 64.64
145 197 26.31
145 198 132.14
145 199 68.07
145 200 81.54
145 201 76.22
146 0 49.58
146 1 97.0
146 2 28.16
146 3 45.71
146 4 29.83
146 5 29.07
146 6 17.49
146 7 70.6
146 8 96.93
146 9 20.4
146 10 77.52
146 11 29.73
146 12 76.01
146 13 78.03
146 14 5.83
146 15 35.06
146 16 56.04
146 17 77.8
146 18 115.75
146 19 13.93
146 20 40.31
146 21 56.72
146 22 86.54
146 23 27.51
146 24 46.87
146 25 31.32
146 26 111.87
146 27 125.99
146 28 41.87
146 29 21.0
146 30 65.74
146 31 105.23
146 32 76.79
146 33 82.15
146 34 96.4
146 35 42.3
146 36 37.16
146 37 118.09
146 38 89.07
146 39 84.63
146 40 80.62
146 41 59.23
146 42 31.62
146 43 87.93
146 44 14.42
146 45 91.0
146 46 76.69
146 47 26.08
146 48 26.42
146 49 63.66
146 50 74.06
146 51 59.44
146 52 57.28
146 53 130.97
146 54 16.12
146 55 111.13
146 56 143.59
146 57 113.81
146 58 62.43
146 59 80.75
146 60 69.32
146 61 52.33
146 62 24.04
146 63 54.2
146 64 104.01
146 65 49.01
146 66 59.55
146 67 56.08
146 68 73.88
146 69 92.57
146 70 67.42
146 71 30.0
146 72 47.01
146 73 79.08
146 74 79.08
146 75 83.15
146 76 104.75
146 77 88.05
146 78 91.79
146 79 37.85
146 80 24.41
146 81 87.3
146 82 70.94
146 83 1.0
146 84 124.96
146 85 105.26
146 86 86.37
146 87 74.73
146 88 97.1
146 89 23.09
146 90 32.28
146 91 16.4
146 92 59.03
146 93 88.57
146 94 67.74
146 95 84.38
146 96 67.19
146 97 104.35
146 98 103.47
146 99 65.46
146 100 80.23
146 101 20.62
146 102 100.72
146 103 77.49
146 104 101.53
146 105 55.17
146 106 10.0
146 107 39.85
146 108 60.93
146 109 94.43
146 110 12.21
146 111 103.39
146 112 100.62
146 113 119.27
146 114 87.46
146 115 112.7
146 116 35.9
146 117 68.77
146 118 92.54
146 119 85.09
146 120 101.27
146 121 104.74
146 122 37.01
146 123 106.89
146 124 103.24
146 125 99.0
146 126 33.14
146 127 28.6
146 128 28.16
146 129 77.16
146 130 97.02
146 131 112.68
146 132 53.15
146 133 60.08
146 134 83.77
146 135 102.18
146 136 41.77
146 137 102.42
146 138 33.24
146 139 65.46
146 140 112.54
146 141 77.37
146 142 34.0
146 143 29.07
146 144 25.5
146 145 26.93
146 147 18.03
146 148 14.0
146 149 97.86
146 150 91.08
146 151 97.98
146 152 94.54
146 153 77.65
146 154 70.46
146 155 26.08
146 156 35.44
146 157 99.02
146 158 21.4
146 159 7.28
146 160 62.23
146 161 13.04
146 162 69.34
146 163 77.88
146 164 108.23
146 165 67.42
146 166 92.59
146 167 78.03
146 168 71.57
146 169 117.41
146 170 68.24
146 171 53.41
146 172 88.36
146 173 63.53
146 174 105.0
146 175 22.0
146 176 90.61
146 177 75.39
146 178 60.44
146 179 24.7
146 180 123.79
146 181 90.67
146 182 91.02
146 183 48.09
146 184 7.07
146 185 133.87
146 186 2.24
146 187 84.69
146 188 37.54
146 189 36.89
146 190 26.42
146 191 89.54
146 192 117.61
146 193 41.4
146 194 31.91
146 195 31.95
146 196 37.8
146 197 10.44
146 198 107.07
146 199 51.11
146 200 55.03
146 201 49.58
147 0 38.95
147 1 85.28
147 2 46.17
147 3 27.89
147 4 13.6
147 5 43.86
147 6 34.48
147 7 58.14
147 8 80.95
147 9 5.39
147 10 82.54
147 11 14.87
147 12 79.31
147 13 81.49
147 14 16.16
147 15 17.26
147 16 55.08
147 17 65.12
147 18 106.0
147 19 7.81
147 20 54.2
147 21 39.29
147 22 70.71
147 23 12.81
147 24 40.79
147 25 48.66
147 26 101.51
147 27 115.43
147 28 31.3
147 29 39.01
147 30 61.0
147 31 87.37
147 32 77.32
147 33 86.13
147 34 87.66
147 35 24.74
147 36 35.13
147 37 107.0
147 38 74.4
147 39 71.42
147 40 66.22
147 41 42.06
147 42 45.0
147 43 71.31
147 44 14.87
147 45 93.74
147 46 67.54
147 47 13.6
147 48 42.72
147 49 53.71
147 50 76.49
147 51 42.38
147 52 47.41
147 53 120.43
147 54 2.24
147 55 99.36
147 56 131.89
147 57 105.12
147 58 49.58
147 59 86.03
147 60 64.33
147 61 48.26
147 62 26.4
147 63 46.49
147 64 96.25
147 65 31.0
147 66 48.26
147 67 58.94
147 68 64.85
147 69 75.19
147 70 59.81
147 71 45.31
147 72 44.01
147 73 79.16
147 74 85.91
147 75 65.28
147 76 88.57
147 77 91.44
147 78 76.16
147 79 20.25
147 80 37.22
147 81 93.05
147 82 59.2
147 83 18.11
147 84 115.12
147 85 92.66
147 86 90.8
147 87 57.94
147 88 83.1
147 89 8.94
147 90 49.65
147 91 30.46
147 92 50.7
147 93 93.3
147 94 61.4
147 95 85.59
147 96 74.71
147 97 87.09
147 98 87.71
147 99 58.19
147 100 86.16
147 101 34.44
147 102 85.09
147 103 85.48
147 104 95.51
147 105 44.78
147 106 26.48
147 107 23.85
147 108 57.31
147 109 95.43
147 110 29.12
147 111 93.19
147 112 106.28
147 113 111.4
147 114 78.29
147 115 102.63
147 116 19.24
147 117 57.2
147 118 97.12
147 119 70.6
147 120 106.57
147 121 94.3
147 122 30.41
147 123 96.52
147 124 92.2
147 125 101.61
147 126 51.04
147 127 44.01
147 128 46.04
147 129 74.33
147 130 103.87
147 131 105.31
147 132 58.31
147 133 58.01
147 134 68.1
147 135 89.94
147 136 31.78
147 137 93.91
147 138 50.99
147 139 74.09
147 140 102.08
147 141 84.53
147 142 20.81
147 143 47.1
147 144 37.64
147 145 43.01
147 146 18.03
147 148 32.02
147 149 97.01
147 150 74.73
147 151 80.96
147 152 94.01
147 153 82.87
147 154 52.77
147 155 8.54
147 156 18.36
147 157 89.94
147 158 34.89
147 159 25.02
147 160 51.97
147 161 20.81
147 162 62.3
147 163 60.73
147 164 99.73
147 165 54.49
147 166 77.67
147 167 63.89
147 168 53.94
147 169 108.71
147 170 55.17
147 171 45.54
147 172 70.58
147 173 58.25
147 174 96.18
147 175 4.12
147 176 80.45
147 177 59.54
147 178 48.6
147 179 11.18
147 180 112.16
147 181 72.99
147 182 94.15
147 183 30.07
147 184 23.77
147 185 121.75
147 186 19.24
147 187 80.41
147 188 27.86
147 189 23.02
147 190 38.01
147 191 73.35
147 192 108.41
147 193 56.36
147 194 43.6
147 195 15.62
147 196 26.83
147 197 17.49
147 198 98.84
147 199 36.07
147 200 38.95
147 201 38.95
148 0 60.75
148 1 107.8
148 2 14.32
148 3 59.54
148 4 43.57
148 5 20.62
148 6 9.06
148 7 82.15
148 8 110.05
148 9 34.23
148 10 77.16
148 11 43.17
148 12 77.1
148 13 78.92
148 14 17.72
148 15 49.04
148 16 61.29
148 17 89.36
148 18 125.16
148 19 27.46
148 20 31.76
148 21 70.58
148 22 99.62
148 23 41.0
148 24 55.87
148 25 18.36
148 26 121.7
148 27 135.83
148 28 53.34
148 29 7.0
148 30 73.01
148 31 119.21
148 32 80.01
148 33 82.49
148 34 105.42
148 35 56.22
148 36 44.69
148 37 128.32
148 38 101.55
148 39 96.38
148 40 93.04
148 41 72.99
148 42 26.31
148 43 101.39
148 44 25.06
148 45 92.07
148 46 86.31
148 47 38.63
148 48 15.81
148 49 74.03
148 50 75.93
148 51 73.16
148 52 67.8
148 53 140.76
148 54 30.07
148 55 121.82
148 56 154.03
148 57 122.58
148 58 74.3
148 59 80.06
148 60 76.61
148 61 59.82
148 62 31.14
148 63 63.7
148 64 112.29
148 65 63.01
148 66 70.72
148 67 58.52
148 68 83.49
148 69 106.37
148 70 76.38
148 71 20.59
148 72 54.2
148 73 82.54
148 74 77.1
148 75 97.13
148 76 117.95
148 77 88.68
148 78 104.75
148 79 51.62
148 80 20.0
148 81 86.01
148 82 82.1
148 83 14.04
148 84 134.36
148 85 116.5
148 86 86.21
148 87 88.29
148 88 109.18
148 89 36.67
148 90 19.24
148 91 13.6
148 92 68.68
148 93 88.09
148 94 75.93
148 95 86.83
148 96 65.07
148 97 118.07
148 98 116.46
148 99 74.28
148 100 79.0
148 101 16.03
148 102 113.65
148 103 74.55
148 104 108.72
148 105 66.03
148 106 8.49
148 107 53.37
148 108 67.68
148 109 96.77
148 110 8.06
148 111 113.22
148 112 99.08
148 113 127.44
148 114 96.88
148 115 122.35
148 116 49.65
148 117 79.88
148 118 92.09
148 119 97.51
148 120 100.02
148 121 114.69
148 122 47.01
148 123 116.78
148 124 113.57
148 125 99.98
148 126 19.24
148 127 19.24
148 128 14.32
148 129 82.76
148 130 94.53
148 131 120.6
148 132 53.94
148 133 65.86
148 134 96.8
148 135 113.23
148 136 53.0
148 137 111.2
148 138 20.12
148 139 62.39
148 140 122.43
148 141 75.17
148 142 46.82
148 143 15.13
148 144 23.19
148 145 16.64
148 146 14.0
148 147 32.02
148 149 101.51
148 150 104.4
148 151 111.61
148 152 98.03
148 153 77.1
148 154 84.38
148 155 40.05
148 156 49.03
148 157 108.21
148 158 17.03
148 159 7.28
148 160 72.8
148 161 19.85
148 162 77.9
148 163 91.59
148 164 116.93
148 165 79.26
148 166 105.19
148 167 90.34
148 168 85.48
148 169 126.15
148 170 80.13
148 171 63.03
148 172 102.31
148 173 71.22
148 174 113.95
148 175 36.0
148 176 100.57
148 177 88.54
148 178 71.87
148 179 38.08
148 180 134.32
148 181 104.58
148 182 91.79
148 183 62.07
148 184 10.3
148 185 144.63
148 186 13.15
148 187 91.07
148 188 48.88
148 189 49.24
148 190 23.02
148 191 102.79
148 192 126.67
148 193 31.4
148 194 27.17
148 195 45.35
148 196 49.65
148 197 19.72
148 198 115.62
148 199 63.56
148 200 68.41
148 201 60.75
149 0 65.52
149 1 61.4
149 2 104.2
149 3 107.2
149 4 89.56
149 5 122.09
149 6 93.41
149 7 64.64
149 8 92.96
149 9 92.01
149 10 33.84
149 11 86.47
149 12 28.28
149 13 27.66
149 14 92.4
149 15 95.35
149 16 42.19
149 17 65.19
149 18 55.44
149 19 91.2
149 20 132.97
149 21 94.54
149 22 87.69
149 23 87.28
149 24 57.43
149 25 115.87
149 26 57.49
149 27 66.07
149 28 70.21
149 29 104.0
149 30 38.33
149 31 123.76
149 32 21.54
149 33 27.78
149 34 43.38
149 35 93.86
149 36 62.13
149 37 65.12
149 38 79.31
149 39 68.62
149 40 75.74
149 41 92.61
149 42 79.18
149 43 95.52
149 44 108.56
149 45 19.65
149 46 47.63
149 47 110.04
149 48 116.81
149 49 55.9
149 50 27.2
149 51 91.71
149 52 58.87
149 53 69.01
149 54 98.05
149 55 66.41
149 56 85.05
149 57 48.17
149 58 68.0
149 59 34.0
149 60 36.06
149 61 49.16
149 62 73.98
149 63 54.82
149 64 39.05
149 65 101.53
149 66 62.65
149 67 43.08
149 68 48.01
149 69 106.89
149 70 45.62
149 71 121.84
149 72 53.0
149 73 18.97
149 74 41.59
149 75 111.25
149 76 98.6
149 77 23.41
149 78 87.78
149 79 105.55
149 80 120.6
149 81 35.44
149 82 61.03
149 83 96.88
149 84 61.0
149 85 69.78
149 86 28.79
149 87 92.66
149 88 76.84
149 89 89.05
149 90 116.3
149 91 112.79
149 92 53.14
149 93 30.08
149 94 41.23
149 95 16.28
149 96 47.51
149 97 111.2
149 98 93.81
149 99 45.69
149 100 37.12
149 101 116.48
149 102 91.4
149 103 47.41
149 104 28.64
149 105 61.68
149 106 105.51
149 107 86.12
149 108 40.31
149 109 10.2
149 110 93.61
149 111 53.49
149 112 37.12
149 113 46.17
149 114 45.61
149 115 56.09
149 116 89.44
149 117 60.75
149 118 29.27
149 119 77.08
149 120 35.23
149 121 55.36
149 122 67.12
149 123 55.66
149 124 58.69
149 125 19.24
149 126 111.83
149 127 120.55
149 128 109.59
149 129 23.77
149 130 43.05
149 131 40.0
149 132 48.76
149 133 39.0
149 134 85.63
149 135 66.19
149 136 69.05
149 137 43.01
149 138 100.85
149 139 52.5
149 140 58.46
149 141 43.42
149 142 80.75
149 143 105.55
149 144 78.92
149 145 117.75
149 146 97.86
149 147 97.01
149 148 101.51
149 150 94.05
149 151 104.69
149 152 3.61
149 153 34.67
149 154 101.71
149 155 94.26
149 156 107.06
149 157 45.69
149 158 117.44
149 159 101.39
149 160 57.7
149 161 110.48
149 162 42.49
149 163 97.42
149 164 44.72
149 165 67.42
149 166 82.33
149 167 73.76
149 168 101.36
149 169 50.01
149 170 67.96
149 171 55.79
149 172 111.83
149 173 41.48
149 174 45.61
149 175 96.05
149 176 51.04
149 177 85.0
149 178 64.4
149 179 87.09
149 180 71.85
149 181 110.75
149 182 21.59
149 183 103.16
149 184 94.11
149 185 81.3
149 186 96.1
149 187 22.8
149 188 71.57
149 189 116.62
149 190 123.23
149 191 91.92
149 192 53.08
149 193 131.7
149 194 128.16
149 195 107.56
149 196 73.82
149 197 107.2
149 198 42.76
149 199 124.54
149 200 84.69
149 201 65.52
150 0 49.09
150 1 37.7
150 2 117.15
150 3 55.9
150 4 61.47
150 5 118.6
150 6 103.16
150 7 32.7
150 8 7.21
150 9 70.94
150 10 105.99
150 11 61.35
150 12 98.41
150 13 100.24
150 14 86.68
150 15 58.18
150 16 74.95
150 17 29.41
150 18 60.21
150 19 77.16
150 20 128.8
150 21 36.62
150 22 6.71
150 23 63.57
150 24 60.67
150 25 122.38
150 26 54.13
150 27 63.01
150 28 54.08
150 29 111.13
150 30 63.95
150 31 29.83
150 32 87.98
150 33 104.81
150 34 54.71
150 35 50.61
150 36 71.11
150 37 54.08
150 38 15.26
150 39 25.5
150 40 18.87
150 41 33.29
150 42 104.08
150 43 4.47
150 44 88.59
150 45 105.44
150 46 47.01
150 47 77.67
150 48 117.18
150 49 44.94
150 50 93.94
150 51 32.76
150 52 47.3
150 53 67.03
150 54 76.97
150 55 45.18
150 56 71.31
150 57 64.85
150 58 35.51
150 59 109.13
150 60 63.63
150 61 65.25
150 62 79.31
150 63 54.57
150 64 63.95
150 65 48.27
150 66 41.98
150 67 86.98
150 68 47.43
150 69 13.93
150 70 53.24
150 71 120.02
150 72 68.25
150 73 87.37
150 74 114.13
150 75 25.18
150 76 13.89
150 77 106.23
150 78 7.28
150 79 62.01
150 80 111.8
150 81 115.49
150 82 35.78
150 83 90.76
150 84 66.27
150 85 36.22
150 86 109.42
150 87 17.2
150 88 22.36
150 89 68.01
150 90 123.33
150 91 105.19
150 92 51.55
150 93 112.16
150 94 58.18
150 95 94.87
150 96 108.78
150 97 17.89
150 98 14.21
150 99 54.56
150 100 111.36
150 101 109.17
150 102 12.53
150 103 117.55
150 104 71.56
150 105 46.69
150 106 100.66
150 107 51.26
150 108 67.23
150 109 100.12
150 110 98.72
150 111 49.98
150 112 124.81
150 113 73.08
150 114 49.04
150 115 56.29
150 116 55.54
150 117 37.16
150 118 114.28
150 119 16.97
150 120 123.71
150 121 49.34
150 122 63.01
150 123 50.96
150 124 44.92
150 125 110.26
150 126 123.49
150 127 118.7
150 128 118.68
150 129 74.63
150 130 127.26
150 131 71.31
150 132 92.89
150 133 72.24
150 134 9.49
150 135 36.88
150 136 55.04
150 137 59.03
150 138 119.85
150 139 111.68
150 140 53.94
150 141 114.24
150 142 57.72
150 143 118.36
150 144 97.25
150 145 117.55
150 146 91.08
150 147 74.73
150 148 104.4
150 149 94.05
150 151 10.82
150 152 93.43
150 153 106.89
150 154 27.2
150 155 66.21
150 156 65.6
150 157 54.12
150 158 109.59
150 159 98.35
150 160 44.27
150 161 95.26
150 162 55.57
150 163 16.4
150 164 62.39
150 165 32.28
150 166 13.6
150 167 21.47
150 168 25.81
150 169 67.19
150 170 31.32
150 171 54.34
150 172 22.09
150 173 61.74
150 174 58.69
150 175 70.68
150 176 44.65
150 177 16.12
150 178 39.81
150 179 66.41
150 180 55.15
150 181 19.42
150 182 107.07
150 183 50.33
150 184 94.37
150 185 60.64
150 186 91.39
150 187 71.51
150 188 58.22
150 189 74.33
150 190 112.29
150 191 2.24
150 192 64.54
150 193 131.1
150 194 117.72
150 195 69.4
150 196 56.44
150 197 92.14
150 198 63.16
150 199 70.0
150 200 36.06
150 201 49.09
151 0 58.69
151 1 47.01
151 2 124.78
151 3 59.36
151 4 68.15
151 5 124.65
151 6 111.02
151 7 43.38
151 8 13.0
151 9 77.62
151 10 116.73
151 11 68.45
151 12 109.18
151 13 111.02
151 14 93.94
151 15 63.91
151 16 85.44
151 17 40.22
151 18 68.31
151 19 84.17
151 20 134.46
151 21 41.79
151 22 17.49
151 23 70.61
151 24 70.61
151 25 129.28
151 26 62.3
151 27 69.72
151 28 63.07
151 29 118.46
151 30 74.71
151 31 19.72
151 32 98.79
151 33 115.6
151 34 64.64
151 35 56.3
151 36 80.62
151 37 61.19
151 38 25.5
151 39 36.07
151 40 29.68
151 41 38.9
151 42 113.02
151 43 11.18
151 44 94.15
151 45 116.25
151 46 57.8
151 47 82.3
151 48 123.66
151 49 55.54
151 50 104.71
151 51 38.6
151 52 57.57
151 53 73.33
151 54 83.17
151 55 52.63
151 56 75.54
151 57 73.54
151 58 45.61
151 59 119.88
151 60 74.43
151 61 75.58
151 62 88.01
151 63 64.85
151 64 73.57
151 65 52.35
151 66 52.2
151 67 97.41
151 68 58.25
151 69 8.06
151 70 64.01
151 71 126.19
151 72 78.34
151 73 98.18
151 74 124.81
151 75 22.47
151 76 13.34
151 77 117.05
151 78 17.03
151 79 66.24
151 80 117.55
151 81 126.27
151 82 46.53
151 83 97.74
151 84 73.55
151 85 43.97
151 86 120.22
151 87 23.35
151 88 30.87
151 89 74.95
151 90 130.25
151 91 111.33
151 92 62.03
151 93 122.97
151 94 68.96
151 95 105.68
151 96 119.27
151 97 7.28
151 98 17.0
151 99 65.3
151 100 122.09
151 101 115.17
151 102 17.26
151 103 128.16
151 104 81.61
151 105 56.75
151 106 107.28
151 107 58.25
151 108 77.88
151 109 110.89
151 110 106.37
151 111 59.03
151 112 135.62
151 113 81.71
151 114 59.46
151 115 64.51
151 116 62.1
151 117 47.85
151 118 125.1
151 119 27.66
151 120 134.53
151 121 58.18
151 122 72.17
151 123 59.62
151 124 53.71
151 125 121.04
151 126 130.82
151 127 124.92
151 128 125.93
151 129 85.45
151 130 138.06
151 131 80.5
151 132 103.16
151 133 82.86
151 134 20.12
151 135 45.31
151 136 64.12
151 137 68.6
151 138 127.88
151 139 122.07
151 140 61.98
151 141 124.89
151 142 65.49
151 143 125.94
151 144 106.0
151 145 123.97
151 146 97.98
151 147 80.96
151 148 111.61
151 149 104.69
151 150 10.82
151 152 104.14
151 153 117.62
151 154 29.68
151 155 72.42
151 156 69.84
151 157 63.81
151 158 115.52
151 159 105.26
151 160 54.78
151 161 101.02
151 162 66.37
151 163 20.25
151 164 71.55
151 165 42.72
151 166 23.02
151 167 32.25
151 168 28.3
151 169 75.61
151 170 41.79
151 171 64.56
151 172 17.46
151 173 72.45
151 174 68.0
151 175 76.84
151 176 54.82
151 177 25.32
151 178 50.0
151 179 73.55
151 180 61.2
151 181 13.93
151 182 117.89
151 183 54.2
151 184 101.79
151 185 65.19
151 186 98.49
151 187 82.22
151 188 67.01
151 189 77.67
151 190 117.78
151 191 13.04
151 192 72.73
151 193 137.06
151 194 123.07
151 195 73.82
151 196 65.01
151 197 98.08
151 198 72.47
151 199 71.42
151 200 43.42
151 201 58.69
152 0 63.25
152 1 61.72
152 2 100.62
152 3 104.81
152 4 86.83
152 5 118.6
152 6 89.89
152 7 63.41
152 8 92.62
152 9 89.05
152 10 30.53
152 11 83.73
152 12 24.76
152 13 24.21
152 14 89.11
152 15 92.76
152 16 39.05
152 17 64.35
152 18 57.14
152 19 88.09
152 20 129.45
152 21 92.61
152 22 87.0
152 23 84.48
152 24 54.74
152 25 112.31
152 26 58.86
152 27 68.0
152 28 67.68
152 29 100.46
152 30 36.06
152 31 123.04
152 32 18.03
152 33 24.6
152 34 44.01
152 35 91.48
152 36 59.03
152 37 66.61
152 38 78.87
152 39 68.12
152 40 74.95
152 41 90.79
152 42 75.59
152 43 94.75
152 44 105.39
152 45 17.12
152 46 46.69
152 47 107.12
152 48 113.3
152 49 54.2
152 50 23.6
152 51 89.89
152 52 56.86
152 53 71.11
152 54 95.01
152 55 67.45
152 56 87.21
152 57 50.01
152 58 66.37
152 59 30.87
152 60 34.01
152 61 46.39
152 62 70.71
152 63 52.5
152 64 40.45
152 65 99.3
152 66 60.83
152 67 39.56
152 68 46.86
152 69 106.08
152 70 43.91
152 71 118.33
152 72 50.04
152 73 15.52
152 74 38.48
152 75 110.0
152 76 98.47
152 77 20.62
152 78 87.32
152 79 102.96
152 80 117.18
152 81 32.76
152 82 59.82
152 83 93.56
152 84 63.07
152 85 70.38
152 86 25.96
152 87 91.4
152 88 76.85
152 89 86.15
152 90 112.73
152 91 109.38
152 92 51.08
152 93 27.46
152 94 39.36
152 95 12.73
152 96 44.05
152 97 110.75
152 98 93.74
152 99 43.83
152 100 34.01
152 101 113.05
152 102 91.26
152 103 44.28
152 104 30.15
152 105 59.62
152 106 102.11
152 107 83.68
152 108 37.66
152 109 8.06
152 110 90.14
152 111 54.41
152 112 35.51
152 113 48.51
152 114 45.49
152 115 57.56
152 116 86.88
152 117 59.41
152 118 27.02
152 119 76.49
152 120 33.73
152 121 56.32
152 122 64.28
152 123 56.75
152 124 59.46
152 125 18.03
152 126 108.24
152 127 117.05
152 128 106.02
152 129 21.54
152 130 41.01
152 131 42.11
152 132 45.18
152 133 36.06
152 134 84.85
152 135 66.71
152 136 66.49
152 137 44.15
152 138 97.25
152 139 49.04
152 140 59.84
152 141 40.25
152 142 78.09
152 143 101.97
152 144 75.39
152 145 114.23
152 146 94.54
152 147 94.01
152 148 98.03
152 149 3.61
152 150 93.43
152 151 104.14
152 153 31.38
152 154 100.17
152 155 91.44
152 156 104.39
152 157 46.49
152 158 114.02
152 159 97.98
152 160 55.95
152 161 107.2
152 162 40.82
152 163 96.21
152 164 46.27
152 165 66.03
152 166 82.01
152 167 72.86
152 168 99.86
152 169 52.04
152 170 66.61
152 171 53.45
152 172 110.75
152 173 39.22
152 174 46.87
152 175 93.13
152 176 51.11
152 177 83.87
152 178 62.65
152 179 84.21
152 180 73.44
152 181 109.79
152 182 19.1
152 183 100.88
152 184 90.71
152 185 83.1
152 186 92.76
152 187 21.93
152 188 68.88
152 189 113.86
152 190 119.82
152 191 91.29
152 192 55.0
152 193 128.16
152 194 124.72
152 195 104.81
152 196 71.2
152 197 103.95
152 198 44.28
152 199 122.02
152 200 82.76
152 201 63.25
153 0 64.38
153 1 82.87
153 2 76.16
153 3 101.24
153 4 80.13
153 5 96.75
153 6 68.18
153 7 74.24
153 8 108.08
153 9 78.92
153 10 1.0
153 11 77.03
153 12 9.06
153 13 8.06
153 14 73.16
153 15 87.46
153 16 33.97
153 17 78.0
153 18 84.85
153 19 75.58
153 20 106.71
153 21 94.76
153 22 100.18
153 23 76.94
153 24 52.35
153 25 88.29
153 26 85.21
153 27 96.34
153 28 65.3
153 29 77.78
153 30 42.95
153 31 134.63
153 32 21.02
153 33 7.07
153 34 68.0
153 35 88.81
153 36 49.74
153 37 93.26
153 38 94.34
153 39 83.82
153 40 88.14
153 41 94.07
153 42 51.62
153 43 106.94
153 44 90.8
153 45 17.2
153 46 61.68
153 47 96.46
153 48 90.93
153 49 62.27
153 50 13.34
153 51 93.38
153 52 61.61
153 53 100.02
153 54 83.17
153 55 92.02
153 56 116.1
153 57 78.45
153 58 73.5
153 59 3.16
153 60 43.66
153 61 44.6
153 62 56.61
153 63 54.82
153 64 67.74
153 65 97.8
153 66 66.85
153 67 24.7
153 68 60.41
153 69 117.48
153 70 53.71
153 71 96.03
153 72 44.69
153 73 23.02
153 74 8.0
153 75 117.61
153 76 115.17
153 77 13.04
153 78 102.16
153 79 97.13
153 80 97.08
153 81 10.3
153 82 71.11
153 83 76.66
153 84 91.98
153 85 92.66
153 86 9.22
153 87 99.86
153 88 95.34
153 89 76.97
153 90 88.53
153 91 90.0
153 92 56.3
153 93 11.0
153 94 48.85
153 95 19.31
153 96 13.89
153 97 124.78
153 98 111.0
153 99 52.33
153 100 4.47
153 101 93.05
153 102 108.17
153 103 13.34
153 104 58.46
153 105 63.41
153 106 83.02
153 107 80.8
153 108 39.96
153 109 25.5
153 110 70.0
153 111 79.0
153 112 23.41
153 113 78.45
153 114 65.62
153 115 84.38
153 116 82.38
153 117 69.77
153 118 15.0
153 119 91.0
153 120 23.77
153 121 81.0
153 122 58.25
153 123 82.02
153 124 83.1
153 125 24.17
153 126 83.24
153 127 94.89
153 128 82.0
153 129 35.23
153 130 22.02
153 131 71.57
153 132 24.74
153 133 35.23
153 134 97.49
153 135 88.68
153 136 63.89
153 137 70.26
153 138 71.47
153 139 18.6
153 140 86.21
153 141 9.22
153 142 72.95
153 143 77.37
153 144 54.01
153 145 91.92
153 146 77.65
153 147 82.87
153 148 77.1
153 149 34.67
153 150 106.89
153 151 117.62
153 152 31.38
153 154 105.65
153 155 83.19
153 156 97.49
153 157 71.01
153 158 94.05
153 159 79.06
153 160 63.29
153 161 90.67
153 162 51.62
153 163 104.86
153 164 73.82
153 165 75.29
153 166 98.08
153 167 85.43
153 168 105.76
153 169 81.02
153 170 76.16
153 171 55.44
153 172 119.85
153 173 45.18
153 174 73.33
153 175 83.38
153 176 71.7
153 177 93.81
153 178 69.07
153 179 75.58
153 180 100.32
153 181 119.82
153 182 16.12
153 183 98.81
153 184 72.17
153 185 110.65
153 186 75.54
153 187 43.01
153 188 64.4
153 189 105.31
153 190 100.04
153 191 104.65
153 192 83.55
153 193 104.56
153 194 104.24
153 195 96.66
153 196 67.2
153 197 87.97
153 198 71.85
153 199 116.3
153 200 85.59
153 201 64.38
154 0 41.4
154 1 57.04
154 2 98.13
154 3 29.68
154 4 41.01
154 5 95.88
154 6 85.01
154 7 37.7
154 8 34.41
154 9 50.16
154 10 104.89
154 11 42.05
154 12 98.31
154 13 100.42
154 14 67.07
154 15 35.51
154 16 71.7
154 17 39.81
154 18 81.1
154 19 57.08
154 20 105.34
154 21 14.04
154 22 26.93
154 23 44.01
154 24 53.82
154 25 101.43
154 26 75.17
154 27 86.31
154 28 42.49
154 29 91.35
154 30 65.44
154 31 35.01
154 32 90.03
154 33 105.36
154 34 70.04
154 35 28.16
154 36 60.84
154 37 77.1
154 38 35.9
154 39 41.01
154 40 32.0
154 41 12.65
154 42 89.82
154 43 22.8
154 44 65.15
154 45 108.58
154 46 55.15
154 47 52.8
154 48 95.34
154 49 46.04
154 50 94.05
154 51 13.0
154 52 44.6
154 53 90.8
154 54 54.92
154 55 68.07
154 56 97.14
154 57 84.05
154 58 33.84
154 59 108.37
154 60 66.61
154 61 61.07
154 62 64.76
154 63 50.93
154 64 80.06
154 65 22.85
154 66 39.82
154 67 82.42
154 68 54.13
154 69 22.85
154 70 56.3
154 71 97.53
154 72 61.85
154 73 90.27
154 74 111.83
154 75 13.34
154 76 40.31
154 77 108.3
154 78 32.2
154 79 36.67
154 80 88.54
154 81 115.36
154 82 41.23
154 83 70.35
154 84 88.57
154 85 59.23
154 86 110.31
154 87 12.17
154 88 45.61
154 89 48.01
154 90 102.42
154 91 82.71
154 92 50.33
154 93 113.14
154 94 61.03
154 95 98.08
154 96 104.01
154 97 34.93
154 98 41.4
154 99 56.61
154 100 109.99
154 101 86.4
154 102 39.66
154 103 114.04
154 104 85.16
154 105 42.43
154 106 79.25
154 107 32.25
154 108 66.48
154 109 105.44
154 110 80.01
154 111 69.01
154 112 126.59
154 113 92.14
154 114 61.85
154 115 77.1
154 116 35.0
154 117 41.15
154 118 116.0
154 119 34.23
154 120 125.94
154 121 69.01
154 122 51.48
154 123 71.03
154 124 65.07
154 125 114.81
154 126 103.59
154 127 96.3
154 128 98.62
154 129 79.06
154 130 127.4
154 131 88.68
154 132 86.61
154 133 70.72
154 134 25.96
154 135 58.55
154 136 43.83
154 137 75.66
154 138 102.0
154 139 105.82
154 140 75.24
154 141 111.4
154 142 40.79
154 143 99.18
154 144 82.38
154 145 95.57
154 146 70.46
154 147 52.77
154 148 84.38
154 149 101.71
154 150 27.2
154 151 29.68
154 152 100.17
154 153 105.65
154 155 44.41
154 156 40.25
154 157 70.58
154 158 86.68
154 159 77.65
154 160 44.41
154 161 72.12
154 162 59.36
154 163 10.82
154 164 80.31
154 165 34.44
154 166 37.0
154 167 32.14
154 168 1.41
154 169 87.01
154 170 34.01
154 171 50.25
154 172 18.0
154 173 62.48
154 174 76.32
154 175 48.66
154 176 59.68
154 177 20.0
154 178 37.8
154 179 47.01
154 180 79.56
154 181 20.22
154 182 109.88
154 183 24.6
154 184 75.06
154 185 86.38
154 186 71.25
154 187 79.18
154 188 45.31
154 189 48.01
154 190 88.6
154 191 26.93
154 192 85.02
154 193 108.16
154 194 93.78
154 195 44.28
154 196 42.72
154 197 69.38
154 198 80.5
154 199 42.8
154 200 20.59
154 201 41.4
155 0 32.89
155 1 78.01
155 2 54.01
155 3 21.47
155 4 5.83
155 5 52.39
155 6 41.59
155 7 50.8
155 8 72.47
155 9 6.32
155 10 82.76
155 11 8.25
155 12 78.77
155 13 80.99
155 14 23.19
155 15 9.0
155 16 53.15
155 17 57.63
155 18 99.36
155 19 13.34
155 20 62.65
155 21 30.81
155 22 62.27
155 23 7.0
155 24 37.0
155 25 57.07
155 26 94.67
155 27 108.45
155 28 25.71
155 29 47.04
155 30 57.08
155 31 79.16
155 32 75.5
155 33 85.8
155 34 81.54
155 35 16.28
155 36 33.84
155 37 99.86
155 38 66.22
155 39 63.7
155 40 58.14
155 41 33.53
155 42 50.12
155 43 62.77
155 44 22.8
155 45 92.72
155 46 61.47
155 47 16.49
155 48 51.24
155 49 47.54
155 50 75.58
155 51 33.84
155 52 41.44
155 53 113.44
155 54 10.77
155 55 92.01
155 56 124.47
155 57 98.9
155 58 42.2
155 59 86.33
155 60 60.21
155 61 45.1
155 62 28.32
155 63 41.59
155 64 90.48
155 65 23.19
155 66 41.59
155 67 58.69
155 68 58.87
155 69 66.71
155 70 54.57
155 71 53.85
155 72 41.59
155 73 77.1
155 74 86.95
155 75 57.08
155 76 80.06
155 77 90.76
155 78 67.74
155 79 14.87
155 80 45.65
155 81 93.47
155 82 52.15
155 83 26.02
155 84 108.41
155 85 85.04
155 86 90.62
155 87 49.4
155 88 75.07
155 89 6.4
155 90 58.05
155 91 39.0
155 92 45.35
155 93 93.23
155 94 56.72
155 95 83.95
155 96 76.28
155 97 78.59
155 98 79.26
155 99 53.15
155 100 86.77
155 101 42.95
155 102 76.66
155 103 87.09
155 104 90.47
155 105 38.63
155 106 34.93
155 107 15.62
155 108 54.04
155 109 93.56
155 110 36.35
155 111 86.45
155 112 106.51
155 113 105.48
155 114 72.09
155 115 95.88
155 116 10.82
155 117 50.25
155 118 96.93
155 119 62.48
155 120 106.62
155 121 87.46
155 122 27.17
155 123 89.69
155 124 85.15
155 125 100.42
155 126 59.21
155 127 52.55
155 128 54.23
155 129 71.01
155 130 104.71
155 131 99.62
155 132 59.17
155 133 55.44
155 134 59.68
155 135 82.46
155 136 26.48
155 137 87.85
155 138 58.42
155 139 76.22
155 140 95.19
155 141 85.76
155 142 14.56
155 143 55.0
155 144 42.54
155 145 51.55
155 146 26.08
155 147 8.54
155 148 40.05
155 149 94.26
155 150 66.21
155 151 72.42
155 152 91.44
155 153 83.19
155 154 44.41
155 156 14.42
155 157 83.67
155 158 43.38
155 159 33.24
155 160 45.69
155 161 29.15
155 162 57.27
155 163 52.2
155 164 93.62
155 165 47.01
155 166 69.4
155 167 55.9
155 168 45.54
155 169 102.46
155 170 47.63
155 171 40.61
155 172 62.29
155 173 54.15
155 174 89.96
155 175 4.47
155 176 73.82
155 177 51.11
155 178 41.68
155 179 7.62
155 180 104.81
155 181 64.63
155 182 93.3
155 183 22.56
155 184 31.14
155 185 114.21
155 186 27.0
155 187 76.32
155 188 23.09
155 189 22.56
155 190 46.32
155 191 64.85
155 192 101.97
155 193 64.88
155 194 51.87
155 195 13.6
155 196 21.38
155 197 25.94
155 198 92.85
155 199 33.29
155 200 30.53
155 201 32.89
156 0 43.1
156 1 84.08
156 2 63.35
156 3 11.18
156 4 17.72
156 5 56.72
156 6 52.55
156 7 57.38
156 8 72.47
156 9 19.8
156 10 97.05
156 11 20.88
156 12 92.85
156 13 95.08
156 14 34.44
156 15 12.04
156 16 66.76
156 17 63.51
156 18 106.78
156 19 25.81
156 20 65.52
156 21 29.07
156 22 62.97
156 23 20.62
156 24 49.65
156 25 64.01
156 26 101.64
156 27 114.93
156 28 37.05
156 29 55.9
156 30 69.18
156 31 73.01
156 32 89.02
156 33 99.92
156 34 90.25
156 35 17.0
156 36 47.93
156 37 106.0
156 38 68.88
156 39 68.6
156 40 61.61
156 41 32.56
156 42 63.25
156 43 61.61
156 44 26.08
156 45 106.57
156 46 70.61
156 47 12.65
156 48 57.08
156 49 56.89
156 50 89.54
156 51 33.24
156 52 51.35
156 53 119.85
156 54 19.7
156 55 97.62
156 56 129.54
156 57 107.21
156 58 49.04
156 59 100.62
156 60 72.06
156 61 58.05
156 62 42.64
156 63 53.01
156 64 99.69
156 65 17.49
156 66 50.22
156 67 72.92
156 68 68.25
156 69 63.07
156 70 65.19
156 71 58.55
156 72 55.08
156 73 90.47
156 74 101.36
156 75 51.24
156 76 79.4
156 77 104.75
156 78 68.62
156 79 3.61
156 80 49.03
156 81 107.78
156 82 59.46
156 83 35.74
156 84 115.55
156 85 89.89
156 86 104.79
156 87 48.41
156 88 78.41
156 89 20.81
156 90 65.01
156 91 44.1
156 92 56.08
156 93 107.42
156 94 68.01
156 95 97.53
156 96 90.7
156 97 75.15
156 98 79.51
156 99 64.07
156 100 101.12
156 101 47.38
156 102 77.23
156 103 101.51
156 104 100.84
156 105 48.37
156 106 42.19
156 107 22.36
156 108 66.75
156 109 106.96
156 110 47.17
156 111 93.78
156 112 120.77
156 113 114.28
156 114 80.78
156 115 103.08
156 116 18.03
156 117 57.87
156 118 111.09
156 119 65.6
156 120 120.83
156 121 94.54
156 122 40.52
156 123 96.77
156 124 91.71
156 125 114.18
156 126 67.36
156 127 57.43
156 128 62.39
156 129 83.49
156 130 119.08
156 131 108.91
156 132 73.57
156 133 68.66
156 134 60.81
156 135 87.82
156 136 38.12
156 137 96.57
156 138 68.68
156 139 90.6
156 140 102.04
156 141 100.17
156 142 26.31
156 143 64.13
156 144 55.8
156 145 57.14
156 146 35.44
156 147 18.36
156 148 49.03
156 149 107.06
156 150 65.6
156 151 69.84
156 152 104.39
156 153 97.49
156 154 40.25
156 155 14.42
156 157 92.05
156 158 47.52
156 159 41.77
156 160 54.92
156 161 33.14
156 162 68.12
156 163 49.93
156 164 102.2
156 165 53.31
156 166 71.51
156 167 59.91
156 168 41.59
156 169 110.68
156 170 53.71
156 171 52.01
156 172 56.92
156 173 66.12
156 174 98.37
156 175 15.62
156 176 81.6
156 177 52.35
156 178 49.73
156 179 21.95
156 180 110.28
156 181 59.81
156 182 107.22
156 183 15.65
156 184 41.79
156 185 118.98
156 186 37.0
156 187 88.01
156 188 35.51
156 189 10.44
156 190 48.76
156 191 64.66
156 192 109.79
156 193 68.66
156 194 53.76
156 195 4.12
156 196 33.24
156 197 31.0
156 198 101.65
156 199 18.87
156 200 33.29
156 201 43.1
157 0 51.0
157 1 17.03
157 2 116.39
157 3 87.48
157 4 77.88
157 5 127.66
157 6 102.65
157 7 35.36
157 8 51.04
157 9 84.6
157 10 70.01
157 11 75.58
157 12 62.03
157 13 63.0
157 14 93.24
157 15 80.32
157 16 51.88
157 17 31.02
157 18 17.03
157 19 87.37
157 20 139.05
157 21 69.18
157 22 48.85
157 23 77.37
157 24 52.4
157 25 125.9
157 26 14.87
157 27 28.3
157 28 58.67
157 29 113.17
157 30 37.22
157 31 83.53
157 32 50.04
157 33 66.12
157 34 3.16
157 35 75.43
157 36 63.66
157 37 22.8
157 38 38.91
157 39 30.08
157 40 39.05
157 41 66.07
157 42 94.58
157 43 56.86
157 44 104.45
157 45 62.37
157 46 22.47
157 47 99.92
157 48 123.84
157 49 36.24
157 50 58.14
157 51 65.07
157 52 42.54
157 53 33.02
157 54 91.79
157 55 21.21
157 56 47.85
157 57 15.23
157 58 43.17
157 59 72.03
157 60 34.0
157 61 49.04
157 62 77.08
157 63 44.82
157 64 9.85
157 65 79.91
157 66 42.15
157 67 62.03
157 68 25.24
157 69 67.98
157 70 31.83
157 71 128.22
157 72 54.67
157 73 48.0
157 74 79.01
157 75 76.24
157 76 55.23
157 77 64.78
157 78 47.01
157 79 89.29
157 80 123.41
157 81 76.42
157 82 32.76
157 83 98.23
157 84 26.17
157 85 24.19
157 86 69.46
157 87 59.03
157 88 33.42
157 89 81.01
157 90 126.62
157 91 115.42
157 92 40.0
157 93 71.7
157 94 32.8
157 95 53.34
157 96 79.08
157 97 69.4
157 98 50.25
157 99 33.94
157 100 75.01
157 101 119.63
157 102 48.27
157 103 84.1
157 104 18.44
157 105 45.18
157 106 108.71
157 107 69.89
157 108 43.05
157 109 54.41
157 110 100.41
157 111 8.06
157 112 81.74
157 113 22.36
157 114 11.66
157 115 14.76
157 116 74.67
157 117 34.21
157 118 72.37
157 119 38.28
157 120 80.08
157 121 10.05
157 122 62.01
157 123 11.05
157 124 13.0
157 125 64.51
157 126 124.08
157 127 126.81
157 128 120.34
157 129 36.35
157 130 86.49
157 131 18.11
157 132 69.64
157 133 46.96
157 134 47.76
157 135 20.81
157 136 58.31
157 137 5.1
157 138 115.8
157 139 83.55
157 140 15.81
157 141 80.06
157 142 69.32
157 143 117.8
157 144 90.6
157 145 124.58
157 146 99.02
157 147 89.94
157 148 108.21
157 149 45.69
157 150 54.12
157 151 63.81
157 152 46.49
157 153 71.01
157 154 70.58
157 155 83.67
157 156 92.05
157 158 120.42
157 159 105.0
157 160 38.01
157 161 109.0
157 162 30.48
157 163 62.82
157 164 10.2
157 165 39.46
157 166 40.82
157 167 38.47
157 168 69.72
157 169 18.79
157 170 39.32
157 171 45.61
157 172 75.03
157 173 38.01
157 174 6.32
157 175 87.21
157 176 11.0
157 177 50.8
157 178 42.38
157 179 78.77
157 180 29.83
157 181 73.01
157 182 64.33
157 183 82.04
157 184 98.41
157 185 40.52
157 186 98.08
157 187 28.0
157 188 62.43
157 189 102.49
157 190 125.21
157 191 52.33
157 192 18.6
157 193 139.45
157 194 130.8
157 195 94.24
157 196 63.13
157 197 105.39
157 198 10.0
157 199 105.38
157 200 60.67
157 201 51.0
158 0 70.71
158 1 118.11
158 2 25.0
158 3 58.69
158 4 48.37
158 5 9.22
158 6 26.08
158 7 91.44
158 8 115.84
158 9 39.12
158 10 94.09
158 11 49.09
158 12 93.77
158 13 95.63
158 14 27.2
158 15 51.62
158 16 76.32
158 17 98.6
158 18 137.13
158 19 34.06
158 20 19.42
158 21 73.74
158 22 105.59
158 23 46.87
158 24 68.24
158 25 18.79
158 26 133.21
158 27 147.32
158 28 62.94
158 29 18.79
158 30 86.83
158 31 120.42
158 32 96.05
158 33 99.32
158 34 117.8
158 35 59.24
158 36 58.18
158 37 139.34
158 38 109.0
158 39 105.26
158 40 100.69
158 41 76.69
158 42 43.29
158 43 106.1
158 44 21.59
158 45 108.78
158 46 98.08
158 47 35.13
158 48 10.77
158 49 84.96
158 50 92.4
158 51 77.08
158 52 78.57
158 53 152.31
158 54 32.65
158 55 132.25
158 56 164.76
158 57 135.21
158 58 83.1
158 59 97.02
158 60 90.43
158 61 73.43
158 62 44.72
158 63 75.6
158 64 125.36
158 65 64.03
158 66 80.62
158 67 74.73
158 68 95.27
158 69 109.42
158 70 88.81
158 71 11.05
158 72 68.0
158 73 98.49
158 74 94.13
158 75 98.49
158 76 123.44
158 77 105.48
158 78 111.02
158 79 50.8
158 80 3.16
158 81 103.02
158 82 91.97
158 83 22.2
158 84 146.35
158 85 126.15
158 86 103.12
158 87 92.7
158 88 117.41
158 89 42.44
158 90 19.7
158 91 5.0
158 92 80.43
158 93 105.04
158 94 89.04
158 95 103.16
158 96 82.1
158 97 121.43
158 98 122.59
158 99 86.84
158 100 96.01
158 101 1.0
158 102 119.95
158 103 91.55
158 104 122.67
158 105 76.38
158 106 12.08
158 107 58.67
158 108 81.84
158 109 113.16
158 110 24.19
158 111 124.74
158 112 116.11
158 113 140.62
158 114 108.85
158 115 134.06
158 116 54.12
158 117 89.83
158 118 109.04
158 119 105.12
158 120 117.04
158 121 126.06
158 122 58.41
158 123 128.22
158 124 124.48
158 125 116.73
158 126 24.41
158 127 10.0
158 128 20.52
158 129 97.69
158 130 111.54
158 131 133.99
158 132 70.58
158 133 80.62
158 134 102.96
158 135 123.17
158 136 62.94
158 137 123.81
158 138 32.2
158 139 79.4
158 140 133.87
158 141 92.2
158 142 54.2
158 143 24.84
158 144 40.05
158 145 10.44
158 146 21.4
158 147 34.89
158 148 17.03
158 149 117.44
158 150 109.59
158 151 115.52
158 152 114.02
158 153 94.05
158 154 86.68
158 155 43.38
158 156 47.52
158 157 120.42
158 159 16.16
158 160 83.49
158 161 14.56
158 162 90.7
158 163 95.27
158 164 129.62
158 165 88.09
158 166 112.36
158 167 98.23
158 168 87.93
158 169 138.81
158 170 88.87
158 171 74.81
158 172 104.05
158 173 84.72
158 174 126.4
158 175 38.91
158 176 111.95
158 177 94.41
158 178 81.39
158 179 44.41
158 180 144.96
158 181 106.74
158 182 108.56
158 183 62.59
158 184 23.41
158 185 154.94
158 186 22.47
158 187 105.55
158 188 58.69
158 189 44.1
158 190 6.0
158 191 108.23
158 192 139.01
158 193 21.54
158 194 10.77
158 195 43.42
158 196 58.73
158 197 17.46
158 198 128.46
158 199 57.71
158 200 73.82
158 201 70.71
159 0 56.22
159 1 103.59
159 2 21.59
159 3 52.35
159 4 37.11
159 5 22.67
159 6 13.6
159 7 77.42
159 8 104.18
159 9 27.66
159 10 79.03
159 11 37.0
159 12 78.23
159 13 80.16
159 14 12.21
159 15 42.19
159 16 60.17
159 17 84.63
159 18 121.83
159 19 21.19
159 20 34.06
159 21 63.95
159 22 93.78
159 23 34.79
159 24 52.63
159 25 24.04
159 26 118.11
159 27 132.25
159 28 48.6
159 29 14.14
159 30 70.83
159 31 112.36
159 32 80.05
159 33 84.02
159 34 102.3
159 35 49.5
159 36 42.19
159 37 124.48
159 38 96.18
159 39 91.53
159 40 87.71
159 41 66.49
159 42 30.08
159 43 95.21
159 44 18.03
159 45 93.26
159 46 82.81
159 47 31.38
159 48 19.42
159 49 70.04
159 50 76.66
159 51 66.71
159 52 63.7
159 53 137.21
159 54 23.0
159 55 117.69
159 56 150.07
159 57 119.63
159 58 69.34
159 59 82.1
159 60 74.43
159 61 57.45
159 62 28.65
159 63 60.21
159 64 109.62
159 65 56.01
159 66 66.22
159 67 58.86
159 68 79.98
159 69 99.82
159 70 73.25
159 71 23.35
159 72 51.97
159 73 82.46
159 74 79.76
159 75 90.27
159 76 112.01
159 77 90.09
159 78 99.01
159 79 44.41
159 80 19.31
159 81 88.36
159 82 77.62
159 83 7.62
159 84 131.05
159 85 112.0
159 86 88.01
159 87 82.01
159 88 104.1
159 89 30.36
159 90 25.0
159 91 11.4
159 92 65.12
159 93 90.05
159 94 73.24
159 95 87.3
159 96 67.74
159 97 111.61
159 98 110.69
159 99 71.22
159 100 81.3
159 101 15.23
159 102 107.94
159 103 77.67
159 104 106.68
159 105 61.72
159 106 4.12
159 107 47.13
159 108 65.76
159 109 97.32
159 110 9.49
159 111 109.62
159 112 101.6
159 113 124.85
159 114 93.51
159 115 118.87
159 116 43.17
159 117 75.43
159 118 94.05
159 119 92.18
159 120 102.4
159 121 111.02
159 122 43.14
159 123 113.15
159 124 109.66
159 125 101.24
159 126 26.02
159 127 21.93
159 128 21.02
159 129 81.54
159 130 97.49
159 131 118.15
159 132 55.08
159 133 64.47
159 134 91.0
159 135 108.85
159 136 48.41
159 137 108.23
159 138 27.31
159 139 65.51
159 140 118.8
159 141 77.93
159 142 41.15
159 143 22.36
159 144 25.32
159 145 20.0
159 146 7.28
159 147 25.02
159 148 7.28
159 149 101.39
159 150 98.35
159 151 105.26
159 152 97.98
159 153 79.06
159 154 77.65
159 155 33.24
159 156 41.77
159 157 105.0
159 158 16.16
159 160 68.68
159 161 13.6
159 162 75.0
159 163 85.15
159 164 114.02
159 165 74.33
159 166 99.73
159 167 85.09
159 168 78.77
159 169 123.23
159 170 75.17
159 171 59.46
159 172 95.52
159 173 68.8
159 174 110.89
159 175 29.07
159 176 96.88
159 177 82.64
159 178 67.2
159 179 31.95
159 180 130.3
159 181 97.87
159 182 93.13
159 183 55.01
159 184 7.28
159 185 140.46
159 186 7.21
159 187 89.44
159 188 44.2
159 189 42.05
159 190 21.84
159 191 96.8
159 192 123.56
159 193 34.71
159 194 26.93
159 195 38.08
159 196 44.65
159 197 12.81
159 198 112.8
159 199 56.36
159 200 62.3
159 201 56.22
160 0 13.04
160 1 35.0
160 2 82.86
160 3 52.01
160 4 39.92
160 5 91.24
160 6 68.6
160 7 12.04
160 8 46.69
160 9 46.65
160 10 62.43
160 11 37.58
160 12 55.22
160 13 57.2
160 14 56.59
160 15 42.95
160 16 30.68
160 17 18.25
160 18 54.08
160 19 49.82
160 20 102.53
160 21 37.0
160 22 37.64
160 23 39.36
160 24 18.68
160 25 91.02
160 26 49.82
160 27 63.89
160 28 20.81
160 29 78.49
160 30 21.21
160 31 71.34
160 32 45.97
160 33 62.01
160 34 35.85
160 35 39.05
160 36 30.68
160 37 55.87
160 38 34.01
160 39 25.5
160 40 26.31
160 41 34.93
160 42 64.56
160 43 43.86
160 44 66.57
160 45 64.38
160 46 15.81
160 47 62.03
160 48 87.97
160 49 2.0
160 50 50.8
160 51 34.01
160 52 5.0
160 53 68.88
160 54 53.85
160 55 49.04
160 56 81.39
160 57 53.23
160 58 10.63
160 59 65.73
160 60 22.2
160 61 21.21
160 62 42.54
160 63 11.05
160 64 44.92
160 65 45.28
160 66 5.1
160 67 42.72
160 68 13.34
160 69 54.2
160 70 12.08
160 71 92.02
160 72 25.02
160 73 46.01
160 74 70.24
160 75 55.15
160 76 54.45
160 77 64.38
160 78 40.61
160 79 52.47
160 80 86.37
160 81 72.42
160 82 10.2
160 83 61.52
160 84 63.25
160 85 43.91
160 86 66.84
160 87 36.88
160 88 38.83
160 89 43.05
160 90 91.84
160 91 78.52
160 92 7.28
160 93 69.66
160 94 16.64
160 95 53.81
160 96 64.51
160 97 62.03
160 98 51.09
160 99 12.21
160 100 67.74
160 101 82.76
160 102 48.09
160 103 73.41
160 104 46.1
160 105 7.21
160 106 72.14
160 107 32.56
160 108 23.32
160 109 61.03
160 110 65.46
160 111 41.4
160 112 82.88
160 113 59.81
160 114 26.4
160 115 50.8
160 116 37.11
160 117 8.06
160 118 72.25
160 119 30.07
160 120 82.07
160 121 42.64
160 122 25.81
160 123 44.82
160 124 41.01
160 125 70.43
160 126 90.21
160 127 90.61
160 128 85.98
160 129 34.67
160 130 84.4
160 131 54.12
160 132 48.84
160 133 28.18
160 134 34.79
160 135 40.5
160 136 20.62
160 137 42.15
160 138 83.67
160 139 67.45
160 140 50.45
160 141 70.21
160 142 31.3
160 143 84.22
160 144 58.87
160 145 88.62
160 146 62.23
160 147 51.97
160 148 72.8
160 149 57.7
160 150 44.27
160 151 54.78
160 152 55.95
160 153 63.29
160 154 44.41
160 155 45.69
160 156 54.92
160 157 38.01
160 158 83.49
160 159 68.68
160 161 71.4
160 162 15.23
160 163 41.87
160 164 47.93
160 165 12.08
160 166 38.01
160 167 23.35
160 168 44.2
160 169 56.8
160 170 13.0
160 171 11.18
160 172 56.85
160 173 18.44
160 174 44.28
160 175 49.19
160 176 28.6
160 177 30.53
160 178 6.71
160 179 40.82
160 180 61.62
160 181 56.61
160 182 65.76
160 183 47.17
160 184 62.63
160 185 71.84
160 186 61.55
160 187 35.74
160 188 24.84
160 189 65.31
160 190 87.97
160 191 42.06
160 192 56.44
160 193 103.39
160 194 93.61
160 195 56.75
160 196 25.24
160 197 67.8
160 198 47.17
160 199 70.0
160 200 27.2
160 201 13.04
161 0 58.41
161 1 105.48
161 2 33.12
161 3 44.28
161 4 34.41
161 5 23.77
161 6 27.2
161 7 78.49
161 8 101.6
161 9 25.5
161 10 90.55
161 11 35.47
161 12 89.02
161 13 91.05
161 14 18.11
161 15 37.16
161 16 68.45
161 17 85.56
161 18 125.43
161 19 21.63
161 20 33.54
161 21 59.24
161 22 91.42
161 23 33.3
161 24 57.7
161 25 31.26
161 26 121.21
161 27 135.25
161 28 50.61
161 29 25.55
161 30 77.25
161 31 105.91
161 32 89.56
161 33 95.19
161 34 106.53
161 35 44.78
161 36 49.04
161 37 127.02
161 38 95.21
161 39 92.02
161 40 87.01
161 41 62.24
161 42 43.38
161 43 91.71
161 44 7.07
161 45 104.0
161 46 86.53
161 47 21.02
161 48 24.0
161 49 73.01
161 50 87.02
161 51 62.65
161 52 66.61
161 53 140.25
161 54 18.6
161 55 119.6
161 56 152.16
161 57 124.02
161 58 70.01
161 59 93.77
161 60 80.78
161 61 63.91
161 62 36.5
161 63 64.5
161 64 114.61
161 65 49.48
161 66 68.12
161 67 69.03
161 68 83.76
161 69 94.87
161 70 77.9
161 71 25.5
161 72 58.82
161 73 91.79
161 74 91.98
161 75 83.95
161 76 109.13
161 77 101.08
161 78 96.9
161 79 36.35
161 80 16.55
161 81 100.28
161 82 79.31
161 83 14.04
161 84 134.62
161 85 113.15
161 86 99.41
161 87 78.29
161 88 103.86
161 89 29.0
161 90 32.25
161 91 11.0
161 92 69.12
161 93 101.6
161 94 78.72
161 95 97.25
161 96 80.05
161 97 106.89
161 98 108.41
161 99 76.06
161 100 93.21
161 101 14.32
161 102 105.82
161 103 90.25
161 104 112.81
161 105 64.2
161 106 11.4
161 107 44.65
161 108 72.73
161 109 107.3
161 110 22.83
161 111 112.8
161 112 113.6
161 113 129.87
161 114 97.35
161 115 122.2
161 116 39.96
161 117 77.23
161 118 105.57
161 119 91.4
161 120 114.27
161 121 114.02
161 122 47.41
161 123 116.21
161 124 112.16
161 125 112.0
161 126 35.44
161 127 24.33
161 128 30.68
161 129 89.29
161 130 109.88
161 131 123.47
161 132 66.19
161 133 72.28
161 134 88.84
161 135 110.32
161 136 50.8
161 137 112.68
161 138 39.66
161 139 78.16
161 140 121.82
161 141 90.24
161 142 41.01
161 143 33.54
161 144 37.95
161 145 24.02
161 146 13.04
161 147 20.81
161 148 19.85
161 149 110.48
161 150 95.26
161 151 101.02
161 152 107.2
161 153 90.67
161 154 72.12
161 155 29.15
161 156 33.14
161 157 109.0
161 158 14.56
161 159 13.6
161 160 71.4
161 162 80.06
161 163 80.78
161 164 118.51
161 165 74.97
161 166 98.47
161 167 84.65
161 168 73.38
161 169 127.62
161 170 75.69
161 171 63.63
161 172 89.5
161 173 74.85
161 174 115.12
161 175 24.7
161 176 100.0
161 177 80.26
161 178 68.68
161 179 31.11
161 180 132.38
161 181 92.18
161 182 104.04
161 183 48.05
161 184 18.97
161 185 142.14
161 186 15.13
161 187 96.46
161 188 46.62
161 189 30.81
161 190 17.2
161 191 93.94
161 192 127.58
161 193 36.06
161 194 22.8
161 195 29.07
161 196 46.23
161 197 3.61
161 198 117.48
161 199 44.92
161 200 59.68
161 201 58.41
162 0 25.02
162 1 34.71
162 2 85.91
162 3 66.37
162 4 51.79
162 5 97.62
162 6 72.18
162 7 23.43
162 8 56.46
162 9 56.92
162 10 50.7
162 11 49.03
162 12 42.95
162 13 44.72
162 14 63.51
162 15 56.08
162 16 23.35
162 17 26.4
162 18 47.51
162 19 58.6
162 20 109.02
162 21 52.2
162 22 48.88
162 23 50.45
162 24 22.47
162 25 95.46
162 26 44.65
162 27 58.6
162 28 31.58
162 29 82.73
162 30 9.06
162 31 84.2
162 32 32.45
162 33 49.24
162 34 27.59
162 35 53.15
162 36 33.24
162 37 51.97
162 38 42.72
162 39 32.28
162 40 36.72
162 41 50.16
162 42 64.5
162 43 56.04
162 44 76.16
162 45 50.33
162 46 11.05
162 47 73.76
162 48 93.61
162 49 13.42
162 50 38.48
162 51 49.24
162 52 17.12
162 53 63.41
162 54 63.91
162 55 47.17
162 56 77.7
162 57 44.69
162 58 25.55
162 59 53.71
162 60 8.06
162 61 18.6
162 62 46.75
162 63 15.81
162 64 34.67
162 65 60.02
162 66 20.25
162 67 35.06
162 68 9.06
162 69 67.01
162 70 3.16
162 71 98.08
162 72 24.21
162 73 32.02
162 74 59.14
162 75 69.53
162 76 63.57
162 77 50.8
162 78 50.57
162 79 66.01
162 80 93.74
162 81 59.94
162 82 20.0
162 83 68.51
162 84 56.64
162 85 44.72
162 86 53.85
162 87 50.99
162 88 44.41
162 89 53.45
162 90 96.18
162 91 85.7
162 92 12.04
162 93 56.6
162 94 3.0
162 95 39.7
162 96 55.44
162 97 73.43
162 98 59.48
162 99 4.12
162 100 56.08
162 101 89.87
162 102 56.61
162 103 63.06
162 104 33.24
162 105 20.1
162 106 78.82
162 107 46.0
162 108 14.14
162 109 46.23
162 110 70.04
162 111 36.36
162 112 69.4
162 113 49.93
162 114 19.72
162 115 45.0
162 116 50.09
162 117 19.1
162 118 58.82
162 119 39.4
162 120 68.41
162 121 38.08
162 122 32.65
162 123 39.96
162 124 38.08
162 125 55.9
162 126 93.61
162 127 96.67
162 128 89.87
162 129 19.85
162 130 71.69
162 131 43.42
162 132 42.3
162 133 19.03
162 134 46.32
162 135 40.79
162 136 30.81
162 137 33.3
162 138 85.45
162 139 59.14
162 140 45.49
162 141 59.48
162 142 42.76
162 143 87.32
162 144 60.22
162 145 94.37
162 146 69.34
162 147 62.3
162 148 77.9
162 149 42.49
162 150 55.57
162 151 66.37
162 152 40.82
162 153 51.62
162 154 59.36
162 155 57.27
162 156 68.12
162 157 30.48
162 158 90.7
162 159 75.0
162 160 15.23
162 161 80.06
162 163 55.9
162 164 39.05
162 165 25.5
162 166 46.49
162 167 34.13
162 168 59.08
162 169 48.27
162 170 26.17
162 171 16.76
162 172 70.71
162 173 8.25
162 174 36.07
162 175 60.17
162 176 24.7
162 177 43.86
162 178 21.93
162 179 51.24
162 180 58.59
162 181 70.09
162 182 51.86
162 183 61.81
162 184 68.25
162 185 69.32
162 186 68.24
162 187 20.62
162 188 34.48
162 189 78.31
162 190 95.72
162 191 53.34
162 192 48.8
162 193 109.22
162 194 101.24
162 195 69.46
162 196 35.9
162 197 76.48
162 198 37.8
162 199 84.21
162 200 42.38
162 201 25.02
163 0 42.15
163 1 48.17
163 2 104.94
163 3 39.82
163 4 48.05
163 5 104.4
163 6 91.35
163 7 32.8
163 8 23.6
163 9 57.49
163 10 104.04
163 11 48.51
163 12 97.01
163 13 99.02
163 14 73.98
163 15 43.66
163 16 71.34
163 17 33.11
163 18 72.03
163 19 64.13
163 20 114.24
163 21 21.54
163 22 16.49
163 23 50.64
163 24 54.63
163 25 109.14
163 26 66.01
163 27 76.53
163 28 45.12
163 29 98.48
163 30 63.03
163 31 30.68
163 32 87.78
163 33 103.86
163 34 62.64
163 35 36.06
163 36 63.32
163 37 67.36
163 38 26.08
163 39 32.76
163 40 23.77
163 41 18.68
163 42 94.43
163 43 12.04
163 44 73.93
163 45 106.08
163 46 49.93
163 47 62.27
163 48 103.45
163 49 43.19
163 50 92.62
163 51 18.44
163 52 43.27
163 53 80.89
163 54 62.94
163 55 58.31
163 56 86.65
163 57 75.54
163 58 31.4
163 59 107.42
163 60 63.64
163 61 60.9
163 62 69.26
163 63 50.25
163 64 72.53
163 65 32.45
163 66 38.01
163 67 82.76
163 68 49.41
163 69 15.0
163 70 53.04
163 71 105.95
163 72 62.65
163 73 87.69
163 74 111.52
163 75 13.89
163 76 29.73
163 77 106.22
163 78 21.54
163 79 46.32
163 80 97.31
163 81 114.2
163 82 36.4
163 83 77.67
163 84 79.1
163 85 49.37
163 86 108.71
163 87 5.0
163 88 35.51
163 89 54.92
163 90 110.11
163 91 91.08
163 92 48.6
163 93 111.52
163 94 57.98
163 95 95.46
163 96 104.66
163 97 26.48
163 98 30.61
163 99 53.76
163 100 109.29
163 101 94.92
163 102 28.84
163 103 114.24
163 104 78.55
163 105 41.68
163 106 87.09
163 107 38.33
163 108 65.0
163 109 102.07
163 110 86.58
163 111 60.41
163 112 124.74
163 113 83.73
163 114 55.15
163 115 68.03
163 116 41.98
163 117 36.88
163 118 114.11
163 119 25.08
163 120 123.91
163 121 60.21
163 122 54.34
163 123 62.13
163 124 56.08
163 125 111.8
163 126 110.82
163 127 104.68
163 128 105.91
163 129 75.74
163 130 126.21
163 131 80.81
163 132 87.73
163 133 69.63
163 134 16.03
163 135 49.04
163 136 46.32
163 137 67.91
163 138 108.3
163 139 106.93
163 140 66.0
163 141 111.31
163 142 46.01
163 143 106.07
163 144 87.21
163 145 103.74
163 146 77.88
163 147 60.73
163 148 91.59
163 149 97.42
163 150 16.4
163 151 20.25
163 152 96.21
163 153 104.86
163 154 10.82
163 155 52.2
163 156 49.93
163 157 62.82
163 158 95.27
163 159 85.15
163 160 41.87
163 161 80.78
163 162 55.9
163 164 72.18
163 165 30.41
163 166 26.68
163 167 24.7
163 168 9.43
163 169 78.31
163 170 29.73
163 171 49.74
163 172 15.0
163 173 60.31
163 174 68.25
163 175 56.61
163 176 52.2
163 177 12.53
163 178 35.81
163 179 53.6
163 180 69.43
163 181 15.23
163 182 107.52
163 183 34.41
163 184 81.88
163 185 75.89
163 186 78.45
163 187 74.63
163 188 48.66
163 189 58.26
163 190 97.58
163 191 16.12
163 192 76.11
163 193 116.81
163 194 102.88
163 195 53.85
163 196 46.39
163 197 77.83
163 198 72.57
163 199 53.6
163 200 24.02
163 201 42.15
164 0 60.84
164 1 24.7
164 2 124.52
164 3 97.67
164 4 87.85
164 5 136.65
164 6 111.02
164 7 45.54
164 8 58.59
164 9 94.37
164 10 72.84
164 11 85.49
164 12 65.12
164 13 65.76
164 14 102.42
164 15 90.44
164 16 58.82
164 17 41.01
164 18 11.05
164 19 96.9
164 20 148.05
164 21 79.31
164 22 57.57
164 23 87.24
164 24 61.4
164 25 134.38
164 26 13.0
164 27 22.56
164 28 68.43
164 29 121.66
164 30 44.69
164 31 91.24
164 32 53.37
164 33 68.26
164 34 12.08
164 35 85.62
164 36 72.25
164 37 20.4
164 38 47.43
164 39 39.46
164 40 48.51
164 41 76.16
164 42 102.0
164 43 65.46
164 44 114.13
164 45 63.07
164 46 32.2
164 47 109.93
164 48 132.65
164 49 46.1
164 50 61.61
164 51 75.17
164 52 52.33
164 53 26.57
164 54 101.53
164 55 23.02
164 56 42.45
164 57 5.66
164 58 53.37
164 59 74.43
164 60 41.23
164 61 57.28
164 62 85.8
164 63 54.08
164 64 6.08
164 65 90.09
164 66 52.2
164 67 68.0
164 68 34.89
164 69 76.32
164 70 40.8
164 71 137.13
164 72 62.94
164 73 50.99
164 74 81.74
164 75 85.38
164 76 61.85
164 77 66.0
164 78 55.15
164 79 99.46
164 80 132.64
164 81 78.03
164 82 42.95
164 83 107.42
164 84 18.79
164 85 29.07
164 86 71.03
164 87 68.59
164 88 40.71
164 89 90.79
164 90 135.07
164 91 124.62
164 92 49.4
164 93 73.0
164 94 41.04
164 95 55.15
164 96 83.24
164 97 76.66
164 98 56.86
164 99 42.8
164 100 77.52
164 101 128.81
164 102 55.23
164 103 87.13
164 104 16.12
164 105 55.04
164 106 117.8
164 107 80.01
164 108 50.45
164 109 54.33
164 110 109.04
164 111 12.53
164 112 81.74
164 113 12.17
164 114 21.54
164 115 11.4
164 116 84.76
164 117 44.38
164 118 73.11
164 119 47.3
164 120 79.91
164 121 13.6
164 122 71.28
164 123 12.73
164 124 18.03
164 125 63.95
164 126 132.28
164 127 135.72
164 128 128.69
164 129 40.85
164 130 87.21
164 131 8.94
164 132 75.59
164 133 53.82
164 134 56.75
164 135 26.63
164 136 68.0
164 137 5.83
164 138 123.56
164 139 87.93
164 140 13.93
164 141 83.02
164 142 79.2
164 143 125.94
164 144 98.49
164 145 133.42
164 146 108.23
164 147 99.73
164 148 116.93
164 149 44.72
164 150 62.39
164 151 71.55
164 152 46.27
164 153 73.82
164 154 80.31
164 155 93.62
164 156 102.2
164 157 10.2
164 158 129.62
164 159 114.02
164 160 47.93
164 161 118.51
164 162 39.05
164 163 72.18
164 165 49.65
164 166 48.85
164 167 48.17
164 168 79.4
164 169 9.22
164 170 49.5
164 171 54.92
164 172 83.82
164 173 45.97
164 174 4.0
164 175 97.08
164 176 21.1
164 177 60.41
164 178 52.5
164 179 88.55
164 180 27.17
164 181 81.6
164 182 65.07
164 183 92.23
164 184 107.3
164 185 37.01
164 186 107.2
164 187 31.62
164 188 72.07
164 189 112.64
164 190 134.53
164 191 60.75
164 192 10.3
164 193 148.27
164 194 140.09
164 195 104.36
164 196 72.9
164 197 114.91
164 198 2.0
164 199 115.57
164 200 70.86
164 201 60.84
165 0 18.97
165 1 31.06
165 2 90.47
165 3 48.05
165 4 41.23
165 5 96.4
165 6 76.16
165 7 4.12
165 8 35.13
165 9 49.5
165 10 74.43
165 11 39.62
165 12 67.12
165 13 69.07
165 14 62.13
165 15 42.06
165 16 42.72
165 17 10.63
165 18 53.49
165 19 54.04
165 20 107.45
165 21 30.02
165 22 25.71
165 23 41.73
165 24 29.0
165 25 97.62
165 26 48.33
165 27 61.77
165 28 25.94
165 29 85.42
165 30 32.8
165 31 59.36
165 32 57.49
165 33 73.82
165 34 38.12
165 35 36.4
165 36 40.31
165 37 53.0
165 38 23.35
165 39 17.2
165 40 15.03
165 41 27.17
165 42 74.15
165 43 31.78
165 44 69.35
165 45 75.69
165 46 20.88
165 47 62.43
165 48 93.74
165 49 13.04
165 50 62.68
165 51 26.17
165 52 15.13
165 53 66.73
165 54 56.59
165 55 45.0
165 56 77.47
165 57 54.34
165 58 5.0
165 59 77.7
165 60 33.24
165 61 32.98
165 62 50.6
165 63 22.36
165 64 48.04
165 65 40.45
165 66 10.0
165 67 54.71
165 68 19.7
165 69 42.19
165 70 22.63
165 71 97.42
165 72 36.22
165 73 57.31
165 74 82.3
165 75 44.05
165 76 43.05
165 77 75.93
165 78 29.07
165 79 50.33
165 80 90.79
165 81 84.31
165 82 7.07
165 83 66.85
165 84 62.24
165 85 38.18
165 86 78.6
165 87 25.5
165 88 29.97
165 89 45.97
165 90 98.49
165 91 83.24
165 92 19.31
165 93 81.4
165 94 27.59
165 95 65.07
165 96 76.55
165 97 49.98
165 98 40.05
165 99 23.43
165 100 79.76
165 101 87.46
165 102 37.05
165 103 85.49
165 104 51.62
165 105 15.03
165 106 77.42
165 107 31.91
165 108 35.36
165 109 71.7
165 110 72.45
165 111 40.5
165 112 94.49
165 113 61.81
165 114 29.0
165 115 49.77
165 116 36.89
165 117 6.71
165 118 83.87
165 119 19.24
165 120 93.61
165 121 41.23
165 122 33.53
165 123 43.46
165 124 38.47
165 125 81.39
165 126 97.51
165 127 96.02
165 128 93.02
165 129 45.34
165 130 96.26
165 131 57.14
165 132 60.64
165 133 40.25
165 134 22.8
165 135 35.47
165 136 26.4
165 137 44.28
165 138 92.03
165 139 79.4
165 140 48.75
165 141 82.29
165 142 33.97
165 143 91.79
165 144 67.91
165 145 94.3
165 146 67.42
165 147 54.49
165 148 79.26
165 149 67.42
165 150 32.28
165 151 42.72
165 152 66.03
165 153 75.29
165 154 34.44
165 155 47.01
165 156 53.31
165 157 39.46
165 158 88.09
165 159 74.33
165 160 12.08
165 161 74.97
165 162 25.5
165 163 30.41
165 164 49.65
165 166 27.29
165 167 12.04
165 168 34.0
165 169 57.72
165 170 1.0
165 171 22.2
165 172 45.28
165 173 30.23
165 174 45.71
165 175 51.09
165 176 28.64
165 177 18.6
165 178 8.06
165 179 43.86
165 180 57.8
165 181 44.82
165 182 77.16
165 183 42.58
165 184 68.96
165 185 67.27
165 186 67.12
165 187 44.78
165 188 30.41
165 189 63.69
165 190 92.02
165 191 30.08
165 192 56.61
165 193 108.81
165 194 97.67
165 195 55.9
165 196 29.68
165 197 71.45
165 198 49.37
165 199 65.92
165 200 21.21
165 201 18.97
166 0 46.1
166 1 24.17
166 2 117.05
166 3 63.01
166 4 64.07
166 5 121.08
166 6 102.79
166 7 26.0
166 8 10.63
166 9 73.25
166 10 97.14
166 11 63.29
166 12 89.32
166 13 91.0
166 14 87.66
166 15 62.37
166 16 67.9
166 17 20.4
166 18 46.69
166 19 78.77
166 20 131.76
166 21 42.8
166 22 10.2
166 23 65.51
166 24 56.14
166 25 123.48
166 26 40.61
166 27 50.09
166 28 52.5
166 29 111.62
166 30 55.36
166 31 42.72
166 32 78.29
166 33 95.34
166 34 41.62
166 35 55.17
166 36 67.6
166 37 41.01
166 38 4.0
166 39 14.32
166 40 12.37
166 41 39.2
166 42 101.43
166 43 17.12
166 44 92.2
166 45 95.02
166 46 36.67
166 47 82.76
166 48 119.0
166 49 38.12
166 50 84.86
166 51 38.42
166 52 42.05
166 53 54.33
166 54 79.88
166 55 32.0
166 56 60.17
166 57 51.24
166 58 31.78
166 59 100.09
166 60 54.42
166 61 59.14
166 62 77.62
166 63 49.0
166 64 50.61
166 65 55.0
166 66 37.22
166 67 80.06
166 68 37.7
166 69 27.51
166 70 44.64
166 71 122.3
166 72 63.0
166 73 77.37
166 74 105.62
166 75 38.01
166 76 17.09
166 77 96.18
166 78 6.32
166 79 68.01
166 80 114.83
166 81 106.1
166 82 28.16
166 83 92.13
166 84 53.04
166 85 23.0
166 86 99.74
166 87 25.08
166 88 9.0
166 89 69.97
166 90 124.39
166 91 107.7
166 92 45.1
166 93 102.42
166 94 49.34
166 95 84.6
166 96 101.41
166 97 29.0
166 98 13.15
166 99 46.32
166 100 102.53
166 101 111.83
166 102 10.2
166 103 109.48
166 104 58.6
166 105 42.3
166 106 102.47
166 107 53.82
166 108 59.44
166 109 89.05
166 110 98.79
166 111 36.4
166 112 114.61
166 113 59.48
166 114 36.8
166 115 42.76
166 116 58.6
166 117 30.07
166 118 104.24
166 119 8.06
166 120 113.37
166 121 35.74
166 122 60.64
166 123 37.36
166 124 31.32
166 125 99.3
166 126 123.86
166 127 120.93
166 128 119.23
166 129 64.41
166 130 117.63
166 131 57.78
166 132 86.58
166 133 64.54
166 134 11.18
166 135 23.35
166 136 53.16
166 137 45.65
166 138 118.96
166 139 104.74
166 140 40.45
166 141 105.95
166 142 58.59
166 143 118.33
166 144 95.13
166 145 119.47
166 146 92.59
166 147 77.67
166 148 105.19
166 149 82.33
166 150 13.6
166 151 23.02
166 152 82.01
166 153 98.08
166 154 37.0
166 155 69.4
166 156 71.51
166 157 40.82
166 158 112.36
166 159 99.73
166 160 38.01
166 161 98.47
166 162 46.49
166 163 26.68
166 164 48.85
166 165 27.29
166 167 15.3
166 168 35.74
166 169 53.6
166 170 26.31
166 171 49.01
166 172 35.51
166 173 53.6
166 174 45.19
166 175 73.82
166 176 31.89
166 177 19.21
166 178 35.36
166 179 68.1
166 180 42.76
166 181 32.98
166 182 96.75
166 183 57.2
166 184 94.94
166 185 49.4
166 186 92.57
166 187 60.22
166 188 56.92
166 189 81.06
166 190 115.68
166 191 12.17
166 192 50.99
166 193 133.6
166 194 121.25
166 195 74.97
166 196 55.71
166 197 95.13
166 198 49.66
166 199 78.77
166 200 39.05
166 201 46.1
167 0 30.81
167 1 25.5
167 2 101.95
167 3 52.8
167 4 50.33
167 5 106.78
167 6 87.66
167 7 11.4
167 8 23.35
167 9 59.2
167 10 84.53
167 11 49.2
167 12 76.94
167 13 78.77
167 14 72.95
167 15 49.68
167 16 53.85
167 17 8.6
167 18 49.5
167 19 64.35
167 20 117.64
167 21 32.89
167 22 14.76
167 23 51.4
167 24 41.01
167 25 108.67
167 26 43.74
167 27 55.97
167 28 37.34
167 29 96.66
167 30 42.49
167 31 50.33
167 32 66.57
167 33 83.35
167 34 38.08
167 35 43.01
167 36 52.35
167 37 46.82
167 38 11.4
167 39 9.22
167 40 3.0
167 41 29.41
167 42 86.15
167 43 22.02
167 44 78.64
167 45 84.2
167 46 26.17
167 47 70.29
167 48 104.45
167 49 23.77
167 50 72.47
167 51 28.46
167 52 27.02
167 53 60.75
167 54 66.07
167 55 38.08
167 56 69.64
167 57 52.0
167 58 16.49
167 59 87.66
167 60 42.19
167 61 44.55
167 62 62.36
167 63 34.13
167 64 48.05
167 65 44.78
167 66 22.02
167 67 65.97
167 68 26.25
167 69 33.24
167 70 31.76
167 71 107.91
167 72 48.09
167 73 66.03
167 74 92.7
167 75 38.48
167 76 31.14
167 77 84.88
167 78 17.26
167 79 56.6
167 80 100.8
167 81 94.02
167 82 14.32
167 83 77.52
167 84 57.49
167 85 30.02
167 86 87.98
167 87 20.62
167 88 19.21
167 89 55.8
167 90 109.57
167 91 93.48
167 92 30.59
167 93 90.74
167 94 36.72
167 95 73.6
167 96 87.64
167 97 39.36
167 98 28.02
167 99 33.11
167 100 89.9
167 101 97.65
167 102 25.02
167 103 96.21
167 104 53.85
167 105 27.07
167 106 87.98
167 107 40.31
167 108 45.88
167 109 79.25
167 110 83.77
167 111 37.05
167 112 103.47
167 113 60.03
167 114 30.46
167 115 45.54
167 116 45.25
167 117 15.81
167 118 92.91
167 119 7.28
167 120 102.42
167 121 37.22
167 122 45.35
167 123 39.32
167 124 33.54
167 125 89.27
167 126 108.85
167 127 106.53
167 128 104.28
167 129 53.41
167 130 105.82
167 131 56.57
167 132 72.18
167 133 50.92
167 134 12.21
167 135 28.23
167 136 37.95
167 137 43.57
167 138 103.74
167 139 90.71
167 140 43.93
167 141 92.85
167 142 44.1
167 143 103.25
167 144 79.83
167 145 104.96
167 146 78.03
167 147 63.89
167 148 90.34
167 149 73.76
167 150 21.47
167 151 32.25
167 152 72.86
167 153 85.43
167 154 32.14
167 155 55.9
167 156 59.91
167 157 38.47
167 158 98.23
167 159 85.09
167 160 23.35
167 161 84.65
167 162 34.13
167 163 24.7
167 164 48.17
167 165 12.04
167 166 15.3
167 168 31.26
167 169 55.04
167 170 11.05
167 171 34.06
167 172 38.28
167 173 40.31
167 174 44.18
167 175 60.21
167 176 27.66
167 177 12.37
167 178 20.1
167 179 53.82
167 180 50.54
167 181 37.01
167 182 85.8
167 183 47.01
167 184 80.06
167 185 59.08
167 186 77.9
167 187 50.99
167 188 41.79
167 189 69.97
167 190 101.83
167 191 19.24
167 192 53.24
167 193 119.27
167 194 107.45
167 195 63.01
167 196 40.72
167 197 81.22
167 198 48.37
167 199 69.89
167 200 26.63
167 201 30.81
168 0 41.62
168 1 56.01
168 2 99.18
168 3 31.06
168 4 42.05
168 5 97.12
168 6 86.0
168 7 37.16
168 8 33.02
168 9 51.24
168 10 105.0
168 11 43.01
168 12 98.35
168 13 100.45
168 14 68.12
168 15 36.67
168 16 71.84
168 17 39.05
168 18 80.06
168 19 58.14
168 20 106.63
168 21 15.0
168 22 25.63
168 23 45.0
168 24 54.08
168 25 102.59
168 26 74.11
168 27 85.16
168 28 42.95
168 29 92.44
168 30 65.3
168 31 34.06
168 32 89.94
168 33 105.38
168 34 69.23
168 35 29.27
168 36 61.33
168 37 75.95
168 38 34.71
168 39 40.05
168 40 31.02
168 41 13.34
168 42 90.61
168 43 21.4
168 44 66.41
168 45 108.47
168 46 54.63
168 47 54.13
168 48 96.54
168 49 45.8
168 50 94.07
168 51 13.6
168 52 44.55
168 53 89.63
168 54 56.09
168 55 66.91
168 56 95.86
168 57 83.1
168 58 33.6
168 59 108.47
168 60 66.4
168 61 61.22
168 62 65.51
168 63 50.99
168 64 79.25
168 65 24.17
168 66 39.7
168 67 82.66
168 68 53.67
168 69 21.54
168 70 56.04
168 71 98.76
168 72 62.13
168 73 90.14
168 74 112.0
168 75 12.65
168 76 38.9
168 77 108.25
168 78 30.87
168 79 38.01
168 80 89.81
168 81 115.43
168 82 40.72
168 83 71.45
168 84 87.46
168 85 58.05
168 86 110.32
168 87 11.05
168 88 44.38
168 89 49.04
168 90 103.58
168 91 83.93
168 92 50.25
168 93 113.15
168 94 60.8
168 95 97.95
168 96 104.31
168 97 33.62
168 98 40.0
168 99 56.4
168 100 110.11
168 101 87.64
168 102 38.28
168 103 114.28
168 104 84.48
168 105 42.45
168 106 80.41
168 107 33.14
168 108 66.47
168 109 105.21
168 110 81.02
168 111 68.03
168 112 126.57
168 113 91.2
168 114 61.13
168 115 76.06
168 116 36.01
168 117 40.71
168 118 115.97
168 119 33.14
168 120 125.9
168 121 68.0
168 122 52.0
168 123 70.01
168 124 64.03
168 125 114.63
168 126 104.69
168 127 97.53
168 128 99.72
168 129 78.82
168 130 127.48
168 131 87.82
168 132 86.95
168 133 70.77
168 134 24.74
168 135 57.43
168 136 44.28
168 137 74.81
168 138 103.0
168 139 106.17
168 140 74.17
168 141 111.61
168 142 41.59
168 143 100.24
168 144 83.19
168 145 96.77
168 146 71.57
168 147 53.94
168 148 85.48
168 149 101.36
168 150 25.81
168 151 28.3
168 152 99.86
168 153 105.76
168 154 1.41
168 155 45.54
168 156 41.59
168 157 69.72
168 158 87.93
168 159 78.77
168 160 44.2
168 161 73.38
168 162 59.08
168 163 9.43
168 164 79.4
168 165 34.0
168 166 35.74
168 167 31.26
168 169 86.02
168 170 33.54
168 171 50.33
168 172 17.03
168 173 62.37
168 174 75.43
168 175 49.82
168 176 58.86
168 177 19.03
168 178 37.64
168 179 48.0
168 180 78.34
168 181 19.1
168 182 109.79
168 183 25.94
168 184 76.11
168 185 85.09
168 186 72.34
168 187 78.77
168 188 45.88
168 189 49.41
168 190 89.89
168 191 25.55
168 192 84.01
168 193 109.42
168 194 95.08
168 195 45.62
168 196 43.32
168 197 70.6
168 198 79.63
168 199 44.2
168 200 21.02
168 201 41.62
169 0 69.77
169 1 30.15
169 2 133.69
169 3 105.76
169 4 96.66
169 5 145.87
169 6 120.22
169 7 53.6
169 8 62.63
169 9 103.35
169 10 80.05
169 11 94.37
169 12 72.53
169 13 73.01
169 14 111.61
169 15 99.02
169 16 67.8
169 17 48.51
169 18 7.81
169 19 106.0
169 20 157.27
169 21 86.98
169 22 62.97
169 23 96.15
169 24 70.6
169 25 143.59
169 26 13.42
169 27 16.12
169 28 77.41
169 29 130.86
169 30 53.81
169 31 95.08
169 32 61.03
169 33 75.13
169 34 21.1
169 35 93.96
169 36 81.47
169 37 17.8
169 38 52.77
169 39 46.0
169 40 55.01
169 41 83.73
169 42 111.04
169 43 70.61
169 44 123.17
169 45 69.12
169 46 41.18
169 47 118.7
169 48 141.87
169 49 55.01
169 50 69.26
169 51 82.73
169 52 61.29
169 53 19.1
169 54 110.54
169 55 23.85
169 56 35.23
169 57 3.61
169 58 61.68
169 59 81.39
169 60 50.33
169 61 66.48
169 62 95.02
169 63 63.25
169 64 14.42
169 65 98.06
169 66 60.93
169 67 76.66
169 68 43.91
169 69 81.04
169 70 50.0
169 71 146.35
169 72 72.14
169 73 58.52
169 74 88.84
169 75 91.08
169 76 64.85
169 77 72.34
169 78 59.91
169 79 107.86
169 80 141.82
169 81 84.48
169 82 51.24
169 83 116.61
169 84 11.05
169 85 31.78
169 86 77.52
169 87 75.06
169 88 44.92
169 89 99.76
169 90 144.28
169 91 133.81
169 92 58.52
169 93 79.31
169 94 50.25
169 95 61.98
169 96 91.08
169 97 80.11
169 98 59.93
169 99 52.01
169 100 84.53
169 101 138.0
169 102 58.69
169 103 94.37
169 104 22.56
169 105 63.95
169 106 127.0
169 107 88.6
169 108 59.55
169 109 60.01
169 110 118.26
169 111 18.0
169 112 87.09
169 113 6.4
169 114 30.41
169 115 11.18
169 116 93.41
169 117 52.81
169 118 79.06
169 119 53.24
169 120 85.15
169 121 18.11
169 122 80.45
169 123 16.28
169 124 22.36
169 125 69.12
169 126 141.45
169 127 144.94
169 128 137.89
169 129 49.19
169 130 93.01
169 131 10.05
169 132 84.22
169 133 62.8
169 134 62.51
169 135 30.36
169 136 77.03
169 137 15.0
169 138 132.65
169 139 95.86
169 140 13.89
169 141 90.24
169 142 88.1
169 143 135.1
169 144 107.63
169 145 142.64
169 146 117.41
169 147 108.71
169 148 126.15
169 149 50.01
169 150 67.19
169 151 75.61
169 152 52.04
169 153 81.02
169 154 87.01
169 155 102.46
169 156 110.68
169 157 18.79
169 158 138.81
169 159 123.23
169 160 56.8
169 161 127.62
169 162 48.27
169 163 78.31
169 164 9.22
169 165 57.72
169 166 53.6
169 167 55.04
169 168 86.02
169 170 57.49
169 171 64.07
169 172 89.05
169 173 55.15
169 174 12.53
169 175 105.99
169 176 29.12
169 177 67.01
169 178 61.1
169 179 97.53
169 180 23.26
169 181 86.59
169 182 71.11
169 183 100.22
169 184 116.52
169 185 31.58
169 186 116.4
169 187 39.81
169 188 81.12
169 189 121.12
169 190 143.69
169 191 65.73
169 192 3.61
169 193 157.49
169 194 149.26
169 195 112.95
169 196 81.88
169 197 124.02
169 198 10.63
169 199 123.56
169 200 78.85
169 201 69.77
170 0 19.92
170 1 30.53
170 2 91.39
170 3 48.27
170 4 41.87
170 5 97.2
170 6 77.08
170 7 4.0
170 8 34.13
170 9 50.21
170 10 75.29
170 11 40.31
170 12 67.96
170 13 69.89
170 14 62.97
170 15 42.54
170 16 43.66
170 17 10.0
170 18 53.14
170 19 54.82
170 20 108.23
170 21 30.0
170 22 24.74
170 23 42.43
170 24 30.0
170 25 98.49
170 26 47.93
170 27 61.29
170 28 26.83
170 29 86.31
170 30 33.6
170 31 58.52
170 32 58.26
170 33 74.63
170 34 38.05
170 35 36.77
170 36 41.3
170 37 52.48
170 38 22.36
170 39 16.4
170 40 14.04
170 41 27.07
170 42 75.13
170 43 30.87
170 44 70.04
170 45 76.42
170 46 21.19
170 47 62.97
170 48 94.58
170 49 13.89
170 50 63.51
170 51 26.08
170 52 16.12
170 53 66.24
170 54 57.28
170 55 44.41
170 56 76.84
170 57 54.13
170 58 5.83
170 59 78.55
170 60 33.97
170 61 33.96
170 62 51.55
170 63 23.35
170 64 48.01
170 65 40.61
170 66 11.0
170 67 55.66
170 68 20.12
170 69 41.34
170 70 23.35
170 71 98.23
170 72 37.22
170 73 58.05
170 74 83.19
170 75 43.42
170 76 42.05
170 77 76.69
170 78 28.07
170 79 50.7
170 80 91.55
170 81 85.15
170 82 7.28
170 83 67.68
170 84 61.85
170 85 37.48
170 86 79.4
170 87 24.84
170 88 29.07
170 89 46.69
170 90 99.36
170 91 84.02
170 92 20.25
170 93 82.2
170 94 28.32
170 95 65.8
170 96 77.49
170 97 49.04
170 98 39.05
170 99 24.21
170 100 80.62
170 101 88.24
170 102 36.06
170 103 86.41
170 104 51.79
170 105 16.03
170 106 78.24
170 107 32.45
170 108 36.24
170 109 72.35
170 110 73.35
170 111 40.16
170 112 95.27
170 113 61.66
170 114 29.02
170 115 49.4
170 116 37.44
170 117 7.21
170 118 84.65
170 119 18.25
170 120 94.37
170 121 40.85
170 122 34.48
170 123 43.08
170 124 38.01
170 125 82.07
170 126 98.41
170 127 96.83
170 128 93.91
170 129 46.01
170 130 97.08
170 131 57.08
170 132 61.61
170 133 41.15
170 134 21.84
170 135 34.83
170 136 27.31
170 137 44.18
170 138 92.97
170 139 80.36
170 140 48.33
170 141 83.19
170 142 34.71
170 143 92.7
170 144 68.88
170 145 95.13
170 146 68.24
170 147 55.17
170 148 80.13
170 149 67.96
170 150 31.32
170 151 41.79
170 152 66.61
170 153 76.16
170 154 34.01
170 155 47.63
170 156 53.71
170 157 39.32
170 158 88.87
170 159 75.17
170 160 13.0
170 161 75.69
170 162 26.17
170 163 29.73
170 164 49.5
170 165 1.0
170 166 26.31
170 167 11.05
170 168 33.54
170 169 57.49
170 171 23.19
170 172 44.55
170 173 31.06
170 174 45.54
170 175 51.74
170 176 28.44
170 177 17.8
170 178 9.06
170 179 44.6
170 180 57.2
170 181 44.05
170 182 77.9
170 183 42.76
170 184 69.84
170 185 66.6
170 186 67.96
170 187 45.28
170 188 31.3
170 189 64.08
170 190 92.76
170 191 29.12
170 192 56.32
170 193 109.62
170 194 98.41
170 195 56.36
170 196 30.53
170 197 72.18
170 198 49.25
170 199 66.1
170 200 21.38
170 201 19.92
171 0 9.85
171 1 45.28
171 2 72.4
171 3 51.42
171 4 35.23
171 5 82.13
171 6 58.25
171 7 23.02
171 8 57.31
171 9 40.16
171 10 54.67
171 11 32.39
171 12 48.08
171 13 50.21
171 14 47.63
171 15 40.05
171 16 21.63
171 17 29.43
171 18 62.37
171 19 42.06
171 20 93.51
171 21 40.22
171 22 47.85
171 23 33.73
171 24 7.62
171 25 81.06
171 26 58.69
171 27 72.84
171 28 15.03
171 29 68.41
171 30 17.46
171 31 80.06
171 32 40.5
171 33 55.17
171 34 43.01
171 35 38.08
171 36 19.7
171 37 65.3
171 38 45.01
171 39 36.67
171 40 37.05
171 41 39.05
171 42 53.45
171 43 53.45
171 44 59.51
171 45 59.08
171 46 23.35
171 47 57.07
171 48 78.49
171 49 11.7
171 50 43.86
171 51 38.29
171 52 7.07
171 53 77.78
171 54 47.17
171 55 59.08
171 56 91.05
171 57 60.46
171 58 18.97
171 59 58.14
171 60 20.1
171 61 11.18
171 62 32.2
171 63 1.0
171 64 51.0
171 65 45.88
171 66 12.37
171 67 33.11
171 68 20.52
171 69 63.16
171 70 14.32
171 71 82.76
171 72 14.04
171 73 41.18
171 74 61.85
171 75 62.2
171 76 65.19
171 77 58.41
171 78 51.24
171 79 50.16
171 80 77.8
171 81 65.12
171 82 21.38
171 83 52.63
171 84 71.59
171 85 54.56
171 86 60.14
171 87 44.78
171 88 50.01
171 89 36.69
171 90 81.84
171 91 69.81
171 92 5.66
171 93 62.97
171 94 16.12
171 95 48.88
171 96 55.04
171 97 71.84
171 98 62.01
171 99 12.65
171 100 59.82
171 101 74.03
171 102 59.01
171 103 64.5
171 104 50.0
171 105 8.06
171 106 63.13
171 107 30.41
171 108 16.64
171 109 57.27
171 110 55.44
171 111 50.21
171 112 76.49
171 113 66.24
171 114 34.06
171 115 59.41
171 116 34.06
171 117 19.24
171 118 65.95
171 119 41.0
171 120 75.93
171 121 51.66
171 122 16.4
171 123 53.76
171 124 50.61
171 125 65.86
171 126 79.88
171 127 81.34
171 128 75.8
171 129 32.02
171 130 77.16
171 131 59.93
171 132 38.6
171 133 20.52
171 134 44.91
171 135 51.0
171 136 14.14
171 137 49.09
171 138 72.9
171 139 57.58
171 140 59.41
171 141 61.59
171 142 26.17
171 143 73.78
171 144 47.93
171 145 79.2
171 146 53.41
171 147 45.54
171 148 63.03
171 149 55.79
171 150 54.34
171 151 64.56
171 152 53.45
171 153 55.44
171 154 50.25
171 155 40.61
171 156 52.01
171 157 45.61
171 158 74.81
171 159 59.46
171 160 11.18
171 161 63.63
171 162 16.76
171 163 49.74
171 164 54.92
171 165 22.2
171 166 49.01
171 167 34.06
171 168 50.33
171 169 64.07
171 170 23.19
171 172 64.66
171 173 14.32
171 174 51.61
171 175 43.42
171 176 37.54
171 177 39.56
171 178 14.56
171 179 34.48
171 180 71.4
171 181 64.88
171 182 60.22
171 183 47.43
171 184 53.04
171 185 81.84
171 186 52.5
171 187 36.0
171 188 17.72
171 189 62.03
171 190 79.63
171 191 52.17
171 192 64.2
171 193 94.05
171 194 85.21
171 195 53.08
171 196 19.24
171 197 60.03
171 198 53.85
171 199 68.88
171 200 30.61
171 201 9.85
172 0 56.8
172 1 59.2
172 2 116.11
172 3 45.88
172 4 59.01
172 5 113.27
172 6 103.0
172 7 47.42
172 8 28.07
172 9 68.12
172 10 119.04
172 11 60.03
172 12 112.0
172 13 114.02
172 14 85.05
172 15 53.34
172 16 86.28
172 17 46.87
172 18 82.2
172 19 75.06
172 20 122.41
172 21 32.02
172 22 26.25
172 23 62.01
172 24 69.32
172 25 119.22
172 26 76.12
172 27 85.05
172 28 59.14
172 29 109.29
172 30 77.99
172 31 17.03
172 32 102.73
172 33 118.85
172 34 75.24
172 35 46.1
172 36 77.49
172 37 76.16
172 38 36.4
172 39 45.19
172 40 36.72
172 41 30.27
172 42 107.52
172 43 18.44
172 44 82.46
172 45 120.97
172 46 64.2
172 47 69.57
172 48 112.97
172 49 58.14
172 50 107.62
172 51 30.41
172 52 58.25
172 53 89.0
172 54 72.69
172 55 67.27
172 56 92.4
172 57 86.59
172 58 46.4
172 59 122.41
172 60 78.52
172 61 75.8
172 62 82.38
172 63 65.19
172 64 84.86
172 65 40.02
172 66 53.01
172 67 97.62
172 68 63.89
172 69 9.49
172 70 67.9
172 71 114.98
172 72 77.37
172 73 102.59
172 74 126.48
172 75 5.83
172 76 30.68
172 77 121.17
172 78 29.27
172 79 53.45
172 80 105.77
172 81 129.2
172 82 50.99
172 83 88.28
172 84 88.36
172 85 58.31
172 86 123.69
172 87 20.0
172 88 44.41
172 89 66.01
172 90 120.21
172 91 100.22
172 92 63.6
172 93 126.51
172 94 72.86
172 95 110.34
172 96 119.47
172 97 19.8
172 98 33.73
172 99 68.68
172 100 124.28
172 101 103.81
172 102 33.24
172 103 129.14
172 104 91.68
172 105 56.6
172 106 97.02
172 107 50.16
172 108 80.0
172 109 116.78
172 110 98.01
172 111 71.57
172 112 139.7
172 113 94.83
172 114 68.48
172 115 78.26
172 116 53.0
172 117 51.62
172 118 129.07
172 119 36.77
172 120 138.85
172 121 71.06
172 122 68.31
172 123 72.78
172 124 66.71
172 125 126.59
172 126 121.5
172 127 113.78
172 128 116.52
172 129 90.52
172 130 141.21
172 131 92.66
172 132 102.42
172 133 84.63
172 134 27.31
172 135 58.86
172 136 60.41
172 137 80.06
172 138 120.0
172 139 121.64
172 140 75.95
172 141 126.25
172 142 58.55
172 143 117.15
172 144 100.13
172 145 113.16
172 146 88.36
172 147 70.58
172 148 102.31
172 149 111.83
172 150 22.09
172 151 17.46
172 152 110.75
172 153 119.85
172 154 18.0
172 155 62.29
172 156 56.92
172 157 75.03
172 158 104.05
172 159 95.52
172 160 56.85
172 161 89.5
172 162 70.71
172 163 15.0
172 164 83.82
172 165 45.28
172 166 35.51
172 167 38.28
172 168 17.03
172 169 89.05
172 170 44.55
172 171 64.66
172 173 75.29
172 174 80.01
172 175 66.48
172 176 64.88
172 177 26.91
172 178 50.8
172 179 65.01
172 180 77.03
172 181 3.61
172 182 122.43
172 183 41.48
172 184 93.05
172 185 81.88
172 186 89.2
172 187 89.02
172 188 62.36
172 189 63.51
172 190 105.65
172 191 23.35
172 192 86.49
172 193 125.42
172 194 110.68
172 195 61.03
172 196 59.91
172 197 86.88
172 198 84.43
172 199 55.61
172 200 37.36
172 201 56.8
173 0 24.04
173 1 42.95
173 2 78.57
173 3 65.73
173 4 49.01
173 5 91.26
173 6 65.07
173 7 29.07
173 8 63.25
173 9 52.95
173 10 44.29
173 11 46.04
173 12 36.89
173 13 38.83
173 14 57.71
173 15 54.23
173 16 15.13
173 17 33.24
173 18 55.0
173 19 53.76
173 20 102.65
173 21 53.71
173 22 55.04
173 23 47.17
173 24 17.46
173 25 88.46
173 26 52.48
173 27 66.29
173 28 29.07
173 29 75.74
173 30 3.16
173 31 89.59
173 32 27.59
173 33 43.6
173 34 35.0
173 35 52.39
173 36 26.63
173 37 59.94
173 38 49.73
173 39 39.62
173 40 43.08
173 41 52.15
173 42 56.6
173 43 61.77
173 44 71.47
173 45 46.1
173 46 19.24
173 47 70.46
173 48 87.01
173 49 17.2
173 50 32.45
173 51 51.31
173 52 18.03
173 53 71.03
173 54 59.67
173 55 55.36
173 56 85.59
173 57 51.62
173 58 29.0
173 59 47.51
173 60 6.08
173 61 11.4
173 62 40.22
173 63 13.34
173 64 41.11
173 65 60.08
173 66 22.67
173 67 27.0
173 68 17.03
173 69 72.4
173 70 9.06
173 71 91.61
173 72 17.03
173 73 27.8
173 74 52.39
173 75 73.55
173 76 70.6
173 77 45.97
173 78 57.25
173 79 64.38
173 80 87.82
173 81 54.08
173 82 26.0
173 83 62.65
173 84 64.03
173 85 52.95
173 86 48.41
173 87 55.32
173 88 52.15
173 89 49.65
173 90 89.14
173 91 79.76
173 92 12.21
173 93 51.22
173 94 5.39
173 95 35.61
173 96 47.85
173 97 79.62
173 98 66.71
173 99 7.28
173 100 49.65
173 101 83.86
173 102 63.79
173 103 55.97
173 104 38.01
173 105 20.59
173 106 72.72
173 107 44.72
173 108 6.0
173 109 43.42
173 110 63.25
173 111 44.29
173 112 64.44
173 113 56.22
173 114 27.73
173 115 52.7
173 116 48.26
173 117 24.6
173 118 53.81
173 119 46.17
173 120 63.66
173 121 46.07
173 122 27.89
173 123 47.89
173 124 46.24
173 125 52.43
173 126 86.31
173 127 90.21
173 128 82.73
173 129 17.72
173 130 66.03
173 131 49.41
173 132 34.13
173 133 11.05
173 134 52.33
173 135 49.03
173 136 28.02
173 137 40.36
173 138 77.8
173 139 51.35
173 140 53.34
173 141 52.55
173 142 40.0
173 143 79.98
173 144 52.63
173 145 87.8
173 146 63.53
173 147 58.25
173 148 71.22
173 149 41.48
173 150 61.74
173 151 72.45
173 152 39.22
173 153 45.18
173 154 62.48
173 155 54.15
173 156 66.12
173 157 38.01
173 158 84.72
173 159 68.8
173 160 18.44
173 161 74.85
173 162 8.25
173 163 60.31
173 164 45.97
173 165 30.23
173 166 53.6
173 167 40.31
173 168 62.37
173 169 55.15
173 170 31.06
173 171 14.32
173 172 75.29
173 174 43.28
173 175 56.57
173 176 32.89
173 177 48.83
173 178 24.76
173 179 47.52
173 180 66.64
173 181 75.0
173 182 47.42
173 183 61.68
173 184 61.85
173 185 77.39
173 186 62.27
173 187 22.2
173 188 31.06
173 189 76.01
173 190 89.94
173 191 59.51
173 192 55.97
173 193 102.62
173 194 95.38
173 195 67.0
173 196 33.0
173 197 71.31
173 198 44.55
173 199 83.19
173 200 43.91
173 201 24.04
174 0 57.25
174 1 21.02
174 2 121.83
174 3 93.74
174 4 84.17
174 5 133.54
174 6 108.21
174 7 41.59
174 8 55.07
174 9 90.82
174 10 72.34
174 11 81.86
174 12 64.5
174 13 65.28
174 14 99.2
174 15 86.65
174 16 56.6
174 17 37.01
174 18 12.08
174 19 93.49
174 20 144.94
174 21 75.33
174 22 53.76
174 23 83.63
174 24 58.26
174 25 131.52
174 26 12.04
174 27 23.77
174 28 64.88
174 29 118.79
174 30 42.2
174 31 87.71
174 32 52.61
174 33 68.03
174 34 8.6
174 35 81.74
174 36 69.31
174 37 20.0
174 38 43.66
174 39 35.51
174 40 44.55
174 41 72.17
174 42 99.62
174 43 61.68
174 44 110.64
174 45 63.39
174 46 28.65
174 47 106.23
174 48 129.63
174 49 42.49
174 50 60.83
174 51 71.18
174 52 48.76
174 53 28.18
174 54 98.01
174 55 21.02
174 56 43.66
174 57 8.94
174 58 49.48
174 59 74.11
174 60 38.83
174 61 54.49
174 62 82.81
174 63 50.8
174 64 6.71
174 65 86.15
174 66 48.47
174 67 66.21
174 68 31.38
174 69 72.62
174 70 37.64
174 71 134.06
174 72 60.14
174 73 50.36
174 74 81.3
174 75 81.49
174 76 58.6
174 77 66.12
174 78 51.48
174 79 95.6
174 80 129.4
174 81 78.03
174 82 39.05
174 83 104.2
174 84 20.81
174 85 26.17
174 86 71.03
174 87 64.63
174 88 37.22
174 89 87.24
174 90 132.23
174 91 121.4
174 92 46.04
174 93 73.11
174 94 38.21
174 95 55.0
174 96 82.23
174 97 73.25
174 98 53.6
174 99 39.7
174 100 77.16
174 101 125.6
174 102 51.87
174 103 86.58
174 104 17.09
174 105 51.43
174 106 114.63
174 107 76.22
174 108 48.01
174 109 54.92
174 110 106.1
174 111 9.22
174 112 82.38
174 113 16.12
174 114 17.89
174 115 11.05
174 116 80.99
174 117 40.52
174 118 73.44
174 119 43.42
174 120 80.6
174 121 10.63
174 122 68.01
174 123 10.3
174 124 14.87
174 125 64.76
174 126 129.56
174 127 132.65
174 128 125.9
174 129 39.56
174 130 87.57
174 131 12.65
174 132 73.82
174 133 51.62
174 134 52.89
174 135 23.43
174 136 64.5
174 137 3.16
174 138 121.04
174 139 86.83
174 140 13.04
174 141 82.49
174 142 75.58
174 143 123.24
174 144 95.9
174 145 130.38
174 146 105.0
174 147 96.18
174 148 113.95
174 149 45.61
174 150 58.69
174 151 68.0
174 152 46.87
174 153 73.33
174 154 76.32
174 155 89.96
174 156 98.37
174 157 6.32
174 158 126.4
174 159 110.89
174 160 44.28
174 161 115.12
174 162 36.07
174 163 68.25
174 164 4.0
174 165 45.71
174 166 45.19
174 167 44.18
174 168 75.43
174 169 12.53
174 170 45.54
174 171 51.61
174 172 80.01
174 173 43.28
174 175 93.47
174 176 17.12
174 177 56.44
174 178 48.7
174 179 85.0
174 180 27.02
174 181 77.83
174 182 65.38
174 183 88.28
174 184 104.24
174 185 37.34
174 186 104.02
174 187 30.59
174 188 68.6
174 189 108.81
174 190 131.24
174 191 57.01
174 192 12.73
174 193 145.25
174 194 136.82
174 195 100.57
174 196 69.35
174 197 111.52
174 198 4.47
174 199 111.63
174 200 66.91
174 201 57.25
175 0 36.25
175 1 82.01
175 2 50.09
175 3 24.35
175 4 9.9
175 5 47.93
175 6 38.08
175 7 54.82
175 8 76.94
175 9 4.47
175 10 83.01
175 11 11.66
175 12 79.4
175 13 81.61
175 14 19.65
175 15 13.15
175 16 54.45
175 17 61.72
175 18 103.08
175 19 10.3
175 20 58.18
175 21 35.17
175 22 66.73
175 23 9.85
175 24 39.2
175 25 52.77
175 26 98.48
175 27 112.33
175 28 28.79
175 29 43.0
175 30 59.41
175 31 83.29
175 32 76.79
175 33 86.33
175 34 85.0
175 35 20.62
175 36 34.71
175 37 103.81
175 38 70.6
175 39 67.9
175 40 62.48
175 41 37.95
175 42 47.71
175 43 67.23
175 44 18.44
175 45 93.62
175 46 64.88
175 47 14.0
175 48 46.84
175 49 50.99
175 50 76.4
175 51 38.28
175 52 44.78
175 53 117.32
175 54 6.32
175 55 96.05
175 56 128.55
175 57 102.42
175 58 46.23
175 59 86.54
175 60 62.65
175 61 47.01
175 62 27.46
175 63 44.38
175 64 93.78
175 65 27.02
175 66 45.28
175 67 59.14
175 68 62.24
175 69 71.06
175 70 57.57
175 71 49.4
175 72 43.1
175 73 78.52
175 74 86.77
175 75 61.2
175 76 84.53
175 77 91.48
175 78 72.2
175 79 17.0
175 80 41.18
175 81 93.62
175 82 56.04
175 83 22.02
175 84 112.16
175 85 89.2
175 86 91.08
175 87 53.85
175 88 79.4
175 89 7.0
175 90 53.76
175 91 34.54
175 92 48.38
175 93 93.64
175 94 59.44
175 95 85.16
175 96 75.8
175 97 82.97
175 98 83.73
175 99 56.04
175 100 86.82
175 101 38.48
175 102 81.12
175 103 86.61
175 104 93.41
175 105 42.05
175 106 30.59
175 107 20.0
175 108 56.04
175 109 94.89
175 110 32.76
175 111 90.21
175 112 106.78
175 113 108.85
175 114 75.58
175 115 99.64
175 116 15.26
175 117 54.08
175 118 97.41
175 119 66.84
175 120 106.98
175 121 91.27
175 122 29.02
175 123 93.49
175 124 89.05
175 125 101.41
175 126 55.08
175 127 48.1
175 128 50.09
175 129 73.06
175 130 104.65
175 131 102.88
175 132 59.03
175 133 57.08
175 134 64.14
175 135 86.56
175 136 29.41
175 137 91.29
175 138 54.74
175 139 75.45
175 140 99.02
175 141 85.48
175 142 17.89
175 143 51.04
175 144 40.22
175 145 47.13
175 146 22.0
175 147 4.12
175 148 36.0
175 149 96.05
175 150 70.68
175 151 76.84
175 152 93.13
175 153 83.38
175 154 48.66
175 155 4.47
175 156 15.62
175 157 87.21
175 158 38.91
175 159 29.07
175 160 49.19
175 161 24.7
175 162 60.17
175 163 56.61
175 164 97.08
175 165 51.09
175 166 73.82
175 167 60.21
175 168 49.82
175 169 105.99
175 170 51.74
175 171 43.42
175 172 66.48
175 173 56.57
175 174 93.47
175 176 77.52
175 177 55.57
175 178 45.49
175 179 9.06
175 180 108.85
175 181 68.88
175 182 94.11
175 183 26.17
175 184 27.46
175 185 118.34
175 186 23.09
175 187 78.77
175 188 25.71
175 189 21.93
175 190 41.88
175 191 69.32
175 192 105.59
175 193 60.42
175 194 47.43
175 195 13.6
175 196 24.35
175 197 21.47
175 198 96.25
175 199 34.06
175 200 34.99
175 201 36.25
176 0 41.62
176 1 11.18
176 2 109.62
176 3 76.69
176 4 68.0
176 5 119.52
176 6 95.6
176 7 24.52
176 8 42.45
176 9 75.17
176 10 70.71
176 11 65.86
176 12 62.65
176 13 63.95
176 14 84.9
176 15 70.01
176 16 47.8
176 17 20.02
176 18 25.55
176 19 78.41
176 20 130.86
176 21 58.22
176 22 38.95
176 23 67.74
176 24 44.82
176 25 118.56
176 26 21.26
176 27 35.38
176 28 49.41
176 29 105.89
176 30 32.98
176 31 74.4
176 32 50.8
176 33 67.68
176 34 10.44
176 35 64.85
176 36 56.61
176 37 27.8
176 38 29.41
176 39 19.7
176 40 28.46
176 41 55.08
176 42 89.01
176 43 47.01
176 44 95.13
176 45 65.55
176 46 14.42
176 47 89.9
176 48 116.0
176 49 27.02
176 50 58.42
176 51 54.08
176 52 33.42
176 53 40.36
176 54 82.38
176 55 22.47
176 56 53.6
176 57 25.71
176 58 32.57
176 59 73.16
176 60 30.41
176 61 42.94
176 62 69.66
176 63 36.88
176 64 20.4
176 65 69.05
176 66 32.25
176 67 59.03
176 68 17.2
176 69 58.31
176 70 25.06
176 71 120.21
176 72 48.37
176 73 49.24
176 74 79.63
176 75 65.79
176 76 47.63
176 77 67.36
176 78 37.8
176 79 78.75
176 80 114.87
176 81 78.34
176 82 22.14
176 83 89.87
176 84 34.67
176 85 21.02
176 86 71.57
176 87 48.27
176 88 25.81
176 89 71.56
176 90 119.33
176 91 106.96
176 92 31.89
176 93 74.04
176 94 27.51
176 95 55.66
176 96 78.03
176 97 60.88
176 98 42.8
176 99 27.29
176 100 75.95
176 101 111.2
176 102 40.46
176 103 84.29
176 104 26.93
176 105 35.81
176 106 100.45
176 107 59.62
176 108 38.6
176 109 58.59
176 110 92.96
176 111 12.81
176 112 85.23
176 113 33.24
176 114 6.08
176 115 22.2
176 116 64.47
176 117 23.77
176 118 75.27
176 119 28.18
176 120 83.77
176 121 14.14
176 122 53.74
176 123 16.28
176 124 13.42
176 125 68.88
176 126 117.2
176 127 118.79
176 128 113.23
176 129 36.5
176 130 89.19
176 131 29.07
176 132 66.49
176 133 43.17
176 134 37.58
176 135 17.03
176 136 49.2
176 137 16.03
176 138 109.6
176 139 82.15
176 140 21.93
176 141 80.4
176 142 59.68
176 143 111.02
176 144 84.38
176 145 116.69
176 146 90.61
176 147 80.45
176 148 100.57
176 149 51.04
176 150 44.65
176 151 54.82
176 152 51.11
176 153 71.7
176 154 59.68
176 155 73.82
176 156 81.6
176 157 11.0
176 158 111.95
176 159 96.88
176 160 28.6
176 161 100.0
176 162 24.7
176 163 52.2
176 164 21.1
176 165 28.64
176 166 31.89
176 167 27.66
176 168 58.86
176 169 29.12
176 170 28.44
176 171 37.54
176 172 64.88
176 173 32.89
176 174 17.12
176 175 77.52
176 177 40.02
176 178 32.2
176 179 69.34
176 180 34.13
176 181 63.06
176 182 67.42
176 183 71.2
176 184 90.55
176 185 44.78
176 186 89.83
176 187 30.08
176 188 53.41
176 189 92.03
176 190 116.52
176 191 42.72
176 192 28.23
176 193 131.53
176 194 122.15
176 195 83.93
176 196 53.82
176 197 96.4
176 198 21.0
176 199 94.54
176 200 49.82
176 201 41.62
177 0 33.38
177 1 37.05
177 2 101.14
177 3 43.83
177 4 46.07
177 5 103.31
177 6 87.1
177 7 20.52
177 8 21.54
177 9 55.46
177 10 92.96
177 11 45.69
177 12 85.7
177 13 87.66
177 14 70.84
177 15 43.6
177 16 60.84
177 17 20.62
177 18 61.13
177 19 61.47
177 20 113.74
177 21 23.6
177 22 11.18
177 23 47.93
177 24 45.35
177 25 106.63
177 26 55.23
177 27 66.71
177 28 38.01
177 29 95.21
177 30 51.4
177 31 40.82
177 32 76.06
177 33 92.42
177 34 50.45
177 35 36.24
177 36 55.33
177 37 57.49
177 38 17.0
177 39 21.02
177 40 12.0
177 41 20.0
177 42 88.02
177 43 14.14
177 44 73.78
177 45 94.18
177 46 37.44
177 47 63.78
177 48 101.64
177 49 31.62
177 50 81.27
177 51 19.21
177 52 32.7
177 53 71.31
177 54 61.77
177 55 48.51
177 56 78.72
177 57 64.07
177 58 20.62
177 59 96.25
177 60 51.74
177 61 50.7
177 62 63.2
177 63 39.92
177 64 60.42
177 65 35.81
177 66 27.31
177 67 72.62
177 68 37.01
177 69 23.71
177 70 41.11
177 71 104.65
177 72 53.16
177 73 75.82
177 74 100.72
177 75 26.42
177 76 29.41
177 77 94.49
177 78 16.64
177 79 48.84
177 80 96.75
177 81 102.9
177 82 24.08
177 83 75.03
177 84 68.73
177 85 39.85
177 86 97.2
177 87 8.25
177 88 26.83
177 89 52.39
177 90 107.56
177 91 89.89
177 92 37.59
177 93 100.0
177 94 46.1
177 95 83.55
177 96 94.54
177 97 32.56
177 98 28.18
177 99 42.01
177 100 98.27
177 101 93.94
177 102 25.55
177 103 103.75
177 104 66.13
177 105 31.62
177 106 85.09
177 107 35.78
177 108 53.85
177 109 89.87
177 110 82.71
177 111 49.01
177 112 113.07
177 113 72.17
177 114 42.72
177 115 57.14
177 116 40.31
177 117 24.76
177 118 102.45
177 119 14.56
177 120 112.16
177 121 49.01
177 122 47.01
177 123 51.04
177 124 45.1
177 125 99.7
177 126 107.56
177 127 103.32
177 128 102.79
177 129 63.64
177 130 114.86
177 131 68.88
177 132 78.11
177 133 58.67
177 134 8.6
177 135 38.83
177 136 39.0
177 137 55.9
177 138 103.75
177 139 97.14
177 140 55.33
177 141 100.65
177 142 41.76
177 143 102.36
177 144 81.15
177 145 102.04
177 146 75.39
177 147 59.54
177 148 88.54
177 149 85.0
177 150 16.12
177 151 25.32
177 152 83.87
177 153 93.81
177 154 20.0
177 155 51.11
177 156 52.35
177 157 50.8
177 158 94.41
177 159 82.64
177 160 30.53
177 161 80.26
177 162 43.86
177 163 12.53
177 164 60.41
177 165 18.6
177 166 19.21
177 167 12.37
177 168 19.03
177 169 67.01
177 170 17.8
177 171 39.56
177 172 26.91
177 173 48.83
177 174 56.44
177 175 55.57
177 176 40.02
177 178 25.08
177 179 50.7
177 180 60.41
177 181 26.25
177 182 95.67
177 183 38.01
177 184 78.45
177 185 67.98
177 186 75.61
177 187 62.2
177 188 42.11
177 189 61.85
177 190 97.42
177 191 14.32
177 192 65.03
177 193 115.84
177 194 102.93
177 195 55.87
177 196 40.31
177 197 77.03
177 198 60.67
177 199 59.93
177 200 20.59
177 201 33.38
178 0 11.18
178 1 36.8
178 2 82.76
178 3 46.04
178 4 35.85
178 5 89.5
178 6 68.45
178 7 10.3
178 8 43.05
178 9 43.42
178 10 68.24
178 11 33.84
178 12 61.22
178 13 63.25
178 14 55.0
178 15 37.95
178 16 35.78
178 17 17.49
178 18 57.71
178 19 47.38
178 20 100.66
178 21 30.36
178 22 33.38
178 23 35.81
178 24 21.02
178 25 90.21
178 26 53.0
178 27 66.85
178 28 18.6
178 29 77.9
178 30 27.66
178 31 65.76
178 32 52.35
178 33 68.12
178 34 40.52
178 35 33.38
178 36 32.25
178 37 58.41
178 38 31.4
178 39 24.6
178 40 23.09
178 41 28.23
178 42 66.1
178 43 38.9
178 44 63.41
178 45 70.84
178 46 21.1
178 47 57.7
178 48 86.61
178 49 8.54
178 50 56.85
178 51 27.31
178 52 7.62
178 53 71.85
178 54 50.61
178 55 50.93
178 56 83.49
178 57 57.58
178 58 4.47
178 59 71.61
178 60 28.84
178 61 25.63
178 62 42.72
178 63 14.87
178 64 50.01
178 65 39.05
178 66 2.24
178 67 47.54
178 68 19.0
178 69 48.75
178 70 18.79
178 71 90.43
178 72 28.44
178 73 52.5
178 74 75.8
178 75 48.84
178 76 51.01
178 77 70.71
178 78 37.01
178 79 47.07
178 80 84.17
178 81 78.41
178 82 10.63
178 83 59.82
178 84 66.73
178 85 44.82
178 86 73.0
178 87 30.81
178 88 37.7
178 89 39.82
178 90 91.07
178 91 76.49
178 92 12.81
178 93 75.82
178 94 23.32
178 95 60.31
178 96 69.46
178 97 57.28
178 98 48.09
178 99 18.87
178 100 73.5
178 101 80.72
178 102 45.1
178 103 78.71
178 104 52.0
178 105 7.0
178 106 70.43
178 107 27.51
178 108 29.21
178 109 67.68
178 110 64.88
178 111 44.78
178 112 89.14
178 113 64.56
178 114 31.05
178 115 54.2
178 116 32.31
178 117 8.6
178 118 78.52
178 119 27.29
178 120 88.39
178 121 45.79
178 122 25.63
178 123 48.02
178 124 43.6
178 125 77.01
178 126 89.89
178 127 89.02
178 128 85.48
178 129 41.34
178 130 90.43
178 131 59.23
178 132 53.16
178 133 33.84
178 134 30.41
178 135 41.77
178 136 18.87
178 137 46.84
178 138 84.15
178 139 72.11
178 140 53.54
178 141 75.66
178 142 27.8
178 143 84.1
178 144 59.91
178 145 87.2
178 146 60.44
178 147 48.6
178 148 71.87
178 149 64.4
178 150 39.81
178 151 50.0
178 152 62.65
178 153 69.07
178 154 37.8
178 155 41.68
178 156 49.73
178 157 42.38
178 158 81.39
178 159 67.2
178 160 6.71
178 161 68.68
178 162 21.93
178 163 35.81
178 164 52.5
178 165 8.06
178 166 35.36
178 167 20.1
178 168 37.64
178 169 61.1
178 170 9.06
178 171 14.56
178 172 50.8
178 173 24.76
178 174 48.7
178 175 45.49
178 176 32.2
178 177 25.08
178 179 37.64
178 180 63.7
178 181 50.77
178 182 72.18
178 183 41.01
178 184 61.59
178 185 73.55
178 186 60.0
178 187 42.38
178 188 23.02
178 189 60.17
178 190 85.56
178 191 37.66
178 192 60.42
178 193 101.83
178 194 91.22
178 195 51.87
178 196 22.67
178 197 65.12
178 198 51.92
178 199 64.07
178 200 20.62
178 201 11.18
179 0 27.78
179 1 74.41
179 2 51.35
179 3 27.8
179 4 6.32
179 5 53.0
179 6 38.0
179 7 47.38
179 8 72.24
179 9 5.83
179 10 75.15
179 11 5.1
179 12 71.17
179 13 73.39
179 14 20.4
179 15 13.89
179 16 45.71
179 17 54.45
179 18 94.87
179 19 10.77
179 20 63.82
179 21 33.0
179 22 61.85
179 23 3.0
179 24 30.15
179 25 55.97
179 26 90.44
179 27 104.4
179 28 20.12
179 29 44.91
179 30 50.36
179 31 82.02
179 32 68.07
179 33 78.19
179 34 76.48
179 35 19.42
179 36 26.25
179 37 96.05
179 38 64.66
179 39 60.96
179 40 56.3
179 41 35.13
179 42 44.38
179 43 63.32
179 44 25.81
179 45 85.16
179 46 56.36
179 47 23.02
179 48 50.99
179 49 42.54
179 50 68.01
179 51 35.23
179 52 36.24
179 53 109.4
179 54 13.04
179 55 88.53
179 56 121.08
179 57 93.94
179 58 38.9
179 59 78.72
179 60 53.6
179 61 38.0
179 62 21.26
179 63 35.44
179 64 85.09
179 65 27.86
179 66 37.2
179 67 51.08
179 68 53.67
179 69 68.47
179 70 48.7
179 71 54.2
179 72 34.23
179 73 69.72
179 74 79.4
179 75 60.13
179 76 80.06
179 77 83.17
179 78 67.12
179 79 22.02
179 80 47.01
179 81 85.87
179 82 48.27
179 83 24.35
179 84 104.01
179 85 82.04
179 86 83.01
179 87 50.22
179 88 73.01
179 89 2.24
179 90 56.92
179 91 39.66
179 92 39.56
179 93 85.62
179 94 50.45
179 95 76.49
179 96 68.82
179 97 80.06
179 98 78.79
179 99 47.13
179 100 79.18
179 101 43.83
179 102 76.06
179 103 79.63
179 104 84.48
179 105 33.62
179 106 34.44
179 107 15.3
179 108 47.01
179 109 86.15
179 110 33.06
179 111 82.1
179 112 98.9
179 113 100.22
179 114 67.12
179 115 91.53
179 116 12.04
179 117 46.23
179 118 89.32
179 119 60.75
179 120 99.01
179 121 83.23
179 122 20.0
179 123 85.45
179 124 81.22
179 125 92.89
179 126 57.27
179 127 52.84
179 128 52.39
179 129 64.03
179 130 97.13
179 131 94.15
179 132 51.62
179 133 48.17
179 134 59.09
179 135 79.21
179 136 20.62
179 137 82.73
179 138 55.0
179 139 68.88
179 140 91.02
179 141 78.23
179 142 9.9
179 143 52.47
179 144 36.77
179 145 51.43
179 146 24.7
179 147 11.18
179 148 38.08
179 149 87.09
179 150 66.41
179 151 73.55
179 152 84.21
179 153 75.58
179 154 47.01
179 155 7.62
179 156 21.95
179 157 78.77
179 158 44.41
179 159 31.95
179 160 40.82
179 161 31.11
179 162 51.24
179 163 53.6
179 164 88.55
179 165 43.86
179 166 68.1
179 167 53.82
179 168 48.0
179 169 97.53
179 170 44.6
179 171 34.48
179 172 65.01
179 173 47.52
179 174 85.0
179 175 9.06
179 176 69.34
179 177 50.7
179 178 37.64
179 180 101.32
179 181 67.03
179 182 85.73
179 183 27.73
179 184 28.28
179 185 111.04
179 186 25.0
179 187 69.72
179 188 16.76
179 189 30.08
179 190 48.17
179 191 64.85
179 192 97.25
179 193 65.51
179 194 53.81
179 195 21.19
179 196 15.65
179 197 27.59
179 198 87.66
179 199 40.82
179 200 30.36
179 201 27.78
180 0 74.25
180 1 26.91
180 2 143.69
180 3 103.32
180 4 99.02
180 5 152.84
180 6 129.62
180 7 54.04
180 8 49.0
180 9 107.06
180 10 99.32
180 11 97.31
180 12 91.44
180 13 92.27
180 14 118.19
180 15 99.57
180 16 81.15
180 17 47.2
180 18 16.49
180 19 111.04
180 20 164.1
180 21 83.26
180 22 52.95
180 23 99.36
180 24 78.82
180 25 152.43
180 26 15.13
180 27 9.43
180 28 82.02
180 29 139.81
180 30 66.31
180 31 79.43
180 32 79.51
180 33 95.05
180 34 32.98
180 35 93.3
180 36 90.7
180 37 7.07
180 38 43.68
180 39 41.68
180 40 49.24
180 41 79.71
180 42 123.07
180 43 59.3
180 44 127.02
180 45 90.2
180 46 48.55
180 47 120.1
180 48 149.58
180 49 60.31
180 50 87.69
180 51 78.79
180 52 66.6
180 53 12.17
180 54 114.21
180 55 12.81
180 56 19.8
180 57 24.04
180 58 62.63
180 59 101.12
180 60 63.32
180 61 77.03
180 62 103.6
180 63 70.8
180 64 33.06
180 65 95.27
180 66 64.35
180 67 91.71
180 68 51.31
180 69 68.01
180 70 59.17
180 71 153.64
180 72 82.49
180 73 77.32
180 74 108.3
180 75 80.31
180 76 48.66
180 77 93.05
180 78 48.37
180 79 107.04
180 80 147.79
180 81 105.0
180 82 53.08
180 83 123.11
180 84 14.87
180 85 20.62
180 86 98.01
180 87 67.45
180 88 33.96
180 89 103.48
180 90 153.22
180 91 140.01
180 92 65.8
180 93 100.04
180 94 61.27
180 95 82.01
180 96 108.85
180 97 64.13
180 98 44.28
180 99 61.4
180 100 104.17
180 101 144.26
180 102 44.05
180 103 113.53
180 104 43.29
180 105 68.62
180 106 133.73
180 107 89.63
180 108 72.09
180 109 81.5
180 110 126.82
180 111 22.47
180 112 108.9
180 113 29.15
180 114 38.91
180 115 16.0
180 116 94.63
180 117 55.17
180 118 100.24
180 119 45.88
180 120 107.06
180 121 20.62
180 122 87.32
180 123 18.97
180 124 20.81
180 125 91.08
180 126 151.24
180 127 152.23
180 128 147.2
180 129 66.1
180 130 114.35
180 131 32.89
180 132 99.3
180 133 76.32
180 134 53.6
180 135 22.47
180 136 82.04
180 137 30.07
180 138 143.74
180 139 113.36
180 140 14.14
180 141 109.46
180 142 91.44
180 143 145.09
180 144 118.51
180 145 150.23
180 146 123.79
180 147 112.16
180 148 134.32
180 149 71.85
180 150 55.15
180 151 61.2
180 152 73.44
180 153 100.32
180 154 79.56
180 155 104.81
180 156 110.28
180 157 29.83
180 158 144.96
180 159 130.3
180 160 61.62
180 161 132.38
180 162 58.59
180 163 69.43
180 164 27.17
180 165 57.8
180 166 42.76
180 167 50.54
180 168 78.34
180 169 23.26
180 170 57.2
180 171 71.4
180 172 77.03
180 173 66.64
180 174 27.02
180 175 108.85
180 176 34.13
180 177 60.41
180 178 63.7
180 179 101.32
180 181 74.0
180 182 92.2
180 183 97.51
180 184 124.2
180 185 10.77
180 186 123.17
180 187 57.43
180 188 86.28
180 189 120.44
180 190 149.24
180 191 54.33
180 192 19.7
180 193 165.01
180 194 154.9
180 195 113.21
180 196 86.28
180 197 128.82
180 198 29.15
180 199 120.15
180 200 77.03
180 201 74.25
181 0 57.38
181 1 56.92
181 2 118.27
181 3 48.85
181 4 61.13
181 5 115.95
181 6 105.02
181 7 46.69
181 8 25.0
181 9 70.35
181 10 118.98
181 11 62.01
181 12 111.83
181 13 113.81
181 14 87.21
181 15 55.73
181 16 86.45
181 17 45.61
181 18 79.62
181 19 77.23
181 20 125.23
181 21 34.06
181 22 24.17
181 23 64.03
181 24 69.86
181 25 121.66
181 26 73.55
181 27 82.15
181 28 60.17
181 29 111.54
181 30 77.62
181 31 15.52
181 32 102.3
181 33 118.6
181 34 73.35
181 35 48.37
181 36 78.45
181 37 73.33
181 38 34.18
181 39 43.42
181 40 35.23
181 41 32.02
181 42 109.04
181 43 16.16
181 44 85.16
181 45 120.42
181 46 63.13
181 47 72.45
181 48 115.52
181 49 57.8
181 50 107.42
181 51 32.06
181 52 58.31
181 53 86.02
181 54 75.13
181 55 64.5
181 56 89.11
181 57 84.2
181 58 46.32
181 59 122.32
181 60 77.99
181 61 76.06
181 62 83.86
181 63 65.37
181 64 82.86
181 65 42.72
181 66 53.0
181 67 97.95
181 68 62.97
181 69 6.08
181 70 67.36
181 71 117.63
181 72 77.88
181 73 102.07
181 74 126.57
181 75 9.22
181 76 27.2
181 77 120.74
181 78 26.68
181 79 56.3
181 80 108.52
181 81 129.03
181 82 50.21
181 83 90.55
181 84 85.59
181 85 55.58
181 86 123.41
181 87 20.12
181 88 41.77
181 89 68.12
181 90 122.64
181 91 102.84
181 92 63.51
181 93 126.21
181 94 72.35
181 95 109.79
181 96 119.85
181 97 16.28
181 98 30.41
181 99 68.25
181 100 124.26
181 101 106.48
181 102 30.07
181 103 129.38
181 104 89.94
181 105 56.82
181 106 99.46
181 107 52.01
181 108 79.88
181 109 115.97
181 110 100.08
181 111 69.26
181 112 139.31
181 113 92.44
181 114 66.89
181 115 75.71
181 116 55.08
181 117 50.99
181 118 128.69
181 119 34.89
181 120 138.41
181 121 68.68
181 122 69.38
181 123 70.34
181 124 64.29
181 125 125.87
181 126 123.79
181 127 116.42
181 128 118.83
181 129 89.83
181 130 141.01
181 131 90.48
181 132 102.96
181 133 84.6
181 134 25.55
181 135 56.29
181 136 61.4
181 137 78.0
181 138 122.02
181 139 122.16
181 140 73.35
181 141 126.4
181 142 60.21
181 143 119.34
181 144 101.71
181 145 115.73
181 146 90.67
181 147 72.99
181 148 104.58
181 149 110.75
181 150 19.42
181 151 13.93
181 152 109.79
181 153 119.82
181 154 20.22
181 155 64.63
181 156 59.81
181 157 73.01
181 158 106.74
181 159 97.87
181 160 56.61
181 161 92.18
181 162 70.09
181 163 15.23
181 164 81.6
181 165 44.82
181 166 32.98
181 167 37.01
181 168 19.1
181 169 86.59
181 170 44.05
181 171 64.88
181 172 3.61
181 173 75.0
181 174 77.83
181 175 68.88
181 176 63.06
181 177 26.25
181 178 50.77
181 179 67.03
181 180 74.0
181 182 121.92
181 183 44.27
181 184 95.19
181 185 78.64
181 186 91.44
181 187 87.97
181 188 63.56
181 189 66.65
181 190 108.47
181 191 20.88
181 192 83.95
181 193 128.16
181 194 113.55
181 195 63.91
181 196 61.19
181 197 89.5
181 198 82.28
181 199 59.03
181 200 38.64
181 201 57.38
182 0 69.89
182 1 78.43
182 2 91.76
182 3 109.59
182 4 89.54
182 5 111.8
182 6 83.02
182 7 75.29
182 8 107.19
182 9 89.74
182 10 15.65
182 11 86.38
182 12 15.03
182 13 13.0
182 14 86.15
182 15 96.38
182 16 40.72
182 17 77.67
182 18 76.03
182 19 87.3
182 20 122.02
182 21 100.44
182 22 100.44
182 23 86.65
182 24 59.06
182 25 103.85
182 26 77.41
182 27 87.02
182 28 72.47
182 29 92.96
182 30 44.55
182 31 136.03
182 32 19.85
182 33 9.49
182 34 61.61
182 35 96.6
182 36 59.48
182 37 85.29
182 38 93.3
182 39 82.49
182 40 88.23
182 41 99.2
182 42 66.94
182 43 107.8
182 44 103.48
182 45 2.0
182 46 60.21
182 47 107.71
182 48 106.1
182 49 64.35
182 50 17.72
182 51 98.41
182 52 65.3
182 53 90.2
182 54 94.73
182 55 85.51
182 56 106.3
182 57 69.01
182 58 76.38
182 59 14.21
182 60 43.93
182 61 50.61
182 62 68.59
182 63 59.41
182 64 59.14
182 65 105.19
182 66 70.09
182 67 35.36
182 68 59.64
182 69 118.85
182 70 54.56
182 71 111.2
182 72 52.39
182 73 19.85
182 74 21.26
182 75 120.92
182 76 113.65
182 77 3.16
182 78 101.55
182 79 106.4
182 80 111.65
182 81 13.93
182 82 71.84
182 83 90.02
182 84 82.15
182 85 87.64
182 86 7.81
182 87 102.55
182 88 92.61
182 89 87.36
182 90 104.12
182 91 104.31
182 92 59.55
182 93 8.54
182 94 49.58
182 95 12.21
182 96 30.02
182 97 124.81
182 98 109.13
182 99 53.76
182 100 16.97
182 101 107.56
182 102 106.47
182 103 27.02
182 104 49.01
182 105 67.62
182 106 97.19
182 107 88.55
182 108 43.6
182 109 11.4
182 110 84.38
182 111 72.37
182 112 17.89
182 113 67.6
182 114 61.47
182 115 76.24
182 116 90.87
182 117 70.94
182 118 8.06
182 119 90.43
182 120 16.64
182 121 74.33
182 122 66.85
182 123 74.97
182 124 77.13
182 125 8.25
182 126 98.98
182 127 110.02
182 128 97.53
182 129 32.45
182 130 22.2
182 131 61.2
182 132 38.05
182 133 39.96
182 134 98.01
182 135 83.82
182 136 71.12
182 137 62.51
182 138 87.32
182 139 34.67
182 140 78.41
182 141 23.35
182 142 81.54
182 143 93.01
182 144 68.59
182 145 107.08
182 146 91.02
182 147 94.15
182 148 91.79
182 149 21.59
182 150 107.07
182 151 117.89
182 152 19.1
182 153 16.12
182 154 109.88
182 155 93.3
182 156 107.22
182 157 64.33
182 158 108.56
182 159 93.13
182 160 65.76
182 161 104.04
182 162 51.86
182 163 107.52
182 164 65.07
182 165 77.16
182 166 96.75
182 167 85.8
182 168 109.79
182 169 71.11
182 170 77.9
182 171 60.22
182 172 122.43
182 173 47.42
182 174 65.38
182 175 94.11
182 176 67.42
182 177 95.67
182 178 72.18
182 179 85.73
182 180 92.2
182 181 121.92
182 183 106.47
182 184 86.05
182 185 102.02
182 186 89.01
182 187 37.34
182 188 72.5
182 189 115.8
182 190 114.53
182 191 104.86
182 192 74.03
182 193 120.07
182 194 118.95
182 195 106.9
182 196 75.15
182 197 101.12
182 198 63.07
182 199 125.72
182 200 90.8
182 201 69.89
183 0 37.64
183 1 72.11
183 2 76.24
183 3 5.83
183 4 21.47
183 5 71.81
183 6 64.13
183 7 46.69
183 8 57.31
183 9 28.86
183 10 98.23
183 11 23.85
183 12 92.96
183 13 95.19
183 14 45.71
183 15 13.93
183 16 65.86
183 17 51.92
183 18 95.6
183 19 35.9
183 20 80.96
183 21 14.42
183 22 48.17
183 23 25.06
183 24 47.41
183 25 78.23
183 26 90.14
183 27 102.88
183 28 34.0
183 29 69.07
183 30 64.85
183 31 57.87
183 32 87.24
183 33 100.17
183 34 80.62
183 35 10.0
183 36 49.58
183 37 93.78
183 38 54.92
183 39 56.08
183 40 48.3
183 41 18.03
183 42 72.09
183 43 46.23
183 44 41.0
183 45 105.55
183 46 62.01
183 47 28.23
183 48 71.7
183 49 49.16
183 50 89.19
183 51 18.87
183 52 44.72
183 53 107.7
183 54 32.02
183 55 85.09
183 56 116.36
183 57 96.88
183 58 39.12
183 59 101.83
183 60 67.19
183 61 55.9
183 62 48.55
183 63 48.38
183 64 90.45
183 65 2.24
183 66 42.11
183 67 74.2
183 68 60.01
183 69 47.42
183 70 58.69
183 71 73.55
183 72 54.38
183 73 88.24
183 74 103.71
183 75 35.9
183 76 64.03
183 77 104.32
183 78 53.81
183 79 12.08
183 80 64.29
183 81 109.04
183 82 49.37
183 83 48.17
183 84 104.04
183 85 76.92
183 86 105.15
183 87 33.24
183 88 64.66
183 89 27.86
183 90 79.23
183 91 58.86
183 92 50.22
183 93 107.91
183 94 62.37
183 95 95.75
183 96 94.07
183 97 59.51
183 98 64.38
183 99 58.05
183 100 102.8
183 101 62.37
183 102 62.23
183 103 104.74
183 104 93.01
183 105 41.77
183 106 56.08
183 107 18.03
183 108 63.69
183 109 104.55
183 110 58.86
183 111 82.71
183 112 121.49
183 113 104.39
183 114 71.34
183 115 91.76
183 116 17.03
183 117 48.17
183 118 111.31
183 119 51.97
183 120 121.26
183 121 83.24
183 122 40.61
183 123 85.44
183 124 80.01
183 125 112.73
183 126 81.0
183 127 72.37
183 128 76.0
183 129 79.4
183 130 120.8
183 131 99.61
183 132 76.42
183 133 66.64
183 134 46.23
183 135 75.24
183 136 35.36
183 137 86.83
183 138 80.89
183 139 94.79
183 140 90.44
183 141 102.83
183 142 26.17
183 143 77.16
183 144 64.47
183 145 71.85
183 146 48.09
183 147 30.07
183 148 62.07
183 149 103.16
183 150 50.33
183 151 54.2
183 152 100.88
183 153 98.81
183 154 24.6
183 155 22.56
183 156 15.65
183 157 82.04
183 158 62.59
183 159 55.01
183 160 47.17
183 161 48.05
183 162 61.81
183 163 34.41
183 164 92.23
183 165 42.58
183 166 57.2
183 167 47.01
183 168 25.94
183 169 100.22
183 170 42.76
183 171 47.43
183 172 41.48
183 173 61.68
183 174 88.28
183 175 26.17
183 176 71.2
183 177 38.01
183 178 41.01
183 179 27.73
183 180 97.51
183 181 44.27
183 182 106.47
183 184 53.6
183 185 105.68
183 186 49.25
183 187 82.38
183 188 34.41
183 189 24.04
183 190 64.2
183 191 49.52
183 192 98.95
183 193 83.93
183 194 69.29
183 195 19.7
183 196 31.62
183 197 45.54
183 198 91.92
183 199 23.35
183 200 21.38
183 201 37.64
184 0 50.48
184 1 97.62
184 2 23.09
184 3 51.66
184 4 34.06
184 5 29.41
184 6 10.77
184 7 71.87
184 8 99.93
184 9 25.02
184 10 72.11
184 11 33.38
184 12 71.11
184 13 73.06
184 14 8.0
184 15 40.11
184 16 52.92
184 17 79.08
184 18 115.31
184 19 18.0
184 20 40.8
184 21 61.13
184 22 89.49
184 23 31.26
184 24 46.01
184 25 28.65
184 26 111.73
184 27 125.87
184 28 43.05
184 29 16.76
184 30 63.81
184 31 110.02
184 32 72.78
184 33 77.0
184 34 95.67
184 35 47.0
184 36 35.23
184 37 118.26
184 38 91.29
184 39 86.09
184 40 82.76
184 41 63.39
184 42 24.7
184 43 91.44
184 44 21.4
184 45 86.15
184 46 76.37
184 47 33.02
184 48 25.46
184 49 63.89
184 50 69.46
184 51 63.51
184 52 57.63
184 53 130.82
184 54 22.14
184 55 111.66
184 56 143.93
184 57 112.93
184 58 64.01
184 59 75.24
184 60 67.42
184 61 50.48
184 62 21.63
184 63 53.74
184 64 102.8
184 65 54.33
184 66 60.46
184 67 51.62
184 68 73.54
184 69 96.75
184 70 66.6
184 71 29.83
184 72 44.94
184 73 75.19
184 74 73.16
184 75 88.0
184 76 107.86
184 77 83.02
184 78 94.58
184 79 43.97
184 80 26.57
184 81 81.61
184 82 71.85
184 83 6.4
184 84 124.52
184 85 106.25
184 86 81.06
184 87 78.45
184 88 98.88
184 89 27.07
184 90 29.53
184 91 18.68
184 92 58.69
184 93 83.15
184 94 66.4
184 95 80.06
184 96 61.19
184 97 108.34
184 98 106.28
184 99 64.54
184 100 74.55
184 101 22.47
184 102 103.46
184 103 71.31
184 104 99.64
184 105 55.8
184 106 11.4
184 107 43.57
184 108 58.67
184 109 90.09
184 110 5.39
184 111 103.25
184 112 94.89
184 113 118.0
184 114 87.0
184 115 112.43
184 116 40.11
184 117 69.63
184 118 87.14
184 119 87.24
184 120 95.63
184 121 104.69
184 122 36.88
184 123 106.79
184 124 103.48
184 125 94.13
184 126 29.12
184 127 28.43
184 128 24.35
184 129 74.32
184 130 91.01
184 131 111.25
184 132 48.01
184 133 57.27
184 134 86.65
184 135 103.0
184 136 42.72
184 137 101.53
184 138 27.29
184 139 59.2
184 140 112.45
184 141 71.39
184 142 36.69
184 143 24.19
184 144 18.97
184 145 26.17
184 146 7.07
184 147 23.77
184 148 10.3
184 149 94.11
184 150 94.37
184 151 101.79
184 152 90.71
184 153 72.17
184 154 75.06
184 155 31.14
184 156 41.79
184 157 98.41
184 158 23.41
184 159 7.28
184 160 62.63
184 161 18.97
184 162 68.25
184 163 81.88
184 164 107.3
184 165 68.96
184 166 94.94
184 167 80.06
184 168 76.11
184 169 116.52
184 170 69.84
184 171 53.04
184 172 93.05
184 173 61.85
184 174 104.24
184 175 27.46
184 176 90.55
184 177 78.45
184 178 61.59
184 179 28.28
184 180 124.2
184 181 95.19
184 182 86.05
184 183 53.6
184 185 134.47
184 186 5.0
184 187 82.3
184 188 38.59
184 189 43.83
184 190 29.12
184 191 92.72
184 192 116.93
184 193 41.04
184 194 34.18
184 195 38.48
184 196 39.36
184 197 17.0
184 198 106.04
184 199 57.98
184 200 58.46
184 201 50.48
185 0 84.29
185 1 36.88
185 2 154.21
185 3 111.51
185 4 108.47
185 5 162.94
185 6 140.09
185 7 63.66
185 8 53.94
185 9 116.73
185 10 109.66
185 11 106.89
185 12 101.83
185 13 102.59
185 14 128.32
185 15 108.6
185 16 91.92
185 17 56.64
185 18 26.0
185 19 120.93
185 20 174.16
185 21 91.3
185 22 59.46
185 23 108.98
185 24 89.31
185 25 162.8
185 26 25.71
185 27 15.52
185 28 92.02
185 29 150.21
185 30 77.08
185 31 82.15
185 32 89.94
185 33 105.23
185 34 43.68
185 35 102.08
185 36 101.24
185 37 17.72
185 38 50.99
185 39 50.61
185 40 57.45
185 41 87.71
185 42 133.76
185 43 65.0
185 44 136.62
185 45 100.02
185 46 59.17
185 47 129.2
185 48 159.79
185 49 70.6
185 50 98.15
185 51 86.83
185 52 76.84
185 53 14.42
185 54 123.84
185 55 22.8
185 56 10.77
185 57 33.14
185 58 72.18
185 59 111.36
185 60 74.09
185 61 87.71
185 62 114.04
185 63 81.27
185 64 43.05
185 65 103.45
185 66 74.33
185 67 102.46
185 68 61.91
185 69 72.56
185 70 69.84
185 71 163.78
185 72 93.15
185 73 87.69
185 74 118.61
185 75 85.7
185 76 52.04
185 77 103.0
185 78 54.41
185 79 115.66
185 80 157.72
185 81 115.04
185 82 62.97
185 83 133.21
185 84 21.19
185 85 29.21
185 86 108.04
185 87 74.46
185 88 41.15
185 89 113.17
185 90 163.6
185 91 150.01
185 92 76.28
185 93 110.0
185 94 72.01
185 95 92.14
185 96 119.44
185 97 67.03
185 98 48.26
185 99 72.07
185 100 114.44
185 101 154.25
185 102 48.66
185 103 123.91
185 104 53.01
185 105 78.75
185 106 143.84
185 107 98.86
185 108 82.86
185 109 91.14
185 110 137.2
185 111 33.24
185 112 118.42
185 113 36.69
185 114 49.66
185 115 26.31
185 116 103.86
185 117 65.12
185 118 110.04
185 119 53.71
185 120 116.52
185 121 31.38
185 122 97.62
185 123 29.73
185 124 31.38
185 125 100.5
185 126 161.72
185 127 162.37
185 128 157.63
185 129 76.69
185 130 124.1
185 131 41.59
185 132 110.05
185 133 87.09
185 134 60.54
185 135 31.83
185 136 92.1
185 137 40.45
185 138 154.35
185 139 123.98
185 140 24.74
185 141 119.82
185 142 101.14
185 143 155.6
185 144 129.14
185 145 160.43
185 146 133.87
185 147 121.75
185 148 144.63
185 149 81.3
185 150 60.64
185 151 65.19
185 152 83.1
185 153 110.65
185 154 86.38
185 155 114.21
185 156 118.98
185 157 40.52
185 158 154.94
185 159 140.46
185 160 71.84
185 161 142.14
185 162 69.32
185 163 75.89
185 164 37.01
185 165 67.27
185 166 49.4
185 167 59.08
185 168 85.09
185 169 31.58
185 170 66.6
185 171 81.84
185 172 81.88
185 173 77.39
185 174 37.34
185 175 118.34
185 176 44.78
185 177 67.98
185 178 73.55
185 179 111.04
185 180 10.77
185 181 78.64
185 182 102.02
185 183 105.68
185 184 134.47
185 186 133.3
185 187 67.9
185 188 96.33
185 189 129.0
185 190 159.1
185 191 60.17
185 192 28.28
185 193 175.17
185 194 164.76
185 195 122.07
185 196 96.21
185 197 138.6
185 198 39.01
185 199 127.91
185 200 85.7
185 201 84.29
186 0 49.04
186 1 96.43
186 2 27.02
186 3 47.07
186 4 30.41
186 5 29.7
186 6 15.65
186 7 70.21
186 8 97.14
186 9 21.1
186 10 75.43
186 11 30.08
186 12 74.0
186 13 76.01
186 14 5.0
186 15 36.0
186 16 54.41
186 17 77.42
186 18 114.87
186 19 14.32
186 20 41.04
186 21 57.43
186 22 86.73
186 23 27.89
186 24 45.8
186 25 31.02
186 26 111.07
186 27 125.21
186 28 41.4
186 29 20.1
186 30 64.41
186 31 106.12
186 32 74.97
186 33 80.1
186 34 95.43
186 35 43.1
186 36 35.78
186 37 117.39
186 38 89.01
186 39 84.31
186 40 80.53
186 41 59.84
186 42 29.41
186 43 88.32
186 44 16.64
186 45 89.01
186 46 75.82
186 47 28.02
186 48 26.63
186 49 62.94
186 50 72.11
186 51 60.02
186 52 56.59
186 53 130.18
186 54 17.46
186 55 110.54
186 56 142.95
186 57 112.8
186 58 62.13
186 59 78.64
186 60 68.0
186 61 51.0
186 62 22.47
186 63 53.26
186 64 102.9
186 65 50.09
186 66 59.03
186 67 54.15
186 68 73.0
186 69 93.21
186 70 66.4
186 71 30.48
186 72 45.62
186 73 77.28
186 74 76.9
186 75 84.05
186 76 105.0
186 77 86.02
186 78 91.92
186 79 39.29
186 80 25.55
186 81 85.16
186 82 70.43
186 83 1.41
186 84 124.08
186 85 104.81
186 86 84.29
186 87 75.19
186 88 96.9
186 89 23.54
186 90 31.95
186 91 17.49
186 92 58.14
186 93 86.47
186 94 66.57
186 95 82.49
186 96 65.0
186 97 104.92
186 98 103.62
186 99 64.4
186 100 78.09
186 101 21.63
186 102 100.85
186 103 75.29
186 104 100.24
186 105 54.56
186 106 10.63
186 107 40.26
186 108 59.51
186 109 92.54
186 110 10.3
186 111 102.59
186 112 98.48
186 113 118.15
186 114 86.56
186 115 111.87
186 116 36.5
186 117 68.25
186 118 90.45
186 119 85.0
186 120 99.14
186 121 103.97
186 122 36.12
186 123 106.1
186 124 102.55
186 125 97.01
186 126 32.39
186 127 29.07
186 128 27.46
186 129 75.61
186 130 94.83
186 131 111.52
186 132 51.09
186 133 58.52
186 134 83.93
186 135 101.67
186 136 41.23
186 137 101.4
186 138 31.78
186 139 63.25
186 140 111.76
186 141 75.19
186 142 34.01
186 143 28.0
186 144 23.26
186 145 27.2
186 146 2.24
186 147 19.24
186 148 13.15
186 149 96.1
186 150 91.39
186 151 98.49
186 152 92.76
186 153 75.54
186 154 71.25
186 155 27.0
186 156 37.0
186 157 98.08
186 158 22.47
186 159 7.21
186 160 61.55
186 161 15.13
186 162 68.24
186 163 78.45
186 164 107.2
186 165 67.12
186 166 92.57
186 167 77.9
186 168 72.34
186 169 116.4
186 170 67.96
186 171 52.5
186 172 89.2
186 173 62.27
186 174 104.02
186 175 23.09
186 176 89.83
186 177 75.61
186 178 60.0
186 179 25.0
186 180 123.17
186 181 91.44
186 182 89.01
186 183 49.25
186 184 5.0
186 185 133.3
186 187 83.26
186 188 37.01
186 189 38.83
186 190 27.73
186 191 89.81
186 192 116.66
186 193 41.87
186 194 33.12
186 195 33.62
186 196 37.44
186 197 12.65
186 198 106.02
186 199 53.0
186 200 55.36
186 201 49.04
187 0 45.18
187 1 41.11
187 2 96.67
187 3 86.83
187 4 71.11
187 5 111.51
187 6 84.05
187 7 41.88
187 8 70.8
187 9 75.13
187 10 42.01
187 11 68.18
187 12 34.06
187 13 35.0
187 14 78.92
187 15 76.03
187 16 30.0
187 17 42.45
187 18 42.45
187 19 75.69
187 20 122.8
187 21 72.73
187 22 65.07
187 23 69.35
187 24 39.62
187 25 107.42
187 26 42.3
187 27 54.12
187 28 51.01
187 29 94.87
187 30 19.42
187 31 101.12
187 32 22.09
187 33 38.21
187 34 25.02
187 35 73.55
187 36 47.54
187 37 50.36
187 38 57.01
187 39 46.23
187 40 53.04
187 41 70.58
187 42 72.84
187 43 72.84
187 44 93.41
187 45 35.47
187 46 24.84
187 47 92.66
187 48 106.85
187 49 33.84
187 50 30.27
187 51 69.64
187 52 37.66
187 53 58.19
187 54 81.79
187 55 49.09
187 56 74.04
187 57 36.77
187 58 45.69
187 59 44.05
187 60 16.12
187 61 32.57
187 62 60.84
187 63 35.0
187 64 25.63
187 65 80.6
187 66 40.8
187 67 37.2
187 68 25.24
187 69 84.17
187 70 23.77
187 71 111.65
187 72 37.7
187 73 20.0
187 74 51.01
187 75 88.48
187 76 76.85
187 77 37.36
187 78 65.44
187 79 86.09
187 80 108.69
187 81 48.66
187 82 38.28
187 83 83.77
187 84 50.33
187 85 50.45
187 86 41.77
187 87 69.89
187 88 55.47
187 89 71.85
187 90 108.0
187 91 100.65
187 92 32.25
187 93 44.15
187 94 20.1
187 95 25.71
187 96 51.66
187 97 88.87
187 98 72.2
187 99 24.33
187 100 47.01
187 101 104.65
187 102 69.64
187 103 56.14
187 104 18.44
187 105 40.61
187 106 93.47
187 107 66.19
187 108 23.77
187 109 28.84
187 110 83.01
187 111 36.01
187 112 55.15
187 113 38.83
187 114 24.17
187 115 41.59
187 116 70.03
187 117 38.08
187 118 45.22
187 119 54.56
187 120 53.71
187 121 38.01
187 122 50.01
187 123 39.01
187 124 40.31
187 125 39.12
187 126 104.48
187 127 110.28
187 128 101.4
187 129 9.43
187 130 59.2
187 131 31.62
187 132 44.65
187 133 25.24
187 134 62.94
187 135 46.57
187 136 50.04
187 137 27.46
187 138 94.79
187 139 56.32
187 140 43.29
187 141 52.09
187 142 62.07
187 143 98.08
187 144 70.43
187 145 107.7
187 146 84.69
187 147 80.41
187 148 91.07
187 149 22.8
187 150 71.51
187 151 82.22
187 152 21.93
187 153 43.01
187 154 79.18
187 155 76.32
187 156 88.01
187 157 28.0
187 158 105.55
187 159 89.44
187 160 35.74
187 161 96.46
187 162 20.62
187 163 74.63
187 164 31.62
187 165 44.78
187 166 60.22
187 167 50.99
187 168 78.77
187 169 39.81
187 170 45.28
187 171 36.0
187 172 89.02
187 173 22.2
187 174 30.59
187 175 78.77
187 176 30.08
187 177 62.2
187 178 42.38
187 179 69.72
187 180 57.43
187 181 87.97
187 182 37.34
187 183 82.38
187 184 82.3
187 185 67.9
187 186 83.26
187 188 53.24
187 189 98.02
187 190 110.98
187 191 69.35
187 192 41.79
187 193 122.33
187 194 116.3
187 195 89.05
187 196 55.08
187 197 92.97
187 198 29.73
187 199 104.58
187 200 62.94
187 201 45.18
188 0 12.04
188 1 59.46
188 2 60.17
188 3 37.12
188 4 18.03
188 5 66.6
188 6 45.88
188 7 33.29
188 8 62.97
188 9 22.47
188 10 63.82
188 11 15.0
188 12 58.67
188 13 60.9
188 14 32.02
188 15 24.04
188 16 31.78
188 17 40.5
188 18 78.82
188 19 25.0
188 20 77.83
188 21 32.25
188 22 52.61
188 23 16.12
188 24 14.14
188 25 67.23
188 26 74.65
188 27 88.73
188 28 4.47
188 29 55.01
188 30 34.01
188 31 79.08
188 32 53.76
188 33 65.86
188 34 60.03
188 35 24.41
188 36 15.81
188 37 80.66
188 38 53.14
188 39 47.51
188 40 44.6
188 41 32.7
188 42 46.01
188 43 56.01
188 44 42.06
188 45 71.69
188 46 39.96
188 47 39.46
188 48 63.6
188 49 26.4
188 50 55.01
188 51 32.31
188 52 20.0
188 53 93.72
188 54 29.55
188 55 73.59
188 56 106.08
188 57 77.52
188 58 25.5
188 59 67.42
188 60 37.12
188 61 22.56
188 62 21.1
188 63 18.68
188 64 68.45
188 65 33.42
188 66 22.02
188 67 39.82
188 68 37.22
188 69 63.51
188 70 31.95
188 71 67.48
188 72 20.12
188 73 55.08
188 74 69.43
188 75 58.52
188 76 71.02
188 77 70.21
188 78 57.27
188 79 34.21
188 80 61.55
188 81 74.63
188 82 33.42
188 83 36.88
188 84 88.01
188 85 67.8
188 86 70.83
188 87 44.28
188 88 60.37
188 89 18.97
188 90 68.1
188 91 53.74
188 92 22.85
188 93 73.57
188 94 33.73
188 95 62.3
188 96 60.21
188 97 74.06
188 98 68.88
188 99 30.36
188 100 68.41
188 101 57.98
188 102 65.97
188 103 70.72
188 104 67.72
188 105 17.69
188 106 47.51
188 107 16.4
188 108 31.26
188 109 71.57
188 110 42.05
188 111 66.22
188 112 87.13
188 113 83.63
188 114 50.77
188 115 75.6
188 116 18.38
188 117 31.24
188 118 77.03
188 119 49.04
188 120 86.95
188 121 67.48
188 122 6.4
188 123 69.66
188 124 65.8
188 125 79.12
188 126 67.12
188 127 66.07
188 128 62.61
188 129 48.09
188 130 86.4
188 131 77.47
188 132 42.52
188 133 33.24
188 134 49.65
188 135 64.66
188 136 4.24
188 137 66.24
188 138 62.1
188 139 61.4
188 140 75.29
188 141 68.62
188 142 9.22
188 143 61.47
188 144 39.05
188 145 64.2
188 146 37.54
188 147 27.86
188 148 48.88
188 149 71.57
188 150 58.22
188 151 67.01
188 152 68.88
188 153 64.4
188 154 45.31
188 155 23.09
188 156 35.51
188 157 62.43
188 158 58.69
188 159 44.2
188 160 24.84
188 161 46.62
188 162 34.48
188 163 48.66
188 164 72.07
188 165 30.41
188 166 56.92
188 167 41.79
188 168 45.88
188 169 81.12
188 170 31.3
188 171 17.72
188 172 62.36
188 173 31.06
188 174 68.6
188 175 25.71
188 176 53.41
188 177 42.11
188 178 23.02
188 179 16.76
188 180 86.28
188 181 63.56
188 182 72.5
188 183 34.41
188 184 38.59
188 185 96.33
188 186 37.01
188 187 53.24
188 189 45.1
188 190 63.13
188 191 56.32
188 192 80.99
188 193 78.87
188 194 68.77
188 195 36.06
188 196 2.83
188 197 43.01
188 198 71.12
188 199 53.45
188 200 25.0
188 201 12.04
189 0 53.34
189 1 94.37
189 2 63.32
189 3 18.44
189 4 27.07
189 5 53.01
189 6 54.38
189 7 67.78
189 8 81.34
189 9 26.4
189 10 104.92
189 11 30.15
189 12 101.19
189 13 103.41
189 14 37.54
189 15 22.36
189 16 75.71
189 17 73.82
189 18 117.18
189 19 30.81
189 20 60.53
189 21 38.29
189 22 72.18
189 23 29.43
189 24 59.21
189 25 61.98
189 26 112.0
189 27 125.24
189 28 47.01
189 29 55.71
189 30 79.03
189 31 78.77
189 32 98.06
189 33 108.17
189 34 100.69
189 35 27.31
189 36 56.32
189 37 116.28
189 38 78.6
189 39 78.77
189 40 71.56
189 41 41.87
189 42 67.21
189 43 70.18
189 44 24.35
189 45 115.25
189 46 81.02
189 47 10.82
189 48 54.45
189 49 67.27
189 50 98.08
189 51 42.64
189 52 61.66
189 53 130.15
189 54 23.43
189 55 107.82
189 56 139.61
189 57 117.64
189 58 59.46
189 59 108.46
189 60 82.0
189 61 67.48
189 62 49.24
189 63 63.03
189 64 110.11
189 65 26.17
189 66 60.64
189 67 80.99
189 68 78.64
189 69 70.49
189 70 75.43
189 71 55.04
189 72 64.13
189 73 99.64
189 74 108.67
189 75 57.7
189 76 87.97
189 77 113.23
189 78 77.83
189 79 13.42
189 80 45.0
189 81 115.55
189 82 69.89
189 83 37.44
189 84 125.92
189 85 99.98
189 86 112.95
189 87 57.28
189 88 88.23
189 89 28.46
189 90 62.97
189 91 41.59
189 92 66.27
189 93 115.52
189 94 78.1
189 95 106.51
189 96 97.62
189 97 82.49
189 98 88.41
189 99 74.24
189 100 108.75
189 101 44.18
189 102 86.27
189 103 108.41
189 104 111.16
189 105 58.69
189 106 41.44
189 107 32.76
189 108 76.32
189 109 116.1
189 110 49.09
189 111 104.18
189 112 128.69
189 113 124.72
189 114 91.21
189 115 113.46
189 116 28.28
189 117 68.31
189 118 119.27
189 119 75.45
189 120 128.88
189 121 104.92
189 122 49.65
189 123 107.15
189 124 102.04
189 125 122.97
189 126 66.22
189 127 54.08
189 128 61.4
189 129 93.19
189 130 126.57
189 131 119.33
189 132 80.96
189 133 77.93
189 134 70.18
189 135 98.01
189 136 48.0
189 137 107.0
189 138 69.35
189 139 97.1
189 140 112.4
189 141 107.35
189 142 36.01
189 143 63.91
189 144 60.11
189 145 54.33
189 146 36.89
189 147 23.02
189 148 49.24
189 149 116.62
189 150 74.33
189 151 77.67
189 152 113.86
189 153 105.31
189 154 48.01
189 155 22.56
189 156 10.44
189 157 102.49
189 158 44.1
189 159 42.05
189 160 65.31
189 161 30.81
189 162 78.31
189 163 58.26
189 164 112.64
189 165 63.69
189 166 81.06
189 167 69.97
189 168 49.41
189 169 121.12
189 170 64.08
189 171 62.03
189 172 63.51
189 173 76.01
189 174 108.81
189 175 21.93
189 176 92.03
189 177 61.85
189 178 60.17
189 179 30.08
189 180 120.44
189 181 66.65
189 182 115.8
189 183 24.04
189 184 43.83
189 185 129.0
189 186 38.83
189 187 98.02
189 188 45.1
189 190 44.1
189 191 73.55
189 192 120.21
189 193 64.2
189 194 48.51
189 195 9.06
189 196 43.01
189 197 29.73
189 198 112.09
189 199 14.32
189 200 43.42
189 201 53.34
190 0 75.07
190 1 122.35
190 2 30.02
190 3 59.91
190 4 51.61
190 5 9.85
190 6 32.06
190 7 95.48
190 8 118.7
190 9 42.64
190 10 100.08
190 11 52.63
190 12 99.72
190 13 101.6
190 14 32.25
190 15 54.12
190 16 81.93
190 17 102.59
190 18 141.82
190 19 38.21
190 20 16.76
190 21 76.06
190 22 108.56
190 23 50.45
190 24 73.25
190 25 22.02
190 26 137.77
190 27 151.86
190 28 67.27
190 29 24.35
190 30 92.13
190 31 121.75
190 32 101.87
190 33 105.3
190 34 122.64
190 35 61.72
190 36 63.51
190 37 143.75
190 38 112.41
190 39 109.12
190 40 104.2
190 41 79.16
190 42 49.25
190 43 108.67
190 44 23.71
190 45 114.74
190 46 102.8
190 47 36.14
190 48 14.14
190 49 89.5
190 50 98.31
190 51 79.61
190 52 83.1
190 53 156.85
190 54 35.81
190 55 136.49
190 56 169.04
190 57 140.09
190 58 87.05
190 59 103.02
190 60 95.71
190 61 78.71
190 62 50.16
190 63 80.45
190 64 130.38
190 65 65.79
190 66 84.9
190 67 80.6
190 68 100.0
190 69 111.43
190 70 93.74
190 71 12.08
190 72 73.35
190 73 104.29
190 74 100.12
190 75 100.0
190 76 126.18
190 77 111.45
190 78 114.06
190 79 52.2
190 80 3.16
190 81 109.02
190 82 96.18
190 83 27.29
190 84 151.03
190 85 130.18
190 86 109.11
190 87 95.26
190 88 121.04
190 89 46.1
190 90 22.8
190 91 10.44
190 92 85.21
190 93 111.04
190 94 94.15
190 95 109.04
190 96 88.09
190 97 123.49
190 98 125.54
190 99 91.81
190 100 102.0
190 101 7.0
190 102 122.97
190 103 97.51
190 104 127.94
190 105 80.81
190 106 17.72
190 107 61.85
190 108 87.24
190 109 119.05
190 110 30.15
190 111 129.32
190 112 122.1
190 113 145.65
190 114 113.6
190 115 138.68
190 116 57.14
190 117 94.07
190 118 115.04
190 119 108.6
190 120 123.04
190 121 130.6
190 122 63.25
190 123 132.77
190 124 128.89
190 125 122.69
190 126 28.28
190 127 11.66
190 128 25.0
190 129 103.25
190 130 117.52
190 131 139.09
190 132 76.53
190 133 86.16
190 134 106.0
190 135 127.29
190 136 67.36
190 137 128.71
190 138 37.22
190 139 85.38
190 140 138.41
190 141 98.18
190 142 58.05
190 143 29.68
190 144 46.04
190 145 13.45
190 146 26.42
190 147 38.01
190 148 23.02
190 149 123.23
190 150 112.29
190 151 117.78
190 152 119.82
190 153 100.04
190 154 88.6
190 155 46.32
190 156 48.76
190 157 125.21
190 158 6.0
190 159 21.84
190 160 87.97
190 161 17.2
190 162 95.72
190 163 97.58
190 164 134.53
190 165 92.02
190 166 115.68
190 167 101.83
190 168 89.89
190 169 143.69
190 170 92.76
190 171 79.63
190 172 105.65
190 173 89.94
190 174 131.24
190 175 41.88
190 176 116.52
190 177 97.42
190 178 85.56
190 179 48.17
190 180 149.24
190 181 108.47
190 182 114.53
190 183 64.2
190 184 29.12
190 185 159.1
190 186 27.73
190 187 110.98
190 188 63.13
190 189 44.1
190 191 111.02
190 192 143.81
190 193 20.1
190 194 5.66
190 195 44.64
190 196 62.97
190 197 20.62
190 198 133.41
190 199 57.08
190 200 76.85
190 201 75.07
191 0 47.04
191 1 36.06
191 2 115.45
191 3 55.15
191 4 60.01
191 5 117.2
191 6 101.41
191 7 30.46
191 8 7.81
191 9 69.46
191 10 103.75
191 11 59.81
191 12 96.18
191 13 98.01
191 14 85.07
191 15 56.94
191 16 72.73
191 17 27.2
191 18 58.86
191 19 75.61
191 20 127.48
191 21 35.61
191 22 4.47
191 23 62.03
191 24 58.55
191 25 120.81
191 26 52.77
191 27 62.01
191 28 52.15
191 29 109.48
191 30 61.72
191 31 31.89
191 32 85.76
191 33 102.58
191 34 52.84
191 35 49.4
191 36 69.07
191 37 53.01
191 38 13.42
191 39 23.43
191 40 16.64
191 41 32.2
191 42 102.12
191 43 5.0
191 44 87.32
191 45 103.23
191 46 44.82
191 47 76.61
191 48 115.69
191 49 42.72
191 50 91.71
191 51 31.62
191 52 45.12
191 53 66.12
191 54 75.58
191 55 44.05
191 56 70.88
191 57 63.32
191 58 33.38
191 59 106.89
191 60 61.4
191 61 63.06
191 62 77.41
191 63 52.39
191 64 62.17
191 65 47.42
191 66 39.81
191 67 84.77
191 68 45.22
191 69 15.65
191 70 51.0
191 71 118.6
191 72 66.1
191 73 85.15
191 74 111.89
191 75 26.02
191 76 15.23
191 77 104.01
191 78 6.0
191 79 61.07
191 80 110.48
191 81 113.25
191 82 33.54
191 83 89.2
191 84 65.12
191 85 35.06
191 86 107.19
191 87 16.28
191 88 21.1
191 89 66.48
191 90 121.76
191 91 103.79
191 92 49.34
191 93 109.93
191 94 55.95
191 95 92.66
191 96 106.57
191 97 20.12
191 98 14.87
191 99 52.33
191 100 109.12
191 101 107.79
191 102 12.81
191 103 115.32
191 104 69.64
191 105 44.55
191 106 99.16
191 107 49.77
191 108 65.0
191 109 97.95
191 110 97.02
191 111 48.38
191 112 122.59
191 113 71.57
191 114 47.01
191 115 54.92
191 116 54.13
191 117 34.93
191 118 112.06
191 119 14.87
191 120 121.49
191 121 47.8
191 122 61.03
191 123 49.48
191 124 43.42
191 125 108.07
191 126 121.84
191 127 117.27
191 128 117.05
191 129 72.42
191 130 125.03
191 131 69.64
191 132 90.71
191 133 70.01
191 134 7.28
191 135 35.51
191 136 53.08
191 137 57.27
191 138 118.07
191 139 109.48
191 140 52.61
191 141 112.0
191 142 56.04
191 143 116.66
191 144 95.34
191 145 116.08
191 146 89.54
191 147 73.35
191 148 102.79
191 149 91.92
191 150 2.24
191 151 13.04
191 152 91.29
191 153 104.65
191 154 26.93
191 155 64.85
191 156 64.66
191 157 52.33
191 158 108.23
191 159 96.8
191 160 42.06
191 161 93.94
191 162 53.34
191 163 16.12
191 164 60.75
191 165 30.08
191 166 12.17
191 167 19.24
191 168 25.55
191 169 65.73
191 170 29.12
191 171 52.17
191 172 23.35
191 173 59.51
191 174 57.01
191 175 69.32
191 176 42.72
191 177 14.32
191 178 37.66
191 179 64.85
191 180 54.33
191 181 20.88
191 182 104.86
191 183 49.52
191 184 92.72
191 185 60.17
191 186 89.81
191 187 69.35
191 188 56.32
191 189 73.55
191 190 111.02
191 192 63.15
191 193 129.71
191 194 116.47
191 195 68.41
191 196 54.59
191 197 90.79
191 198 61.47
191 199 69.63
191 200 34.54
191 201 47.04
192 0 69.46
192 1 28.0
192 2 134.54
192 3 104.55
192 4 96.15
192 5 146.22
192 6 120.93
192 7 52.5
192 8 59.77
192 9 103.08
192 10 82.57
192 11 93.94
192 12 74.95
192 13 75.5
192 14 111.83
192 15 98.23
192 16 69.07
192 17 47.07
192 18 4.47
192 19 105.95
192 20 157.61
192 21 85.51
192 22 60.53
192 23 95.77
192 24 70.94
192 25 144.25
192 26 10.44
192 27 13.0
192 28 77.18
192 29 131.52
192 30 54.82
192 31 92.11
192 32 63.32
192 33 77.78
192 34 21.26
192 35 92.97
192 36 82.04
192 37 14.21
192 38 50.36
192 39 44.1
192 40 53.04
192 41 82.2
192 42 112.2
192 43 68.07
192 44 122.97
192 45 72.03
192 46 41.05
192 47 118.11
192 48 142.34
192 49 54.71
192 50 71.57
192 51 81.22
192 52 61.06
192 53 16.49
192 54 110.28
192 55 20.59
192 56 32.56
192 57 5.1
192 58 60.75
192 59 84.01
192 60 51.4
192 61 67.21
192 62 95.52
192 63 63.41
192 64 16.16
192 65 96.77
192 66 60.37
192 67 78.29
192 68 43.83
192 69 78.34
192 70 50.33
192 71 146.75
192 72 72.86
192 73 60.88
192 74 91.41
192 75 88.68
192 76 61.74
192 77 75.17
192 78 57.27
192 79 106.89
192 80 142.0
192 81 87.28
192 82 50.33
192 83 116.82
192 84 8.54
192 85 28.79
192 86 80.31
192 87 73.0
192 88 42.2
192 89 99.48
192 90 144.96
192 91 134.01
192 92 58.6
192 93 82.15
192 94 50.93
192 95 64.63
192 96 93.3
192 97 77.08
192 98 56.86
192 99 52.4
192 100 87.13
192 101 138.22
192 102 55.71
192 103 96.88
192 104 25.18
192 105 63.63
192 106 127.28
192 107 87.85
192 108 60.61
192 109 63.01
192 110 118.83
192 111 16.28
192 112 90.2
192 113 9.9
192 114 30.23
192 115 8.25
192 116 92.7
192 117 52.0
192 118 82.01
192 119 51.04
192 120 88.28
192 121 16.03
192 122 80.6
192 123 14.0
192 124 20.02
192 125 72.25
192 126 142.27
192 127 145.34
192 128 138.62
192 129 51.08
192 130 96.01
192 131 13.34
192 132 85.88
192 133 64.07
192 134 60.21
192 135 27.66
192 136 76.85
192 137 15.62
192 138 133.69
192 139 98.03
192 140 10.77
192 141 92.76
192 142 87.71
192 143 135.95
192 144 108.58
192 145 143.09
192 146 117.61
192 147 108.41
192 148 126.67
192 149 53.08
192 150 64.54
192 151 72.73
192 152 55.0
192 153 83.55
192 154 85.02
192 155 101.97
192 156 109.79
192 157 18.6
192 158 139.01
192 159 123.56
192 160 56.44
192 161 127.58
192 162 48.8
192 163 76.11
192 164 10.3
192 165 56.61
192 166 50.99
192 167 53.24
192 168 84.01
192 169 3.61
192 170 56.32
192 171 64.2
192 172 86.49
192 173 55.97
192 174 12.73
192 175 105.59
192 176 28.23
192 177 65.03
192 178 60.42
192 179 97.25
192 180 19.7
192 181 83.95
192 182 74.03
192 183 98.95
192 184 116.93
192 185 28.28
192 186 116.66
192 187 41.79
192 188 80.99
192 189 120.21
192 190 143.81
192 191 63.15
192 193 157.95
192 194 149.4
192 195 112.16
192 196 81.63
192 197 123.98
192 198 12.08
192 199 122.25
192 200 77.62
192 201 69.46
193 0 90.91
193 1 138.29
193 2 28.44
193 3 79.83
193 4 69.77
193 5 12.53
193 6 38.47
193 7 112.0
193 8 137.3
193 9 60.42
193 10 104.79
193 11 70.33
193 12 105.95
193 13 107.56
193 14 46.86
193 15 73.16
193 16 92.44
193 17 119.2
193 18 156.35
193 19 54.92
193 20 5.0
193 21 95.27
193 22 127.02
193 23 68.1
193 24 87.05
193 25 16.28
193 26 152.74
193 27 166.88
193 28 83.24
193 29 27.73
193 30 104.4
193 31 141.66
193 32 110.17
193 33 110.6
193 34 136.69
193 35 80.78
193 36 76.06
193 37 159.18
193 38 130.17
193 39 126.02
193 40 121.79
193 41 98.23
193 42 53.16
193 43 127.63
193 44 43.01
193 45 120.6
193 46 117.39
193 47 56.09
193 48 15.62
193 49 104.74
193 50 105.34
193 51 98.62
193 52 98.41
193 53 171.83
193 54 54.13
193 55 152.4
193 56 184.78
193 57 153.91
193 58 103.81
193 59 107.28
193 60 108.0
193 61 91.21
193 62 62.48
193 63 94.76
193 64 143.68
193 65 85.44
193 66 100.9
193 67 88.64
193 68 114.56
193 69 130.92
193 70 107.63
193 71 11.4
193 72 85.6
193 73 112.81
193 74 103.1
193 75 119.82
193 76 144.93
193 77 116.91
193 78 132.41
193 79 72.03
193 80 19.65
193 81 112.45
193 82 112.29
193 83 42.01
193 84 165.56
193 85 146.65
193 86 113.78
193 87 114.24
193 88 138.4
193 89 63.63
193 90 16.12
193 91 25.94
193 92 99.7
193 93 115.32
193 94 107.3
193 95 116.46
193 96 91.41
193 97 142.95
193 98 144.01
193 99 105.55
193 100 105.72
193 101 21.93
193 102 141.35
193 103 99.5
193 104 140.09
193 105 96.43
193 106 31.4
193 107 80.06
193 108 99.05
193 109 126.19
193 110 39.41
193 111 144.25
193 112 124.9
193 113 158.84
193 114 128.04
193 115 153.46
193 116 75.58
193 117 110.11
193 118 119.24
193 119 126.25
193 120 126.15
193 121 145.67
193 122 77.79
193 123 147.79
193 124 144.36
193 125 128.32
193 126 22.0
193 127 12.81
193 128 22.56
193 129 113.88
193 130 119.34
193 131 152.0
193 132 83.22
193 133 97.1
193 134 124.35
193 135 143.53
193 136 83.1
193 137 142.52
193 138 34.01
193 139 87.82
193 140 153.44
193 141 100.98
193 142 75.17
193 143 27.29
193 144 52.8
193 145 14.87
193 146 41.4
193 147 56.36
193 148 31.4
193 149 131.7
193 150 131.1
193 151 137.06
193 152 128.16
193 153 104.56
193 154 108.16
193 155 64.88
193 156 68.66
193 157 139.45
193 158 21.54
193 159 34.71
193 160 103.39
193 161 36.06
193 162 109.22
193 163 116.81
193 164 148.27
193 165 108.81
193 166 133.6
193 167 119.27
193 168 109.42
193 169 157.49
193 170 109.62
193 171 94.05
193 172 125.42
193 173 102.62
193 174 145.25
193 175 60.42
193 176 131.53
193 177 115.84
193 178 101.83
193 179 65.51
193 180 165.01
193 181 128.16
193 182 120.07
193 183 83.93
193 184 41.04
193 185 175.17
193 186 41.87
193 187 122.33
193 188 78.87
193 189 64.2
193 190 20.1
193 191 129.71
193 192 157.95
193 194 16.12
193 195 64.54
193 196 79.2
193 197 39.0
193 198 146.99
193 199 77.01
193 200 95.26
193 201 90.91
194 0 80.72
194 1 128.0
194 2 31.95
194 3 64.85
194 4 57.2
194 5 9.43
194 6 36.06
194 7 101.14
194 8 124.17
194 9 48.27
194 10 104.31
194 11 58.26
194 12 104.24
194 13 106.07
194 14 37.74
194 15 59.54
194 16 87.09
194 17 108.25
194 18 147.43
194 19 43.86
194 20 12.04
194 21 81.39
194 22 114.06
194 23 56.08
194 24 78.77
194 25 22.2
194 26 143.4
194 27 157.49
194 28 72.92
194 29 27.29
194 30 97.53
194 31 126.65
194 32 106.74
194 33 109.66
194 34 128.22
194 35 67.12
194 36 68.88
194 37 149.4
194 38 118.0
194 39 114.77
194 40 109.81
194 41 84.53
194 42 53.01
194 43 114.06
194 44 29.15
194 45 119.22
194 46 108.41
194 47 41.11
194 48 15.23
194 49 95.13
194 50 102.96
194 51 85.0
194 52 88.73
194 53 162.48
194 54 41.4
194 55 142.14
194 56 174.69
194 57 145.66
194 58 92.7
194 59 107.17
194 60 101.12
194 61 84.12
194 62 55.46
194 63 86.02
194 64 135.91
194 65 70.94
194 66 90.55
194 67 85.38
194 68 105.6
194 69 116.62
194 70 99.3
194 71 11.4
194 72 78.71
194 73 109.2
194 74 104.0
194 75 105.0
194 76 131.61
194 77 115.85
194 78 119.57
194 79 57.25
194 80 7.62
194 81 113.02
194 82 101.83
194 83 32.76
194 84 156.65
194 85 135.83
194 86 113.36
194 87 100.65
194 88 126.66
194 89 51.74
194 90 22.8
194 91 15.65
194 92 90.8
194 93 115.21
194 94 99.64
194 95 113.78
194 96 92.0
194 97 128.69
194 98 131.03
194 99 97.35
194 100 106.04
194 101 11.7
194 102 128.47
194 103 101.18
194 104 133.36
194 105 86.45
194 106 22.85
194 107 67.42
194 108 92.57
194 109 123.76
194 110 34.71
194 111 134.95
194 112 126.0
194 113 151.17
194 114 119.2
194 115 144.31
194 116 62.68
194 117 99.72
194 118 119.21
194 119 114.2
194 120 127.0
194 121 136.24
194 122 68.82
194 123 138.41
194 124 134.54
194 125 127.14
194 126 28.84
194 127 11.66
194 128 26.4
194 129 108.46
194 130 121.2
194 131 144.59
194 132 81.05
194 133 91.39
194 134 111.52
194 135 132.94
194 136 73.0
194 137 134.27
194 138 39.0
194 139 89.09
194 140 144.05
194 141 102.02
194 142 63.7
194 143 31.38
194 144 50.36
194 145 14.32
194 146 31.91
194 147 43.6
194 148 27.17
194 149 128.16
194 150 117.72
194 151 123.07
194 152 124.72
194 153 104.24
194 154 93.78
194 155 51.87
194 156 53.76
194 157 130.8
194 158 10.77
194 159 26.93
194 160 93.61
194 161 22.8
194 162 101.24
194 163 102.88
194 164 140.09
194 165 97.67
194 166 121.25
194 167 107.45
194 168 95.08
194 169 149.26
194 170 98.41
194 171 85.21
194 172 110.68
194 173 95.38
194 174 136.82
194 175 47.43
194 176 122.15
194 177 102.93
194 178 91.22
194 179 53.81
194 180 154.9
194 181 113.55
194 182 118.95
194 183 69.29
194 184 34.18
194 185 164.76
194 186 33.12
194 187 116.3
194 188 68.77
194 189 48.51
194 190 5.66
194 191 116.47
194 192 149.4
194 193 16.12
194 195 49.65
194 196 68.62
194 197 26.25
194 198 138.96
194 199 61.01
194 200 82.38
194 201 80.72
195 0 44.55
195 1 86.83
195 2 59.67
195 3 15.3
195 4 18.03
195 5 52.61
195 6 49.24
195 7 59.93
195 8 76.22
195 9 18.03
195 10 96.25
195 11 21.1
195 12 92.36
195 13 94.58
195 14 31.38
195 15 13.93
195 16 66.71
195 17 66.24
195 18 109.25
195 19 23.35
195 20 61.4
195 21 32.8
195 22 66.6
195 23 20.4
195 24 50.16
195 25 60.03
195 26 104.22
195 27 117.65
195 28 38.05
195 29 52.17
195 30 70.01
195 31 77.13
195 32 89.05
195 33 99.37
195 34 92.35
195 35 20.0
195 36 47.43
195 37 108.78
195 38 72.25
195 39 71.56
195 40 64.82
195 41 36.24
195 42 60.61
195 43 65.46
195 44 22.02
195 45 106.32
195 46 72.53
195 47 8.54
195 48 53.04
195 49 58.69
195 50 89.19
195 51 36.88
195 52 52.95
195 53 122.59
195 54 16.64
195 55 100.5
195 56 132.57
195 57 109.44
195 58 51.48
195 59 99.81
195 60 73.01
195 61 58.42
195 62 41.05
195 63 54.08
195 64 101.65
195 65 21.47
195 66 52.2
195 67 72.24
195 68 70.09
195 69 67.12
195 70 66.61
195 71 54.45
195 72 55.11
195 73 90.61
195 74 100.24
195 75 55.36
195 76 83.23
195 77 104.36
195 78 72.25
195 79 7.62
195 80 44.91
195 81 106.93
195 82 61.85
195 83 32.31
195 84 118.11
195 85 92.91
195 86 104.18
195 87 52.2
195 88 81.69
195 89 19.7
195 90 61.03
195 91 40.05
195 92 57.43
195 93 106.78
195 94 69.18
195 95 97.51
195 96 89.36
195 97 79.2
195 98 83.24
195 99 65.38
195 100 100.18
195 101 43.29
195 102 80.92
195 103 100.17
195 104 102.42
195 105 50.01
195 106 38.33
195 107 24.35
195 108 67.27
195 109 107.08
195 110 43.86
195 111 96.25
195 112 120.02
195 113 116.39
195 114 82.86
195 115 105.6
195 116 19.65
195 117 60.17
195 118 110.49
195 119 68.88
195 120 120.15
195 121 97.08
195 122 40.61
195 123 99.32
195 124 94.37
195 125 114.02
195 126 63.51
195 127 53.34
195 128 58.55
195 129 84.15
195 130 118.07
195 131 110.86
195 132 72.47
195 133 68.88
195 134 64.38
195 135 90.74
195 136 39.01
195 137 98.67
195 138 65.15
195 139 89.05
195 140 104.65
195 141 98.98
195 142 27.0
195 143 60.42
195 144 53.26
195 145 53.08
195 146 31.95
195 147 15.62
195 148 45.35
195 149 107.56
195 150 69.4
195 151 73.82
195 152 104.81
195 153 96.66
195 154 44.28
195 155 13.6
195 156 4.12
195 157 94.24
195 158 43.42
195 159 38.08
195 160 56.75
195 161 29.07
195 162 69.46
195 163 53.85
195 164 104.36
195 165 55.9
195 166 74.97
195 167 63.01
195 168 45.62
195 169 112.95
195 170 56.36
195 171 53.08
195 172 61.03
195 173 67.0
195 174 100.57
195 175 13.6
195 176 83.93
195 177 55.87
195 178 51.87
195 179 21.19
195 180 113.21
195 181 63.91
195 182 106.9
195 183 19.7
195 184 38.48
195 185 122.07
195 186 33.62
195 187 89.05
195 188 36.06
195 189 9.06
195 190 44.64
195 191 68.41
195 192 112.16
195 193 64.54
195 194 49.65
195 196 34.0
195 197 27.02
195 198 103.74
195 199 20.52
195 200 36.4
195 201 44.55
196 0 12.21
196 1 59.4
196 2 61.35
196 3 34.44
196 4 16.03
196 5 66.84
196 6 47.13
196 7 32.8
196 8 61.39
196 9 21.47
196 10 66.61
196 11 13.15
196 12 61.4
196 13 63.63
196 14 32.45
196 15 21.59
196 16 34.44
196 17 40.0
196 18 79.32
196 19 24.76
196 20 77.99
196 21 29.53
196 22 50.99
196 23 14.56
196 24 16.49
196 25 68.0
196 26 75.0
196 27 89.02
196 28 4.47
196 29 55.95
196 30 36.01
196 31 76.69
196 32 56.3
196 33 68.6
196 34 60.83
196 35 21.63
196 36 18.6
196 37 80.81
196 38 52.0
196 39 46.87
196 40 43.46
196 41 30.08
196 42 48.09
196 43 54.08
196 44 41.34
196 45 74.32
196 46 40.71
196 47 37.85
196 48 64.07
196 49 26.93
196 50 57.71
196 51 29.73
196 52 20.59
196 53 94.02
196 54 28.65
196 55 73.54
196 56 106.08
196 57 78.29
196 58 24.7
196 59 70.21
196 60 39.01
196 61 25.0
196 62 23.0
196 63 20.22
196 64 69.46
196 65 30.61
196 66 21.93
196 67 42.64
196 68 38.01
196 69 61.29
196 70 33.24
196 71 67.8
196 72 22.83
196 73 57.57
196 74 72.25
196 75 55.97
196 76 69.43
196 77 72.9
196 78 55.79
196 79 31.78
196 80 61.52
196 81 77.42
196 82 33.24
196 83 37.2
196 84 88.48
196 85 67.48
196 86 73.57
196 87 42.11
196 88 59.54
196 89 17.89
196 90 68.88
196 91 53.81
196 92 24.04
196 93 76.32
196 94 35.36
196 95 64.85
196 96 63.03
196 97 72.01
196 98 67.45
196 99 31.78
196 100 71.22
196 101 58.05
196 102 64.56
196 103 73.55
196 104 69.12
196 105 18.03
196 106 47.8
196 107 13.6
196 108 33.54
196 109 74.04
196 110 43.08
196 111 66.61
196 112 89.89
196 113 84.58
196 114 51.48
196 115 76.03
196 116 15.81
196 117 31.11
196 118 79.76
196 119 47.93
196 120 89.69
196 121 67.8
196 122 9.22
196 123 70.0
196 124 65.95
196 125 81.71
196 126 68.15
196 127 66.4
196 128 63.56
196 129 50.25
196 130 89.2
196 131 78.55
196 132 45.34
196 133 35.74
196 134 48.05
196 135 64.44
196 136 5.1
196 137 67.08
196 138 63.56
196 139 64.2
196 140 75.6
196 141 71.45
196 142 7.0
196 143 62.63
196 144 41.0
196 145 64.64
196 146 37.8
196 147 26.83
196 148 49.65
196 149 73.82
196 150 56.44
196 151 65.01
196 152 71.2
196 153 67.2
196 154 42.72
196 155 21.38
196 156 33.24
196 157 63.13
196 158 58.73
196 159 44.65
196 160 25.24
196 161 46.23
196 162 35.9
196 163 46.39
196 164 72.9
196 165 29.68
196 166 55.71
196 167 40.72
196 168 43.32
196 169 81.88
196 170 30.53
196 171 19.24
196 172 59.91
196 173 33.0
196 174 69.35
196 175 24.35
196 176 53.82
196 177 40.31
196 178 22.67
196 179 15.65
196 180 86.28
196 181 61.19
196 182 75.15
196 183 31.62
196 184 39.36
196 185 96.21
196 186 37.44
196 187 55.08
196 188 2.83
196 189 43.01
196 190 62.97
196 191 54.59
196 192 81.63
196 193 79.2
196 194 68.62
196 195 34.0
196 197 42.64
196 198 72.01
196 199 50.96
196 200 22.56
196 201 12.21
197 0 54.82
197 1 101.91
197 2 33.62
197 3 42.05
197 4 31.06
197 5 26.57
197 6 26.17
197 7 74.95
197 8 98.41
197 9 22.02
197 10 87.82
197 11 32.02
197 12 86.09
197 13 88.14
197 14 15.0
197 15 34.18
197 16 65.12
197 17 82.04
197 18 121.83
197 19 18.03
197 20 36.72
197 21 56.3
197 22 88.19
197 23 29.83
197 24 54.13
197 25 33.02
197 26 117.61
197 27 131.65
197 28 47.01
197 29 26.0
197 30 73.74
197 31 103.41
197 32 86.37
197 33 92.35
197 34 102.93
197 35 41.79
197 36 45.61
197 37 123.43
197 38 91.84
197 39 88.53
197 40 83.6
197 41 59.24
197 42 41.68
197 43 88.64
197 44 5.39
197 45 101.04
197 46 82.93
197 47 19.42
197 48 26.17
197 49 69.4
197 50 84.0
197 51 59.62
197 52 63.01
197 53 136.65
197 54 15.26
197 55 116.04
197 56 148.6
197 57 120.42
197 58 66.48
197 59 91.08
197 60 77.25
197 61 60.41
197 62 33.24
197 63 60.9
197 64 111.02
197 65 46.87
197 66 64.54
197 67 66.0
197 68 80.16
197 69 92.05
197 70 74.3
197 71 28.16
197 72 55.36
197 73 88.57
197 74 89.5
197 75 81.39
197 76 105.99
197 77 98.18
197 78 93.65
197 79 34.06
197 80 19.72
197 81 97.67
197 82 75.74
197 83 11.4
197 84 131.02
197 85 109.62
197 86 96.63
197 87 75.24
197 88 100.42
197 89 25.5
197 90 34.01
197 91 13.34
197 92 65.51
197 93 98.86
197 94 75.15
197 95 94.13
197 96 77.62
197 97 104.04
197 98 105.19
197 99 72.47
197 100 90.61
197 101 17.09
197 102 102.58
197 103 87.93
197 104 109.25
197 105 60.61
197 106 11.7
197 107 41.34
197 108 69.26
197 109 104.17
197 110 21.4
197 111 109.2
197 112 111.0
197 113 126.27
197 114 93.74
197 115 118.6
197 116 36.72
197 117 73.66
197 118 102.83
197 119 88.01
197 120 111.63
197 121 110.42
197 122 43.83
197 123 112.61
197 124 108.58
197 125 109.04
197 126 36.67
197 127 26.93
197 128 31.78
197 129 85.87
197 130 107.45
197 131 119.88
197 132 63.39
197 133 68.88
197 134 85.59
197 135 106.78
197 136 47.2
197 137 109.08
197 138 39.82
197 139 75.89
197 140 118.23
197 141 87.8
197 142 37.48
197 143 34.18
197 144 35.85
197 145 26.31
197 146 10.44
197 147 17.49
197 148 19.72
197 149 107.2
197 150 92.14
197 151 98.08
197 152 103.95
197 153 87.97
197 154 69.38
197 155 25.94
197 156 31.0
197 157 105.39
197 158 17.46
197 159 12.81
197 160 67.8
197 161 3.61
197 162 76.48
197 163 77.83
197 164 114.91
197 165 71.45
197 166 95.13
197 167 81.22
197 168 70.6
197 169 124.02
197 170 72.18
197 171 60.03
197 172 86.88
197 173 71.31
197 174 111.52
197 175 21.47
197 176 96.4
197 177 77.03
197 178 65.12
197 179 27.59
197 180 128.82
197 181 89.5
197 182 101.12
197 183 45.54
197 184 17.0
197 185 138.6
197 186 12.65
197 187 92.97
197 188 43.01
197 189 29.73
197 190 20.62
197 191 90.79
197 192 123.98
197 193 39.0
197 194 26.25
197 195 27.02
197 196 42.64
197 198 113.88
197 199 44.01
197 200 56.44
197 201 54.82
198 0 60.01
198 1 25.5
198 2 123.07
198 3 97.32
198 4 87.09
198 5 135.42
198 6 109.62
198 7 45.28
198 8 59.54
198 9 93.47
198 10 70.86
198 11 84.69
198 12 63.15
198 13 63.79
198 14 101.26
198 15 89.84
198 16 57.2
198 17 41.01
198 18 13.04
198 19 95.88
198 20 146.82
198 21 79.16
198 22 58.19
198 23 86.41
198 24 60.22
198 25 133.0
198 26 14.87
198 27 24.52
198 28 67.54
198 29 120.28
198 30 43.19
198 31 92.18
198 32 51.42
198 33 66.27
198 34 11.4
198 35 85.15
198 36 70.94
198 37 22.36
198 38 48.1
198 39 39.81
198 40 48.84
198 41 76.06
198 42 100.42
198 43 66.13
198 44 113.18
198 45 61.07
198 46 31.38
198 47 109.2
198 48 131.37
198 49 45.31
198 50 59.67
198 51 75.06
198 52 51.48
198 53 28.46
198 54 100.62
198 55 24.7
198 56 44.38
198 57 7.21
198 58 52.95
198 59 72.44
198 60 39.7
198 61 55.9
198 62 84.5
198 63 53.0
198 64 4.12
198 65 89.81
198 66 51.55
198 67 66.24
198 68 34.01
198 69 77.08
198 70 39.66
198 71 135.87
198 72 61.55
198 73 49.03
198 74 79.76
198 75 85.87
198 76 63.01
198 77 64.0
198 78 55.95
198 79 98.95
198 80 131.49
198 81 76.03
198 82 42.58
198 83 106.25
198 84 20.62
198 85 30.41
198 86 69.03
198 87 68.88
198 88 41.68
198 89 89.9
198 90 133.69
198 91 123.46
198 92 48.37
198 93 71.0
198 94 39.7
198 95 53.15
198 96 81.32
198 97 77.7
198 98 58.01
198 99 41.62
198 100 75.54
198 101 127.64
198 102 56.3
198 103 85.16
198 104 14.14
198 105 54.23
198 106 116.61
198 107 79.4
198 108 48.92
198 109 52.35
198 110 107.71
198 111 13.6
198 112 79.76
198 113 12.65
198 114 20.88
198 115 13.34
198 116 84.12
198 117 43.93
198 118 71.11
198 119 47.8
198 120 77.93
198 121 14.87
198 122 70.18
198 123 14.21
198 124 19.21
198 125 61.98
198 126 130.83
198 127 134.47
198 128 127.29
198 129 39.0
198 130 85.21
198 131 8.25
198 132 73.82
198 133 52.2
198 134 57.28
198 135 27.8
198 136 67.08
198 137 5.1
198 138 122.02
198 139 86.02
198 140 15.81
198 141 81.05
198 142 78.39
198 143 124.48
198 144 97.0
198 145 132.14
198 146 107.07
198 147 98.84
198 148 115.62
198 149 42.76
198 150 63.16
198 151 72.47
198 152 44.28
198 153 71.85
198 154 80.5
198 155 92.85
198 156 101.65
198 157 10.0
198 158 128.46
198 159 112.8
198 160 47.17
198 161 117.48
198 162 37.8
198 163 72.57
198 164 2.0
198 165 49.37
198 166 49.66
198 167 48.37
198 168 79.63
198 169 10.63
198 170 49.25
198 171 53.85
198 172 84.43
198 173 44.55
198 174 4.47
198 175 96.25
198 176 21.0
198 177 60.67
198 178 51.92
198 179 87.66
198 180 29.15
198 181 82.28
198 182 63.07
198 183 91.92
198 184 106.04
198 185 39.01
198 186 106.02
198 187 29.73
198 188 71.12
198 189 112.09
198 190 133.41
198 191 61.47
198 192 12.08
198 193 146.99
198 194 138.96
198 195 103.74
198 196 72.01
198 197 113.88
198 199 115.26
198 200 70.58
198 201 60.01
199 0 59.41
199 1 95.21
199 2 77.62
199 3 18.03
199 4 36.25
199 5 66.37
199 6 68.6
199 7 70.04
199 8 77.2
199 9 38.42
199 10 115.84
199 11 39.4
199 12 111.49
199 13 113.72
199 14 51.4
199 15 29.41
199 16 85.09
199 17 75.19
199 18 118.85
199 19 43.84
199 20 73.03
199 21 37.0
199 22 69.12
199 23 39.36
199 24 67.45
199 25 75.93
199 26 113.32
199 27 125.87
199 28 54.34
199 29 70.01
199 30 86.31
199 31 69.35
199 32 107.21
199 33 118.6
199 34 103.95
199 35 31.06
199 36 66.64
199 37 116.71
199 38 76.92
199 39 79.06
199 40 70.94
199 41 40.5
199 42 80.92
199 43 65.6
199 44 38.63
199 45 125.0
199 46 85.15
199 47 25.06
199 48 68.25
199 49 72.0
199 50 108.08
199 51 41.44
199 52 67.12
199 53 130.63
199 54 36.88
199 55 107.91
199 56 138.65
199 57 120.22
199 58 62.39
199 59 119.42
199 60 88.96
199 61 75.96
199 62 61.4
199 63 69.87
199 64 113.75
199 65 25.5
199 66 65.01
199 67 91.68
199 68 83.05
199 69 63.7
199 70 81.15
199 71 68.47
199 72 73.39
199 73 108.52
199 74 120.22
199 75 49.82
199 76 82.98
199 77 123.31
199 78 74.63
199 79 19.31
199 80 58.31
199 81 126.59
199 82 72.69
199 83 51.62
199 84 127.2
199 85 99.54
199 86 123.48
199 87 53.85
199 88 86.76
199 89 39.66
199 90 76.9
199 91 55.54
199 92 72.34
199 93 126.14
199 94 84.48
199 95 115.74
199 96 109.55
199 97 75.29
199 98 84.2
199 99 80.31
199 100 119.95
199 101 57.87
199 102 82.42
199 103 120.37
199 104 116.04
199 105 64.12
199 106 55.71
199 107 38.47
199 108 84.4
199 109 125.0
199 110 63.29
199 111 105.99
199 112 139.53
199 113 127.74
199 114 94.64
199 115 114.98
199 116 35.17
199 117 71.45
199 118 129.77
199 119 74.32
199 120 139.56
199 121 106.48
199 122 58.87
199 123 108.67
199 124 103.16
199 125 132.52
199 126 80.36
199 127 67.6
199 128 75.58
199 129 100.81
199 130 137.93
199 131 122.92
199 132 92.44
199 133 86.68
199 134 67.6
199 135 98.08
199 136 55.54
199 137 110.17
199 138 83.67
199 139 109.4
199 140 113.6
199 141 119.04
199 142 44.27
199 143 78.19
199 144 73.66
199 145 68.07
199 146 51.11
199 147 36.07
199 148 63.56
199 149 124.54
199 150 70.0
199 151 71.42
199 152 122.02
199 153 116.3
199 154 42.8
199 155 33.29
199 156 18.87
199 157 105.38
199 158 57.71
199 159 56.36
199 160 70.0
199 161 44.92
199 162 84.21
199 163 53.6
199 164 115.57
199 165 65.92
199 166 78.77
199 167 69.89
199 168 44.2
199 169 123.56
199 170 66.1
199 171 68.88
199 172 55.61
199 173 83.19
199 174 111.63
199 175 34.06
199 176 94.54
199 177 59.93
199 178 64.07
199 179 40.82
199 180 120.15
199 181 59.03
199 182 125.72
199 183 23.35
199 184 57.98
199 185 127.91
199 186 53.0
199 187 104.58
199 188 53.45
199 189 14.32
199 190 57.08
199 191 69.63
199 192 122.25
199 193 77.01
199 194 61.01
199 195 20.52
199 196 50.96
199 197 44.01
199 198 115.26
199 200 44.72
199 201 59.41
200 0 21.21
200 1 51.08
200 2 81.39
200 3 26.93
200 4 25.5
200 5 82.73
200 6 67.6
200 7 25.32
200 8 42.05
200 9 34.93
200 10 84.86
200 11 25.3
200 12 78.57
200 13 80.72
200 14 50.7
200 15 23.35
200 16 51.62
200 17 30.68
200 18 74.33
200 19 41.11
200 20 93.15
200 21 9.85
200 22 31.76
200 23 27.51
200 24 33.42
200 25 86.33
200 26 68.95
200 27 81.94
200 28 21.93
200 29 75.19
200 30 47.01
200 31 54.13
200 32 71.03
200 33 85.7
200 34 59.3
200 35 16.4
200 36 40.31
200 37 72.92
200 38 36.07
200 39 35.36
200 40 28.43
200 41 8.49
200 42 70.46
200 43 32.98
200 44 53.25
200 45 89.63
200 46 41.11
200 47 43.86
200 48 81.15
200 49 29.12
200 50 74.41
200 51 7.81
200 52 25.94
200 53 86.82
200 54 41.18
200 55 64.41
200 56 96.25
200 57 75.5
200 58 18.03
200 59 88.39
200 60 48.75
200 61 41.01
200 62 45.28
200 63 31.4
200 64 69.18
200 65 19.24
200 66 22.14
200 67 62.01
200 68 39.32
200 69 39.01
200 70 39.22
200 71 84.1
200 72 41.4
200 73 71.56
200 74 91.55
200 75 33.62
200 76 49.77
200 77 89.02
200 78 37.22
200 79 30.02
200 80 76.16
200 81 95.46
200 82 28.07
200 83 54.71
200 84 82.87
200 85 56.6
200 86 90.69
200 87 20.1
200 88 45.34
200 89 31.95
200 90 87.28
200 91 69.32
200 92 31.76
200 93 93.51
200 94 43.46
200 95 79.32
200 96 83.49
200 97 50.16
200 98 48.76
200 99 39.0
200 100 89.87
200 101 73.36
200 102 46.14
200 103 93.6
200 104 72.17
200 105 23.32
200 106 64.62
200 107 15.23
200 108 47.2
200 109 87.32
200 110 62.97
200 111 61.4
200 112 107.06
200 113 83.02
200 114 50.09
200 115 70.52
200 116 19.72
200 117 27.0
200 118 96.54
200 119 32.56
200 120 106.53
200 121 61.98
200 122 31.02
200 123 64.2
200 124 58.87
200 125 96.25
200 126 87.56
200 127 82.76
200 128 82.71
200 129 61.27
200 130 107.48
200 131 78.31
200 132 66.04
200 133 51.09
200 134 29.15
200 135 54.59
200 136 23.26
200 137 65.49
200 138 84.48
200 139 85.23
200 140 69.29
200 141 91.05
200 142 22.09
200 143 82.57
200 144 63.2
200 145 81.54
200 146 55.03
200 147 38.95
200 148 68.41
200 149 84.69
200 150 36.06
200 151 43.42
200 152 82.76
200 153 85.59
200 154 20.59
200 155 30.53
200 156 33.29
200 157 60.67
200 158 73.82
200 159 62.3
200 160 27.2
200 161 59.68
200 162 42.38
200 163 24.02
200 164 70.86
200 165 21.21
200 166 39.05
200 167 26.63
200 168 21.02
200 169 78.85
200 170 21.38
200 171 30.61
200 172 37.36
200 173 43.91
200 174 66.91
200 175 34.99
200 176 49.82
200 177 20.59
200 178 20.62
200 179 30.36
200 180 77.03
200 181 38.64
200 182 90.8
200 183 21.38
200 184 58.46
200 185 85.7
200 186 55.36
200 187 62.94
200 188 25.0
200 189 43.42
200 190 76.85
200 191 34.54
200 192 77.62
200 193 95.26
200 194 82.38
200 195 36.4
200 196 22.56
200 197 56.44
200 198 70.58
200 199 44.72
200 201 21.21
201 0 0.0
201 1 47.42
201 2 71.59
201 3 41.77
201 4 27.2
201 5 78.64
201 6 57.27
201 7 21.47
201 8 53.08
201 9 33.62
201 10 63.66
201 11 24.7
201 12 57.38
201 13 59.55
201 14 44.05
201 15 31.06
201 16 30.41
201 17 28.65
201 18 67.12
201 19 36.88
201 20 89.87
201 21 30.61
201 22 43.0
201 23 26.4
201 24 12.53
201 25 79.08
201 26 62.8
201 27 76.84
201 28 7.81
201 29 66.73
201 30 27.2
201 31 72.8
201 32 50.25
201 33 64.54
201 34 48.75
201 35 28.44
201 36 22.02
201 37 68.68
201 38 42.2
201 39 35.78
201 40 33.73
201 41 29.7
201 42 55.44
201 43 47.52
201 44 53.54
201 45 68.8
201 46 28.64
201 47 49.34
201 48 75.6
201 49 14.76
201 50 53.26
201 51 29.0
201 52 8.54
201 53 81.84
201 54 40.82
201 55 61.55
201 56 94.05
201 57 66.19
201 58 14.32
201 59 67.18
201 60 29.61
201 61 19.8
201 62 31.62
201 63 10.77
201 64 57.58
201 65 36.06
201 66 10.0
201 67 41.05
201 68 26.0
201 69 56.32
201 70 22.09
201 71 79.51
201 72 20.59
201 73 51.0
201 74 70.43
201 75 53.85
201 76 61.13
201 77 68.01
201 78 47.17
201 79 41.0
201 80 73.55
201 81 74.25
201 82 21.4
201 83 48.92
201 84 76.28
201 85 55.8
201 86 69.53
201 87 37.34
201 88 48.85
201 89 30.02
201 90 79.92
201 91 65.76
201 92 13.0
201 93 72.35
201 94 25.08
201 95 58.67
201 96 62.77
201 97 65.92
201 98 58.55
201 99 21.0
201 100 68.68
201 101 70.01
201 102 55.58
201 103 72.67
201 104 57.87
201 105 5.83
201 106 59.55
201 107 21.02
201 108 26.42
201 109 67.12
201 110 53.71
201 111 54.41
201 112 85.91
201 113 72.62
201 114 39.36
201 115 63.82
201 116 25.08
201 117 19.21
201 118 75.43
201 119 38.08
201 120 85.43
201 121 55.61
201 122 14.56
201 123 57.8
201 124 53.81
201 125 75.66
201 126 78.71
201 127 78.1
201 128 74.3
201 129 41.76
201 130 86.27
201 131 66.73
201 132 45.62
201 133 30.0
201 134 40.0
201 135 52.63
201 136 7.81
201 137 55.04
201 138 73.05
201 139 64.85
201 140 63.41
201 141 70.0
201 142 18.38
201 143 72.92
201 144 49.03
201 145 76.22
201 146 49.58
201 147 38.95
201 148 60.75
201 149 65.52
201 150 49.09
201 151 58.69
201 152 63.25
201 153 64.38
201 154 41.4
201 155 32.89
201 156 43.1
201 157 51.0
201 158 70.71
201 159 56.22
201 160 13.04
201 161 58.41
201 162 25.02
201 163 42.15
201 164 60.84
201 165 18.97
201 166 46.1
201 167 30.81
201 168 41.62
201 169 69.77
201 170 19.92
201 171 9.85
201 172 56.8
201 173 24.04
201 174 57.25
201 175 36.25
201 176 41.62
201 177 33.38
201 178 11.18
201 179 27.78
201 180 74.25
201 181 57.38
201 182 69.89
201 183 37.64
201 184 50.48
201 185 84.29
201 186 49.04
201 187 45.18
201 188 12.04
201 189 53.34
201 190 75.07
201 191 47.04
201 192 69.46
201 193 90.91
201 194 80.72
201 195 44.55
201 196 12.21
201 197 54.82
201 198 60.01
201 199 59.41
201 200 21.21
;

param sigma : 1 2 3 :=
1   0.0000 0.0000 1.0000
2   0.0000 0.2000 0.8000
3   0.0000 0.4000 0.6000
4   0.0000 0.6000 0.4000
5   0.0000 0.8000 0.2000
6   0.0000 1.0000 0.0000
7   0.2000 0.0000 0.8000
8   0.2000 0.2000 0.6000
9   0.2000 0.4000 0.4000
10   0.2000 0.6000 0.2000
11   0.2000 0.8000 0.0000
12   0.4000 0.0000 0.6000
13   0.4000 0.2000 0.4000
14   0.4000 0.4000 0.2000
15   0.4000 0.6000 0.0000
16   0.6000 0.0000 0.4000
17   0.6000 0.2000 0.2000
18   0.6000 0.4000 0.0000
19   0.8000 0.0000 0.2000
20   0.8000 0.2000 0.0000
21   1.0000 0.0000 0.0000
;

