param o := 0;
param s := 201;

set POI := 1 2 3 4 5 6 7 8 9 10 11 12 13 14 15 16 17 18 19 20 21 22 23 24 25 26 27 28 29 30 31 32 33 34 35 36 37 38 39 40 41 42 43 44 45 46 47 48 49 50 51 52 53 54 55 56 57 58 59 60 61 62 63 64 65 66 67 68 69 70 71 72 73 74 75 76 77 78 79 80 81 82 83 84 85 86 87 88 89 90 91 92 93 94 95 96 97 98 99 100 101 102 103 104 105 106 107 108 109 110 111 112 113 114 115 116 117 118 119 120 121 122 123 124 125 126 127 128 129 130 131 132 133 134 135 136 137 138 139 140 141 142 143 144 145 146 147 148 149 150 151 152 153 154 155 156 157 158 159 160 161 162 163 164 165 166 167 168 169 170 171 172 173 174 175 176 177 178 179 180 181 182 183 184 185 186 187 188 189 190 191 192 193 194 195 196 197 198 199 200;
set M := 1 2;
set Z := 1 2 3;

param TM := 634;

param E :=
1 57
2 43
3 29
;

param e :=
0 1 0 0 2 0 0 3 0
1 1 1 1 2 0 1 3 0
2 1 0 2 2 0 2 3 1
3 1 1 3 2 0 3 3 0
4 1 0 4 2 0 4 3 1
5 1 1 5 2 0 5 3 0
6 1 0 6 2 1 6 3 0
7 1 1 7 2 0 7 3 0
8 1 1 8 2 0 8 3 0
9 1 1 9 2 0 9 3 0
10 1 1 10 2 0 10 3 0
11 1 0 11 2 1 11 3 0
12 1 0 12 2 1 12 3 0
13 1 0 13 2 1 13 3 0
14 1 1 14 2 0 14 3 0
15 1 0 15 2 1 15 3 0
16 1 0 16 2 1 16 3 0
17 1 1 17 2 0 17 3 0
18 1 0 18 2 1 18 3 0
19 1 1 19 2 0 19 3 0
20 1 1 20 2 0 20 3 0
21 1 0 21 2 1 21 3 0
22 1 1 22 2 0 22 3 0
23 1 1 23 2 0 23 3 0
24 1 0 24 2 1 24 3 0
25 1 0 25 2 0 25 3 1
26 1 0 26 2 1 26 3 0
27 1 1 27 2 0 27 3 0
28 1 1 28 2 0 28 3 0
29 1 1 29 2 0 29 3 0
30 1 0 30 2 0 30 3 1
31 1 1 31 2 0 31 3 0
32 1 0 32 2 1 32 3 0
33 1 1 33 2 0 33 3 0
34 1 1 34 2 0 34 3 0
35 1 0 35 2 1 35 3 0
36 1 1 36 2 0 36 3 0
37 1 1 37 2 0 37 3 0
38 1 0 38 2 0 38 3 1
39 1 1 39 2 0 39 3 0
40 1 0 40 2 0 40 3 1
41 1 0 41 2 0 41 3 1
42 1 1 42 2 0 42 3 0
43 1 1 43 2 0 43 3 0
44 1 0 44 2 1 44 3 0
45 1 0 45 2 1 45 3 0
46 1 1 46 2 0 46 3 0
47 1 0 47 2 1 47 3 0
48 1 1 48 2 0 48 3 0
49 1 1 49 2 0 49 3 0
50 1 1 50 2 0 50 3 0
51 1 1 51 2 0 51 3 0
52 1 1 52 2 0 52 3 0
53 1 1 53 2 0 53 3 0
54 1 0 54 2 1 54 3 0
55 1 1 55 2 0 55 3 0
56 1 1 56 2 0 56 3 0
57 1 0 57 2 1 57 3 0
58 1 0 58 2 0 58 3 1
59 1 1 59 2 0 59 3 0
60 1 1 60 2 0 60 3 0
61 1 1 61 2 0 61 3 0
62 1 1 62 2 0 62 3 0
63 1 0 63 2 1 63 3 0
64 1 0 64 2 0 64 3 1
65 1 0 65 2 1 65 3 0
66 1 1 66 2 0 66 3 0
67 1 0 67 2 1 67 3 0
68 1 1 68 2 0 68 3 0
69 1 1 69 2 0 69 3 0
70 1 0 70 2 0 70 3 1
71 1 0 71 2 1 71 3 0
72 1 0 72 2 0 72 3 1
73 1 1 73 2 0 73 3 0
74 1 1 74 2 0 74 3 0
75 1 0 75 2 1 75 3 0
76 1 1 76 2 0 76 3 0
77 1 1 77 2 0 77 3 0
78 1 1 78 2 0 78 3 0
79 1 1 79 2 0 79 3 0
80 1 0 80 2 0 80 3 1
81 1 1 81 2 0 81 3 0
82 1 0 82 2 1 82 3 0
83 1 1 83 2 0 83 3 0
84 1 0 84 2 1 84 3 0
85 1 0 85 2 1 85 3 0
86 1 1 86 2 0 86 3 0
87 1 1 87 2 0 87 3 0
88 1 0 88 2 1 88 3 0
89 1 0 89 2 1 89 3 0
90 1 0 90 2 0 90 3 1
91 1 1 91 2 0 91 3 0
92 1 1 92 2 0 92 3 0
93 1 0 93 2 1 93 3 0
94 1 1 94 2 0 94 3 0
95 1 0 95 2 1 95 3 0
96 1 1 96 2 0 96 3 0
97 1 1 97 2 0 97 3 0
98 1 0 98 2 0 98 3 1
99 1 1 99 2 0 99 3 0
100 1 1 100 2 0 100 3 0
101 1 0 101 2 0 101 3 1
102 1 1 102 2 0 102 3 0
103 1 1 103 2 0 103 3 0
104 1 0 104 2 0 104 3 1
105 1 1 105 2 0 105 3 0
106 1 1 106 2 0 106 3 0
107 1 0 107 2 1 107 3 0
108 1 0 108 2 1 108 3 0
109 1 0 109 2 0 109 3 1
110 1 0 110 2 1 110 3 0
111 1 0 111 2 0 111 3 1
112 1 0 112 2 1 112 3 0
113 1 1 113 2 0 113 3 0
114 1 1 114 2 0 114 3 0
115 1 0 115 2 1 115 3 0
116 1 0 116 2 1 116 3 0
117 1 0 117 2 1 117 3 0
118 1 0 118 2 1 118 3 0
119 1 0 119 2 1 119 3 0
120 1 1 120 2 0 120 3 0
121 1 1 121 2 0 121 3 0
122 1 1 122 2 0 122 3 0
123 1 1 123 2 0 123 3 0
124 1 1 124 2 0 124 3 0
125 1 0 125 2 1 125 3 0
126 1 0 126 2 1 126 3 0
127 1 1 127 2 0 127 3 0
128 1 1 128 2 0 128 3 0
129 1 1 129 2 0 129 3 0
130 1 1 130 2 0 130 3 0
131 1 1 131 2 0 131 3 0
132 1 1 132 2 0 132 3 0
133 1 1 133 2 0 133 3 0
134 1 0 134 2 1 134 3 0
135 1 0 135 2 0 135 3 1
136 1 0 136 2 1 136 3 0
137 1 1 137 2 0 137 3 0
138 1 0 138 2 0 138 3 1
139 1 0 139 2 1 139 3 0
140 1 1 140 2 0 140 3 0
141 1 1 141 2 0 141 3 0
142 1 0 142 2 1 142 3 0
143 1 1 143 2 0 143 3 0
144 1 1 144 2 0 144 3 0
145 1 1 145 2 0 145 3 0
146 1 1 146 2 0 146 3 0
147 1 0 147 2 1 147 3 0
148 1 1 148 2 0 148 3 0
149 1 1 149 2 0 149 3 0
150 1 1 150 2 0 150 3 0
151 1 0 151 2 1 151 3 0
152 1 0 152 2 1 152 3 0
153 1 1 153 2 0 153 3 0
154 1 1 154 2 0 154 3 0
155 1 1 155 2 0 155 3 0
156 1 1 156 2 0 156 3 0
157 1 1 157 2 0 157 3 0
158 1 1 158 2 0 158 3 0
159 1 0 159 2 0 159 3 1
160 1 0 160 2 0 160 3 1
161 1 1 161 2 0 161 3 0
162 1 0 162 2 0 162 3 1
163 1 1 163 2 0 163 3 0
164 1 0 164 2 1 164 3 0
165 1 1 165 2 0 165 3 0
166 1 0 166 2 0 166 3 1
167 1 1 167 2 0 167 3 0
168 1 1 168 2 0 168 3 0
169 1 1 169 2 0 169 3 0
170 1 0 170 2 1 170 3 0
171 1 0 171 2 1 171 3 0
172 1 1 172 2 0 172 3 0
173 1 1 173 2 0 173 3 0
174 1 0 174 2 0 174 3 1
175 1 0 175 2 1 175 3 0
176 1 1 176 2 0 176 3 0
177 1 0 177 2 1 177 3 0
178 1 0 178 2 0 178 3 1
179 1 0 179 2 1 179 3 0
180 1 0 180 2 1 180 3 0
181 1 1 181 2 0 181 3 0
182 1 1 182 2 0 182 3 0
183 1 1 183 2 0 183 3 0
184 1 1 184 2 0 184 3 0
185 1 1 185 2 0 185 3 0
186 1 1 186 2 0 186 3 0
187 1 0 187 2 1 187 3 0
188 1 1 188 2 0 188 3 0
189 1 0 189 2 1 189 3 0
190 1 0 190 2 0 190 3 1
191 1 1 191 2 0 191 3 0
192 1 0 192 2 0 192 3 1
193 1 1 193 2 0 193 3 0
194 1 1 194 2 0 194 3 0
195 1 1 195 2 0 195 3 0
196 1 1 196 2 0 196 3 0
197 1 0 197 2 0 197 3 1
198 1 1 198 2 0 198 3 0
199 1 1 199 2 0 199 3 0
200 1 0 200 2 1 200 3 0
201 1 0 201 2 0 201 3 0
;

param SCORE :=
0 0
1 34
2 8
3 39
4 19
5 32
6 14
7 22
8 21
9 35
10 23
11 18
12 16
13 27
14 15
15 13
16 24
17 29
18 13
19 11
20 7
21 43
22 10
23 18
24 27
25 13
26 10
27 9
28 31
29 13
30 8
31 30
32 9
33 12
34 7
35 18
36 18
37 33
38 18
39 1
40 12
41 17
42 11
43 15
44 9
45 23
46 30
47 17
48 23
49 9
50 13
51 25
52 35
53 18
54 32
55 23
56 9
57 31
58 24
59 26
60 9
61 27
62 17
63 12
64 10
65 15
66 1
67 6
68 36
69 17
70 5
71 23
72 20
73 32
74 20
75 33
76 16
77 21
78 24
79 4
80 18
81 37
82 14
83 9
84 10
85 4
86 40
87 4
88 26
89 23
90 25
91 22
92 18
93 20
94 19
95 16
96 26
97 18
98 3
99 20
100 34
101 16
102 8
103 27
104 13
105 23
106 14
107 7
108 11
109 29
110 21
111 15
112 22
113 30
114 1
115 27
116 20
117 5
118 26
119 9
120 18
121 25
122 9
123 41
124 19
125 20
126 23
127 16
128 15
129 20
130 13
131 12
132 19
133 20
134 17
135 9
136 20
137 18
138 4
139 12
140 20
141 7
142 18
143 15
144 10
145 15
146 12
147 16
148 13
149 22
150 9
151 35
152 15
153 11
154 21
155 8
156 3
157 20
158 18
159 10
160 20
161 16
162 28
163 5
164 15
165 21
166 15
167 20
168 9
169 21
170 31
171 13
172 20
173 20
174 5
175 3
176 20
177 25
178 24
179 2
180 13
181 17
182 15
183 5
184 12
185 25
186 10
187 19
188 9
189 10
190 20
191 24
192 25
193 16
194 21
195 1
196 16
197 10
198 1
199 8
200 27
201 0
;

param OT :=
0 0
1 37
2 79
3 69
4 31
5 106
6 236
7 34
8 92
9 334
10 431
11 311
12 150
13 52
14 106
15 44
16 88
17 284
18 37
19 189
20 67
21 168
22 311
23 271
24 450
25 220
26 69
27 412
28 412
29 338
30 62
31 204
32 219
33 268
34 183
35 61
36 77
37 279
38 188
39 277
40 353
41 35
42 353
43 388
44 55
45 404
46 28
47 360
48 123
49 384
50 75
51 69
52 438
53 306
54 129
55 36
56 259
57 43
58 267
59 443
60 139
61 410
62 204
63 42
64 142
65 348
66 124
67 32
68 86
69 196
70 395
71 85
72 40
73 24
74 388
75 455
76 168
77 467
78 369
79 257
80 140
81 15
82 364
83 396
84 204
85 62
86 119
87 13
88 272
89 158
90 276
91 433
92 68
93 70
94 108
95 237
96 360
97 419
98 178
99 164
100 196
101 312
102 403
103 285
104 190
105 432
106 42
107 402
108 458
109 201
110 421
111 318
112 41
113 141
114 220
115 94
116 232
117 73
118 261
119 438
120 50
121 206
122 209
123 68
124 229
125 194
126 301
127 333
128 389
129 307
130 214
131 152
132 10
133 140
134 235
135 72
136 243
137 100
138 249
139 78
140 11
141 312
142 254
143 74
144 327
145 35
146 159
147 48
148 373
149 9
150 46
151 171
152 107
153 74
154 316
155 17
156 279
157 30
158 55
159 292
160 224
161 58
162 171
163 170
164 306
165 200
166 121
167 318
168 71
169 240
170 260
171 163
172 338
173 59
174 383
175 193
176 140
177 318
178 218
179 368
180 228
181 253
182 263
183 331
184 49
185 241
186 344
187 130
188 42
189 240
190 424
191 372
192 312
193 118
194 250
195 195
196 21
197 465
198 476
199 64
200 350
201 0
;

param TT :=
0 0
1 10
2 10
3 10
4 10
5 10
6 10
7 10
8 10
9 10
10 10
11 10
12 10
13 10
14 10
15 10
16 10
17 10
18 10
19 10
20 10
21 10
22 10
23 10
24 10
25 10
26 10
27 10
28 10
29 10
30 10
31 10
32 10
33 10
34 10
35 10
36 10
37 10
38 10
39 10
40 10
41 10
42 10
43 10
44 10
45 10
46 10
47 10
48 10
49 10
50 10
51 10
52 10
53 10
54 10
55 10
56 10
57 10
58 10
59 10
60 10
61 10
62 10
63 10
64 10
65 10
66 10
67 10
68 10
69 10
70 10
71 10
72 10
73 10
74 10
75 10
76 10
77 10
78 10
79 10
80 10
81 10
82 10
83 10
84 10
85 10
86 10
87 10
88 10
89 10
90 10
91 10
92 10
93 10
94 10
95 10
96 10
97 10
98 10
99 10
100 10
101 10
102 10
103 10
104 10
105 10
106 10
107 10
108 10
109 10
110 10
111 10
112 10
113 10
114 10
115 10
116 10
117 10
118 10
119 10
120 10
121 10
122 10
123 10
124 10
125 10
126 10
127 10
128 10
129 10
130 10
131 10
132 10
133 10
134 10
135 10
136 10
137 10
138 10
139 10
140 10
141 10
142 10
143 10
144 10
145 10
146 10
147 10
148 10
149 10
150 10
151 10
152 10
153 10
154 10
155 10
156 10
157 10
158 10
159 10
160 10
161 10
162 10
163 10
164 10
165 10
166 10
167 10
168 10
169 10
170 10
171 10
172 10
173 10
174 10
175 10
176 10
177 10
178 10
179 10
180 10
181 10
182 10
183 10
184 10
185 10
186 10
187 10
188 10
189 10
190 10
191 10
192 10
193 10
194 10
195 10
196 10
197 10
198 10
199 10
200 10
201 0
;

param CT :=
0 634
1 197
2 250
3 207
4 163
5 199
6 343
7 201
8 237
9 446
10 553
11 388
12 278
13 144
14 242
15 153
16 231
17 417
18 155
19 304
20 154
21 267
22 437
23 433
24 582
25 358
26 137
27 548
28 545
29 448
30 144
31 361
32 400
33 406
34 260
35 177
36 145
37 423
38 305
39 388
40 480
41 165
42 499
43 482
44 136
45 590
46 144
47 473
48 195
49 482
50 216
51 200
52 562
53 393
54 203
55 206
56 334
57 212
58 411
59 572
60 223
61 554
62 342
63 157
64 300
65 475
66 257
67 143
68 233
69 332
70 510
71 208
72 149
73 127
74 534
75 580
76 314
77 549
78 468
79 371
80 270
81 171
82 488
83 530
84 397
85 164
86 222
87 142
88 447
89 265
90 395
91 549
92 156
93 215
94 243
95 316
96 452
97 531
98 320
99 296
100 302
101 430
102 493
103 397
104 309
105 567
106 199
107 573
108 607
109 290
110 588
111 456
112 164
113 247
114 364
115 230
116 408
117 200
118 397
119 553
120 164
121 329
122 335
123 194
124 316
125 297
126 403
127 470
128 520
129 427
130 343
131 237
132 124
133 245
134 377
135 212
136 323
137 200
138 411
139 290
140 118
141 492
142 395
143 191
144 449
145 220
146 310
147 229
148 490
149 133
150 162
151 276
152 194
153 201
154 462
155 204
156 429
157 147
158 156
159 424
160 324
161 183
162 250
163 280
164 467
165 305
166 210
167 463
168 204
169 395
170 408
171 311
172 440
173 195
174 503
175 316
176 274
177 415
178 362
179 483
180 400
181 374
182 370
183 417
184 135
185 354
186 486
187 282
188 161
189 373
190 545
191 490
192 455
193 256
194 353
195 282
196 151
197 600
198 558
199 175
200 482
201 634
;

param t :=
0 1 37.66
0 2 79.26
0 3 69.31
0 4 31.83
0 5 66.48
0 6 89.38
0 7 34.0
0 8 74.28
0 9 15.81
0 10 52.43
0 11 74.81
0 12 59.67
0 13 52.84
0 14 36.72
0 15 44.69
0 16 88.39
0 17 76.92
0 18 37.58
0 19 58.82
0 20 67.42
0 21 68.47
0 22 58.31
0 23 62.13
0 24 12.65
0 25 58.26
0 26 69.07
0 27 76.56
0 28 59.46
0 29 50.01
0 30 62.29
0 31 46.57
0 32 39.4
0 33 63.25
0 34 59.41
0 35 32.31
0 36 55.17
0 37 33.14
0 38 46.52
0 39 26.42
0 40 71.47
0 41 35.74
0 42 70.29
0 43 61.1
0 44 55.44
0 45 17.2
0 46 28.64
0 47 64.29
0 48 57.8
0 49 81.02
0 50 75.39
0 51 69.03
0 52 27.73
0 53 59.08
0 54 42.05
0 55 36.36
0 56 33.12
0 57 43.14
0 58 71.18
0 59 26.17
0 60 26.17
0 61 70.8
0 62 58.94
0 63 42.01
0 64 63.98
0 65 54.59
0 66 77.82
0 67 32.8
0 68 57.38
0 69 34.13
0 70 46.69
0 71 85.91
0 72 40.31
0 73 24.0
0 74 40.31
0 75 44.78
0 76 72.4
0 77 72.67
0 78 76.48
0 79 49.74
0 80 52.8
0 81 15.81
0 82 62.1
0 83 29.07
0 84 48.37
0 85 62.03
0 86 91.97
0 87 13.45
0 88 46.01
0 89 42.76
0 90 41.18
0 91 34.54
0 92 59.36
0 93 70.18
0 94 66.01
0 95 71.42
0 96 52.0
0 97 15.62
0 98 73.08
0 99 45.01
0 100 63.81
0 101 22.8
0 102 86.21
0 103 35.11
0 104 61.06
0 105 13.0
0 106 42.2
0 107 37.11
0 108 17.89
0 109 59.44
0 110 36.06
0 111 34.48
0 112 41.77
0 113 47.8
0 114 47.51
0 115 94.75
0 116 58.0
0 117 73.25
0 118 46.32
0 119 1.0
0 120 50.99
0 121 43.66
0 122 73.55
0 123 68.45
0 124 36.67
0 125 42.06
0 126 69.03
0 127 76.94
0 128 68.26
0 129 56.3
0 130 73.11
0 131 82.1
0 132 10.63
0 133 71.69
0 134 33.73
0 135 60.21
0 136 74.4
0 137 50.99
0 138 35.34
0 139 73.82
0 140 11.18
0 141 48.33
0 142 70.41
0 143 49.09
0 144 79.51
0 145 35.11
0 146 48.92
0 147 48.05
0 148 54.82
0 149 9.22
0 150 46.23
0 151 49.24
0 152 45.4
0 153 74.43
0 154 18.87
0 155 17.03
0 156 65.19
0 157 30.27
0 158 55.04
0 159 64.14
0 160 75.07
0 161 58.8
0 162 87.97
0 163 75.58
0 164 37.58
0 165 39.81
0 166 61.61
0 167 64.88
0 168 71.87
0 169 49.41
0 170 84.65
0 171 87.0
0 172 53.14
0 173 59.82
0 174 34.21
0 175 18.87
0 176 55.04
0 177 82.04
0 178 61.61
0 179 82.13
0 180 69.97
0 181 41.73
0 182 49.77
0 183 50.09
0 184 49.65
0 185 51.89
0 186 75.69
0 187 79.76
0 188 42.8
0 189 92.02
0 190 79.18
0 191 70.94
0 192 52.48
0 193 69.35
0 194 60.64
0 195 76.48
0 196 21.38
0 197 24.7
0 198 54.82
0 199 64.01
0 200 69.64
0 201 0.0
1 0 37.66
1 2 62.03
1 3 56.52
1 4 66.19
1 5 55.73
1 6 112.9
1 7 42.54
1 8 49.04
1 9 50.16
1 10 76.06
1 11 57.38
1 12 95.26
1 13 74.09
1 14 25.5
1 15 77.7
1 16 61.33
1 17 62.07
1 18 23.19
1 19 89.19
1 20 82.81
1 21 31.02
1 22 92.23
1 23 93.01
1 24 41.3
1 25 52.0
1 26 32.25
1 27 77.23
1 28 65.25
1 29 87.37
1 30 69.81
1 31 9.43
1 32 60.42
1 33 95.21
1 34 68.12
1 35 33.97
1 36 47.01
1 37 70.11
1 38 66.89
1 39 60.3
1 40 62.82
1 41 48.55
1 42 47.68
1 43 98.37
1 44 42.43
1 45 47.52
1 46 65.8
1 47 99.5
1 48 29.41
1 49 73.68
1 50 48.1
1 51 33.24
1 52 52.2
1 53 42.19
1 54 79.06
1 55 42.05
1 56 64.07
1 57 71.78
1 58 104.35
1 59 44.28
1 60 38.95
1 61 64.2
1 62 72.14
1 63 33.24
1 64 65.76
1 65 92.23
1 66 52.63
1 67 37.12
1 68 45.4
1 69 5.0
1 70 81.01
1 71 117.44
1 72 68.88
1 73 40.72
1 74 73.16
1 75 51.62
1 76 54.04
1 77 102.79
1 78 41.77
1 79 32.56
1 80 57.01
1 81 22.09
1 82 97.42
1 83 57.97
1 84 70.33
1 85 99.33
1 86 76.16
1 87 28.16
1 88 54.45
1 89 80.41
1 90 63.95
1 91 45.79
1 92 28.18
1 93 87.71
1 94 103.17
1 95 97.94
1 96 89.27
1 97 49.09
1 98 85.63
1 99 53.74
1 100 85.15
1 101 25.5
1 102 108.72
1 103 6.4
1 104 82.38
1 105 37.48
1 106 79.83
1 107 62.97
1 108 53.01
1 109 69.29
1 110 73.17
1 111 37.48
1 112 44.69
1 113 10.82
1 114 79.83
1 115 67.08
1 116 49.09
1 117 64.63
1 118 61.22
1 119 36.67
1 120 21.4
1 121 40.5
1 122 48.08
1 123 30.81
1 124 9.85
1 125 79.56
1 126 32.39
1 127 108.93
1 128 74.63
1 129 92.2
1 130 57.25
1 131 61.4
1 132 32.2
1 133 73.55
1 134 4.0
1 135 82.2
1 136 96.8
1 137 45.1
1 138 57.7
1 139 38.42
1 140 42.11
1 141 85.38
1 142 80.28
1 143 12.65
1 144 113.88
1 145 36.07
1 146 25.0
1 147 71.59
1 148 17.46
1 149 28.44
1 150 43.74
1 151 85.8
1 152 57.38
1 153 103.28
1 154 21.21
1 155 32.8
1 156 30.46
1 157 55.23
1 158 32.7
1 159 84.88
1 160 64.33
1 161 32.76
1 162 58.31
1 163 92.85
1 164 74.63
1 165 2.24
1 166 92.62
1 167 93.38
1 168 35.51
1 169 22.2
1 170 54.38
1 171 59.03
1 172 28.18
1 173 84.12
1 174 70.03
1 175 52.33
1 176 20.12
1 177 107.42
1 178 91.71
1 179 114.4
1 180 67.01
1 181 23.09
1 182 55.97
1 183 58.73
1 184 80.8
1 185 18.03
1 186 109.29
1 187 45.97
1 188 75.17
1 189 116.28
1 190 106.79
1 191 108.16
1 192 39.29
1 193 102.08
1 194 72.84
1 195 75.03
1 196 43.32
1 197 21.26
1 198 84.43
1 199 80.53
1 200 59.23
1 201 37.66
2 0 79.26
2 1 62.03
2 3 117.52
2 4 110.39
2 5 117.21
2 6 97.01
2 7 101.64
2 8 19.21
2 9 95.02
2 10 73.74
2 11 116.73
2 12 111.51
2 13 68.95
2 14 87.28
2 15 123.42
2 16 23.77
2 17 5.0
2 18 85.15
2 19 93.78
2 20 63.29
2 21 67.54
2 22 104.2
2 23 97.5
2 24 71.4
2 25 114.02
2 26 72.5
2 27 139.23
2 28 126.44
2 29 113.23
2 30 45.54
2 31 57.31
2 32 64.14
2 33 142.0
2 34 47.07
2 35 47.43
2 36 109.0
2 37 97.67
2 38 64.88
2 39 83.55
2 40 17.03
2 41 106.74
2 42 16.16
2 43 132.28
2 44 104.08
2 45 73.66
2 46 103.86
2 47 113.6
2 48 34.71
2 49 135.24
2 50 101.83
2 51 77.08
2 52 67.36
2 53 20.88
2 54 116.18
2 55 101.98
2 56 112.38
2 57 80.13
2 58 111.43
2 59 60.11
2 60 56.08
2 61 126.04
2 62 55.32
2 63 95.19
2 64 127.57
2 65 120.74
2 66 107.56
2 67 96.88
2 68 107.07
2 69 66.19
2 70 124.62
2 71 164.5
2 72 119.42
2 73 59.55
2 74 88.75
2 75 111.99
2 76 8.0
2 77 102.88
2 78 44.69
2 79 94.09
2 80 118.23
2 81 68.35
2 82 112.29
2 83 74.65
2 84 68.54
2 85 133.0
2 86 134.94
2 87 66.19
2 88 46.14
2 89 111.76
2 90 67.6
2 91 104.29
2 92 38.6
2 93 145.8
2 94 125.1
2 95 91.98
2 96 114.2
2 97 77.99
2 98 60.01
2 99 46.65
2 100 74.53
2 101 56.8
2 102 92.01
2 103 57.31
2 104 73.01
2 105 68.24
2 106 112.43
2 107 115.45
2 108 82.13
2 109 129.63
2 110 100.57
2 111 46.23
2 112 41.77
2 113 56.44
2 114 91.79
2 115 28.07
2 116 111.0
2 117 126.19
2 118 55.46
2 119 78.77
2 120 79.76
2 121 36.88
2 122 20.0
2 123 61.72
2 124 53.34
2 125 113.86
2 126 73.41
2 127 111.97
2 128 45.01
2 129 131.89
2 130 117.24
2 131 118.6
2 132 82.08
2 133 135.45
2 134 62.29
2 135 137.79
2 136 83.49
2 137 107.12
2 138 65.46
2 139 47.2
2 140 73.6
2 141 121.7
2 142 53.0
2 143 66.75
2 144 156.2
2 145 45.0
2 146 37.05
2 147 125.92
2 148 56.75
2 149 73.41
2 150 105.48
2 151 123.99
2 152 51.0
2 153 153.68
2 154 63.32
2 155 86.65
2 156 78.43
2 157 107.94
2 158 92.66
2 159 73.35
2 160 125.48
2 161 30.41
2 162 30.46
2 163 72.01
2 164 112.04
2 165 61.0
2 166 140.66
2 167 144.14
2 168 51.31
2 169 40.01
2 170 31.38
2 171 25.63
2 172 87.69
2 173 79.12
2 174 93.72
2 175 98.11
2 176 72.78
2 177 96.52
2 178 94.92
2 179 160.42
2 180 129.03
2 181 41.0
2 182 116.73
2 183 46.1
2 184 128.8
2 185 47.68
2 186 153.22
2 187 41.73
2 188 121.79
2 189 101.0
2 190 158.42
2 191 141.6
2 192 26.83
2 193 147.63
2 194 53.94
2 195 137.06
2 196 64.44
2 197 79.62
2 198 89.16
2 199 138.88
2 200 14.56
2 201 79.26
3 0 69.31
3 1 56.52
3 2 117.52
3 4 76.22
3 5 4.0
3 6 158.49
3 7 38.47
3 8 102.0
3 9 68.6
3 10 121.17
3 11 9.22
3 12 124.53
3 13 120.88
3 14 34.99
3 15 80.23
3 16 111.65
3 17 118.09
3 18 35.78
3 19 127.78
3 20 133.41
3 21 58.82
3 22 125.36
3 23 130.87
3 24 80.72
3 25 13.34
3 26 54.42
3 27 29.07
3 28 31.05
3 29 110.49
3 30 123.43
3 31 60.21
3 32 106.83
3 33 90.01
3 34 121.24
3 35 86.76
3 36 14.42
3 37 97.42
3 38 114.02
3 39 95.13
3 40 119.33
3 41 41.44
3 42 102.12
3 43 110.11
3 44 14.76
3 45 86.28
3 46 84.1
3 47 129.5
3 48 83.1
3 49 18.25
3 50 28.28
3 51 49.77
3 52 95.78
3 53 98.48
3 54 92.97
3 55 35.36
3 56 68.68
3 57 112.45
3 58 138.4
3 59 91.02
3 60 87.66
3 61 12.04
3 62 123.49
3 63 27.8
3 64 25.08
3 65 111.43
3 66 24.41
3 67 37.2
3 68 12.21
3 69 53.45
3 70 85.51
3 71 106.53
3 72 66.91
3 73 87.66
3 74 108.85
3 75 32.76
3 76 109.55
3 77 141.5
3 78 84.93
3 79 24.04
3 80 28.0
3 81 63.51
3 82 127.26
3 83 98.29
3 84 116.52
3 85 111.09
3 86 22.67
3 87 71.03
3 88 106.94
3 89 100.32
3 90 109.34
3 91 40.31
3 92 80.0
3 93 59.24
3 94 125.92
3 95 140.73
3 96 112.73
3 97 84.9
3 98 137.71
3 99 106.07
3 100 132.14
3 101 75.18
3 102 155.13
3 103 62.36
3 104 129.32
3 105 78.87
3 106 98.62
3 107 60.21
3 108 86.56
3 109 38.33
3 110 99.48
3 111 90.34
3 112 98.41
3 113 61.13
3 114 116.04
3 115 116.25
3 116 11.66
3 117 9.85
3 118 111.22
3 119 68.59
3 120 38.0
3 121 95.63
3 122 101.0
3 123 64.29
3 124 66.22
3 125 96.57
3 126 53.49
3 127 144.84
3 128 128.81
3 129 98.48
3 130 6.08
3 131 18.11
3 132 58.69
3 133 28.43
3 134 57.57
3 135 62.97
3 136 143.18
3 137 18.87
3 138 103.08
3 139 80.81
3 140 79.93
3 141 98.08
3 142 133.36
3 143 51.01
3 144 111.04
3 145 89.47
3 146 81.05
3 147 60.01
3 148 62.07
3 149 64.66
3 150 24.19
3 151 96.05
3 152 108.56
3 153 89.44
3 154 67.23
3 155 52.4
3 156 45.54
3 157 56.92
3 158 25.0
3 159 132.28
3 160 8.0
3 161 87.21
3 162 106.37
3 163 142.64
3 164 89.89
3 165 57.07
3 166 86.02
3 167 81.5
3 168 75.93
3 169 77.65
3 170 102.26
3 171 108.78
3 172 30.0
3 173 128.82
3 174 100.69
3 175 68.0
3 176 46.27
3 177 151.32
3 178 130.6
3 179 105.8
3 180 18.44
3 181 79.56
3 182 31.06
3 183 111.41
3 184 78.31
3 185 70.06
3 186 105.08
3 187 90.03
3 188 77.28
3 189 161.25
3 190 89.74
3 191 118.07
3 192 95.8
3 193 97.05
3 194 124.68
3 195 25.0
3 196 87.62
3 197 47.43
3 198 123.99
3 199 53.45
3 200 115.73
3 201 69.31
4 0 31.83
4 1 66.19
4 2 110.39
4 3 76.22
4 5 72.45
4 6 97.86
4 7 38.64
4 8 106.1
4 9 16.4
4 10 66.48
4 11 84.2
4 12 51.62
4 13 69.12
4 14 54.23
4 15 13.04
4 16 120.22
4 17 107.7
4 18 56.44
4 19 62.65
4 20 86.02
4 21 95.19
4 22 55.22
4 23 64.41
4 24 39.36
4 25 62.97
4 26 94.64
4 27 70.84
4 28 53.41
4 29 35.61
4 30 86.49
4 31 75.59
4 32 59.3
4 33 31.62
4 34 83.36
4 35 62.97
4 36 62.36
4 37 28.23
4 38 65.03
4 39 36.01
4 40 101.08
4 41 34.79
4 42 102.07
4 43 35.01
4 44 66.1
4 45 38.9
4 46 11.7
4 47 56.57
4 48 89.38
4 49 81.3
4 50 92.14
4 51 93.39
4 52 49.03
4 53 90.6
4 54 16.76
4 55 41.77
4 56 8.49
4 57 53.76
4 58 67.48
4 59 52.55
4 60 55.01
4 61 72.47
4 62 80.31
4 63 55.08
4 64 60.22
4 65 35.34
4 66 92.66
4 67 42.11
4 68 66.71
4 69 61.74
4 70 15.0
4 71 54.2
4 72 15.23
4 73 51.89
4 74 44.92
4 75 43.86
4 76 103.81
4 77 74.43
4 78 107.07
4 79 65.03
4 80 50.61
4 81 46.4
4 82 54.45
4 83 45.1
4 84 65.03
4 85 36.01
4 86 97.58
4 87 45.28
4 88 72.12
4 89 25.0
4 90 59.03
4 91 36.14
4 92 90.6
4 93 49.98
4 94 50.12
4 95 78.55
4 96 37.8
4 97 34.48
4 98 93.01
4 99 71.17
4 100 77.93
4 101 54.56
4 102 96.14
4 103 65.19
4 104 75.66
4 105 42.19
4 106 23.02
4 107 18.38
4 108 31.58
4 109 49.5
4 110 28.65
4 111 64.5
4 112 70.68
4 113 76.94
4 114 50.7
4 115 126.57
4 116 64.85
4 117 76.03
4 118 68.88
4 119 32.53
4 120 73.16
4 121 73.93
4 122 105.38
4 123 96.38
4 124 67.42
4 125 20.59
4 126 94.37
4 127 74.81
4 128 92.4
4 129 26.25
4 130 81.61
4 131 92.89
4 132 34.0
4 133 65.95
4 134 62.65
4 135 37.36
4 136 85.87
4 137 57.97
4 138 55.44
4 139 104.1
4 140 37.12
4 141 22.2
4 142 92.35
4 143 75.61
4 144 48.01
4 145 65.51
4 146 80.66
4 147 26.83
4 148 83.63
4 149 39.82
4 150 52.63
4 151 21.02
4 152 69.86
4 153 44.01
4 154 50.33
4 155 34.48
4 156 88.84
4 157 19.31
4 158 72.0
4 159 78.77
4 160 79.2
4 161 90.55
4 162 119.67
4 163 91.66
4 164 13.89
4 165 68.43
4 166 30.41
4 167 35.17
4 168 101.6
4 169 80.92
4 170 116.28
4 171 118.8
4 172 72.17
4 173 71.59
4 174 33.84
4 175 13.89
4 176 79.81
4 177 89.16
4 178 65.31
4 179 50.33
4 180 68.8
4 181 73.54
4 182 47.01
4 183 75.43
4 184 18.97
4 185 82.38
4 186 43.93
4 187 110.68
4 188 11.7
4 189 99.4
4 190 49.34
4 191 44.1
4 192 83.82
4 193 37.54
4 194 82.39
4 195 72.62
4 196 47.54
4 197 47.13
4 198 60.75
4 199 46.07
4 200 99.76
4 201 31.83
5 0 66.48
5 1 55.73
5 2 117.21
5 3 4.0
5 4 72.45
5 6 155.79
5 7 34.99
5 8 102.12
5 9 65.19
5 10 118.56
5 11 13.15
5 12 121.08
5 13 118.41
5 14 33.11
5 15 76.3
5 16 112.15
5 17 117.61
5 18 34.18
5 19 124.74
5 20 131.23
5 21 60.17
5 22 122.07
5 23 127.78
5 24 78.1
5 25 9.49
5 26 55.95
5 27 26.63
5 28 27.2
5 29 106.89
5 30 121.67
5 31 60.01
5 32 104.4
5 33 86.01
5 34 119.41
5 35 85.09
5 36 11.31
5 37 94.03
5 38 111.61
5 39 92.1
5 40 118.46
5 41 37.7
5 42 102.0
5 43 106.23
5 44 13.34
5 45 83.55
5 46 80.5
5 47 126.05
5 48 83.0
5 49 18.03
5 50 31.24
5 51 51.43
5 52 93.24
5 53 97.87
5 54 89.2
5 55 31.91
5 56 64.85
5 57 109.6
5 58 135.09
5 59 88.75
5 60 85.59
5 61 9.85
5 62 121.43
5 63 25.55
5 64 21.47
5 65 107.7
5 66 27.78
5 67 34.06
5 68 10.44
5 69 52.39
5 70 81.58
5 71 102.59
5 72 62.97
5 73 85.44
5 74 105.76
5 75 28.86
5 76 109.22
5 77 138.41
5 78 85.87
5 79 23.19
5 80 24.0
5 81 61.4
5 82 123.82
5 83 95.52
5 84 114.02
5 85 107.2
5 86 25.81
5 87 68.8
5 88 105.1
5 89 96.66
5 90 106.83
5 91 36.67
5 92 80.1
5 93 55.54
5 94 122.25
5 95 137.89
5 96 109.12
5 97 82.02
5 98 135.69
5 99 104.2
5 100 129.63
5 101 73.35
5 102 152.5
5 103 61.39
5 104 126.82
5 105 76.4
5 106 94.94
5 107 56.29
5 108 83.55
5 109 34.48
5 110 96.04
5 111 88.64
5 112 96.77
5 113 61.0
5 114 112.93
5 115 116.9
5 116 8.49
5 117 9.0
5 118 109.08
5 119 65.8
5 120 38.21
5 121 94.24
5 122 101.12
5 123 65.46
5 124 65.31
5 125 92.85
5 126 55.04
5 127 141.61
5 128 127.12
5 129 94.54
5 130 10.05
5 131 22.09
5 132 55.9
5 133 25.46
5 134 56.52
5 135 59.03
5 136 140.58
5 137 15.62
5 138 100.6
5 139 81.74
5 140 77.23
5 141 94.25
5 142 131.49
5 143 51.09
5 144 107.04
5 145 87.85
5 146 80.5
5 147 56.01
5 148 62.39
5 149 62.2
5 150 20.81
5 151 92.18
5 152 106.55
5 153 85.51
5 154 65.3
5 155 49.5
5 156 47.01
5 157 53.14
5 158 25.32
5 159 129.81
5 160 8.94
5 161 87.02
5 162 107.08
5 163 140.35
5 164 86.16
5 165 56.44
5 166 82.02
5 167 77.52
5 168 76.92
5 169 77.23
5 170 102.96
5 171 109.33
5 172 30.27
5 173 126.15
5 174 97.42
5 175 64.5
5 176 46.87
5 177 148.52
5 178 127.56
5 179 101.83
5 180 15.62
5 181 78.64
5 182 27.07
5 183 109.57
5 184 74.33
5 185 70.01
5 186 101.08
5 187 90.96
5 188 73.35
5 189 158.49
5 190 85.87
5 191 114.14
5 192 94.92
5 193 93.05
5 194 122.67
5 195 22.83
5 196 85.21
5 197 45.28
5 198 121.02
5 199 49.65
5 200 114.93
5 201 66.48
6 0 89.38
6 1 112.9
6 2 97.01
6 3 158.49
6 4 97.86
6 5 155.79
6 7 122.8
6 8 109.9
6 9 94.67
6 10 37.54
6 11 163.36
6 12 54.0
6 13 38.83
6 14 124.48
6 15 106.04
6 16 120.1
6 17 92.01
6 18 124.58
6 19 35.44
6 20 34.37
6 21 139.56
6 22 46.17
6 23 34.53
6 24 77.79
6 25 147.63
6 26 142.67
6 27 164.21
6 28 146.49
6 29 69.46
6 30 52.35
6 31 117.24
6 32 52.8
6 33 118.38
6 34 51.79
6 35 79.65
6 36 144.5
6 37 69.64
6 38 46.04
6 39 65.19
6 40 80.0
6 41 123.15
6 42 103.95
6 43 90.01
6 44 144.26
6 45 72.25
6 46 86.16
6 47 51.16
6 48 109.11
6 49 170.24
6 50 160.0
6 51 145.01
6 52 62.97
6 53 92.96
6 54 88.29
6 55 125.42
6 56 105.7
6 57 46.62
6 58 39.62
6 59 69.2
6 60 74.06
6 61 160.08
6 62 44.38
6 63 130.83
6 64 151.99
6 65 76.11
6 66 163.67
6 67 122.15
6 68 146.41
6 69 112.65
6 70 102.84
6 71 134.03
6 72 113.09
6 73 72.8
6 74 53.23
6 75 132.88
6 76 97.25
6 77 27.07
6 78 130.25
6 79 137.3
6 80 140.91
6 81 96.43
6 82 52.04
6 83 60.31
6 84 42.8
6 85 90.0
6 86 181.07
6 87 88.62
6 88 61.1
6 89 77.67
6 90 49.68
6 91 122.64
6 92 113.84
6 93 147.83
6 94 67.48
6 95 19.31
6 96 68.26
6 97 74.03
6 98 37.05
6 99 61.47
6 100 27.78
6 101 87.66
6 102 5.0
6 103 106.85
6 104 30.53
6 105 79.93
6 106 79.83
6 107 114.97
6 108 73.24
6 109 144.63
6 110 69.57
6 111 76.48
6 112 71.31
6 113 117.65
6 114 47.17
6 115 125.0
6 116 147.32
6 117 162.61
6 118 52.33
6 119 90.03
6 120 133.22
6 121 77.83
6 122 110.03
6 123 136.17
6 124 104.81
6 125 82.98
6 126 143.13
6 127 33.53
6 128 52.0
6 129 99.61
6 130 161.93
6 131 169.92
6 132 99.9
6 133 159.22
6 134 109.55
6 135 135.07
6 136 16.12
6 137 140.36
6 138 56.08
6 139 130.36
6 140 78.57
6 141 89.11
6 142 44.01
6 143 125.2
6 144 119.04
6 145 78.26
6 146 101.59
6 147 124.62
6 148 123.44
6 149 94.05
6 150 135.59
6 151 93.21
6 152 56.86
6 153 133.51
6 154 94.02
6 155 106.4
6 156 143.03
6 157 111.89
6 158 141.23
6 159 28.18
6 160 164.44
6 161 106.04
6 162 125.48
6 163 25.0
6 164 87.36
6 165 114.06
6 166 120.03
6 167 127.88
6 168 131.87
6 169 105.48
6 170 124.9
6 171 121.26
6 172 138.06
6 173 29.7
6 174 64.08
6 175 96.75
6 176 132.92
6 177 9.06
6 178 32.98
6 179 129.03
6 180 158.81
6 181 96.25
6 182 137.57
6 183 57.87
6 184 113.05
6 185 114.63
6 186 120.04
6 187 130.05
6 188 106.9
6 189 4.0
6 190 139.59
6 191 94.34
6 192 88.06
6 193 119.51
6 194 44.91
6 195 164.76
6 196 71.59
6 197 111.76
6 198 37.16
6 199 143.78
6 200 83.05
6 201 89.38
7 0 34.0
7 1 42.54
7 2 101.64
7 3 38.47
7 4 38.64
7 5 34.99
7 6 122.8
7 8 91.0
7 9 30.23
7 10 86.28
7 11 45.88
7 12 86.09
7 13 86.83
7 14 20.0
7 15 45.18
7 16 103.75
7 17 100.62
7 18 22.8
7 19 90.51
7 20 101.24
7 21 64.4
7 22 87.2
7 23 93.38
7 24 46.52
7 25 25.81
7 26 62.43
7 27 42.72
7 28 26.31
7 29 72.09
7 30 94.59
7 31 51.04
7 32 73.35
7 33 59.14
7 34 91.92
7 35 60.13
7 36 24.17
7 37 59.08
7 38 80.5
7 39 58.05
7 40 98.18
7 41 6.4
7 42 88.87
7 43 73.44
7 44 27.46
7 45 51.11
7 46 45.69
7 47 91.07
7 48 71.59
7 49 47.51
7 50 54.04
7 51 59.94
7 52 61.72
7 53 80.81
7 54 55.32
7 55 3.16
7 56 32.02
7 57 76.22
7 58 100.21
7 59 59.14
7 60 57.49
7 61 37.48
7 62 92.36
7 63 17.46
7 64 30.08
7 65 73.38
7 66 54.15
7 67 5.66
7 68 28.16
7 69 37.59
7 70 50.04
7 71 79.61
7 72 32.76
7 73 56.32
7 74 71.42
7 75 11.18
7 76 93.86
7 77 104.0
7 78 83.24
7 79 27.46
7 80 18.97
7 81 35.01
7 82 88.84
7 83 62.68
7 84 82.37
7 85 74.43
7 86 60.75
7 87 40.61
7 88 77.88
7 89 62.03
7 90 75.18
7 91 3.61
7 92 70.71
7 93 45.18
7 94 87.66
7 95 104.35
7 96 74.32
7 97 48.83
7 98 106.63
7 99 76.9
7 100 97.75
7 101 48.04
7 102 119.85
7 103 45.31
7 104 95.02
7 105 45.88
7 106 60.41
7 107 25.71
7 108 49.68
7 109 28.16
7 110 61.06
7 111 63.29
7 112 71.45
7 113 52.43
7 114 78.52
7 115 109.59
7 116 26.83
7 117 40.36
7 118 79.71
7 119 33.54
7 120 39.45
7 121 71.01
7 122 90.08
7 123 67.36
7 124 49.04
7 125 58.52
7 126 61.91
7 127 106.83
7 128 100.44
7 129 63.01
7 130 43.46
7 131 54.41
7 132 24.35
7 133 37.95
7 134 40.72
7 135 40.31
7 136 108.17
7 137 19.7
7 138 69.32
7 139 79.51
7 140 45.18
7 141 60.83
7 142 103.45
7 143 46.67
7 144 79.81
7 145 63.13
7 146 65.46
7 147 31.06
7 148 57.49
7 149 32.76
7 150 14.32
7 151 59.3
7 152 78.16
7 153 63.81
7 154 40.0
7 155 17.72
7 156 55.01
7 157 20.0
7 158 34.71
7 159 98.11
7 160 42.8
7 161 74.46
7 162 100.85
7 163 109.57
7 164 51.92
7 165 44.42
7 166 55.71
7 167 54.2
7 168 75.74
7 169 63.69
7 170 96.9
7 171 101.53
7 172 36.06
7 173 93.48
7 174 62.63
7 175 29.53
7 176 48.01
7 177 115.11
7 178 93.34
7 179 77.47
7 180 36.06
7 181 60.64
7 182 16.28
7 183 82.23
7 184 45.35
7 185 60.54
7 186 74.33
7 187 87.8
7 188 42.19
7 189 125.25
7 190 66.4
7 191 82.1
7 192 75.8
7 193 66.41
7 194 93.92
7 195 42.49
7 196 54.78
7 197 22.14
7 198 87.05
7 199 38.01
7 200 95.43
7 201 34.0
8 0 74.28
8 1 49.04
8 2 19.21
8 3 102.0
8 4 106.1
8 5 102.12
8 6 109.9
8 7 91.0
8 9 89.94
8 10 81.74
8 11 100.32
8 12 116.11
8 13 77.41
8 14 74.46
8 15 118.93
8 16 14.21
8 17 22.67
8 18 72.03
8 19 101.0
8 20 75.54
8 21 49.04
8 22 109.77
8 23 104.92
8 24 69.2
8 25 99.98
8 26 54.08
8 27 125.6
8 28 114.28
8 29 115.0
8 30 57.56
8 31 42.43
8 32 69.38
8 33 137.44
8 34 58.22
8 35 45.79
8 36 94.89
8 37 98.27
8 38 72.01
8 39 84.6
8 40 32.2
8 41 96.66
8 42 6.0
8 43 132.06
8 44 89.36
8 45 72.95
8 46 101.41
8 47 118.9
8 48 19.65
8 49 120.07
8 50 84.17
8 51 58.82
8 52 69.35
8 53 18.68
8 54 114.48
8 55 90.82
8 56 106.67
8 57 85.44
8 58 118.66
8 59 60.83
8 60 55.57
8 61 111.36
8 62 66.07
8 63 82.0
8 64 114.54
8 65 121.94
8 66 90.03
8 67 85.8
8 68 92.35
8 69 53.76
8 70 120.92
8 71 160.11
8 72 113.0
8 73 59.17
8 74 92.48
8 75 100.57
8 76 13.89
8 77 111.76
8 78 25.5
8 79 79.4
8 80 106.04
8 81 60.8
8 82 117.32
8 83 76.97
8 84 75.95
8 85 132.88
8 86 118.09
8 87 60.83
8 88 52.61
8 89 111.77
8 90 73.25
8 91 94.02
8 92 22.02
8 93 136.06
8 94 128.44
8 95 102.08
8 96 116.3
8 97 76.84
8 98 73.76
8 99 52.77
8 100 85.0
8 101 51.62
8 102 104.94
8 103 45.69
8 104 83.02
8 105 65.44
8 106 112.07
8 107 108.17
8 108 81.27
8 109 118.27
8 110 101.36
8 111 46.07
8 112 44.92
8 113 41.3
8 114 96.77
8 115 20.62
8 116 96.63
8 117 111.11
8 118 62.65
8 119 73.59
8 120 64.01
8 121 38.28
8 122 1.0
8 123 43.08
8 124 42.05
8 125 113.0
8 126 55.03
8 127 120.35
8 128 58.69
8 129 129.73
8 130 101.12
8 131 101.43
8 132 74.63
8 133 122.18
8 134 50.33
8 135 129.38
8 136 95.19
8 137 93.56
8 138 69.57
8 139 28.02
8 140 71.22
8 141 120.42
8 142 66.71
8 143 51.04
8 144 153.52
8 145 44.29
8 146 26.08
8 147 117.99
8 148 40.05
8 149 66.84
8 150 92.65
8 151 122.15
8 152 57.71
8 153 147.8
8 154 56.22
8 155 78.03
8 156 60.64
8 157 100.4
8 158 77.01
8 159 84.01
8 160 110.0
8 161 16.55
8 162 16.28
8 163 85.16
8 164 110.11
8 165 47.54
8 166 135.59
8 167 138.0
8 168 32.25
8 169 27.31
8 170 15.03
8 171 13.42
8 172 72.01
8 173 88.28
8 174 95.29
8 175 92.85
8 176 56.14
8 177 108.12
8 178 102.59
8 179 156.4
8 180 114.98
8 181 32.65
8 182 105.0
8 183 54.15
8 184 123.56
8 185 32.25
8 186 149.91
8 187 22.8
8 188 116.93
8 189 113.86
8 190 152.05
8 191 141.74
8 192 25.63
8 193 143.63
8 194 65.19
8 195 123.04
8 196 64.14
8 197 68.94
8 198 96.1
8 199 128.95
8 200 28.23
8 201 74.28
9 0 15.81
9 1 50.16
9 2 95.02
9 3 68.6
9 4 16.4
9 5 65.19
9 6 94.67
9 7 30.23
9 8 89.94
9 10 59.81
9 11 75.58
9 12 55.95
9 13 61.4
9 14 41.3
9 15 29.0
9 16 104.0
9 17 92.59
9 18 43.1
9 19 61.07
9 20 77.47
9 21 79.81
9 22 57.01
9 23 63.7
9 24 25.5
9 25 56.04
9 26 79.62
9 27 69.63
9 28 51.87
9 29 42.72
9 30 75.06
9 31 59.51
9 32 49.5
9 33 47.51
9 34 72.03
9 35 47.85
9 36 54.2
9 37 28.84
9 38 56.09
9 39 29.53
9 40 86.73
9 41 29.0
9 42 86.05
9 43 48.84
9 44 56.46
9 45 27.02
9 46 17.03
9 47 60.9
9 48 73.0
9 49 77.1
9 50 80.41
9 51 78.77
9 52 38.12
9 53 74.89
9 54 29.43
9 55 33.29
9 56 17.46
9 57 48.3
9 58 70.0
9 59 39.46
9 60 40.8
9 61 67.36
9 62 70.26
9 63 43.97
9 64 57.63
9 65 45.28
9 66 81.74
9 67 31.78
9 68 57.7
9 69 45.88
9 70 31.4
9 71 70.18
9 72 25.0
9 73 38.08
9 74 42.01
9 75 38.9
9 76 88.2
9 77 74.28
9 78 90.74
9 79 53.37
9 80 46.75
9 81 30.0
9 82 58.67
9 83 36.4
9 84 57.01
9 85 49.82
9 86 90.97
9 87 29.21
9 88 59.54
9 89 33.38
9 90 50.22
9 91 29.07
9 92 74.2
9 93 57.14
9 94 58.69
9 95 75.72
9 96 44.92
9 97 23.19
9 98 83.86
9 99 58.55
9 100 71.51
9 101 38.6
9 102 92.18
9 103 48.88
9 104 68.95
9 105 27.51
9 106 32.14
9 107 23.0
9 108 22.14
9 109 50.09
9 110 30.89
9 111 49.77
9 112 56.61
9 113 60.84
9 114 48.92
9 115 110.34
9 116 56.94
9 117 70.43
9 118 58.03
9 119 16.4
9 120 59.08
9 121 59.09
9 122 89.2
9 123 80.65
9 124 51.04
9 125 31.0
9 126 79.43
9 127 76.69
9 128 81.06
9 129 42.05
9 130 73.36
9 131 83.77
9 132 18.03
9 133 64.64
9 134 46.52
9 135 46.1
9 136 80.96
9 137 49.74
9 138 45.4
9 139 87.82
9 140 23.35
9 141 35.69
9 142 82.15
9 143 60.17
9 144 64.4
9 145 50.57
9 146 64.35
9 147 34.01
9 148 67.62
9 149 23.43
9 150 44.42
9 151 35.74
9 152 58.08
9 153 58.67
9 154 33.97
9 155 20.0
9 156 74.43
9 157 17.72
9 158 59.84
9 159 72.11
9 160 73.01
9 161 74.25
9 162 103.32
9 163 84.48
9 164 25.18
9 165 52.39
9 166 45.8
9 167 49.19
9 168 85.42
9 169 64.54
9 170 99.9
9 171 102.53
9 172 59.21
9 173 66.21
9 174 32.56
9 175 3.16
9 176 64.94
9 177 86.53
9 178 63.89
9 179 66.48
9 180 65.07
9 181 57.31
9 182 43.28
9 183 63.29
9 184 33.84
9 185 66.04
9 186 60.31
9 187 94.3
9 188 27.02
9 189 96.8
9 190 63.51
9 191 58.46
9 192 68.26
9 193 53.74
9 194 72.17
9 195 70.43
9 196 34.37
9 197 32.25
9 198 58.01
9 199 51.62
9 200 85.09
9 201 15.81
10 0 52.43
10 1 76.06
10 2 73.74
10 3 121.17
10 4 66.48
10 5 118.56
10 6 37.54
10 7 86.28
10 8 81.74
10 9 59.81
10 11 125.87
10 12 40.31
10 13 5.0
10 14 86.98
10 15 77.01
10 16 94.15
10 17 69.08
10 18 87.05
10 19 20.12
10 20 20.88
10 21 104.06
10 22 31.89
10 23 23.77
10 24 40.46
10 25 110.6
10 26 106.78
10 27 128.41
10 28 110.91
10 29 48.33
10 30 30.61
10 31 81.15
10 32 15.65
10 33 92.54
10 34 28.02
10 35 43.97
10 36 107.3
10 37 40.11
10 38 10.05
10 39 30.81
10 40 57.7
10 41 87.24
10 42 75.8
10 43 70.38
10 44 106.83
10 45 35.23
10 46 55.15
10 47 41.23
10 48 76.42
10 49 133.45
10 50 122.64
10 51 108.75
10 52 25.46
10 53 63.29
10 54 61.52
10 55 88.75
10 56 73.35
10 57 13.04
10 58 37.7
10 59 31.91
10 60 37.12
10 61 123.22
10 62 20.52
10 63 93.43
10 64 115.97
10 65 56.36
10 66 126.21
10 67 85.21
10 68 109.04
10 69 75.47
10 70 75.11
10 71 111.83
10 72 81.22
10 73 35.51
10 74 23.54
10 75 96.75
10 76 71.31
10 77 30.07
10 78 98.33
10 79 99.76
10 80 104.81
10 81 58.9
10 82 40.36
10 83 23.71
10 84 6.08
10 85 70.77
10 86 143.68
10 87 51.09
10 88 29.15
10 89 52.39
10 90 12.21
10 91 86.45
10 92 80.75
10 93 115.73
10 94 55.32
10 95 22.14
10 96 48.3
10 97 37.59
10 98 28.46
10 99 29.07
10 100 11.7
10 101 50.61
10 102 33.97
10 103 70.21
10 104 9.22
10 105 42.43
10 106 54.13
10 107 81.74
10 108 37.7
10 109 109.77
10 110 41.44
10 111 41.23
10 112 38.05
10 113 81.71
10 114 21.95
10 115 99.92
10 116 110.11
10 117 125.6
10 118 19.1
10 119 53.01
10 120 95.96
10 121 45.04
10 122 81.61
10 123 101.24
10 124 68.54
10 125 56.89
10 126 107.15
10 127 38.64
10 128 34.66
10 129 75.93
10 130 124.48
10 131 132.38
10 132 62.8
10 133 123.47
10 134 72.56
10 135 103.58
10 136 22.02
10 137 103.23
10 138 18.6
10 139 97.74
10 140 41.4
10 141 64.54
10 142 30.53
10 143 88.55
10 144 98.98
10 145 43.17
10 146 67.9
10 147 92.2
10 148 87.92
10 149 56.59
10 150 98.6
10 151 68.25
10 152 24.08
10 153 107.3
10 154 56.61
10 155 69.4
10 156 106.44
10 157 77.49
10 158 103.71
10 159 12.37
10 160 127.28
10 161 74.11
10 162 98.01
10 163 25.18
10 164 59.14
10 165 77.37
10 166 93.19
10 167 100.0
10 168 98.48
10 169 71.39
10 170 96.52
10 171 94.54
10 172 100.6
10 173 8.06
10 174 34.13
10 175 62.3
10 176 96.18
10 177 31.38
10 178 21.19
10 179 106.96
10 180 122.33
10 181 61.61
10 182 101.6
10 183 27.89
10 184 84.02
10 185 79.81
10 186 98.23
10 187 99.05
10 188 77.1
10 189 40.61
10 190 113.22
10 191 77.83
10 192 57.04
10 193 95.52
10 194 22.63
10 195 128.63
10 196 34.06
10 197 74.25
10 198 15.81
10 199 110.86
10 200 59.24
10 201 52.43
11 0 74.81
11 1 57.38
11 2 116.73
11 3 9.22
11 4 84.2
11 5 13.15
11 6 163.36
11 7 45.88
11 8 100.32
11 9 75.58
11 10 125.87
11 12 131.49
11 13 125.26
11 14 38.9
11 15 88.81
11 16 109.04
11 17 117.69
11 18 39.05
11 19 133.6
11 20 137.0
11 21 54.74
11 22 131.88
11 23 136.82
11 24 85.63
11 25 22.02
11 26 50.01
11 27 36.88
11 28 40.26
11 29 117.92
11 30 126.05
11 31 59.67
11 32 111.13
11 33 99.05
11 34 124.02
11 35 89.36
11 36 21.84
11 37 104.24
11 38 118.26
11 39 101.02
11 40 119.85
11 41 49.48
11 42 100.98
11 43 118.46
11 44 19.42
11 45 91.44
11 46 91.55
11 47 136.42
11 48 82.04
11 49 23.32
11 50 21.1
11 51 45.12
11 52 100.41
11 53 98.49
11 54 100.96
11 55 42.72
11 56 76.9
11 57 117.8
11 58 144.92
11 59 95.02
11 60 91.21
11 61 20.25
11 62 126.83
11 63 32.8
11 64 34.18
11 65 119.22
11 66 16.28
11 67 43.83
11 68 17.89
11 69 55.01
11 70 94.05
11 71 115.74
11 72 75.54
11 73 91.55
11 74 114.86
11 75 41.3
11 76 108.85
11 77 147.41
11 78 81.5
11 79 26.4
11 80 37.05
11 81 67.36
11 82 134.18
11 83 103.48
11 84 120.97
11 85 119.44
11 86 18.79
11 87 75.07
11 88 109.84
11 89 107.91
11 90 113.86
11 91 48.08
11 92 78.52
11 93 68.35
11 94 133.54
11 95 146.0
11 96 120.15
11 97 90.43
11 98 140.91
11 99 109.0
11 100 136.56
11 101 78.24
11 102 159.81
11 103 63.56
11 104 133.73
11 105 83.44
11 106 106.28
11 107 68.73
11 108 92.42
11 109 47.54
11 110 106.44
11 111 92.96
11 112 100.85
11 113 60.42
11 114 122.07
11 115 113.28
11 116 19.42
11 117 17.03
11 118 114.81
11 119 74.03
11 120 37.11
11 121 97.49
11 122 99.32
11 123 60.53
11 124 67.23
11 125 104.36
11 126 49.03
11 127 151.17
11 128 131.23
11 129 107.06
11 130 3.16
11 131 9.0
11 132 64.2
11 133 36.89
11 134 59.03
11 135 72.18
11 136 147.8
11 137 26.25
11 138 107.52
11 139 77.41
11 140 85.04
11 141 106.23
11 142 136.21
11 143 50.01
11 144 120.1
11 145 91.92
11 146 81.04
11 147 69.01
11 148 60.3
11 149 69.31
11 150 31.62
11 151 104.35
11 152 111.83
11 153 98.66
11 154 70.6
11 155 58.25
11 156 41.44
11 157 65.0
11 158 24.7
11 159 136.62
11 160 13.45
11 161 86.31
11 162 103.31
11 163 146.49
11 164 97.72
11 165 57.58
11 166 95.08
11 167 90.67
11 168 72.44
11 169 77.37
11 170 99.25
11 171 106.08
11 172 29.41
11 173 133.66
11 174 107.19
11 175 75.24
11 176 44.18
11 177 156.46
11 178 136.4
11 179 114.98
11 180 26.93
11 181 80.41
11 182 40.0
11 183 114.28
11 184 87.14
11 185 69.05
11 186 114.16
11 187 86.58
11 188 85.84
11 189 166.24
11 190 98.95
11 191 126.59
11 192 96.46
11 193 106.12
11 194 127.88
11 195 32.56
11 196 91.97
11 197 51.62
11 198 129.63
11 199 62.64
11 200 116.09
11 201 74.81
12 0 59.67
12 1 95.26
12 2 111.51
12 3 124.53
12 4 51.62
12 5 121.08
12 6 54.0
12 7 86.09
12 8 116.11
12 9 55.95
12 10 40.31
12 11 131.49
12 13 45.25
12 14 95.52
12 15 56.08
12 16 129.62
12 17 107.19
12 18 96.77
12 19 22.36
12 20 59.64
12 21 126.14
12 22 8.94
12 23 20.88
12 24 54.04
12 25 111.83
12 26 127.48
12 27 122.38
12 28 104.8
12 29 17.0
12 30 70.77
12 31 103.02
12 32 47.41
12 33 65.52
12 34 68.01
12 35 71.81
12 36 110.15
12 37 27.31
12 38 47.2
12 39 35.01
12 40 96.52
12 41 84.05
12 42 110.49
12 43 36.01
12 44 112.26
12 45 48.0
12 46 41.23
12 47 5.0
12 48 106.1
12 49 132.0
12 50 134.71
12 51 128.0
12 52 47.3
12 53 97.5
12 54 37.74
12 55 89.19
12 56 60.11
12 57 31.38
12 58 16.55
12 59 56.29
12 60 62.17
12 61 122.64
12 62 60.81
12 63 99.4
12 64 111.4
12 65 22.36
12 66 136.7
12 67 87.66
12 68 113.6
12 69 92.66
12 70 51.88
12 71 80.06
12 72 66.07
12 73 58.86
12 74 23.77
12 75 93.81
12 76 107.79
12 77 27.07
12 78 127.74
12 79 108.27
12 80 101.21
12 81 73.55
12 82 2.83
12 83 39.81
12 84 44.05
12 85 36.0
12 86 146.81
12 87 67.12
12 88 65.37
12 89 27.2
12 90 43.91
12 91 84.6
12 92 109.49
12 93 99.32
12 94 15.26
12 95 36.67
12 96 15.23
12 97 46.17
12 98 67.12
12 99 64.88
12 100 46.65
12 101 72.11
12 102 54.23
12 103 91.02
12 104 46.04
12 105 58.01
12 106 29.41
12 107 70.01
12 108 42.43
12 109 101.12
12 110 25.06
12 111 70.6
12 112 71.31
12 113 104.0
12 114 19.72
12 115 135.77
12 116 112.87
12 117 125.92
12 118 56.3
12 119 60.64
12 120 110.63
12 121 77.83
12 122 115.77
12 123 125.0
12 124 91.02
12 125 32.45
12 126 127.57
12 127 24.17
12 128 74.97
12 129 46.32
12 130 129.29
12 131 139.56
12 132 69.26
12 133 117.46
12 134 91.27
12 135 86.28
12 136 48.08
12 137 105.68
12 138 46.62
12 139 126.15
12 140 53.15
12 141 36.77
12 142 70.43
12 143 107.56
12 144 65.07
12 145 72.53
12 146 96.69
12 147 77.62
12 148 111.0
12 149 68.07
12 150 100.34
12 151 40.85
12 152 60.54
12 153 80.52
12 154 74.11
12 155 74.09
12 156 124.46
12 157 69.66
12 158 114.16
12 159 48.02
12 160 128.7
12 161 105.02
12 162 132.19
12 163 59.51
12 164 38.42
12 165 97.19
12 166 67.68
12 167 75.96
12 168 125.57
12 169 99.14
12 170 129.99
12 171 129.45
12 172 112.64
12 173 39.12
12 174 25.5
12 175 56.6
12 176 114.13
12 177 45.01
12 178 23.41
12 179 75.06
12 180 119.63
12 181 89.27
12 182 97.62
12 183 65.73
12 184 62.65
12 185 105.3
12 186 66.07
12 187 129.63
12 188 57.69
12 189 54.15
12 190 86.59
12 191 40.79
12 192 90.48
12 193 65.92
12 194 62.94
12 195 123.99
12 196 54.45
12 197 84.2
12 198 25.0
12 199 96.61
12 200 97.42
12 201 59.67
13 0 52.84
13 1 74.09
13 2 68.95
13 3 120.88
13 4 69.12
13 5 118.41
13 6 38.83
13 7 86.83
13 8 77.41
13 9 61.4
13 10 5.0
13 11 125.26
13 12 45.25
13 14 86.37
13 15 80.06
13 16 89.63
13 17 64.26
13 18 86.28
13 19 25.06
13 20 17.12
13 21 101.39
13 22 36.88
13 23 28.64
13 24 40.5
13 25 110.68
13 26 104.28
13 27 129.25
13 28 111.89
13 29 52.77
13 30 25.61
13 31 78.72
13 32 14.14
13 33 96.03
13 34 23.02
13 35 41.23
13 36 107.2
13 37 43.57
13 38 7.21
13 39 33.14
13 40 52.8
13 41 88.14
13 42 71.45
13 43 74.73
13 44 106.4
13 45 35.78
13 46 58.0
13 47 46.23
13 48 72.84
13 49 133.69
13 50 121.21
13 51 106.44
13 52 25.24
13 53 59.08
13 54 65.12
13 55 89.19
13 56 75.66
13 57 16.76
13 58 42.54
13 59 30.48
13 60 35.23
13 61 123.42
13 62 15.56
13 63 93.09
13 64 116.73
13 65 60.83
13 66 124.96
13 67 85.44
13 68 108.71
13 69 73.82
13 70 78.41
13 71 115.69
13 72 83.6
13 73 34.06
13 74 27.51
13 75 97.49
13 76 66.71
13 77 34.37
13 78 94.64
13 79 99.01
13 80 105.55
13 81 57.98
13 82 45.34
13 83 25.0
13 84 4.47
13 85 75.15
13 86 143.28
13 87 50.21
13 88 25.0
13 89 56.32
13 90 11.66
13 91 87.21
13 92 77.28
13 93 117.89
13 94 60.21
13 95 25.32
13 96 52.84
13 97 38.63
13 98 24.52
13 99 25.02
13 100 11.31
13 101 48.83
13 102 34.83
13 103 68.1
13 104 8.49
13 105 42.01
13 106 57.97
13 107 83.74
13 108 39.29
13 109 111.07
13 110 45.12
13 111 38.28
13 112 34.37
13 113 79.2
13 114 26.63
13 115 95.34
13 116 110.0
13 117 125.67
13 118 15.03
13 119 53.34
13 120 94.4
13 121 41.3
13 122 77.32
13 123 98.35
13 124 66.19
13 125 60.64
13 126 104.69
13 127 43.17
13 128 29.73
13 129 79.81
13 130 123.99
13 131 131.53
13 132 62.97
13 133 124.34
13 134 70.72
13 135 105.93
13 136 22.8
13 137 103.23
13 138 17.8
13 139 94.2
13 140 41.68
13 141 68.41
13 142 25.94
13 143 86.45
13 144 103.12
13 145 40.16
13 146 64.54
13 147 94.37
13 148 85.23
13 149 56.22
13 150 98.74
13 151 72.03
13 152 20.02
13 153 110.65
13 154 55.32
13 155 69.64
13 156 104.32
13 157 79.12
13 158 102.65
13 159 11.4
13 160 127.2
13 161 70.35
13 162 93.65
13 163 23.09
13 164 62.51
13 165 75.29
13 166 96.52
13 167 103.12
13 168 95.13
13 169 68.15
13 170 92.27
13 171 90.09
13 172 99.36
13 173 11.05
13 174 37.66
13 175 64.03
13 176 94.15
13 177 33.62
13 178 26.0
13 179 110.86
13 180 122.8
13 181 58.52
13 182 102.42
13 183 23.35
13 184 87.02
13 185 76.84
13 186 102.2
13 187 95.19
13 188 80.0
13 189 42.19
13 190 116.52
13 191 82.37
13 192 53.01
13 193 99.25
13 194 17.69
13 195 129.29
13 196 33.3
13 197 73.66
13 198 20.81
13 199 112.81
13 200 54.42
13 201 52.84
14 0 36.72
14 1 25.5
14 2 87.28
14 3 34.99
14 4 54.23
14 5 33.11
14 6 124.48
14 7 20.0
14 8 74.46
14 9 41.3
14 10 86.98
14 11 38.9
14 12 95.52
14 13 86.37
14 15 63.06
14 16 86.38
14 17 87.02
14 18 2.83
14 19 95.41
14 20 98.47
14 21 44.41
14 22 94.85
14 23 98.79
14 24 46.86
14 25 27.46
14 26 42.54
14 27 52.01
14 28 39.85
14 29 83.74
14 30 88.57
14 31 32.7
14 32 72.25
14 33 78.39
14 34 86.31
14 35 52.0
14 36 22.8
14 37 68.31
14 38 79.4
14 39 63.13
14 40 86.58
14 41 26.4
14 42 73.16
14 43 89.09
14 44 20.25
14 45 52.8
14 46 58.31
14 47 100.3
14 48 54.82
14 49 50.29
14 50 39.29
14 51 40.31
14 52 61.52
14 53 67.01
14 54 70.0
14 55 18.38
14 56 49.24
14 57 79.2
14 58 107.79
14 59 56.22
14 60 52.7
14 61 40.26
14 62 88.51
14 63 8.06
14 64 40.31
14 65 86.58
14 66 41.23
14 67 14.42
14 68 22.83
14 69 21.1
14 70 67.47
14 71 99.36
14 72 51.62
14 73 52.8
14 74 77.03
14 75 26.93
14 76 79.31
14 77 109.29
14 78 64.07
14 79 13.04
14 80 31.62
14 81 28.6
14 82 98.08
14 83 64.82
14 84 82.07
14 85 90.09
14 86 57.01
14 87 36.24
14 88 72.01
14 89 74.67
14 90 74.97
14 91 23.6
14 92 53.14
14 93 63.82
14 94 99.82
14 95 107.3
14 96 85.91
14 97 52.15
14 98 102.73
14 99 71.12
14 100 97.67
14 101 40.25
14 102 120.92
14 103 30.02
14 104 94.85
14 105 44.55
14 106 73.44
14 107 44.78
14 108 54.59
14 109 44.28
14 110 70.88
14 111 55.54
14 112 63.69
14 113 34.01
14 114 84.22
14 115 91.92
14 116 25.3
14 117 41.44
14 118 76.28
14 119 35.85
14 120 19.7
14 121 61.4
14 122 73.5
14 123 47.42
14 124 34.01
14 125 72.17
14 126 42.06
14 127 113.65
14 128 94.02
14 129 80.06
14 130 37.64
14 131 45.61
14 132 26.4
14 133 48.17
14 134 25.02
14 135 60.14
14 136 108.9
14 137 20.1
14 138 68.62
14 139 60.22
14 140 46.4
14 141 76.03
14 142 98.41
14 143 27.02
14 144 98.68
14 145 54.78
14 146 50.25
14 147 51.04
14 148 38.28
14 149 30.48
14 150 18.25
14 151 75.24
14 152 73.57
14 153 83.76
14 154 32.25
14 155 21.59
14 156 35.47
14 157 37.95
14 158 18.68
14 159 97.74
14 160 42.05
14 161 58.25
14 162 82.76
14 163 107.8
14 164 66.03
14 165 26.93
14 166 75.15
14 167 74.09
14 168 56.22
14 169 47.68
14 170 78.72
14 171 83.93
14 172 18.0
14 173 94.79
14 174 70.38
14 175 42.05
14 176 28.02
14 177 117.69
14 178 98.18
14 179 97.05
14 180 42.19
14 181 47.04
14 182 30.87
14 183 76.48
14 184 64.26
14 185 42.72
14 186 93.41
14 187 68.8
14 188 60.17
14 189 127.4
14 190 86.4
14 191 98.33
14 192 63.2
14 193 85.62
14 194 89.69
14 195 50.09
14 196 53.08
14 197 12.73
14 198 91.26
14 199 56.61
14 200 83.29
14 201 36.72
15 0 44.69
15 1 77.7
15 2 123.42
15 3 80.23
15 4 13.04
15 5 76.3
15 6 106.04
15 7 45.18
15 8 118.93
15 9 29.0
15 10 77.01
15 11 88.81
15 12 56.08
15 13 80.06
15 14 63.06
15 16 133.0
15 17 120.74
15 18 65.52
15 19 70.6
15 20 97.13
15 21 105.7
15 22 61.33
15 23 71.78
15 24 52.35
15 25 66.91
15 26 104.75
15 27 69.97
15 28 53.71
15 29 39.12
15 30 98.72
15 31 87.13
15 32 71.2
15 33 18.6
15 34 95.57
15 35 76.01
15 36 67.27
15 37 37.22
15 38 76.53
15 39 47.38
15 40 114.04
15 41 40.0
15 42 114.98
15 43 30.46
15 44 72.01
15 45 51.62
15 46 22.2
15 47 60.75
15 48 101.91
15 49 82.46
15 50 99.18
15 51 103.09
15 52 61.4
15 53 103.6
15 54 18.36
15 55 48.09
15 56 13.93
15 57 64.03
15 58 72.56
15 59 65.39
15 60 68.0
15 61 74.63
15 62 92.07
15 63 62.51
15 64 60.93
15 65 36.07
15 66 99.0
15 67 49.65
15 68 72.11
15 69 73.06
15 70 5.39
15 71 41.23
15 72 13.34
15 73 64.85
15 74 54.33
15 75 47.52
15 76 116.83
15 77 81.15
15 78 119.04
15 79 72.56
15 80 52.89
15 81 58.8
15 82 58.83
15 83 56.89
15 84 76.16
15 85 31.38
15 86 100.28
15 87 58.14
15 88 84.76
15 89 29.07
15 90 70.58
15 91 42.05
15 92 102.94
15 93 43.27
15 94 50.93
15 95 86.83
15 96 41.05
15 97 47.17
15 98 104.31
15 99 83.82
15 100 88.14
15 101 67.48
15 102 104.79
15 103 77.2
15 104 86.05
15 105 55.23
15 106 26.83
15 107 20.1
15 108 43.97
15 109 48.37
15 110 36.67
15 111 77.52
15 112 83.63
15 113 88.51
15 114 59.23
15 115 139.34
15 116 69.46
15 117 78.45
15 118 81.02
15 119 45.34
15 120 82.57
15 121 86.95
15 122 118.19
15 123 107.33
15 124 79.65
15 125 23.71
15 126 104.4
15 127 80.13
15 128 104.56
15 129 18.25
15 130 85.99
15 131 97.74
15 132 45.8
15 133 65.37
15 134 74.33
15 135 30.23
15 136 95.19
15 137 63.13
15 138 67.47
15 139 115.94
15 140 50.12
15 141 20.52
15 142 104.09
15 143 86.33
15 144 36.24
15 145 78.55
15 146 93.34
15 147 23.02
15 148 95.02
15 149 52.35
15 150 58.03
15 151 17.2
15 152 82.28
15 153 31.32
15 154 62.94
15 155 45.18
15 156 98.37
15 157 25.32
15 158 79.76
15 159 89.09
15 160 82.01
15 161 103.24
15 162 132.28
15 163 102.08
15 164 18.68
15 165 79.92
15 166 17.46
15 167 23.09
15 168 113.21
15 169 93.43
15 170 128.82
15 171 131.53
15 172 80.6
15 173 81.39
15 174 43.19
15 175 26.17
15 176 89.89
15 177 97.12
15 178 73.08
15 179 37.48
15 180 70.01
15 181 86.31
15 182 49.48
15 183 87.93
15 184 7.07
15 185 94.4
15 186 31.62
15 187 122.8
15 188 3.0
15 189 107.21
15 190 36.88
15 191 37.85
15 192 96.83
15 193 24.76
15 194 94.2
15 195 72.47
15 196 60.42
15 197 57.7
15 198 69.43
15 199 41.04
15 200 112.77
15 201 44.69
16 0 88.39
16 1 61.33
16 2 23.77
16 3 111.65
16 4 120.22
16 5 112.15
16 6 120.1
16 7 103.75
16 8 14.21
16 9 104.0
16 10 94.15
16 11 109.04
16 12 129.62
16 13 89.63
16 14 86.38
16 15 133.0
16 17 28.64
16 18 83.82
16 19 113.76
16 20 86.0
16 21 55.33
16 22 123.03
16 23 117.63
16 24 83.41
16 25 110.86
16 26 60.41
16 27 136.57
16 28 126.19
16 29 129.0
16 30 68.01
16 31 53.76
16 32 82.54
16 33 151.49
16 34 69.12
16 35 59.91
16 36 105.76
16 37 112.36
16 38 84.65
16 39 98.62
16 40 40.31
16 41 109.59
16 42 19.24
16 43 146.24
16 44 99.82
16 45 87.09
16 46 115.62
16 47 132.26
16 48 32.25
16 49 129.87
16 50 91.35
16 51 65.38
16 52 83.19
16 53 32.2
16 54 128.69
16 55 103.37
16 56 120.62
16 57 98.68
16 58 131.47
16 59 74.79
16 60 69.64
16 61 121.66
16 62 77.23
16 63 93.61
16 64 125.96
16 65 136.0
16 66 97.33
16 67 98.41
16 68 102.77
16 69 66.21
16 70 135.06
16 71 174.16
16 72 126.82
16 73 73.25
16 74 106.1
16 75 112.92
16 76 23.09
16 77 123.97
16 78 28.64
16 79 90.03
16 80 117.99
16 81 74.65
16 82 130.74
16 83 90.79
16 84 88.53
16 85 147.05
16 86 126.1
16 87 74.95
16 88 65.25
16 89 125.92
16 90 86.33
16 91 106.89
16 92 33.24
16 93 148.92
16 94 142.23
16 95 113.75
16 96 130.25
16 97 91.02
16 98 83.29
16 99 65.52
16 100 96.42
16 101 65.8
16 102 115.11
16 103 58.67
16 104 94.64
16 105 79.65
16 106 126.25
16 107 121.83
16 108 95.44
16 109 130.55
16 110 115.43
16 111 60.03
16 112 58.31
16 113 52.5
16 114 110.14
16 115 6.4
16 116 107.28
16 117 121.06
16 118 75.19
16 119 87.69
16 120 73.98
16 121 51.89
16 122 14.87
16 123 49.25
16 124 55.23
16 125 127.2
16 126 61.4
16 127 132.77
16 128 68.18
16 129 143.93
16 130 110.16
16 131 109.17
16 132 88.41
16 133 133.41
16 134 63.06
16 135 142.69
16 136 106.04
16 137 104.81
16 138 83.01
16 139 32.39
16 140 85.43
16 141 134.63
16 142 76.24
16 143 61.39
16 144 167.71
16 145 58.31
16 146 39.82
16 147 131.47
16 148 49.82
16 149 80.81
16 150 104.36
16 151 136.36
16 152 70.34
16 153 161.64
16 154 70.18
16 155 91.53
16 156 68.07
16 157 114.04
16 158 86.83
16 159 95.34
16 160 119.6
16 161 30.0
16 162 7.81
16 163 95.13
16 164 124.33
16 165 59.62
16 166 149.58
16 167 151.82
16 168 37.34
16 169 40.5
16 170 10.77
16 171 3.16
16 172 81.88
16 173 100.28
16 174 109.27
16 175 106.89
16 176 65.38
16 177 119.07
16 178 115.21
16 179 170.48
16 180 125.72
16 181 46.69
16 182 117.18
16 183 66.29
16 184 137.54
16 185 43.66
16 186 164.05
16 187 24.04
16 188 130.97
16 189 124.1
16 190 165.8
16 191 155.9
16 192 39.36
16 193 157.72
16 194 76.11
16 195 133.75
16 196 78.23
16 197 81.88
16 198 108.93
16 199 141.77
16 200 37.05
16 201 88.39
17 0 76.92
17 1 62.07
17 2 5.0
17 3 118.09
17 4 107.7
17 5 117.61
17 6 92.01
17 7 100.62
17 8 22.67
17 9 92.59
17 10 69.08
17 11 117.69
17 12 107.19
17 13 64.26
17 14 87.02
17 15 120.74
17 16 28.64
17 18 85.0
17 19 89.16
17 20 58.31
17 21 69.84
17 22 99.76
17 23 92.85
17 24 68.51
17 25 114.04
17 26 74.71
17 27 139.03
17 28 125.78
17 29 109.34
17 30 40.61
17 31 58.05
17 32 59.91
17 33 139.28
17 34 42.2
17 35 44.78
17 36 109.07
17 37 94.05
17 38 60.37
17 39 79.91
17 40 12.04
17 41 105.54
17 42 18.6
17 43 128.69
17 44 104.39
17 45 70.43
17 46 100.8
17 47 109.18
17 48 36.06
17 49 135.62
17 50 103.46
17 51 79.16
17 52 63.66
17 53 20.02
17 54 112.93
17 55 101.12
17 56 110.02
17 57 75.8
17 58 106.78
17 59 56.73
17 60 53.01
17 61 126.25
17 62 50.45
17 63 95.01
17 64 127.19
17 65 116.93
17 66 109.11
17 67 96.03
17 68 107.38
17 69 66.0
17 70 121.76
17 71 161.7
17 72 117.2
17 73 56.4
17 74 84.63
17 75 111.16
17 76 9.43
17 77 98.08
17 78 48.08
17 79 94.43
17 80 117.61
17 81 66.76
17 82 107.91
17 83 70.84
17 84 63.98
17 85 129.4
17 86 136.06
17 87 64.08
17 88 41.88
17 89 108.19
17 90 63.29
17 91 103.16
17 92 40.31
17 93 144.37
17 94 120.93
17 95 87.1
17 96 110.26
17 97 74.81
17 98 55.01
17 99 42.44
17 100 69.63
17 101 54.78
17 102 87.01
17 103 57.01
17 104 68.15
17 105 65.51
17 106 108.93
17 107 113.46
17 108 78.87
17 109 128.72
17 110 96.9
17 111 43.27
17 112 38.21
17 113 57.27
17 114 87.46
17 115 33.06
17 116 111.16
17 117 126.57
17 118 51.0
17 119 76.49
17 120 80.6
17 121 33.84
17 122 23.35
17 123 64.14
17 124 53.01
17 125 110.45
17 126 75.59
17 127 107.21
17 128 40.01
17 129 128.69
17 130 118.07
17 131 119.92
17 132 80.32
17 133 135.13
17 134 62.01
17 135 136.01
17 136 78.52
17 137 107.0
17 138 61.4
17 139 50.33
17 140 70.72
17 141 118.34
17 142 48.0
17 143 67.68
17 144 153.05
17 145 42.19
17 146 37.12
17 147 124.06
17 148 58.19
17 149 71.51
17 150 105.12
17 151 120.74
17 152 46.65
17 153 151.24
17 154 61.68
17 155 85.16
17 156 80.23
17 157 106.04
17 158 93.38
17 159 68.45
17 160 126.02
17 161 31.62
17 162 35.11
17 163 67.01
17 164 108.85
17 165 61.2
17 166 138.06
17 167 141.78
17 168 54.2
17 169 40.45
17 170 35.78
17 171 30.36
17 172 88.46
17 173 74.33
17 174 89.94
17 175 95.71
17 176 74.04
17 177 91.55
17 178 90.25
17 179 157.55
17 180 129.02
17 181 40.2
17 182 115.97
17 183 41.59
17 184 126.27
17 185 48.76
17 186 150.21
17 187 45.45
17 188 119.2
17 189 96.01
17 190 156.08
17 191 137.93
17 192 25.0
17 193 144.78
17 194 49.03
17 195 137.0
17 196 61.22
17 197 78.77
17 198 84.58
17 199 137.53
17 200 9.85
17 201 76.92
18 0 37.58
18 1 23.19
18 2 85.15
18 3 35.78
18 4 56.44
18 5 34.18
18 6 124.58
18 7 22.8
18 8 72.03
18 9 43.1
18 10 87.05
18 11 39.05
18 12 96.77
18 13 86.28
18 14 2.83
18 15 65.52
18 16 83.82
18 17 85.0
18 19 96.04
18 20 98.01
18 21 41.62
18 22 95.85
18 23 99.48
18 24 47.2
18 25 29.15
18 26 39.82
18 27 54.08
18 28 42.38
18 29 85.33
18 30 87.66
18 31 30.08
18 32 72.14
18 33 81.02
18 34 85.48
18 35 50.99
18 36 24.33
18 37 69.64
18 38 79.25
18 39 63.95
18 40 84.85
18 41 29.21
18 42 70.86
18 43 91.2
18 44 21.02
18 45 53.25
18 46 60.13
18 47 101.51
18 48 52.39
18 49 51.66
18 50 37.95
18 51 37.7
18 52 61.62
18 53 65.01
18 54 72.03
18 55 21.21
18 56 51.66
18 57 79.63
18 58 108.75
18 59 55.97
18 60 52.2
18 61 41.77
18 62 87.92
18 63 10.05
18 64 42.58
18 65 88.36
18 66 40.25
18 67 17.2
18 68 23.77
18 69 19.0
18 70 69.86
18 71 102.08
18 72 54.23
18 73 52.5
18 74 77.83
18 75 29.68
18 76 77.16
18 77 109.93
18 78 61.29
18 79 12.73
18 80 34.18
18 81 28.32
18 82 99.3
18 83 65.22
18 84 82.02
18 85 92.2
18 86 57.43
18 87 36.07
18 88 71.2
18 89 76.42
18 90 74.97
18 91 26.4
18 92 50.6
18 93 66.61
18 94 101.43
18 95 107.62
18 96 87.48
18 97 52.84
18 98 102.08
18 99 70.33
18 100 97.59
18 101 39.45
18 102 120.93
18 103 28.02
18 104 94.76
18 105 44.69
18 106 75.24
18 107 47.42
18 108 55.46
18 109 46.96
18 110 72.28
18 111 54.56
18 112 62.65
18 113 31.38
18 114 85.0
18 115 89.32
18 116 26.68
18 117 42.72
18 118 75.8
18 119 36.67
18 120 17.09
18 121 60.08
18 122 71.06
18 123 44.6
18 124 32.02
18 125 74.06
18 126 39.36
18 127 114.49
18 128 93.04
18 129 82.38
18 130 38.01
18 131 45.34
18 132 27.51
18 133 50.36
18 134 23.02
18 135 62.97
18 136 108.9
18 137 22.0
18 138 68.59
18 139 57.43
18 140 46.87
18 141 78.1
18 142 97.62
18 143 24.21
18 144 101.24
18 145 53.71
18 146 48.09
18 147 53.82
18 148 35.51
18 149 30.81
18 150 20.62
18 151 77.41
18 152 72.95
18 153 86.53
18 154 31.62
18 155 23.19
18 156 32.89
18 157 40.5
18 158 17.46
18 159 97.62
18 160 43.08
18 161 55.9
18 162 80.11
18 163 107.45
18 164 68.0
18 165 24.52
18 166 77.82
18 167 76.85
18 168 53.41
18 169 45.4
18 170 76.06
18 171 81.34
18 172 16.12
18 173 94.92
18 174 71.51
18 175 44.0
18 176 25.24
18 177 117.92
18 178 98.79
18 179 99.73
18 180 44.05
18 181 45.18
18 182 33.54
18 183 75.66
18 184 66.85
18 185 40.16
18 186 96.01
18 187 66.04
18 188 62.64
18 189 127.56
18 190 89.2
18 191 100.5
18 192 61.4
18 193 88.24
18 194 89.04
18 195 52.01
18 196 53.04
18 197 13.04
18 198 91.81
18 199 59.41
18 200 81.5
18 201 37.58
19 0 58.82
19 1 89.19
19 2 93.78
19 3 127.78
19 4 62.65
19 5 124.74
19 6 35.44
19 7 90.51
19 8 101.0
19 9 61.07
19 10 20.12
19 11 133.6
19 12 22.36
19 13 25.06
19 14 95.41
19 15 70.6
19 16 113.76
19 17 89.16
19 18 96.04
19 20 37.64
19 21 118.88
19 22 13.42
19 23 4.0
19 24 49.19
19 25 116.04
19 26 121.04
19 27 130.6
19 28 112.8
19 29 35.06
19 30 50.48
19 31 95.57
19 32 32.06
19 33 83.38
19 34 48.02
19 35 60.13
19 36 113.45
19 37 34.44
19 38 29.12
19 39 32.65
19 40 77.82
19 41 90.03
19 42 95.13
19 43 56.72
19 44 114.2
19 45 42.94
19 46 50.99
19 47 22.02
19 48 94.01
19 49 137.93
19 50 133.3
19 51 122.41
19 52 37.11
19 53 82.38
19 54 52.95
19 55 93.35
19 56 70.66
19 57 17.46
19 58 17.72
19 59 45.71
19 60 51.62
19 61 127.99
19 62 40.22
19 63 100.8
19 64 118.7
19 65 42.43
19 66 136.19
19 67 90.69
19 68 116.04
19 69 87.66
19 70 67.47
19 71 100.24
19 72 77.88
19 73 49.03
19 74 19.1
19 75 99.9
19 76 91.09
19 77 13.89
19 78 116.0
19 79 108.45
19 80 107.81
19 81 69.35
19 82 21.63
19 83 31.38
19 84 25.3
19 85 56.89
19 86 150.45
19 87 61.85
19 88 48.51
19 89 42.43
19 90 28.07
19 91 89.87
19 92 98.02
19 93 112.54
19 94 37.59
19 95 16.28
19 96 34.23
19 97 43.27
19 98 45.0
19 99 48.27
19 100 24.41
19 101 64.03
19 102 34.37
19 103 83.93
19 104 24.08
19 105 52.39
19 106 44.55
19 107 80.13
19 108 41.23
19 109 110.39
19 110 34.18
19 111 58.01
19 112 56.44
19 113 96.32
19 114 12.21
19 115 119.64
19 116 116.28
19 117 130.83
19 118 38.6
19 119 59.64
19 120 107.42
19 121 63.39
19 122 100.81
19 123 116.73
19 124 82.98
19 125 47.68
19 126 121.3
19 127 20.1
19 128 54.04
19 129 65.01
19 130 131.82
19 131 140.91
19 132 69.4
19 133 125.6
19 134 85.38
19 135 99.72
19 136 26.31
19 137 109.12
19 138 33.06
19 139 115.04
19 140 49.24
19 141 54.15
19 142 48.8
19 143 101.83
19 144 85.99
19 145 60.01
19 146 85.02
19 147 89.47
19 148 102.96
19 149 65.37
19 150 104.06
19 151 58.22
19 152 43.42
19 153 98.51
19 154 68.35
19 155 75.43
19 156 119.54
19 157 77.67
19 158 113.37
19 159 25.81
19 160 133.06
19 161 92.14
19 162 117.28
19 163 37.16
19 164 51.92
19 165 90.8
19 166 84.85
19 167 92.57
19 168 115.28
19 169 88.14
19 170 115.57
19 171 114.0
19 172 110.94
19 173 17.03
19 174 29.15
19 175 62.8
19 176 109.11
19 177 26.57
19 178 2.83
19 179 95.26
19 180 126.06
19 181 78.16
19 182 104.35
19 183 47.76
19 184 77.62
19 185 95.75
19 186 86.28
19 187 117.15
19 188 71.47
19 189 36.77
19 190 104.58
19 191 62.64
19 192 75.8
19 193 85.01
19 194 42.2
19 195 131.5
19 196 45.88
19 197 83.01
19 198 5.0
19 199 108.69
19 200 79.31
19 201 58.82
20 0 67.42
20 1 82.81
20 2 63.29
20 3 133.41
20 4 86.02
20 5 131.23
20 6 34.37
20 7 101.24
20 8 75.54
20 9 77.47
20 10 20.88
20 11 137.0
20 12 59.64
20 13 17.12
20 14 98.47
20 15 97.13
20 16 86.0
20 17 58.31
20 18 98.01
20 19 37.64
20 21 107.19
20 22 50.8
20 23 40.31
20 24 54.78
20 25 124.04
20 26 110.68
20 27 143.92
20 28 126.87
20 29 69.08
20 30 18.03
20 31 85.8
20 32 28.16
20 33 113.14
20 34 17.46
20 35 48.84
20 36 120.22
20 37 60.67
20 38 21.38
20 39 50.01
20 40 46.27
20 41 103.12
20 42 69.58
20 43 91.18
20 44 118.71
20 45 50.96
20 46 75.03
20 47 59.67
20 48 75.39
20 49 147.25
20 50 130.83
20 51 113.46
20 52 39.85
20 53 58.69
20 54 82.2
20 55 103.37
20 56 92.35
20 57 33.73
20 58 53.26
20 59 42.54
20 60 45.8
20 61 136.95
20 62 10.82
20 63 105.69
20 64 131.31
20 65 77.08
20 66 135.07
20 67 99.28
20 68 121.2
20 69 83.45
20 70 95.52
20 71 132.67
20 72 100.32
20 73 45.79
20 74 44.38
20 75 112.16
20 76 63.03
20 77 42.19
20 78 96.17
20 79 110.6
20 80 120.15
20 81 69.89
20 82 59.2
20 83 41.3
20 84 21.0
20 85 91.55
20 86 155.43
20 87 62.43
20 88 28.6
20 89 73.25
20 90 27.29
20 91 101.95
20 92 80.23
20 93 134.35
20 94 74.89
20 95 29.97
20 96 68.94
20 97 54.34
20 98 7.62
20 99 29.21
20 100 13.45
20 101 58.9
20 102 29.43
20 103 76.49
20 104 13.6
20 105 55.46
20 106 74.95
20 107 100.13
20 108 55.58
20 109 126.53
20 110 62.17
20 111 45.34
20 112 38.83
20 113 86.02
20 114 42.54
20 115 91.09
20 116 122.97
20 117 138.92
20 118 22.2
20 119 67.78
20 120 103.95
20 121 44.78
20 122 75.66
20 123 103.35
20 124 73.88
20 125 77.67
20 126 111.22
20 127 51.62
20 128 18.68
20 129 96.77
20 130 136.01
20 131 142.64
20 132 76.97
20 133 139.09
20 134 79.91
20 135 122.59
20 136 20.22
20 137 116.47
20 138 32.28
20 139 96.46
20 140 56.3
20 141 85.38
20 142 11.66
20 143 94.49
20 144 119.85
20 145 46.86
20 146 68.43
20 147 110.89
20 148 91.27
20 149 69.35
20 150 112.29
20 151 89.05
20 152 25.46
20 153 127.77
20 154 66.4
20 155 83.67
20 156 112.0
20 157 95.13
20 158 113.45
20 159 12.04
20 160 140.13
20 161 72.11
20 162 91.2
20 163 10.3
20 164 79.63
20 165 83.63
20 166 113.64
20 167 120.2
20 168 98.23
20 169 72.47
20 170 90.55
20 171 87.05
20 172 109.71
20 173 20.62
20 174 54.74
20 175 80.23
20 176 102.3
20 177 33.24
20 178 37.48
20 179 127.82
20 180 136.85
20 181 63.81
20 182 117.18
20 183 24.7
20 184 104.08
20 185 81.99
20 186 119.1
20 187 95.8
20 188 97.02
20 189 38.33
20 190 133.63
20 191 98.41
20 192 54.08
20 193 116.3
20 194 10.77
20 195 143.67
20 196 46.52
20 197 85.98
20 198 34.67
20 199 129.07
20 200 49.04
20 201 67.42
21 0 68.47
21 1 31.02
21 2 67.54
21 3 58.82
21 4 95.19
21 5 60.17
21 6 139.56
21 7 64.4
21 8 49.04
21 9 79.81
21 10 104.06
21 11 54.74
21 12 126.14
21 13 101.39
21 14 44.41
21 15 105.7
21 16 55.33
21 17 69.84
21 18 41.62
21 19 118.88
21 20 107.19
21 22 122.8
21 23 122.78
21 24 72.11
21 25 61.4
21 26 5.1
21 27 86.33
21 28 80.0
21 29 118.34
21 30 91.61
21 31 23.35
21 32 88.54
21 33 122.12
21 34 90.7
21 35 60.17
21 36 56.6
21 37 101.12
21 38 94.34
21 39 91.14
21 40 75.6
21 41 70.8
21 42 51.43
21 43 128.55
21 44 49.74
21 45 78.23
21 46 96.1
21 47 130.31
21 48 34.83
21 49 76.92
21 50 36.06
21 51 10.05
21 52 81.79
21 53 53.91
21 54 109.14
21 55 62.63
21 56 91.79
21 57 101.41
21 58 134.65
21 59 73.25
21 60 67.45
21 61 70.01
21 62 96.38
21 63 48.8
21 64 77.7
21 65 123.04
21 66 42.05
21 67 58.82
21 68 52.35
21 69 34.37
21 70 109.56
21 71 143.54
21 72 95.29
21 73 69.86
21 74 103.7
21 75 70.01
21 76 60.42
21 77 132.19
21 78 27.0
21 79 41.4
21 80 72.47
21 81 53.08
21 82 128.25
21 83 88.12
21 84 98.08
21 85 129.52
21 86 71.01
21 87 59.03
21 88 78.77
21 89 111.16
21 90 92.35
21 91 68.01
21 92 30.0
21 93 106.83
21 94 134.18
21 95 126.19
21 96 120.27
21 97 80.02
21 98 108.47
21 99 78.29
21 100 111.89
21 101 54.92
21 102 135.06
21 103 35.23
21 104 109.25
21 105 68.18
21 106 110.48
21 107 88.68
21 108 84.0
21 109 85.91
21 110 104.17
21 111 63.16
21 112 68.48
21 113 22.56
21 114 110.17
21 115 59.01
21 116 57.31
21 117 68.62
21 118 87.24
21 119 67.48
21 120 25.46
21 121 62.43
21 122 48.1
21 123 6.08
21 124 35.9
21 125 110.02
21 126 6.08
21 127 138.85
21 128 95.27
21 129 121.43
21 130 56.29
21 131 54.0
21 132 61.85
21 133 84.12
21 134 35.01
21 135 104.35
21 136 123.48
21 137 57.2
21 138 86.4
21 139 23.02
21 140 73.03
21 141 115.45
21 142 102.2
21 143 19.65
21 144 141.85
21 145 61.33
21 146 39.2
21 147 95.44
21 148 16.16
21 149 59.3
21 150 58.8
21 151 115.52
21 152 82.73
21 153 128.14
21 154 52.04
21 155 60.75
21 156 13.34
21 157 81.41
21 158 35.85
21 159 111.4
21 160 66.48
21 161 39.2
21 162 49.01
21 163 117.48
21 164 104.79
21 165 29.0
21 166 119.08
21 167 118.43
21 168 18.03
21 169 35.0
21 170 45.04
21 171 52.24
21 172 31.62
21 173 112.01
21 174 101.0
21 175 81.61
21 176 16.4
21 177 135.0
21 178 121.28
21 179 141.03
21 180 75.15
21 181 43.42
21 182 72.92
21 183 82.49
21 184 107.78
21 185 25.24
21 186 136.85
21 187 32.02
21 188 102.96
21 189 143.18
21 190 130.8
21 191 138.25
21 192 55.23
21 193 129.25
21 194 96.57
21 195 82.86
21 196 73.16
21 197 48.1
21 198 114.0
21 199 99.72
21 200 71.4
21 201 68.47
22 0 58.31
22 1 92.23
22 2 104.2
22 3 125.36
22 4 55.22
22 5 122.07
22 6 46.17
22 7 87.2
22 8 109.77
22 9 57.01
22 10 31.89
22 11 131.88
22 12 8.94
22 13 36.88
22 14 94.85
22 15 61.33
22 16 123.03
22 17 99.76
22 18 95.85
22 19 13.42
22 20 50.8
22 21 122.8
22 23 12.17
22 24 50.99
22 25 113.0
22 26 124.46
22 27 125.26
22 28 107.52
22 29 23.35
22 30 62.48
22 31 99.5
22 32 40.5
22 33 72.37
22 34 59.82
22 35 66.48
22 36 110.94
22 37 28.32
22 38 39.45
22 39 32.28
22 40 88.84
22 41 85.8
22 42 104.04
22 43 44.1
22 44 112.51
22 45 44.72
22 46 44.05
22 47 9.43
22 48 100.84
22 49 133.96
22 50 133.7
22 51 125.32
22 52 42.11
22 53 91.09
22 54 43.08
22 55 90.21
22 56 63.6
22 57 24.35
22 58 13.04
22 59 51.16
22 60 57.14
22 61 124.33
22 62 52.4
22 63 99.36
22 64 113.85
22 65 30.0
22 66 136.06
22 67 88.2
22 68 114.06
22 69 90.03
22 70 57.58
22 71 88.01
22 72 70.18
22 73 54.04
22 74 19.1
22 75 95.67
22 76 100.85
22 77 19.92
22 78 122.69
22 79 107.79
22 80 103.32
22 81 71.06
22 82 8.49
22 83 35.0
22 84 36.06
22 85 44.18
22 86 147.87
22 87 64.13
22 88 58.18
22 89 32.31
22 90 36.77
22 91 86.05
22 92 104.48
22 93 104.24
22 94 24.19
22 95 28.16
22 96 22.09
22 97 43.68
22 98 58.25
22 99 57.78
22 100 37.74
22 101 68.12
22 102 46.01
22 103 87.57
22 104 37.2
22 105 54.74
22 106 34.54
22 107 73.41
22 108 40.5
22 109 104.35
22 110 26.91
22 111 64.94
22 112 64.85
22 113 100.4
22 114 13.15
22 115 129.1
22 116 113.72
22 117 127.44
22 118 48.76
22 119 59.24
22 120 108.81
22 121 71.57
22 122 109.48
22 123 121.26
22 124 87.21
22 125 37.7
22 126 124.62
22 127 19.8
22 128 66.48
22 129 53.46
22 130 129.85
22 131 139.67
22 132 68.45
22 133 120.28
22 134 88.28
22 135 91.24
22 136 39.29
22 137 106.51
22 138 40.26
22 139 121.33
22 140 50.45
22 141 43.17
22 142 61.72
22 143 104.74
22 144 73.33
22 145 66.91
22 146 91.55
22 147 81.84
22 148 107.3
22 149 66.1
22 150 101.26
22 151 47.3
22 152 53.23
22 153 87.48
22 154 71.02
22 155 73.82
22 156 122.02
22 157 72.14
22 158 113.32
22 159 39.12
22 160 130.0
22 161 99.46
22 162 125.96
22 163 50.57
22 164 42.94
22 165 94.05
22 166 74.22
22 167 82.28
22 168 121.07
22 169 94.26
22 170 123.94
22 171 123.02
22 172 111.43
22 173 30.23
22 174 24.7
22 175 58.14
22 176 111.61
22 177 37.12
22 178 14.56
22 179 83.01
22 180 121.75
22 181 84.29
22 182 99.76
22 183 58.18
22 184 68.15
22 185 101.0
22 186 74.01
22 187 124.31
22 188 62.61
22 189 46.69
22 190 93.56
22 191 49.48
22 192 84.2
22 193 73.33
22 194 54.49
22 195 126.57
22 196 50.01
22 197 83.01
22 198 16.28
22 199 101.02
22 200 89.94
22 201 58.31
23 0 62.13
23 1 93.01
23 2 97.5
23 3 130.87
23 4 64.41
23 5 127.78
23 6 34.53
23 7 93.38
23 8 104.92
23 9 63.7
23 10 23.77
23 11 136.82
23 12 20.88
23 13 28.64
23 14 98.79
23 15 71.78
23 16 117.63
23 17 92.85
23 18 99.48
23 19 4.0
23 20 40.31
23 21 122.78
23 22 12.17
23 24 52.8
23 25 119.0
23 26 124.91
23 27 133.06
23 28 115.26
23 29 35.06
23 30 53.85
23 31 99.46
23 32 36.06
23 33 83.86
23 34 51.48
23 35 64.12
23 36 116.52
23 37 36.36
23 38 32.98
23 39 35.81
23 40 81.44
23 41 92.7
23 42 99.04
23 43 56.22
23 44 117.41
23 45 46.52
23 46 52.84
23 47 19.72
23 48 98.01
23 49 140.72
23 50 136.85
23 51 126.24
23 52 41.0
23 53 86.31
23 54 53.85
23 55 96.26
23 56 72.56
23 57 21.38
23 58 13.93
23 59 49.65
23 60 55.58
23 61 130.83
23 62 43.57
23 63 104.04
23 64 121.26
23 65 42.05
23 66 139.67
23 67 93.72
23 68 119.2
23 69 91.42
23 70 68.41
23 71 100.04
23 72 79.61
23 73 52.95
23 74 22.02
23 75 102.59
23 76 94.92
23 77 10.63
23 78 120.0
23 79 111.83
23 80 110.45
23 81 73.01
23 82 19.7
23 83 35.11
23 84 29.12
23 85 56.32
23 86 153.53
23 87 65.55
23 88 52.39
23 89 43.17
23 90 32.06
23 91 92.63
23 92 102.02
23 93 114.13
23 94 35.85
23 95 16.03
23 96 34.0
23 97 46.65
23 98 47.51
23 99 52.17
23 100 26.91
23 101 67.91
23 102 34.01
23 103 87.8
23 104 26.91
23 105 56.08
23 106 45.35
23 107 82.15
23 108 44.41
23 109 112.65
23 110 35.78
23 111 62.01
23 112 60.41
23 113 100.22
23 114 14.87
23 115 123.49
23 116 119.33
23 117 133.73
23 118 42.45
23 119 62.97
23 120 111.09
23 121 67.36
23 122 104.74
23 123 120.67
23 124 86.88
23 125 48.51
23 126 125.16
23 127 16.12
23 128 57.2
23 129 65.19
23 130 135.0
23 131 144.22
23 132 72.67
23 133 128.06
23 134 89.19
23 135 101.24
23 136 27.2
23 137 112.16
23 138 37.05
23 139 119.04
23 140 52.77
23 141 54.59
23 142 51.66
23 143 105.65
23 144 85.48
23 145 64.01
23 146 89.02
23 147 91.24
23 148 106.89
23 149 68.88
23 150 107.06
23 151 58.69
23 152 47.3
23 153 98.99
23 154 72.11
23 155 78.6
23 156 123.33
23 157 80.0
23 158 116.85
23 159 28.32
23 160 136.03
23 161 96.13
23 162 121.2
23 163 38.95
23 164 53.14
23 165 94.64
23 166 85.51
23 167 93.39
23 168 119.27
23 169 92.14
23 170 119.52
23 171 117.9
23 172 114.49
23 173 19.85
23 174 31.4
23 175 65.3
23 176 112.89
23 177 25.5
23 178 2.83
23 179 95.05
23 180 128.76
23 181 82.15
23 182 106.96
23 183 51.55
23 184 78.75
23 185 99.72
23 186 86.05
23 187 121.15
23 188 72.8
23 189 35.44
23 190 105.08
23 191 61.61
23 192 79.76
23 193 85.15
23 194 45.49
23 195 134.06
23 196 49.73
23 197 86.45
23 198 9.0
23 199 110.48
23 200 83.01
23 201 62.13
24 0 12.65
24 1 41.3
24 2 71.4
24 3 80.72
24 4 39.36
24 5 78.1
24 6 77.79
24 7 46.52
24 8 69.2
24 9 25.5
24 10 40.46
24 11 85.63
24 12 54.04
24 13 40.5
24 14 46.86
24 15 52.35
24 16 83.41
24 17 68.51
24 18 47.2
24 19 49.19
24 20 54.78
24 21 72.11
24 22 50.99
24 23 52.8
24 25 70.21
24 26 73.55
24 27 89.16
24 28 72.11
24 29 47.8
24 30 50.04
24 31 49.0
24 32 26.83
24 33 70.83
24 34 47.1
24 35 24.08
24 36 66.84
24 37 30.36
24 38 34.0
24 39 19.03
24 40 61.74
24 41 48.38
24 42 64.54
24 43 62.97
24 44 66.47
24 45 6.32
24 46 32.56
24 47 58.22
24 48 55.04
24 49 93.19
24 50 84.12
24 51 74.33
24 52 15.26
24 53 52.33
24 54 45.34
24 55 48.76
24 56 42.72
24 57 32.45
24 58 63.32
24 59 14.04
24 60 15.65
24 61 82.93
24 62 46.32
24 63 53.04
24 64 76.56
24 65 53.85
24 66 87.13
24 67 44.94
24 68 68.62
24 69 39.05
24 70 53.25
24 71 93.19
24 72 50.45
24 73 12.65
24 74 32.02
24 75 57.38
24 76 65.19
24 77 63.06
24 78 75.58
24 79 59.82
24 80 65.39
24 81 20.25
24 82 56.14
24 83 18.03
24 84 36.06
24 85 63.81
24 86 103.28
24 87 13.15
24 88 34.13
24 89 42.94
24 90 28.84
24 91 47.17
24 92 57.58
24 93 82.01
24 94 62.97
24 95 60.44
24 96 49.48
24 97 8.25
24 98 60.44
24 99 33.14
24 100 51.61
24 101 18.97
24 102 74.41
24 103 37.0
24 104 48.83
24 105 4.12
24 106 43.05
24 107 48.26
24 108 12.65
24 109 72.03
24 110 33.53
24 111 25.24
24 112 31.38
24 113 50.01
24 114 38.9
24 115 89.81
24 116 69.66
24 117 85.21
24 118 33.73
24 119 13.0
24 120 58.31
24 121 34.67
24 122 68.6
24 123 71.03
24 124 37.22
24 125 43.83
24 126 73.68
24 127 68.35
24 128 56.04
24 129 60.81
24 130 84.15
24 131 92.46
24 132 22.47
24 133 84.31
24 134 37.34
24 135 71.45
24 136 62.48
24 137 62.8
24 138 22.83
24 139 73.5
24 140 2.24
24 141 51.22
24 142 57.87
24 143 53.76
24 144 84.96
24 145 26.4
24 146 45.62
24 147 59.3
24 148 57.04
24 149 16.4
24 150 58.25
24 151 53.08
24 152 33.06
24 153 83.26
24 154 20.1
24 155 29.15
24 156 71.06
24 157 42.0
24 158 64.35
24 159 51.87
24 160 86.83
24 161 55.07
24 162 84.06
24 163 63.06
24 164 41.04
24 165 43.19
24 166 69.77
24 167 74.09
24 168 72.37
24 169 47.17
24 170 81.12
24 171 82.42
24 172 61.77
24 173 48.1
24 174 29.15
24 175 28.64
24 176 60.64
24 177 70.84
24 178 51.88
24 179 89.05
24 180 82.37
24 181 38.01
24 182 62.39
24 183 38.01
24 184 58.18
24 185 51.97
24 186 81.84
24 187 78.19
24 188 50.99
24 189 80.62
24 190 88.39
24 191 72.72
24 192 45.28
24 193 76.28
24 194 48.05
24 195 89.0
24 196 9.0
24 197 34.21
24 198 44.78
24 199 76.06
24 200 60.42
24 201 12.65
25 0 58.26
25 1 52.0
25 2 114.02
25 3 13.34
25 4 62.97
25 5 9.49
25 6 147.63
25 7 25.81
25 8 99.98
25 9 56.04
25 10 110.6
25 11 22.02
25 12 111.83
25 13 110.68
25 14 27.46
25 15 66.91
25 16 110.86
25 17 114.04
25 18 29.15
25 19 116.04
25 20 124.04
25 21 61.4
25 22 113.0
25 23 119.0
25 24 70.21
25 26 57.69
25 27 25.71
25 28 20.25
25 29 97.49
25 30 115.32
25 31 57.56
25 32 96.8
25 33 77.1
25 34 112.92
25 35 79.06
25 36 5.1
25 37 84.88
25 38 104.01
25 39 83.45
25 40 113.99
25 41 28.23
25 42 99.32
25 43 96.77
25 44 11.66
25 45 75.43
25 46 71.12
25 47 116.81
25 48 80.5
25 49 23.26
25 50 37.12
25 51 53.6
25 52 85.45
25 53 94.09
25 54 79.71
25 55 22.8
25 56 55.36
25 57 101.24
25 58 126.02
25 59 81.49
25 60 78.72
25 61 13.0
25 62 114.49
25 63 19.42
25 64 16.4
25 65 98.23
25 66 34.79
25 67 25.5
25 68 9.22
25 69 48.09
25 70 72.18
25 71 94.37
25 72 53.6
25 73 78.29
25 74 97.0
25 75 19.42
25 76 106.02
25 77 129.63
25 78 85.8
25 79 20.88
25 80 15.3
25 81 54.63
25 82 114.59
25 83 87.32
25 84 106.25
25 85 97.74
25 86 34.99
25 87 61.72
25 88 98.62
25 89 87.24
25 90 99.05
25 91 27.29
25 92 78.09
25 93 48.88
25 94 112.81
25 95 129.5
25 96 99.73
25 97 73.66
25 98 128.8
25 99 97.69
25 100 121.83
25 101 67.07
25 102 144.46
25 103 57.14
25 104 119.04
25 105 68.8
25 106 85.49
25 107 46.87
25 108 74.95
25 109 27.29
25 110 86.82
25 111 82.54
25 112 90.76
25 113 58.69
25 114 104.14
25 115 115.95
25 116 4.24
25 117 15.0
25 118 102.0
25 119 57.63
25 120 37.34
25 121 88.77
25 122 98.99
25 123 66.19
25 124 61.13
25 125 83.38
25 126 56.86
25 127 132.61
25 128 120.9
25 129 85.16
25 130 19.1
25 131 31.02
25 132 47.8
25 133 22.85
25 134 52.15
25 135 50.96
25 136 132.61
25 137 7.62
25 138 92.91
25 139 81.71
25 140 69.2
25 141 84.77
25 142 124.89
25 143 49.48
25 144 98.18
25 145 81.91
25 146 77.0
25 147 47.04
25 148 61.13
25 149 54.71
25 150 12.04
25 151 82.71
25 152 99.74
25 153 77.37
25 154 58.87
25 155 41.23
25 156 48.83
25 157 43.66
25 158 25.55
25 159 122.07
25 160 17.03
25 161 84.29
25 162 106.32
25 163 132.92
25 164 76.69
25 165 53.04
25 166 73.17
25 167 69.05
25 168 77.08
25 169 74.06
25 170 102.2
25 171 108.17
25 172 29.97
25 173 118.07
25 174 88.41
25 175 55.23
25 176 46.62
25 177 140.19
25 178 118.87
25 179 93.38
25 180 15.03
25 181 74.33
25 182 18.03
25 183 103.08
25 184 65.12
25 185 67.74
25 186 92.27
25 187 90.82
25 188 63.95
25 189 150.23
25 190 78.11
25 191 104.74
25 192 90.55
25 193 84.21
25 194 115.83
25 195 23.09
25 196 77.7
25 197 38.63
25 198 112.43
25 199 42.49
25 200 110.65
25 201 58.26
26 0 69.07
26 1 32.25
26 2 72.5
26 3 54.42
26 4 94.64
26 5 55.95
26 6 142.67
26 7 62.43
26 8 54.08
26 9 79.62
26 10 106.78
26 11 50.01
26 12 127.48
26 13 104.28
26 14 42.54
26 15 104.75
26 16 60.41
26 17 74.71
26 18 39.82
26 19 121.04
26 20 110.68
26 21 5.1
26 22 124.46
26 23 124.91
26 24 73.55
26 25 57.69
26 27 82.3
26 28 76.69
26 29 119.07
26 30 95.43
26 31 25.63
26 32 91.18
26 33 120.77
26 34 94.4
26 35 63.07
26 36 53.01
26 37 102.0
26 38 97.17
26 39 92.54
26 40 80.21
26 41 68.8
26 42 56.36
26 43 128.46
26 44 46.04
26 45 79.76
26 46 96.18
26 47 131.75
26 48 39.41
26 49 72.42
26 50 31.02
26 51 5.0
26 52 83.93
26 53 58.41
26 54 109.04
26 55 60.46
26 56 90.82
26 57 103.58
26 58 136.5
26 59 75.58
26 60 69.89
26 61 65.8
26 62 99.86
26 63 46.23
26 64 74.06
26 65 123.49
26 66 37.01
26 67 56.94
26 68 48.55
26 69 35.0
26 70 108.78
26 71 141.9
26 72 93.94
26 73 72.12
26 74 105.38
26 75 67.36
26 76 65.3
26 77 134.48
26 78 32.02
26 79 38.21
26 80 69.35
26 81 54.04
26 82 129.65
26 83 90.03
26 84 100.85
26 85 129.44
26 86 66.03
26 87 60.41
26 88 82.15
26 89 111.54
26 90 94.92
26 91 66.04
26 92 34.67
26 93 103.95
26 94 135.01
26 95 128.88
26 96 121.04
26 97 81.3
26 98 112.2
26 99 81.63
26 100 114.93
26 101 57.01
26 102 138.24
26 103 37.11
26 104 112.26
26 105 69.72
26 106 110.77
26 107 87.21
26 108 85.15
26 109 82.81
26 110 105.0
26 111 66.19
26 112 71.87
26 113 25.08
26 114 111.99
26 115 64.03
26 116 53.54
26 117 64.26
26 118 90.35
26 119 68.07
26 120 23.02
26 121 66.03
26 122 53.14
26 123 11.18
26 124 38.28
26 125 110.17
26 126 1.0
26 127 140.92
26 128 99.25
26 129 120.88
26 130 51.66
26 131 49.01
26 132 61.81
26 133 80.26
26 134 36.22
26 135 102.0
26 136 126.56
26 137 53.91
26 138 88.87
26 139 28.07
26 140 74.33
26 141 115.32
26 142 106.04
26 143 20.0
26 144 140.77
26 145 64.41
26 146 43.19
26 147 93.49
26 148 19.42
26 149 60.01
26 150 55.87
26 151 115.21
26 152 85.96
26 153 126.25
26 154 53.46
26 155 60.17
26 156 8.94
26 157 80.11
26 158 32.2
26 159 114.49
26 160 61.98
26 161 43.83
26 162 54.04
26 163 120.95
26 164 104.74
26 165 30.41
26 166 117.62
26 167 116.62
26 168 23.09
26 169 38.95
26 170 50.09
26 171 57.31
26 172 28.32
26 173 114.77
26 174 102.18
26 175 81.25
26 176 14.87
26 177 137.88
26 178 123.49
26 179 139.54
26 180 71.12
26 181 46.87
26 182 70.01
26 183 85.98
26 184 106.51
26 185 29.07
26 186 135.65
26 187 37.0
26 188 101.95
26 189 146.24
26 190 128.71
26 191 138.08
26 192 59.4
26 193 127.95
26 194 100.12
26 195 78.72
26 196 75.19
26 197 47.54
26 198 116.21
26 199 96.9
26 200 76.03
26 201 69.07
27 0 76.56
27 1 77.23
27 2 139.23
27 3 29.07
27 4 70.84
27 5 26.63
27 6 164.21
27 7 42.72
27 8 125.6
27 9 69.63
27 10 128.41
27 11 36.88
27 12 122.38
27 13 129.25
27 14 52.01
27 15 69.97
27 16 136.57
27 17 139.03
27 18 54.08
27 19 130.6
27 20 143.92
27 21 86.33
27 22 125.26
27 23 133.06
27 24 89.16
27 25 25.71
27 26 82.3
27 28 17.8
27 29 106.4
27 30 137.09
27 31 83.19
27 32 115.95
27 33 74.04
27 34 134.48
27 35 101.79
27 36 30.81
27 37 97.08
27 38 123.07
27 39 99.02
27 40 138.29
27 41 41.18
27 42 124.79
27 43 100.24
27 44 37.0
27 45 93.47
27 46 81.32
27 47 127.35
27 48 106.07
27 49 16.49
27 50 57.31
27 51 77.9
27 52 104.28
27 53 119.02
27 54 86.4
27 55 40.8
27 56 62.37
27 57 117.66
27 58 137.9
27 59 101.84
27 60 100.0
27 61 17.03
27 62 135.07
27 63 44.05
27 64 12.65
27 65 105.21
27 66 53.08
27 67 45.35
27 68 34.18
27 69 73.06
27 70 75.29
27 71 86.09
27 72 57.43
27 73 98.98
27 74 111.61
27 75 31.78
27 76 131.24
27 77 143.53
27 78 111.33
27 79 46.57
27 80 23.77
27 81 76.69
27 82 125.21
27 83 104.71
27 84 124.78
27 85 101.12
27 86 36.67
27 87 82.97
27 88 120.33
27 89 95.78
27 90 117.63
27 91 42.05
27 92 103.75
27 93 36.0
27 94 120.21
27 95 145.34
27 96 108.58
27 97 90.82
27 98 149.35
27 99 119.37
27 100 140.0
27 101 89.63
27 102 161.55
27 103 82.02
27 104 137.31
27 105 88.6
27 106 93.72
27 107 52.5
27 108 91.07
27 109 21.63
27 110 98.35
27 111 105.12
27 112 113.36
27 113 84.34
27 114 118.41
27 115 141.65
27 116 29.41
27 117 19.85
27 118 122.43
27 119 76.16
27 120 62.94
27 121 112.15
27 122 124.62
27 123 91.39
27 124 86.02
27 125 91.05
27 126 81.41
27 127 145.04
27 128 142.87
27 129 87.21
27 130 33.97
27 131 44.1
27 132 67.07
27 133 5.0
27 134 77.03
27 135 44.38
27 136 150.08
27 137 32.14
27 138 111.89
27 139 107.22
27 140 87.73
27 141 90.14
27 142 146.1
27 143 75.19
27 144 93.94
27 145 104.74
27 146 102.18
27 147 47.01
27 148 86.83
27 149 75.29
27 150 34.06
27 151 87.13
27 152 120.81
27 153 69.26
27 154 81.39
27 155 60.41
27 156 73.36
27 157 53.15
27 158 50.7
27 159 140.43
27 160 23.6
27 161 109.77
27 162 132.0
27 163 152.12
27 164 84.5
27 165 78.41
27 166 69.92
27 167 63.35
27 168 102.53
27 169 99.41
27 170 127.88
27 171 133.88
27 172 55.36
27 173 135.33
27 174 101.67
27 175 67.8
27 176 72.11
27 177 156.16
27 178 133.41
27 179 86.47
27 180 11.18
27 181 99.01
27 182 26.83
27 183 124.72
27 184 65.74
27 185 93.38
27 186 87.86
27 187 116.38
27 188 67.42
27 189 166.41
27 190 68.0
27 191 106.51
27 192 115.07
27 193 80.28
27 194 136.62
27 195 4.47
27 196 97.5
27 197 61.52
27 198 127.64
27 199 32.56
27 200 135.13
27 201 76.56
28 0 59.46
28 1 65.25
28 2 126.44
28 3 31.05
28 4 53.41
28 5 27.2
28 6 146.49
28 7 26.31
28 8 114.28
28 9 51.87
28 10 110.91
28 11 40.26
28 12 104.8
28 13 111.89
28 14 39.85
28 15 53.71
28 16 126.19
28 17 125.78
28 18 42.38
28 19 112.8
28 20 126.87
28 21 80.0
28 22 107.52
28 23 115.26
28 24 72.11
28 25 20.25
28 26 76.69
28 27 17.8
28 29 89.02
28 30 120.83
28 31 72.45
28 32 98.79
28 33 60.41
28 34 118.13
28 35 86.37
28 36 24.08
28 37 79.31
28 38 105.85
28 39 81.3
28 40 124.02
28 41 23.77
28 42 112.81
28 43 84.17
28 44 31.14
28 45 76.16
28 46 63.66
28 47 109.79
28 48 94.64
28 49 28.79
28 50 57.31
28 51 72.92
28 52 87.09
28 53 105.8
28 54 69.34
28 55 25.02
28 56 45.0
28 57 99.98
28 58 120.21
28 59 85.16
28 60 83.74
28 61 22.02
28 62 118.3
28 63 32.7
28 64 7.28
28 65 88.2
28 66 54.63
28 67 30.0
28 68 29.21
28 69 60.64
28 70 59.09
28 71 75.66
28 72 40.71
28 73 82.46
28 74 93.81
28 75 15.13
28 76 118.53
28 77 125.73
28 78 102.88
28 79 38.6
28 80 8.25
28 81 61.2
28 82 107.63
28 83 87.21
28 84 107.42
28 85 85.09
28 86 47.52
28 87 66.91
28 88 104.14
28 89 78.41
28 90 100.32
28 91 25.0
28 92 92.97
28 93 28.65
28 94 103.17
28 95 127.58
28 96 91.21
28 97 73.35
28 98 132.5
28 99 103.16
28 100 122.54
28 101 74.24
28 102 143.89
28 103 69.23
28 104 119.87
28 105 71.84
28 106 76.4
28 107 35.23
28 108 73.43
28 109 7.28
28 110 80.62
28 111 89.56
28 112 97.74
28 113 73.74
28 114 100.6
28 115 131.67
28 116 24.41
28 117 26.02
28 118 105.65
28 119 59.14
28 120 54.92
28 121 97.13
28 122 113.32
28 123 84.31
28 124 73.16
28 125 73.82
28 126 75.93
28 127 127.31
28 128 126.7
28 129 71.51
28 130 37.11
28 131 49.03
28 132 50.45
28 133 12.81
28 134 64.33
28 135 32.14
28 136 132.48
28 137 22.8
28 138 94.7
28 139 98.88
28 140 70.58
28 141 73.43
28 142 129.54
28 143 65.74
28 144 81.15
28 145 89.36
28 146 89.63
28 147 31.32
28 148 77.39
28 149 59.03
28 150 21.93
28 151 70.66
28 152 104.29
28 153 58.55
28 154 66.12
28 155 43.93
28 156 68.01
28 157 35.38
28 158 44.6
28 159 123.0
28 160 30.0
28 161 97.98
28 162 122.38
28 163 134.85
28 164 67.2
28 165 66.76
28 166 56.32
28 167 51.01
28 168 94.51
28 169 87.32
28 170 118.31
28 171 123.71
28 172 48.41
28 173 117.72
28 174 83.87
28 175 50.0
28 176 64.35
28 177 138.4
28 178 115.6
28 179 75.17
28 180 16.49
28 181 85.59
28 182 10.05
28 183 108.47
28 184 50.29
28 185 82.54
28 186 75.11
28 187 107.78
28 188 50.99
28 189 148.66
28 190 58.69
28 191 91.08
28 192 101.24
28 193 67.19
28 194 119.92
28 195 19.21
28 196 80.65
28 197 47.1
28 198 109.86
28 199 22.47
28 200 121.1
28 201 59.46
29 0 50.01
29 1 87.37
29 2 113.23
29 3 110.49
29 4 35.61
29 5 106.89
29 6 69.46
29 7 72.09
29 8 115.0
29 9 42.72
29 10 48.33
29 11 117.92
29 12 17.0
29 13 52.77
29 14 83.74
29 15 39.12
29 16 129.0
29 17 109.34
29 18 85.33
29 19 35.06
29 20 69.08
29 21 118.34
29 22 23.35
29 23 35.06
29 24 47.8
29 25 97.49
29 26 119.07
29 27 106.4
29 28 89.02
29 30 76.84
29 31 95.89
29 32 50.25
29 33 49.03
29 34 73.82
29 35 69.32
29 36 96.25
29 37 17.46
29 38 52.43
29 39 30.41
29 40 99.72
29 41 69.35
29 42 109.77
29 43 22.14
29 44 99.02
29 45 42.72
29 46 26.4
29 47 21.63
29 48 102.53
29 49 116.76
29 50 123.0
29 51 119.0
29 52 46.04
29 53 96.9
29 54 20.81
29 55 75.24
29 56 44.05
29 57 36.36
29 58 33.54
29 59 54.2
29 60 59.48
29 61 107.7
29 62 67.74
29 63 86.68
29 64 95.8
29 65 8.06
29 66 124.45
29 67 74.33
29 68 100.09
29 69 84.1
29 70 34.89
29 71 65.19
29 72 49.52
29 73 55.9
29 74 25.81
29 75 78.89
29 76 108.47
29 77 43.17
29 78 123.37
29 79 96.05
29 80 85.98
29 81 65.28
29 82 19.72
29 83 38.6
29 84 50.25
29 85 22.47
29 86 132.41
29 87 60.02
29 88 67.9
29 89 10.63
29 90 47.63
29 91 70.21
29 92 105.3
29 93 82.38
29 94 16.12
29 95 51.01
29 96 2.24
29 97 39.56
29 98 76.69
29 99 67.21
29 100 57.28
29 101 66.76
29 102 69.07
29 103 84.01
29 104 55.97
29 105 51.92
29 106 12.73
29 107 53.91
29 108 35.17
29 109 84.96
29 110 14.32
29 111 68.96
29 112 71.61
29 113 97.02
29 114 26.57
29 115 135.33
29 116 98.9
29 117 111.14
29 118 60.31
29 119 51.01
29 120 100.4
29 121 77.39
29 122 114.53
29 123 117.96
29 124 84.72
29 125 15.62
29 126 119.04
29 127 41.15
29 128 81.84
29 129 30.15
29 130 115.55
29 131 126.29
29 132 58.31
29 133 101.53
29 134 83.38
29 135 69.34
29 136 61.29
29 137 91.79
29 138 48.1
29 139 121.3
29 140 46.32
29 141 19.92
29 142 78.71
29 143 99.08
29 144 51.2
29 145 70.71
29 146 93.05
29 147 60.96
29 148 104.09
29 149 59.08
29 150 86.41
29 151 24.04
29 152 63.66
29 153 64.13
29 154 66.91
29 155 62.17
29 156 115.07
29 157 54.38
29 158 102.39
29 159 58.52
29 160 114.13
29 161 102.16
29 162 130.59
29 163 71.06
29 164 21.93
29 165 89.45
29 166 50.96
29 167 59.14
29 168 120.07
29 169 94.87
29 170 127.95
29 171 128.41
29 172 101.43
29 173 49.73
29 174 19.72
29 175 42.72
29 176 105.0
29 177 60.41
29 178 37.0
29 179 60.21
29 180 104.29
29 181 85.44
29 182 82.38
29 183 69.35
29 184 45.65
29 185 99.69
29 186 51.24
29 187 125.87
29 188 40.8
29 189 70.04
29 190 70.21
29 191 29.68
29 192 89.69
29 193 50.09
29 194 69.97
29 195 108.23
29 196 50.99
29 197 73.44
29 198 35.69
29 199 79.81
29 200 99.9
29 201 50.01
30 0 62.29
30 1 69.81
30 2 45.54
30 3 123.43
30 4 86.49
30 5 121.67
30 6 52.35
30 7 94.59
30 8 57.56
30 9 75.06
30 10 30.61
30 11 126.05
30 12 70.77
30 13 25.61
30 14 88.57
30 15 98.72
30 16 68.01
30 17 40.61
30 18 87.66
30 19 50.48
30 20 18.03
30 21 91.61
30 22 62.48
30 23 53.85
30 24 50.04
30 25 115.32
30 26 95.43
30 27 137.09
30 28 120.83
30 29 76.84
30 31 71.42
30 32 27.86
30 33 116.09
30 34 3.16
30 35 36.72
30 36 111.09
30 37 64.88
30 38 24.41
30 39 51.87
30 40 28.64
30 41 97.49
30 42 51.62
30 43 98.27
30 44 108.67
30 45 48.17
30 46 76.66
30 47 71.84
30 48 58.59
30 49 138.54
30 50 117.8
30 51 98.6
30 52 37.48
30 53 41.11
30 54 86.16
30 55 96.3
30 56 91.55
30 57 40.61
30 58 67.6
30 59 36.12
30 60 37.11
30 61 128.32
30 62 10.3
30 63 96.25
30 64 124.45
30 65 84.88
30 66 122.44
30 67 91.76
30 68 111.36
30 69 71.28
30 70 98.08
30 71 137.06
30 72 99.5
30 73 38.47
30 74 51.04
30 75 105.76
30 76 45.01
30 77 57.94
30 78 78.77
30 79 99.85
30 80 113.51
30 81 60.75
30 82 70.94
30 83 42.06
30 84 26.91
30 85 98.79
30 86 144.75
30 87 54.12
30 88 16.76
30 89 78.71
30 90 29.53
30 91 95.9
30 92 63.53
30 93 132.0
30 94 85.56
30 95 46.57
30 96 77.2
30 97 52.35
30 98 17.0
30 99 17.72
30 100 29.12
30 101 48.33
30 102 47.38
30 103 63.41
30 104 27.86
30 105 49.37
30 106 80.06
30 107 98.05
30 108 54.92
30 109 121.49
30 110 67.08
30 111 33.12
30 112 25.24
30 113 71.45
30 114 51.66
30 115 73.17
30 116 113.72
30 117 129.87
30 118 17.72
30 119 62.39
30 120 91.21
30 121 29.7
30 122 57.71
30 123 87.37
30 124 60.31
30 125 82.35
30 126 96.05
30 127 67.23
30 128 6.0
30 129 101.64
30 130 125.4
30 131 130.92
30 132 70.41
30 133 132.44
30 134 67.42
30 135 121.15
30 136 38.05
30 137 107.7
30 138 31.32
30 139 79.31
30 140 52.01
30 141 90.38
30 142 10.63
30 143 80.66
30 144 125.67
30 145 34.13
30 146 52.43
30 147 109.07
30 148 76.06
30 149 61.85
30 150 104.06
30 151 93.62
30 152 17.0
30 153 130.0
30 154 56.46
30 155 76.9
30 156 97.62
30 157 92.02
30 158 101.79
30 159 27.89
30 160 130.61
30 161 55.04
30 162 73.17
30 163 27.66
30 164 82.87
30 165 70.29
30 166 115.95
30 167 121.6
30 168 81.39
30 169 56.61
30 170 72.56
30 171 69.03
30 172 97.65
30 173 34.44
30 174 59.48
30 175 78.1
30 176 88.41
30 177 51.09
30 178 51.11
30 179 132.4
30 180 129.03
30 181 48.84
30 182 110.86
30 183 12.37
30 184 105.32
30 185 66.4
30 186 124.08
30 187 78.16
30 188 98.06
30 189 56.32
30 190 135.59
30 191 106.51
30 192 37.12
30 193 120.21
30 194 8.54
30 195 136.31
30 196 41.05
30 197 76.69
30 198 46.4
30 199 126.1
30 200 31.14
30 201 62.29
31 0 46.57
31 1 9.43
31 2 57.31
31 3 60.21
31 4 75.59
31 5 60.01
31 6 117.24
31 7 51.04
31 8 42.43
31 9 59.51
31 10 81.15
31 11 59.67
31 12 103.02
31 13 78.72
31 14 32.7
31 15 87.13
31 16 53.76
31 17 58.05
31 18 30.08
31 19 95.57
31 20 85.8
31 21 23.35
31 22 99.5
31 23 99.46
31 24 49.0
31 25 57.56
31 26 25.63
31 27 83.19
31 28 72.45
31 29 95.89
31 30 71.42
31 32 65.55
31 33 104.62
31 34 70.09
31 35 37.59
31 36 52.47
31 37 78.52
31 38 71.59
31 39 68.01
31 40 60.54
31 41 57.2
31 42 42.0
31 43 107.52
31 44 47.04
31 45 55.04
31 46 74.95
31 47 107.12
31 48 23.02
31 49 78.03
31 50 47.17
31 51 27.78
31 52 58.46
31 53 38.9
31 54 88.26
31 55 50.25
31 56 73.5
31 57 78.1
31 58 111.31
31 59 50.0
31 60 44.27
31 61 69.07
31 62 75.0
31 63 39.85
31 64 72.28
31 65 101.0
31 66 52.35
31 67 45.49
31 68 50.04
31 69 14.21
31 70 90.43
31 71 126.82
31 72 78.24
31 73 46.57
31 74 80.4
31 75 59.48
31 76 49.37
31 77 108.93
31 78 32.53
31 79 37.05
31 80 64.26
31 81 30.81
31 82 105.08
31 83 64.78
31 84 75.24
31 85 108.47
31 86 78.16
31 87 36.06
31 88 57.2
31 89 89.27
31 90 69.29
31 91 54.41
31 92 20.62
31 93 96.04
31 94 111.54
31 95 103.25
31 96 97.74
31 97 57.04
31 98 87.86
31 99 56.61
31 100 89.47
31 101 31.58
31 102 112.87
31 103 12.0
31 104 86.77
31 105 45.01
31 106 88.77
31 107 72.25
31 108 61.13
31 109 76.97
31 110 81.61
31 111 40.82
31 112 47.01
31 113 1.41
31 114 86.83
31 115 59.24
31 116 54.23
31 117 69.01
31 118 65.0
31 119 45.61
31 120 22.56
31 121 41.73
31 122 41.44
31 123 22.09
31 124 12.65
31 125 88.6
31 126 26.0
31 127 115.52
31 128 75.74
31 129 101.55
31 130 60.02
31 131 62.39
31 132 41.59
31 133 79.83
31 134 13.0
31 135 91.05
31 136 101.12
31 137 51.2
31 138 63.25
31 139 29.07
31 140 50.04
31 141 94.58
31 142 82.04
31 143 9.85
31 144 123.31
31 145 39.12
31 146 21.54
31 147 80.66
31 148 8.25
31 149 37.36
31 150 50.6
31 151 95.08
31 152 60.75
31 153 112.54
31 154 29.07
31 155 42.2
31 156 26.25
31 157 64.54
31 158 35.36
31 159 89.07
31 160 68.18
31 161 27.02
31 162 50.09
31 163 96.02
31 164 83.82
31 165 7.21
31 166 102.0
31 167 102.65
31 168 26.08
31 169 17.72
31 170 46.07
31 171 51.26
31 172 30.41
31 173 89.16
31 174 78.06
31 175 61.72
31 176 17.2
31 177 112.31
31 178 97.98
31 179 123.81
31 180 72.56
31 181 22.67
31 182 63.56
31 183 61.22
31 184 90.21
31 185 10.2
31 186 118.73
31 187 36.88
31 188 84.6
31 189 120.77
31 190 115.97
31 191 117.32
31 192 37.59
31 193 111.5
31 194 75.43
31 195 80.62
31 196 49.82
31 197 30.41
31 198 90.71
31 199 88.84
31 200 56.65
31 201 46.57
32 0 39.4
32 1 60.42
32 2 64.14
32 3 106.83
32 4 59.3
32 5 104.4
32 6 52.8
32 7 73.35
32 8 69.38
32 9 49.5
32 10 15.65
32 11 111.13
32 12 47.41
32 13 14.14
32 14 72.25
32 15 71.2
32 16 82.54
32 17 59.91
32 18 72.14
32 19 32.06
32 20 28.16
32 21 88.54
32 22 40.5
32 23 36.06
32 24 26.83
32 25 96.8
32 26 91.18
32 27 115.95
32 28 98.79
32 29 50.25
32 30 27.86
32 31 65.55
32 33 88.32
32 34 24.7
32 35 28.64
32 36 93.23
32 37 37.12
32 38 7.21
32 39 24.04
32 40 49.68
32 41 75.03
32 42 63.6
32 43 71.03
32 44 92.31
32 45 22.8
32 46 49.03
32 47 49.77
32 48 62.01
32 49 119.89
32 50 107.2
32 51 93.11
32 52 11.7
32 53 50.7
32 54 58.31
32 55 75.59
32 56 65.0
32 57 16.16
32 58 49.5
32 59 16.4
32 60 21.47
32 61 109.6
32 62 21.02
32 63 79.03
32 64 103.37
32 65 58.14
32 66 110.89
32 67 71.69
32 68 94.64
32 69 59.91
32 70 70.34
32 71 109.2
32 72 73.0
32 73 20.0
32 74 24.84
32 75 84.17
32 76 60.42
32 77 44.28
32 78 84.01
32 79 84.86
32 80 92.2
32 81 43.84
32 82 48.33
32 83 14.32
32 84 10.0
32 85 71.61
32 86 129.19
32 87 36.07
32 88 18.03
32 89 51.11
32 90 4.0
32 91 73.93
32 92 66.12
32 93 106.57
32 94 61.03
32 95 37.7
32 96 50.91
32 97 26.31
32 98 34.37
32 99 17.49
32 100 25.46
32 101 34.99
32 102 48.92
32 103 54.56
32 104 22.63
32 105 28.02
32 106 52.35
32 107 72.34
32 108 28.0
32 109 98.37
32 110 39.45
32 111 26.17
32 112 24.52
32 113 66.13
32 114 27.73
32 115 88.6
32 116 96.02
32 117 111.77
32 118 10.3
32 119 39.81
32 120 80.45
32 121 31.4
32 122 69.12
32 123 85.87
32 124 52.92
32 125 54.56
32 126 91.55
32 127 52.0
32 128 33.53
32 129 73.82
32 130 109.88
32 131 117.39
32 132 49.24
32 133 111.09
32 134 56.94
32 135 95.08
32 136 36.88
32 137 89.31
32 138 4.12
32 139 83.15
32 140 28.23
32 141 62.61
32 142 33.06
32 143 72.9
32 144 97.95
32 145 28.16
32 146 53.15
32 147 83.22
32 148 72.42
32 149 42.2
32 150 84.91
32 151 65.8
32 152 13.45
32 153 102.39
32 154 41.23
32 155 55.95
32 156 90.79
32 157 67.08
32 158 88.53
32 159 25.5
32 160 113.23
32 161 60.07
32 162 85.62
32 163 36.24
32 164 55.03
32 165 61.72
32 166 88.29
32 167 94.2
32 168 83.6
32 169 56.44
32 170 83.74
32 171 82.57
32 172 85.28
32 173 23.71
32 174 31.91
32 175 52.35
32 176 80.53
32 177 47.01
32 178 34.0
32 179 104.55
32 180 109.18
32 181 46.53
32 182 89.16
32 183 19.1
32 184 77.93
32 185 64.54
32 186 96.25
32 187 85.09
32 188 70.71
32 189 56.04
32 190 108.06
32 191 79.65
32 192 43.93
32 193 92.36
32 194 23.09
32 195 115.83
32 196 19.21
32 197 59.55
32 198 27.07
32 199 101.12
32 200 50.22
32 201 39.4
33 0 63.25
33 1 95.21
33 2 142.0
33 3 90.01
33 4 31.62
33 5 86.01
33 6 118.38
33 7 59.14
33 8 137.44
33 9 47.51
33 10 92.54
33 11 99.05
33 12 65.52
33 13 96.03
33 14 78.39
33 15 18.6
33 16 151.49
33 17 139.28
33 18 81.02
33 19 83.38
33 20 113.14
33 21 122.12
33 22 72.37
33 23 83.86
33 24 70.83
33 25 77.1
33 26 120.77
33 27 74.04
33 28 60.41
33 29 49.03
33 30 116.09
33 31 104.62
33 32 88.32
33 34 112.93
33 35 94.58
33 36 78.52
33 37 52.47
33 38 93.17
33 39 64.29
33 40 132.41
33 41 53.16
33 42 133.54
33 43 31.91
33 44 84.17
33 45 69.78
33 46 39.56
33 47 69.57
33 48 120.22
33 49 88.65
33 50 111.99
33 51 118.7
33 52 79.12
33 53 122.2
33 54 31.06
33 55 61.68
33 56 31.24
33 57 79.51
33 58 81.91
33 59 83.63
33 60 86.45
33 61 82.39
33 62 108.91
33 63 76.54
33 64 67.6
33 65 43.32
33 66 111.02
33 67 64.26
33 68 83.73
33 69 90.44
33 70 18.03
33 71 22.67
33 72 26.83
33 73 83.24
33 74 69.18
33 75 58.55
33 76 135.43
33 77 92.2
33 78 136.82
33 79 86.4
33 80 62.01
33 81 77.08
33 82 68.01
33 83 74.04
33 84 92.4
33 85 32.45
33 86 107.91
33 87 76.69
33 88 102.69
33 89 41.05
33 90 87.32
33 91 55.66
33 92 121.08
33 93 40.82
33 94 56.36
33 95 99.61
33 96 50.45
33 97 65.31
33 98 120.51
33 99 101.77
33 100 103.17
33 101 86.05
33 102 117.72
33 103 95.13
33 104 101.32
33 105 73.78
33 106 39.01
33 107 33.62
33 108 61.85
33 109 53.76
33 110 51.16
33 111 96.04
33 112 102.0
33 113 106.02
33 114 73.01
33 115 157.81
33 116 80.31
33 117 86.37
33 118 98.37
33 119 63.89
33 120 98.09
33 121 105.48
33 122 136.69
33 123 124.17
33 124 97.74
33 125 36.0
33 126 120.34
33 127 89.49
33 128 121.84
33 129 19.31
33 130 96.02
33 131 108.04
33 132 63.78
33 133 70.09
33 134 92.01
33 135 29.73
33 136 109.07
33 137 74.81
33 138 84.77
33 139 133.6
33 140 68.6
33 141 29.27
33 142 120.83
33 143 103.08
33 144 21.1
33 145 97.1
33 146 111.76
33 147 30.07
33 148 112.33
33 149 70.72
33 150 70.21
33 151 25.18
33 152 99.96
33 153 15.13
33 154 81.34
33 155 62.43
33 156 113.85
33 157 40.71
33 158 93.68
33 159 104.24
33 160 90.27
33 161 121.66
33 162 150.62
33 163 117.21
33 164 33.54
33 165 97.42
33 166 4.12
33 167 12.04
33 168 130.67
33 169 111.73
33 170 147.11
33 171 149.97
33 172 95.19
33 173 96.05
33 174 58.42
33 175 44.6
33 176 105.99
33 177 109.33
33 178 85.59
33 179 19.21
33 180 76.79
33 181 104.8
33 182 59.08
33 183 105.69
33 184 14.42
33 185 112.29
33 186 15.3
33 187 140.72
33 188 20.52
33 189 119.05
33 190 21.21
33 191 34.71
33 192 115.43
33 193 7.28
33 194 111.09
33 195 77.37
33 196 78.71
33 197 74.63
33 198 83.05
33 199 41.79
33 200 131.23
33 201 63.25
34 0 59.41
34 1 68.12
34 2 47.07
34 3 121.24
34 4 83.36
34 5 119.41
34 6 51.79
34 7 91.92
34 8 58.22
34 9 72.03
34 10 28.02
34 11 124.02
34 12 68.01
34 13 23.02
34 14 86.31
34 15 95.57
34 16 69.12
34 17 42.2
34 18 85.48
34 19 48.02
34 20 17.46
34 21 90.7
34 22 59.82
34 23 51.48
34 24 47.1
34 25 112.92
34 26 94.4
34 27 134.48
34 28 118.13
34 29 73.82
34 30 3.16
34 31 70.09
34 32 24.7
34 33 112.93
34 35 34.67
34 36 108.75
34 37 61.74
34 38 21.4
34 39 48.7
34 40 30.36
34 41 94.73
34 42 52.24
34 43 95.19
34 44 106.47
34 45 45.1
34 46 73.5
34 47 69.2
34 48 58.18
34 49 136.17
34 50 116.18
34 51 97.45
34 52 34.37
34 53 41.23
34 54 83.01
34 55 93.68
34 56 88.46
34 57 37.64
34 58 65.3
34 59 33.24
34 60 34.48
34 61 125.92
34 62 8.25
34 63 93.94
34 64 121.84
34 65 81.84
34 66 120.74
34 67 89.19
34 68 109.13
34 69 69.4
34 70 94.92
34 71 133.9
34 72 96.42
34 73 35.69
34 74 48.01
34 75 103.08
34 76 46.04
34 77 55.97
34 78 78.75
34 79 97.75
34 80 110.86
34 81 58.31
34 82 68.25
34 83 38.9
34 84 24.04
34 85 95.72
34 86 142.69
34 87 51.55
34 88 14.32
34 89 75.59
34 90 26.42
34 91 93.17
34 92 63.07
34 93 129.02
34 94 82.73
34 95 44.91
34 96 74.2
34 97 49.25
34 98 17.8
34 99 15.23
34 100 27.46
34 101 46.07
34 102 46.87
34 103 61.72
34 104 25.96
34 105 46.53
34 106 76.92
34 107 95.02
34 108 51.79
34 109 118.7
34 110 63.95
34 111 31.06
34 112 23.43
34 113 70.18
34 114 48.8
34 115 74.43
34 116 111.4
34 117 127.53
34 118 14.56
34 119 59.54
34 120 89.5
34 121 28.43
34 122 58.31
34 123 86.61
34 124 58.73
34 125 79.2
34 126 95.0
34 127 65.19
34 128 9.06
34 129 98.49
34 130 123.31
34 131 129.03
34 132 67.68
34 133 129.81
34 134 65.6
34 135 118.11
34 136 37.01
34 137 105.31
34 138 28.16
34 139 79.12
34 140 49.04
34 141 87.24
34 142 12.21
34 143 79.2
34 144 122.54
34 145 32.2
34 146 51.62
34 147 106.04
34 148 75.0
34 149 59.2
34 150 101.59
34 151 90.47
34 152 14.04
34 153 126.85
34 154 54.13
34 155 74.22
34 156 96.33
34 157 89.05
34 158 99.86
34 159 26.31
34 160 128.35
34 161 54.78
34 162 74.03
34 163 27.51
34 164 79.71
34 165 68.68
34 166 112.79
34 167 118.46
34 168 81.02
34 169 55.76
34 170 73.25
34 171 70.01
34 172 95.8
34 173 32.31
34 174 56.36
34 175 75.06
34 176 86.98
34 177 50.0
34 178 48.76
34 179 129.24
34 180 126.53
34 181 47.63
34 182 108.17
34 183 9.85
34 184 102.18
34 185 65.46
34 186 120.93
34 187 78.34
34 188 94.92
34 189 55.73
34 190 132.44
34 191 103.47
34 192 36.77
34 193 117.05
34 194 7.0
34 195 133.76
34 196 38.12
34 197 74.32
34 198 43.83
34 199 123.15
34 200 32.56
34 201 59.41
35 0 32.31
35 1 33.97
35 2 47.43
35 3 86.76
35 4 62.97
35 5 85.09
35 6 79.65
35 7 60.13
35 8 45.79
35 9 47.85
35 10 43.97
35 11 89.36
35 12 71.81
35 13 41.23
35 14 52.0
35 15 76.01
35 16 59.91
35 17 44.78
35 18 50.99
35 19 60.13
35 20 48.84
35 21 60.17
35 22 66.48
35 23 64.12
35 24 24.08
35 25 79.06
35 26 63.07
35 27 101.79
35 28 86.37
35 29 69.32
35 30 36.72
35 31 37.59
35 32 28.64
35 33 94.58
35 34 34.67
35 36 74.67
35 37 52.48
35 38 34.18
35 39 38.91
35 40 39.29
35 41 64.01
35 42 40.8
35 43 86.4
35 44 72.01
35 45 27.2
35 46 56.64
35 47 75.13
35 48 34.37
35 49 102.18
35 50 82.02
35 51 65.37
35 52 24.52
35 53 28.32
35 54 69.31
35 55 61.4
35 56 65.31
35 57 43.0
35 58 77.01
35 59 15.52
35 60 9.85
35 61 92.03
35 62 38.18
35 63 59.81
35 64 89.27
35 65 76.16
35 66 86.37
35 67 56.57
35 68 74.73
35 69 34.83
35 70 77.2
35 71 117.07
35 72 72.62
35 73 13.42
35 74 48.05
35 75 71.25
35 76 41.11
35 77 72.84
35 78 56.22
35 79 63.13
35 80 78.64
35 81 25.18
35 82 73.35
35 83 32.02
35 84 37.95
35 85 87.2
35 86 108.05
35 87 20.22
35 88 20.62
35 89 66.03
35 90 32.56
35 91 62.01
35 92 38.05
35 93 101.43
35 94 83.22
35 95 66.1
35 96 70.68
35 97 31.24
35 98 51.86
35 99 19.85
35 100 51.88
35 101 12.17
35 102 75.29
35 103 27.66
35 104 49.19
35 105 20.81
35 106 66.4
35 107 69.26
35 108 35.61
35 109 88.01
35 110 55.57
35 111 3.61
35 112 11.7
35 113 38.01
35 114 53.34
35 115 66.29
35 116 77.25
35 117 93.41
35 118 27.46
35 119 31.95
35 120 55.17
35 121 11.4
35 122 45.28
35 123 57.28
35 124 25.24
35 125 67.48
35 126 63.51
35 127 80.22
35 128 42.05
35 129 84.86
35 130 88.68
35 131 94.4
35 132 37.22
35 133 97.32
35 134 31.14
35 135 92.18
35 136 63.53
35 137 71.47
35 138 27.07
35 139 55.01
35 140 26.25
35 141 75.07
35 142 46.87
35 143 45.8
35 144 109.04
35 145 3.0
35 146 25.08
35 147 80.08
35 148 44.01
35 149 28.16
35 150 68.15
35 151 77.08
35 152 23.43
35 153 106.47
35 154 20.4
35 155 43.01
35 156 63.51
35 157 62.1
35 158 65.22
35 159 51.48
35 160 94.02
35 161 33.24
35 162 61.27
35 163 58.9
35 164 65.05
35 165 34.83
35 166 93.3
35 167 97.05
35 168 55.15
35 169 28.02
35 170 58.69
35 171 59.17
35 172 61.22
35 173 51.87
35 174 49.66
35 175 50.99
35 176 53.6
35 177 74.85
35 178 62.29
35 179 113.0
35 180 93.15
35 181 18.03
35 182 76.32
35 183 25.0
35 184 81.49
35 185 35.9
35 186 105.89
35 187 57.87
35 188 74.43
35 189 83.19
35 190 111.36
35 191 96.02
35 192 21.21
35 193 100.21
35 194 38.95
35 195 100.66
35 196 18.36
35 197 40.52
35 198 55.15
35 199 94.89
35 200 37.34
35 201 32.31
36 0 55.17
36 1 47.01
36 2 109.0
36 3 14.42
36 4 62.36
36 5 11.31
36 6 144.5
36 7 24.17
36 8 94.89
36 9 54.2
36 10 107.3
36 11 21.84
36 12 110.15
36 13 107.2
36 14 22.8
36 15 67.27
36 16 105.76
36 17 109.07
36 18 24.33
36 19 113.45
36 20 120.22
36 21 56.6
36 22 110.94
36 23 116.52
36 24 66.84
36 25 5.1
36 26 53.01
36 27 30.81
36 28 24.08
36 29 96.25
36 30 111.09
36 31 52.47
36 32 93.23
36 33 78.52
36 34 108.75
36 35 74.67
36 37 83.01
36 38 100.44
36 39 80.81
36 40 109.18
36 41 27.66
36 42 94.26
36 43 96.69
36 44 7.07
36 45 72.25
36 46 69.86
36 47 115.1
36 48 75.43
36 49 27.51
36 50 34.18
36 51 49.04
36 52 82.01
36 53 89.14
36 54 79.12
36 55 21.02
36 56 55.11
36 57 98.29
36 58 123.98
36 59 77.7
36 60 74.71
36 61 17.46
36 62 110.54
36 63 14.87
36 64 21.1
36 65 97.41
36 66 32.56
36 67 22.8
36 68 5.39
36 69 43.19
36 70 72.44
36 71 96.57
36 72 54.08
36 73 74.43
36 74 94.49
36 75 20.02
36 76 101.0
36 77 127.14
36 78 80.78
36 79 15.81
36 80 17.89
36 81 50.54
36 82 112.87
36 83 84.22
36 84 102.8
36 85 97.67
36 86 37.01
36 87 57.8
36 88 94.43
36 89 86.16
36 90 95.6
36 91 26.25
36 92 72.99
36 93 52.43
36 94 111.79
36 95 126.57
36 96 98.49
36 97 70.71
36 98 124.82
36 99 93.52
36 100 118.41
36 101 62.77
36 102 141.23
36 103 52.24
36 104 115.6
36 105 65.22
36 106 84.5
36 107 47.17
36 108 72.25
36 109 30.81
36 110 85.09
36 111 78.19
36 112 86.38
36 113 53.6
36 114 101.67
36 115 110.86
36 116 2.83
36 117 18.79
36 118 98.11
36 119 54.49
36 120 32.31
36 121 84.2
36 122 93.9
36 123 61.29
36 124 56.22
36 125 82.54
36 126 52.2
36 127 130.43
36 128 116.62
36 129 85.48
36 130 19.31
36 131 30.59
36 132 44.6
36 133 27.86
36 134 47.27
36 135 53.49
36 136 129.32
36 137 4.47
36 138 89.4
36 139 76.69
36 140 65.95
36 141 84.4
36 142 120.77
36 143 44.38
36 144 99.61
36 145 77.49
36 146 72.01
36 147 48.51
36 148 56.04
36 149 51.04
36 150 9.85
36 151 82.57
36 152 95.71
36 153 79.7
36 154 54.63
36 155 38.18
36 156 44.2
36 157 43.17
36 158 20.81
36 159 118.6
36 160 20.0
36 161 79.23
36 162 101.24
36 163 129.25
36 164 75.89
36 165 48.01
36 166 74.67
36 167 71.06
36 168 72.09
36 169 69.03
36 170 97.12
36 171 103.08
36 172 25.06
36 173 114.87
36 174 86.27
36 175 53.67
36 176 41.63
36 177 137.21
36 178 116.28
36 179 95.34
36 180 20.1
36 181 69.46
36 182 19.92
36 183 98.9
36 184 66.01
36 185 62.65
36 186 93.77
36 187 85.8
36 188 64.28
36 189 147.19
36 190 80.78
36 191 104.94
36 192 85.71
36 193 85.71
36 194 111.83
36 195 28.16
36 196 74.06
36 197 34.44
36 198 109.71
36 199 45.79
36 200 105.8
36 201 55.17
37 0 33.14
37 1 70.11
37 2 97.67
37 3 97.42
37 4 28.23
37 5 94.03
37 6 69.64
37 7 59.08
37 8 98.27
37 9 28.84
37 10 40.11
37 11 104.24
37 12 27.31
37 13 43.57
37 14 68.31
37 15 37.22
37 16 112.36
37 17 94.05
37 18 69.64
37 19 34.44
37 20 60.67
37 21 101.12
37 22 28.32
37 23 36.36
37 24 30.36
37 25 84.88
37 26 102.0
37 27 97.08
37 28 79.31
37 29 17.46
37 30 64.88
37 31 78.52
37 32 37.12
37 33 52.47
37 34 61.74
37 35 52.48
37 36 83.01
37 38 41.11
37 39 14.14
37 40 85.15
37 41 57.49
37 42 93.19
37 43 34.66
37 44 84.97
37 45 25.5
37 46 16.55
37 47 32.2
37 48 85.23
37 49 105.65
37 50 107.56
37 51 102.12
37 52 30.41
37 53 80.45
37 54 21.59
37 55 62.13
37 56 36.24
37 57 27.07
37 58 41.23
37 59 37.8
37 60 42.72
37 61 96.05
37 62 56.92
37 63 72.09
37 64 85.56
37 65 23.71
37 66 109.44
37 67 60.42
37 68 86.35
37 69 67.0
37 70 35.01
37 71 72.42
37 72 43.46
37 73 39.12
37 74 17.12
37 75 67.36
37 76 92.46
37 77 46.62
37 78 105.95
37 79 80.99
37 80 75.01
37 81 48.04
37 82 29.97
37 83 23.6
37 84 40.02
37 85 35.36
37 86 119.82
37 87 42.58
37 88 53.6
37 89 14.21
37 90 35.47
37 91 57.8
37 92 87.92
37 93 78.19
37 94 33.06
37 95 50.33
37 96 19.24
37 97 22.14
37 98 68.07
37 99 52.8
37 100 51.01
37 101 49.34
37 102 68.01
37 103 66.61
37 104 49.01
37 105 34.48
37 106 15.26
37 107 45.79
37 108 17.72
37 109 76.4
37 110 3.16
37 111 52.43
37 112 55.9
37 113 79.63
37 114 22.47
37 115 118.73
37 116 85.76
37 117 99.2
37 118 47.41
37 119 34.13
37 120 84.01
37 121 61.22
37 122 97.75
37 123 100.6
37 124 67.27
37 125 17.46
37 126 102.0
37 127 48.1
37 128 70.38
37 129 36.77
37 130 102.08
37 131 112.26
37 132 42.2
37 133 92.1
37 134 66.12
37 135 65.46
37 136 58.05
37 137 78.55
37 138 34.13
37 139 103.85
37 140 28.86
37 141 25.5
37 142 68.68
37 143 82.0
37 144 60.83
37 145 54.08
37 146 75.77
37 147 55.04
37 148 86.7
37 149 42.01
37 150 73.25
37 151 28.79
37 152 49.93
37 153 67.19
37 154 49.5
37 155 46.82
37 156 98.33
37 157 43.93
37 158 86.98
37 159 52.0
37 160 101.83
37 161 85.0
37 162 113.65
37 163 65.0
37 164 19.03
37 165 72.17
37 166 53.08
37 167 60.03
37 168 102.61
37 169 77.49
37 170 110.91
37 171 111.65
37 172 85.62
37 173 44.18
37 174 6.0
37 175 29.83
37 176 88.14
37 177 60.93
37 178 37.12
37 179 67.68
37 180 93.43
37 181 68.15
37 182 71.45
37 183 55.76
37 184 44.28
37 185 82.23
37 186 59.24
37 187 108.5
37 188 37.66
37 189 71.18
37 190 73.11
37 191 43.93
37 192 73.24
37 193 55.79
37 194 59.14
37 195 98.31
37 196 34.13
37 197 57.27
37 198 32.57
37 199 74.25
37 200 84.9
37 201 33.14
38 0 46.52
38 1 66.89
38 2 64.88
38 3 114.02
38 4 65.03
38 5 111.61
38 6 46.04
38 7 80.5
38 8 72.01
38 9 56.09
38 10 10.05
38 11 118.26
38 12 47.2
38 13 7.21
38 14 79.4
38 15 76.53
38 16 84.65
38 17 60.37
38 18 79.25
38 19 29.12
38 20 21.38
38 21 94.34
38 22 39.45
38 23 32.98
38 24 34.0
38 25 104.01
38 26 97.17
38 27 123.07
38 28 105.85
38 29 52.43
38 30 24.41
38 31 71.59
38 32 7.21
38 33 93.17
38 34 21.4
38 35 34.18
38 36 100.44
38 37 41.11
38 39 29.15
38 40 49.4
38 41 82.08
38 42 66.1
38 43 73.93
38 44 99.49
38 45 29.73
38 46 54.33
38 47 48.88
38 48 66.37
38 49 127.09
38 50 114.02
38 51 99.28
38 52 18.79
38 53 53.46
38 54 62.64
38 55 82.76
38 56 71.11
38 57 16.28
38 58 46.84
38 59 23.35
38 60 28.02
38 61 116.81
38 62 15.81
38 63 86.21
38 64 110.49
38 65 60.46
38 66 117.8
38 67 78.89
38 68 101.83
38 69 66.61
38 70 75.31
38 71 113.53
38 72 79.1
38 73 26.91
38 74 26.63
38 75 91.29
38 76 61.98
38 77 40.01
38 78 88.28
38 79 91.97
38 80 99.32
38 81 50.93
38 82 47.71
38 83 20.02
38 84 4.0
38 85 74.43
38 86 136.36
38 87 43.19
38 88 19.42
38 89 54.63
38 90 6.0
38 91 81.02
38 92 70.71
38 93 113.0
38 94 61.62
38 95 32.02
38 96 52.8
38 97 32.98
38 98 28.02
38 99 19.24
38 100 18.44
38 101 41.62
38 102 42.01
38 103 60.9
38 104 15.62
38 105 35.23
38 106 56.08
38 107 78.77
38 108 34.23
38 109 105.3
38 110 43.08
38 111 31.32
38 112 28.02
38 113 72.09
38 114 27.66
38 115 90.52
38 116 103.23
38 117 118.98
38 118 9.49
38 119 46.96
38 120 87.2
38 121 35.01
38 122 71.85
38 123 91.39
38 124 59.03
38 125 58.52
38 126 97.58
38 127 48.37
38 128 29.53
38 129 77.83
38 130 117.03
38 131 124.45
38 132 56.44
38 133 118.19
38 134 63.51
38 135 101.32
38 136 30.0
38 137 96.52
38 138 11.18
38 139 87.69
38 140 35.34
38 141 66.48
38 142 27.66
38 143 79.26
38 144 101.64
38 145 33.24
38 146 57.87
38 147 89.56
38 148 78.19
38 149 49.41
38 150 92.11
38 151 69.89
38 152 14.32
38 153 107.52
38 154 48.17
38 155 63.13
38 156 97.13
38 157 73.76
38 158 95.52
38 159 18.38
38 160 120.43
38 161 64.07
38 162 88.28
38 163 29.07
38 164 59.67
38 165 68.1
38 166 93.38
38 167 99.61
38 168 88.46
38 169 61.39
38 170 86.7
38 171 84.93
38 172 92.2
38 173 17.72
38 174 35.47
38 175 58.86
38 176 86.95
38 177 40.72
38 178 30.59
38 179 108.78
38 180 116.36
38 181 51.66
38 182 96.25
38 183 18.79
38 184 83.38
38 185 69.92
38 186 100.3
38 187 89.02
38 188 76.24
38 189 49.4
38 190 113.28
38 191 82.1
38 192 47.1
38 193 96.84
38 194 18.03
38 195 122.98
38 196 26.4
38 197 66.71
38 198 24.35
38 199 107.69
38 200 50.54
38 201 46.52
39 0 26.42
39 1 60.3
39 2 83.55
39 3 95.13
39 4 36.01
39 5 92.1
39 6 65.19
39 7 58.05
39 8 84.6
39 9 29.53
39 10 30.81
39 11 101.02
39 12 35.01
39 13 33.14
39 14 63.13
39 15 47.38
39 16 98.62
39 17 79.91
39 18 63.95
39 19 32.65
39 20 50.01
39 21 91.14
39 22 32.28
39 23 35.81
39 24 19.03
39 25 83.45
39 26 92.54
39 27 99.02
39 28 81.3
39 29 30.41
39 30 51.87
39 31 68.01
39 32 24.04
39 33 64.29
39 34 48.7
39 35 38.91
39 36 80.81
39 37 14.14
39 38 29.15
39 40 71.06
39 41 58.01
39 42 79.4
39 43 48.8
39 44 81.61
39 45 13.04
39 46 25.18
39 47 39.2
39 48 72.42
39 49 105.55
39 50 101.64
39 51 93.21
39 52 16.28
39 53 66.57
39 54 34.44
39 55 60.83
39 56 42.58
39 57 18.79
39 58 44.94
39 59 23.85
39 60 29.07
39 61 95.52
39 62 44.72
39 63 68.24
39 64 86.84
39 65 37.44
39 66 104.2
39 67 58.05
39 68 83.41
39 69 57.87
39 70 46.32
39 71 85.23
39 72 50.49
39 73 25.5
39 74 13.89
39 75 67.8
39 76 78.41
39 77 46.4
39 78 93.62
39 79 76.16
39 80 75.8
39 81 38.83
39 82 37.12
39 83 9.85
39 84 29.02
39 85 49.5
39 86 117.8
39 87 32.14
39 88 39.66
39 89 28.32
39 90 23.19
39 91 57.63
39 92 75.43
39 93 84.93
39 94 44.64
39 95 46.4
39 96 31.78
39 97 11.4
39 98 57.04
39 99 38.83
39 100 42.45
39 101 37.34
39 102 62.65
39 103 56.01
39 104 40.02
39 105 23.0
39 106 29.21
39 107 50.96
39 108 8.6
39 109 79.61
39 110 17.03
39 111 38.59
39 112 41.77
39 113 69.0
39 114 21.1
39 115 104.96
39 116 83.63
39 117 98.29
39 118 34.18
39 119 27.29
39 120 76.54
39 121 47.2
39 122 84.12
39 123 90.01
39 124 56.08
39 125 31.06
39 126 92.66
39 127 50.54
39 128 57.57
39 129 50.12
39 130 99.2
39 131 108.45
39 132 36.89
39 133 94.03
39 134 56.32
39 135 72.84
39 136 51.48
39 137 76.49
39 138 20.62
39 139 91.78
39 140 18.25
39 141 39.12
39 142 56.72
39 143 72.69
39 144 74.43
39 145 40.31
39 146 62.94
39 147 61.39
39 148 76.01
39 149 33.84
39 150 71.45
39 151 42.06
39 152 36.24
39 153 78.45
39 154 39.12
39 155 42.8
39 156 89.82
39 157 47.01
39 158 81.39
39 159 43.17
39 160 100.45
39 161 71.87
39 162 100.18
39 163 55.9
39 164 31.02
39 165 62.2
39 166 64.33
39 167 70.46
39 168 90.93
39 169 65.0
39 170 97.58
39 171 98.01
39 172 79.31
39 173 36.77
39 174 10.77
39 175 31.78
39 176 79.43
39 177 57.2
39 178 35.47
39 179 80.62
39 180 93.86
39 181 55.36
39 182 72.42
39 183 42.06
39 184 54.23
39 185 70.58
39 186 72.45
39 187 95.88
39 188 47.1
39 189 67.42
39 190 84.17
39 191 58.05
39 192 59.36
39 193 68.35
39 194 46.87
39 195 99.62
39 196 20.62
39 197 50.99
39 198 29.0
39 199 80.08
39 200 70.77
39 201 26.42
40 0 71.47
40 1 62.82
40 2 17.03
40 3 119.33
40 4 101.08
40 5 118.46
40 6 80.0
40 7 98.18
40 8 32.2
40 9 86.73
40 10 57.7
40 11 119.85
40 12 96.52
40 13 52.8
40 14 86.58
40 15 114.04
40 16 40.31
40 17 12.04
40 18 84.85
40 19 77.82
40 20 46.27
40 21 75.6
40 22 88.84
40 23 81.44
40 24 61.74
40 25 113.99
40 26 80.21
40 27 138.29
40 28 124.02
40 29 99.72
40 30 28.64
40 31 60.54
40 32 49.68
40 33 132.41
40 34 30.36
40 35 39.29
40 36 109.18
40 37 85.15
40 38 49.4
40 39 71.06
40 41 102.59
40 42 26.93
40 43 119.75
40 44 105.12
40 45 62.77
40 46 93.3
40 47 98.27
40 48 40.8
40 49 136.31
40 50 107.33
40 51 84.31
40 52 54.82
40 53 21.95
40 54 104.86
40 55 99.05
40 56 104.18
40 57 65.22
40 58 95.34
40 59 48.88
40 60 46.1
40 61 126.59
40 62 38.6
40 63 94.64
40 64 126.1
40 65 107.48
40 66 112.73
40 67 94.02
40 68 108.06
40 69 66.1
40 70 114.61
40 71 154.55
40 72 111.66
40 73 49.19
40 74 74.52
40 75 109.07
40 76 18.38
40 77 86.33
40 78 56.61
40 79 95.34
40 80 116.0
40 81 63.39
40 82 97.1
40 83 61.62
40 84 52.84
40 85 120.42
40 86 138.51
40 87 59.44
40 88 31.83
40 89 99.36
40 90 52.8
40 91 100.4
40 92 45.61
40 93 140.62
40 94 110.6
40 95 75.19
40 96 100.5
40 97 67.23
40 98 43.05
40 99 32.53
40 100 57.72
40 101 50.64
40 102 75.0
40 103 57.07
40 104 56.32
40 105 59.24
40 106 100.26
40 107 108.52
40 108 71.02
40 109 126.32
40 110 87.86
40 111 37.0
40 112 30.41
40 113 60.01
40 114 76.84
40 115 45.01
40 116 111.46
40 117 127.28
40 118 40.22
40 119 71.17
40 120 82.87
40 121 27.89
40 122 32.65
40 123 70.29
40 124 53.15
40 125 102.0
40 126 81.02
40 127 95.52
40 128 28.0
40 129 120.67
40 130 119.92
40 131 122.93
40 132 76.3
40 133 134.13
40 134 61.98
40 135 131.47
40 136 66.48
40 137 106.68
40 138 51.62
40 139 58.26
40 140 63.98
40 141 110.0
40 142 36.01
40 143 70.38
40 144 145.09
40 145 36.4
40 146 39.0
40 147 119.37
40 148 62.27
40 149 67.27
40 150 104.24
40 151 112.65
40 152 36.24
40 153 145.0
40 154 58.31
40 155 81.74
40 156 84.72
40 157 101.39
40 158 95.21
40 159 56.52
40 160 127.12
40 161 36.4
40 162 46.32
40 163 55.0
40 164 100.96
40 165 62.36
40 166 131.48
40 167 135.77
40 168 61.55
40 169 42.95
40 170 46.49
40 171 41.77
40 172 90.44
40 173 62.63
40 174 80.66
40 175 89.89
40 176 77.39
40 177 79.51
40 178 78.79
40 179 150.23
40 180 128.76
40 181 39.81
40 182 114.04
40 183 30.81
40 184 119.92
40 185 52.35
40 186 142.58
40 187 54.71
40 188 112.73
40 189 84.0
40 190 150.08
40 191 128.76
40 192 23.54
40 193 137.56
40 194 37.11
40 195 136.62
40 196 53.71
40 197 77.01
40 198 73.36
40 199 133.99
40 200 4.24
40 201 71.47
41 0 35.74
41 1 48.55
41 2 106.74
41 3 41.44
41 4 34.79
41 5 37.7
41 6 123.15
41 7 6.4
41 8 96.66
41 9 29.0
41 10 87.24
41 11 49.48
41 12 84.05
41 13 88.14
41 14 26.4
41 15 40.0
41 16 109.59
41 17 105.54
41 18 29.21
41 19 90.03
41 20 103.12
41 21 70.8
41 22 85.8
41 23 92.7
41 24 48.38
41 25 28.23
41 26 68.8
41 27 41.18
41 28 23.77
41 29 69.35
41 30 97.49
41 31 57.2
41 32 75.03
41 33 53.16
41 34 94.73
41 35 64.01
41 36 27.66
41 37 57.49
41 38 82.08
41 39 58.01
41 40 102.59
41 42 94.34
41 43 69.05
41 44 32.02
41 45 52.39
41 46 43.05
41 47 89.05
41 48 77.37
41 49 48.17
41 50 59.3
41 51 66.24
41 52 63.32
41 53 85.87
41 54 51.55
41 55 8.54
41 56 27.46
41 57 76.55
41 58 98.72
41 59 61.61
41 60 60.53
41 61 38.6
41 62 94.64
41 63 23.41
41 64 28.84
41 65 70.01
41 66 59.0
41 67 12.04
41 68 32.25
41 69 43.57
41 70 45.04
41 71 73.35
41 72 27.17
41 73 59.03
41 74 70.94
41 75 9.9
41 76 99.04
41 77 103.28
41 78 89.5
41 79 33.24
41 80 17.8
41 81 39.2
41 82 86.84
41 83 63.53
41 84 83.67
41 85 70.04
41 86 63.06
41 87 44.05
41 88 80.89
41 89 59.03
41 90 76.56
41 91 2.83
41 92 76.66
41 93 39.4
41 94 84.58
41 95 104.4
41 96 71.59
41 97 49.65
41 98 108.81
41 99 79.91
41 100 98.84
41 101 52.09
41 102 120.42
41 103 50.99
41 104 96.15
41 105 48.27
41 106 57.27
41 107 20.1
41 108 49.93
41 109 24.08
41 110 59.2
41 111 67.01
41 112 75.06
41 113 58.6
41 114 77.9
41 115 115.49
41 116 30.08
41 117 41.88
41 118 82.01
41 119 35.44
41 120 45.79
41 121 75.11
41 122 95.75
41 123 73.76
41 124 54.63
41 125 55.15
41 126 68.26
41 127 105.55
41 128 103.41
41 129 58.08
41 130 46.84
41 131 58.25
41 132 27.17
41 133 36.24
41 134 46.53
41 135 33.97
41 136 108.91
41 137 23.35
41 138 70.94
41 139 85.8
41 140 46.82
41 141 56.75
41 142 105.99
41 143 53.04
41 144 73.98
41 145 67.01
41 146 70.94
41 147 24.7
41 148 63.78
41 149 36.06
41 150 18.11
41 151 54.92
41 152 80.81
41 153 57.45
41 154 44.28
41 155 21.0
41 156 61.29
41 157 15.52
41 158 40.52
41 159 99.28
41 160 44.78
41 161 80.11
41 162 106.85
41 163 111.09
41 164 48.47
41 165 50.48
41 166 49.65
41 167 47.89
41 168 82.07
41 169 69.35
41 170 102.93
41 171 107.42
41 172 42.15
41 173 94.15
41 174 61.52
41 175 27.66
41 176 54.41
41 177 115.21
41 178 92.85
41 179 71.31
41 180 36.07
41 181 65.8
41 182 14.42
41 183 85.16
41 184 39.62
41 185 66.57
41 186 68.41
41 187 94.02
41 188 37.0
41 189 125.43
41 190 60.0
41 191 77.41
41 192 80.6
41 193 60.44
41 194 96.3
41 195 41.62
41 196 57.01
41 197 27.73
41 198 86.83
41 199 32.31
41 200 99.98
41 201 35.74
42 0 70.29
42 1 47.68
42 2 16.16
42 3 102.12
42 4 102.07
42 5 102.0
42 6 103.95
42 7 88.87
42 8 6.0
42 9 86.05
42 10 75.8
42 11 100.98
42 12 110.49
42 13 71.45
42 14 73.16
42 15 114.98
42 16 19.24
42 17 18.6
42 18 70.86
42 19 95.13
42 20 69.58
42 21 51.43
42 22 104.04
42 23 99.04
42 24 64.54
42 25 99.32
42 26 56.36
42 27 124.79
42 28 112.81
42 29 109.77
42 30 51.62
42 31 42.0
42 32 63.6
42 33 133.54
42 34 52.24
42 35 40.8
42 36 94.26
42 37 93.19
42 38 66.1
42 39 79.4
42 40 26.93
42 41 94.34
42 43 127.2
42 44 89.02
42 45 68.01
42 46 96.94
42 47 113.22
42 48 19.03
42 49 120.02
42 50 85.73
42 51 60.93
42 52 63.95
42 53 13.0
42 54 109.88
42 55 88.89
42 56 103.0
42 57 79.7
42 58 112.81
42 59 55.57
42 60 50.48
42 61 111.04
42 62 60.07
42 63 80.89
42 64 113.44
42 65 116.81
42 66 91.48
42 67 83.82
42 68 92.02
42 69 52.17
42 70 116.78
42 71 156.2
42 72 109.55
42 73 54.08
42 74 86.93
42 75 98.76
42 76 9.22
42 77 105.8
42 78 29.83
42 79 79.03
42 80 104.56
42 81 57.45
42 82 111.66
42 83 71.55
42 84 70.04
42 85 128.0
42 86 119.05
42 87 56.85
42 88 46.69
42 89 106.83
42 90 67.45
42 91 91.76
42 92 22.56
42 93 133.7
42 94 123.0
42 95 96.08
42 96 111.02
42 97 72.01
42 98 67.91
42 99 46.87
42 100 79.0
42 101 47.51
42 102 98.99
42 103 43.68
42 104 77.03
42 105 60.88
42 106 107.2
42 107 104.96
42 108 76.4
42 109 116.48
42 110 96.25
42 111 40.82
42 112 39.22
42 113 41.01
42 114 91.08
42 115 25.55
42 116 96.13
42 117 111.0
42 118 56.72
42 119 69.66
42 120 64.2
42 121 32.7
42 122 6.08
42 123 45.65
42 124 39.85
42 125 108.23
42 126 57.27
42 127 114.42
42 128 52.89
42 129 125.26
42 130 101.6
42 131 102.61
42 132 71.34
42 133 121.2
42 134 48.51
42 135 126.56
42 136 89.2
42 137 92.66
42 138 63.91
42 139 31.83
42 140 66.6
42 141 115.75
42 142 60.88
42 143 51.16
42 144 149.2
42 145 39.12
42 146 23.41
42 147 115.0
42 148 40.79
42 149 63.25
42 150 91.41
42 151 117.59
42 152 51.79
42 153 144.27
42 154 52.7
42 155 75.13
42 156 62.3
42 157 97.25
42 158 77.16
42 159 78.01
42 160 110.11
42 161 15.03
42 162 22.2
42 163 79.25
42 164 105.55
42 165 46.39
42 166 131.82
42 167 134.53
42 168 35.61
42 169 25.5
42 170 21.02
42 171 18.97
42 172 72.17
42 173 82.3
42 174 90.05
42 175 89.02
42 176 56.89
42 177 102.12
42 178 96.69
42 179 152.4
42 180 114.35
42 181 29.15
42 182 103.32
42 183 48.17
42 184 119.81
42 185 32.06
42 186 145.73
42 187 27.78
42 188 113.07
42 189 107.91
42 190 148.66
42 191 136.82
42 192 20.12
42 193 139.6
42 194 59.21
42 195 122.41
42 196 59.08
42 197 66.73
42 198 90.24
42 199 126.65
42 200 22.83
42 201 70.29
43 0 61.1
43 1 98.37
43 2 132.28
43 3 110.11
43 4 35.01
43 5 106.23
43 6 90.01
43 7 73.44
43 8 132.06
43 9 48.84
43 10 70.38
43 11 118.46
43 12 36.01
43 13 74.73
43 14 89.09
43 15 30.46
43 16 146.24
43 17 128.69
43 18 91.2
43 19 56.72
43 20 91.18
43 21 128.55
43 22 44.1
43 23 56.22
43 24 62.97
43 25 96.77
43 26 128.46
43 27 100.24
43 28 84.17
43 29 22.14
43 30 98.27
43 31 107.52
43 32 71.03
43 33 31.91
43 34 95.19
43 35 86.4
43 36 96.69
43 37 34.66
43 38 73.93
43 39 48.8
43 40 119.75
43 41 69.05
43 42 127.2
43 44 100.84
43 45 59.2
43 46 32.57
43 47 39.32
43 48 117.72
43 49 112.92
43 50 127.14
43 51 127.58
43 52 65.07
43 53 114.63
43 54 19.42
43 55 76.53
43 56 41.59
43 57 58.14
43 58 51.62
43 59 72.25
43 60 76.84
43 61 105.0
43 62 89.47
43 63 90.09
43 64 91.39
43 65 14.32
43 66 127.57
43 67 77.1
43 68 101.27
43 69 94.37
43 70 25.08
43 71 44.05
43 72 43.66
43 73 73.25
43 74 47.41
43 75 77.37
43 76 126.91
43 77 63.07
43 78 137.38
43 79 100.04
43 80 83.17
43 81 76.9
43 82 38.12
43 83 58.14
43 84 72.01
43 85 1.0
43 86 130.6
43 87 73.35
43 88 88.09
43 89 20.52
43 90 68.8
43 91 70.71
43 92 119.85
43 93 70.77
43 94 24.7
43 95 72.25
43 96 22.56
43 97 55.22
43 98 98.79
43 99 87.32
43 100 79.4
43 101 81.49
43 102 90.09
43 103 96.21
43 104 78.11
43 105 66.89
43 106 20.0
43 107 50.0
43 108 50.8
43 109 78.71
43 110 31.89
43 111 86.68
43 112 90.52
43 113 108.78
43 114 48.7
43 115 152.63
43 116 99.04
43 117 108.78
43 118 81.27
43 119 62.03
43 120 107.67
43 121 95.67
43 122 131.49
43 123 129.12
43 124 97.69
43 125 19.24
43 126 128.27
43 127 59.03
43 128 103.45
43 129 13.45
43 130 115.73
43 131 127.28
43 132 66.71
43 133 95.71
43 134 94.56
43 135 58.26
43 136 83.02
43 137 92.4
43 138 68.41
43 139 134.85
43 140 61.06
43 141 13.15
43 142 100.65
43 143 108.91
43 144 29.27
43 145 88.24
43 146 108.41
43 147 53.24
43 148 115.74
43 149 70.23
43 150 87.13
43 151 14.14
43 152 84.2
43 153 46.1
43 154 79.71
43 155 68.59
43 156 123.18
43 157 53.6
43 158 107.0
43 159 80.65
43 160 112.27
43 161 117.99
43 162 147.03
43 163 93.15
43 164 23.77
43 165 100.58
43 166 35.0
43 167 43.6
43 168 132.97
43 169 109.59
43 170 144.06
43 171 145.34
43 172 107.07
43 173 71.84
43 174 39.2
43 175 47.38
43 176 113.77
43 177 81.0
43 178 58.42
43 179 39.05
43 180 100.46
43 181 100.85
43 182 79.7
43 183 90.0
43 184 34.67
43 185 112.92
43 186 30.07
43 187 140.43
43 188 33.24
43 189 90.14
43 190 52.0
43 191 9.85
43 192 107.45
43 193 30.68
43 194 91.71
43 195 102.86
43 196 68.25
43 197 81.05
43 198 57.72
43 199 70.0
43 200 119.55
43 201 61.1
44 0 55.44
44 1 42.43
44 2 104.08
44 3 14.76
44 4 66.1
44 5 13.34
44 6 144.26
44 7 27.46
44 8 89.36
44 9 56.46
44 10 106.83
44 11 19.42
44 12 112.26
44 13 106.4
44 14 20.25
44 15 72.01
44 16 99.82
44 17 104.39
44 18 21.02
44 19 114.2
44 20 118.71
44 21 49.74
44 22 112.51
44 23 117.41
44 24 66.47
44 25 11.66
44 26 46.04
44 27 37.0
44 28 31.14
44 29 99.02
44 30 108.67
44 31 47.04
44 32 92.31
44 33 84.17
44 34 106.47
44 35 72.01
44 36 7.07
44 37 84.97
44 38 99.49
44 39 81.61
44 40 105.12
44 41 32.02
44 42 89.02
44 43 100.84
44 45 72.18
44 46 72.73
44 47 117.17
44 48 70.06
44 49 31.26
44 50 27.89
44 51 42.01
44 52 81.39
44 53 84.59
44 54 82.76
44 55 24.33
44 56 59.3
44 57 98.49
44 58 125.54
44 59 76.4
44 60 72.95
44 61 22.02
44 62 108.76
44 63 13.45
44 64 28.02
44 65 100.69
44 66 27.02
44 67 24.7
44 68 3.0
44 69 39.05
44 70 77.06
44 71 102.79
44 72 59.03
44 73 73.01
44 74 95.44
44 75 25.71
44 76 96.08
44 77 128.0
44 78 74.33
44 79 10.0
44 80 24.7
44 81 48.83
44 82 114.93
44 83 84.22
44 84 102.07
44 85 101.83
44 86 36.88
44 87 56.4
44 88 92.18
44 89 89.19
44 90 94.92
44 91 30.15
44 92 67.36
44 93 59.41
44 94 114.79
44 95 126.73
44 96 101.24
44 97 71.06
44 98 122.97
44 99 91.3
44 100 117.69
44 101 60.42
44 102 140.8
44 103 48.05
44 104 114.87
44 105 64.44
44 106 87.64
44 107 52.01
44 108 73.01
44 109 37.8
44 110 87.24
44 111 75.58
44 112 83.67
44 113 48.09
44 114 102.65
44 115 104.79
44 116 7.62
44 117 22.2
44 118 96.52
44 119 54.67
44 120 25.96
44 121 80.99
44 122 88.36
44 123 54.56
44 124 51.97
44 125 85.87
44 126 45.22
44 127 131.76
44 128 114.06
44 129 90.09
44 130 17.69
44 131 27.31
44 132 44.82
44 133 34.44
44 134 43.17
44 135 60.01
44 136 128.82
44 137 9.49
44 138 88.62
44 139 70.23
44 140 65.8
44 141 88.28
44 142 118.6
44 143 38.47
44 144 105.22
44 145 74.73
44 146 67.27
44 147 54.34
44 148 50.01
44 149 50.25
44 150 14.04
44 151 86.7
44 152 93.81
44 153 86.03
44 154 52.48
44 155 38.83
44 156 37.2
44 157 47.27
44 158 13.89
44 159 117.8
44 160 22.14
44 161 74.01
44 162 95.08
44 163 128.0
44 164 79.31
44 165 43.19
44 166 80.41
44 167 77.2
44 168 65.55
44 169 64.07
44 170 90.96
44 171 97.08
44 172 18.38
44 173 114.56
44 174 87.82
44 175 56.3
44 176 35.11
44 177 137.24
44 178 117.0
44 179 101.39
44 180 25.96
44 181 65.31
44 182 26.4
44 183 96.65
44 184 71.25
44 185 57.14
44 186 99.46
44 187 79.38
44 188 69.01
44 189 147.09
44 190 87.32
44 191 109.37
44 192 81.58
44 193 91.41
44 194 109.93
44 195 33.96
44 196 73.11
44 197 32.8
44 198 110.26
44 199 52.7
44 200 101.61
44 201 55.44
45 0 17.2
45 1 47.52
45 2 73.66
45 3 86.28
45 4 38.9
45 5 83.55
45 6 72.25
45 7 51.11
45 8 72.95
45 9 27.02
45 10 35.23
45 11 91.44
45 12 48.0
45 13 35.78
45 14 52.8
45 15 51.62
45 16 87.09
45 17 70.43
45 18 53.25
45 19 42.94
45 20 50.96
45 21 78.23
45 22 44.72
45 23 46.52
45 24 6.32
45 25 75.43
45 26 79.76
45 27 93.47
45 28 76.16
45 29 42.72
45 30 48.17
45 31 55.04
45 32 22.8
45 33 69.78
45 34 45.1
45 35 27.2
45 36 72.25
45 37 25.5
45 38 29.73
45 39 13.04
45 40 62.77
45 41 52.39
45 42 68.01
45 43 59.2
45 44 72.18
45 46 30.53
45 47 52.09
45 48 59.81
45 49 98.23
45 50 90.35
45 51 80.6
45 52 11.18
45 53 55.44
45 54 42.52
45 55 53.54
45 56 43.42
45 57 26.4
45 58 57.01
45 59 13.89
45 60 17.69
45 61 88.01
45 62 43.29
45 63 58.73
45 64 80.95
45 65 49.19
45 66 93.3
45 67 50.0
45 68 74.25
45 69 45.35
45 70 51.88
45 71 91.79
45 72 51.35
45 73 14.14
45 74 25.71
45 75 61.72
45 76 67.9
45 77 56.82
45 78 80.78
45 79 65.8
45 80 69.77
45 81 26.57
45 82 50.04
45 83 12.04
45 84 31.3
45 85 60.0
45 86 108.89
45 87 19.42
45 88 33.24
45 89 38.83
45 90 24.17
45 91 51.43
45 92 62.64
45 93 84.15
45 94 57.49
45 95 54.56
45 96 44.27
45 97 4.47
45 98 57.07
45 99 32.28
45 100 46.65
45 101 24.33
45 102 69.03
45 103 43.05
45 104 43.91
45 105 10.05
45 106 39.2
45 107 50.01
45 108 8.49
45 109 75.58
45 110 28.64
45 111 27.59
45 112 32.45
45 113 56.01
45 114 32.57
45 115 93.48
45 116 75.07
45 117 90.43
45 118 31.02
45 119 17.8
45 120 64.62
45 121 36.8
45 122 72.4
45 123 77.0
45 124 43.05
45 125 40.36
45 126 79.91
45 127 62.03
45 128 54.15
45 129 58.26
45 130 89.87
45 131 98.41
45 132 27.66
45 133 88.57
45 134 43.57
45 135 73.03
45 136 57.2
45 137 68.12
45 138 18.68
45 139 78.85
45 140 6.4
45 141 48.08
45 142 55.15
45 143 60.02
45 144 82.62
45 145 29.07
45 146 50.33
45 147 61.0
45 148 63.0
45 149 22.47
45 150 63.41
45 151 50.33
45 152 31.26
45 153 82.87
45 154 26.31
45 155 34.21
45 156 77.37
45 157 44.41
45 158 70.49
45 159 47.01
45 160 92.2
45 161 59.51
45 162 88.19
45 163 58.69
45 164 38.42
45 165 49.37
45 166 69.08
45 167 74.04
45 168 77.93
45 169 52.2
45 170 85.42
45 171 86.28
45 172 68.0
45 173 42.64
45 174 23.54
45 175 30.0
45 176 66.94
45 177 65.07
45 178 45.65
45 179 87.46
45 180 87.13
45 181 42.72
45 182 66.64
45 183 36.67
45 184 57.87
45 185 57.56
45 186 79.88
45 187 83.17
45 188 50.6
45 189 74.97
45 190 88.23
45 191 68.82
45 192 48.27
45 193 74.79
45 194 45.18
45 195 93.54
45 196 9.22
45 197 40.22
45 198 38.59
45 199 78.52
45 200 61.85
45 201 17.2
46 0 28.64
46 1 65.8
46 2 103.86
46 3 84.1
46 4 11.7
46 5 80.5
46 6 86.16
46 7 45.69
46 8 101.41
46 9 17.03
46 10 55.15
46 11 91.55
46 12 41.23
46 13 58.0
46 14 58.31
46 15 22.2
46 16 115.62
46 17 100.8
46 18 60.13
46 19 50.99
46 20 75.03
46 21 96.1
46 22 44.05
46 23 52.84
46 24 32.56
46 25 71.12
46 26 96.18
46 27 81.32
46 28 63.66
46 29 26.4
46 30 76.66
46 31 74.95
46 32 49.03
46 33 39.56
46 34 73.5
46 35 56.64
46 36 69.86
46 37 16.55
46 38 54.33
46 39 25.18
46 40 93.3
46 41 43.05
46 42 96.94
46 43 32.57
46 44 72.73
46 45 30.53
46 47 46.23
46 48 85.98
46 49 90.8
46 50 97.32
46 51 95.52
46 52 39.56
46 53 84.86
46 54 13.42
46 55 48.85
46 56 19.72
46 57 42.3
46 58 56.59
46 59 44.42
46 60 47.8
46 61 81.54
46 62 69.87
46 63 60.64
46 64 70.18
46 65 28.28
46 66 98.49
46 67 48.08
46 68 73.74
46 69 61.85
46 70 21.54
46 71 61.29
46 72 26.93
46 73 44.41
46 74 33.24
46 75 52.7
46 76 97.74
46 77 62.97
46 78 105.1
46 79 70.21
46 80 60.0
46 81 44.38
46 82 44.05
46 83 34.71
46 84 54.04
46 85 33.53
46 86 106.07
46 87 41.34
46 88 63.16
46 89 16.49
46 90 48.37
46 91 43.83
46 92 87.82
46 93 61.68
46 94 42.06
46 95 66.85
46 96 28.64
46 97 26.08
46 98 82.15
46 99 62.24
46 100 66.48
46 101 50.0
46 102 84.43
46 103 63.69
46 104 64.28
46 105 36.07
46 106 15.13
46 107 29.41
46 108 22.36
46 109 60.31
46 110 17.2
46 111 57.63
46 112 62.97
46 113 76.22
46 114 39.0
46 115 122.02
46 116 72.5
46 117 84.91
46 118 58.94
46 119 29.55
46 120 76.03
46 121 67.01
46 122 100.77
46 123 96.57
46 124 65.31
46 125 14.04
46 126 96.03
46 127 63.78
46 128 82.46
46 129 28.32
46 130 89.16
46 131 99.96
46 132 34.37
46 133 76.37
46 134 61.98
46 135 49.04
46 136 74.22
46 137 65.39
46 138 45.35
46 139 102.46
46 140 30.41
46 141 19.7
46 142 81.88
46 143 76.49
46 144 52.4
46 145 58.9
46 146 76.84
46 147 38.48
46 148 83.17
46 149 37.7
46 150 60.01
46 151 20.81
46 152 60.41
46 153 53.37
46 154 47.41
46 155 37.01
46 156 91.27
46 157 28.43
46 158 76.79
46 159 67.36
46 160 87.82
46 161 86.61
46 162 115.8
46 163 80.31
46 164 8.94
46 165 68.01
46 166 39.29
46 167 45.28
46 168 100.46
46 169 77.7
46 170 112.65
46 171 114.48
46 172 76.24
46 173 60.02
46 174 22.14
46 175 16.49
46 176 81.61
46 177 77.47
46 178 53.67
46 179 56.94
46 180 78.41
46 181 69.4
46 182 56.4
46 183 66.13
46 184 29.07
46 185 80.53
46 186 49.41
46 187 108.3
46 188 22.0
46 189 87.73
46 190 59.03
46 191 42.38
46 192 77.83
46 193 44.29
46 194 72.01
46 195 82.81
46 196 39.66
46 197 49.09
46 198 49.04
46 199 57.7
46 200 92.36
46 201 28.64
47 0 64.29
47 1 99.5
47 2 113.6
47 3 129.5
47 4 56.57
47 5 126.05
47 6 51.16
47 7 91.07
47 8 118.9
47 9 60.9
47 10 41.23
47 11 136.42
47 12 5.0
47 13 46.23
47 14 100.3
47 15 60.75
47 16 132.26
47 17 109.18
47 18 101.51
47 19 22.02
47 20 59.67
47 21 130.31
47 22 9.43
47 23 19.72
47 24 58.22
47 25 116.81
47 26 131.75
47 27 127.35
47 28 109.79
47 29 21.63
47 30 71.84
47 31 107.12
47 32 49.77
47 33 69.57
47 34 69.2
47 35 75.13
47 36 115.1
47 37 32.2
47 38 48.88
47 39 39.2
47 40 98.27
47 41 89.05
47 42 113.22
47 43 39.32
47 44 117.17
47 45 52.09
47 46 46.23
47 48 109.49
47 49 137.0
47 50 139.46
47 51 132.37
47 52 50.64
47 53 100.24
47 54 42.44
47 55 94.15
47 56 65.05
47 57 33.62
47 58 12.37
47 59 59.68
47 60 65.62
47 61 127.64
47 62 61.72
47 63 104.28
47 64 116.39
47 65 26.25
47 66 141.51
47 67 92.59
47 68 118.53
47 69 97.02
47 70 56.44
47 71 83.29
47 72 70.94
47 73 62.39
47 74 27.17
47 75 98.81
47 76 110.17
47 77 24.08
47 78 131.24
47 79 113.09
47 80 106.21
47 81 77.93
47 82 2.24
47 83 43.29
47 84 45.49
47 85 39.2
47 86 151.79
47 87 71.34
47 88 67.54
47 89 32.02
47 90 46.1
47 91 89.59
47 92 113.0
47 93 104.01
47 94 16.49
47 95 34.79
47 96 19.72
47 97 50.49
47 98 67.01
47 99 67.12
47 100 46.4
47 101 76.01
47 102 51.79
47 103 95.13
47 104 46.1
47 105 62.13
47 106 34.21
47 107 74.95
47 108 46.87
47 109 106.07
47 110 30.02
47 111 73.76
47 112 74.0
47 113 108.07
47 114 22.14
47 115 138.35
47 116 117.83
47 117 130.92
47 118 58.18
47 119 65.25
47 120 115.21
47 121 80.65
47 122 118.6
47 123 129.03
47 124 95.01
47 125 37.2
47 126 131.86
47 127 19.92
47 128 75.74
47 129 50.29
47 130 134.24
47 131 144.46
47 132 74.0
47 133 122.43
47 134 95.52
47 135 90.97
47 136 46.62
47 137 110.64
47 138 49.34
47 139 129.76
47 140 57.43
47 141 41.15
47 142 70.77
47 143 111.88
47 144 68.01
47 145 75.71
47 146 100.13
47 147 82.46
47 148 115.04
47 149 72.57
47 150 105.31
47 151 45.19
47 152 62.61
47 153 84.48
47 154 78.31
47 155 78.92
47 156 128.89
47 157 74.65
47 158 118.93
47 159 47.8
47 160 133.69
47 161 108.26
47 162 135.06
47 163 58.67
47 164 43.28
47 165 101.4
47 166 71.87
47 167 80.23
47 168 129.31
47 169 102.7
47 170 132.97
47 171 132.19
47 172 117.34
47 173 39.05
47 174 30.08
47 175 61.59
47 176 118.53
47 177 42.3
47 178 22.47
47 179 78.31
47 180 124.63
47 181 92.78
47 182 102.62
47 183 67.6
47 184 67.23
47 185 109.11
47 186 69.35
47 187 133.0
47 188 62.43
47 189 51.0
47 190 90.52
47 191 43.19
47 192 93.3
47 193 69.63
47 194 63.78
47 195 128.97
47 196 58.14
47 197 88.89
47 198 25.5
47 199 101.4
47 200 99.36
47 201 64.29
48 0 57.8
48 1 29.41
48 2 34.71
48 3 83.1
48 4 89.38
48 5 83.0
48 6 109.11
48 7 71.59
48 8 19.65
48 9 73.0
48 10 76.42
48 11 82.04
48 12 106.1
48 13 72.84
48 14 54.82
48 15 101.91
48 16 32.25
48 17 36.06
48 18 52.39
48 19 94.01
48 20 75.39
48 21 34.83
48 22 100.84
48 23 98.01
48 24 55.04
48 25 80.5
48 26 39.41
48 27 106.07
48 28 94.64
48 29 102.53
48 30 58.59
48 31 23.02
48 32 62.01
48 33 120.22
48 34 58.18
48 35 34.37
48 36 75.43
48 37 85.23
48 38 66.37
48 39 72.42
48 40 40.8
48 41 77.37
48 42 19.03
48 43 117.72
48 44 70.06
48 45 59.81
48 46 85.98
48 47 109.49
48 49 101.0
48 50 67.42
48 51 43.57
48 52 58.86
48 53 19.1
48 54 99.32
48 55 71.31
48 56 89.11
48 57 77.16
48 58 111.16
48 59 49.82
48 60 43.93
48 61 92.09
48 62 64.85
48 63 62.37
48 64 94.92
48 65 108.85
48 66 73.05
48 67 66.31
48 68 73.06
48 69 34.18
48 70 104.35
48 71 142.84
48 72 95.02
48 73 47.3
48 74 82.38
48 75 80.99
48 76 26.93
48 77 106.17
48 78 22.0
48 79 60.07
48 80 86.4
48 81 43.14
48 82 107.69
48 83 66.29
48 84 70.35
48 85 118.6
48 86 100.22
48 87 44.65
48 88 48.27
48 89 97.94
48 90 66.01
48 91 74.69
48 92 5.0
48 93 116.73
48 94 117.05
48 95 98.15
48 96 104.06
48 97 63.16
48 98 75.59
48 99 48.05
48 100 82.23
48 101 36.24
48 102 104.36
48 103 26.42
48 104 79.83
48 105 50.99
48 106 97.95
48 107 89.81
48 108 67.62
48 109 98.68
48 110 88.39
48 111 36.06
48 112 38.47
48 113 22.0
48 114 87.69
48 115 38.28
48 116 77.23
48 117 92.0
48 118 57.87
48 119 57.01
48 120 45.18
48 121 31.58
48 122 18.68
48 123 29.7
48 124 23.02
48 125 98.49
48 126 40.22
48 127 114.0
48 128 61.59
48 129 114.04
48 130 82.61
48 131 83.93
48 132 56.64
48 133 102.59
48 134 30.87
48 135 110.45
48 136 93.41
48 137 73.98
48 138 61.07
48 139 21.38
48 140 56.8
48 141 105.48
48 142 68.96
48 143 32.14
48 144 137.28
48 145 34.06
48 146 9.49
48 147 99.3
48 148 22.14
48 149 49.58
48 150 73.01
48 151 106.78
48 152 52.95
48 153 129.83
48 154 39.05
48 155 59.41
48 156 44.28
48 157 82.01
48 158 58.14
48 159 81.49
48 160 91.09
48 161 4.47
48 162 30.41
48 163 85.62
48 164 94.87
48 165 27.89
48 166 118.11
48 167 119.97
48 168 22.85
48 169 8.49
48 170 26.91
48 171 30.23
48 172 53.15
48 173 83.86
48 174 83.17
48 175 75.74
48 176 38.08
48 177 105.76
48 178 96.01
48 179 139.34
48 180 95.52
48 181 17.09
48 182 85.38
48 183 51.24
48 184 106.08
48 185 13.04
48 186 133.3
48 187 23.54
48 188 99.72
48 189 112.93
48 190 133.84
48 191 127.53
48 192 21.47
48 193 126.67
48 194 64.62
48 195 103.59
48 196 51.92
48 197 49.65
48 198 89.01
48 199 109.59
48 200 36.62
48 201 57.8
49 0 81.02
49 1 73.68
49 2 135.24
49 3 18.25
49 4 81.3
49 5 18.03
49 6 170.24
49 7 47.51
49 8 120.07
49 9 77.1
49 10 133.45
49 11 23.32
49 12 132.0
49 13 133.69
49 14 50.29
49 15 82.46
49 16 129.87
49 17 135.62
49 18 51.66
49 19 137.93
49 20 147.25
49 21 76.92
49 22 133.96
49 23 140.72
49 24 93.19
49 25 23.26
49 26 72.42
49 27 16.49
49 28 28.79
49 29 116.76
49 30 138.54
49 31 78.03
49 32 119.89
49 33 88.65
49 34 136.17
49 35 102.18
49 36 27.51
49 37 105.65
49 38 127.09
49 39 105.55
49 40 136.31
49 41 48.17
49 42 120.02
49 43 112.92
49 44 31.26
49 45 98.23
49 46 90.8
49 47 137.0
49 48 101.0
49 50 44.42
49 51 67.68
49 52 108.45
49 53 115.85
49 54 97.62
49 55 44.82
49 56 73.06
49 57 123.69
49 58 146.86
49 59 104.71
49 60 101.98
49 61 10.3
49 62 137.74
49 63 42.38
49 64 21.54
49 65 116.47
49 66 39.41
49 67 48.26
49 68 28.28
49 69 70.21
49 70 87.85
49 71 102.0
49 72 69.35
49 73 101.53
49 74 118.83
49 75 38.29
49 76 127.25
49 77 151.32
49 78 103.16
49 79 41.19
49 80 30.81
49 81 77.88
49 82 134.81
49 83 110.0
49 84 129.25
49 85 113.85
49 86 20.22
49 87 84.97
49 88 121.85
49 89 106.23
49 90 122.04
49 91 48.08
49 92 98.05
49 93 52.15
49 94 131.37
49 95 151.86
49 96 118.98
49 97 96.21
49 98 152.05
49 99 120.93
49 100 144.78
49 101 90.25
49 102 167.2
49 103 79.25
49 104 142.0
49 105 91.92
49 106 104.31
49 107 63.53
49 108 97.19
49 109 34.93
49 110 107.3
49 111 105.69
49 112 113.89
49 113 79.01
49 114 125.87
49 115 134.5
49 116 25.0
49 117 9.06
49 118 125.24
49 119 80.45
49 120 56.08
49 121 111.68
49 122 119.07
49 123 82.46
49 124 83.19
49 125 101.87
49 126 71.47
49 127 153.72
49 128 144.1
49 129 100.3
49 130 21.02
49 131 29.0
49 132 70.72
49 133 19.0
49 134 74.33
49 135 59.41
49 136 155.43
49 137 30.87
49 138 115.97
49 139 99.04
49 140 92.09
49 141 101.97
49 142 148.14
49 143 69.03
49 144 109.04
49 145 105.0
49 146 98.51
49 147 60.08
49 148 80.22
49 149 77.9
49 150 34.99
49 151 99.32
49 152 123.0
49 153 85.02
49 154 82.08
49 155 64.07
49 156 63.6
49 157 62.43
49 158 43.1
49 159 145.06
49 160 10.44
49 161 105.04
49 162 124.62
49 163 156.06
49 164 95.19
49 165 74.43
49 166 84.53
49 167 78.52
49 168 94.15
49 169 95.26
49 170 120.51
49 171 127.01
49 172 48.09
49 173 140.8
49 174 109.66
49 175 75.82
49 176 64.5
49 177 162.61
49 178 140.76
49 179 102.12
49 180 12.53
49 181 96.51
49 182 34.41
49 183 126.32
49 184 79.06
49 185 88.0
49 186 102.96
49 187 108.26
49 188 79.71
49 189 172.73
49 190 84.1
49 191 119.87
49 192 112.79
49 193 95.19
49 194 139.09
49 195 12.17
49 196 100.85
49 197 61.85
49 198 134.54
49 199 48.04
49 200 132.83
49 201 81.02
50 0 75.39
50 1 48.1
50 2 101.83
50 3 28.28
50 4 92.14
50 5 31.24
50 6 160.0
50 7 54.04
50 8 84.17
50 9 80.41
50 10 122.64
50 11 21.1
50 12 134.71
50 13 121.21
50 14 39.29
50 15 99.18
50 16 91.35
50 17 103.46
50 18 37.95
50 19 133.3
50 20 130.83
50 21 36.06
50 22 133.7
50 23 136.85
50 24 84.12
50 25 37.12
50 26 31.02
50 27 57.31
50 28 57.31
50 29 123.0
50 30 117.8
50 31 47.17
50 32 107.2
50 33 111.99
50 34 116.18
50 35 82.02
50 36 34.18
50 37 107.56
50 38 114.02
50 39 101.64
50 40 107.33
50 41 59.3
50 42 85.73
50 43 127.14
50 44 27.89
50 45 90.35
50 46 97.32
50 47 139.46
50 48 67.42
50 49 44.42
50 51 26.02
50 52 97.64
50 53 85.43
50 54 108.46
50 55 51.09
50 56 86.01
50 57 116.47
50 58 146.54
50 59 90.8
50 60 86.05
50 61 40.31
50 62 120.21
50 63 37.05
50 64 52.43
50 65 125.6
50 66 6.0
50 67 50.04
50 68 28.79
50 69 47.51
50 70 104.08
50 71 130.65
50 72 86.47
50 73 87.2
50 74 115.45
50 75 53.6
50 76 94.24
50 77 147.18
50 78 63.03
50 79 27.17
50 80 52.0
50 81 64.14
50 82 137.24
50 83 102.08
50 84 117.2
50 85 128.14
50 86 35.13
50 87 71.87
50 88 102.55
50 89 113.77
50 90 110.44
50 91 57.14
50 92 63.25
50 93 85.96
50 94 139.06
50 95 143.96
50 96 125.17
50 97 90.38
50 98 133.73
50 99 101.83
50 100 132.44
50 101 72.47
50 102 156.03
50 103 54.49
50 104 129.63
50 105 81.12
50 106 112.45
50 107 79.4
50 108 93.23
50 109 64.41
50 110 110.16
50 111 85.56
50 112 92.76
50 113 47.51
50 114 122.58
50 115 95.05
50 116 33.11
50 117 37.64
50 118 109.04
50 119 74.46
50 120 26.91
50 121 88.24
50 122 83.2
50 123 42.11
50 124 57.49
50 125 111.02
50 126 30.02
50 127 152.12
50 128 122.44
50 129 117.04
50 130 23.6
50 131 18.11
50 132 65.46
50 133 56.64
50 134 50.93
50 135 87.66
50 136 144.01
50 137 37.36
50 138 104.04
50 139 59.08
50 140 84.08
50 141 114.28
50 142 128.32
50 143 37.44
50 144 133.0
50 145 84.17
50 146 68.48
50 147 82.23
50 148 45.31
50 149 67.98
50 150 41.77
50 151 113.07
50 152 105.38
50 153 113.84
50 154 66.03
50 155 60.88
50 156 23.54
50 157 74.03
50 158 20.62
50 159 132.28
50 160 34.41
50 161 71.87
50 162 85.05
50 163 140.8
50 164 104.69
50 165 47.51
50 166 108.26
50 167 105.08
50 168 54.08
50 169 64.41
50 170 81.1
50 171 88.28
50 172 22.36
50 173 130.67
50 174 109.44
50 175 80.89
50 176 30.02
50 177 153.94
50 178 136.0
50 179 129.28
50 180 46.69
50 181 69.63
50 182 54.08
50 183 106.83
50 184 98.86
50 185 55.04
50 186 127.28
50 187 68.01
50 188 96.19
50 189 163.22
50 190 114.95
50 191 136.01
50 192 84.72
50 193 119.24
50 194 120.93
50 195 53.15
50 196 88.75
50 197 50.7
50 198 128.89
50 199 79.61
50 200 103.32
50 201 75.39
51 0 69.03
51 1 33.24
51 2 77.08
51 3 49.77
51 4 93.39
51 5 51.43
51 6 145.01
51 7 59.94
51 8 58.82
51 9 78.77
51 10 108.75
51 11 45.12
51 12 128.0
51 13 106.44
51 14 40.31
51 15 103.09
51 16 65.38
51 17 79.16
51 18 37.7
51 19 122.41
51 20 113.46
51 21 10.05
51 22 125.32
51 23 126.24
51 24 74.33
51 25 53.6
51 26 5.0
51 27 77.9
51 28 72.92
51 29 119.0
51 30 98.6
51 31 27.78
51 32 93.11
51 33 118.7
51 34 97.45
51 35 65.37
51 36 49.04
51 37 102.12
51 38 99.28
51 39 93.21
51 40 84.31
51 41 66.24
51 42 60.93
51 43 127.58
51 44 42.01
51 45 80.6
51 46 95.52
51 47 132.37
51 48 43.57
51 49 67.68
51 50 26.02
51 52 85.38
51 53 62.43
51 54 108.19
51 55 57.8
51 56 89.19
51 57 105.0
51 58 137.54
51 59 77.25
51 60 71.69
51 61 61.27
51 62 102.65
51 63 43.27
51 64 70.0
51 65 123.15
51 66 32.02
51 67 54.56
51 68 44.41
51 69 35.36
51 70 107.28
51 71 139.54
51 72 91.92
51 73 73.74
51 74 106.3
51 75 64.2
51 76 69.78
51 77 135.98
51 78 37.01
51 79 34.71
51 80 65.76
51 81 54.45
51 82 130.25
51 83 91.21
51 84 102.88
51 85 128.57
51 86 61.03
51 87 61.19
51 88 84.88
51 89 111.16
51 90 96.77
51 91 63.53
51 92 38.95
51 93 100.5
51 94 135.03
51 95 130.78
51 96 121.02
51 97 81.88
51 98 115.26
51 99 84.31
51 100 117.24
51 101 58.52
51 102 140.66
51 103 38.63
51 104 114.53
51 105 70.61
51 106 110.29
51 107 85.09
51 108 85.59
51 109 79.2
51 110 105.08
51 111 68.6
51 112 74.63
51 113 27.46
51 114 113.03
51 115 69.03
51 116 49.41
51 117 59.62
51 118 92.78
51 119 68.03
51 120 20.62
51 121 69.03
51 122 57.87
51 123 16.12
51 124 40.25
51 125 109.55
51 126 4.0
51 127 142.17
51 128 102.59
51 129 119.57
51 130 46.84
51 131 44.01
51 132 61.2
51 133 76.01
51 134 37.11
51 135 99.05
51 136 128.89
51 137 50.21
51 138 90.62
51 139 33.06
51 140 74.97
51 141 114.42
51 142 109.22
51 143 20.62
51 144 138.93
51 145 66.89
51 146 46.69
51 147 90.92
51 148 22.63
51 149 60.13
51 150 52.5
51 151 114.14
51 152 88.51
51 153 123.66
51 154 54.34
51 155 59.03
51 156 5.0
51 157 78.19
51 158 28.32
51 159 116.85
51 160 57.25
51 161 48.02
51 162 59.03
51 163 123.71
51 164 103.95
51 165 31.62
51 166 115.45
51 167 114.13
51 168 28.07
51 169 42.45
51 170 55.08
51 171 62.29
51 172 24.84
51 173 116.78
51 174 102.59
51 175 80.23
51 176 14.0
51 177 139.99
51 178 124.92
51 179 137.32
51 180 66.73
51 181 49.82
51 182 66.6
51 183 88.81
51 184 104.55
51 185 32.56
51 186 133.7
51 187 42.0
51 188 100.24
51 189 148.53
51 190 125.94
51 191 137.12
51 192 63.03
51 193 125.92
51 194 103.0
51 195 74.24
51 196 76.54
51 197 46.53
51 198 117.64
51 199 93.51
51 200 80.16
51 201 69.03
52 0 27.73
52 1 52.2
52 2 67.36
52 3 95.78
52 4 49.03
52 5 93.24
52 6 62.97
52 7 61.72
52 8 69.35
52 9 38.12
52 10 25.46
52 11 100.41
52 12 47.3
52 13 25.24
52 14 61.52
52 15 61.4
52 16 83.19
52 17 63.66
52 18 61.62
52 19 37.11
52 20 39.85
52 21 81.79
52 22 42.11
52 23 41.0
52 24 15.26
52 25 85.45
52 26 83.93
52 27 104.28
52 28 87.09
52 29 46.04
52 30 37.48
52 31 58.46
52 32 11.7
52 33 79.12
52 34 34.37
52 35 24.52
52 36 82.01
52 37 30.41
52 38 18.79
52 39 16.28
52 40 54.82
52 41 63.32
52 42 63.95
52 43 65.07
52 44 81.39
52 45 11.18
52 46 39.56
52 47 50.64
52 48 58.86
52 49 108.45
52 50 97.64
52 51 85.38
52 53 51.0
52 54 50.25
52 55 64.01
52 56 54.15
52 57 19.65
52 58 53.15
52 59 9.06
52 60 15.03
52 61 98.18
52 62 32.14
52 63 68.01
52 64 91.71
52 65 53.41
52 66 101.02
52 67 60.21
52 68 83.63
52 69 50.99
52 70 61.1
52 71 100.65
52 72 62.13
52 73 12.04
52 74 23.54
52 75 72.5
52 76 62.43
52 77 50.6
52 78 80.62
52 79 74.33
52 80 80.53
52 81 33.6
52 82 48.84
52 83 7.62
52 84 20.81
52 85 65.76
52 86 118.26
52 87 25.81
52 88 23.71
52 89 44.6
52 90 13.6
52 91 62.24
52 92 62.39
52 93 95.26
52 94 59.09
52 95 46.32
52 96 47.17
52 97 15.0
52 98 45.89
52 99 22.83
52 100 36.4
52 101 26.93
52 102 59.41
52 103 46.84
52 104 33.6
52 105 16.97
52 106 45.45
52 107 61.07
52 108 17.46
52 109 86.68
52 110 33.24
52 111 23.41
52 112 25.61
52 113 59.23
52 114 29.02
52 115 89.47
52 116 84.81
52 117 100.44
52 118 20.02
52 119 28.18
52 120 71.2
52 121 31.38
52 122 68.94
52 123 79.76
52 124 45.89
52 125 47.2
52 126 84.2
52 127 57.07
52 128 43.42
52 129 66.04
52 130 99.04
52 131 106.96
52 132 37.74
52 133 99.4
52 134 48.47
52 135 84.0
52 136 47.42
52 137 78.01
52 138 7.62
52 139 79.23
52 140 16.55
52 141 55.22
52 142 44.05
52 143 64.85
52 144 90.43
52 145 25.3
52 146 49.5
52 147 72.03
52 148 65.92
52 149 31.14
52 150 73.5
52 151 57.98
52 152 20.88
52 153 92.72
52 154 31.76
52 155 44.42
52 156 82.64
52 157 55.58
52 158 78.41
52 159 36.62
52 160 102.0
52 161 57.72
52 162 85.23
52 163 47.85
52 164 46.53
52 165 53.76
52 166 78.75
52 167 84.17
52 168 79.01
52 169 52.15
52 170 82.87
52 171 82.76
52 172 75.45
52 173 33.3
52 174 26.4
52 175 41.05
52 176 72.24
52 177 56.4
52 178 39.56
52 179 96.15
52 180 97.62
52 181 42.19
52 182 77.47
52 183 26.57
52 184 67.91
52 185 59.08
52 186 88.19
52 187 82.38
52 188 60.64
52 189 65.95
52 190 98.23
52 191 74.28
52 192 43.83
52 193 83.67
52 194 34.06
52 195 104.2
52 196 8.94
52 197 48.8
52 198 32.28
52 199 89.68
52 200 54.49
52 201 27.73
53 0 59.08
53 1 42.19
53 2 20.88
53 3 98.48
53 4 90.6
53 5 97.87
53 6 92.96
53 7 80.81
53 8 18.68
53 9 74.89
53 10 63.29
53 11 98.49
53 12 97.5
53 13 59.08
53 14 67.01
53 15 103.6
53 16 32.2
53 17 20.02
53 18 65.01
53 19 82.38
53 20 58.69
53 21 53.91
53 22 91.09
53 23 86.31
53 24 52.33
53 25 94.09
53 26 58.41
53 27 119.02
53 28 105.8
53 29 96.9
53 30 41.11
53 31 38.9
53 32 50.7
53 33 122.2
53 34 41.23
53 35 28.32
53 36 89.14
53 37 80.45
53 38 53.46
53 39 66.57
53 40 21.95
53 41 85.87
53 42 13.0
53 43 114.63
53 44 84.59
53 45 55.44
53 46 84.86
53 47 100.24
53 48 19.1
53 49 115.85
53 50 85.43
53 51 62.43
53 52 51.0
53 54 97.62
53 55 81.22
53 56 92.11
53 57 66.76
53 58 100.02
53 59 42.72
53 60 37.8
53 61 106.38
53 62 48.66
53 63 75.0
53 64 107.17
53 65 104.01
53 66 90.87
53 67 76.12
53 68 87.57
53 69 46.01
53 70 105.12
53 71 144.81
53 72 98.98
53 73 41.4
53 74 73.93
53 75 91.24
53 76 13.42
53 77 93.34
53 78 37.7
53 79 74.67
53 80 97.62
53 81 47.54
53 82 98.68
53 83 58.59
53 84 57.43
53 85 115.42
53 86 117.05
53 87 45.79
53 88 34.13
53 89 94.2
53 90 54.57
53 91 83.43
53 92 24.04
53 93 124.92
53 94 110.02
53 95 84.01
53 96 98.11
53 97 59.55
53 98 57.94
53 99 34.23
53 100 67.19
53 101 36.36
53 102 88.07
53 103 37.0
53 104 65.07
53 105 48.84
53 106 94.64
53 107 94.81
53 108 63.89
53 109 108.85
53 110 83.49
53 111 28.02
53 112 26.25
53 113 38.28
53 114 78.11
53 115 38.47
53 116 91.27
53 117 106.79
53 118 44.18
53 119 58.52
53 120 61.4
53 121 19.7
53 122 18.44
53 123 48.8
53 124 33.0
53 125 95.78
53 126 59.2
53 127 101.83
53 128 43.38
53 129 113.14
53 130 98.72
53 131 101.24
53 132 61.33
53 133 115.11
53 134 42.0
53 135 117.0
53 136 77.78
53 137 87.01
53 138 50.92
53 139 38.47
53 140 54.45
53 141 103.39
53 142 51.08
53 143 48.7
53 144 137.24
53 145 26.4
53 146 17.46
53 147 105.19
53 148 40.31
53 149 52.77
53 150 85.09
53 151 105.38
53 152 39.2
53 153 133.45
53 154 42.54
53 155 65.79
53 156 62.77
53 157 87.24
53 158 73.98
53 159 66.27
53 160 106.37
53 161 14.87
53 162 34.93
53 163 68.68
53 164 93.35
53 165 41.44
53 166 120.67
53 167 123.82
53 168 41.05
53 169 21.19
53 170 33.24
53 171 31.95
53 172 69.12
53 173 70.03
53 174 77.18
53 175 77.94
53 176 55.54
53 177 90.55
53 178 84.01
53 179 140.87
53 180 109.04
53 181 20.22
53 182 96.03
53 183 36.01
53 184 108.72
53 185 30.41
53 186 133.96
53 187 37.11
53 188 101.83
53 189 96.88
53 190 138.06
53 191 124.2
53 192 7.21
53 193 128.06
53 194 48.05
53 195 117.02
53 196 46.4
53 197 58.86
53 198 77.47
53 199 118.0
53 200 17.89
53 201 59.08
54 0 42.05
54 1 79.06
54 2 116.18
54 3 92.97
54 4 16.76
54 5 89.2
54 6 88.29
54 7 55.32
54 8 114.48
54 9 29.43
54 10 61.52
54 11 100.96
54 12 37.74
54 13 65.12
54 14 70.0
54 15 18.36
54 16 128.69
54 17 112.93
54 18 72.03
54 19 52.95
54 20 82.2
54 21 109.14
54 22 43.08
54 23 53.85
54 24 45.34
54 25 79.71
54 26 109.04
54 27 86.4
54 28 69.34
54 29 20.81
54 30 86.16
54 31 88.26
54 32 58.31
54 33 31.06
54 34 83.01
54 35 69.31
54 36 79.12
54 37 21.59
54 38 62.64
54 39 34.44
54 40 104.86
54 41 51.55
54 42 109.88
54 43 19.42
54 44 82.76
54 45 42.52
54 46 13.42
54 47 42.44
54 48 99.32
54 49 97.62
54 50 108.46
54 51 108.19
54 52 50.25
54 53 97.62
54 55 58.46
54 56 24.6
54 57 48.51
54 58 54.2
54 59 56.22
54 60 60.14
54 61 89.0
54 62 78.45
54 63 71.45
54 64 76.32
54 65 18.87
54 66 109.18
54 67 58.55
54 68 83.43
54 69 75.0
54 70 14.56
54 71 50.92
54 72 29.07
54 73 56.64
54 74 38.12
54 75 60.54
54 76 110.32
54 77 62.97
54 78 118.51
54 79 81.3
54 80 67.08
54 81 57.78
54 82 40.5
54 83 44.28
54 84 61.61
54 85 20.4
54 86 114.24
54 87 54.71
54 88 73.93
54 89 10.77
54 90 56.92
54 91 52.89
54 92 101.21
54 93 61.59
54 94 33.84
54 95 69.23
54 96 22.8
54 97 38.21
54 98 89.63
54 99 73.06
54 100 72.11
54 101 63.25
54 102 87.3
54 103 77.08
54 104 70.26
54 105 49.04
54 106 8.54
54 107 34.13
54 108 34.06
54 109 64.82
54 110 20.1
54 111 70.04
54 112 74.81
54 113 89.54
54 114 42.11
54 115 135.09
54 116 81.61
54 117 92.61
54 118 68.54
54 119 42.95
54 120 88.36
54 121 79.31
54 122 113.85
54 123 109.77
54 124 78.72
54 125 5.39
54 126 108.85
54 127 61.77
54 128 91.76
54 129 15.81
54 130 98.37
54 131 109.64
54 132 47.3
54 133 81.61
54 134 75.27
54 135 48.55
54 136 78.23
54 137 74.73
54 138 55.04
54 139 115.87
54 140 43.28
54 141 6.32
54 142 90.25
54 143 89.5
54 144 40.22
54 145 71.42
54 146 90.14
54 147 40.31
54 148 96.46
54 149 51.08
54 150 69.38
54 151 7.81
54 152 70.66
54 153 46.0
54 154 60.83
54 155 49.25
54 156 103.82
54 157 36.06
54 158 88.14
54 159 73.17
54 160 95.85
54 161 99.86
54 162 129.03
54 163 86.15
54 164 4.47
54 165 81.27
54 166 32.06
54 167 39.62
54 168 113.85
54 169 91.07
54 170 125.92
54 171 127.61
54 172 88.0
54 173 65.01
54 174 27.46
54 175 28.07
54 176 94.37
54 177 79.31
54 178 55.32
54 179 46.24
54 180 85.09
54 181 82.66
54 182 63.51
54 183 76.48
54 184 25.08
54 185 93.94
54 186 38.01
54 187 121.71
54 188 20.0
54 189 89.29
54 190 52.01
54 191 29.12
54 192 90.52
54 193 34.21
54 194 80.65
54 195 88.48
54 196 51.74
54 197 61.66
54 198 52.24
54 199 59.03
54 200 104.2
54 201 42.05
55 0 36.36
55 1 42.05
55 2 101.98
55 3 35.36
55 4 41.77
55 5 31.91
55 6 125.42
55 7 3.16
55 8 90.82
55 9 33.29
55 10 88.75
55 11 42.72
55 12 89.19
55 13 89.19
55 14 18.38
55 15 48.09
55 16 103.37
55 17 101.12
55 18 21.21
55 19 93.35
55 20 103.37
55 21 62.63
55 22 90.21
55 23 96.26
55 24 48.76
55 25 22.8
55 26 60.46
55 27 40.8
55 28 25.02
55 29 75.24
55 30 96.3
55 31 50.25
55 32 75.59
55 33 61.68
55 34 93.68
55 35 61.4
55 36 21.02
55 37 62.13
55 38 82.76
55 39 60.83
55 40 99.05
55 41 8.54
55 42 88.89
55 43 76.53
55 44 24.33
55 45 53.54
55 46 48.85
55 47 94.15
55 48 71.31
55 49 44.82
55 50 51.09
55 51 57.8
55 52 64.01
55 53 81.22
55 54 58.46
55 56 35.06
55 57 78.87
55 58 103.23
55 59 61.1
55 60 59.2
55 61 34.71
55 62 94.34
55 63 14.87
55 64 28.16
55 65 76.54
55 66 51.09
55 67 5.1
55 68 25.0
55 69 37.16
55 70 53.01
55 71 81.86
55 72 35.51
55 73 58.19
55 74 74.28
55 75 10.05
55 76 94.15
55 77 106.89
55 78 82.2
55 79 24.74
55 80 17.26
55 81 36.22
55 82 91.92
55 83 65.22
55 84 84.72
55 85 77.52
55 86 57.69
55 87 42.2
55 88 79.56
55 89 65.19
55 90 77.52
55 91 6.08
55 92 70.21
55 93 45.79
55 94 90.82
55 95 107.06
55 96 77.47
55 97 51.4
55 98 108.63
55 99 78.59
55 100 100.17
55 101 49.25
55 102 122.41
55 103 45.22
55 104 97.42
55 105 47.93
55 106 63.57
55 107 28.44
55 108 52.4
55 109 27.66
55 110 64.14
55 111 64.63
55 112 72.84
55 113 51.62
55 114 81.39
55 115 109.12
55 116 23.71
55 117 37.48
55 118 81.71
55 119 35.85
55 120 37.44
55 121 72.11
55 122 89.89
55 123 65.8
55 124 49.04
55 125 61.68
55 126 59.91
55 127 109.81
55 128 102.11
55 129 66.0
55 130 40.31
55 131 51.24
55 132 26.4
55 133 36.14
55 134 40.5
55 135 41.77
55 136 110.68
55 137 16.55
55 138 71.59
55 139 78.41
55 140 47.51
55 141 63.95
55 142 105.3
55 143 45.34
55 144 82.46
55 145 64.38
55 146 65.52
55 147 33.12
55 148 56.4
55 149 34.48
55 150 11.18
55 151 62.39
55 152 80.01
55 153 65.86
55 154 41.11
55 155 19.7
55 156 52.84
55 157 23.02
55 158 32.02
55 159 100.5
55 160 39.82
55 161 74.33
55 162 100.24
55 163 111.83
55 164 55.08
55 165 43.83
55 166 58.19
55 167 56.36
55 168 74.52
55 169 63.57
55 170 96.25
55 171 101.08
55 172 33.62
55 173 96.02
55 174 65.6
55 175 32.65
55 176 46.23
55 177 117.8
55 178 96.18
55 179 79.85
55 180 33.62
55 181 61.0
55 182 15.0
55 183 83.93
55 184 48.05
55 185 59.94
55 186 76.92
55 187 86.84
55 188 45.1
55 189 127.91
55 190 68.24
55 191 85.15
55 192 76.42
55 193 68.96
55 194 95.86
55 195 40.31
55 196 56.86
55 197 22.36
55 198 89.83
55 199 38.59
55 200 96.19
55 201 36.36
56 0 33.12
56 1 64.07
56 2 112.38
56 3 68.68
56 4 8.49
56 5 64.85
56 6 105.7
56 7 32.02
56 8 106.67
56 9 17.46
56 10 73.35
56 11 76.9
56 12 60.11
56 13 75.66
56 14 49.24
56 15 13.93
56 16 120.62
56 17 110.02
56 18 51.66
56 19 70.66
56 20 92.35
56 21 91.79
56 22 63.6
56 23 72.56
56 24 42.72
56 25 55.36
56 26 90.82
56 27 62.37
56 28 45.0
56 29 44.05
56 30 91.55
56 31 73.5
56 32 65.0
56 33 31.24
56 34 88.46
56 35 65.31
56 36 55.11
56 37 36.24
56 38 71.11
56 39 42.58
56 40 104.18
56 41 27.46
56 42 103.0
56 43 41.59
56 44 59.3
56 45 43.42
56 46 19.72
56 47 65.05
56 48 89.11
56 49 73.06
56 50 86.01
56 51 89.19
56 52 54.15
56 53 92.11
56 54 24.6
56 55 35.06
56 57 60.88
56 58 75.93
56 59 56.52
56 60 58.19
56 61 64.4
56 62 86.01
56 63 49.09
56 64 51.87
56 65 43.42
56 66 86.15
56 67 36.12
56 68 59.68
56 69 59.36
56 70 18.25
56 71 53.76
56 72 8.0
56 73 55.36
56 74 52.55
56 75 36.06
56 76 105.48
56 77 82.68
56 78 105.6
56 79 59.14
56 80 42.49
56 81 46.01
56 82 62.94
56 83 51.09
56 84 71.45
56 85 42.58
56 86 89.69
56 87 46.32
56 88 76.49
56 89 33.42
56 90 65.12
56 91 29.15
56 92 89.87
56 93 42.45
56 94 58.31
56 95 86.41
56 96 46.23
56 97 39.2
56 98 99.13
56 99 75.5
56 100 84.93
56 101 55.76
56 102 103.82
56 103 63.89
56 104 82.57
56 105 44.94
56 106 31.4
56 107 9.9
56 108 37.0
56 109 41.01
56 110 36.89
56 111 67.23
56 112 74.0
56 113 74.89
56 114 58.6
56 115 126.91
56 116 57.49
56 117 68.03
56 118 74.17
56 119 33.62
56 120 68.68
56 121 76.56
56 122 105.89
56 123 93.48
56 124 66.53
56 125 28.84
56 126 90.48
56 127 83.24
56 128 97.51
56 129 31.06
56 130 74.22
56 131 85.7
56 132 32.56
56 133 57.49
56 134 60.8
56 135 30.27
56 136 93.3
56 137 50.8
56 138 61.01
56 139 102.42
56 140 40.52
56 141 29.41
56 142 98.02
56 143 72.45
56 144 50.09
56 145 68.03
56 146 80.81
56 147 18.97
56 148 81.3
56 149 39.82
56 150 45.54
56 151 27.46
56 152 74.67
56 153 41.34
56 154 50.45
56 155 31.38
56 156 84.48
56 157 12.04
56 158 66.27
56 159 85.7
56 160 71.31
56 161 90.69
56 162 119.52
56 163 98.48
56 164 22.2
56 165 66.29
56 166 29.0
56 167 31.76
56 168 99.57
56 169 80.62
56 170 115.97
56 171 119.0
56 172 66.91
56 173 78.85
56 174 41.63
56 175 14.32
56 176 75.96
56 177 97.08
56 178 73.36
56 179 50.45
56 180 60.54
56 181 74.03
56 182 38.91
56 183 80.06
56 184 16.97
56 185 81.06
56 186 45.28
56 187 109.48
56 188 11.18
56 189 107.35
56 190 46.07
56 191 50.09
56 192 85.59
56 193 38.01
56 194 88.02
56 195 64.2
56 196 51.42
56 197 43.83
56 198 68.54
56 199 38.08
56 200 102.55
56 201 33.12
57 0 43.14
57 1 71.78
57 2 80.13
57 3 112.45
57 4 53.76
57 5 109.6
57 6 46.62
57 7 76.22
57 8 85.44
57 9 48.3
57 10 13.04
57 11 117.8
57 12 31.38
57 13 16.76
57 14 79.2
57 15 64.03
57 16 98.68
57 17 75.8
57 18 79.63
57 19 17.46
57 20 33.73
57 21 101.41
57 22 24.35
57 23 21.38
57 24 32.45
57 25 101.24
57 26 103.58
57 27 117.66
57 28 99.98
57 29 36.36
57 30 40.61
57 31 78.1
57 32 16.16
57 33 79.51
57 34 37.64
57 35 43.0
57 36 98.29
57 37 27.07
57 38 16.28
57 39 18.79
57 40 65.22
57 41 76.55
57 42 79.7
57 43 58.14
57 44 98.49
57 45 26.4
57 46 42.3
57 47 33.62
57 48 77.16
57 49 123.69
57 50 116.47
57 51 105.0
57 52 19.65
57 53 66.76
57 54 48.51
57 55 78.87
57 56 60.88
57 58 34.01
57 59 28.28
57 60 34.23
57 61 113.57
57 62 31.38
57 63 85.04
57 64 105.39
57 65 44.42
57 66 119.57
57 67 75.74
57 68 100.5
57 69 70.38
57 70 62.07
57 71 98.95
57 72 68.66
57 73 31.58
57 74 10.77
57 75 86.27
57 76 76.56
57 77 31.02
57 78 99.13
57 79 92.2
57 80 94.3
57 81 52.35
57 82 32.2
57 83 14.42
57 84 13.89
57 85 58.59
57 86 135.1
57 87 44.72
57 88 34.0
57 89 39.56
57 90 12.53
57 91 76.03
57 92 81.02
57 93 103.32
57 94 45.45
57 95 28.28
57 96 36.62
57 97 27.59
57 98 41.23
57 99 33.54
57 100 24.19
57 101 46.57
57 102 43.91
57 103 66.48
57 104 22.02
57 105 35.36
57 106 41.23
57 107 69.57
57 108 26.63
57 109 98.39
57 110 28.44
57 111 41.11
57 112 40.52
57 113 78.85
57 114 11.66
57 115 104.75
57 116 101.12
57 117 116.18
57 118 25.0
57 119 43.86
57 120 90.34
57 121 47.3
57 122 85.16
57 123 99.3
57 124 65.51
57 125 43.93
57 126 103.85
57 127 37.48
57 128 45.49
57 129 63.06
57 130 116.18
57 131 124.81
57 132 53.76
57 133 112.68
57 134 68.01
57 135 91.01
57 136 32.7
57 137 94.07
57 138 16.12
57 139 98.01
57 140 32.8
57 141 51.66
57 142 42.54
57 143 84.43
57 144 86.38
57 145 43.1
57 146 68.03
57 147 79.81
57 148 85.51
57 149 48.83
57 150 89.2
57 151 55.32
57 152 29.15
57 153 94.26
57 154 51.08
57 155 60.11
57 156 102.18
57 157 65.8
57 158 96.8
57 159 25.08
57 160 118.14
57 161 75.54
57 162 101.65
57 163 38.05
57 164 46.1
57 165 73.38
57 166 80.16
57 167 87.0
57 168 98.08
57 169 71.01
57 170 99.69
57 171 98.67
57 172 94.15
57 173 18.03
57 174 21.1
57 175 50.57
57 176 91.76
57 177 38.95
57 178 19.92
57 179 94.11
57 180 112.2
57 181 61.01
57 182 90.97
57 183 34.41
57 184 71.06
57 185 78.41
57 186 85.44
57 187 100.5
57 188 64.2
57 189 49.04
57 190 100.18
57 191 66.04
57 192 59.91
57 193 82.57
57 194 33.62
57 195 118.15
57 196 28.46
57 197 66.61
57 198 12.65
57 199 98.67
57 200 66.04
57 201 43.14
58 0 71.18
58 1 104.35
58 2 111.43
58 3 138.4
58 4 67.48
58 5 135.09
58 6 39.62
58 7 100.21
58 8 118.66
58 9 70.0
58 10 37.7
58 11 144.92
58 12 16.55
58 13 42.54
58 14 107.79
58 15 72.56
58 16 131.47
58 17 106.78
58 18 108.75
58 19 17.72
58 20 53.26
58 21 134.65
58 22 13.04
58 23 13.93
58 24 63.32
58 25 126.02
58 26 136.5
58 27 137.9
58 28 120.21
58 29 33.54
58 30 67.6
58 31 111.31
58 32 49.5
58 33 81.91
58 34 65.3
58 35 77.01
58 36 123.98
58 37 41.23
58 38 46.84
58 39 44.94
58 40 95.34
58 41 98.72
58 42 112.81
58 43 51.62
58 44 125.54
58 45 57.01
58 46 56.59
58 47 12.37
58 48 111.16
58 49 146.86
58 50 146.54
58 51 137.54
58 52 53.15
58 53 100.02
58 54 54.2
58 55 103.23
58 56 75.93
58 57 34.01
58 59 62.07
58 60 68.07
58 61 137.28
58 62 57.31
58 63 112.38
58 64 126.62
58 65 38.6
58 66 148.98
58 67 101.24
58 68 127.09
58 69 102.36
58 70 68.43
58 71 95.52
58 72 82.2
58 73 65.19
58 74 31.32
58 75 108.58
58 76 108.81
58 77 13.0
58 78 133.14
58 79 120.75
58 80 116.18
58 81 83.52
58 82 13.93
58 83 46.53
58 84 43.01
58 85 51.48
58 86 160.9
58 87 76.4
58 88 66.22
58 89 43.57
58 90 45.54
58 91 99.02
58 92 115.04
58 93 115.76
58 94 28.02
58 95 25.24
58 96 31.78
58 97 56.3
58 98 60.14
58 99 65.97
58 100 39.82
58 101 79.76
58 102 40.8
58 103 99.46
58 104 40.22
58 105 66.94
58 106 45.79
58 107 85.8
58 108 53.31
58 109 116.85
58 110 39.62
58 111 75.11
58 112 73.98
58 113 112.15
58 114 24.52
58 115 137.36
58 116 126.75
58 117 140.42
58 118 56.32
58 119 72.09
58 120 121.43
58 121 80.89
58 122 118.46
58 123 132.85
58 124 98.86
58 125 48.88
58 126 136.69
58 127 7.62
58 128 70.72
58 129 62.64
58 130 142.89
58 131 152.69
58 132 81.39
58 133 132.94
58 134 100.44
58 135 102.73
58 136 37.44
58 137 119.54
58 138 50.09
58 139 132.02
58 140 62.94
58 141 53.31
58 142 64.82
58 143 116.93
58 144 80.1
58 145 77.1
58 146 102.04
58 147 93.81
58 148 118.95
58 149 78.77
58 150 114.28
58 151 57.38
58 152 61.13
58 153 96.84
58 154 83.2
58 155 86.83
58 156 134.37
58 157 84.86
58 158 126.21
58 159 41.23
58 160 143.0
58 161 109.46
58 162 134.94
58 163 50.45
58 164 54.64
58 165 106.1
58 166 84.15
58 167 92.48
58 168 132.03
58 169 105.0
58 170 133.18
58 171 131.7
58 172 124.23
58 173 33.29
58 174 37.74
58 175 71.06
58 176 123.94
58 177 31.05
58 178 16.55
58 179 90.55
58 180 134.62
58 181 95.0
58 182 112.61
58 183 65.46
58 184 79.18
58 185 112.22
58 186 81.61
58 187 134.45
58 188 74.09
58 189 39.12
58 190 102.88
58 191 55.01
58 192 93.38
58 193 82.0
58 194 59.17
58 195 139.32
58 196 61.52
58 197 95.85
58 198 22.56
58 199 112.89
58 200 96.93
58 201 71.18
59 0 26.17
59 1 44.28
59 2 60.11
59 3 91.02
59 4 52.55
59 5 88.75
59 6 69.2
59 7 59.14
59 8 60.83
59 9 39.46
59 10 31.91
59 11 95.02
59 12 56.29
59 13 30.48
59 14 56.22
59 15 65.39
59 16 74.79
59 17 56.73
59 18 55.97
59 19 45.71
59 20 42.54
59 21 73.25
59 22 51.16
59 23 49.65
59 24 14.04
59 25 81.49
59 26 75.58
59 27 101.84
59 28 85.16
59 29 54.2
59 30 36.12
59 31 50.0
59 32 16.4
59 33 83.63
59 34 33.24
59 35 15.52
59 36 77.7
59 37 37.8
59 38 23.35
59 39 23.85
59 40 48.88
59 41 61.61
59 42 55.57
59 43 72.25
59 44 76.4
59 45 13.89
59 46 44.42
59 47 59.68
59 48 49.82
59 49 104.71
59 50 90.8
59 51 77.25
59 52 9.06
59 53 42.72
59 54 56.22
59 55 61.1
59 56 56.52
59 57 28.28
59 58 62.07
59 60 6.0
59 61 94.41
59 62 33.24
59 63 63.25
59 64 89.2
59 65 61.29
59 66 94.49
59 67 56.86
59 68 78.82
59 69 43.57
59 70 65.76
59 71 105.68
59 72 64.33
59 73 3.61
59 74 32.56
59 75 70.21
59 76 54.67
59 77 58.94
59 78 71.57
59 79 68.68
59 80 78.11
59 81 27.66
59 82 57.87
59 83 16.49
59 84 26.4
59 85 73.0
59 86 113.23
59 87 20.0
59 88 20.1
59 89 51.74
59 90 19.72
59 91 60.17
59 92 53.34
59 93 96.02
59 94 67.78
59 95 53.67
59 96 55.47
59 97 18.36
59 98 47.54
59 99 19.1
59 100 41.77
59 101 18.79
59 102 65.3
59 103 38.63
59 104 38.95
59 105 13.34
59 106 52.35
59 107 62.29
59 108 22.2
59 109 85.51
59 110 40.8
59 111 14.76
59 112 18.6
59 113 50.7
59 114 38.05
59 115 81.12
59 116 80.45
59 117 96.38
59 118 20.62
59 119 26.31
59 120 64.07
59 121 23.43
59 122 60.37
59 123 71.02
59 124 37.36
59 125 53.76
59 126 75.89
59 127 65.76
59 128 42.11
59 129 72.01
59 130 93.86
59 131 101.12
59 132 34.79
59 133 97.08
59 134 40.71
59 135 85.48
59 136 53.26
59 137 73.93
59 138 13.42
59 139 70.18
59 140 16.12
59 141 61.62
59 142 44.38
59 143 56.86
59 144 96.4
59 145 16.55
59 146 40.45
59 147 73.33
59 148 57.27
59 149 26.83
59 150 69.77
59 151 64.03
59 152 19.24
59 153 96.57
59 154 24.84
59 155 41.44
59 156 74.73
59 157 56.01
59 158 72.18
59 159 41.73
59 160 97.64
59 161 48.76
59 162 76.56
59 163 51.61
59 164 52.2
59 165 45.69
59 166 82.86
59 167 87.6
59 168 70.0
59 169 43.1
59 170 74.09
59 171 74.24
59 172 68.88
59 173 39.96
59 174 34.48
59 175 42.58
59 176 64.4
59 177 63.29
59 178 48.05
59 179 101.36
59 180 94.43
59 181 33.14
59 182 75.29
59 183 24.0
59 184 71.51
59 185 50.16
59 186 93.74
59 187 73.35
59 188 64.26
59 189 72.42
59 190 101.84
59 191 81.69
59 192 35.51
59 193 88.68
59 194 34.79
59 195 101.39
59 196 5.1
59 197 43.6
59 198 40.79
59 199 90.02
59 200 48.01
59 201 26.17
60 0 26.17
60 1 38.95
60 2 56.08
60 3 87.66
60 4 55.01
60 5 85.59
60 6 74.06
60 7 57.49
60 8 55.57
60 9 40.8
60 10 37.12
60 11 91.21
60 12 62.17
60 13 35.23
60 14 52.7
60 15 68.0
60 16 69.64
60 17 53.01
60 18 52.2
60 19 51.62
60 20 45.8
60 21 67.45
60 22 57.14
60 23 55.58
60 24 15.65
60 25 78.72
60 26 69.89
60 27 100.0
60 28 83.74
60 29 59.48
60 30 37.11
60 31 44.27
60 32 21.47
60 33 86.45
60 34 34.48
60 35 9.85
60 36 74.71
60 37 42.72
60 38 28.02
60 39 29.07
60 40 46.1
60 41 60.53
60 42 50.48
60 43 76.84
60 44 72.95
60 45 17.69
60 46 47.8
60 47 65.62
60 48 43.93
60 49 101.98
60 50 86.05
60 51 71.69
60 52 15.03
60 53 37.8
60 54 60.14
60 55 59.2
60 56 58.19
60 57 34.23
60 58 68.07
60 59 6.0
60 61 91.71
60 62 35.85
60 63 60.03
60 64 87.36
60 65 66.37
60 66 89.94
60 67 54.71
60 68 75.47
60 69 38.6
60 70 68.8
60 71 108.76
60 72 65.8
60 73 3.61
60 74 38.47
60 75 68.66
60 76 50.21
60 77 64.76
60 78 65.62
60 79 64.82
60 80 76.4
60 81 24.19
60 82 63.79
60 83 22.36
60 84 31.38
60 85 77.62
60 86 109.62
60 87 17.09
60 88 20.4
60 89 56.4
60 90 25.08
60 91 58.86
60 92 47.38
60 93 96.33
60 94 73.39
60 95 59.09
60 96 60.84
60 97 21.93
60 98 50.12
60 99 19.42
60 100 46.4
60 101 13.6
60 102 70.0
60 103 33.11
60 104 43.6
60 105 13.34
60 106 56.85
60 107 63.15
60 108 26.17
60 109 84.59
60 110 45.79
60 111 9.9
60 112 15.81
60 113 44.92
60 114 44.05
60 115 76.01
60 116 77.41
60 117 93.48
60 118 23.6
60 119 26.08
60 120 59.2
60 121 19.21
60 122 55.07
60 123 65.12
60 124 31.62
60 125 58.05
60 126 70.23
60 127 71.7
60 128 42.95
60 129 75.82
60 130 90.21
60 131 97.0
60 132 33.38
60 133 95.34
60 134 35.51
60 135 86.31
60 136 58.01
60 137 71.11
60 138 18.97
60 139 64.2
60 140 17.89
60 141 65.76
60 142 46.24
60 143 51.43
60 144 100.12
60 145 11.4
60 146 34.53
60 147 74.15
60 148 51.42
60 149 24.74
60 150 67.23
60 151 67.94
60 152 21.02
60 153 98.9
60 154 20.62
60 155 39.81
60 156 69.32
60 157 56.44
60 158 67.9
60 159 46.23
60 160 94.51
60 161 43.01
60 162 71.11
60 163 55.32
60 164 55.97
60 165 40.25
60 166 85.42
60 167 89.69
60 168 64.0
60 169 37.12
60 170 68.54
60 171 68.96
60 172 64.38
60 173 45.18
60 174 39.81
60 175 43.97
60 176 59.06
60 177 68.48
60 178 53.94
60 179 104.56
60 180 92.11
60 181 27.17
60 182 73.76
60 183 24.74
60 184 73.82
60 185 44.18
60 186 97.2
60 187 67.47
60 188 66.64
60 189 77.39
60 190 104.0
60 191 86.4
60 192 30.61
60 193 91.81
60 194 37.12
60 195 99.3
60 196 8.6
60 197 40.31
60 198 46.69
60 199 90.09
60 200 44.78
60 201 26.17
61 0 70.8
61 1 64.2
61 2 126.04
61 3 12.04
61 4 72.47
61 5 9.85
61 6 160.08
61 7 37.48
61 8 111.36
61 9 67.36
61 10 123.22
61 11 20.25
61 12 122.64
61 13 123.42
61 14 40.26
61 15 74.63
61 16 121.66
61 17 126.25
61 18 41.77
61 19 127.99
61 20 136.95
61 21 70.01
61 22 124.33
61 23 130.83
61 24 82.93
61 25 13.0
61 26 65.8
61 27 17.03
61 28 22.02
61 29 107.7
61 30 128.32
61 31 69.07
61 32 109.6
61 33 82.39
61 34 125.92
61 35 92.03
61 36 17.46
61 37 96.05
61 38 116.81
61 39 95.52
61 40 126.59
61 41 38.6
61 42 111.04
61 43 105.0
61 44 22.02
61 45 88.01
61 46 81.54
61 47 127.64
61 48 92.09
61 49 10.3
61 50 40.31
61 51 61.27
61 52 98.18
61 53 106.38
61 54 89.0
61 55 34.71
61 56 64.4
61 57 113.57
61 58 137.28
61 59 94.41
61 60 91.71
61 62 127.46
61 63 32.28
61 64 15.03
61 65 107.78
61 66 36.24
61 67 38.01
61 68 19.03
61 69 60.53
61 70 80.01
61 71 97.42
61 72 61.35
61 73 91.24
61 74 108.89
61 75 28.84
61 76 118.04
61 77 141.45
61 78 95.6
61 79 32.02
61 80 21.93
61 81 67.62
61 82 125.43
61 83 99.81
61 84 118.98
61 85 105.95
61 86 25.71
61 87 74.69
61 88 111.62
61 89 97.25
61 90 111.77
61 91 38.29
61 92 89.36
61 93 48.76
61 94 122.59
61 95 141.77
61 96 109.93
61 97 86.05
61 98 141.77
61 99 110.69
61 100 134.53
61 101 80.06
61 102 157.0
61 103 69.58
61 104 131.75
61 105 81.63
61 106 95.38
61 107 55.15
61 108 87.11
61 109 29.02
61 110 97.8
61 111 95.52
61 112 103.73
61 113 70.11
61 114 115.97
61 115 126.5
61 116 15.13
61 117 4.0
61 118 114.95
61 119 70.21
61 120 47.68
61 121 101.65
61 122 110.37
61 123 75.27
61 124 73.55
61 125 93.06
61 126 64.88
61 127 144.05
61 128 133.9
61 129 92.72
61 130 17.2
61 131 28.23
61 132 60.46
61 133 16.64
61 134 64.63
61 135 54.04
61 136 145.21
61 137 20.62
61 138 105.69
61 139 91.48
61 140 81.84
61 141 93.62
61 142 137.88
61 143 60.41
61 144 103.17
61 145 94.87
61 146 89.14
61 147 52.95
61 148 71.85
61 149 67.6
61 150 24.7
61 151 91.18
61 152 112.73
61 153 80.31
61 154 71.87
61 155 53.82
61 156 56.86
61 157 53.34
61 158 34.93
61 159 134.79
61 160 8.06
61 161 96.02
61 162 116.71
61 163 145.77
61 164 86.35
61 165 65.07
61 166 78.31
61 167 73.0
61 168 86.68
61 169 86.02
61 170 112.59
61 171 118.87
61 172 39.81
61 173 130.6
61 174 99.9
61 175 66.22
61 176 56.52
61 177 152.5
61 178 130.82
61 179 97.08
61 180 6.71
61 181 86.83
61 182 25.5
61 183 116.08
61 184 71.81
61 185 79.16
61 186 97.13
61 187 100.69
61 188 71.78
61 189 162.61
61 190 80.06
61 191 112.36
61 192 103.1
61 193 89.2
61 194 128.81
61 195 13.04
61 196 90.55
61 197 51.62
61 198 124.52
61 199 43.57
61 200 123.18
61 201 70.8
62 0 58.94
62 1 72.14
62 2 55.32
62 3 123.49
62 4 80.31
62 5 121.43
62 6 44.38
62 7 92.36
62 8 66.07
62 9 70.26
62 10 20.52
62 11 126.83
62 12 60.81
62 13 15.56
62 14 88.51
62 15 92.07
62 16 77.23
62 17 50.45
62 18 87.92
62 19 40.22
62 20 10.82
62 21 96.38
62 22 52.4
62 23 43.57
62 24 46.32
62 25 114.49
62 26 99.86
62 27 135.07
62 28 118.3
62 29 67.74
62 30 10.3
62 31 75.0
62 32 21.02
62 33 108.91
62 34 8.25
62 35 38.18
62 36 110.54
62 37 56.92
62 38 15.81
62 39 44.72
62 40 38.6
62 41 94.64
62 42 60.07
62 43 89.47
62 44 108.76
62 45 43.29
62 46 69.87
62 47 61.72
62 48 64.85
62 49 137.74
62 50 120.21
62 51 102.65
62 52 32.14
62 53 48.66
62 54 78.45
62 55 94.34
62 56 86.01
62 57 31.38
62 58 57.31
62 59 33.24
62 60 35.85
62 61 127.46
62 63 95.88
62 64 122.43
62 65 75.8
62 66 124.52
62 67 90.08
62 68 111.31
62 69 72.92
62 70 91.01
62 71 129.34
62 72 94.01
62 73 36.25
62 74 42.06
62 75 103.41
62 76 54.15
62 77 47.76
62 78 85.87
62 79 100.44
62 80 111.33
62 81 60.03
62 82 60.88
62 83 35.23
62 84 17.49
62 85 89.94
62 86 145.34
62 87 52.77
62 88 17.8
62 89 70.38
62 90 21.59
62 91 93.3
62 92 69.64
62 93 127.39
62 94 75.74
62 95 36.67
62 96 67.96
62 97 47.1
62 98 14.32
62 99 18.44
62 100 19.24
62 101 48.6
62 102 39.56
62 103 65.8
62 104 17.72
62 105 46.49
62 106 71.87
62 107 93.19
62 108 49.01
62 109 118.36
62 110 58.87
62 111 34.66
62 112 28.02
62 113 75.21
62 114 42.01
62 115 82.61
62 116 113.25
62 117 129.29
62 118 12.65
62 119 59.2
62 120 93.35
62 121 34.0
62 122 66.12
62 123 92.59
62 124 63.13
62 125 74.33
62 126 100.4
62 127 57.01
62 128 14.21
62 129 93.64
62 130 125.92
62 131 132.28
62 132 68.01
62 133 130.3
62 134 69.31
62 135 116.04
62 136 29.15
62 137 106.89
62 138 25.0
62 139 86.02
62 140 48.05
62 141 82.28
62 142 12.04
62 143 83.74
62 144 117.39
62 145 36.12
62 146 57.7
62 147 104.12
62 148 80.45
62 149 60.01
62 150 102.88
62 151 85.7
62 152 15.0
62 153 123.17
62 154 56.3
62 155 74.67
62 156 101.21
62 157 87.69
62 158 103.08
62 159 18.11
62 160 130.36
62 161 61.68
62 162 82.0
62 163 21.1
62 164 75.43
62 165 72.92
62 166 109.04
62 167 115.12
62 168 87.66
62 169 61.72
62 170 81.1
62 171 78.06
62 172 99.25
62 173 24.17
62 174 51.26
62 175 73.17
62 176 91.55
62 177 42.05
62 178 40.82
62 179 124.6
62 180 127.63
62 181 53.0
62 182 108.47
62 183 13.89
62 184 98.86
62 185 71.2
62 186 116.11
62 187 85.7
62 188 91.66
62 189 48.27
62 190 128.89
62 191 97.42
62 192 43.68
62 193 112.64
62 194 2.24
62 195 134.63
62 196 37.64
62 197 76.16
62 198 36.24
62 199 121.81
62 200 40.79
62 201 58.94
63 0 42.01
63 1 33.24
63 2 95.19
63 3 27.8
63 4 55.08
63 5 25.55
63 6 130.83
63 7 17.46
63 8 82.0
63 9 43.97
63 10 93.43
63 11 32.8
63 12 99.4
63 13 93.09
63 14 8.06
63 15 62.51
63 16 93.61
63 17 95.01
63 18 10.05
63 19 100.8
63 20 105.69
63 21 48.8
63 22 99.36
63 23 104.04
63 24 53.04
63 25 19.42
63 26 46.23
63 27 44.05
63 28 32.7
63 29 86.68
63 30 96.25
63 31 39.85
63 32 79.03
63 33 76.54
63 34 93.94
63 35 59.81
63 36 14.87
63 37 72.09
63 38 86.21
63 39 68.24
63 40 94.64
63 41 23.41
63 42 80.89
63 43 90.09
63 44 13.45
63 45 58.73
63 46 60.64
63 47 104.28
63 48 62.37
63 49 42.38
63 50 37.05
63 51 43.27
63 52 68.01
63 53 75.0
63 54 71.45
63 55 14.87
63 56 49.09
63 57 85.04
63 58 112.38
63 59 63.25
63 60 60.03
63 61 32.28
63 62 95.88
63 64 32.56
63 65 88.84
63 66 37.85
63 67 13.0
63 68 15.62
63 69 29.02
63 70 67.27
63 71 96.66
63 72 50.22
63 73 59.91
63 74 82.1
63 75 21.21
63 76 87.21
63 77 114.62
63 78 70.33
63 79 10.05
63 80 24.6
63 81 35.85
63 82 102.04
63 83 70.77
63 84 88.73
63 85 91.09
63 86 50.25
63 87 43.27
63 88 79.62
63 89 77.13
63 90 81.57
63 91 20.88
63 92 60.44
63 93 58.14
63 94 102.62
63 95 113.28
63 96 88.89
63 97 57.63
63 98 110.15
63 99 78.72
63 100 104.35
63 101 47.93
63 102 127.4
63 103 38.0
63 104 101.53
63 105 51.09
63 106 75.71
63 107 43.17
63 108 59.64
63 109 37.74
63 110 74.46
63 111 63.32
63 112 71.51
63 113 41.11
63 114 89.31
63 115 99.02
63 116 17.46
63 117 33.62
63 118 83.53
63 119 41.23
63 120 23.35
63 121 69.38
63 122 81.02
63 123 52.5
63 124 42.0
63 125 74.15
63 126 45.61
63 127 118.51
63 128 101.77
63 129 80.16
63 130 31.14
63 131 40.31
63 132 31.4
63 133 40.31
63 134 33.0
63 135 55.8
63 136 115.43
63 137 12.04
63 138 75.29
63 139 66.37
63 140 52.35
63 141 77.23
63 142 105.99
63 143 33.12
63 144 97.27
63 145 62.63
63 146 58.14
63 147 47.85
63 148 44.72
63 149 36.88
63 150 10.77
63 151 76.03
63 152 81.01
63 153 80.53
63 154 39.81
63 155 25.55
63 156 38.28
63 157 37.22
63 158 17.26
63 159 104.48
63 160 34.48
63 161 65.92
63 162 89.69
63 163 114.86
63 164 67.74
63 165 34.53
63 166 73.05
63 167 71.11
63 168 62.13
63 169 55.44
63 170 85.62
63 171 91.08
63 172 18.79
63 173 101.14
63 174 74.71
63 175 44.15
63 176 32.56
63 177 123.79
63 178 103.6
63 179 94.7
63 180 34.13
63 181 55.08
63 182 24.41
63 183 84.1
63 184 62.82
63 185 50.0
63 186 91.76
63 187 75.18
63 188 59.54
63 189 133.65
63 190 82.68
63 191 99.0
63 192 71.25
63 193 83.82
63 194 97.13
63 195 42.05
63 196 59.82
63 197 19.72
63 198 96.83
63 199 50.99
63 200 91.35
63 201 42.01
64 0 63.98
64 1 65.76
64 2 127.57
64 3 25.08
64 4 60.22
64 5 21.47
64 6 151.99
64 7 30.08
64 8 114.54
64 9 57.63
64 10 115.97
64 11 34.18
64 12 111.4
64 13 116.73
64 14 40.31
64 15 60.93
64 16 125.96
64 17 127.19
64 18 42.58
64 19 118.7
64 20 131.31
64 21 77.7
64 22 113.85
64 23 121.26
64 24 76.56
64 25 16.4
64 26 74.06
64 27 12.65
64 28 7.28
64 29 95.8
64 30 124.45
64 31 72.28
64 32 103.37
64 33 67.6
64 34 121.84
64 35 89.27
64 36 21.1
64 37 85.56
64 38 110.49
64 39 86.84
64 40 126.1
64 41 28.84
64 42 113.44
64 43 91.39
64 44 28.02
64 45 80.95
64 46 70.18
64 47 116.39
64 48 94.92
64 49 21.54
64 50 52.43
64 51 70.0
64 52 91.71
64 53 107.17
64 54 76.32
64 55 28.16
64 56 51.87
64 57 105.39
64 58 126.62
64 59 89.2
64 60 87.36
64 61 15.03
64 62 122.43
64 63 32.56
64 65 95.19
64 66 49.24
64 67 32.76
64 68 25.61
64 69 61.4
64 70 66.31
64 71 82.39
64 72 47.85
64 73 86.33
64 74 99.64
64 75 19.24
64 76 119.6
64 77 131.8
64 78 101.64
64 79 36.67
64 80 11.18
64 81 64.13
64 82 114.21
64 83 92.28
64 84 112.25
64 85 92.31
64 86 40.31
64 87 70.34
64 88 107.7
64 89 85.21
64 90 105.1
64 91 29.53
64 92 92.89
64 93 34.18
64 94 110.14
64 95 133.22
64 96 98.01
64 97 78.39
64 98 136.7
64 99 106.74
64 100 127.53
64 101 77.1
64 102 149.25
64 103 70.26
64 104 124.82
64 105 75.96
64 106 83.23
64 107 42.19
64 108 78.77
64 109 14.0
64 110 87.0
64 111 92.57
64 112 100.81
64 113 73.5
64 114 106.53
64 115 131.24
64 116 20.62
64 117 19.03
64 118 109.79
64 119 63.56
64 120 53.23
64 121 99.72
64 122 113.56
64 123 82.37
64 124 74.24
64 125 80.71
64 126 73.24
64 127 133.65
64 128 130.25
64 129 78.77
64 130 31.02
64 131 42.72
64 132 54.42
64 133 8.06
64 134 65.28
64 135 39.01
64 136 137.71
64 137 21.19
64 138 99.32
64 139 97.58
64 140 75.15
64 141 80.53
64 142 133.45
64 143 64.85
64 144 88.28
64 145 92.23
64 146 90.55
64 147 38.6
64 148 76.55
64 149 62.64
64 150 22.09
64 151 77.82
64 152 108.16
64 153 65.28
64 154 68.88
64 155 47.76
64 156 65.22
64 157 41.77
64 158 41.88
64 159 127.94
64 160 23.09
64 161 98.48
64 162 121.76
64 163 139.56
64 164 74.06
64 165 67.08
64 166 63.51
64 167 58.01
64 168 93.04
64 169 87.97
64 170 117.65
64 171 123.37
64 172 46.14
64 173 122.97
64 174 89.94
64 175 55.97
64 176 62.61
64 177 144.03
64 178 121.51
64 179 82.05
64 180 9.22
64 181 87.05
64 182 14.42
64 183 112.09
64 184 57.57
64 185 82.46
64 186 82.22
64 187 106.62
64 188 58.18
64 189 154.26
64 190 65.12
64 191 98.35
64 192 103.0
64 193 74.33
64 194 123.98
64 195 12.81
64 196 84.86
64 197 49.16
64 198 115.6
64 199 28.64
64 200 123.02
64 201 63.98
65 0 54.59
65 1 92.23
65 2 120.74
65 3 111.43
65 4 35.34
65 5 107.7
65 6 76.11
65 7 73.38
65 8 121.94
65 9 45.28
65 10 56.36
65 11 119.22
65 12 22.36
65 13 60.83
65 14 86.58
65 15 36.07
65 16 136.0
65 17 116.93
65 18 88.36
65 19 42.43
65 20 77.08
65 21 123.04
65 22 30.0
65 23 42.05
65 24 53.85
65 25 98.23
65 26 123.49
65 27 105.21
65 28 88.2
65 29 8.06
65 30 84.88
65 31 101.0
65 32 58.14
65 33 43.32
65 34 81.84
65 35 76.16
65 36 97.41
65 37 23.71
65 38 60.46
65 39 37.44
65 40 107.48
65 41 70.01
65 42 116.81
65 43 14.32
65 44 100.69
65 45 49.19
65 46 28.28
65 47 26.25
65 48 108.85
65 49 116.47
65 50 125.6
65 51 123.15
65 52 53.41
65 53 104.01
65 54 18.87
65 55 76.54
65 56 43.42
65 57 44.42
65 58 38.6
65 59 61.29
65 60 66.37
65 61 107.78
65 62 75.8
65 63 88.84
65 64 95.19
65 66 126.7
65 67 76.16
65 68 101.53
65 69 88.68
65 70 31.24
65 71 58.01
65 72 47.8
65 73 62.77
65 74 33.84
65 75 79.2
65 76 115.8
65 77 49.37
65 78 129.36
65 79 98.48
65 80 85.88
65 81 70.21
65 82 24.74
65 83 46.1
65 84 58.31
65 85 14.56
65 86 132.91
65 87 65.52
65 88 75.66
65 89 12.0
65 90 55.61
65 91 71.17
65 92 111.43
65 93 79.03
65 94 15.0
65 95 58.08
65 96 8.25
65 97 45.69
65 98 84.69
65 99 74.95
65 100 65.15
65 101 72.8
65 102 76.01
65 103 89.27
65 104 63.91
65 105 57.94
65 106 13.15
65 107 53.0
65 108 41.23
65 109 83.6
65 110 20.59
65 111 76.01
65 112 79.03
65 113 102.18
65 114 34.54
65 115 142.36
65 116 99.96
65 117 111.36
65 118 68.25
65 119 55.58
65 120 104.02
65 121 84.63
65 122 121.43
65 123 122.98
65 124 90.25
65 125 14.87
65 126 123.41
65 127 46.17
65 128 89.89
65 129 24.04
65 130 116.71
65 131 127.78
65 132 62.01
65 133 100.44
65 134 88.28
65 135 66.07
65 136 68.73
65 137 92.97
65 138 55.87
65 139 127.13
65 140 52.2
65 141 15.62
65 142 86.77
65 143 103.59
65 144 43.57
65 145 77.7
65 146 99.4
65 147 58.8
65 148 109.24
65 149 63.79
65 150 87.6
65 151 19.42
65 152 71.51
65 153 58.24
65 154 72.28
65 155 65.19
65 156 119.04
65 157 54.63
65 158 105.08
65 159 66.41
65 160 114.54
65 161 108.69
65 162 137.35
65 163 78.85
65 164 21.54
65 165 94.37
65 166 45.69
65 167 54.13
65 168 125.69
65 169 101.02
65 170 134.61
65 171 135.33
65 172 104.48
65 173 57.57
65 174 27.02
65 175 44.72
65 176 109.17
65 177 67.07
65 178 44.18
65 179 53.01
65 180 103.94
65 181 91.79
65 182 82.3
65 183 77.23
65 184 42.01
65 185 105.36
65 186 44.01
65 187 132.03
65 188 38.21
65 189 76.42
65 190 64.29
65 191 21.63
65 192 96.8
65 193 43.57
65 194 78.03
65 195 107.34
65 196 57.8
65 197 77.01
65 198 43.42
65 199 77.1
65 200 107.56
65 201 54.59
66 0 77.82
66 1 52.63
66 2 107.56
66 3 24.41
66 4 92.66
66 5 27.78
66 6 163.67
66 7 54.15
66 8 90.03
66 9 81.74
66 10 126.21
66 11 16.28
66 12 136.7
66 13 124.96
66 14 41.23
66 15 99.0
66 16 97.33
66 17 109.11
66 18 40.25
66 19 136.19
66 20 135.07
66 21 42.05
66 22 136.06
66 23 139.67
66 24 87.13
66 25 34.79
66 26 37.01
66 27 53.08
66 28 54.63
66 29 124.45
66 30 122.44
66 31 52.35
66 32 110.89
66 33 111.02
66 34 120.74
66 35 86.37
66 36 32.56
66 37 109.44
66 38 117.8
66 39 104.2
66 40 112.73
66 41 59.0
66 42 91.48
66 43 127.57
66 44 27.02
66 45 93.3
66 46 98.49
66 47 141.51
66 48 73.05
66 49 39.41
66 50 6.0
66 51 32.02
66 52 101.02
66 53 90.87
66 54 109.18
66 55 51.09
66 56 86.15
66 57 119.57
66 58 148.98
66 59 94.49
66 60 89.94
66 61 36.24
66 62 124.52
66 63 37.85
66 64 49.24
66 65 126.7
66 67 50.64
66 68 27.29
66 69 51.62
66 70 104.02
66 71 129.03
66 72 86.05
66 73 90.91
66 74 118.07
66 75 52.47
66 76 99.93
66 77 150.08
66 78 69.03
66 79 28.46
66 80 50.0
66 81 67.42
66 82 139.28
66 83 105.15
66 84 120.88
66 85 128.56
66 86 29.15
66 87 75.21
66 88 106.96
66 89 114.98
66 90 114.02
66 91 57.04
66 92 68.96
66 93 83.19
66 94 140.43
66 95 147.3
66 96 126.65
66 97 93.06
66 98 138.19
66 99 106.22
66 100 136.24
66 101 76.42
66 102 159.79
66 103 59.03
66 104 133.42
66 105 84.31
66 106 113.56
66 107 79.03
66 108 95.71
66 109 61.85
66 110 111.95
66 111 89.94
66 112 97.31
66 113 52.77
66 114 125.24
66 115 101.04
66 116 31.05
66 117 33.24
66 118 113.15
66 119 76.92
66 120 31.24
66 121 93.01
66 122 89.05
66 123 48.09
66 124 62.2
66 125 111.99
66 126 36.01
66 127 154.74
66 128 127.2
66 129 117.04
66 130 19.1
66 131 12.17
66 132 67.62
66 133 52.8
66 134 55.23
66 135 85.73
66 136 147.76
66 137 36.22
66 138 107.62
66 139 65.07
66 140 86.95
66 141 114.86
66 142 132.91
66 143 42.54
66 144 132.1
66 145 88.62
66 146 73.79
66 147 81.05
66 148 50.92
66 149 70.83
66 150 41.05
66 151 113.44
66 152 109.62
66 153 112.09
66 154 69.66
66 155 62.63
66 156 29.43
66 157 74.11
66 158 22.83
66 159 136.12
66 160 29.73
66 161 77.49
66 162 91.05
66 163 144.96
66 164 105.55
66 165 52.2
66 166 107.2
66 167 103.59
66 168 60.07
66 169 69.78
66 170 87.09
66 171 94.26
66 172 25.61
66 173 134.2
66 174 111.62
66 175 82.0
66 176 35.34
66 177 157.41
66 178 138.92
66 179 127.88
66 180 42.8
66 181 74.63
66 182 52.39
66 183 111.29
66 184 98.25
66 185 60.54
66 186 126.29
66 187 74.01
66 188 96.0
66 189 166.82
66 190 112.89
66 191 136.24
66 192 89.94
66 193 118.23
66 194 125.32
66 195 48.8
66 196 92.2
66 197 53.24
66 198 131.88
66 199 77.08
66 200 108.75
66 201 77.82
67 0 32.8
67 1 37.12
67 2 96.88
67 3 37.2
67 4 42.11
67 5 34.06
67 6 122.15
67 7 5.66
67 8 85.8
67 9 31.78
67 10 85.21
67 11 43.83
67 12 87.66
67 13 85.44
67 14 14.42
67 15 49.65
67 16 98.41
67 17 96.03
67 18 17.2
67 19 90.69
67 20 99.28
67 21 58.82
67 22 88.2
67 23 93.72
67 24 44.94
67 25 25.5
67 26 56.94
67 27 45.35
67 28 30.0
67 29 74.33
67 30 91.76
67 31 45.49
67 32 71.69
67 33 64.26
67 34 89.19
67 35 56.57
67 36 22.8
67 37 60.42
67 38 78.89
67 39 58.05
67 40 94.02
67 41 12.04
67 42 83.82
67 43 77.1
67 44 24.7
67 45 50.0
67 46 48.08
67 47 92.59
67 48 66.31
67 49 48.26
67 50 50.04
67 51 54.56
67 52 60.21
67 53 76.12
67 54 58.55
67 55 5.1
67 56 36.12
67 57 75.74
67 58 101.24
67 59 56.86
67 60 54.71
67 61 38.01
67 62 90.08
67 63 13.0
67 64 32.76
67 65 76.16
67 66 50.64
67 68 25.94
67 69 32.2
67 70 54.33
67 71 85.0
67 72 37.64
67 73 53.85
67 74 71.7
67 75 15.13
67 76 89.05
67 77 104.35
67 78 77.62
67 79 23.02
67 80 22.09
67 81 31.4
67 82 90.35
67 83 61.85
67 84 80.99
67 85 78.1
67 86 59.82
67 87 37.64
67 88 75.0
67 89 64.56
67 90 73.78
67 91 9.22
67 92 65.3
67 93 50.61
67 94 90.14
67 95 104.0
67 96 76.55
67 97 48.17
67 98 104.39
67 99 74.04
67 100 96.52
67 101 44.41
67 102 119.02
67 103 40.16
67 104 93.74
67 105 43.83
67 106 63.06
67 107 30.68
67 108 49.52
67 109 32.76
67 110 62.61
67 111 59.84
67 112 68.07
67 113 46.87
67 114 78.87
67 115 104.2
67 116 25.61
67 117 40.46
67 118 77.47
67 119 32.2
67 120 34.0
67 121 67.19
67 122 84.86
67 123 61.72
67 124 43.97
67 125 61.39
67 126 56.44
67 127 107.65
67 128 97.53
67 129 67.19
67 130 41.68
67 131 52.0
67 132 22.47
67 133 40.79
67 134 35.47
67 135 45.97
67 136 107.2
67 137 18.44
67 138 67.74
67 139 73.88
67 140 43.83
67 141 64.28
67 142 100.9
67 143 41.01
67 144 84.77
67 145 59.54
67 146 60.44
67 147 36.62
67 148 51.86
67 149 30.08
67 150 13.45
67 151 63.03
67 152 75.61
67 153 69.34
67 154 36.22
67 155 15.81
67 156 49.66
67 157 24.33
67 158 30.15
67 159 96.8
67 160 42.43
67 161 69.29
67 162 95.38
67 163 107.91
67 164 54.92
67 165 38.95
67 166 60.93
67 167 59.68
67 168 70.09
67 169 58.52
67 170 91.42
67 171 96.15
67 172 31.05
67 173 92.62
67 174 63.51
67 175 31.62
67 176 42.44
67 177 114.69
67 178 93.51
67 179 82.76
67 180 37.58
67 181 55.9
67 182 20.02
67 183 79.4
67 184 50.29
67 185 55.07
67 186 79.38
67 187 82.2
67 188 46.69
67 189 124.74
67 190 72.01
67 191 86.0
67 192 71.34
67 193 71.51
67 194 91.55
67 195 44.6
67 196 52.77
67 197 17.26
67 198 87.0
67 199 43.42
67 200 91.14
67 201 32.8
68 0 57.38
68 1 45.4
68 2 107.07
68 3 12.21
68 4 66.71
68 5 10.44
68 6 146.41
68 7 28.16
68 8 92.35
68 9 57.7
68 10 109.04
68 11 17.89
68 12 113.6
68 13 108.71
68 14 22.83
68 15 72.11
68 16 102.77
68 17 107.38
68 18 23.77
68 19 116.04
68 20 121.2
68 21 52.35
68 22 114.06
68 23 119.2
68 24 68.62
68 25 9.22
68 26 48.55
68 27 34.18
68 28 29.21
68 29 100.09
68 30 111.36
68 31 50.04
68 32 94.64
68 33 83.73
68 34 109.13
68 35 74.73
68 36 5.39
68 37 86.35
68 38 101.83
68 39 83.41
68 40 108.06
68 41 32.25
68 42 92.02
68 43 101.27
68 44 3.0
68 45 74.25
68 46 73.74
68 47 118.53
68 48 73.06
68 49 28.28
68 50 28.79
68 51 44.41
68 52 83.63
68 53 87.57
68 54 83.43
68 55 25.0
68 56 59.68
68 57 100.5
68 58 127.09
68 59 78.82
68 60 75.47
68 61 19.03
68 62 111.31
68 63 15.62
68 64 25.61
68 65 101.53
68 66 27.29
68 67 25.94
68 69 41.98
68 70 77.23
68 71 101.92
68 72 59.01
68 73 75.45
68 74 97.2
68 75 25.18
68 76 99.08
68 77 129.81
68 78 77.16
68 79 13.0
68 80 23.26
68 81 51.31
68 82 116.3
68 83 86.28
68 84 104.35
68 85 102.26
68 86 34.66
68 87 58.82
68 88 94.83
68 89 90.14
68 90 97.19
68 91 30.59
68 92 70.35
68 93 57.69
68 94 115.77
68 95 128.76
68 96 102.32
68 97 73.0
68 98 125.54
68 99 93.94
68 100 119.97
68 101 63.06
68 102 143.01
68 103 50.99
68 104 117.15
68 105 66.71
68 106 88.54
68 107 52.04
68 108 74.81
68 109 36.06
68 110 88.55
68 111 78.29
68 112 86.41
68 113 51.09
68 114 104.4
68 115 107.71
68 116 5.0
68 117 19.24
68 118 99.02
68 119 56.64
68 120 28.86
68 121 83.82
68 122 91.35
68 123 57.27
68 124 54.92
68 125 86.68
68 126 47.71
68 127 133.41
68 128 116.78
68 129 90.27
68 130 15.81
68 131 26.25
68 132 46.75
68 133 31.76
68 134 46.1
68 135 58.87
68 136 131.05
68 137 9.0
68 138 90.91
68 139 73.05
68 140 67.88
68 141 88.84
68 142 121.24
68 143 41.44
68 144 104.81
68 145 77.47
68 146 70.26
68 147 53.76
68 148 52.95
68 149 52.5
68 150 14.14
68 151 87.13
68 152 96.38
68 153 85.07
68 154 55.07
68 155 40.61
68 156 39.66
68 157 47.68
68 158 16.55
68 159 120.1
68 160 19.31
68 161 77.01
68 162 97.98
68 163 130.43
68 164 80.08
68 165 46.17
68 166 79.91
68 167 76.4
68 168 68.35
68 169 67.07
68 170 93.86
68 171 100.02
68 172 21.19
68 173 116.73
68 174 89.36
68 175 57.38
68 176 37.95
68 177 139.32
68 178 118.85
68 179 100.66
68 180 23.09
68 181 68.25
68 182 25.3
68 183 99.3
68 184 71.06
68 185 60.13
68 186 98.99
68 187 82.22
68 188 69.12
68 189 149.2
68 190 86.16
68 191 109.66
68 192 84.53
68 193 90.93
68 194 112.51
68 195 31.05
68 196 75.43
68 197 35.23
68 198 112.16
68 199 51.11
68 200 104.56
68 201 57.38
69 0 34.13
69 1 5.0
69 2 66.19
69 3 53.45
69 4 61.74
69 5 52.39
69 6 112.65
69 7 37.59
69 8 53.76
69 9 45.88
69 10 75.47
69 11 55.01
69 12 92.66
69 13 73.82
69 14 21.1
69 15 73.06
69 16 66.21
69 17 66.0
69 18 19.0
69 19 87.66
69 20 83.45
69 21 34.37
69 22 90.03
69 23 91.42
69 24 39.05
69 25 48.09
69 26 35.0
69 27 73.06
69 28 60.64
69 29 84.1
69 30 71.28
69 31 14.21
69 32 59.91
69 33 90.44
69 34 69.4
69 35 34.83
69 36 43.19
69 37 67.0
69 38 66.61
69 39 57.87
69 40 66.1
69 41 43.57
69 42 52.17
69 43 94.37
69 44 39.05
69 45 45.35
69 46 61.85
69 47 97.02
69 48 34.18
69 49 70.21
69 50 47.51
69 51 35.36
69 52 50.99
69 53 46.01
69 54 75.0
69 55 37.16
69 56 59.36
69 57 70.38
69 58 102.36
69 59 43.57
69 60 38.6
69 61 60.53
69 62 72.92
69 63 29.02
69 64 61.4
69 65 88.68
69 66 51.62
69 67 32.2
69 68 41.98
69 70 76.48
69 71 112.61
69 72 64.03
69 73 39.96
69 74 71.06
69 75 46.82
69 76 58.22
69 77 101.39
69 78 46.69
69 79 29.41
69 80 52.39
69 81 19.1
69 82 94.89
69 83 56.3
69 84 69.89
69 85 95.34
69 86 73.79
69 87 25.96
69 88 55.44
69 89 76.79
69 90 63.29
69 91 40.82
69 92 33.12
69 93 82.76
69 94 100.02
69 95 97.13
69 96 86.05
69 97 46.53
69 98 86.68
69 99 54.67
69 100 85.0
69 101 25.0
69 102 108.6
69 103 9.06
69 104 82.2
69 105 35.44
69 106 76.12
69 107 58.05
69 108 50.25
69 109 64.51
69 110 70.01
69 111 38.42
69 112 46.04
69 113 15.62
69 114 77.88
69 115 72.01
69 116 45.4
69 117 61.19
69 118 61.55
69 119 33.14
69 120 20.62
69 121 42.49
69 122 52.81
69 123 34.79
69 124 13.04
69 125 75.71
69 126 35.01
69 127 107.21
69 128 76.32
69 129 87.85
69 130 54.63
69 131 59.64
69 132 27.86
69 133 69.26
69 134 4.12
69 135 77.2
69 136 96.61
69 137 41.0
69 138 56.94
69 139 43.28
69 140 39.62
69 141 81.32
69 142 81.61
69 143 15.0
69 144 109.27
69 145 37.2
69 146 29.15
69 147 66.6
69 148 21.95
69 149 25.02
69 150 39.32
69 151 81.6
69 152 58.0
69 153 98.35
69 154 19.31
69 155 28.02
69 156 32.02
69 157 50.33
69 158 30.53
69 159 84.81
69 160 61.13
69 161 37.36
69 162 63.29
69 163 93.35
69 164 70.6
69 165 7.07
69 166 87.8
69 167 88.46
69 168 40.22
69 169 26.68
69 170 59.36
69 171 63.95
69 172 26.4
69 173 83.53
69 174 67.27
69 175 47.93
69 176 21.59
69 177 106.85
69 178 90.25
69 179 109.62
69 180 63.03
69 181 26.31
69 182 51.24
69 183 59.82
69 184 76.03
69 185 23.02
69 186 104.62
69 187 50.93
69 188 70.49
69 189 115.94
69 190 101.83
69 191 104.12
69 192 42.58
69 193 97.35
69 194 73.76
69 195 71.01
69 196 42.05
69 197 16.28
69 198 83.01
69 199 75.59
69 200 62.65
69 201 34.13
70 0 46.69
70 1 81.01
70 2 124.62
70 3 85.51
70 4 15.0
70 5 81.58
70 6 102.84
70 7 50.04
70 8 120.92
70 9 31.4
70 10 75.11
70 11 94.05
70 12 51.88
70 13 78.41
70 14 67.47
70 15 5.39
70 16 135.06
70 17 121.76
70 18 69.86
70 19 67.47
70 20 95.52
70 21 109.56
70 22 57.58
70 23 68.41
70 24 53.25
70 25 72.18
70 26 108.78
70 27 75.29
70 28 59.09
70 29 34.89
70 30 98.08
70 31 90.43
70 32 70.34
70 33 18.03
70 34 94.92
70 35 77.2
70 36 72.44
70 37 35.01
70 38 75.31
70 39 46.32
70 40 114.61
70 41 45.04
70 42 116.78
70 43 25.08
70 44 77.06
70 45 51.88
70 46 21.54
70 47 56.44
70 48 104.35
70 49 87.85
70 50 104.08
70 51 107.28
70 52 61.1
70 53 105.12
70 54 14.56
70 55 53.01
70 56 18.25
70 57 62.07
70 58 68.43
70 59 65.76
70 60 68.8
70 61 80.01
70 62 91.01
70 63 67.27
70 64 66.31
70 65 31.24
70 66 104.02
70 67 54.33
70 68 77.23
70 69 76.48
70 71 39.96
70 72 18.68
70 73 65.51
70 74 52.01
70 75 52.77
70 76 118.23
70 77 77.49
70 78 122.04
70 79 77.32
70 80 58.24
70 81 61.4
70 82 54.59
70 83 56.04
70 84 74.67
70 85 26.0
70 86 105.65
70 87 60.11
70 88 84.69
70 89 25.3
70 90 69.43
70 91 47.0
70 92 105.6
70 93 47.8
70 94 45.97
70 95 83.74
70 96 36.72
70 97 47.41
70 98 102.83
70 99 83.77
70 100 86.0
70 101 69.31
70 102 101.79
70 103 80.16
70 104 84.02
70 105 56.4
70 106 23.09
70 107 25.32
70 108 43.86
70 109 53.71
70 110 34.06
70 111 78.49
70 112 84.22
70 113 91.79
70 114 56.44
70 115 141.43
70 116 74.67
70 117 83.82
70 118 80.36
70 119 47.42
70 120 86.83
70 121 87.92
70 122 120.21
70 123 110.98
70 124 82.42
70 125 19.92
70 126 108.47
70 127 76.03
70 128 103.85
70 129 13.04
70 130 91.24
70 131 102.96
70 132 48.88
70 133 70.71
70 134 77.52
70 135 34.83
70 136 92.54
70 137 68.26
70 138 66.76
70 139 119.04
70 140 51.04
70 141 15.62
70 142 102.96
70 143 90.08
70 144 33.02
70 145 79.63
70 146 95.59
70 147 28.3
70 148 98.41
70 149 54.82
70 150 63.13
70 151 12.04
70 152 81.93
70 153 32.25
70 154 65.3
70 155 48.85
70 156 102.62
70 157 30.07
70 158 84.48
70 159 87.01
70 160 87.36
70 161 105.48
70 162 134.62
70 163 100.0
70 164 16.0
70 165 83.24
70 166 18.11
70 167 25.18
70 168 116.47
70 169 95.9
70 170 131.24
70 171 133.69
70 172 85.16
70 173 79.06
70 174 41.01
70 175 28.84
70 176 93.92
70 177 93.86
70 178 69.86
70 179 35.81
70 180 75.39
70 181 88.41
70 182 54.82
70 183 87.66
70 184 10.82
70 185 97.35
70 186 29.0
70 187 125.67
70 188 8.25
70 189 103.85
70 190 38.12
70 191 32.56
70 192 98.23
70 193 23.02
70 194 93.17
70 195 77.83
70 196 60.9
70 197 61.47
70 198 66.61
70 199 45.97
70 200 113.53
70 201 46.69
71 0 85.91
71 1 117.44
71 2 164.5
71 3 106.53
71 4 54.2
71 5 102.59
71 6 134.03
71 7 79.61
71 8 160.11
71 9 70.18
71 10 111.83
71 11 115.74
71 12 80.06
71 13 115.69
71 14 99.36
71 15 41.23
71 16 174.16
71 17 161.7
71 18 102.08
71 19 100.24
71 20 132.67
71 21 143.54
71 22 88.01
71 23 100.04
71 24 93.19
71 25 94.37
71 26 141.9
71 27 86.09
71 28 75.66
71 29 65.19
71 30 137.06
71 31 126.82
71 32 109.2
71 33 22.67
71 34 133.9
71 35 117.07
71 36 96.57
71 37 72.42
71 38 113.53
71 39 85.23
71 40 154.55
71 41 73.35
71 42 156.2
71 43 44.05
71 44 102.79
71 45 91.79
71 46 61.29
71 47 83.29
71 48 142.84
71 49 102.0
71 50 130.65
71 51 139.54
71 52 100.65
71 53 144.81
71 54 50.92
71 55 81.86
71 56 53.76
71 57 98.95
71 58 95.52
71 59 105.68
71 60 108.76
71 61 97.42
71 62 129.34
71 63 96.66
71 64 82.39
71 65 58.01
71 66 129.03
71 67 85.0
71 68 101.92
71 69 112.61
71 70 39.96
71 72 48.6
71 73 105.48
71 74 88.29
71 75 77.16
71 76 158.0
71 77 107.12
71 78 159.15
71 79 106.23
71 80 79.08
71 81 99.7
71 82 82.15
71 83 95.08
71 84 112.36
71 85 44.1
71 86 122.04
71 87 99.36
71 88 124.34
71 89 59.44
71 90 107.84
71 91 76.03
71 92 143.63
71 93 50.16
71 94 67.9
71 95 116.07
71 96 66.07
71 97 87.32
71 98 140.19
71 99 123.44
71 100 121.82
71 101 108.71
71 102 134.01
71 103 117.59
71 104 120.22
71 105 96.26
71 106 57.72
71 107 54.92
71 108 83.65
71 109 68.47
71 110 70.6
71 111 118.43
71 112 124.17
71 113 128.23
71 114 91.08
71 115 180.48
71 116 97.98
71 117 101.4
71 118 119.4
71 119 86.56
71 120 119.0
71 121 127.86
71 122 159.36
71 123 145.89
71 124 120.28
71 125 55.08
71 126 141.42
71 127 102.83
71 128 142.68
71 129 35.9
71 130 112.61
71 131 124.62
71 132 86.31
71 133 83.0
71 134 114.34
71 135 43.57
71 136 126.48
71 137 93.3
71 138 105.85
71 139 155.86
71 140 90.97
71 141 47.3
71 142 141.09
71 143 124.81
71 144 16.16
71 145 119.54
71 146 134.42
71 147 48.85
71 148 134.4
71 149 93.38
71 150 89.2
71 151 43.68
71 152 121.33
71 153 17.12
71 154 104.0
71 155 84.65
71 156 134.61
71 157 62.43
71 158 113.46
71 159 122.98
71 160 105.48
71 161 144.31
71 162 173.24
71 163 135.79
71 164 54.23
71 165 119.63
71 166 24.84
71 167 25.63
71 168 152.8
71 169 134.35
71 170 169.71
71 171 172.63
71 172 115.45
71 173 114.42
71 174 78.16
71 175 67.27
71 176 127.26
71 177 125.02
71 178 102.12
71 179 5.0
71 180 91.2
71 181 127.48
71 182 76.66
71 183 127.12
71 184 36.8
71 185 134.71
71 186 14.0
71 187 163.13
71 188 43.19
71 189 134.18
71 190 18.44
71 191 41.48
71 192 138.0
71 193 17.0
71 194 131.55
71 195 90.02
71 196 100.85
71 197 96.61
71 198 100.72
71 199 54.04
71 200 153.5
71 201 85.91
72 0 40.31
72 1 68.88
72 2 119.42
72 3 66.91
72 4 15.23
72 5 62.97
72 6 113.09
72 7 32.76
72 8 113.0
72 9 25.0
72 10 81.22
72 11 75.54
72 12 66.07
72 13 83.6
72 14 51.62
72 15 13.34
72 16 126.82
72 17 117.2
72 18 54.23
72 19 77.88
72 20 100.32
72 21 95.29
72 22 70.18
72 23 79.61
72 24 50.45
72 25 53.6
72 26 93.94
72 27 57.43
72 28 40.71
72 29 49.52
72 30 99.5
72 31 78.24
72 32 73.0
72 33 26.83
72 34 96.42
72 35 72.62
72 36 54.08
72 37 43.46
72 38 79.1
72 39 50.49
72 40 111.66
72 41 27.17
72 42 109.55
72 43 43.66
72 44 59.03
72 45 51.35
72 46 26.93
72 47 70.94
72 48 95.02
72 49 69.35
72 50 86.47
72 51 91.92
72 52 62.13
72 53 98.98
72 54 29.07
72 55 35.51
72 56 8.0
72 57 68.66
72 58 82.2
72 59 64.33
72 60 65.8
72 61 61.35
72 62 94.01
72 63 50.22
72 64 47.85
72 65 47.8
72 66 86.05
72 67 37.64
72 68 59.01
72 69 64.03
72 70 18.68
72 71 48.6
72 73 63.06
72 74 60.08
72 75 34.23
72 76 112.38
72 77 89.55
72 78 110.63
72 79 60.21
72 80 39.56
72 81 52.2
72 82 68.88
72 83 59.08
72 84 79.4
72 85 44.6
72 86 86.98
72 87 53.24
72 88 84.34
72 89 38.95
72 90 73.11
72 91 29.43
72 92 95.48
72 93 34.79
72 94 62.8
72 95 93.78
72 96 51.62
72 97 47.17
72 98 107.12
72 99 83.36
72 100 92.76
72 101 62.65
72 102 111.33
72 103 69.3
72 104 90.43
72 105 52.5
72 106 36.8
72 107 7.07
72 108 45.0
72 109 35.81
72 110 43.83
72 111 74.67
72 112 81.61
72 113 79.65
72 114 65.92
72 115 133.06
72 116 56.22
72 117 65.15
72 118 82.15
72 119 40.72
72 120 71.31
72 121 83.93
72 122 112.2
72 123 97.42
72 124 72.18
72 125 33.94
72 126 93.52
72 127 89.63
72 128 105.48
72 129 31.58
72 130 72.69
72 131 84.48
72 132 38.42
72 133 52.7
72 134 65.86
72 135 22.36
72 136 100.96
72 137 50.01
72 138 69.01
72 139 107.3
72 140 48.27
72 141 32.76
72 142 106.02
72 143 76.32
72 144 47.13
72 145 75.39
72 146 87.01
72 147 11.66
72 148 85.8
72 149 46.32
72 150 45.01
72 151 29.97
72 152 82.61
72 153 34.83
72 154 56.86
72 155 36.12
72 156 87.09
72 157 13.89
72 158 67.47
72 159 93.56
72 160 68.68
72 161 96.83
72 162 125.4
72 163 106.37
72 164 27.66
72 165 71.06
72 166 23.85
72 167 25.0
72 168 104.2
72 169 86.56
72 170 121.75
72 171 125.1
72 172 68.68
72 173 86.59
72 174 49.04
72 175 21.84
72 176 79.16
72 177 104.39
72 178 80.53
72 179 45.79
72 180 56.86
72 181 80.45
72 182 36.14
72 183 87.97
72 184 12.65
72 185 86.31
72 186 41.79
72 187 114.69
72 188 10.44
72 189 114.63
72 190 39.12
72 191 51.2
72 192 92.59
72 193 34.01
72 194 96.02
72 195 59.68
72 196 59.23
72 197 48.01
72 198 75.96
72 199 30.89
72 200 109.93
72 201 40.31
73 0 24.0
73 1 40.72
73 2 59.55
73 3 87.66
73 4 51.89
73 5 85.44
73 6 72.8
73 7 56.32
73 8 59.17
73 9 38.08
73 10 35.51
73 11 91.55
73 12 58.86
73 13 34.06
73 14 52.8
73 15 64.85
73 16 73.25
73 17 56.4
73 18 52.5
73 19 49.03
73 20 45.79
73 21 69.86
73 22 54.04
73 23 52.95
73 24 12.65
73 25 78.29
73 26 72.12
73 27 98.98
73 28 82.46
73 29 55.9
73 30 38.47
73 31 46.57
73 32 20.0
73 33 83.24
73 34 35.69
73 35 13.42
73 36 74.43
73 37 39.12
73 38 26.91
73 39 25.5
73 40 49.19
73 41 59.03
73 42 54.08
73 43 73.25
73 44 73.01
73 45 14.14
73 46 44.41
73 47 62.39
73 48 47.3
73 49 101.53
73 50 87.2
73 51 73.74
73 52 12.04
73 53 41.4
73 54 56.64
73 55 58.19
73 56 55.36
73 57 31.58
73 58 65.19
73 59 3.61
73 60 3.61
73 61 91.24
73 62 36.25
73 63 59.91
73 64 86.33
73 65 62.77
73 66 90.91
73 67 53.85
73 68 75.45
73 69 39.96
73 70 65.51
73 71 105.48
73 72 63.06
73 74 35.23
73 75 67.45
73 76 53.76
73 77 62.36
73 78 68.88
73 79 65.19
73 80 75.29
73 81 24.21
73 82 60.53
73 83 19.1
73 84 30.0
73 85 74.03
73 86 109.81
73 87 16.64
73 88 22.02
73 89 52.8
73 90 23.32
73 91 57.49
73 92 50.64
73 93 94.13
73 94 69.89
73 95 57.25
73 96 57.27
73 97 18.44
73 98 50.57
73 99 21.02
73 100 45.34
73 101 15.23
73 102 68.88
73 103 35.11
73 104 42.52
73 105 11.0
73 106 53.26
73 107 60.67
73 108 22.63
73 109 83.02
73 110 42.19
73 111 13.45
73 112 18.79
73 113 47.3
73 114 41.0
73 115 79.61
73 116 77.18
73 117 93.15
73 118 23.71
73 119 24.02
73 120 60.46
73 121 22.67
73 122 58.67
73 123 67.74
73 124 33.96
73 125 54.49
73 126 72.42
73 127 69.05
73 128 44.41
73 129 72.35
73 130 90.43
73 131 97.59
73 132 32.02
73 133 94.25
73 134 37.12
73 135 83.86
73 136 56.85
73 137 70.71
73 138 17.0
73 139 67.36
73 140 14.87
73 141 62.23
73 142 47.13
73 143 53.31
73 144 96.67
73 145 15.0
73 146 37.85
73 147 71.7
73 148 53.94
73 149 23.77
73 150 66.64
73 151 64.44
73 152 21.84
73 153 95.85
73 154 21.26
73 155 38.6
73 156 71.18
73 157 54.15
73 158 68.62
73 159 45.28
73 160 94.34
73 161 46.49
73 162 74.69
73 163 55.0
73 164 52.5
73 165 42.15
73 166 82.29
73 167 86.73
73 168 67.03
73 169 40.31
73 170 72.09
73 171 72.56
73 172 65.3
73 173 43.57
73 174 36.25
73 175 41.23
73 176 60.84
73 177 66.89
73 178 51.42
73 179 101.24
73 180 91.39
73 181 30.41
73 182 72.53
73 183 26.17
73 184 70.77
73 185 47.04
73 186 93.81
73 187 70.83
73 188 63.56
73 189 76.03
73 190 101.02
73 191 82.8
73 192 34.21
73 193 88.51
73 194 37.7
73 195 98.43
73 196 5.0
73 197 40.22
73 198 44.15
73 199 88.01
73 200 48.02
73 201 24.0
74 0 40.31
74 1 73.16
74 2 88.75
74 3 108.85
74 4 44.92
74 5 105.76
74 6 53.23
74 7 71.42
74 8 92.48
74 9 42.01
74 10 23.54
74 11 114.86
74 12 23.77
74 13 27.51
74 14 77.03
74 15 54.33
74 16 106.1
74 17 84.63
74 18 77.83
74 19 19.1
74 20 44.38
74 21 103.7
74 22 19.1
74 23 22.02
74 24 32.02
74 25 97.0
74 26 105.38
74 27 111.61
74 28 93.81
74 29 25.81
74 30 51.04
74 31 80.4
74 32 24.84
74 33 69.18
74 34 48.01
74 35 48.05
74 36 94.49
74 37 17.12
74 38 26.63
74 39 13.89
74 40 74.52
74 41 70.94
74 42 86.93
74 43 47.41
74 44 95.44
74 45 25.71
74 46 33.24
74 47 27.17
74 48 82.38
74 49 118.83
74 50 115.45
74 51 106.3
74 52 23.54
74 53 73.93
74 54 38.12
74 55 74.28
74 56 52.55
74 57 10.77
74 58 31.32
74 59 32.56
74 60 38.47
74 61 108.89
74 62 42.06
74 63 82.1
74 64 99.64
74 65 33.84
74 66 118.07
74 67 71.7
74 68 97.2
74 69 71.06
74 70 52.01
74 71 88.29
74 72 60.08
74 73 35.23
74 75 80.81
74 76 84.6
74 77 32.65
74 78 104.09
74 79 90.05
74 80 88.73
74 81 52.2
74 82 25.32
74 83 16.12
74 84 24.6
74 85 47.89
74 86 131.5
74 87 45.12
74 88 42.8
74 89 28.86
74 90 21.93
74 91 70.77
74 92 85.84
74 93 94.87
74 94 36.36
74 95 34.0
74 96 26.25
74 97 25.08
74 98 51.92
74 99 42.2
74 100 34.01
74 101 49.04
74 102 51.26
74 103 68.47
74 104 32.14
74 105 35.69
74 106 30.59
74 107 61.74
74 108 22.47
74 109 91.59
74 110 18.03
74 111 46.84
74 112 47.85
74 113 81.3
74 114 7.21
74 115 112.31
74 116 97.31
74 117 111.76
74 118 34.66
74 119 41.18
74 120 90.14
74 121 54.23
74 122 92.11
74 123 102.18
74 124 68.12
74 125 33.38
74 126 105.55
74 127 36.67
74 128 56.08
74 129 52.39
74 130 113.0
74 131 122.33
74 132 50.77
74 133 106.61
74 134 69.23
74 135 82.28
74 136 41.0
74 137 90.14
74 138 23.32
74 139 102.59
74 140 31.62
74 141 41.0
74 142 53.31
74 143 85.7
74 144 75.61
74 145 48.76
74 146 72.99
74 147 71.51
74 148 88.2
74 149 47.54
74 150 85.04
74 151 44.72
74 152 38.29
74 153 84.05
74 154 51.97
74 155 56.61
74 156 103.08
74 157 58.83
74 158 95.26
74 159 35.06
74 160 114.02
74 161 81.25
74 162 108.5
74 163 48.04
74 164 36.01
74 165 74.97
74 166 70.01
74 167 77.1
74 168 102.18
74 169 75.54
74 170 106.25
74 171 105.85
74 172 93.11
74 173 27.07
74 174 11.18
74 175 43.83
74 176 92.65
74 177 44.78
74 178 21.93
74 179 83.43
74 180 106.96
74 181 65.62
74 182 85.28
74 183 43.86
74 184 61.4
74 185 82.02
74 186 74.73
74 187 105.91
74 188 54.74
74 189 55.07
74 190 90.02
74 191 55.47
74 192 66.85
74 193 72.01
74 194 44.29
74 195 112.45
74 196 31.02
74 197 64.85
74 198 16.12
74 199 90.62
74 200 75.0
74 201 40.31
75 0 44.78
75 1 51.62
75 2 111.99
75 3 32.76
75 4 43.86
75 5 28.86
75 6 132.88
75 7 11.18
75 8 100.57
75 9 38.9
75 10 96.75
75 11 41.3
75 12 93.81
75 13 97.49
75 14 26.93
75 15 47.52
75 16 112.92
75 17 111.16
75 18 29.68
75 19 99.9
75 20 112.16
75 21 70.01
75 22 95.67
75 23 102.59
75 24 57.38
75 25 19.42
75 26 67.36
75 27 31.78
75 28 15.13
75 29 78.89
75 30 105.76
75 31 59.48
75 32 84.17
75 33 58.55
75 34 103.08
75 35 71.25
75 36 20.02
75 37 67.36
75 38 91.29
75 39 67.8
75 40 109.07
75 41 9.9
75 42 98.76
75 43 77.37
75 44 25.71
75 45 61.72
75 46 52.7
75 47 98.81
75 48 80.99
75 49 38.29
75 50 53.6
75 51 64.2
75 52 72.5
75 53 91.24
75 54 60.54
75 55 10.05
75 56 36.06
75 57 86.27
75 58 108.58
75 59 70.21
75 60 68.66
75 61 28.84
75 62 103.41
75 63 21.21
75 64 19.24
75 65 79.2
75 66 52.47
75 67 15.13
75 68 25.18
75 69 46.82
75 70 52.77
75 71 77.16
75 72 34.23
75 73 67.45
75 74 80.81
75 76 104.14
75 77 113.17
75 78 90.97
75 79 29.68
75 80 8.06
75 81 46.1
75 82 96.61
75 83 73.06
75 84 93.02
75 85 78.34
75 86 53.71
75 87 51.79
75 88 89.05
75 89 68.48
75 90 85.87
75 91 10.3
75 92 79.71
75 93 37.01
75 94 93.91
75 95 114.2
75 96 81.12
75 97 59.17
75 98 117.65
75 99 88.07
75 100 108.3
75 101 59.14
75 102 130.08
75 103 55.08
75 104 105.59
75 105 56.92
75 106 66.65
75 107 27.46
75 108 59.64
75 109 17.72
75 110 69.03
75 111 74.43
75 112 82.61
75 113 60.83
75 114 87.78
75 115 118.6
75 116 22.02
75 117 32.25
75 118 90.76
75 119 44.38
75 120 44.55
75 121 82.05
75 122 99.62
75 123 73.66
75 124 58.94
75 125 64.4
75 126 66.71
75 127 115.43
75 128 111.61
75 129 65.76
75 130 38.47
75 131 50.25
75 132 35.44
75 133 26.93
75 134 50.29
75 135 34.99
75 136 118.51
75 137 16.28
75 138 80.11
75 139 87.09
75 140 55.95
75 141 65.46
75 142 114.56
75 143 53.82
75 144 79.63
75 145 74.24
75 146 75.43
75 147 28.64
75 148 65.19
75 149 43.93
75 150 12.08
75 151 63.32
75 152 89.29
75 153 60.54
75 154 51.04
75 155 28.86
75 156 59.2
75 157 24.6
75 158 36.72
75 159 108.71
75 160 35.34
75 161 84.12
75 162 109.57
75 163 120.34
75 164 57.7
75 165 53.31
75 166 54.74
75 167 51.55
75 168 83.01
75 169 73.38
75 170 105.55
75 171 110.57
75 172 39.41
75 173 103.77
75 174 71.42
75 175 37.54
75 176 53.76
75 177 125.0
75 178 102.73
75 179 75.69
75 180 26.17
75 181 71.02
75 182 5.1
75 183 93.39
75 184 46.0
75 185 69.35
75 186 73.82
75 187 95.72
75 188 44.55
75 189 135.21
75 190 62.18
75 191 85.33
75 192 86.47
75 193 65.76
75 194 105.0
75 195 31.91
75 196 65.79
75 197 32.39
75 198 96.67
75 199 29.83
75 200 106.23
75 201 44.78
76 0 72.4
76 1 54.04
76 2 8.0
76 3 109.55
76 4 103.81
76 5 109.22
76 6 97.25
76 7 93.86
76 8 13.89
76 9 88.2
76 10 71.31
76 11 108.85
76 12 107.79
76 13 66.71
76 14 79.31
76 15 116.83
76 16 23.09
76 17 9.43
76 18 77.16
76 19 91.09
76 20 63.03
76 21 60.42
76 22 100.85
76 23 94.92
76 24 65.19
76 25 106.02
76 26 65.3
76 27 131.24
76 28 118.53
76 29 108.47
76 30 45.01
76 31 49.37
76 32 60.42
76 33 135.43
76 34 46.04
76 35 41.11
76 36 101.0
76 37 92.46
76 38 61.98
76 39 78.41
76 40 18.38
76 41 99.04
76 42 9.22
76 43 126.91
76 44 96.08
76 45 67.9
76 46 97.74
76 47 110.17
76 48 26.93
76 49 127.25
76 50 94.24
76 51 69.78
76 52 62.43
76 53 13.42
76 54 110.32
76 55 94.15
76 56 105.48
76 57 76.56
76 58 108.81
76 59 54.67
76 60 50.21
76 61 118.04
76 62 54.15
76 63 87.21
76 64 119.6
76 65 115.8
76 66 99.93
76 67 89.05
76 68 99.08
76 69 58.22
76 70 118.23
76 71 158.0
76 72 112.38
76 73 53.76
76 74 84.6
76 75 104.14
76 77 101.0
76 78 38.95
76 79 86.09
76 80 110.32
76 81 60.93
76 82 108.75
76 83 69.89
76 84 65.8
76 85 127.66
76 86 127.12
76 87 59.17
76 88 42.72
76 89 106.4
76 90 64.08
76 91 96.57
76 92 31.02
76 93 138.19
76 94 120.93
76 95 90.67
76 96 109.55
76 97 72.12
76 98 60.67
76 99 43.08
76 100 73.33
76 101 49.74
76 102 92.27
76 103 49.37
76 104 71.57
76 105 61.85
76 106 106.96
76 107 108.23
76 108 76.38
76 109 121.81
76 110 95.43
76 111 40.31
76 112 36.89
76 113 48.51
76 114 88.14
76 115 28.64
76 116 103.0
76 117 118.21
76 118 52.5
76 119 71.87
76 120 71.85
76 121 31.24
76 122 14.42
76 123 54.71
76 124 45.4
76 125 108.25
76 126 66.19
76 127 109.88
76 128 45.54
76 129 125.94
76 130 109.33
76 131 110.86
76 132 74.73
76 133 127.48
76 134 54.33
76 135 130.39
76 136 83.01
76 137 99.13
76 138 61.29
76 139 41.04
76 140 67.36
76 141 115.97
76 142 53.6
76 143 58.86
76 144 150.15
76 145 38.9
76 146 29.07
76 147 118.6
76 148 49.04
76 149 66.19
76 150 97.51
76 151 118.11
76 152 47.76
76 153 146.81
76 154 55.95
76 155 79.12
76 156 70.94
76 157 100.65
76 158 84.72
76 159 72.25
76 160 117.52
76 161 22.56
76 162 28.28
76 163 72.34
76 164 106.1
76 165 53.0
76 166 133.96
76 167 137.2
76 168 44.82
76 169 32.02
76 170 28.16
76 171 24.02
76 172 79.76
76 173 77.28
76 174 88.81
76 175 91.27
76 176 65.0
76 177 96.02
76 178 92.44
76 179 154.01
76 180 121.04
76 181 33.24
76 182 108.85
76 183 43.42
76 184 122.04
76 185 39.81
76 186 146.99
76 187 36.62
76 188 115.11
76 189 101.24
76 190 151.45
76 191 136.36
76 192 20.0
76 193 141.21
76 194 53.04
76 195 129.06
76 196 58.73
76 197 71.81
76 198 86.33
76 199 131.24
76 200 14.56
76 201 72.4
77 0 72.67
77 1 102.79
77 2 102.88
77 3 141.5
77 4 74.43
77 5 138.41
77 6 27.07
77 7 104.0
77 8 111.76
77 9 74.28
77 10 30.07
77 11 147.41
77 12 27.07
77 13 34.37
77 14 109.29
77 15 81.15
77 16 123.97
77 17 98.08
77 18 109.93
77 19 13.89
77 20 42.19
77 21 132.19
77 22 19.92
77 23 10.63
77 24 63.06
77 25 129.63
77 26 134.48
77 27 143.53
77 28 125.73
77 29 43.17
77 30 57.94
77 31 108.93
77 32 44.28
77 33 92.2
77 34 55.97
77 35 72.84
77 36 127.14
77 37 46.62
77 38 40.01
77 39 46.4
77 40 86.33
77 41 103.28
77 42 105.8
77 43 63.07
77 44 128.0
77 45 56.82
77 46 62.97
77 47 24.08
77 48 106.17
77 49 151.32
77 50 147.18
77 51 135.98
77 52 50.6
77 53 93.34
77 54 62.97
77 55 106.89
77 56 82.68
77 57 31.02
77 58 13.0
77 59 58.94
77 60 64.76
77 61 141.45
77 62 47.76
77 63 114.62
77 64 131.8
77 65 49.37
77 66 150.08
77 67 104.35
77 68 129.81
77 69 101.39
77 70 77.49
77 71 107.12
77 72 89.55
77 73 62.36
77 74 32.65
77 75 113.17
77 76 101.0
77 78 128.14
77 79 122.33
77 80 121.02
77 81 83.19
77 82 25.0
77 83 45.19
77 84 36.01
77 85 63.03
77 86 164.15
77 87 75.64
77 88 59.21
77 89 52.2
77 90 40.31
77 91 103.24
77 92 110.37
77 93 123.88
77 94 40.45
77 95 12.73
77 96 41.77
77 97 57.14
77 98 48.6
77 99 59.14
77 100 29.07
77 101 77.49
77 102 27.89
77 103 97.42
77 104 30.08
77 105 66.21
77 106 54.42
77 107 92.36
77 108 55.0
77 109 123.0
77 110 45.79
77 111 70.46
77 112 68.0
77 113 109.64
77 114 25.5
77 115 129.63
77 116 129.96
77 117 144.36
77 118 49.16
77 119 73.5
77 120 121.25
77 121 75.0
77 122 111.65
77 123 129.84
77 124 96.3
77 125 57.58
77 126 134.77
77 127 9.43
77 128 60.37
77 129 73.16
77 130 145.6
77 131 154.77
77 132 83.23
77 133 138.54
77 134 99.02
77 135 110.92
77 136 24.84
77 137 122.79
77 138 45.89
77 139 127.39
77 140 63.13
77 141 63.06
77 142 53.85
77 143 115.43
77 144 92.01
77 145 72.44
77 146 97.42
77 147 101.21
77 148 116.18
77 149 79.26
77 150 117.69
77 151 67.19
77 152 54.15
77 153 107.28
77 154 82.08
77 155 89.2
77 156 133.2
77 157 90.43
77 158 127.26
77 159 30.41
77 160 146.66
77 161 104.02
77 162 128.0
77 163 38.18
77 164 62.65
77 165 104.36
77 166 94.11
77 167 102.2
77 168 127.88
77 169 100.72
77 170 126.57
77 171 124.46
77 172 124.82
77 173 23.77
77 174 41.87
77 175 75.82
77 176 122.78
77 177 18.25
77 178 11.18
77 179 102.12
77 180 139.34
77 181 90.8
77 182 117.52
77 183 57.71
77 184 88.02
77 185 108.67
77 186 93.13
77 187 129.0
77 188 82.35
77 189 27.07
77 190 113.36
77 191 67.27
77 192 87.09
77 193 92.91
77 194 49.4
77 195 144.59
77 196 59.46
77 197 96.9
77 198 18.38
77 199 120.44
77 200 88.32
77 201 72.67
78 0 76.48
78 1 41.77
78 2 44.69
78 3 84.93
78 4 107.07
78 5 85.87
78 6 130.25
78 7 83.24
78 8 25.5
78 9 90.74
78 10 98.33
78 11 81.5
78 12 127.74
78 13 94.64
78 14 64.07
78 15 119.04
78 16 28.64
78 17 48.08
78 18 61.29
78 19 116.0
78 20 96.17
78 21 27.0
78 22 122.69
78 23 120.0
78 24 75.58
78 25 85.8
78 26 32.02
78 27 111.33
78 28 102.88
78 29 123.37
78 30 78.77
78 31 32.53
78 32 84.01
78 33 136.82
78 34 78.75
78 35 56.22
78 36 80.78
78 37 105.95
78 38 88.28
78 39 93.62
78 40 56.61
78 41 89.5
78 42 29.83
78 43 137.38
78 44 74.33
78 45 80.78
78 46 105.1
78 47 131.24
78 48 22.0
78 49 103.16
78 50 63.03
78 51 37.01
78 52 80.62
78 53 37.7
78 54 118.51
78 55 82.2
78 56 105.6
78 57 99.13
78 58 133.14
78 59 71.57
78 60 65.62
78 61 95.6
78 62 85.87
78 63 70.33
78 64 101.64
78 65 129.36
78 66 69.03
78 67 77.62
78 68 77.16
78 69 46.69
78 70 122.04
78 71 159.15
78 72 110.63
78 73 68.88
78 74 104.09
78 75 90.97
78 76 38.95
78 77 128.14
78 79 65.0
78 80 94.89
78 81 60.9
78 82 129.4
78 83 87.97
78 84 92.27
78 85 138.29
78 86 98.01
78 87 64.08
78 88 69.87
78 89 118.11
78 90 88.01
78 91 86.68
78 92 18.25
78 93 127.88
78 94 138.25
78 95 119.94
78 96 125.0
78 97 83.82
78 98 95.63
78 99 69.72
78 100 103.75
78 101 56.61
78 102 125.42
78 103 41.88
78 104 101.43
78 105 71.47
78 106 117.92
78 107 104.74
78 108 88.23
78 109 108.05
78 110 109.11
78 111 58.03
78 112 60.3
78 113 31.11
78 114 109.55
78 115 32.02
78 116 81.93
78 117 94.59
78 118 79.63
78 119 75.59
78 120 48.47
78 121 53.34
78 122 24.76
78 123 21.02
78 124 39.82
78 125 118.19
78 126 33.02
78 127 136.0
78 128 81.02
78 129 132.59
78 130 82.87
78 131 81.0
78 132 73.24
78 133 108.63
78 134 44.82
78 135 123.43
78 136 114.76
78 137 80.53
78 138 83.05
78 139 4.12
78 140 77.16
78 141 124.78
78 142 88.77
78 143 37.22
78 144 155.04
78 145 56.04
78 146 31.14
78 147 113.17
78 148 25.81
78 149 67.6
78 150 81.01
78 151 125.71
78 152 74.67
78 153 145.04
78 154 57.7
78 155 74.52
78 156 40.11
78 157 97.0
78 158 60.73
78 159 102.96
78 160 92.76
78 161 24.33
78 162 22.02
78 163 106.25
78 164 114.04
78 165 39.62
78 166 134.32
78 167 135.15
78 168 9.06
78 169 28.64
78 170 18.11
78 171 25.5
78 172 55.97
78 173 105.68
78 174 104.29
78 175 93.19
78 176 39.22
78 177 127.28
78 178 118.0
78 179 156.03
78 180 100.24
78 181 38.47
78 182 94.67
78 183 72.57
78 184 122.44
78 185 24.7
78 186 150.66
78 187 5.1
78 188 116.61
78 189 134.12
78 190 148.49
78 191 147.23
78 192 42.2
78 193 143.6
78 194 85.44
78 195 108.16
78 196 73.35
78 197 62.94
78 198 111.0
78 199 120.67
78 200 52.43
78 201 76.48
79 0 49.74
79 1 32.56
79 2 94.09
79 3 24.04
79 4 65.03
79 5 23.19
79 6 137.3
79 7 27.46
79 8 79.4
79 9 53.37
79 10 99.76
79 11 26.4
79 12 108.27
79 13 99.01
79 14 13.04
79 15 72.56
79 16 90.03
79 17 94.43
79 18 12.73
79 19 108.45
79 20 110.6
79 21 41.4
79 22 107.79
79 23 111.83
79 24 59.82
79 25 20.88
79 26 38.21
79 27 46.57
79 28 38.6
79 29 96.05
79 30 99.85
79 31 37.05
79 32 84.86
79 33 86.4
79 34 97.75
79 35 63.13
79 36 15.81
79 37 80.99
79 38 91.97
79 39 76.16
79 40 95.34
79 41 33.24
79 42 79.03
79 43 100.04
79 44 10.0
79 45 65.8
79 46 70.21
79 47 113.09
79 48 60.07
79 49 41.19
79 50 27.17
79 51 34.71
79 52 74.33
79 53 74.67
79 54 81.3
79 55 24.74
79 56 59.14
79 57 92.2
79 58 120.75
79 59 68.68
79 60 64.82
79 61 32.02
79 62 100.44
79 63 10.05
79 64 36.67
79 65 98.48
79 66 28.46
79 67 23.02
79 68 13.0
79 69 29.41
79 70 77.32
79 71 106.23
79 72 60.21
79 73 65.19
79 74 90.05
79 75 29.68
79 76 86.09
79 77 122.33
79 78 65.0
79 80 31.14
79 81 41.04
79 82 110.86
79 83 77.8
79 84 94.75
79 85 101.04
79 86 44.94
79 87 48.8
79 88 83.53
79 89 86.68
79 90 87.69
79 91 30.81
79 92 57.43
79 93 65.8
79 94 112.06
79 95 120.25
79 96 98.23
79 97 65.19
79 98 114.55
79 99 82.68
79 100 110.32
79 101 51.87
79 102 133.66
79 103 38.33
79 104 107.49
79 105 57.38
79 106 85.33
79 107 53.15
79 108 67.6
79 109 44.6
79 110 83.49
79 111 66.73
79 112 74.71
79 113 38.12
79 114 97.25
79 115 95.08
79 116 17.26
79 117 32.14
79 118 88.41
79 119 48.88
79 120 16.55
79 121 71.69
79 122 78.41
79 123 45.79
79 124 42.2
79 125 83.86
79 126 37.48
79 127 126.66
79 128 105.12
79 129 90.2
79 130 25.55
79 131 32.65
79 132 39.36
79 133 43.66
79 134 33.53
79 135 64.66
79 136 121.63
79 137 15.81
79 138 81.32
79 139 60.93
79 140 59.41
79 141 87.14
79 142 109.93
79 143 28.64
79 144 107.2
79 145 65.76
79 146 57.31
79 147 57.38
79 148 40.26
79 149 43.42
79 150 17.8
79 151 86.01
79 152 85.45
79 153 89.9
79 154 44.2
79 155 34.18
79 156 29.73
79 157 47.27
79 158 7.28
79 159 110.34
79 160 31.78
79 161 64.01
79 162 85.44
79 163 120.1
79 164 77.52
79 165 33.24
79 166 82.86
79 167 80.62
79 168 56.36
79 169 54.08
79 170 81.32
79 171 87.32
79 172 9.9
79 173 107.63
79 174 83.26
79 175 53.76
79 176 25.94
79 177 130.6
79 178 111.22
79 179 104.4
79 180 35.69
79 181 55.54
79 182 31.89
79 183 87.98
79 184 72.78
79 185 47.17
79 186 101.65
79 187 70.01
79 188 69.58
79 189 140.26
79 190 91.79
79 191 109.0
79 192 71.81
79 193 93.68
79 194 101.51
79 195 43.74
79 196 65.76
79 197 25.61
79 198 104.29
79 199 58.8
79 200 91.78
79 201 49.74
80 0 52.8
80 1 57.01
80 2 118.23
80 3 28.0
80 4 50.61
80 5 24.0
80 6 140.91
80 7 18.97
80 8 106.04
80 9 46.75
80 10 104.81
80 11 37.05
80 12 101.21
80 13 105.55
80 14 31.62
80 15 52.89
80 16 117.99
80 17 117.61
80 18 34.18
80 19 107.81
80 20 120.15
80 21 72.47
80 22 103.32
80 23 110.45
80 24 65.39
80 25 15.3
80 26 69.35
80 27 23.77
80 28 8.25
80 29 85.98
80 30 113.51
80 31 64.26
80 32 92.2
80 33 62.01
80 34 110.86
80 35 78.64
80 36 17.89
80 37 75.01
80 38 99.32
80 39 75.8
80 40 116.0
80 41 17.8
80 42 104.56
80 43 83.17
80 44 24.7
80 45 69.77
80 46 60.0
80 47 106.21
80 48 86.4
80 49 30.81
80 50 52.0
80 51 65.76
80 52 80.53
80 53 97.62
80 54 67.08
80 55 17.26
80 56 42.49
80 57 94.3
80 58 116.18
80 59 78.11
80 60 76.4
80 61 21.93
80 62 111.33
80 63 24.6
80 64 11.18
80 65 85.88
80 66 50.0
80 67 22.09
80 68 23.26
80 69 52.39
80 70 58.24
80 71 79.08
80 72 39.56
80 73 75.29
80 74 88.73
80 75 8.06
80 76 110.32
80 77 121.02
80 78 94.89
80 79 31.14
80 81 53.46
80 82 104.02
80 83 81.12
80 84 101.07
80 85 84.12
80 86 47.43
80 87 59.44
80 88 96.77
80 89 75.47
80 90 93.91
80 91 18.36
80 92 84.76
80 93 34.83
80 94 100.72
80 95 122.2
80 96 88.2
80 97 67.23
80 98 125.59
80 99 95.8
80 100 116.36
80 101 66.48
80 102 138.13
80 103 61.0
80 104 113.65
80 105 64.85
80 106 73.57
80 107 33.24
80 108 67.68
80 109 13.45
80 110 76.58
80 111 81.88
80 112 90.09
80 113 65.55
80 114 95.67
80 115 123.49
80 116 18.97
80 117 25.63
80 118 98.68
80 119 52.39
80 120 47.2
80 121 89.27
80 122 105.08
80 123 76.61
80 124 64.94
80 125 71.2
80 126 68.62
80 127 123.11
80 128 119.33
80 129 71.06
80 130 34.01
80 131 46.04
80 132 43.32
80 133 18.97
80 134 56.09
80 135 35.74
80 136 126.57
80 137 15.62
80 138 88.14
80 139 90.92
80 140 63.98
80 141 71.69
80 142 122.41
80 143 57.71
80 144 83.05
80 145 81.61
80 146 81.39
80 147 32.02
80 148 69.32
80 149 51.66
80 150 13.89
80 151 69.29
80 152 97.12
80 153 62.1
80 154 58.31
80 155 36.69
80 156 60.81
80 157 31.62
80 158 37.54
80 159 116.76
80 160 29.12
80 161 89.74
80 162 114.24
80 163 128.38
80 164 64.5
80 165 58.52
80 166 58.03
80 167 53.76
80 168 86.61
80 169 79.08
80 170 110.17
80 171 115.52
80 172 41.04
80 173 111.83
80 174 79.21
80 175 45.25
80 176 56.61
80 177 133.0
80 178 110.63
80 179 78.09
80 180 18.44
80 181 77.41
80 182 3.61
80 183 101.14
80 184 50.49
80 185 74.33
80 186 77.1
80 187 99.76
80 188 50.0
80 189 143.22
80 190 62.97
80 191 90.71
80 192 93.13
80 193 69.07
80 194 112.89
80 195 23.85
80 196 73.74
80 197 39.01
80 198 104.64
80 199 28.02
80 200 113.04
80 201 52.8
81 0 15.81
81 1 22.09
81 2 68.35
81 3 63.51
81 4 46.4
81 5 61.4
81 6 96.43
81 7 35.01
81 8 60.8
81 9 30.0
81 10 58.9
81 11 67.36
81 12 73.55
81 13 57.98
81 14 28.6
81 15 58.8
81 16 74.65
81 17 66.76
81 18 28.32
81 19 69.35
81 20 69.89
81 21 53.08
81 22 71.06
81 23 73.01
81 24 20.25
81 25 54.63
81 26 54.04
81 27 76.69
81 28 61.2
81 29 65.28
81 30 60.75
81 31 30.81
81 32 43.84
81 33 77.08
81 34 58.31
81 35 25.18
81 36 50.54
81 37 48.04
81 38 50.93
81 39 38.83
81 40 63.39
81 41 39.2
81 42 57.45
81 43 76.9
81 44 48.83
81 45 26.57
81 46 44.38
81 47 77.93
81 48 43.14
81 49 77.88
81 50 64.14
81 51 54.45
81 52 33.6
81 53 47.54
81 54 57.78
81 55 36.22
81 56 46.01
81 57 52.35
81 58 83.52
81 59 27.66
81 60 24.19
81 61 67.62
81 62 60.03
81 63 35.85
81 64 64.13
81 65 70.21
81 66 67.42
81 67 31.4
81 68 51.31
81 69 19.1
81 70 61.4
81 71 99.7
81 72 52.2
81 73 24.21
81 74 52.2
81 75 46.1
81 76 60.93
81 77 83.19
81 78 60.9
81 79 41.04
81 80 53.46
81 82 75.8
81 83 38.01
81 84 53.76
81 85 77.83
81 86 85.6
81 87 7.81
81 88 44.01
81 89 58.46
81 90 46.75
81 91 37.05
81 92 44.2
81 93 77.62
81 94 81.1
81 95 79.88
81 96 67.19
81 97 27.46
81 98 74.3
81 99 43.08
81 100 69.3
81 101 13.04
81 102 92.7
81 103 19.31
81 104 66.47
81 105 17.0
81 106 57.97
81 107 47.51
81 108 31.14
81 109 63.03
81 110 51.09
81 111 28.44
81 112 36.67
81 113 32.02
81 114 59.14
81 115 80.92
81 116 53.24
81 117 69.32
81 118 47.71
81 119 14.87
81 120 38.08
81 121 36.0
81 122 60.0
81 123 52.77
81 124 21.1
81 125 57.87
81 126 54.08
81 127 88.6
81 128 66.41
81 129 71.69
81 130 66.22
81 131 73.55
81 132 13.89
81 133 72.18
81 134 18.11
81 135 69.46
81 136 80.66
81 137 47.01
81 138 40.36
81 139 58.14
81 140 20.62
81 141 64.08
81 142 70.26
81 143 34.06
81 144 94.4
81 145 28.16
81 146 34.83
81 147 57.7
81 148 39.05
81 149 6.71
81 150 43.32
81 151 64.85
81 152 45.18
81 153 87.01
81 154 5.1
81 155 18.44
81 156 50.99
81 157 39.82
81 158 44.82
81 159 69.31
81 160 70.33
81 161 44.69
81 162 73.54
81 163 79.2
81 164 53.31
81 165 24.19
81 166 75.01
81 167 77.2
81 168 56.08
81 169 34.66
81 170 70.04
81 171 73.0
81 172 41.88
81 173 66.84
81 174 48.17
81 175 32.65
81 176 40.61
81 177 90.0
81 178 72.01
81 179 96.21
81 180 68.31
81 181 28.3
81 182 51.16
81 183 48.47
81 184 62.97
81 185 36.24
81 186 90.27
81 187 64.35
81 188 56.59
81 189 99.49
81 190 91.26
81 191 86.73
81 192 41.76
81 193 83.55
81 194 61.29
81 195 75.69
81 196 24.84
81 197 16.12
81 198 64.85
81 199 70.83
81 200 60.83
81 201 15.81
82 0 62.1
82 1 97.42
82 2 112.29
82 3 127.26
82 4 54.45
82 5 123.82
82 6 52.04
82 7 88.84
82 8 117.32
82 9 58.67
82 10 40.36
82 11 134.18
82 12 2.83
82 13 45.34
82 14 98.08
82 15 58.83
82 16 130.74
82 17 107.91
82 18 99.3
82 19 21.63
82 20 59.2
82 21 128.25
82 22 8.49
82 23 19.7
82 24 56.14
82 25 114.59
82 26 129.65
82 27 125.21
82 28 107.63
82 29 19.72
82 30 70.94
82 31 105.08
82 32 48.33
82 33 68.01
82 34 68.25
82 35 73.35
82 36 112.87
82 37 29.97
82 38 47.71
82 39 37.12
82 40 97.1
82 41 86.84
82 42 111.66
82 43 38.12
82 44 114.93
82 45 50.04
82 46 44.05
82 47 2.24
82 48 107.69
82 49 134.81
82 50 137.24
82 51 130.25
82 52 48.84
82 53 98.68
82 54 40.5
82 55 91.92
82 56 62.94
82 57 32.2
82 58 13.93
82 59 57.87
82 60 63.79
82 61 125.43
82 62 60.88
82 63 102.04
82 64 114.21
82 65 24.74
82 66 139.28
82 67 90.35
82 68 116.3
82 69 94.89
82 70 54.59
82 71 82.15
82 72 68.88
82 73 60.53
82 74 25.32
82 75 96.61
82 76 108.75
82 77 25.0
82 78 129.4
82 79 110.86
82 80 104.02
82 81 75.8
82 83 41.44
82 84 44.41
82 85 38.05
82 86 149.57
82 87 69.26
82 88 66.19
82 89 30.0
82 90 44.72
82 91 87.37
82 92 111.16
82 93 102.08
82 94 16.16
82 95 35.17
82 96 17.89
82 97 48.37
82 98 66.61
82 99 65.74
82 100 46.04
82 101 74.03
82 102 52.47
82 103 93.09
82 104 45.61
82 105 60.07
82 106 32.2
82 107 72.84
82 108 44.72
82 109 103.95
82 110 27.78
82 111 72.03
82 112 72.45
82 113 106.04
82 114 20.62
82 115 136.86
82 116 115.6
82 117 128.71
82 118 56.94
82 119 63.06
82 120 113.03
82 121 79.06
82 122 117.0
82 123 127.02
82 124 93.0
82 125 35.23
82 126 129.76
82 127 21.54
82 128 74.97
82 129 48.76
82 130 132.0
82 131 142.23
82 132 71.78
82 133 120.28
82 134 93.43
82 135 89.04
82 136 46.82
82 137 108.41
82 138 47.76
82 139 127.88
82 140 55.33
82 141 39.4
82 142 70.18
82 143 109.77
82 144 67.01
82 145 73.98
82 146 98.31
82 147 80.43
82 148 113.02
82 149 70.41
82 150 103.08
82 151 43.46
82 152 61.29
82 153 82.97
82 154 76.24
82 155 76.69
82 156 126.75
82 157 72.47
82 158 116.71
82 159 47.43
82 160 131.47
82 161 106.51
82 162 133.45
82 163 58.59
82 164 41.23
82 165 99.32
82 166 70.23
82 167 78.55
82 168 127.39
82 169 100.84
82 170 131.32
82 171 130.63
82 172 115.13
82 173 38.6
82 174 27.89
82 175 59.36
82 176 116.4
82 177 43.1
82 178 22.36
82 179 77.16
82 180 122.44
82 181 90.93
82 182 100.42
82 183 66.37
82 184 65.37
82 185 107.17
82 186 68.18
82 187 131.21
82 188 60.46
82 189 52.04
82 190 89.02
82 191 42.43
82 192 91.71
82 193 68.25
82 194 62.97
82 195 126.81
82 196 56.22
82 197 86.68
82 198 24.76
82 199 99.4
82 200 98.11
82 201 62.1
83 0 29.07
83 1 57.97
83 2 74.65
83 3 98.29
83 4 45.1
83 5 95.52
83 6 60.31
83 7 62.68
83 8 76.97
83 9 36.4
83 10 23.71
83 11 103.48
83 12 39.81
83 13 25.0
83 14 64.82
83 15 56.89
83 16 90.79
83 17 70.84
83 18 65.22
83 19 31.38
83 20 41.3
83 21 88.12
83 22 35.0
83 23 35.11
83 24 18.03
83 25 87.32
83 26 90.03
83 27 104.71
83 28 87.21
83 29 38.6
83 30 42.06
83 31 64.78
83 32 14.32
83 33 74.04
83 34 38.9
83 35 32.02
83 36 84.22
83 37 23.6
83 38 20.02
83 39 9.85
83 40 61.62
83 41 63.53
83 42 71.55
83 43 58.14
83 44 84.22
83 45 12.04
83 46 34.71
83 47 43.29
83 48 66.29
83 49 110.0
83 50 102.08
83 51 91.21
83 52 7.62
83 53 58.59
83 54 44.28
83 55 65.22
83 56 51.09
83 57 14.42
83 58 46.53
83 59 16.49
83 60 22.36
83 61 99.81
83 62 35.23
83 63 70.77
83 64 92.28
83 65 46.1
83 66 105.15
83 67 61.85
83 68 86.28
83 69 56.3
83 70 56.04
83 71 95.08
83 72 59.08
83 73 19.1
83 74 16.12
83 75 73.06
83 76 69.89
83 77 45.19
83 78 87.97
83 79 77.8
83 80 81.12
83 81 38.01
83 82 41.44
83 84 20.62
83 85 58.8
83 86 120.92
83 87 30.46
83 88 30.0
83 89 37.8
83 90 14.04
83 91 62.77
83 92 69.72
83 93 93.06
83 94 51.48
83 95 42.52
83 96 39.66
83 97 13.89
83 98 48.04
83 99 29.21
83 100 35.34
83 101 33.24
83 102 57.2
83 103 52.95
83 104 32.7
83 105 21.02
83 106 38.83
83 107 58.86
83 108 14.32
83 109 86.16
83 110 26.25
83 111 31.02
83 112 33.02
83 113 65.62
83 114 22.09
83 115 97.06
83 116 87.05
83 117 102.3
83 118 24.35
83 119 29.73
83 120 76.06
83 121 38.95
83 122 76.56
83 123 86.37
83 124 52.35
83 125 40.82
83 126 90.24
83 127 50.96
83 128 47.8
83 129 59.94
83 130 101.91
83 131 110.42
83 132 39.62
83 133 99.76
83 134 54.12
83 135 81.3
83 136 45.49
83 137 80.06
83 138 10.77
83 139 86.47
83 140 18.44
83 141 48.88
83 142 47.27
83 143 70.6
83 144 84.22
83 145 32.89
83 146 56.89
83 147 69.58
83 148 72.44
83 149 34.41
83 150 75.29
83 151 51.88
83 152 26.42
83 153 88.07
83 154 37.0
83 155 46.1
83 156 88.23
83 157 54.12
83 158 82.38
83 159 35.85
83 160 104.14
83 161 65.25
83 162 92.85
83 163 48.08
83 164 40.85
83 165 59.67
83 166 73.98
83 167 79.91
83 168 86.09
83 169 59.41
83 170 90.48
83 171 90.38
83 172 79.76
83 173 30.81
83 174 19.1
83 175 39.05
83 176 77.79
83 177 53.04
83 178 34.01
83 179 90.47
83 180 98.74
83 181 49.5
83 182 77.9
83 183 32.25
83 184 63.64
83 185 66.0
83 186 82.29
83 187 89.82
83 188 56.44
83 189 62.97
83 190 93.74
83 191 67.18
83 192 51.43
83 193 78.19
83 194 37.34
83 195 104.96
83 196 15.03
83 197 52.2
83 198 26.83
83 199 87.86
83 200 61.52
83 201 29.07
84 0 48.37
84 1 70.33
84 2 68.54
84 3 116.52
84 4 65.03
84 5 114.02
84 6 42.8
84 7 82.37
84 8 75.95
84 9 57.01
84 10 6.08
84 11 120.97
84 12 44.05
84 13 4.47
84 14 82.07
84 15 76.16
84 16 88.53
84 17 63.98
84 18 82.02
84 19 25.3
84 20 21.0
84 21 98.08
84 22 36.06
84 23 29.12
84 24 36.06
84 25 106.25
84 26 100.85
84 27 124.78
84 28 107.42
84 29 50.25
84 30 26.91
84 31 75.24
84 32 10.0
84 33 92.4
84 34 24.04
84 35 37.95
84 36 102.8
84 37 40.02
84 38 4.0
84 39 29.02
84 40 52.84
84 41 83.67
84 42 70.04
84 43 72.01
84 44 102.07
84 45 31.3
84 46 54.04
84 47 45.49
84 48 70.35
84 49 129.25
84 50 117.2
84 51 102.88
84 52 20.81
84 53 57.43
84 54 61.61
84 55 84.72
84 56 71.45
84 57 13.89
84 58 43.01
84 59 26.4
84 60 31.38
84 61 118.98
84 62 17.49
84 63 88.73
84 64 112.25
84 65 58.31
84 66 120.88
84 67 80.99
84 68 104.35
84 69 69.89
84 70 74.67
84 71 112.36
84 72 79.4
84 73 30.0
84 74 24.6
84 75 93.02
84 76 65.8
84 77 36.01
84 78 92.27
84 79 94.75
84 80 101.07
84 81 53.76
84 82 44.41
84 83 20.62
84 85 72.47
84 86 138.95
84 87 45.97
84 88 23.35
84 89 53.14
84 90 7.21
84 91 82.73
84 92 74.67
84 93 113.6
84 94 58.69
84 95 28.16
84 96 50.48
84 97 34.18
84 98 28.16
84 99 23.19
84 100 15.62
84 101 44.94
84 102 38.95
84 103 64.41
84 104 12.81
84 105 37.64
84 106 54.71
84 107 79.43
84 108 34.93
84 109 106.63
84 110 41.76
84 111 35.17
84 112 32.02
84 113 75.77
84 114 24.76
84 115 94.37
84 116 105.6
84 117 121.25
84 118 13.34
84 119 48.88
84 120 90.44
84 121 39.01
84 122 75.8
84 123 95.21
84 124 62.65
84 125 57.28
84 126 101.24
84 127 44.41
84 128 31.62
84 129 76.54
84 130 119.67
84 131 127.31
84 132 58.52
84 133 119.87
84 134 66.89
84 135 101.71
84 136 26.91
84 137 98.81
84 138 13.45
84 139 91.66
84 140 37.22
84 141 65.15
84 142 28.79
84 143 82.76
84 144 100.09
84 145 37.11
84 146 61.81
84 147 90.09
84 148 81.93
84 149 51.86
84 150 94.3
84 151 68.68
84 152 18.25
84 153 106.92
84 154 51.22
84 155 65.19
84 156 100.65
84 157 74.73
84 158 98.49
84 159 15.81
84 160 122.8
84 161 68.07
84 162 92.23
84 163 27.51
84 164 58.86
84 165 71.59
84 166 92.78
84 167 99.25
84 168 92.4
84 169 65.31
84 170 90.67
84 171 88.84
84 172 95.27
84 173 13.93
84 174 34.21
84 175 59.67
84 176 90.43
84 177 37.12
84 178 26.68
84 179 107.56
84 180 118.34
84 181 55.54
84 182 97.94
84 183 22.47
84 184 83.1
84 185 73.76
84 186 98.98
84 187 93.02
84 188 76.03
84 189 46.04
84 190 112.75
84 191 79.92
84 192 51.09
84 193 95.8
84 194 19.72
84 195 124.82
84 196 29.0
84 197 69.35
84 198 20.62
84 199 108.47
84 200 54.13
84 201 48.37
85 0 62.03
85 1 99.33
85 2 133.0
85 3 111.09
85 4 36.01
85 5 107.2
85 6 90.0
85 7 74.43
85 8 132.88
85 9 49.82
85 10 70.77
85 11 119.44
85 12 36.0
85 13 75.15
85 14 90.09
85 15 31.38
85 16 147.05
85 17 129.4
85 18 92.2
85 19 56.89
85 20 91.55
85 21 129.52
85 22 44.18
85 23 56.32
85 24 63.81
85 25 97.74
85 26 129.44
85 27 101.12
85 28 85.09
85 29 22.47
85 30 98.79
85 31 108.47
85 32 71.61
85 33 32.45
85 34 95.72
85 35 87.2
85 36 97.67
85 37 35.36
85 38 74.43
85 39 49.5
85 40 120.42
85 41 70.04
85 42 128.0
85 43 1.0
85 44 101.83
85 45 60.0
85 46 33.53
85 47 39.2
85 48 118.6
85 49 113.85
85 50 128.14
85 51 128.57
85 52 65.76
85 53 115.42
85 54 20.4
85 55 77.52
85 56 42.58
85 57 58.59
85 58 51.48
85 59 73.0
85 60 77.62
85 61 105.95
85 62 89.94
85 63 91.09
85 64 92.31
85 65 14.56
85 66 128.56
85 67 78.1
85 68 102.26
85 69 95.34
85 70 26.0
85 71 44.1
85 72 44.6
85 73 74.03
85 74 47.89
85 75 78.34
85 76 127.66
85 77 63.03
85 78 138.29
85 79 101.04
85 80 84.12
85 81 77.83
85 82 38.05
85 83 58.8
85 84 72.47
85 86 131.55
85 87 74.25
85 88 88.73
85 89 21.26
85 90 69.34
85 91 71.7
85 92 120.75
85 93 71.51
85 94 24.35
85 95 72.34
85 96 22.8
85 97 56.04
85 98 99.16
85 99 87.97
85 100 79.7
85 101 82.37
85 102 90.14
85 103 97.14
85 104 78.43
85 105 67.74
85 106 20.81
85 107 50.96
85 108 51.61
85 109 79.61
85 110 32.56
85 111 87.46
85 112 91.24
85 113 109.73
85 114 49.04
85 115 153.45
85 116 100.02
85 117 109.73
85 118 81.84
85 119 62.97
85 120 108.66
85 121 96.43
85 122 132.31
85 123 130.08
85 124 98.62
85 125 20.12
85 126 129.25
85 127 58.86
85 128 103.94
85 129 14.21
85 130 116.71
85 131 128.27
85 132 67.68
85 133 96.6
85 134 95.51
85 135 59.03
85 136 83.19
85 137 93.38
85 138 69.03
85 139 135.77
85 140 61.91
85 141 14.14
85 142 101.08
85 143 109.88
85 144 29.15
85 145 89.02
85 146 109.27
85 147 54.12
85 148 116.69
85 149 71.17
85 150 88.12
85 151 15.13
85 152 84.81
85 153 46.52
85 154 80.62
85 155 69.58
85 156 124.17
85 157 54.59
85 158 108.0
85 159 80.96
85 160 113.23
85 161 118.85
85 162 147.87
85 163 93.41
85 164 24.74
85 165 101.53
85 166 35.61
85 167 44.2
85 168 133.9
85 169 110.48
85 170 144.92
85 171 146.17
85 172 108.07
85 173 72.12
85 174 39.82
85 175 48.37
85 176 114.76
85 177 81.01
85 178 58.55
85 179 39.12
85 180 101.39
85 181 101.71
85 182 80.65
85 183 90.6
85 184 35.51
85 185 113.85
85 186 30.15
85 187 141.33
85 188 34.18
85 189 90.09
85 190 52.39
85 191 8.94
85 192 108.23
85 193 31.02
85 194 92.18
85 195 103.75
85 196 69.03
85 197 82.04
85 198 57.97
85 199 70.8
85 200 120.24
85 201 62.03
86 0 91.97
86 1 76.16
86 2 134.94
86 3 22.67
86 4 97.58
86 5 25.81
86 6 181.07
86 7 60.75
86 8 118.09
86 9 90.97
86 10 143.68
86 11 18.79
86 12 146.81
86 13 143.28
86 14 57.01
86 15 100.28
86 16 126.1
86 17 136.06
86 18 57.43
86 19 150.45
86 20 155.43
86 21 71.01
86 22 147.87
86 23 153.53
86 24 103.28
86 25 34.99
86 26 66.03
86 27 36.67
86 28 47.52
86 29 132.41
86 30 144.75
86 31 78.16
86 32 129.19
86 33 107.91
86 34 142.69
86 35 108.05
86 36 37.01
86 37 119.82
86 38 136.36
86 39 117.8
86 40 138.51
86 41 63.06
86 42 119.05
86 43 130.6
86 44 36.88
86 45 108.89
86 46 106.07
86 47 151.79
86 48 100.22
86 49 20.22
86 50 35.13
86 51 61.03
86 52 118.26
86 53 117.05
86 54 114.24
86 55 57.69
86 56 89.69
86 57 135.1
86 58 160.9
86 59 113.23
86 60 109.62
86 61 25.71
86 62 145.34
86 63 50.25
86 64 40.31
86 65 132.91
86 66 29.15
86 67 59.82
86 68 34.66
86 69 73.79
86 70 105.65
86 71 122.04
86 72 86.98
86 73 109.81
86 74 131.5
86 75 53.71
86 76 127.12
86 77 164.15
86 78 98.01
86 79 44.94
86 80 47.43
86 81 85.6
86 82 149.57
86 83 120.92
86 84 138.95
86 85 131.55
86 87 93.24
86 88 128.47
86 89 122.09
86 90 131.8
86 91 62.27
86 92 96.51
86 93 72.34
86 94 147.6
86 95 163.38
86 96 134.65
86 97 107.56
86 98 159.48
86 99 127.62
86 100 154.56
86 101 96.8
86 102 177.65
86 103 82.35
86 104 151.74
86 105 101.32
86 106 120.3
86 107 80.65
86 108 109.22
86 109 54.23
86 110 121.79
86 111 111.65
86 112 119.57
86 113 78.85
86 114 138.68
86 115 130.0
86 116 34.21
86 117 21.84
86 118 133.22
86 119 91.24
86 120 55.66
86 121 116.28
86 122 117.1
86 123 77.0
86 124 86.01
86 125 118.11
86 126 65.03
86 127 167.41
86 128 149.97
86 129 118.41
86 130 19.42
86 131 17.03
86 132 81.34
86 133 39.12
86 134 77.82
86 135 79.1
86 136 165.68
86 137 41.4
86 138 125.5
86 139 94.0
86 140 102.53
86 141 119.04
86 142 154.87
86 143 68.41
86 144 128.56
86 145 110.64
86 146 99.62
86 147 78.64
86 148 78.26
86 149 87.11
86 150 46.62
86 151 116.71
86 152 130.36
86 153 105.0
86 154 89.05
86 155 75.07
86 156 58.03
86 157 78.29
86 158 43.46
86 159 154.67
86 160 18.38
86 161 104.56
86 162 120.0
86 163 164.81
86 164 111.4
86 165 76.32
86 166 103.82
86 167 98.18
86 168 89.0
86 169 95.88
86 170 116.0
86 171 123.07
86 172 48.1
86 173 151.38
86 174 123.22
86 175 90.21
86 176 62.17
86 177 173.95
86 178 153.26
86 179 122.02
86 180 31.14
86 181 99.16
86 182 50.92
86 183 132.92
86 184 97.51
86 185 87.32
86 186 122.49
86 187 103.02
86 188 97.42
86 189 183.85
86 190 104.24
86 191 138.05
86 192 115.17
86 193 114.63
86 194 146.44
86 195 32.39
86 196 109.99
86 197 69.66
86 198 146.66
86 199 68.01
86 200 134.71
86 201 91.97
87 0 13.45
87 1 28.16
87 2 66.19
87 3 71.03
87 4 45.28
87 5 68.8
87 6 88.62
87 7 40.61
87 8 60.83
87 9 29.21
87 10 51.09
87 11 75.07
87 12 67.12
87 13 50.21
87 14 36.24
87 15 58.14
87 16 74.95
87 17 64.08
87 18 36.07
87 19 61.85
87 20 62.43
87 21 59.03
87 22 64.13
87 23 65.55
87 24 13.15
87 25 61.72
87 26 60.41
87 27 82.97
87 28 66.91
87 29 60.02
87 30 54.12
87 31 36.06
87 32 36.07
87 33 76.69
87 34 51.55
87 35 20.22
87 36 57.8
87 37 42.58
87 38 43.19
87 39 32.14
87 40 59.44
87 41 44.05
87 42 56.85
87 43 73.35
87 44 56.4
87 45 19.42
87 46 41.34
87 47 71.34
87 48 44.65
87 49 84.97
87 50 71.87
87 51 61.19
87 52 25.81
87 53 45.79
87 54 54.71
87 55 42.2
87 56 46.32
87 57 44.72
87 58 76.4
87 59 20.0
87 60 17.09
87 61 74.69
87 62 52.77
87 63 43.27
87 64 70.34
87 65 65.52
87 66 75.21
87 67 37.64
87 68 58.82
87 69 25.96
87 70 60.11
87 71 99.36
87 72 53.24
87 73 16.64
87 74 45.12
87 75 51.79
87 76 59.17
87 77 75.64
87 78 64.08
87 79 48.8
87 80 59.44
87 81 7.81
87 82 69.26
87 83 30.46
87 84 45.97
87 85 74.25
87 86 93.24
87 88 37.36
87 89 54.08
87 90 38.95
87 91 42.19
87 92 46.53
87 93 81.22
87 94 75.54
87 95 72.11
87 96 61.81
87 97 21.0
87 98 67.08
87 99 36.4
87 100 61.52
87 101 9.43
87 102 84.9
87 103 24.08
87 104 58.69
87 105 9.49
87 106 53.85
87 107 49.4
87 108 25.08
87 109 68.12
87 110 45.71
87 111 23.02
87 112 31.02
87 113 37.12
87 114 51.92
87 115 81.32
87 116 60.54
87 117 76.54
87 118 40.31
87 119 12.81
87 120 45.62
87 121 31.58
87 122 60.11
87 123 58.14
87 124 24.74
87 125 54.13
87 126 60.53
87 127 81.27
87 128 59.91
87 129 69.4
87 130 73.88
87 131 81.34
87 132 17.03
87 133 78.34
87 134 24.19
87 135 72.12
87 136 72.86
87 137 54.12
87 138 32.56
87 139 61.68
87 140 14.0
87 141 60.9
87 142 63.32
87 143 40.61
87 144 92.85
87 145 23.19
87 146 35.61
87 147 60.08
87 148 44.18
87 149 8.0
87 150 50.16
87 151 62.13
87 152 38.08
87 153 87.66
87 154 7.0
87 155 23.09
87 156 57.97
87 157 42.06
87 158 52.63
87 159 61.55
87 160 77.7
87 161 45.45
87 162 74.65
87 163 71.61
87 164 50.25
87 165 30.07
87 166 75.0
87 167 78.03
87 168 60.17
87 169 36.36
87 170 71.4
87 171 73.59
87 172 49.65
87 173 59.03
87 174 42.01
87 175 32.2
87 176 47.54
87 177 82.2
87 178 64.47
87 179 95.59
87 180 75.03
87 181 28.32
87 182 56.89
87 183 41.76
87 184 63.01
87 185 39.85
87 186 89.11
87 187 67.08
87 188 56.22
87 189 91.68
87 190 92.28
87 191 83.19
87 192 39.36
87 193 82.81
87 194 54.13
87 195 82.22
87 196 17.03
87 197 23.6
87 198 57.27
87 199 74.67
87 200 57.28
87 201 13.45
88 0 46.01
88 1 54.45
88 2 46.14
88 3 106.94
88 4 72.12
88 5 105.1
88 6 61.1
88 7 77.88
88 8 52.61
88 9 59.54
88 10 29.15
88 11 109.84
88 12 65.37
88 13 25.0
88 14 72.01
88 15 84.76
88 16 65.25
88 17 41.88
88 18 71.2
88 19 48.51
88 20 28.6
88 21 78.77
88 22 58.18
88 23 52.39
88 24 34.13
88 25 98.62
88 26 82.15
88 27 120.33
88 28 104.14
88 29 67.9
88 30 16.76
88 31 57.2
88 32 18.03
88 33 102.69
88 34 14.32
88 35 20.62
88 36 94.43
88 37 53.6
88 38 19.42
88 39 39.66
88 40 31.83
88 41 80.89
88 42 46.69
88 43 88.09
88 44 92.18
88 45 33.24
88 46 63.16
88 47 67.54
88 48 48.27
88 49 121.85
88 50 102.55
88 51 84.88
88 52 23.71
88 53 34.13
88 54 73.93
88 55 79.56
88 56 76.49
88 57 34.0
88 58 66.22
88 59 20.1
88 60 20.4
88 61 111.62
88 62 17.8
88 63 79.62
88 64 107.7
88 65 75.66
88 66 106.96
88 67 75.0
88 68 94.83
88 69 55.44
88 70 84.69
88 71 124.34
88 72 84.34
88 73 22.02
88 74 42.8
88 75 89.05
88 76 42.72
88 77 59.21
88 78 69.87
88 79 83.53
88 80 96.77
88 81 44.01
88 82 66.19
88 83 30.0
88 84 23.35
88 85 88.73
88 86 128.47
88 87 37.36
88 89 67.8
88 90 21.47
88 91 79.25
88 92 52.89
88 93 116.07
88 94 79.06
88 95 50.16
88 96 68.68
88 97 37.64
88 98 31.24
88 99 1.0
88 100 33.96
88 101 31.76
88 102 56.46
88 103 48.08
88 104 31.58
88 105 33.02
88 106 68.82
88 107 82.39
88 108 40.85
88 109 104.94
88 110 56.22
88 111 17.03
88 112 10.3
88 113 57.43
88 114 45.65
88 115 71.17
88 116 97.08
88 117 113.22
88 118 10.05
88 119 46.04
88 120 75.74
88 121 16.76
88 122 52.47
88 123 75.15
88 124 45.34
88 125 70.72
88 126 82.68
88 127 67.74
88 128 22.56
88 129 89.69
88 130 109.08
88 131 115.0
88 132 53.76
88 133 115.69
88 134 51.74
88 135 105.57
88 136 45.22
88 137 91.0
88 138 19.8
88 139 69.63
88 140 36.22
88 141 78.77
88 142 26.42
88 143 65.95
88 144 114.06
88 145 18.38
88 146 40.5
88 147 93.43
88 148 62.77
88 149 45.12
88 150 87.32
88 151 81.63
88 152 5.1
88 153 116.06
88 154 39.81
88 155 60.21
88 156 83.41
88 157 76.06
88 158 85.8
88 159 33.24
88 160 114.04
88 161 45.54
88 162 68.88
88 163 38.83
88 164 70.24
88 165 55.17
88 166 102.18
88 167 107.28
88 168 70.88
88 169 44.38
88 170 67.36
88 171 65.51
88 172 81.84
88 173 36.01
88 174 48.92
88 175 62.65
88 176 73.76
88 177 57.49
88 178 50.01
88 179 119.85
88 180 112.27
88 181 35.36
88 182 94.15
88 183 4.47
88 184 91.09
88 185 53.67
88 186 111.89
88 187 70.26
88 188 83.82
88 189 64.85
88 190 121.46
88 191 97.0
88 192 28.02
88 193 107.35
88 194 18.38
88 195 119.55
88 196 25.18
88 197 60.01
88 198 43.68
88 199 110.0
88 200 32.2
88 201 46.01
89 0 42.76
89 1 80.41
89 2 111.76
89 3 100.32
89 4 25.0
89 5 96.66
89 6 77.67
89 7 62.03
89 8 111.77
89 9 33.38
89 10 52.39
89 11 107.91
89 12 27.2
89 13 56.32
89 14 74.67
89 15 29.07
89 16 125.92
89 17 108.19
89 18 76.42
89 19 42.43
89 20 73.25
89 21 111.16
89 22 32.31
89 23 43.17
89 24 42.94
89 25 87.24
89 26 111.54
89 27 95.78
89 28 78.41
89 29 10.63
89 30 78.71
89 31 89.27
89 32 51.11
89 33 41.05
89 34 75.59
89 35 66.03
89 36 86.16
89 37 14.21
89 38 54.63
89 39 28.32
89 40 99.36
89 41 59.03
89 42 106.83
89 43 20.52
89 44 89.19
89 45 38.83
89 46 16.49
89 47 32.02
89 48 97.94
89 49 106.23
89 50 113.77
89 51 111.16
89 52 44.6
89 53 94.2
89 54 10.77
89 55 65.19
89 56 33.42
89 57 39.56
89 58 43.57
89 59 51.74
89 60 56.4
89 61 97.25
89 62 70.38
89 63 77.13
89 64 85.21
89 65 12.0
89 66 114.98
89 67 64.56
89 68 90.14
89 69 76.79
89 70 25.3
89 71 59.44
89 72 38.95
89 73 52.8
89 74 28.86
89 75 68.48
89 76 106.4
89 77 52.2
89 78 118.11
89 79 86.68
89 80 75.47
89 81 58.46
89 82 30.0
89 83 37.8
89 84 53.14
89 85 21.26
89 86 122.09
89 87 54.08
89 88 67.8
89 90 49.19
89 91 60.01
89 92 100.32
89 93 72.2
89 94 25.63
89 95 58.69
89 96 12.81
89 97 34.99
89 98 80.78
89 99 67.01
89 100 62.51
89 101 61.74
89 102 76.79
89 103 77.62
89 104 60.83
89 105 46.96
89 106 2.24
89 107 43.28
89 108 30.53
89 109 74.33
89 110 11.66
89 111 66.22
89 112 70.01
89 113 90.47
89 114 32.02
89 115 132.31
89 116 88.77
89 117 100.72
89 118 61.4
89 119 43.74
89 120 92.02
89 121 75.17
89 122 111.22
89 123 111.2
89 124 78.75
89 125 5.39
89 126 111.45
89 127 51.11
89 128 84.1
89 129 23.54
89 130 105.48
89 131 116.38
89 132 50.01
89 133 90.91
89 134 76.49
89 135 59.17
89 136 68.03
89 137 81.71
89 138 48.26
89 139 115.77
89 140 41.15
89 141 12.17
89 142 81.93
89 143 91.66
89 144 47.01
89 145 67.8
89 146 88.55
89 147 50.45
89 148 97.51
89 149 51.97
89 150 76.32
89 151 16.03
89 152 64.07
89 153 56.14
89 154 60.73
89 155 53.24
89 156 107.04
89 157 43.91
89 158 93.21
89 159 63.64
89 160 103.77
89 161 98.01
89 162 126.91
89 163 76.53
89 164 11.31
89 165 82.57
89 166 42.43
89 167 50.22
89 168 114.18
89 169 89.96
89 170 124.04
89 171 125.1
89 172 92.54
89 173 55.23
89 174 19.24
89 175 32.98
89 176 97.19
89 177 68.66
89 178 44.72
89 179 54.57
89 180 93.74
89 181 80.95
89 182 71.87
89 183 69.89
89 184 35.85
89 185 93.92
89 186 45.88
89 187 120.93
89 188 30.53
89 189 78.59
89 190 62.2
89 191 30.0
89 192 87.01
89 193 43.29
89 194 72.62
89 195 97.62
89 196 47.8
89 197 65.01
89 198 42.01
89 199 69.4
89 200 99.09
89 201 42.76
90 0 41.18
90 1 63.95
90 2 67.6
90 3 109.34
90 4 59.03
90 5 106.83
90 6 49.68
90 7 75.18
90 8 73.25
90 9 50.22
90 10 12.21
90 11 113.86
90 12 43.91
90 13 11.66
90 14 74.97
90 15 70.58
90 16 86.33
90 17 63.29
90 18 74.97
90 19 28.07
90 20 27.29
90 21 92.35
90 22 36.77
90 23 32.06
90 24 28.84
90 25 99.05
90 26 94.92
90 27 117.63
90 28 100.32
90 29 47.63
90 30 29.53
90 31 69.29
90 32 4.0
90 33 87.32
90 34 26.42
90 35 32.56
90 36 95.6
90 37 35.47
90 38 6.0
90 39 23.19
90 40 52.8
90 41 76.56
90 42 67.45
90 43 68.8
90 44 94.92
90 45 24.17
90 46 48.37
90 47 46.1
90 48 66.01
90 49 122.04
90 50 110.44
90 51 96.77
90 52 13.6
90 53 54.57
90 54 56.92
90 55 77.52
90 56 65.12
90 57 12.53
90 58 45.54
90 59 19.72
90 60 25.08
90 61 111.77
90 62 21.59
90 63 81.57
90 64 105.1
90 65 55.61
90 66 114.02
90 67 73.78
90 68 97.19
90 69 63.29
90 70 69.43
90 71 107.84
90 72 73.11
90 73 23.32
90 74 21.93
90 75 85.87
90 76 64.08
90 77 40.31
90 78 88.01
90 79 87.69
90 80 93.91
90 81 46.75
90 82 44.72
90 83 14.04
90 84 7.21
90 85 69.34
90 86 131.8
90 87 38.95
90 88 21.47
90 89 49.19
90 91 75.58
90 92 70.11
90 93 107.06
90 94 57.8
90 95 34.01
90 96 48.17
90 97 27.2
90 98 34.01
90 99 21.02
90 100 22.8
90 101 38.47
90 102 45.97
90 103 58.18
90 104 20.0
90 105 30.48
90 106 50.57
90 107 72.84
90 108 28.28
90 109 99.62
90 110 37.58
90 111 30.15
90 112 28.44
90 113 69.89
90 114 24.19
90 115 92.36
90 116 98.41
90 117 114.04
90 118 12.73
90 119 41.68
90 120 83.76
90 121 35.36
90 122 73.01
90 123 89.74
90 124 56.65
90 125 52.92
90 126 95.27
90 127 48.0
90 128 34.93
90 129 72.24
90 130 112.54
90 131 120.28
90 132 51.31
90 133 112.73
90 134 60.42
90 135 95.34
90 136 33.94
90 137 91.61
90 138 6.4
90 139 87.14
90 140 30.02
90 141 60.93
90 142 33.54
90 143 76.49
90 144 96.18
90 145 32.14
90 146 57.14
90 147 83.6
90 148 76.24
90 149 44.69
90 150 87.09
90 151 64.26
90 152 16.64
90 153 101.61
90 154 44.41
90 155 57.98
90 156 94.37
90 157 67.91
90 158 91.55
90 159 23.02
90 160 115.6
90 161 64.07
90 162 89.5
90 163 34.54
90 164 53.85
90 165 65.31
90 166 87.48
90 167 93.65
90 168 87.57
90 169 60.41
90 170 87.66
90 171 86.4
90 172 88.41
90 173 20.25
90 174 29.97
90 175 52.95
90 176 84.08
90 177 43.57
90 178 30.0
90 179 103.12
90 180 111.14
90 181 50.49
90 182 90.8
90 183 22.02
90 184 77.41
90 185 68.45
90 186 94.7
90 187 89.09
90 188 70.26
90 189 52.8
90 190 107.35
90 191 77.2
90 192 47.85
90 193 91.09
90 194 23.77
90 195 117.65
90 196 21.93
90 197 62.24
90 198 23.09
90 199 101.79
90 200 53.54
90 201 41.18
91 0 34.54
91 1 45.79
91 2 104.29
91 3 40.31
91 4 36.14
91 5 36.67
91 6 122.64
91 7 3.61
91 8 94.02
91 9 29.07
91 10 86.45
91 11 48.08
91 12 84.6
91 13 87.21
91 14 23.6
91 15 42.05
91 16 106.89
91 17 103.16
91 18 26.4
91 19 89.87
91 20 101.95
91 21 68.01
91 22 86.05
91 23 92.63
91 24 47.17
91 25 27.29
91 26 66.04
91 27 42.05
91 28 25.0
91 29 70.21
91 30 95.9
91 31 54.41
91 32 73.93
91 33 55.66
91 34 93.17
91 35 62.01
91 36 26.25
91 37 57.8
91 38 81.02
91 39 57.63
91 40 100.4
91 41 2.83
91 42 91.76
91 43 70.71
91 44 30.15
91 45 51.43
91 46 43.83
91 47 89.59
91 48 74.69
91 49 48.08
91 50 57.14
91 51 63.53
91 52 62.24
91 53 83.43
91 54 52.89
91 55 6.08
91 56 29.15
91 57 76.03
91 58 99.02
91 59 60.17
91 60 58.86
91 61 38.29
91 62 93.3
91 63 20.88
91 64 29.53
91 65 71.17
91 66 57.04
91 67 9.22
91 68 30.59
91 69 40.82
91 70 47.0
91 71 76.03
91 72 29.43
91 73 57.49
91 74 70.77
91 75 10.3
91 76 96.57
91 77 103.24
91 78 86.68
91 79 30.81
91 80 18.36
91 81 37.05
91 82 87.37
91 83 62.77
91 84 82.73
91 85 71.7
91 86 62.27
91 87 42.19
91 88 79.25
91 89 60.01
91 90 75.58
91 92 73.93
91 93 42.05
91 94 85.62
91 95 104.02
91 96 72.45
91 97 48.88
91 98 107.52
91 99 78.26
91 100 98.01
91 101 50.01
91 102 119.82
91 103 48.33
91 104 95.29
91 105 46.84
91 106 58.31
91 107 22.36
91 108 49.41
91 109 26.0
91 110 59.64
91 111 65.07
91 112 73.17
91 113 55.8
91 114 77.79
91 115 112.77
91 116 28.79
91 117 41.4
91 118 80.65
91 119 34.18
91 120 43.05
91 121 73.03
91 122 93.11
91 123 70.94
91 124 52.0
91 125 56.3
91 126 65.51
91 127 105.76
91 128 101.79
91 129 60.01
91 130 45.54
91 131 56.75
91 132 25.5
91 133 37.16
91 134 43.83
91 135 36.8
91 136 108.23
91 137 21.84
91 138 69.86
91 139 82.98
91 140 45.69
91 141 58.25
91 142 104.55
91 143 50.21
91 144 76.4
91 145 65.01
91 146 68.35
91 147 27.46
91 148 60.96
91 149 34.23
91 150 16.49
91 151 56.57
91 152 79.31
91 153 60.21
91 154 42.11
91 155 19.1
91 156 58.59
91 157 17.12
91 158 38.08
91 159 98.41
91 160 44.1
91 161 77.47
91 162 104.1
91 163 110.07
91 164 49.65
91 165 47.71
91 166 52.2
91 167 50.61
91 168 79.25
91 169 66.71
91 170 100.17
91 171 104.71
91 172 39.56
91 173 93.49
91 174 61.62
91 175 28.02
91 176 51.61
91 177 114.81
91 178 92.7
91 179 73.93
91 180 36.24
91 181 63.32
91 182 15.23
91 183 83.55
91 184 41.98
91 185 63.81
91 186 70.88
91 187 91.21
91 188 39.05
91 189 125.0
91 190 62.8
91 191 79.23
91 192 78.26
91 193 62.94
91 194 94.92
91 195 42.19
91 196 55.66
91 197 25.08
91 198 86.56
91 199 34.93
91 200 97.74
91 201 34.54
92 0 59.36
92 1 28.18
92 2 38.6
92 3 80.0
92 4 90.6
92 5 80.1
92 6 113.84
92 7 70.71
92 8 22.02
92 9 74.2
92 10 80.75
92 11 78.52
92 12 109.49
92 13 77.28
92 14 53.14
92 15 102.94
92 16 33.24
92 17 40.31
92 18 50.6
92 19 98.02
92 20 80.23
92 21 30.0
92 22 104.48
92 23 102.02
92 24 57.58
92 25 78.09
92 26 34.67
92 27 103.75
92 28 92.97
92 29 105.3
92 30 63.53
92 31 20.62
92 32 66.12
92 33 121.08
92 34 63.07
92 35 38.05
92 36 72.99
92 37 87.92
92 38 70.71
92 39 75.43
92 40 45.61
92 41 76.66
92 42 22.56
92 43 119.85
92 44 67.36
92 45 62.64
92 46 87.82
92 47 113.0
92 48 5.0
92 49 98.05
92 50 63.25
92 51 38.95
92 52 62.39
92 53 24.04
92 54 101.21
92 55 70.21
92 56 89.87
92 57 81.02
92 58 115.04
92 59 53.34
92 60 47.38
92 61 89.36
92 62 69.64
92 63 60.44
92 64 92.89
92 65 111.43
92 66 68.96
92 67 65.3
92 68 70.35
92 69 33.12
92 70 105.6
92 71 143.63
92 72 95.48
92 73 50.64
92 74 85.84
92 75 79.71
92 76 31.02
92 77 110.37
92 78 18.25
92 79 57.43
92 80 84.76
92 81 44.2
92 82 111.16
92 83 69.72
92 84 74.67
92 85 120.75
92 86 96.51
92 87 46.53
92 88 52.89
92 89 100.32
92 90 70.11
92 91 73.93
92 93 115.88
92 94 120.07
92 95 102.59
92 96 106.9
92 97 65.79
92 98 80.53
92 99 52.63
92 100 86.83
92 101 38.63
92 102 109.11
92 103 26.25
92 104 84.4
92 105 53.49
92 106 100.22
92 107 90.03
92 108 70.23
92 109 97.31
92 110 91.08
92 111 40.01
92 112 42.95
92 113 19.42
92 114 91.35
92 115 38.91
92 116 74.67
92 117 89.09
92 118 62.37
92 119 58.52
92 120 42.0
92 121 36.14
92 122 21.02
92 123 24.76
92 124 23.35
92 125 100.62
92 126 35.51
92 127 118.07
92 128 66.57
92 129 115.66
92 130 79.23
92 131 80.05
92 132 57.31
92 133 100.44
92 134 30.23
92 135 110.11
92 136 98.08
92 137 71.81
92 138 65.0
92 139 17.03
92 140 59.24
92 141 107.42
92 142 73.93
92 143 29.02
92 144 138.6
92 145 38.01
92 146 13.0
92 147 99.2
92 148 18.25
92 149 50.8
92 150 71.17
92 151 108.56
92 152 57.49
92 153 130.23
92 154 40.5
92 155 59.55
92 156 39.92
92 157 82.22
92 158 55.0
92 159 86.13
92 160 88.0
92 161 9.22
92 162 30.23
92 163 90.47
92 164 96.75
92 165 26.4
92 166 118.83
92 167 120.34
92 168 18.03
92 169 10.44
92 170 26.4
92 171 30.87
92 172 50.0
92 173 88.28
92 174 86.13
92 175 76.84
92 176 34.37
92 177 110.35
92 178 100.08
92 179 140.26
92 180 93.06
92 181 20.22
92 182 83.93
92 183 55.97
92 184 106.83
92 185 10.44
92 186 134.47
92 187 20.62
92 188 100.66
92 189 117.64
92 190 134.06
92 191 129.69
92 192 26.42
92 193 127.66
92 194 69.46
92 195 101.12
92 196 55.11
92 197 49.09
92 198 93.02
92 199 108.71
92 200 41.4
92 201 59.36
93 0 70.18
93 1 87.71
93 2 145.8
93 3 59.24
93 4 49.98
93 5 55.54
93 6 147.83
93 7 45.18
93 8 136.06
93 9 57.14
93 10 115.73
93 11 68.35
93 12 99.32
93 13 117.89
93 14 63.82
93 15 43.27
93 16 148.92
93 17 144.37
93 18 66.61
93 19 112.54
93 20 134.35
93 21 106.83
93 22 104.24
93 23 114.13
93 24 82.01
93 25 48.88
93 26 103.95
93 27 36.0
93 28 28.65
93 29 82.38
93 30 132.0
93 31 96.04
93 32 106.57
93 33 40.82
93 34 129.02
93 35 101.43
93 36 52.43
93 37 78.19
93 38 113.0
93 39 84.93
93 40 140.62
93 41 39.4
93 42 133.7
93 43 70.77
93 44 59.41
93 45 84.15
93 46 61.68
93 47 104.01
93 48 116.73
93 49 52.15
93 50 85.96
93 51 100.5
93 52 95.26
93 53 124.92
93 54 61.59
93 55 45.79
93 56 42.45
93 57 103.32
93 58 115.76
93 59 96.02
93 60 96.33
93 61 48.76
93 62 127.39
93 63 58.14
93 64 34.18
93 65 79.03
93 66 83.19
93 67 50.61
93 68 57.69
93 69 82.76
93 70 47.8
93 71 50.16
93 72 34.79
93 73 94.13
93 74 94.87
93 75 37.01
93 76 138.19
93 77 123.88
93 78 127.88
93 79 65.8
93 80 34.83
93 81 77.62
93 82 102.08
93 83 93.06
93 84 113.6
93 85 71.51
93 86 72.34
93 87 81.22
93 88 116.07
93 89 72.2
93 90 107.06
93 91 42.05
93 92 115.88
93 94 93.61
93 95 128.51
93 96 84.31
93 97 80.31
93 98 140.91
93 99 115.07
93 100 127.35
93 101 90.03
93 102 146.11
93 103 90.38
93 104 124.95
93 105 83.15
93 106 69.97
93 107 34.23
93 108 78.77
93 109 21.63
93 110 78.39
93 111 104.09
93 112 111.76
93 113 97.42
93 114 100.66
93 115 154.77
93 116 53.0
93 117 52.63
93 118 115.16
93 119 70.26
93 120 81.39
93 121 112.79
93 122 135.15
93 123 110.63
93 124 94.02
93 125 66.89
93 126 103.25
93 127 123.31
93 128 138.0
93 129 57.31
93 130 65.19
93 131 76.84
93 132 64.33
93 133 33.24
93 134 85.87
93 135 13.04
93 136 135.72
93 137 50.45
93 138 102.49
93 139 124.04
93 140 80.0
93 141 63.41
93 142 139.29
93 143 90.8
93 144 59.14
93 145 104.39
93 146 110.31
93 147 23.54
93 148 102.08
93 149 73.35
93 150 48.08
93 151 59.67
93 152 115.0
93 153 33.54
93 154 82.71
93 155 59.2
93 156 95.52
93 157 40.01
93 158 72.35
93 159 128.1
93 160 56.75
93 161 119.51
93 162 145.99
93 163 140.81
93 164 61.29
93 165 89.55
93 166 36.89
93 167 29.07
93 168 120.0
93 169 108.75
93 170 142.02
93 171 146.71
93 172 75.69
93 173 121.3
93 174 83.82
93 175 54.23
93 176 90.69
93 177 139.09
93 178 115.16
93 179 50.8
93 180 42.2
93 181 105.0
93 182 33.94
93 183 120.02
93 184 37.01
93 185 105.68
93 186 53.14
93 187 132.57
93 188 41.68
93 189 149.31
93 190 32.0
93 191 75.21
93 192 119.37
93 193 46.1
93 194 129.31
93 195 40.05
93 196 91.01
93 197 67.12
93 198 110.72
93 199 7.21
93 200 138.29
93 201 70.18
94 0 66.01
94 1 103.17
94 2 125.1
94 3 125.92
94 4 50.12
94 5 122.25
94 6 67.48
94 7 87.66
94 8 128.44
94 9 58.69
94 10 55.32
94 11 133.54
94 12 15.26
94 13 60.21
94 14 99.82
94 15 50.93
94 16 142.23
94 17 120.93
94 18 101.43
94 19 37.59
94 20 74.89
94 21 134.18
94 22 24.19
94 23 35.85
94 24 62.97
94 25 112.81
94 26 135.01
94 27 120.21
94 28 103.17
94 29 16.12
94 30 85.56
94 31 111.54
94 32 61.03
94 33 56.36
94 34 82.73
94 35 83.22
94 36 111.79
94 37 33.06
94 38 61.62
94 39 44.64
94 40 110.6
94 41 84.58
94 42 123.0
94 43 24.7
94 44 114.79
94 45 57.49
94 46 42.06
94 47 16.49
94 48 117.05
94 49 131.37
94 50 139.06
94 51 135.03
94 52 59.09
94 53 110.02
94 54 33.84
94 55 90.82
94 56 58.31
94 57 45.45
94 58 28.02
94 59 67.78
94 60 73.39
94 61 122.59
94 62 75.74
94 63 102.62
94 64 110.14
94 65 15.0
94 66 140.43
94 67 90.14
94 68 115.77
94 69 100.02
94 70 45.97
94 71 67.9
94 72 62.8
94 73 69.89
94 74 36.36
94 75 93.91
94 76 120.93
94 77 40.45
94 78 138.25
94 79 112.06
94 80 100.72
94 81 81.1
94 82 16.16
94 83 51.48
94 84 58.69
94 85 24.35
94 86 147.6
94 87 75.54
94 88 79.06
94 89 25.63
94 90 57.8
94 91 85.62
94 92 120.07
94 93 93.61
94 95 51.24
94 96 14.04
94 97 54.74
94 98 82.38
94 99 78.49
94 100 61.91
94 101 81.79
94 102 68.25
94 103 99.61
94 104 61.29
94 105 67.08
94 106 27.31
94 107 67.96
94 108 50.49
94 109 98.6
94 110 30.02
94 111 82.46
94 112 84.12
94 113 112.64
94 114 33.97
94 115 148.48
94 116 114.39
94 117 126.13
94 118 70.43
94 119 67.01
94 120 116.52
94 121 90.34
94 122 128.04
94 123 133.63
94 124 100.13
94 125 29.53
94 126 135.0
94 127 35.06
94 128 89.94
94 129 37.22
94 130 131.1
94 131 142.0
94 132 74.43
94 133 115.43
94 134 99.18
94 135 80.72
94 136 62.97
94 137 107.34
94 138 59.68
94 139 136.34
94 140 61.66
94 141 30.41
94 142 85.6
94 143 115.02
94 144 52.24
94 145 84.31
94 146 107.56
94 147 73.76
94 148 119.71
94 149 75.01
94 150 101.95
94 151 33.97
94 152 74.4
94 153 70.77
94 154 82.49
94 155 78.26
94 156 131.14
94 157 69.32
94 158 118.46
94 159 63.29
94 160 129.25
94 161 116.38
94 162 144.31
94 163 74.69
94 164 36.24
94 165 105.23
94 166 59.17
94 167 67.74
94 168 135.33
94 169 109.64
94 170 141.87
94 171 141.85
94 172 117.55
94 173 54.38
94 174 33.96
94 175 58.52
94 176 121.04
94 177 58.69
94 178 38.48
94 179 62.97
94 180 118.85
94 181 100.0
94 182 97.13
94 183 79.81
94 184 56.64
94 185 114.93
94 186 54.13
94 187 140.52
94 188 53.15
94 189 67.12
94 190 76.69
94 191 27.0
94 192 102.88
94 193 55.36
94 194 77.9
94 195 122.32
94 196 65.15
94 197 89.56
94 198 40.22
94 199 91.92
94 200 111.25
94 201 66.01
95 0 71.42
95 1 97.94
95 2 91.98
95 3 140.73
95 4 78.55
95 5 137.89
95 6 19.31
95 7 104.35
95 8 102.08
95 9 75.72
95 10 22.14
95 11 146.0
95 12 36.67
95 13 25.32
95 14 107.3
95 15 86.83
95 16 113.75
95 17 87.1
95 18 107.62
95 19 16.28
95 20 29.97
95 21 126.19
95 22 28.16
95 23 16.03
95 24 60.44
95 25 129.5
95 26 128.88
95 27 145.34
95 28 127.58
95 29 51.01
95 30 46.57
95 31 103.25
95 32 37.7
95 33 99.61
95 34 44.91
95 35 66.1
95 36 126.57
95 37 50.33
95 38 32.02
95 39 46.4
95 40 75.19
95 41 104.4
95 42 96.08
95 43 72.25
95 44 126.73
95 45 54.56
95 46 66.85
95 47 34.79
95 48 98.15
95 49 151.86
95 50 143.96
95 51 130.78
95 52 46.32
95 53 84.01
95 54 69.23
95 55 107.06
95 56 86.41
95 57 28.28
95 58 25.24
95 59 53.67
95 60 59.09
95 61 141.77
95 62 36.67
95 63 113.28
95 64 133.22
95 65 58.08
95 66 147.3
95 67 104.0
95 68 128.76
95 69 97.13
95 70 83.74
95 71 116.07
95 72 93.78
95 73 57.25
95 74 34.0
95 75 114.2
95 76 90.67
95 77 12.73
95 78 119.94
95 79 120.25
95 80 122.2
95 81 79.88
95 82 35.17
95 83 42.52
95 84 28.16
95 85 72.34
95 86 163.38
95 87 72.11
95 88 50.16
95 89 58.69
95 90 34.01
95 91 104.02
95 92 102.59
95 93 128.51
95 94 51.24
95 96 50.01
95 97 55.87
95 98 36.06
95 99 50.25
95 100 17.46
95 101 72.45
95 102 18.11
95 103 92.2
95 104 19.1
95 105 63.01
95 106 60.83
95 107 95.71
95 108 54.67
95 109 125.54
95 110 50.29
95 111 63.32
95 112 59.68
95 113 103.82
95 114 27.86
95 115 119.22
95 116 129.4
95 117 144.42
95 118 40.31
95 119 72.14
95 120 117.48
95 121 66.61
95 122 102.04
95 123 123.37
95 124 90.62
95 125 63.95
95 126 129.24
95 127 22.02
95 128 48.47
95 129 81.1
95 130 144.42
95 131 152.9
95 132 82.04
95 133 140.35
95 134 94.37
95 135 115.77
95 136 12.21
95 137 122.35
95 138 40.25
95 139 119.52
95 140 60.96
95 141 70.35
95 142 41.59
95 143 110.49
95 144 101.49
95 145 65.25
95 146 89.82
95 147 105.31
95 148 110.05
95 149 76.84
95 150 117.46
95 151 74.43
95 152 45.28
95 153 114.74
95 154 78.03
95 155 88.39
95 156 128.38
95 157 92.78
95 158 124.62
95 159 18.68
95 160 146.41
95 161 95.63
95 162 118.21
95 163 25.46
95 164 68.15
95 165 99.32
95 166 101.12
95 167 108.85
95 168 120.42
95 169 93.39
95 170 117.04
95 171 114.44
95 172 121.76
95 173 14.32
95 174 44.78
95 175 77.7
95 176 118.07
95 177 10.82
95 178 14.04
95 179 111.07
95 180 140.25
95 181 83.68
95 182 118.81
95 183 48.0
95 184 93.86
95 185 101.92
95 186 102.08
95 187 120.42
95 188 87.64
95 189 21.1
95 190 120.81
95 191 77.47
95 192 78.16
95 193 101.08
95 194 38.08
95 195 146.01
95 196 55.23
95 197 94.64
95 198 17.89
95 199 124.48
95 200 77.47
95 201 71.42
96 0 52.0
96 1 89.27
96 2 114.2
96 3 112.73
96 4 37.8
96 5 109.12
96 6 68.26
96 7 74.32
96 8 116.3
96 9 44.92
96 10 48.3
96 11 120.15
96 12 15.23
96 13 52.84
96 14 85.91
96 15 41.05
96 16 130.25
96 17 110.26
96 18 87.48
96 19 34.23
96 20 68.94
96 21 120.27
96 22 22.09
96 23 34.0
96 24 49.48
96 25 99.73
96 26 121.04
96 27 108.58
96 28 91.21
96 29 2.24
96 30 77.2
96 31 97.74
96 32 50.91
96 33 50.45
96 34 74.2
96 35 70.68
96 36 98.49
96 37 19.24
96 38 52.8
96 39 31.78
96 40 100.5
96 41 71.59
96 42 111.02
96 43 22.56
96 44 101.24
96 45 44.27
96 46 28.64
96 47 19.72
96 48 104.06
96 49 118.98
96 50 125.17
96 51 121.02
96 52 47.17
96 53 98.11
96 54 22.8
96 55 77.47
96 56 46.23
96 57 36.62
96 58 31.78
96 59 55.47
96 60 60.84
96 61 109.93
96 62 67.96
96 63 88.89
96 64 98.01
96 65 8.25
96 66 126.65
96 67 76.55
96 68 102.32
96 69 86.05
96 70 36.72
96 71 66.07
96 72 51.62
96 73 57.27
96 74 26.25
96 75 81.12
96 76 109.55
96 77 41.77
96 78 125.0
96 79 98.23
96 80 88.2
96 81 67.19
96 82 17.89
96 83 39.66
96 84 50.48
96 85 22.8
96 86 134.65
96 87 61.81
96 88 68.68
96 89 12.81
96 90 48.17
96 91 72.45
96 92 106.9
96 93 84.31
96 94 14.04
96 95 50.01
96 97 41.23
96 98 76.56
96 99 68.01
96 100 56.92
96 101 68.41
96 102 68.01
96 103 85.84
96 104 55.71
96 105 53.6
96 106 14.87
96 107 56.08
96 108 36.88
96 109 87.11
96 110 16.12
96 111 70.24
96 112 72.67
96 113 98.86
96 114 26.4
96 115 136.57
96 116 101.13
96 117 113.37
96 118 60.88
96 119 53.0
96 120 102.49
96 121 78.55
96 122 115.84
96 123 119.82
96 124 86.49
96 125 17.69
96 126 121.02
96 127 39.4
96 128 82.1
96 129 31.4
96 130 117.78
96 131 128.51
96 132 60.41
96 133 103.71
96 134 85.29
96 135 71.28
96 136 60.53
96 137 94.02
96 138 48.92
96 139 122.97
96 140 48.05
96 141 21.54
96 142 78.77
96 143 101.04
96 144 51.79
96 145 72.01
96 146 94.58
96 147 63.03
96 148 105.93
96 149 61.03
96 150 88.64
96 151 25.63
96 152 64.35
96 153 65.51
96 154 68.73
96 155 64.33
96 156 117.11
96 157 56.6
96 158 104.56
96 159 58.19
96 160 116.36
96 161 103.62
96 162 131.95
96 163 70.6
96 164 24.08
96 165 91.35
96 166 52.5
96 167 60.75
96 168 121.81
96 169 96.46
96 170 129.36
96 171 129.71
96 172 103.58
96 173 49.34
96 174 21.02
96 175 44.94
96 176 107.02
96 177 59.21
96 178 36.06
96 179 61.07
96 180 106.51
96 181 86.98
96 182 84.6
96 183 70.01
96 184 47.51
96 185 101.41
96 186 52.09
96 187 127.44
96 188 42.8
96 189 68.73
96 190 71.59
96 191 29.53
96 192 90.92
96 193 51.24
96 194 70.18
96 195 110.42
96 196 52.39
96 197 75.54
96 198 35.17
96 199 81.84
96 200 100.77
96 201 52.0
97 0 15.62
97 1 49.09
97 2 77.99
97 3 84.9
97 4 34.48
97 5 82.02
97 6 74.03
97 7 48.83
97 8 76.84
97 9 23.19
97 10 37.59
97 11 90.43
97 12 46.17
97 13 38.63
97 14 52.15
97 15 47.17
97 16 91.02
97 17 74.81
97 18 52.84
97 19 43.27
97 20 54.34
97 21 80.02
97 22 43.68
97 23 46.65
97 24 8.25
97 25 73.66
97 26 81.3
97 27 90.82
97 28 73.35
97 29 39.56
97 30 52.35
97 31 57.04
97 32 26.31
97 33 65.31
97 34 49.25
97 35 31.24
97 36 70.71
97 37 22.14
97 38 32.98
97 39 11.4
97 40 67.23
97 41 49.65
97 42 72.01
97 43 55.22
97 44 71.06
97 45 4.47
97 46 26.08
97 47 50.49
97 48 63.16
97 49 96.21
97 50 90.38
97 51 81.88
97 52 15.0
97 53 59.55
97 54 38.21
97 55 51.4
97 56 39.2
97 57 27.59
97 58 56.3
97 59 18.36
97 60 21.93
97 61 86.05
97 62 47.1
97 63 57.63
97 64 78.39
97 65 45.69
97 66 93.06
97 67 48.17
97 68 73.0
97 69 46.53
97 70 47.41
97 71 87.32
97 72 47.17
97 73 18.44
97 74 25.08
97 75 59.17
97 76 72.12
97 77 57.14
97 78 83.82
97 79 65.19
97 80 67.23
97 81 27.46
97 82 48.37
97 83 13.89
97 84 34.18
97 85 56.04
97 86 107.56
97 87 21.0
97 88 37.64
97 89 34.99
97 90 27.2
97 91 48.88
97 92 65.79
97 93 80.31
97 94 54.74
97 95 55.87
97 96 41.23
97 98 60.67
97 99 36.69
97 100 49.19
97 101 27.2
97 102 71.03
97 103 45.04
97 104 46.52
97 105 12.37
97 106 35.23
97 107 46.1
97 108 4.47
97 109 72.45
97 110 25.3
97 111 31.83
97 112 36.89
97 113 58.08
97 114 32.2
97 115 97.42
97 116 73.54
97 117 88.62
97 118 35.01
97 119 16.4
97 120 65.15
97 121 41.11
97 122 76.28
97 123 79.1
97 124 45.4
97 125 36.24
97 126 81.39
97 127 61.74
97 128 58.31
97 129 53.91
97 130 88.73
97 131 97.65
97 132 26.25
97 133 85.88
97 134 45.1
97 135 69.0
97 136 59.36
97 137 66.48
97 138 22.2
97 139 81.74
97 140 7.0
97 141 43.86
97 142 59.03
97 143 61.4
97 144 78.24
97 145 33.24
97 146 53.71
97 147 57.04
97 148 65.12
97 149 22.47
97 150 61.62
97 151 46.01
97 152 35.51
97 153 78.43
97 154 28.0
97 155 32.53
97 156 78.45
97 157 40.79
97 158 70.24
97 159 49.66
97 160 90.55
97 161 63.06
97 162 91.92
97 163 61.68
97 164 34.06
97 165 51.04
97 166 64.62
97 167 69.64
97 168 80.6
97 169 55.36
97 170 89.07
97 171 90.14
97 172 68.03
97 173 44.65
97 174 21.02
97 175 26.08
97 176 68.07
97 177 66.53
97 178 46.04
97 179 83.01
97 180 84.88
97 181 46.1
97 182 64.01
97 183 41.0
97 184 53.45
97 185 60.21
97 186 75.45
97 187 86.38
97 188 46.17
97 189 76.58
97 190 83.82
97 191 64.9
97 192 52.4
97 193 70.33
97 194 49.04
97 195 91.07
97 196 13.6
97 197 39.82
97 198 39.2
97 199 74.81
97 200 66.29
97 201 15.62
98 0 73.08
98 1 85.63
98 2 60.01
98 3 137.71
98 4 93.01
98 5 135.69
98 6 37.05
98 7 106.63
98 8 73.76
98 9 83.86
98 10 28.46
98 11 140.91
98 12 67.12
98 13 24.52
98 14 102.73
98 15 104.31
98 16 83.29
98 17 55.01
98 18 102.08
98 19 45.0
98 20 7.62
98 21 108.47
98 22 58.25
98 23 47.51
98 24 60.44
98 25 128.8
98 26 112.2
98 27 149.35
98 28 132.5
98 29 76.69
98 30 17.0
98 31 87.86
98 32 34.37
98 33 120.51
98 34 17.8
98 35 51.86
98 36 124.82
98 37 68.07
98 38 28.02
98 39 57.04
98 40 43.05
98 41 108.81
98 42 67.91
98 43 98.79
98 44 122.97
98 45 57.07
98 46 82.15
98 47 67.01
98 48 75.59
98 49 152.05
98 50 133.73
98 51 115.26
98 52 45.89
98 53 57.94
98 54 89.63
98 55 108.63
98 56 99.13
98 57 41.23
98 58 60.14
98 59 47.54
98 60 50.12
98 61 141.77
98 62 14.32
98 63 110.15
98 64 136.7
98 65 84.69
98 66 138.19
98 67 104.39
98 68 125.54
98 69 86.68
98 70 102.83
98 71 140.19
98 72 107.12
98 73 50.57
98 74 51.92
98 75 117.65
98 76 60.67
98 77 48.6
98 78 95.63
98 79 114.55
98 80 125.59
98 81 74.3
98 82 66.61
98 83 48.04
98 84 28.16
98 85 99.16
98 86 159.48
98 87 67.08
98 88 31.24
98 89 80.78
98 90 34.01
98 91 107.52
98 92 80.53
98 93 140.91
98 94 82.38
98 95 36.06
98 96 76.56
98 97 60.67
98 99 32.02
98 100 20.62
98 101 62.68
98 102 32.06
98 103 79.25
98 104 21.1
98 105 60.75
98 106 82.46
98 107 106.68
98 108 62.2
98 109 132.44
98 110 69.63
98 111 48.27
98 112 41.01
98 113 87.97
98 114 50.16
98 115 88.05
98 116 127.53
98 117 143.59
98 118 26.93
98 119 73.38
98 120 106.96
98 121 46.23
98 122 73.98
98 123 104.31
98 124 76.37
98 125 85.15
98 126 112.8
98 127 58.01
98 128 15.13
98 129 104.29
98 130 140.06
98 131 146.21
98 132 82.28
98 133 144.56
98 134 82.98
98 135 129.31
98 136 25.08
98 137 121.2
98 138 38.47
98 139 96.25
98 140 62.1
98 141 92.89
98 142 7.07
98 143 96.9
98 144 127.44
98 145 49.58
98 146 69.34
98 147 117.52
98 148 92.8
98 149 74.32
98 150 117.2
98 151 96.54
98 152 29.15
98 153 135.07
98 154 70.49
98 155 88.96
98 156 114.11
98 157 101.43
98 158 117.0
98 159 19.21
98 160 144.63
98 161 72.01
98 162 88.96
98 163 12.17
98 164 86.98
98 165 86.28
98 166 120.93
98 167 127.39
98 168 98.39
98 169 73.5
98 170 88.65
98 171 84.59
98 172 113.07
98 173 28.02
98 174 62.17
98 175 86.7
98 176 104.69
98 177 37.64
98 178 44.69
98 179 135.34
98 180 141.95
98 181 65.44
98 182 122.7
98 183 26.91
98 184 111.22
98 185 83.23
98 186 126.65
98 187 94.87
98 188 104.12
98 189 41.05
98 190 140.91
98 191 106.02
98 192 54.12
98 193 123.76
98 194 13.04
98 195 148.93
98 196 51.87
98 197 90.43
98 198 42.19
98 199 135.48
98 200 46.27
98 201 73.08
99 0 45.01
99 1 53.74
99 2 46.65
99 3 106.07
99 4 71.17
99 5 104.2
99 6 61.47
99 7 76.9
99 8 52.77
99 9 58.55
99 10 29.07
99 11 109.0
99 12 64.88
99 13 25.02
99 14 71.12
99 15 83.82
99 16 65.52
99 17 42.44
99 18 70.33
99 19 48.27
99 20 29.21
99 21 78.29
99 22 57.78
99 23 52.17
99 24 33.14
99 25 97.69
99 26 81.63
99 27 119.37
99 28 103.16
99 29 67.21
99 30 17.72
99 31 56.61
99 32 17.49
99 33 101.77
99 34 15.23
99 35 19.85
99 36 93.52
99 37 52.8
99 38 19.24
99 39 38.83
99 40 32.53
99 41 79.91
99 42 46.87
99 43 87.32
99 44 91.3
99 45 32.28
99 46 62.24
99 47 67.12
99 48 48.05
99 49 120.93
99 50 101.83
99 51 84.31
99 52 22.83
99 53 34.23
99 54 73.06
99 55 78.59
99 56 75.5
99 57 33.54
99 58 65.97
99 59 19.1
99 60 19.42
99 61 110.69
99 62 18.44
99 63 78.72
99 64 106.74
99 65 74.95
99 66 106.22
99 67 74.04
99 68 93.94
99 69 54.67
99 70 83.77
99 71 123.44
99 72 83.36
99 73 21.02
99 74 42.2
99 75 88.07
99 76 43.08
99 77 59.14
99 78 69.72
99 79 82.68
99 80 95.8
99 81 43.08
99 82 65.74
99 83 29.21
99 84 23.19
99 85 87.97
99 86 127.62
99 87 36.4
99 88 1.0
99 89 67.01
99 90 21.02
99 91 78.26
99 92 52.63
99 93 115.07
99 94 78.49
99 95 50.25
99 96 68.01
99 97 36.69
99 98 32.02
99 100 34.21
99 101 30.89
99 102 56.86
99 103 47.38
99 104 31.78
99 105 32.02
99 106 68.01
99 107 81.39
99 108 39.92
99 109 103.95
99 110 55.44
99 111 16.28
99 112 9.85
99 113 56.86
99 114 45.18
99 115 71.47
99 116 96.18
99 117 112.31
99 118 10.0
99 119 45.04
99 120 75.01
99 121 16.49
99 122 52.61
99 123 74.73
99 124 44.69
99 125 69.89
99 126 82.15
99 127 67.6
99 128 23.54
99 129 88.84
99 130 108.23
99 131 114.2
99 132 52.77
99 133 114.73
99 134 50.99
99 135 104.58
99 136 45.54
99 137 90.08
99 138 19.1
99 139 69.43
99 140 35.23
99 141 77.94
99 142 27.29
99 143 65.3
99 144 113.21
99 145 17.69
99 146 40.16
99 147 92.44
99 148 62.27
99 149 44.15
99 150 86.38
99 151 80.78
99 152 5.0
99 153 115.11
99 154 38.91
99 155 59.23
99 156 82.8
99 157 75.06
99 158 85.0
99 159 33.53
99 160 113.15
99 161 45.4
99 162 69.05
99 163 39.41
99 164 69.35
99 165 54.49
99 166 101.24
99 167 106.32
99 168 70.6
99 169 44.01
99 170 67.48
99 171 65.73
99 172 81.06
99 173 36.06
99 174 48.17
99 175 61.66
99 176 73.11
99 177 57.72
99 178 49.82
99 179 118.96
99 180 111.33
99 181 34.89
99 182 93.17
99 183 5.39
99 184 90.14
99 185 53.23
99 186 111.02
99 187 70.18
99 188 82.86
99 189 65.19
99 190 120.5
99 191 96.26
99 192 28.0
99 193 106.45
99 194 19.1
99 195 118.6
99 196 24.19
99 197 59.09
99 198 43.42
99 199 109.0
99 200 32.8
99 201 45.01
100 0 63.81
100 1 85.15
100 2 74.53
100 3 132.14
100 4 77.93
100 5 129.63
100 6 27.78
100 7 97.75
100 8 85.0
100 9 71.51
100 10 11.7
100 11 136.56
100 12 46.65
100 13 11.31
100 14 97.67
100 15 88.14
100 16 96.42
100 17 69.63
100 18 97.59
100 19 24.41
100 20 13.45
100 21 111.89
100 22 37.74
100 23 26.91
100 24 51.61
100 25 121.83
100 26 114.93
100 27 140.0
100 28 122.54
100 29 57.28
100 30 29.12
100 31 89.47
100 32 25.46
100 33 103.17
100 34 27.46
100 35 51.88
100 36 118.41
100 37 51.01
100 38 18.44
100 39 42.45
100 40 57.72
100 41 98.84
100 42 79.0
100 43 79.4
100 44 117.69
100 45 46.65
100 46 66.48
100 47 46.4
100 48 82.23
100 49 144.78
100 50 132.44
100 51 117.24
100 52 36.4
100 53 67.19
100 54 72.11
100 55 100.17
100 56 84.93
100 57 24.19
100 58 39.82
100 59 41.77
100 60 46.4
100 61 134.53
100 62 19.24
100 63 104.35
100 64 127.53
100 65 65.15
100 66 136.24
100 67 96.52
100 68 119.97
100 69 85.0
100 70 86.0
100 71 121.82
100 72 92.76
100 73 45.34
100 74 34.01
100 75 108.3
100 76 73.33
100 77 29.07
100 78 103.75
100 79 110.32
100 80 116.36
100 81 69.3
100 82 46.04
100 83 35.34
100 84 15.62
100 85 79.7
100 86 154.56
100 87 61.52
100 88 33.96
100 89 62.51
100 90 22.8
100 91 98.01
100 92 86.83
100 93 127.35
100 94 61.91
100 95 17.46
100 96 56.92
100 97 49.19
100 98 20.62
100 99 34.21
100 101 60.0
100 102 23.6
100 103 79.08
100 104 2.83
100 105 53.26
100 106 64.38
100 107 93.41
100 108 49.4
100 109 121.46
100 110 52.04
100 111 48.75
100 112 43.97
100 113 89.89
100 114 30.81
100 115 101.83
100 116 121.21
100 117 136.82
100 118 24.7
100 119 64.35
100 120 105.6
100 121 50.7
100 122 85.01
100 123 108.63
100 124 77.03
100 125 67.27
100 126 115.38
100 127 38.47
100 128 31.3
100 129 85.99
100 130 135.28
100 131 142.84
100 132 74.06
100 133 135.07
100 134 81.84
100 135 115.12
100 136 11.66
100 137 114.4
100 138 29.07
100 139 103.59
100 140 52.7
100 141 74.67
100 142 25.0
100 143 97.42
100 144 108.42
100 145 50.57
100 146 74.33
100 147 103.81
100 148 95.75
100 149 67.48
100 150 109.86
100 151 78.52
100 152 29.41
100 153 118.07
100 154 66.6
100 155 80.71
100 156 115.25
100 157 89.2
100 158 113.95
100 159 1.41
100 160 138.41
100 161 79.43
100 162 101.04
100 163 14.04
100 164 70.0
100 165 86.28
100 166 104.02
100 167 111.04
100 168 104.81
100 169 78.11
100 170 100.0
100 171 97.19
100 172 110.63
100 173 7.62
100 174 45.01
100 175 74.0
100 176 105.15
100 177 23.54
100 178 24.08
100 179 116.9
100 180 133.78
100 181 68.71
100 182 113.18
100 183 31.26
100 184 95.19
100 185 87.09
100 186 108.06
100 187 103.95
100 188 88.36
100 189 31.3
100 190 124.04
100 191 86.16
100 192 61.66
100 193 105.8
100 194 20.62
100 195 140.16
100 196 44.6
100 197 84.96
100 198 21.93
100 199 122.53
100 200 60.02
100 201 63.81
101 0 22.8
101 1 25.5
101 2 56.8
101 3 75.18
101 4 54.56
101 5 73.35
101 6 87.66
101 7 48.04
101 8 51.62
101 9 38.6
101 10 50.61
101 11 78.24
101 12 72.11
101 13 48.83
101 14 40.25
101 15 67.48
101 16 65.8
101 17 54.78
101 18 39.45
101 19 64.03
101 20 58.9
101 21 54.92
101 22 68.12
101 23 67.91
101 24 18.97
101 25 67.07
101 26 57.01
101 27 89.63
101 28 74.24
101 29 66.76
101 30 48.33
101 31 31.58
101 32 34.99
101 33 86.05
101 34 46.07
101 35 12.17
101 36 62.77
101 37 49.34
101 38 41.62
101 39 37.34
101 40 50.64
101 41 52.09
101 42 47.51
101 43 81.49
101 44 60.42
101 45 24.33
101 46 50.0
101 47 76.01
101 48 36.24
101 49 90.25
101 50 72.47
101 51 58.52
101 52 26.93
101 53 36.36
101 54 63.25
101 55 49.25
101 56 55.76
101 57 46.57
101 58 79.76
101 59 18.79
101 60 13.6
101 61 80.06
101 62 48.6
101 63 47.93
101 64 77.1
101 65 72.8
101 66 76.42
101 67 44.41
101 68 63.06
101 69 25.0
101 70 69.31
101 71 108.71
101 72 62.65
101 73 15.23
101 74 49.04
101 75 59.14
101 76 49.74
101 77 77.49
101 78 56.61
101 79 51.87
101 80 66.48
101 81 13.04
101 82 74.03
101 83 33.24
101 84 44.94
101 85 82.37
101 86 96.8
101 87 9.43
101 88 31.76
101 89 61.74
101 90 38.47
101 91 50.01
101 92 38.63
101 93 90.03
101 94 81.79
101 95 72.45
101 96 68.41
101 97 27.2
101 98 62.68
101 99 30.89
101 100 60.0
101 102 83.6
101 103 19.92
101 104 57.2
101 105 14.87
101 106 61.72
101 107 58.69
101 108 31.62
101 109 76.01
101 110 52.5
101 111 15.52
101 112 23.77
101 113 32.39
101 114 55.33
101 115 72.18
101 116 65.39
101 117 81.54
101 118 36.8
101 119 22.2
101 120 45.61
101 121 23.02
101 122 50.93
101 123 53.15
101 124 19.1
101 125 62.27
101 126 57.28
101 127 83.95
101 128 53.85
101 129 78.24
101 130 77.39
101 131 83.74
101 132 25.71
101 133 85.16
101 134 21.95
101 135 81.27
101 136 71.61
101 137 59.46
101 138 32.2
101 139 54.57
101 140 20.62
101 141 69.34
101 142 58.18
101 143 38.08
101 144 101.91
101 145 15.13
101 146 26.93
101 147 69.29
101 148 39.2
101 149 16.76
101 150 56.04
101 151 70.8
101 152 33.6
101 153 97.1
101 154 8.25
101 155 31.14
101 156 55.95
101 157 51.26
101 158 54.56
101 159 59.82
101 160 82.29
101 161 36.62
101 162 65.8
101 163 68.62
101 164 58.82
101 165 26.93
101 166 84.4
101 167 87.46
101 168 53.6
101 169 28.23
101 170 62.68
101 171 64.54
101 172 50.91
101 173 58.67
101 174 47.85
101 175 41.62
101 176 45.62
101 177 81.99
101 178 66.48
101 179 104.89
101 180 81.04
101 181 19.42
101 182 64.2
101 183 36.24
101 184 72.42
101 185 33.24
101 186 98.29
101 187 59.24
101 188 65.6
101 189 90.97
101 190 101.71
101 191 91.3
101 192 29.97
101 193 92.1
101 194 49.65
101 195 88.53
101 196 18.25
101 197 28.46
101 198 59.2
101 199 83.36
101 200 48.27
101 201 22.8
102 0 86.21
102 1 108.72
102 2 92.01
102 3 155.13
102 4 96.14
102 5 152.5
102 6 5.0
102 7 119.85
102 8 104.94
102 9 92.18
102 10 33.97
102 11 159.81
102 12 54.23
102 13 34.83
102 14 120.92
102 15 104.79
102 16 115.11
102 17 87.01
102 18 120.93
102 19 34.37
102 20 29.43
102 21 135.06
102 22 46.01
102 23 34.01
102 24 74.41
102 25 144.46
102 26 138.24
102 27 161.55
102 28 143.89
102 29 69.07
102 30 47.38
102 31 112.87
102 32 48.92
102 33 117.72
102 34 46.87
102 35 75.29
102 36 141.23
102 37 68.01
102 38 42.01
102 39 62.65
102 40 75.0
102 41 120.42
102 42 98.99
102 43 90.09
102 44 140.8
102 45 69.03
102 46 84.43
102 47 51.79
102 48 104.36
102 49 167.2
102 50 156.03
102 51 140.66
102 52 59.41
102 53 88.07
102 54 87.3
102 55 122.41
102 56 103.82
102 57 43.91
102 58 40.8
102 59 65.3
102 60 70.0
102 61 157.0
102 62 39.56
102 63 127.4
102 64 149.25
102 65 76.01
102 66 159.79
102 67 119.02
102 68 143.01
102 69 108.6
102 70 101.79
102 71 134.01
102 72 111.33
102 73 68.88
102 74 51.26
102 75 130.08
102 76 92.27
102 77 27.89
102 78 125.42
102 79 133.66
102 80 138.13
102 81 92.7
102 82 52.47
102 83 57.2
102 84 38.95
102 85 90.14
102 86 177.65
102 87 84.9
102 88 56.46
102 89 76.79
102 90 45.97
102 91 119.82
102 92 109.11
102 93 146.11
102 94 68.25
102 95 18.11
102 96 68.01
102 97 71.03
102 98 32.06
102 99 56.86
102 100 23.6
102 101 83.6
102 103 102.63
102 104 26.4
102 105 76.38
102 106 78.92
102 107 112.92
102 108 70.49
102 109 142.24
102 110 68.15
102 111 72.07
102 112 66.71
102 113 113.25
102 114 45.61
102 115 120.0
102 116 144.05
102 117 159.46
102 118 47.89
102 119 86.83
102 120 129.2
102 121 73.16
102 122 105.08
102 123 131.59
102 124 100.5
102 125 82.04
102 126 138.71
102 127 35.34
102 128 47.0
102 129 99.18
102 130 158.45
102 131 166.24
102 132 96.67
102 133 156.58
102 134 105.44
102 135 133.45
102 136 12.04
102 137 137.13
102 138 52.35
102 139 125.57
102 140 75.29
102 141 88.46
102 142 39.01
102 143 120.95
102 144 119.27
102 145 73.82
102 146 96.93
102 147 122.78
102 148 118.96
102 149 90.55
102 150 132.44
102 151 92.54
102 152 52.33
102 153 132.85
102 154 90.14
102 155 103.23
102 156 138.76
102 157 109.57
102 158 137.44
102 159 23.85
102 160 161.2
102 161 101.24
102 162 120.5
102 163 20.0
102 164 86.12
102 165 109.84
102 166 119.22
102 167 126.92
102 168 127.14
102 169 100.85
102 170 119.94
102 171 116.28
102 172 134.18
102 173 26.4
102 174 62.3
102 175 94.37
102 176 128.7
102 177 9.85
102 178 32.14
102 179 129.02
102 180 155.9
102 181 91.71
102 182 134.83
102 183 53.14
102 184 111.83
102 185 110.07
102 186 120.02
102 187 125.17
102 188 105.51
102 189 9.0
102 190 138.92
102 191 94.89
102 192 83.24
102 193 119.15
102 194 40.02
102 195 161.99
102 196 67.9
102 197 108.19
102 198 35.44
102 199 141.87
102 200 78.06
102 201 86.21
103 0 35.11
103 1 6.4
103 2 57.31
103 3 62.36
103 4 65.19
103 5 61.39
103 6 106.85
103 7 45.31
103 8 45.69
103 9 48.88
103 10 70.21
103 11 63.56
103 12 91.02
103 13 68.1
103 14 30.02
103 15 77.2
103 16 58.67
103 17 57.01
103 18 28.02
103 19 83.93
103 20 76.49
103 21 35.23
103 22 87.57
103 23 87.8
103 24 37.0
103 25 57.14
103 26 37.11
103 27 82.02
103 28 69.23
103 29 84.01
103 30 63.41
103 31 12.0
103 32 54.56
103 33 95.13
103 34 61.72
103 35 27.66
103 36 52.24
103 37 66.61
103 38 60.9
103 39 56.01
103 40 57.07
103 41 50.99
103 42 43.68
103 43 96.21
103 44 48.05
103 45 43.05
103 46 63.69
103 47 95.13
103 48 26.42
103 49 79.25
103 50 54.49
103 51 38.63
103 52 46.84
103 53 37.0
103 54 77.08
103 55 45.22
103 56 63.89
103 57 66.48
103 58 99.46
103 59 38.63
103 60 33.11
103 61 69.58
103 62 65.8
103 63 38.0
103 64 70.26
103 65 89.27
103 66 59.03
103 67 40.16
103 68 50.99
103 69 9.06
103 70 80.16
103 71 117.59
103 72 69.3
103 73 35.11
103 74 68.47
103 75 55.08
103 76 49.37
103 77 97.42
103 78 41.88
103 79 38.33
103 80 61.0
103 81 19.31
103 82 93.09
103 83 52.95
103 84 64.41
103 85 97.14
103 86 82.35
103 87 24.08
103 88 48.08
103 89 77.62
103 90 58.18
103 91 48.33
103 92 26.25
103 93 90.38
103 94 99.61
103 95 92.2
103 96 85.84
103 97 45.04
103 98 79.25
103 99 47.38
103 100 79.08
103 101 19.92
103 102 102.63
103 104 76.32
103 105 33.02
103 106 77.2
103 107 63.78
103 108 49.16
103 109 72.8
103 110 69.72
103 111 31.14
103 112 38.29
103 113 13.04
103 114 74.97
103 115 64.66
103 116 54.45
103 117 70.21
103 118 55.0
103 119 34.18
103 120 27.8
103 121 34.13
103 122 44.78
103 123 34.06
103 124 4.0
103 125 77.16
103 126 37.36
103 127 103.81
103 128 68.24
103 129 90.82
103 130 63.32
103 131 67.74
103 132 31.4
103 133 78.16
103 134 5.0
103 135 84.06
103 136 90.74
103 137 50.01
103 138 52.0
103 139 38.95
103 140 38.05
103 141 83.38
103 142 73.88
103 143 18.36
103 144 113.16
103 145 29.7
103 146 20.4
103 147 73.01
103 148 20.1
103 149 26.0
103 150 48.17
103 151 84.1
103 152 51.09
103 153 104.0
103 154 17.12
103 155 33.3
103 156 36.24
103 157 55.97
103 158 38.91
103 159 78.77
103 160 70.09
103 161 29.15
103 162 56.4
103 163 86.56
103 164 72.62
103 165 7.21
103 166 92.76
103 167 94.11
103 168 36.77
103 169 18.38
103 170 52.63
103 171 56.6
103 172 34.48
103 173 78.26
103 174 66.07
103 175 51.31
103 176 26.08
103 177 101.53
103 178 86.4
103 179 114.34
103 180 72.06
103 181 17.26
103 182 59.67
103 183 52.35
103 184 80.81
103 185 17.2
103 186 108.81
103 187 45.61
103 188 74.81
103 189 110.28
103 190 107.81
103 191 106.04
103 192 33.54
103 193 101.83
103 194 66.47
103 195 80.02
103 196 38.08
103 197 23.26
103 198 79.12
103 199 83.26
103 200 53.6
103 201 35.11
104 0 61.06
104 1 82.38
104 2 73.01
104 3 129.32
104 4 75.66
104 5 126.82
104 6 30.53
104 7 95.02
104 8 83.02
104 9 68.95
104 10 9.22
104 11 133.73
104 12 46.04
104 13 8.49
104 14 94.85
104 15 86.05
104 16 94.64
104 17 68.15
104 18 94.76
104 19 24.08
104 20 13.6
104 21 109.25
104 22 37.2
104 23 26.91
104 24 48.83
104 25 119.04
104 26 112.26
104 27 137.31
104 28 119.87
104 29 55.97
104 30 27.86
104 31 86.77
104 32 22.63
104 33 101.32
104 34 25.96
104 35 49.19
104 36 115.6
104 37 49.01
104 38 15.62
104 39 40.02
104 40 56.32
104 41 96.15
104 42 77.03
104 43 78.11
104 44 114.87
104 45 43.91
104 46 64.28
104 47 46.1
104 48 79.83
104 49 142.0
104 50 129.63
104 51 114.53
104 52 33.6
104 53 65.07
104 54 70.26
104 55 97.42
104 56 82.57
104 57 22.02
104 58 40.22
104 59 38.95
104 60 43.6
104 61 131.75
104 62 17.72
104 63 101.53
104 64 124.82
104 65 63.91
104 66 133.42
104 67 93.74
104 68 117.15
104 69 82.2
104 70 84.02
104 71 120.22
104 72 90.43
104 73 42.52
104 74 32.14
104 75 105.59
104 76 71.57
104 77 30.08
104 78 101.43
104 79 107.49
104 80 113.65
104 81 66.47
104 82 45.61
104 83 32.7
104 84 12.81
104 85 78.43
104 86 151.74
104 87 58.69
104 88 31.58
104 89 60.83
104 90 20.0
104 91 95.29
104 92 84.4
104 93 124.95
104 94 61.29
104 95 19.1
104 96 55.71
104 97 46.52
104 98 21.1
104 99 31.78
104 100 2.83
104 101 57.2
104 102 26.4
104 103 76.32
104 105 50.45
104 106 62.65
104 107 90.96
104 108 46.82
104 109 118.85
104 110 50.16
104 111 46.1
104 112 41.48
104 113 87.21
104 114 29.41
104 115 100.13
104 116 118.41
104 117 134.03
104 118 22.14
104 119 61.59
104 120 102.8
104 121 48.27
104 122 83.01
104 123 106.04
104 124 74.3
104 125 65.49
104 126 112.7
104 127 39.4
104 128 30.53
104 129 84.34
104 130 132.46
104 131 140.01
104 132 71.28
104 133 132.38
104 134 79.06
104 135 112.79
104 136 14.42
104 137 111.61
104 138 26.25
104 139 101.2
104 140 49.93
104 141 72.99
104 142 24.76
104 143 94.67
104 144 107.0
104 145 47.93
104 146 71.84
104 147 101.41
104 148 93.11
104 149 64.66
104 150 107.07
104 151 76.79
104 152 26.93
104 153 116.16
104 154 63.78
104 155 77.94
104 156 112.51
104 157 86.65
104 158 111.13
104 159 3.16
104 160 135.6
104 161 77.1
104 162 99.13
104 163 16.03
104 164 68.03
104 165 83.53
104 166 102.08
104 167 109.0
104 168 102.36
104 169 75.58
104 170 98.01
104 171 95.34
104 172 107.81
104 173 7.07
104 174 43.01
104 175 71.47
104 176 102.4
104 177 25.96
104 178 24.08
104 179 115.32
104 180 131.03
104 181 66.13
104 182 110.48
104 183 29.07
104 184 93.09
104 185 84.5
104 186 106.51
104 187 101.71
104 188 86.21
104 189 34.0
104 190 122.1
104 191 85.09
104 192 59.41
104 193 104.09
104 194 19.31
104 195 137.44
104 196 41.77
104 197 82.13
104 198 21.1
104 199 120.07
104 200 58.46
104 201 61.06
105 0 13.0
105 1 37.48
105 2 68.24
105 3 78.87
105 4 42.19
105 5 76.4
105 6 79.93
105 7 45.88
105 8 65.44
105 9 27.51
105 10 42.43
105 11 83.44
105 12 58.01
105 13 42.01
105 14 44.55
105 15 55.23
105 16 79.65
105 17 65.51
105 18 44.69
105 19 52.39
105 20 55.46
105 21 68.18
105 22 54.74
105 23 56.08
105 24 4.12
105 25 68.8
105 26 69.72
105 27 88.6
105 28 71.84
105 29 51.92
105 30 49.37
105 31 45.01
105 32 28.02
105 33 73.78
105 34 46.53
105 35 20.81
105 36 65.22
105 37 34.48
105 38 35.23
105 39 23.0
105 40 59.24
105 41 48.27
105 42 60.88
105 43 66.89
105 44 64.44
105 45 10.05
105 46 36.07
105 47 62.13
105 48 50.99
105 49 91.92
105 50 81.12
105 51 70.61
105 52 16.97
105 53 48.84
105 54 49.04
105 55 47.93
105 56 44.94
105 57 35.36
105 58 66.94
105 59 13.34
105 60 13.34
105 61 81.63
105 62 46.49
105 63 51.09
105 64 75.96
105 65 57.94
105 66 84.31
105 67 43.83
105 68 66.71
105 69 35.44
105 70 56.4
105 71 96.26
105 72 52.5
105 73 11.0
105 74 35.69
105 75 56.92
105 76 61.85
105 77 66.21
105 78 71.47
105 79 57.38
105 80 64.85
105 81 17.0
105 82 60.07
105 83 21.02
105 84 37.64
105 85 67.74
105 86 101.32
105 87 9.49
105 88 33.02
105 89 46.96
105 90 30.48
105 91 46.84
105 92 53.49
105 93 83.15
105 94 67.08
105 95 63.01
105 96 53.6
105 97 12.37
105 98 60.75
105 99 32.02
105 100 53.26
105 101 14.87
105 102 76.38
105 103 33.02
105 104 50.45
105 106 47.01
105 107 49.82
105 108 16.76
105 109 72.18
105 110 37.64
105 111 22.36
105 112 29.12
105 113 46.0
105 114 42.45
105 115 86.05
105 116 68.01
105 117 83.76
105 118 33.84
105 119 13.04
105 120 55.04
105 121 31.76
105 122 64.82
105 123 67.01
105 124 33.14
105 125 47.71
105 126 69.87
105 127 71.78
105 128 55.33
105 129 64.38
105 130 82.07
105 131 90.03
105 132 21.54
105 133 83.82
105 134 33.54
105 135 72.99
105 136 64.38
105 137 61.29
105 138 24.21
105 139 69.38
105 140 5.83
105 141 55.0
105 142 57.72
105 143 50.01
105 144 88.41
105 145 23.32
105 146 41.59
105 147 60.83
105 148 53.01
105 149 14.21
105 150 56.94
105 151 56.73
105 152 32.56
105 153 85.87
105 154 16.28
105 155 28.23
105 156 67.45
105 157 43.19
105 158 61.61
105 159 53.41
105 160 85.21
105 161 51.11
105 162 80.16
105 163 64.14
105 164 44.69
105 165 39.32
105 166 72.56
105 167 76.56
105 168 68.25
105 169 43.08
105 170 77.18
105 171 78.6
105 172 58.83
105 173 50.25
105 174 33.24
105 175 30.68
105 176 57.01
105 177 73.25
105 178 55.04
105 179 92.2
105 180 81.39
105 181 34.0
105 182 61.98
105 183 37.12
105 184 60.83
105 185 47.85
105 186 85.15
105 187 74.09
105 188 53.71
105 189 82.88
105 190 90.87
105 191 76.66
105 192 41.87
105 193 79.4
105 194 48.08
105 195 88.24
105 196 8.94
105 197 31.83
105 198 47.85
105 199 77.01
105 200 57.7
105 201 13.0
106 0 42.2
106 1 79.83
106 2 112.43
106 3 98.62
106 4 23.02
106 5 94.94
106 6 79.83
106 7 60.41
106 8 112.07
106 9 32.14
106 10 54.13
106 11 106.28
106 12 29.41
106 13 57.97
106 14 73.44
106 15 26.83
106 16 126.25
106 17 108.93
106 18 75.24
106 19 44.55
106 20 74.95
106 21 110.48
106 22 34.54
106 23 45.35
106 24 43.05
106 25 85.49
106 26 110.77
106 27 93.72
106 28 76.4
106 29 12.73
106 30 80.06
106 31 88.77
106 32 52.35
106 33 39.01
106 34 76.92
106 35 66.4
106 36 84.5
106 37 15.26
106 38 56.08
106 39 29.21
106 40 100.26
106 41 57.27
106 42 107.2
106 43 20.0
106 44 87.64
106 45 39.2
106 46 15.13
106 47 34.21
106 48 97.95
106 49 104.31
106 50 112.45
106 51 110.29
106 52 45.45
106 53 94.64
106 54 8.54
106 55 63.57
106 56 31.4
106 57 41.23
106 58 45.79
106 59 52.35
106 60 56.85
106 61 95.38
106 62 71.87
106 63 75.71
106 64 83.23
106 65 13.15
106 66 113.56
106 67 63.06
106 68 88.54
106 69 76.12
106 70 23.09
106 71 57.72
106 72 36.8
106 73 53.26
106 74 30.59
106 75 66.65
106 76 106.96
106 77 54.42
106 78 117.92
106 79 85.33
106 80 73.57
106 81 57.97
106 82 32.2
106 83 38.83
106 84 54.71
106 85 20.81
106 86 120.3
106 87 53.85
106 88 68.82
106 89 2.24
106 90 50.57
106 91 58.31
106 92 100.22
106 93 69.97
106 94 27.31
106 95 60.83
106 96 14.87
106 97 35.23
106 98 82.46
106 99 68.01
106 100 64.38
106 101 61.72
106 102 78.92
106 103 77.2
106 104 62.65
106 105 47.01
106 107 41.23
106 108 30.81
106 109 72.25
106 110 13.0
106 111 66.71
106 112 70.72
106 113 89.99
106 114 34.0
106 115 132.64
106 116 87.09
106 117 98.88
106 118 62.65
106 119 43.17
106 120 91.0
106 121 75.74
106 122 111.5
106 123 110.63
106 124 78.43
106 125 3.16
106 126 110.65
106 127 53.34
106 128 85.49
106 129 21.84
106 130 103.82
106 131 114.79
106 132 49.09
106 133 88.87
106 134 75.93
106 135 56.94
106 136 70.06
106 137 80.06
106 138 49.4
106 139 115.52
106 140 41.18
106 141 10.44
106 142 83.49
106 143 90.93
106 144 45.62
106 145 68.25
106 146 88.59
106 147 48.27
106 148 97.02
106 149 51.42
106 150 74.67
106 151 14.14
106 152 65.19
106 153 54.08
106 154 60.41
106 155 52.09
106 156 106.12
106 157 42.06
106 158 91.92
106 159 65.49
106 160 101.97
106 161 98.11
106 162 127.09
106 163 78.41
106 164 9.22
106 165 82.0
106 166 40.31
106 167 48.05
106 168 113.84
106 169 89.9
106 170 124.17
106 171 125.36
106 172 91.35
106 173 57.14
106 174 20.62
106 175 31.58
106 176 96.33
106 177 70.83
106 178 46.87
106 179 52.89
106 180 91.81
106 181 81.01
106 182 69.97
106 183 71.02
106 184 33.62
106 185 93.64
106 186 44.27
106 187 120.83
106 188 28.3
106 189 80.78
106 190 60.13
106 191 29.68
106 192 87.46
106 193 41.44
106 194 74.09
106 195 95.6
106 196 48.27
106 197 64.01
106 198 44.05
106 199 67.2
106 200 99.9
106 201 42.2
107 0 37.11
107 1 62.97
107 2 115.45
107 3 60.21
107 4 18.38
107 5 56.29
107 6 114.97
107 7 25.71
107 8 108.17
107 9 23.0
107 10 81.74
107 11 68.73
107 12 70.01
107 13 83.74
107 14 44.78
107 15 20.1
107 16 121.83
107 17 113.46
107 18 47.42
107 19 80.13
107 20 100.13
107 21 88.68
107 22 73.41
107 23 82.15
107 24 48.26
107 25 46.87
107 26 87.21
107 27 52.5
107 28 35.23
107 29 53.91
107 30 98.05
107 31 72.25
107 32 72.34
107 33 33.62
107 34 95.02
107 35 69.26
107 36 47.17
107 37 45.79
107 38 78.77
107 39 50.96
107 40 108.52
107 41 20.1
107 42 104.96
107 43 50.0
107 44 52.01
107 45 50.01
107 46 29.41
107 47 74.95
107 48 89.81
107 49 63.53
107 50 79.4
107 51 85.09
107 52 61.07
107 53 94.81
107 54 34.13
107 55 28.44
107 56 9.9
107 57 69.57
107 58 85.8
107 59 62.29
107 60 63.15
107 61 55.15
107 62 93.19
107 63 43.17
107 64 42.19
107 65 53.0
107 66 79.03
107 67 30.68
107 68 52.04
107 69 58.05
107 70 25.32
107 71 54.92
107 72 7.07
107 73 60.67
107 74 61.74
107 75 27.46
107 76 108.23
107 77 92.36
107 78 104.74
107 79 53.15
107 80 33.24
107 81 47.51
107 82 72.84
107 83 58.86
107 84 79.43
107 85 50.96
107 86 80.65
107 87 49.4
107 88 82.39
107 89 43.28
107 90 72.84
107 91 22.36
107 92 90.03
107 93 34.23
107 94 67.96
107 95 95.71
107 96 56.08
107 97 46.1
107 98 106.68
107 99 81.39
107 100 93.41
107 101 58.69
107 102 112.92
107 103 63.78
107 104 90.96
107 105 49.82
107 106 41.23
107 108 44.55
107 109 31.11
107 110 46.62
107 111 71.57
107 112 78.85
107 113 73.66
107 114 68.0
107 115 128.0
107 116 49.37
107 117 58.87
107 118 81.02
107 119 37.36
107 120 64.47
107 121 80.65
107 122 107.34
107 123 90.97
107 124 66.84
107 125 38.6
107 126 86.76
107 127 93.09
107 128 104.04
107 129 38.33
107 130 65.92
107 131 77.65
107 132 33.62
107 133 47.63
107 134 60.11
107 135 23.19
107 136 102.18
107 137 43.05
107 138 68.26
107 139 101.32
107 140 46.17
107 141 38.48
107 142 105.12
107 143 69.89
107 144 54.12
107 145 72.12
107 146 82.1
107 147 11.05
107 148 79.65
107 149 42.05
107 150 38.0
107 151 36.06
107 152 81.06
107 153 40.31
107 154 52.35
107 155 30.48
107 156 80.23
107 157 7.81
107 158 60.42
107 159 94.11
107 160 62.3
107 161 91.84
107 162 120.1
107 163 106.73
107 164 32.02
107 165 65.12
107 166 30.41
107 167 30.41
107 168 98.08
107 169 81.4
107 170 116.39
107 171 120.0
107 172 61.68
107 173 87.6
107 174 51.0
107 175 20.02
107 176 72.47
107 177 106.44
107 178 82.86
107 179 52.35
107 180 51.0
107 181 75.8
107 182 29.73
107 183 86.21
107 184 19.65
107 185 80.62
107 186 48.7
107 187 108.9
107 188 17.12
107 189 116.73
107 190 44.05
107 191 57.87
107 192 88.64
107 193 40.85
107 194 95.13
107 195 54.41
107 196 57.22
107 197 41.87
107 198 77.82
107 199 29.12
107 200 106.57
107 201 37.11
108 0 17.89
108 1 53.01
108 2 82.13
108 3 86.56
108 4 31.58
108 5 83.55
108 6 73.24
108 7 49.68
108 8 81.27
108 9 22.14
108 10 37.7
108 11 92.42
108 12 42.43
108 13 39.29
108 14 54.59
108 15 43.97
108 16 95.44
108 17 78.87
108 18 55.46
108 19 41.23
108 20 55.58
108 21 84.0
108 22 40.5
108 23 44.41
108 24 12.65
108 25 74.95
108 26 85.15
108 27 91.07
108 28 73.43
108 29 35.17
108 30 54.92
108 31 61.13
108 32 28.0
108 33 61.85
108 34 51.79
108 35 35.61
108 36 72.25
108 37 17.72
108 38 34.23
108 39 8.6
108 40 71.02
108 41 49.93
108 42 76.4
108 43 50.8
108 44 73.01
108 45 8.49
108 46 22.36
108 47 46.87
108 48 67.62
108 49 97.19
108 50 93.23
108 51 85.59
108 52 17.46
108 53 63.89
108 54 34.06
108 55 52.4
108 56 37.0
108 57 26.63
108 58 53.31
108 59 22.2
108 60 26.17
108 61 87.11
108 62 49.01
108 63 59.64
108 64 78.77
108 65 41.23
108 66 95.71
108 67 49.52
108 68 74.81
108 69 50.25
108 70 43.86
108 71 83.65
108 72 45.0
108 73 22.63
108 74 22.47
108 75 59.64
108 76 76.38
108 77 55.0
108 78 88.23
108 79 67.6
108 80 67.68
108 81 31.14
108 82 44.72
108 83 14.32
108 84 34.93
108 85 51.61
108 86 109.22
108 87 25.08
108 88 40.85
108 89 30.53
108 90 28.28
108 91 49.41
108 92 70.23
108 93 78.77
108 94 50.49
108 95 54.67
108 96 36.88
108 97 4.47
108 98 62.2
108 99 39.92
108 100 49.4
108 101 31.62
108 102 70.49
108 103 49.16
108 104 46.82
108 105 16.76
108 106 30.81
108 107 44.55
108 109 72.09
108 110 20.88
108 111 36.07
108 112 40.8
108 113 62.2
108 114 29.68
108 115 101.83
108 116 75.07
108 117 89.83
108 118 37.34
108 119 18.79
108 120 68.41
108 121 45.28
108 122 80.71
108 123 83.22
108 124 49.65
108 125 31.89
108 126 85.21
108 127 59.06
108 128 60.83
108 129 49.82
108 130 90.6
108 131 99.86
108 132 28.3
108 133 86.09
108 134 49.01
108 135 67.12
108 136 59.06
108 137 67.94
108 138 24.02
108 139 86.13
108 140 11.18
108 141 39.6
108 142 61.03
108 143 65.19
108 144 74.2
108 145 37.54
108 146 58.18
108 147 55.33
108 148 69.26
108 149 25.71
108 150 62.94
108 151 41.87
108 152 38.33
108 153 75.29
108 154 32.06
108 155 34.21
108 156 82.04
108 157 39.85
108 158 72.92
108 159 49.98
108 160 91.93
108 161 67.54
108 162 96.38
108 163 62.36
108 164 30.0
108 165 55.0
108 166 61.35
108 167 66.71
108 168 84.93
108 169 59.81
108 170 93.54
108 171 94.58
108 172 70.94
108 173 44.29
108 174 17.03
108 175 24.74
108 176 71.7
108 177 65.44
108 178 44.05
108 179 79.26
108 180 85.6
108 181 50.57
108 182 64.35
108 183 43.97
108 184 50.45
108 185 64.54
108 186 71.56
108 187 90.82
108 188 43.17
108 189 75.6
108 190 80.78
108 191 60.46
108 192 56.73
108 193 66.65
108 194 51.04
108 195 91.53
108 196 17.69
108 197 42.54
108 198 37.48
108 199 73.55
108 200 70.21
108 201 17.89
109 0 59.44
109 1 69.29
109 2 129.63
109 3 38.33
109 4 49.5
109 5 34.48
109 6 144.63
109 7 28.16
109 8 118.27
109 9 50.09
109 10 109.77
109 11 47.54
109 12 101.12
109 13 111.07
109 14 44.28
109 15 48.37
109 16 130.55
109 17 128.72
109 18 46.96
109 19 110.39
109 20 126.53
109 21 85.91
109 22 104.35
109 23 112.65
109 24 72.03
109 25 27.29
109 26 82.81
109 27 21.63
109 28 7.28
109 29 84.96
109 30 121.49
109 31 76.97
109 32 98.37
109 33 53.76
109 34 118.7
109 35 88.01
109 36 30.81
109 37 76.4
109 38 105.3
109 39 79.61
109 40 126.32
109 41 24.08
109 42 116.48
109 43 78.71
109 44 37.8
109 45 75.58
109 46 60.31
109 47 106.07
109 48 98.68
109 49 34.93
109 50 64.41
109 51 79.2
109 52 86.68
109 53 108.85
109 54 64.82
109 55 27.66
109 56 41.01
109 57 98.39
109 58 116.85
109 59 85.51
109 60 84.59
109 61 29.02
109 62 118.36
109 63 37.74
109 64 14.0
109 65 83.6
109 66 61.85
109 67 32.76
109 68 36.06
109 69 64.51
109 70 53.71
109 71 68.47
109 72 35.81
109 73 83.02
109 74 91.59
109 75 17.72
109 76 121.81
109 77 123.0
109 78 108.05
109 79 44.6
109 80 13.45
109 81 63.03
109 82 103.95
109 83 86.16
109 84 106.63
109 85 79.61
109 86 54.23
109 87 68.12
109 88 104.94
109 89 74.33
109 90 99.62
109 91 26.0
109 92 97.31
109 93 21.63
109 94 98.6
109 95 125.54
109 96 87.11
109 97 72.45
109 98 132.44
109 99 103.95
109 100 121.46
109 101 76.01
109 102 142.24
109 103 72.8
109 104 118.85
109 105 72.18
109 106 72.25
109 107 31.11
109 108 72.09
109 110 77.47
109 111 91.05
109 112 99.13
109 113 78.29
109 114 98.18
109 115 136.17
109 116 31.38
109 117 33.02
109 118 105.76
109 119 59.23
109 120 60.61
109 121 99.02
109 122 117.32
109 123 90.0
109 124 76.66
109 125 69.53
109 126 82.07
109 127 124.08
109 128 127.42
109 129 65.8
109 130 44.38
109 131 56.29
109 132 51.24
109 133 17.0
109 134 68.01
109 135 25.02
109 136 131.05
109 137 29.0
109 138 94.25
109 139 104.1
109 140 70.34
109 141 68.51
109 142 129.84
109 143 70.83
109 144 74.33
109 145 91.01
109 146 93.15
109 147 25.5
109 148 82.37
109 149 60.13
109 150 27.2
109 151 65.51
109 152 104.74
109 153 51.35
109 154 68.07
109 155 45.04
109 156 74.25
109 157 32.76
109 158 50.93
109 159 122.0
109 160 37.05
109 161 101.83
109 162 127.05
109 163 134.13
109 164 63.03
109 165 70.94
109 166 49.65
109 167 44.01
109 168 99.86
109 169 91.09
109 170 123.0
109 171 128.16
109 172 54.49
109 173 116.3
109 174 81.27
109 175 47.89
109 176 70.0
109 177 136.34
109 178 113.16
109 179 68.07
109 180 23.09
109 181 88.65
109 182 13.42
109 183 109.18
109 184 44.38
109 185 86.93
109 186 68.26
109 187 112.87
109 188 45.79
109 189 146.63
109 190 51.42
109 191 85.23
109 192 103.95
109 193 60.41
109 194 120.07
109 195 24.17
109 196 80.81
109 197 50.01
109 198 107.7
109 199 15.23
109 200 123.58
109 201 59.44
110 0 36.06
110 1 73.17
110 2 100.57
110 3 99.48
110 4 28.65
110 5 96.04
110 6 69.57
110 7 61.06
110 8 101.36
110 9 30.89
110 10 41.44
110 11 106.44
110 12 25.06
110 13 45.12
110 14 70.88
110 15 36.67
110 16 115.43
110 17 96.9
110 18 72.28
110 19 34.18
110 20 62.17
110 21 104.17
110 22 26.91
110 23 35.78
110 24 33.53
110 25 86.82
110 26 105.0
110 27 98.35
110 28 80.62
110 29 14.32
110 30 67.08
110 31 81.61
110 32 39.45
110 33 51.16
110 34 63.95
110 35 55.57
110 36 85.09
110 37 3.16
110 38 43.08
110 39 17.03
110 40 87.86
110 41 59.2
110 42 96.25
110 43 31.89
110 44 87.24
110 45 28.64
110 46 17.2
110 47 30.02
110 48 88.39
110 49 107.3
110 50 110.16
110 51 105.08
110 52 33.24
110 53 83.49
110 54 20.1
110 55 64.14
110 56 36.89
110 57 28.44
110 58 39.62
110 59 40.8
110 60 45.79
110 61 97.8
110 62 58.87
110 63 74.46
110 64 87.0
110 65 20.59
110 66 111.95
110 67 62.61
110 68 88.55
110 69 70.01
110 70 34.06
110 71 70.6
110 72 43.83
110 73 42.19
110 74 18.03
110 75 69.03
110 76 95.43
110 77 45.79
110 78 109.11
110 79 83.49
110 80 76.58
110 81 51.09
110 82 27.78
110 83 26.25
110 84 41.76
110 85 32.56
110 86 121.79
110 87 45.71
110 88 56.22
110 89 11.66
110 90 37.58
110 91 59.64
110 92 91.08
110 93 78.39
110 94 30.02
110 95 50.29
110 96 16.12
110 97 25.3
110 98 69.63
110 99 55.44
110 100 52.04
110 101 52.5
110 102 68.15
110 103 69.72
110 104 50.16
110 105 37.64
110 106 13.0
110 107 46.62
110 108 20.88
110 109 77.47
110 111 55.47
110 112 58.8
110 113 82.73
110 114 22.56
110 115 121.79
110 116 87.82
110 117 101.02
110 118 49.74
110 119 37.05
110 120 86.83
110 121 64.2
110 122 100.85
110 123 103.7
110 124 70.41
110 125 15.52
110 126 105.0
110 127 46.69
110 128 72.5
110 129 34.79
110 130 104.24
110 131 114.54
110 132 44.91
110 133 93.38
110 134 69.18
110 135 65.55
110 136 58.55
110 137 80.62
110 138 36.62
110 139 107.0
110 140 32.02
110 141 23.41
110 142 70.52
110 143 85.01
110 144 58.6
110 145 57.14
110 146 78.92
110 147 55.47
110 148 89.81
110 149 45.0
110 150 75.29
110 151 26.93
110 152 52.43
110 153 66.03
110 154 52.61
110 155 49.34
110 156 101.24
110 157 45.25
110 158 89.56
110 159 53.08
110 160 103.73
110 161 88.14
110 162 116.76
110 163 66.07
110 164 18.11
110 165 75.24
110 166 52.0
110 167 59.21
110 168 105.76
110 169 80.65
110 170 114.04
110 171 114.74
110 172 88.29
110 173 45.01
110 174 7.62
110 175 31.62
110 176 91.09
110 177 60.75
110 178 36.77
110 179 65.8
110 180 95.02
110 181 71.31
110 182 73.0
110 183 58.25
110 184 43.74
110 185 85.38
110 186 57.25
110 187 111.66
110 188 37.36
110 189 70.94
110 190 72.01
110 191 41.04
110 192 76.28
110 193 54.13
110 194 61.1
110 195 99.7
110 196 37.22
110 197 60.02
110 198 32.76
110 199 74.71
110 200 87.69
110 201 36.06
111 0 34.48
111 1 37.48
111 2 46.23
111 3 90.34
111 4 64.5
111 5 88.64
111 6 76.48
111 7 63.29
111 8 46.07
111 9 49.77
111 10 41.23
111 11 92.96
111 12 70.6
111 13 38.28
111 14 55.54
111 15 77.52
111 16 60.03
111 17 43.27
111 18 54.56
111 19 58.01
111 20 45.34
111 21 63.16
111 22 64.94
111 23 62.01
111 24 25.24
111 25 82.54
111 26 66.19
111 27 105.12
111 28 89.56
111 29 68.96
111 30 33.12
111 31 40.82
111 32 26.17
111 33 96.04
111 34 31.06
111 35 3.61
111 36 78.19
111 37 52.43
111 38 31.32
111 39 38.59
111 40 37.0
111 41 67.01
111 42 40.82
111 43 86.68
111 44 75.58
111 45 27.59
111 46 57.63
111 47 73.76
111 48 36.06
111 49 105.69
111 50 85.56
111 51 68.6
111 52 23.41
111 53 28.02
111 54 70.04
111 55 64.63
111 56 67.23
111 57 41.11
111 58 75.11
111 59 14.76
111 60 9.9
111 61 95.52
111 62 34.66
111 63 63.32
111 64 92.57
111 65 76.01
111 66 89.94
111 67 59.84
111 68 78.29
111 69 38.42
111 70 78.49
111 71 118.43
111 72 74.67
111 73 13.45
111 74 46.84
111 75 74.43
111 76 40.31
111 77 70.46
111 78 58.03
111 79 66.73
111 80 81.88
111 81 28.44
111 82 72.03
111 83 31.02
111 84 35.17
111 85 87.46
111 86 111.65
111 87 23.02
111 88 17.03
111 89 66.22
111 90 30.15
111 91 65.07
111 92 40.01
111 93 104.09
111 94 82.46
111 95 63.32
111 96 70.24
111 97 31.83
111 98 48.27
111 99 16.28
111 100 48.75
111 101 15.52
111 102 72.07
111 103 31.14
111 104 46.1
111 105 22.36
111 106 66.71
111 107 71.57
111 108 36.07
111 109 91.05
111 110 55.47
111 112 8.25
111 113 41.18
111 114 51.79
111 115 66.37
111 116 80.78
111 117 96.93
111 118 24.19
111 119 34.21
111 120 58.73
111 121 9.43
111 122 45.62
111 123 60.08
111 124 28.6
111 125 67.94
111 126 66.65
111 127 78.06
111 128 38.48
111 129 85.7
111 130 92.28
111 131 98.01
111 132 40.05
111 133 100.62
111 134 34.71
111 135 94.59
111 136 60.37
111 137 74.95
111 138 25.02
111 139 57.04
111 140 27.46
111 141 75.66
111 142 43.27
111 143 49.2
111 144 109.99
111 145 2.0
111 146 27.02
111 147 82.46
111 148 47.01
111 149 31.02
111 150 71.57
111 151 77.83
111 152 20.0
111 153 108.23
111 154 23.77
111 155 46.01
111 156 66.85
111 157 64.54
111 158 68.82
111 159 48.3
111 160 97.58
111 161 34.53
111 162 61.85
111 163 55.44
111 164 65.86
111 165 38.29
111 166 94.89
111 167 98.9
111 168 57.43
111 169 30.27
111 170 59.46
111 171 59.48
111 172 64.82
111 173 49.04
111 174 49.24
111 175 52.92
111 176 57.01
111 177 71.87
111 178 60.07
111 179 114.28
111 180 96.57
111 181 20.4
111 182 79.51
111 183 21.4
111 184 83.19
111 185 38.6
111 186 107.0
111 187 59.41
111 188 76.06
111 189 80.06
111 190 113.22
111 191 96.21
111 192 20.81
111 193 101.51
111 194 35.38
111 195 104.05
111 196 18.44
111 197 43.97
111 198 53.01
111 199 97.62
111 200 35.34
111 201 34.48
112 0 41.77
112 1 44.69
112 2 41.77
112 3 98.41
112 4 70.68
112 5 96.77
112 6 71.31
112 7 71.45
112 8 44.92
112 9 56.61
112 10 38.05
112 11 100.85
112 12 71.31
112 13 34.37
112 14 63.69
112 15 83.63
112 16 58.31
112 17 38.21
112 18 62.65
112 19 56.44
112 20 38.83
112 21 68.48
112 22 64.85
112 23 60.41
112 24 31.38
112 25 90.76
112 26 71.87
112 27 113.36
112 28 97.74
112 29 71.61
112 30 25.24
112 31 47.01
112 32 24.52
112 33 102.0
112 34 23.43
112 35 11.7
112 36 86.38
112 37 55.9
112 38 28.02
112 39 41.77
112 40 30.41
112 41 75.06
112 42 39.22
112 43 90.52
112 44 83.67
112 45 32.45
112 46 62.97
112 47 74.0
112 48 38.47
112 49 113.89
112 50 92.76
112 51 74.63
112 52 25.61
112 53 26.25
112 54 74.81
112 55 72.84
112 56 74.0
112 57 40.52
112 58 73.98
112 59 18.6
112 60 15.81
112 61 103.73
112 62 28.02
112 63 71.51
112 64 100.81
112 65 79.03
112 66 97.31
112 67 68.07
112 68 86.41
112 69 46.04
112 70 84.22
112 71 124.17
112 72 81.61
112 73 18.79
112 74 47.85
112 75 82.61
112 76 36.89
112 77 68.0
112 78 60.3
112 79 74.71
112 80 90.09
112 81 36.67
112 82 72.45
112 83 33.02
112 84 32.02
112 85 91.24
112 86 119.57
112 87 31.02
112 88 10.3
112 89 70.01
112 90 28.44
112 91 73.17
112 92 42.95
112 93 111.76
112 94 84.12
112 95 59.68
112 96 72.67
112 97 36.89
112 98 41.01
112 99 9.85
112 100 43.97
112 101 23.77
112 102 66.71
112 103 38.29
112 104 41.48
112 105 29.12
112 106 70.72
112 107 78.85
112 108 40.8
112 109 99.13
112 110 58.8
112 111 8.25
112 113 47.2
112 114 51.87
112 115 64.47
112 116 88.96
112 117 105.11
112 118 19.42
112 119 41.59
112 120 66.07
112 121 7.0
112 122 44.64
112 123 64.88
112 124 35.36
112 125 72.25
112 126 72.4
112 127 76.16
112 128 30.41
112 129 90.6
112 130 100.24
112 131 105.68
112 132 48.0
112 133 108.85
112 134 42.2
112 135 101.98
112 136 55.36
112 137 83.17
112 138 24.7
112 139 59.84
112 140 33.62
112 141 80.16
112 142 35.61
112 143 55.9
112 144 115.0
112 145 8.94
112 146 30.36
112 147 89.82
112 148 52.48
112 149 39.01
112 150 79.81
112 151 82.62
112 152 14.56
112 153 114.63
112 154 32.02
112 155 54.08
112 156 73.25
112 157 72.01
112 158 76.55
112 159 43.32
112 160 105.7
112 161 36.06
112 162 61.13
112 163 49.09
112 164 70.8
112 165 45.28
112 166 101.08
112 167 105.48
112 168 60.88
112 169 34.18
112 170 59.23
112 171 58.19
112 172 72.42
112 173 45.4
112 174 52.01
112 175 59.77
112 176 63.7
112 177 67.45
112 178 58.22
112 179 119.89
112 180 104.81
112 181 25.06
112 182 87.69
112 183 14.21
112 184 89.55
112 185 43.38
112 186 112.33
112 187 61.01
112 188 82.35
112 189 75.03
112 190 119.77
112 191 99.82
112 192 19.42
112 193 107.19
112 194 28.43
112 195 112.29
112 196 23.32
112 197 52.2
112 198 51.48
112 199 105.39
112 200 29.41
112 201 41.77
113 0 47.8
113 1 10.82
113 2 56.44
113 3 61.13
113 4 76.94
113 5 61.0
113 6 117.65
113 7 52.43
113 8 41.3
113 9 60.84
113 10 81.71
113 11 60.42
113 12 104.0
113 13 79.2
113 14 34.01
113 15 88.51
113 16 52.5
113 17 57.27
113 18 31.38
113 19 96.32
113 20 86.02
113 21 22.56
113 22 100.4
113 23 100.22
113 24 50.01
113 25 58.69
113 26 25.08
113 27 84.34
113 28 73.74
113 29 97.02
113 30 71.45
113 31 1.41
113 32 66.13
113 33 106.02
113 34 70.18
113 35 38.01
113 36 53.6
113 37 79.63
113 38 72.09
113 39 69.0
113 40 60.01
113 41 58.6
113 42 41.01
113 43 108.78
113 44 48.09
113 45 56.01
113 46 76.22
113 47 108.07
113 48 22.0
113 49 79.01
113 50 47.51
113 51 27.46
113 52 59.23
113 53 38.28
113 54 89.54
113 55 51.62
113 56 74.89
113 57 78.85
113 58 112.15
113 59 50.7
113 60 44.92
113 61 70.11
113 62 75.21
113 63 41.11
113 64 73.5
113 65 102.18
113 66 52.77
113 67 46.87
113 68 51.09
113 69 15.62
113 70 91.79
113 71 128.23
113 72 79.65
113 73 47.3
113 74 81.3
113 75 60.83
113 76 48.51
113 77 109.64
113 78 31.11
113 79 38.12
113 80 65.55
113 81 32.02
113 82 106.04
113 83 65.62
113 84 75.77
113 85 109.73
113 86 78.85
113 87 37.12
113 88 57.43
113 89 90.47
113 90 69.89
113 91 55.8
113 92 19.42
113 93 97.42
113 94 112.64
113 95 103.82
113 96 98.86
113 97 58.08
113 98 87.97
113 99 56.86
113 100 89.89
113 101 32.39
113 102 113.25
113 103 13.04
113 104 87.21
113 105 46.0
113 106 89.99
113 107 73.66
113 108 62.2
113 109 78.29
113 110 82.73
113 111 41.18
113 112 47.2
113 114 87.69
113 115 57.94
113 116 55.33
113 117 70.0
113 118 65.37
113 119 46.84
113 120 23.35
113 121 41.77
113 122 40.31
113 123 21.02
113 124 13.34
113 125 89.84
113 126 25.5
113 127 116.3
113 128 75.69
113 129 102.88
113 130 60.83
113 131 62.97
113 132 42.94
113 133 81.02
113 134 14.32
113 135 92.46
113 136 101.53
113 137 52.39
113 138 63.89
113 139 27.66
113 140 51.09
113 141 95.86
113 142 82.07
113 143 10.44
113 144 124.68
113 145 39.45
113 146 21.02
113 147 82.07
113 148 7.07
113 149 38.6
113 150 51.87
113 151 96.38
113 152 61.06
113 153 113.95
113 154 30.15
113 155 43.6
113 156 26.17
113 157 65.95
113 158 36.22
113 159 89.47
113 160 69.12
113 161 26.08
113 162 48.75
113 163 96.26
113 164 85.09
113 165 8.6
113 166 103.41
113 167 104.06
113 168 24.7
113 169 17.09
113 170 44.72
113 171 49.98
113 172 31.26
113 173 89.69
113 174 79.1
113 175 63.06
113 176 17.49
113 177 112.81
113 178 98.72
113 179 125.21
113 180 73.68
113 181 22.63
113 182 64.88
113 183 61.4
113 184 91.61
113 185 9.06
113 186 120.11
113 187 35.47
113 188 85.98
113 189 121.2
113 190 117.38
113 191 118.6
113 192 37.22
113 193 112.89
113 194 75.6
113 195 81.74
113 196 50.64
113 197 31.83
113 198 91.44
113 199 90.21
113 200 56.08
113 201 47.8
114 0 47.51
114 1 79.83
114 2 91.79
114 3 116.04
114 4 50.7
114 5 112.93
114 6 47.17
114 7 78.52
114 8 96.77
114 9 48.92
114 10 21.95
114 11 122.07
114 12 19.72
114 13 26.63
114 14 84.22
114 15 59.23
114 16 110.14
114 17 87.46
114 18 85.0
114 19 12.21
114 20 42.54
114 21 110.17
114 22 13.15
114 23 14.87
114 24 38.9
114 25 104.14
114 26 111.99
114 27 118.41
114 28 100.6
114 29 26.57
114 30 51.66
114 31 86.83
114 32 27.73
114 33 73.01
114 34 48.8
114 35 53.34
114 36 101.67
114 37 22.47
114 38 27.66
114 39 21.1
114 40 76.84
114 41 77.9
114 42 91.08
114 43 48.7
114 44 102.65
114 45 32.57
114 46 39.0
114 47 22.14
114 48 87.69
114 49 125.87
114 50 122.58
114 51 113.03
114 52 29.02
114 53 78.11
114 54 42.11
114 55 81.39
114 56 58.6
114 57 11.66
114 58 24.52
114 59 38.05
114 60 44.05
114 61 115.97
114 62 42.01
114 63 89.31
114 64 106.53
114 65 34.54
114 66 125.24
114 67 78.87
114 68 104.4
114 69 77.88
114 70 56.44
114 71 91.08
114 72 65.92
114 73 41.0
114 74 7.21
114 75 87.78
114 76 88.14
114 77 25.5
114 78 109.55
114 79 97.25
114 80 95.67
114 81 59.14
114 82 20.62
114 83 22.09
114 84 24.76
114 85 49.04
114 86 138.68
114 87 51.92
114 88 45.65
114 89 32.02
114 90 24.19
114 91 77.79
114 92 91.35
114 93 100.66
114 94 33.97
114 95 27.86
114 96 26.4
114 97 32.2
114 98 50.16
114 99 45.18
114 100 30.81
114 101 55.33
114 102 45.61
114 103 74.97
114 104 29.41
114 105 42.45
114 106 34.0
114 107 68.0
114 108 29.68
114 109 98.18
114 110 22.56
114 111 51.79
114 112 51.87
114 113 87.69
114 115 116.25
114 116 104.48
114 117 118.87
114 118 36.62
114 119 48.37
114 120 97.14
114 121 58.52
114 122 96.46
114 123 108.46
114 124 74.43
114 125 37.01
114 126 112.18
114 127 29.55
114 128 56.22
114 129 55.33
114 130 120.21
114 131 129.54
114 132 57.98
114 133 113.41
114 134 75.93
114 135 87.92
114 136 36.12
114 137 97.31
114 138 27.2
114 139 108.23
114 140 38.63
114 141 44.1
114 142 52.48
114 143 92.42
114 144 77.62
114 145 53.76
114 146 78.41
114 147 77.47
114 148 94.53
114 149 54.63
114 150 92.2
114 151 48.04
114 152 40.82
114 153 88.05
114 154 58.69
114 155 63.82
114 156 109.9
114 157 65.46
114 158 102.42
114 159 32.02
114 160 121.17
114 161 86.31
114 162 112.93
114 163 44.72
114 164 40.61
114 165 81.58
114 166 74.17
114 167 81.61
114 168 108.02
114 169 81.15
114 170 110.86
114 171 110.05
114 172 100.22
114 173 23.35
114 174 17.0
114 175 50.61
114 176 99.46
114 177 38.48
114 178 15.0
114 179 86.15
114 180 113.95
114 181 71.18
114 182 92.2
114 183 46.04
114 184 66.29
114 185 88.02
114 186 77.28
114 187 111.16
114 188 59.91
114 189 48.75
114 190 94.09
114 191 55.9
114 192 71.17
114 193 75.24
114 194 44.2
114 195 119.33
114 196 37.12
114 197 72.01
114 198 10.2
114 199 96.66
114 200 77.7
114 201 47.51
115 0 94.75
115 1 67.08
115 2 28.07
115 3 116.25
115 4 126.57
115 5 116.9
115 6 125.0
115 7 109.59
115 8 20.62
115 9 110.34
115 10 99.92
115 11 113.28
115 12 135.77
115 13 95.34
115 14 91.92
115 15 139.34
115 16 6.4
115 17 33.06
115 18 89.32
115 19 119.64
115 20 91.09
115 21 59.01
115 22 129.1
115 23 123.49
115 24 89.81
115 25 115.95
115 26 64.03
115 27 141.65
115 28 131.67
115 29 135.33
115 30 73.17
115 31 59.24
115 32 88.6
115 33 157.81
115 34 74.43
115 35 66.29
115 36 110.86
115 37 118.73
115 38 90.52
115 39 104.96
115 40 45.01
115 41 115.49
115 42 25.55
115 43 152.63
115 44 104.79
115 45 93.48
115 46 122.02
115 47 138.35
115 48 38.28
115 49 134.5
115 50 95.05
115 51 69.03
115 52 89.47
115 53 38.47
115 54 135.09
115 55 109.12
115 56 126.91
115 57 104.75
115 58 137.36
115 59 81.12
115 60 76.01
115 61 126.5
115 62 82.61
115 63 99.02
115 64 131.24
115 65 142.36
115 66 101.04
115 67 104.2
115 68 107.71
115 69 72.01
115 70 141.43
115 71 180.48
115 72 133.06
115 73 79.61
115 74 112.31
115 75 118.6
115 76 28.64
115 77 129.63
115 78 32.02
115 79 95.08
115 80 123.49
115 81 80.92
115 82 136.86
115 83 97.06
115 84 94.37
115 85 153.45
115 86 130.0
115 87 81.32
115 88 71.17
115 89 132.31
115 90 92.36
115 91 112.77
115 92 38.91
115 93 154.77
115 94 148.48
115 95 119.22
115 96 136.57
115 97 97.42
115 98 88.05
115 99 71.47
115 100 101.83
115 101 72.18
115 102 120.0
115 103 64.66
115 104 100.13
115 105 86.05
115 106 132.64
115 107 128.0
115 108 101.83
115 109 136.17
115 110 121.79
115 111 66.37
115 112 64.47
115 113 57.94
115 114 116.25
115 116 112.29
115 117 125.77
115 118 81.04
115 119 94.05
115 120 78.85
115 121 58.14
115 122 21.26
115 123 53.0
115 124 61.29
115 125 133.6
115 126 65.03
115 127 138.51
115 128 73.01
115 129 150.33
115 130 114.53
115 131 113.0
115 132 94.64
115 133 138.6
115 134 68.96
115 135 148.72
115 136 111.22
115 137 110.06
115 138 89.16
115 139 36.0
115 140 91.83
115 141 141.03
115 142 81.02
115 143 66.48
115 144 174.09
115 145 64.66
115 146 46.1
115 147 137.57
115 148 54.82
115 149 87.11
115 150 109.79
115 151 142.76
115 152 76.24
115 153 167.89
115 154 76.49
115 155 97.65
115 156 72.03
115 157 120.21
115 158 91.59
115 159 100.72
115 160 124.17
115 161 36.24
115 162 10.0
115 163 100.0
115 164 130.73
115 165 65.31
115 166 155.88
115 167 158.05
115 168 41.0
115 169 46.62
115 170 14.04
115 171 8.06
115 172 86.68
115 173 105.91
115 174 115.6
115 175 113.22
115 176 70.04
115 177 124.26
115 178 121.04
115 179 176.83
115 180 130.73
115 181 53.04
115 182 122.77
115 183 72.03
115 184 143.84
115 185 49.24
115 186 170.43
115 187 27.07
115 188 137.3
115 189 129.0
115 190 172.0
115 191 162.29
115 192 45.65
115 193 164.07
115 194 81.39
115 195 138.74
115 196 84.6
115 197 87.82
115 198 114.84
115 199 147.6
115 200 42.05
115 201 94.75
116 0 58.0
116 1 49.09
116 2 111.0
116 3 11.66
116 4 64.85
116 5 8.49
116 6 147.32
116 7 26.83
116 8 96.63
116 9 56.94
116 10 110.11
116 11 19.42
116 12 112.87
116 13 110.0
116 14 25.3
116 15 69.46
116 16 107.28
116 17 111.16
116 18 26.68
116 19 116.28
116 20 122.97
116 21 57.31
116 22 113.72
116 23 119.33
116 24 69.66
116 25 4.24
116 26 53.54
116 27 29.41
116 28 24.41
116 29 98.9
116 30 113.72
116 31 54.23
116 32 96.02
116 33 80.31
116 34 111.4
116 35 77.25
116 36 2.83
116 37 85.76
116 38 103.23
116 39 83.63
116 40 111.46
116 41 30.08
116 42 96.13
116 43 99.04
116 44 7.62
116 45 75.07
116 46 72.5
116 47 117.83
116 48 77.23
116 49 25.0
116 50 33.11
116 51 49.41
116 52 84.81
116 53 91.27
116 54 81.61
116 55 23.71
116 56 57.49
116 57 101.12
116 58 126.75
116 59 80.45
116 60 77.41
116 61 15.13
116 62 113.25
116 63 17.46
116 64 20.62
116 65 99.96
116 66 31.05
116 67 25.61
116 68 5.0
116 69 45.4
116 70 74.67
116 71 97.98
116 72 56.22
116 73 77.18
116 74 97.31
116 75 22.02
116 76 103.0
116 77 129.96
116 78 81.93
116 79 17.26
116 80 18.97
116 81 53.24
116 82 115.6
116 83 87.05
116 84 105.6
116 85 100.02
116 86 34.21
116 87 60.54
116 88 97.08
116 89 88.77
116 90 98.41
116 91 28.79
116 92 74.67
116 93 53.0
116 94 114.39
116 95 129.4
116 96 101.13
116 97 73.54
116 98 127.53
116 99 96.18
116 100 121.21
116 101 65.39
116 102 144.05
116 103 54.45
116 104 118.41
116 105 68.01
116 106 87.09
116 107 49.37
116 108 75.07
116 109 31.38
116 110 87.82
116 111 80.78
116 112 88.96
116 113 55.33
116 114 104.48
116 115 112.29
116 117 16.16
116 118 100.85
116 119 57.31
116 120 33.53
116 121 86.68
116 122 95.63
116 123 62.17
116 124 58.42
116 125 85.09
116 126 52.7
116 127 133.22
116 128 119.23
116 129 87.69
116 130 16.76
116 131 28.28
116 132 47.42
116 133 26.83
116 134 49.5
116 135 54.71
116 136 132.14
116 137 7.21
116 138 92.2
116 139 77.83
116 140 68.77
116 141 86.83
116 142 123.44
116 143 45.89
116 144 101.4
116 145 80.06
116 146 74.06
116 147 50.25
116 148 57.49
116 149 53.82
116 150 12.53
116 151 84.93
116 152 98.41
116 153 81.04
116 154 57.27
116 155 41.01
116 156 44.65
116 157 45.61
116 158 21.47
116 159 121.4
116 160 17.2
116 161 81.1
116 162 102.62
116 163 132.02
116 164 78.43
116 165 50.01
116 166 76.42
116 167 72.57
116 168 73.16
116 169 71.0
116 170 98.49
116 171 104.56
116 172 26.0
116 173 117.69
116 174 89.05
116 175 56.36
116 176 42.72
116 177 140.04
116 178 119.1
116 179 96.88
116 180 18.44
116 181 71.7
116 182 21.38
116 183 101.55
116 184 68.01
116 185 64.38
116 186 95.52
116 187 86.98
116 188 66.48
116 189 150.01
116 190 81.93
116 191 107.2
116 192 87.97
116 193 87.46
116 194 114.53
116 195 26.48
116 196 76.84
116 197 37.12
116 198 112.54
116 199 46.53
116 200 108.05
116 201 58.0
117 0 73.25
117 1 64.63
117 2 126.19
117 3 9.85
117 4 76.03
117 5 9.0
117 6 162.61
117 7 40.36
117 8 111.11
117 9 70.43
117 10 125.6
117 11 17.03
117 12 125.92
117 13 125.67
117 14 41.44
117 15 78.45
117 16 121.06
117 17 126.57
117 18 42.72
117 19 130.83
117 20 138.92
117 21 68.62
117 22 127.44
117 23 133.73
117 24 85.21
117 25 15.0
117 26 64.26
117 27 19.85
117 28 26.02
117 29 111.14
117 30 129.87
117 31 69.01
117 32 111.77
117 33 86.37
117 34 127.53
117 35 93.41
117 36 18.79
117 37 99.2
117 38 118.98
117 39 98.29
117 40 127.28
117 41 41.88
117 42 111.0
117 43 108.78
117 44 22.2
117 45 90.43
117 46 84.91
117 47 130.92
117 48 92.0
117 49 9.06
117 50 37.64
117 51 59.62
117 52 100.44
117 53 106.79
117 54 92.61
117 55 37.48
117 56 68.03
117 57 116.18
117 58 140.42
117 59 96.38
117 60 93.48
117 61 4.0
117 62 129.29
117 63 33.62
117 64 19.03
117 65 111.36
117 66 33.24
117 67 40.46
117 68 19.24
117 69 61.19
117 70 83.82
117 71 101.4
117 72 65.15
117 73 93.15
117 74 111.76
117 75 32.25
117 76 118.21
117 77 144.36
117 78 94.59
117 79 32.14
117 80 25.63
117 81 69.32
117 82 128.71
117 83 102.3
117 84 121.25
117 85 109.73
117 86 21.84
117 87 76.54
117 88 113.22
117 89 100.72
117 90 114.04
117 91 41.4
117 92 89.09
117 93 52.63
117 94 126.13
117 95 144.42
117 96 113.37
117 97 88.62
117 98 143.59
117 99 112.31
117 100 136.82
117 101 81.54
117 102 159.46
117 103 70.21
117 104 134.03
117 105 83.76
117 106 98.88
117 107 58.87
117 108 89.83
117 109 33.02
117 110 101.02
117 111 96.93
117 112 105.11
117 113 70.0
117 114 118.87
117 115 125.77
117 116 16.16
117 118 116.85
117 119 72.62
117 120 47.17
117 121 102.79
117 122 110.11
117 123 74.04
117 124 74.15
117 125 96.6
117 126 63.32
117 127 147.12
117 128 135.38
117 129 96.57
117 130 14.14
117 131 24.6
117 132 62.8
117 133 20.12
117 134 65.31
117 135 58.03
117 136 147.61
117 137 22.47
117 138 107.9
117 139 90.47
117 140 84.2
117 141 97.31
117 142 139.56
117 143 60.07
117 144 107.17
117 145 96.21
117 146 89.45
117 147 56.89
117 148 71.34
117 149 69.64
117 150 27.02
117 151 94.92
117 152 114.49
117 153 84.29
117 154 73.41
117 155 56.22
117 156 55.36
117 157 56.82
117 158 34.23
117 159 137.06
117 160 4.12
117 161 96.02
117 162 115.92
117 163 147.87
117 164 89.89
117 165 65.38
117 166 82.3
117 167 77.0
117 168 85.62
117 169 86.21
117 170 111.8
117 171 118.23
117 172 39.2
117 173 133.06
117 174 102.94
117 175 69.4
117 176 55.73
117 177 155.13
117 178 133.66
117 179 101.08
117 180 10.44
117 181 87.48
117 182 29.15
117 183 117.69
117 184 75.71
117 185 79.01
117 186 101.12
117 187 99.69
117 188 75.58
117 189 165.19
117 190 84.01
117 191 116.21
117 192 103.75
117 193 93.19
117 194 130.6
117 195 15.56
117 196 92.65
117 197 53.23
117 198 127.29
117 199 47.52
117 200 123.79
117 201 73.25
118 0 46.32
118 1 61.22
118 2 55.46
118 3 111.22
118 4 68.88
118 5 109.08
118 6 52.33
118 7 79.71
118 8 62.65
118 9 58.03
118 10 19.1
118 11 114.81
118 12 56.3
118 13 15.03
118 14 76.28
118 15 81.02
118 16 75.19
118 17 51.0
118 18 75.8
118 19 38.6
118 20 22.2
118 21 87.24
118 22 48.76
118 23 42.45
118 24 33.73
118 25 102.0
118 26 90.35
118 27 122.43
118 28 105.65
118 29 60.31
118 30 17.72
118 31 65.0
118 32 10.3
118 33 98.37
118 34 14.56
118 35 27.46
118 36 98.11
118 37 47.41
118 38 9.49
118 39 34.18
118 40 40.22
118 41 82.01
118 42 56.72
118 43 81.27
118 44 96.52
118 45 31.02
118 46 58.94
118 47 58.18
118 48 57.87
118 49 125.24
118 50 109.04
118 51 92.78
118 52 20.02
118 53 44.18
118 54 68.54
118 55 81.71
118 56 74.17
118 57 25.0
118 58 56.32
118 59 20.62
118 60 23.6
118 61 114.95
118 62 12.65
118 63 83.53
118 64 109.79
118 65 68.25
118 66 113.15
118 67 77.47
118 68 99.02
118 69 61.55
118 70 80.36
118 71 119.4
118 72 82.15
118 73 23.71
118 74 34.66
118 75 90.76
118 76 52.5
118 77 49.16
118 78 79.63
118 79 88.41
118 80 98.68
118 81 47.71
118 82 56.94
118 83 24.35
118 84 13.34
118 85 81.84
118 86 133.22
118 87 40.31
118 88 10.05
118 89 61.4
118 90 12.73
118 91 80.65
118 92 62.37
118 93 115.16
118 94 70.43
118 95 40.31
118 96 60.88
118 97 35.01
118 98 26.93
118 99 10.0
118 100 24.7
118 101 36.8
118 102 47.89
118 103 55.0
118 104 22.14
118 105 33.84
118 106 62.65
118 107 81.02
118 108 37.34
118 109 105.76
118 110 49.74
118 111 24.19
118 112 19.42
118 113 65.37
118 114 36.62
118 115 81.04
118 116 100.85
118 117 116.85
118 119 46.57
118 120 82.13
118 121 26.31
118 122 62.51
118 123 83.93
118 124 52.7
118 125 64.85
118 126 90.82
118 127 57.71
118 128 23.54
118 129 84.1
118 130 113.81
118 131 120.51
118 132 55.36
118 133 117.65
118 134 58.14
118 135 104.0
118 136 36.25
118 137 94.41
118 138 13.6
118 139 79.25
118 140 35.51
118 141 72.9
118 142 24.19
118 143 73.24
118 144 108.24
118 145 25.94
118 146 49.73
118 147 92.01
118 148 71.11
118 149 47.42
118 150 90.34
118 151 76.06
118 152 5.0
118 153 112.29
118 154 44.2
118 155 62.03
118 156 90.97
118 157 75.33
118 158 91.35
118 159 24.17
118 160 117.99
118 161 55.33
118 162 78.92
118 163 31.83
118 164 65.19
118 165 62.2
118 166 98.23
118 167 103.94
118 168 80.28
118 169 53.45
118 170 77.41
118 171 75.5
118 172 87.69
118 173 26.08
118 174 42.19
118 175 61.01
118 176 81.02
118 177 48.08
118 178 40.02
118 179 114.77
118 180 115.04
118 181 44.01
118 182 95.82
118 183 9.43
118 184 87.66
118 185 62.39
118 186 106.51
118 187 80.16
118 188 80.41
118 189 55.95
118 190 117.9
118 191 89.81
118 192 38.0
118 193 102.53
118 194 14.32
118 195 122.0
118 196 25.0
118 197 63.81
118 198 33.84
118 199 109.46
118 200 41.18
118 201 46.32
119 0 1.0
119 1 36.67
119 2 78.77
119 3 68.59
119 4 32.53
119 5 65.8
119 6 90.03
119 7 33.54
119 8 73.59
119 9 16.4
119 10 53.01
119 11 74.03
119 12 60.64
119 13 53.34
119 14 35.85
119 15 45.34
119 16 87.69
119 17 76.49
119 18 36.67
119 19 59.64
119 20 67.78
119 21 67.48
119 22 59.24
119 23 62.97
119 24 13.0
119 25 57.63
119 26 68.07
119 27 76.16
119 28 59.14
119 29 51.01
119 30 62.39
119 31 45.61
119 32 39.81
119 33 63.89
119 34 59.54
119 35 31.95
119 36 54.49
119 37 34.13
119 38 46.96
119 39 27.29
119 40 71.17
119 41 35.44
119 42 69.66
119 43 62.03
119 44 54.67
119 45 17.8
119 46 29.55
119 47 65.25
119 48 57.01
119 49 80.45
119 50 74.46
119 51 68.03
119 52 28.18
119 53 58.52
119 54 42.95
119 55 35.85
119 56 33.62
119 57 43.86
119 58 72.09
119 59 26.31
119 60 26.08
119 61 70.21
119 62 59.2
119 63 41.23
119 64 63.56
119 65 55.58
119 66 76.92
119 67 32.2
119 68 56.64
119 69 33.14
119 70 47.42
119 71 86.56
119 72 40.72
119 73 24.02
119 74 41.18
119 75 44.38
119 76 71.87
119 77 73.5
119 78 75.59
119 79 48.88
119 80 52.39
119 81 14.87
119 82 63.06
119 83 29.73
119 84 48.88
119 85 62.97
119 86 91.24
119 87 12.81
119 88 46.04
119 89 43.74
119 90 41.68
119 91 34.18
119 92 58.52
119 93 70.26
119 94 67.01
119 95 72.14
119 96 53.0
119 97 16.4
119 98 73.38
119 99 45.04
119 100 64.35
119 101 22.2
119 102 86.83
119 103 34.18
119 104 61.59
119 105 13.04
119 106 43.17
119 107 37.36
119 108 18.79
119 109 59.23
119 110 37.05
119 111 34.21
119 112 41.59
119 113 46.84
119 114 48.37
119 115 94.05
119 116 57.31
119 117 72.62
119 118 46.57
119 120 50.01
119 121 43.32
119 122 72.86
119 123 67.47
119 124 35.78
119 125 43.01
119 126 68.03
119 127 77.83
119 128 68.36
119 129 57.14
119 130 72.35
119 131 81.27
119 132 9.9
119 133 71.31
119 134 32.76
119 135 60.42
119 136 75.0
119 137 50.33
119 138 35.78
119 139 72.92
119 140 11.66
119 141 49.24
119 142 70.61
119 143 48.09
119 144 80.28
119 145 34.79
119 146 48.17
119 147 48.27
119 148 53.85
119 149 8.25
119 150 45.61
119 151 50.12
119 152 45.54
119 153 74.95
119 154 18.03
119 155 16.4
119 156 64.2
119 157 30.41
119 158 54.13
119 159 64.66
119 160 74.41
119 161 58.05
119 162 87.21
119 163 76.03
119 164 38.48
119 165 38.83
119 166 62.2
119 167 65.37
119 168 70.94
119 169 48.6
119 170 83.87
119 171 86.28
119 172 52.2
119 173 60.44
119 174 35.17
119 175 19.42
119 176 54.04
119 177 82.73
119 178 62.43
119 179 82.81
119 180 69.46
119 181 41.01
119 182 49.4
119 183 50.16
119 184 50.22
119 185 50.99
119 186 76.42
119 187 78.89
119 188 43.42
119 189 92.7
119 190 79.65
119 191 71.87
119 192 51.97
119 193 70.04
119 194 60.88
119 195 76.03
119 196 21.59
119 197 23.77
119 198 55.61
119 199 64.03
119 200 69.29
119 201 1.0
120 0 50.99
120 1 21.4
120 2 79.76
120 3 38.0
120 4 73.16
120 5 38.21
120 6 133.22
120 7 39.45
120 8 64.01
120 9 59.08
120 10 95.96
120 11 37.11
120 12 110.63
120 13 94.4
120 14 19.7
120 15 82.57
120 16 73.98
120 17 80.6
120 18 17.09
120 19 107.42
120 20 103.95
120 21 25.46
120 22 108.81
120 23 111.09
120 24 58.31
120 25 37.34
120 26 23.02
120 27 62.94
120 28 54.92
120 29 100.4
120 30 91.21
120 31 22.56
120 32 80.45
120 33 98.09
120 34 89.5
120 35 55.17
120 36 32.31
120 37 84.01
120 38 87.2
120 39 76.54
120 40 82.87
120 41 45.79
120 42 64.2
120 43 107.67
120 44 25.96
120 45 64.62
120 46 76.03
120 47 115.21
120 48 45.18
120 49 56.08
120 50 26.91
120 51 20.62
120 52 71.2
120 53 61.4
120 54 88.36
120 55 37.44
120 56 68.68
120 57 90.34
120 58 121.43
120 59 64.07
120 60 59.2
120 61 47.68
120 62 93.35
120 63 23.35
120 64 53.23
120 65 104.02
120 66 31.24
120 67 34.0
120 68 28.86
120 69 20.62
120 70 86.83
120 71 119.0
120 72 71.31
120 73 60.46
120 74 90.14
120 75 44.55
120 76 71.85
120 77 121.25
120 78 48.47
120 79 16.55
120 80 47.2
120 81 38.08
120 82 113.03
120 83 76.06
120 84 90.44
120 85 108.66
120 86 55.66
120 87 45.62
120 88 75.74
120 89 92.02
120 90 83.76
120 91 43.05
120 92 42.0
120 93 81.39
120 94 116.52
120 95 117.48
120 96 102.49
120 97 65.15
120 98 106.96
120 99 75.01
120 100 105.6
120 101 45.61
120 102 129.2
120 103 27.8
120 104 102.8
120 105 55.04
120 106 91.0
120 107 64.47
120 108 68.41
120 109 60.61
120 110 86.83
120 111 58.73
120 112 66.07
120 113 23.35
120 114 97.14
120 115 78.85
120 116 33.53
120 117 47.17
120 118 82.13
120 119 50.01
120 121 61.85
120 122 63.01
120 123 29.41
120 124 31.06
120 125 90.05
120 126 22.47
120 127 126.65
120 128 96.02
120 129 99.25
120 130 37.48
120 131 40.25
120 132 42.11
120 133 60.17
120 134 24.04
120 135 79.03
120 136 117.2
120 137 32.25
120 138 77.39
120 139 44.38
120 140 58.52
120 141 94.53
120 142 101.67
120 143 13.04
120 144 118.33
120 145 57.38
120 146 43.97
120 147 70.49
120 148 24.19
120 149 42.72
120 150 33.42
120 151 94.05
120 152 78.49
120 153 103.25
120 154 39.45
120 155 39.12
120 156 15.81
120 157 57.58
120 158 13.0
120 159 105.42
120 160 46.0
120 161 49.37
120 162 69.12
120 163 113.9
120 164 84.21
120 165 21.1
120 166 94.85
120 167 93.65
120 168 39.81
120 169 40.26
120 170 65.0
120 171 71.2
120 172 8.0
120 173 104.01
120 174 85.15
120 175 60.3
120 176 9.43
120 177 127.32
120 178 110.07
120 179 116.73
120 180 51.92
120 181 43.83
120 182 47.51
120 183 80.06
120 184 83.93
120 185 32.14
120 186 113.09
120 187 53.49
120 188 79.7
120 189 136.48
120 190 105.68
120 191 117.1
120 192 59.62
120 193 105.31
120 194 94.11
120 195 59.91
120 196 62.27
120 197 27.02
120 198 102.88
120 199 74.28
120 200 79.06
120 201 50.99
121 0 43.66
121 1 40.5
121 2 36.88
121 3 95.63
121 4 73.93
121 5 94.24
121 6 77.83
121 7 71.01
121 8 38.28
121 9 59.09
121 10 45.04
121 11 97.49
121 12 77.83
121 13 41.3
121 14 61.4
121 15 86.95
121 16 51.89
121 17 33.84
121 18 60.08
121 19 63.39
121 20 44.78
121 21 62.43
121 22 71.57
121 23 67.36
121 24 34.67
121 25 88.77
121 26 66.03
121 27 112.15
121 28 97.13
121 29 77.39
121 30 29.7
121 31 41.73
121 32 31.4
121 33 105.48
121 34 28.43
121 35 11.4
121 36 84.2
121 37 61.22
121 38 35.01
121 39 47.2
121 40 27.89
121 41 75.11
121 42 32.7
121 43 95.67
121 44 80.99
121 45 36.8
121 46 67.01
121 47 80.65
121 48 31.58
121 49 111.68
121 50 88.24
121 51 69.03
121 52 31.38
121 53 19.7
121 54 79.31
121 55 72.11
121 56 76.56
121 57 47.3
121 58 80.89
121 59 23.43
121 60 19.21
121 61 101.65
121 62 34.0
121 63 69.38
121 64 99.72
121 65 84.63
121 66 93.01
121 67 67.19
121 68 83.82
121 69 42.49
121 70 87.92
121 71 127.86
121 72 83.93
121 73 22.67
121 74 54.23
121 75 82.05
121 76 31.24
121 77 75.0
121 78 53.34
121 79 71.69
121 80 89.27
121 81 36.0
121 82 79.06
121 83 38.95
121 84 39.01
121 85 96.43
121 86 116.28
121 87 31.58
121 88 16.76
121 89 75.17
121 90 35.36
121 91 73.03
121 92 36.14
121 93 112.79
121 94 90.34
121 95 66.61
121 96 78.55
121 97 41.11
121 98 46.23
121 99 16.49
121 100 50.7
121 101 23.02
121 102 73.16
121 103 34.13
121 104 48.27
121 105 31.76
121 106 75.74
121 107 80.65
121 108 45.28
121 109 99.02
121 110 64.2
121 111 9.43
121 112 7.0
121 113 41.77
121 114 58.52
121 115 58.14
121 116 86.68
121 117 102.79
121 118 26.31
121 119 43.32
121 120 61.85
121 122 37.95
121 123 58.59
121 124 30.81
121 125 77.08
121 126 66.61
121 127 83.15
121 128 34.21
121 129 95.02
121 130 97.08
121 131 101.87
121 132 48.51
121 133 107.79
121 134 38.47
121 135 103.58
121 136 61.98
121 137 81.25
121 138 31.32
121 139 52.95
121 140 36.89
121 141 84.86
121 142 40.31
121 143 50.99
121 144 119.33
121 145 8.54
121 146 23.77
121 147 91.48
121 148 46.62
121 149 39.46
121 150 78.26
121 151 87.11
121 152 21.38
121 153 117.62
121 154 31.02
121 155 54.15
121 156 67.94
121 157 73.5
121 158 72.95
121 159 50.0
121 160 103.12
121 161 29.07
121 162 54.41
121 163 55.07
121 164 75.17
121 165 40.8
121 166 104.32
121 167 108.26
121 168 54.12
121 169 27.73
121 170 52.39
121 171 51.62
121 172 68.6
121 173 52.35
121 174 57.69
121 175 62.24
121 176 58.73
121 177 74.22
121 178 65.19
121 179 123.71
121 180 103.16
121 181 19.21
121 182 87.09
121 183 20.12
121 184 92.59
121 185 37.22
121 186 116.4
121 187 54.01
121 188 85.48
121 189 81.6
121 190 122.58
121 191 105.12
121 192 12.65
121 193 110.94
121 194 34.13
121 195 110.82
121 196 27.59
121 197 50.64
121 198 58.42
121 199 106.21
121 200 26.0
121 201 43.66
122 0 73.55
122 1 48.08
122 2 20.0
122 3 101.0
122 4 105.38
122 5 101.12
122 6 110.03
122 7 90.08
122 8 1.0
122 9 89.2
122 10 81.61
122 11 99.32
122 12 115.77
122 13 77.32
122 14 73.5
122 15 118.19
122 16 14.87
122 17 23.35
122 18 71.06
122 19 100.81
122 20 75.66
122 21 48.1
122 22 109.48
122 23 104.74
122 24 68.6
122 25 98.99
122 26 53.14
122 27 124.62
122 28 113.32
122 29 114.53
122 30 57.71
122 31 41.44
122 32 69.12
122 33 136.69
122 34 58.31
122 35 45.28
122 36 93.9
122 37 97.75
122 38 71.85
122 39 84.12
122 40 32.65
122 41 95.75
122 42 6.08
122 43 131.49
122 44 88.36
122 45 72.4
122 46 100.77
122 47 118.6
122 48 18.68
122 49 119.07
122 50 83.2
122 51 57.87
122 52 68.94
122 53 18.44
122 54 113.85
122 55 89.89
122 56 105.89
122 57 85.16
122 58 118.46
122 59 60.37
122 60 55.07
122 61 110.37
122 62 66.12
122 63 81.02
122 64 113.56
122 65 121.43
122 66 89.05
122 67 84.86
122 68 91.35
122 69 52.81
122 70 120.21
122 71 159.36
122 72 112.2
122 73 58.67
122 74 92.11
122 75 99.62
122 76 14.42
122 77 111.65
122 78 24.76
122 79 78.41
122 80 105.08
122 81 60.0
122 82 117.0
122 83 76.56
122 84 75.8
122 85 132.31
122 86 117.1
122 87 60.11
122 88 52.47
122 89 111.22
122 90 73.01
122 91 93.11
122 92 21.02
122 93 135.15
122 94 128.04
122 95 102.04
122 96 115.84
122 97 76.28
122 98 73.98
122 99 52.61
122 100 85.01
122 101 50.93
122 102 105.08
122 103 44.78
122 104 83.01
122 105 64.82
122 106 111.5
122 107 107.34
122 108 80.71
122 109 117.32
122 110 100.85
122 111 45.62
122 112 44.64
122 113 40.31
122 114 96.46
122 115 21.26
122 116 95.63
122 117 110.11
122 118 62.51
122 119 72.86
122 120 63.01
122 121 37.95
122 123 42.15
122 124 41.15
122 125 112.41
122 126 54.08
122 127 120.21
122 128 58.94
122 129 129.07
122 130 100.12
122 131 100.45
122 132 73.82
122 133 121.2
122 134 49.4
122 135 128.5
122 136 95.26
122 137 92.57
122 138 69.26
122 139 27.2
122 140 70.6
122 141 119.81
122 142 66.94
122 143 50.04
122 144 152.84
122 145 43.83
122 146 25.24
122 147 117.14
122 148 39.05
122 149 66.07
122 150 91.68
122 151 121.51
122 152 57.56
122 153 147.0
122 154 55.44
122 155 77.18
122 156 59.67
122 157 99.57
122 158 76.01
122 159 84.02
122 160 109.0
122 161 15.65
122 162 16.49
122 163 85.33
122 164 109.48
122 165 46.57
122 166 134.83
122 167 137.2
122 168 31.38
122 169 26.4
122 170 15.0
122 171 13.89
122 172 71.01
122 173 88.2
122 174 94.83
122 175 92.1
122 176 55.15
122 177 108.17
122 178 102.42
122 179 155.67
122 180 113.99
122 181 31.89
122 182 104.04
122 183 54.08
122 184 122.79
122 185 31.26
122 186 149.2
122 187 22.2
122 188 116.18
122 189 113.99
122 190 151.24
122 191 141.17
122 192 25.3
122 193 142.9
122 194 65.28
122 195 122.05
122 196 63.63
122 197 68.03
122 198 95.9
122 199 128.04
122 200 28.64
122 201 73.55
123 0 68.45
123 1 30.81
123 2 61.72
123 3 64.29
123 4 96.38
123 5 65.46
123 6 136.17
123 7 67.36
123 8 43.08
123 9 80.65
123 10 101.24
123 11 60.53
123 12 125.0
123 13 98.35
123 14 47.42
123 15 107.33
123 16 49.25
123 17 64.14
123 18 44.6
123 19 116.73
123 20 103.35
123 21 6.08
123 22 121.26
123 23 120.67
123 24 71.03
123 25 66.19
123 26 11.18
123 27 91.39
123 28 84.31
123 29 117.96
123 30 87.37
123 31 22.09
123 32 85.87
123 33 124.17
123 34 86.61
123 35 57.28
123 36 61.29
123 37 100.6
123 38 91.39
123 39 90.01
123 40 70.29
123 41 73.76
123 42 45.65
123 43 129.12
123 44 54.56
123 45 77.0
123 46 96.57
123 47 129.03
123 48 29.7
123 49 82.46
123 50 42.11
123 51 16.12
123 52 79.76
123 53 48.8
123 54 109.77
123 55 65.8
123 56 93.48
123 57 99.3
123 58 132.85
123 59 71.02
123 60 65.12
123 61 75.27
123 62 92.59
123 63 52.5
123 64 82.37
123 65 122.98
123 66 48.09
123 67 61.72
123 68 57.27
123 69 34.79
123 70 110.98
123 71 145.89
123 72 97.42
123 73 67.74
123 74 102.18
123 75 73.66
123 76 54.71
123 77 129.84
123 78 21.02
123 79 45.79
123 80 76.61
123 81 52.77
123 82 127.02
123 83 86.37
123 84 95.21
123 85 130.08
123 86 77.0
123 87 58.14
123 88 75.15
123 89 111.2
123 90 89.74
123 91 70.94
123 92 24.76
123 93 110.63
123 94 133.63
123 95 123.37
123 96 119.82
123 97 79.1
123 98 104.31
123 99 74.73
123 100 108.63
123 101 53.15
123 102 131.59
123 103 34.06
123 104 106.04
123 105 67.01
123 106 110.63
123 107 90.97
123 108 83.22
123 109 90.0
123 110 103.7
123 111 60.08
123 112 64.88
123 113 21.02
123 114 108.46
123 115 53.0
123 116 62.17
123 117 74.04
123 118 83.93
123 119 67.47
123 120 29.41
123 121 58.59
123 122 42.15
123 124 34.06
123 125 110.35
123 126 12.17
123 127 136.78
123 128 90.8
123 129 122.56
123 130 61.98
123 131 60.01
123 132 62.63
123 133 89.0
123 134 34.71
123 135 107.56
123 136 120.15
123 137 61.59
123 138 83.95
123 139 17.0
123 140 72.11
123 141 116.09
123 142 97.91
123 143 21.1
123 144 143.56
123 145 58.19
123 146 34.99
123 147 98.23
123 148 14.0
123 149 59.23
123 150 62.8
123 151 116.38
123 152 79.31
123 153 130.8
123 154 51.16
123 155 62.17
123 156 19.1
123 157 83.53
123 158 40.72
123 159 108.08
123 160 72.03
123 161 33.97
123 162 43.0
123 163 113.65
123 164 105.36
123 165 28.64
123 166 121.26
123 167 121.02
123 168 12.0
123 169 30.89
123 170 39.01
123 171 46.17
123 172 36.24
123 173 109.11
123 174 100.12
123 175 82.64
123 176 20.0
123 177 131.91
123 178 119.05
123 179 143.21
123 180 80.23
123 181 39.92
123 182 76.84
123 183 78.71
123 184 109.77
123 185 21.54
123 186 138.71
123 187 26.08
123 188 104.66
123 189 139.85
123 190 133.69
123 191 138.88
123 192 50.61
123 193 131.23
123 194 92.66
123 195 88.02
123 196 71.34
123 197 49.65
123 198 111.8
123 199 103.48
123 200 66.07
123 201 68.45
124 0 36.67
124 1 9.85
124 2 53.34
124 3 66.22
124 4 67.42
124 5 65.31
124 6 104.81
124 7 49.04
124 8 42.05
124 9 51.04
124 10 68.54
124 11 67.23
124 12 91.02
124 13 66.19
124 14 34.01
124 15 79.65
124 16 55.23
124 17 53.01
124 18 32.02
124 19 82.98
124 20 73.88
124 21 35.9
124 22 87.21
124 23 86.88
124 24 37.22
124 25 61.13
124 26 38.28
124 27 86.02
124 28 73.16
124 29 84.72
124 30 60.31
124 31 12.65
124 32 52.92
124 33 97.74
124 34 58.73
124 35 25.24
124 36 56.22
124 37 67.27
124 38 59.03
124 39 56.08
124 40 53.15
124 41 54.63
124 42 39.85
124 43 97.69
124 44 51.97
124 45 43.05
124 46 65.31
124 47 95.01
124 48 23.02
124 49 83.19
124 50 57.49
124 51 40.25
124 52 45.89
124 53 33.0
124 54 78.72
124 55 49.04
124 56 66.53
124 57 65.51
124 58 98.86
124 59 37.36
124 60 31.62
124 61 73.55
124 62 63.13
124 63 42.0
124 64 74.24
124 65 90.25
124 66 62.2
124 67 43.97
124 68 54.92
124 69 13.04
124 70 82.42
124 71 120.28
124 72 72.18
124 73 33.96
124 74 68.12
124 75 58.94
124 76 45.4
124 77 96.3
124 78 39.82
124 79 42.2
124 80 64.94
124 81 21.1
124 82 93.0
124 83 52.35
124 84 62.65
124 85 98.62
124 86 86.01
124 87 24.74
124 88 45.34
124 89 78.75
124 90 56.65
124 91 52.0
124 92 23.35
124 93 94.02
124 94 100.13
124 95 90.62
124 96 86.49
124 97 45.4
124 98 76.37
124 99 44.69
124 100 77.03
124 101 19.1
124 102 100.5
124 103 4.0
124 104 74.3
124 105 33.14
124 106 78.43
124 107 66.84
124 108 49.65
124 109 76.66
124 110 70.41
124 111 28.6
124 112 35.36
124 113 13.34
124 114 74.43
124 115 61.29
124 116 58.42
124 117 74.15
124 118 52.7
124 119 35.78
124 120 31.06
124 121 30.81
124 122 41.15
124 123 34.06
124 125 78.55
124 126 38.63
124 127 102.96
124 128 65.0
124 129 92.78
124 130 67.07
124 131 71.2
124 132 33.97
124 133 82.15
124 134 9.0
124 135 87.46
124 136 88.68
124 137 54.01
124 138 50.6
124 139 37.16
124 140 38.47
124 141 85.0
124 142 70.84
124 143 20.62
124 144 115.43
124 145 27.02
124 146 16.49
124 147 76.28
124 148 20.1
124 149 27.78
124 150 52.15
124 151 85.88
124 152 48.6
124 153 106.96
124 154 18.03
124 155 36.4
124 156 38.28
124 157 59.03
124 158 42.54
124 159 76.66
124 160 73.98
124 161 25.5
124 162 53.26
124 163 84.02
124 164 74.25
124 165 10.0
124 166 95.48
124 167 97.08
124 168 35.44
124 169 14.76
124 170 49.58
124 171 53.25
124 172 38.01
124 173 76.56
124 174 66.37
124 175 53.6
124 176 28.43
124 177 99.74
124 178 85.38
124 179 116.93
124 180 76.06
124 181 13.34
124 182 63.56
124 183 49.52
124 184 83.49
124 185 15.23
124 186 111.21
124 187 43.27
124 188 77.34
124 189 108.3
124 190 110.89
124 191 107.54
124 192 29.61
124 193 104.35
124 194 63.7
124 195 84.02
124 196 37.34
124 197 26.93
124 198 78.1
124 199 86.93
124 200 49.65
124 201 36.67
125 0 42.06
125 1 79.56
125 2 113.86
125 3 96.57
125 4 20.59
125 5 92.85
125 6 82.98
125 7 58.52
125 8 113.0
125 9 31.0
125 10 56.89
125 11 104.36
125 12 32.45
125 13 60.64
125 14 72.17
125 15 23.71
125 16 127.2
125 17 110.45
125 18 74.06
125 19 47.68
125 20 77.67
125 21 110.02
125 22 37.7
125 23 48.51
125 24 43.83
125 25 83.38
125 26 110.17
125 27 91.05
125 28 73.82
125 29 15.62
125 30 82.35
125 31 88.6
125 32 54.56
125 33 36.0
125 34 79.2
125 35 67.48
125 36 82.54
125 37 17.46
125 38 58.52
125 39 31.06
125 40 102.0
125 41 55.15
125 42 108.23
125 43 19.24
125 44 85.87
125 45 40.36
125 46 14.04
125 47 37.2
125 48 98.49
125 49 101.87
125 50 111.02
125 51 109.55
125 52 47.2
125 53 95.78
125 54 5.39
125 55 61.68
125 56 28.84
125 57 43.93
125 58 48.88
125 59 53.76
125 60 58.05
125 61 93.06
125 62 74.33
125 63 74.15
125 64 80.71
125 65 14.87
125 66 111.99
125 67 61.39
125 68 86.68
125 69 75.71
125 70 19.92
125 71 55.08
125 72 33.94
125 73 54.49
125 74 33.38
125 75 64.4
125 76 108.25
125 77 57.58
125 78 118.19
125 79 83.86
125 80 71.2
125 81 57.87
125 82 35.23
125 83 40.82
125 84 57.28
125 85 20.12
125 86 118.11
125 87 54.13
125 88 70.72
125 89 5.39
125 90 52.92
125 91 56.3
125 92 100.62
125 93 66.89
125 94 29.53
125 95 63.95
125 96 17.69
125 97 36.24
125 98 85.15
125 99 69.89
125 100 67.27
125 101 62.27
125 102 82.04
125 103 77.16
125 104 65.49
125 105 47.71
125 106 3.16
125 107 38.6
125 108 31.89
125 109 69.53
125 110 15.52
125 111 67.94
125 112 72.25
125 113 89.84
125 114 37.01
125 115 133.6
125 116 85.09
125 117 96.6
125 118 64.85
125 119 43.01
125 120 90.05
125 121 77.08
125 122 112.41
125 123 110.35
125 124 78.55
125 126 110.03
125 127 56.44
125 128 87.85
125 129 19.31
125 130 101.84
125 131 112.93
125 132 48.37
125 133 86.21
125 134 75.69
125 135 53.85
125 136 73.11
125 137 78.11
125 138 51.48
125 139 115.69
125 140 41.88
125 141 8.06
125 142 86.02
125 143 90.43
125 144 43.42
125 145 69.43
125 146 89.19
125 147 45.34
125 148 96.84
125 149 51.24
125 150 72.73
125 151 11.4
125 152 67.23
125 153 51.04
125 154 60.54
125 155 51.0
125 156 105.3
125 157 39.81
125 158 90.55
125 159 68.36
125 160 99.74
125 161 98.79
125 162 127.86
125 163 81.3
125 164 6.71
125 165 81.74
125 166 37.22
125 167 44.91
125 168 113.89
125 169 90.35
125 170 124.87
125 171 126.25
125 172 90.14
125 173 60.07
125 174 23.09
125 175 30.15
125 176 95.63
125 177 73.98
125 178 50.01
125 179 50.29
125 180 89.36
125 181 81.63
125 182 67.6
125 183 73.06
125 184 30.46
125 185 93.78
125 186 41.79
125 187 121.2
125 188 25.24
125 189 83.93
125 190 57.08
125 191 29.07
125 192 88.62
125 193 38.64
125 194 76.55
125 195 93.01
125 196 49.52
125 197 63.13
125 198 47.1
125 199 64.2
125 200 101.53
125 201 42.06
126 0 69.03
126 1 32.39
126 2 73.41
126 3 53.49
126 4 94.37
126 5 55.04
126 6 143.13
126 7 61.91
126 8 55.03
126 9 79.43
126 10 107.15
126 11 49.03
126 12 127.57
126 13 104.69
126 14 42.06
126 15 104.4
126 16 61.4
126 17 75.59
126 18 39.36
126 19 121.3
126 20 111.22
126 21 6.08
126 22 124.62
126 23 125.16
126 24 73.68
126 25 56.86
126 26 1.0
126 27 81.41
126 28 75.93
126 29 119.04
126 30 96.05
126 31 26.0
126 32 91.55
126 33 120.34
126 34 95.0
126 35 63.51
126 36 52.2
126 37 102.0
126 38 97.58
126 39 92.66
126 40 81.02
126 41 68.26
126 42 57.27
126 43 128.27
126 44 45.22
126 45 79.91
126 46 96.03
126 47 131.86
126 48 40.22
126 49 71.47
126 50 30.02
126 51 4.0
126 52 84.2
126 53 59.2
126 54 108.85
126 55 59.91
126 56 90.48
126 57 103.85
126 58 136.69
126 59 75.89
126 60 70.23
126 61 64.88
126 62 100.4
126 63 45.61
126 64 73.24
126 65 123.41
126 66 36.01
126 67 56.44
126 68 47.71
126 69 35.01
126 70 108.47
126 71 141.42
126 72 93.52
126 73 72.42
126 74 105.55
126 75 66.71
126 76 66.19
126 77 134.77
126 78 33.02
126 79 37.48
126 80 68.62
126 81 54.08
126 82 129.76
126 83 90.24
126 84 101.24
126 85 129.25
126 86 65.03
126 87 60.53
126 88 82.68
126 89 111.45
126 90 95.27
126 91 65.51
126 92 35.51
126 93 103.25
126 94 135.0
126 95 129.24
126 96 121.02
126 97 81.39
126 98 112.8
126 99 82.15
126 100 115.38
126 101 57.28
126 102 138.71
126 103 37.36
126 104 112.7
126 105 69.87
126 106 110.65
126 107 86.76
126 108 85.21
126 109 82.07
126 110 105.0
126 111 66.65
126 112 72.4
126 113 25.5
126 114 112.18
126 115 65.03
126 116 52.7
126 117 63.32
126 118 90.82
126 119 68.03
126 120 22.47
126 121 66.61
126 122 54.08
126 123 12.17
126 124 38.63
126 125 110.03
126 127 141.16
126 128 99.9
126 129 120.6
126 130 50.7
126 131 48.01
126 132 61.66
126 133 79.4
126 134 36.35
126 135 101.4
126 136 127.02
126 137 53.15
126 138 89.2
126 139 29.07
126 140 74.43
126 141 115.12
126 142 106.67
126 143 20.02
126 144 140.39
126 145 64.88
126 146 43.86
126 147 92.96
126 148 20.0
126 149 60.0
126 150 55.17
126 151 114.98
126 152 86.45
126 153 125.72
126 154 53.6
126 155 59.91
126 156 8.06
126 157 79.71
126 158 31.4
126 159 114.95
126 160 61.03
126 161 44.65
126 162 55.04
126 163 121.49
126 164 104.56
126 165 30.59
126 166 117.17
126 167 116.11
126 168 24.08
126 169 39.62
126 170 51.09
126 171 58.31
126 172 27.59
126 173 115.16
126 174 102.24
126 175 81.02
126 176 14.56
126 177 138.29
126 178 123.76
126 179 139.09
126 180 70.24
126 181 47.43
126 182 69.31
126 183 86.53
126 184 106.1
126 185 29.73
126 186 135.25
126 187 38.0
126 188 101.59
126 189 146.69
126 190 128.14
126 191 137.87
126 192 60.11
126 193 127.53
126 194 100.69
126 195 77.82
126 196 75.43
126 197 47.3
126 198 116.48
126 199 96.21
126 200 76.84
126 201 69.03
127 0 76.94
127 1 108.93
127 2 111.97
127 3 144.84
127 4 74.81
127 5 141.61
127 6 33.53
127 7 106.83
127 8 120.35
127 9 76.69
127 10 38.64
127 11 151.17
127 12 24.17
127 13 43.17
127 14 113.65
127 15 80.13
127 16 132.77
127 17 107.21
127 18 114.49
127 19 20.1
127 20 51.62
127 21 138.85
127 22 19.8
127 23 16.12
127 24 68.35
127 25 132.61
127 26 140.92
127 27 145.04
127 28 127.31
127 29 41.15
127 30 67.23
127 31 115.52
127 32 52.0
127 33 89.49
127 34 65.19
127 35 80.22
127 36 130.43
127 37 48.1
127 38 48.37
127 39 50.54
127 40 95.52
127 41 105.55
127 42 114.42
127 43 59.03
127 44 131.76
127 45 62.03
127 46 63.78
127 47 19.92
127 48 114.0
127 49 153.72
127 50 152.12
127 51 142.17
127 52 57.07
127 53 101.83
127 54 61.77
127 55 109.81
127 56 83.24
127 57 37.48
127 58 7.62
127 59 65.76
127 60 71.7
127 61 144.05
127 62 57.01
127 63 118.51
127 64 133.65
127 65 46.17
127 66 154.74
127 67 107.65
127 68 133.41
127 69 107.21
127 70 76.03
127 71 102.83
127 72 89.63
127 73 69.05
127 74 36.67
127 75 115.43
127 76 109.88
127 77 9.43
127 78 136.0
127 79 126.66
127 80 123.11
127 81 88.6
127 82 21.54
127 83 50.96
127 84 44.41
127 85 58.86
127 86 167.41
127 87 81.27
127 88 67.74
127 89 51.11
127 90 48.0
127 91 105.76
127 92 118.07
127 93 123.31
127 94 35.06
127 95 22.02
127 96 39.4
127 97 61.74
127 98 58.01
127 99 67.6
127 100 38.47
127 101 83.95
127 102 35.34
127 103 103.81
127 104 39.4
127 105 71.78
127 106 53.34
127 107 93.09
127 108 59.06
127 109 124.08
127 110 46.69
127 111 78.06
127 112 76.16
127 113 116.3
127 114 29.55
127 115 138.51
127 116 133.22
127 117 147.12
127 118 57.71
127 119 77.83
127 120 126.65
127 121 83.15
127 122 120.21
127 123 136.78
127 124 102.96
127 125 56.44
127 126 141.16
127 128 69.77
127 129 70.21
127 130 149.21
127 131 158.81
127 132 87.32
127 133 140.07
127 134 105.08
127 135 110.28
127 136 33.94
127 137 126.02
127 138 53.15
127 139 135.09
127 140 68.15
127 141 60.93
127 142 63.29
127 143 121.56
127 144 87.28
127 145 80.06
127 146 105.08
127 147 101.26
127 148 122.98
127 149 84.17
127 150 120.8
127 151 65.0
127 152 62.65
127 153 104.4
127 154 87.93
127 155 92.96
127 156 139.18
127 157 91.93
127 158 131.93
127 159 39.82
127 160 149.63
127 161 112.04
127 162 136.62
127 163 47.42
127 164 62.13
127 165 110.6
127 166 91.76
127 167 100.09
127 168 135.37
127 169 108.23
127 170 135.07
127 171 133.18
127 172 129.77
127 173 32.89
127 174 44.2
127 175 77.9
127 176 128.74
127 177 25.5
127 178 18.0
127 179 97.87
127 180 141.53
127 181 98.25
127 182 119.55
127 183 66.49
127 184 86.77
127 185 115.85
127 186 88.96
127 187 137.06
127 188 81.63
127 189 32.56
127 190 110.44
127 191 62.03
127 192 95.43
127 193 89.5
127 194 58.69
127 195 146.37
127 196 65.73
127 197 101.52
127 198 25.08
127 199 120.37
127 200 97.42
127 201 76.94
128 0 68.26
128 1 74.63
128 2 45.01
128 3 128.81
128 4 92.4
128 5 127.12
128 6 52.0
128 7 100.44
128 8 58.69
128 9 81.06
128 10 34.66
128 11 131.23
128 12 74.97
128 13 29.73
128 14 94.02
128 15 104.56
128 16 68.18
128 17 40.01
128 18 93.04
128 19 54.04
128 20 18.68
128 21 95.27
128 22 66.48
128 23 57.2
128 24 56.04
128 25 120.9
128 26 99.25
128 27 142.87
128 28 126.7
128 29 81.84
128 30 6.0
128 31 75.74
128 32 33.53
128 33 121.84
128 34 9.06
128 35 42.05
128 36 116.62
128 37 70.38
128 38 29.53
128 39 57.57
128 40 28.0
128 41 103.41
128 42 52.89
128 43 103.45
128 44 114.06
128 45 54.15
128 46 82.46
128 47 75.74
128 48 61.59
128 49 144.1
128 50 122.44
128 51 102.59
128 52 43.42
128 53 43.38
128 54 91.76
128 55 102.11
128 56 97.51
128 57 45.49
128 58 70.72
128 59 42.11
128 60 42.95
128 61 133.9
128 62 14.21
128 63 101.77
128 64 130.25
128 65 89.89
128 66 127.2
128 67 97.53
128 68 116.78
128 69 76.32
128 70 103.85
128 71 142.68
128 72 105.48
128 73 44.41
128 74 56.08
128 75 111.61
128 76 45.54
128 77 60.37
128 78 81.02
128 79 105.12
128 80 119.33
128 81 66.41
128 82 74.97
128 83 47.8
128 84 31.62
128 85 103.94
128 86 149.97
128 87 59.91
128 88 22.56
128 89 84.1
128 90 34.93
128 91 101.79
128 92 66.57
128 93 138.0
128 94 89.94
128 95 48.47
128 96 82.1
128 97 58.31
128 98 15.13
128 99 23.54
128 100 31.3
128 101 53.85
128 102 47.0
128 103 68.24
128 104 30.53
128 105 55.33
128 106 85.49
128 107 104.04
128 108 60.83
128 109 127.42
128 110 72.5
128 111 38.48
128 112 30.41
128 113 75.69
128 114 56.22
128 115 73.01
128 116 119.23
128 117 135.38
128 118 23.54
128 119 68.36
128 120 96.02
128 121 34.21
128 122 58.94
128 123 90.8
128 124 65.0
128 125 87.85
128 126 99.9
128 127 69.77
128 129 107.15
128 130 130.65
128 131 135.91
128 132 76.3
128 133 138.25
128 134 72.4
128 135 127.14
128 136 38.83
128 137 113.3
128 138 37.11
128 139 81.84
128 140 58.01
128 141 95.85
128 142 8.06
128 143 85.15
128 144 131.1
128 145 39.36
128 146 56.08
128 147 115.07
128 148 79.98
128 149 67.68
128 150 109.73
128 151 99.16
128 152 23.0
128 153 135.82
128 154 62.03
128 155 82.76
128 156 101.83
128 157 98.02
128 158 106.85
128 159 29.97
128 160 136.06
128 161 57.8
128 162 73.82
128 163 27.0
128 164 88.54
128 165 75.0
128 166 121.75
128 167 127.48
128 168 84.22
128 169 60.31
128 170 73.55
128 171 69.46
128 172 102.63
128 173 37.44
128 174 64.88
128 175 84.1
128 176 92.85
128 177 51.79
128 178 54.41
128 179 137.99
128 180 134.71
128 181 53.08
128 182 116.71
128 183 18.25
128 184 111.2
128 185 70.18
128 186 129.62
128 187 80.06
128 188 103.94
128 189 56.0
128 190 141.44
128 191 111.52
128 192 40.22
128 193 125.87
128 194 12.04
128 195 142.05
128 196 47.04
128 197 82.28
128 198 50.25
128 199 132.09
128 200 31.14
128 201 68.26
129 0 56.3
129 1 92.2
129 2 131.89
129 3 98.48
129 4 26.25
129 5 94.54
129 6 99.61
129 7 63.01
129 8 129.73
129 9 42.05
129 10 75.93
129 11 107.06
129 12 46.32
129 13 79.81
129 14 80.06
129 15 18.25
129 16 143.93
129 17 128.69
129 18 82.38
129 19 65.01
129 20 96.77
129 21 121.43
129 22 53.46
129 23 65.19
129 24 60.81
129 25 85.16
129 26 120.88
129 27 87.21
129 28 71.51
129 29 30.15
129 30 101.64
129 31 101.55
129 32 73.82
129 33 19.31
129 34 98.49
129 35 84.86
129 36 85.48
129 37 36.77
129 38 77.83
129 39 50.12
129 40 120.67
129 41 58.08
129 42 125.26
129 43 13.45
129 44 90.09
129 45 58.26
129 46 28.32
129 47 50.29
129 48 114.04
129 49 100.3
129 50 117.04
129 51 119.57
129 52 66.04
129 53 113.14
129 54 15.81
129 55 66.0
129 56 31.06
129 57 63.06
129 58 62.64
129 59 72.01
129 60 75.82
129 61 92.72
129 62 93.64
129 63 80.16
129 64 78.77
129 65 24.04
129 66 117.04
129 67 67.19
129 68 90.27
129 69 87.85
129 70 13.04
129 71 35.9
129 72 31.58
129 73 72.35
129 74 52.39
129 75 65.76
129 76 125.94
129 77 73.16
129 78 132.59
129 79 90.2
129 80 71.06
129 81 71.69
129 82 48.76
129 83 59.94
129 84 76.54
129 85 14.21
129 86 118.41
129 87 69.4
129 88 89.69
129 89 23.54
129 90 72.24
129 91 60.01
129 92 115.66
129 93 57.31
129 94 37.22
129 95 81.1
129 96 31.4
129 97 53.91
129 98 104.29
129 99 88.84
129 100 85.99
129 101 78.24
129 102 99.18
129 103 90.82
129 104 84.34
129 105 64.38
129 106 21.84
129 107 38.33
129 108 49.82
129 109 65.8
129 110 34.79
129 111 85.7
129 112 90.6
129 113 102.88
129 114 55.33
129 115 150.33
129 116 87.69
129 117 96.57
129 118 84.1
129 119 57.14
129 120 99.25
129 121 95.02
129 122 129.07
129 123 122.56
129 124 92.78
129 125 19.31
129 126 120.6
129 127 70.21
129 128 107.15
129 130 104.24
129 131 115.97
129 132 60.01
129 133 82.76
129 134 88.57
129 135 44.82
129 136 91.05
129 137 81.3
129 138 70.66
129 139 129.77
129 140 58.69
129 141 11.4
129 142 105.3
129 143 101.84
129 144 24.41
129 145 87.05
129 146 105.0
129 147 40.31
129 148 109.66
129 149 65.0
129 150 76.16
129 151 8.06
129 152 86.35
129 153 34.21
129 154 75.17
129 155 60.73
129 156 114.98
129 157 43.01
129 158 97.33
129 159 87.13
129 160 100.17
129 161 114.81
129 162 144.01
129 163 99.98
129 164 19.85
129 165 94.43
129 166 21.95
129 167 30.53
129 168 127.46
129 169 105.68
129 170 140.8
129 171 142.76
129 172 97.87
129 173 78.64
129 174 42.38
129 175 39.92
129 176 106.04
129 177 90.55
129 178 67.07
129 179 31.05
129 180 87.92
129 181 97.62
129 182 67.68
129 183 92.18
129 184 21.47
129 185 107.91
129 186 22.47
129 187 136.0
129 188 21.21
129 189 100.13
129 190 40.26
129 191 19.65
129 192 106.08
129 193 20.0
129 194 95.86
129 195 89.96
129 196 67.48
129 197 73.38
129 198 65.12
129 199 56.61
129 200 120.0
129 201 56.3
130 0 73.11
130 1 57.25
130 2 117.24
130 3 6.08
130 4 81.61
130 5 10.05
130 6 161.93
130 7 43.46
130 8 101.12
130 9 73.36
130 10 124.48
130 11 3.16
130 12 129.29
130 13 123.99
130 14 37.64
130 15 85.99
130 16 110.16
130 17 118.07
130 18 38.01
130 19 131.82
130 20 136.01
130 21 56.29
130 22 129.85
130 23 135.0
130 24 84.15
130 25 19.1
130 26 51.66
130 27 33.97
130 28 37.11
130 29 115.55
130 30 125.4
130 31 60.02
130 32 109.88
130 33 96.02
130 34 123.31
130 35 88.68
130 36 19.31
130 37 102.08
130 38 117.03
130 39 99.2
130 40 119.92
130 41 46.84
130 42 101.6
130 43 115.73
130 44 17.69
130 45 89.87
130 46 89.16
130 47 134.24
130 48 82.61
130 49 21.02
130 50 23.6
130 51 46.84
130 52 99.04
130 53 98.72
130 54 98.37
130 55 40.31
130 56 74.22
130 57 116.18
130 58 142.89
130 59 93.86
130 60 90.21
130 61 17.2
130 62 125.92
130 63 31.14
130 64 31.02
130 65 116.71
130 66 19.1
130 67 41.68
130 68 15.81
130 69 54.63
130 70 91.24
130 71 112.61
130 72 72.69
130 73 90.43
130 74 113.0
130 75 38.47
130 76 109.33
130 77 145.6
130 78 82.87
130 79 25.55
130 80 34.01
130 81 66.22
130 82 132.0
130 83 101.91
130 84 119.67
130 85 116.71
130 86 19.42
130 87 73.88
130 88 109.08
130 89 105.48
130 90 112.54
130 91 45.54
130 92 79.23
130 93 65.19
130 94 131.1
130 95 144.42
130 96 117.78
130 97 88.73
130 98 140.06
130 99 108.23
130 100 135.28
130 101 77.39
130 102 158.45
130 103 63.32
130 104 132.46
130 105 82.07
130 106 103.82
130 107 65.92
130 108 90.6
130 109 44.38
130 110 104.24
130 111 92.28
130 112 100.24
130 113 60.83
130 114 120.21
130 115 114.53
130 116 16.76
130 117 14.14
130 118 113.81
130 119 72.35
130 120 37.48
130 121 97.08
130 122 100.12
130 123 61.98
130 124 67.07
130 125 101.84
130 126 50.7
130 127 149.21
130 128 130.65
130 129 104.24
130 131 12.04
130 132 62.48
130 133 33.84
130 134 58.69
130 135 69.05
130 136 146.45
130 137 23.77
130 138 106.22
130 139 78.77
130 140 83.49
130 141 103.58
130 142 135.48
130 143 50.49
130 144 117.07
130 145 91.3
130 146 81.25
130 147 66.0
130 148 61.07
130 149 67.9
130 150 29.15
130 151 101.64
130 152 110.94
130 153 95.52
130 154 69.63
130 155 56.4
130 156 42.95
130 157 62.36
130 158 24.74
130 159 135.37
130 160 10.82
130 161 86.83
130 162 104.58
130 163 145.42
130 164 95.19
130 165 57.57
130 166 92.05
130 167 87.57
130 168 73.82
130 169 77.67
130 170 100.5
130 171 107.23
130 172 29.61
130 173 132.23
130 174 105.15
130 175 72.92
130 176 45.01
130 177 154.94
130 178 134.63
130 179 111.88
130 180 23.85
130 181 80.32
130 182 37.01
130 183 113.53
130 184 84.21
130 185 69.58
130 186 111.11
130 187 87.97
130 188 83.02
130 189 164.77
130 190 95.8
130 191 123.79
130 192 96.46
130 193 103.08
130 194 127.03
130 195 29.7
130 196 90.69
130 197 50.33
130 198 127.91
130 199 59.48
130 200 116.21
130 201 73.11
131 0 82.1
131 1 61.4
131 2 118.6
131 3 18.11
131 4 92.89
131 5 22.09
131 6 169.92
131 7 54.41
131 8 101.43
131 9 83.77
131 10 132.38
131 11 9.0
131 12 139.56
131 13 131.53
131 14 45.61
131 15 97.74
131 16 109.17
131 17 119.92
131 18 45.34
131 19 140.91
131 20 142.64
131 21 54.0
131 22 139.67
131 23 144.22
131 24 92.46
131 25 31.02
131 26 49.01
131 27 44.1
131 28 49.03
131 29 126.29
131 30 130.92
131 31 62.39
131 32 117.39
131 33 108.04
131 34 129.03
131 35 94.4
131 36 30.59
131 37 112.26
131 38 124.45
131 39 108.45
131 40 122.93
131 41 58.25
131 42 102.61
131 43 127.28
131 44 27.31
131 45 98.41
131 46 99.96
131 47 144.46
131 48 83.93
131 49 29.0
131 50 18.11
131 51 44.01
131 52 106.96
131 53 101.24
131 54 109.64
131 55 51.24
131 56 85.7
131 57 124.81
131 58 152.69
131 59 101.12
131 60 97.0
131 61 28.23
131 62 132.28
131 63 40.31
131 64 42.72
131 65 127.78
131 66 12.17
131 67 52.0
131 68 26.25
131 69 59.64
131 70 102.96
131 71 124.62
131 72 84.48
131 73 97.59
131 74 122.33
131 75 50.25
131 76 110.86
131 77 154.77
131 78 81.0
131 79 32.65
131 80 46.04
131 81 73.55
131 82 142.23
131 83 110.42
131 84 127.31
131 85 128.27
131 86 17.03
131 87 81.34
131 88 115.0
131 89 116.38
131 90 120.28
131 91 56.75
131 92 80.05
131 93 76.84
131 94 142.0
131 95 152.9
131 96 128.51
131 97 97.65
131 98 146.21
131 99 114.2
131 100 142.84
131 101 83.74
131 102 166.24
131 103 67.74
131 104 140.01
131 105 90.03
131 106 114.79
131 107 77.65
131 108 99.86
131 109 56.29
131 110 114.54
131 111 98.01
131 112 105.68
131 113 62.97
131 114 129.54
131 115 113.0
131 116 28.28
131 117 24.6
131 118 120.51
131 119 81.27
131 120 40.25
131 121 101.87
131 122 100.45
131 123 60.01
131 124 71.2
131 125 112.93
131 126 48.01
131 127 158.81
131 128 135.91
131 129 115.97
131 130 12.04
131 132 71.56
131 133 44.72
131 134 63.51
131 135 81.05
131 136 154.21
131 137 34.93
131 138 113.9
131 139 77.01
131 140 92.01
131 141 114.98
131 142 141.24
131 143 52.55
131 144 129.1
131 145 96.83
131 146 83.93
131 147 78.01
131 148 61.85
131 149 76.06
131 150 40.26
131 151 113.16
131 152 117.29
131 153 107.52
131 154 76.42
131 155 65.86
131 156 41.11
131 157 73.76
131 158 29.21
131 159 142.84
131 160 20.59
131 161 88.32
131 162 103.0
131 163 152.31
131 164 106.32
131 165 61.29
131 166 104.08
131 167 99.61
131 168 72.01
131 169 80.06
131 170 99.02
131 171 106.12
131 172 33.29
131 173 140.26
131 174 115.0
131 175 83.57
131 176 45.88
131 177 163.25
131 178 143.69
131 179 123.91
131 180 34.93
131 181 84.08
131 182 49.0
131 183 119.4
131 184 96.13
131 185 71.17
131 186 123.15
131 187 86.01
131 188 94.76
131 189 172.9
131 190 107.71
131 191 135.48
131 192 99.81
131 193 115.11
131 194 133.23
131 195 39.66
131 196 98.35
131 197 58.26
131 198 136.82
131 199 71.31
131 200 119.04
131 201 82.1
132 0 10.63
132 1 32.2
132 2 82.08
132 3 58.69
132 4 34.0
132 5 55.9
132 6 99.9
132 7 24.35
132 8 74.63
132 9 18.03
132 10 62.8
132 11 64.2
132 12 69.26
132 13 62.97
132 14 26.4
132 15 45.8
132 16 88.41
132 17 80.32
132 18 27.51
132 19 69.4
132 20 76.97
132 21 61.85
132 22 68.45
132 23 72.67
132 24 22.47
132 25 47.8
132 26 61.81
132 27 67.07
132 28 50.45
132 29 58.31
132 30 70.41
132 31 41.59
132 32 49.24
132 33 63.78
132 34 67.68
132 35 37.22
132 36 44.6
132 37 42.2
132 38 56.44
132 39 36.89
132 40 76.3
132 41 27.17
132 42 71.34
132 43 66.71
132 44 44.82
132 45 27.66
132 46 34.37
132 47 74.0
132 48 56.64
132 49 70.72
132 50 65.46
132 51 61.2
132 52 37.74
132 53 61.33
132 54 47.3
132 55 26.4
132 56 32.56
132 57 53.76
132 58 81.39
132 59 34.79
132 60 33.38
132 61 60.46
132 62 68.01
132 63 31.4
132 64 54.42
132 65 62.01
132 66 67.62
132 67 22.47
132 68 46.75
132 69 27.86
132 70 48.88
132 71 86.31
132 72 38.42
132 73 32.02
132 74 50.77
132 75 35.44
132 76 74.73
132 77 83.23
132 78 73.24
132 79 39.36
132 80 43.32
132 81 13.89
132 82 71.78
132 83 39.62
132 84 58.52
132 85 67.68
132 86 81.34
132 87 17.03
132 88 53.76
132 89 50.01
132 90 51.31
132 91 25.5
132 92 57.31
132 93 64.33
132 94 74.43
132 95 82.04
132 96 60.41
132 97 26.25
132 98 82.28
132 99 52.77
132 100 74.06
132 101 25.71
132 102 96.67
132 103 31.4
132 104 71.28
132 105 21.54
132 106 49.09
132 107 33.62
132 108 28.3
132 109 51.24
132 110 44.91
132 111 40.05
132 112 48.0
132 113 42.94
132 114 57.98
132 115 94.64
132 116 47.42
132 117 62.8
132 118 55.36
132 119 9.9
132 120 42.11
132 121 48.51
132 122 73.82
132 123 62.63
132 124 33.97
132 125 48.37
132 126 61.66
132 127 87.32
132 128 76.3
132 129 60.01
132 130 62.48
132 131 71.56
132 133 62.3
132 134 28.65
132 135 55.71
132 136 84.81
132 137 40.46
132 138 45.28
132 139 70.18
132 140 21.4
132 141 53.6
132 142 79.12
132 143 42.2
132 144 81.84
132 145 40.2
132 146 48.6
132 147 43.86
132 148 49.66
132 149 9.06
132 150 35.81
132 151 53.76
132 152 53.85
132 153 73.25
132 154 18.79
132 155 6.71
132 156 57.04
132 157 25.94
132 158 44.94
132 159 74.33
132 160 64.54
132 161 58.41
132 162 87.05
132 163 85.48
132 164 42.95
132 165 34.44
132 166 61.52
132 167 63.41
132 168 67.6
132 169 48.17
132 170 83.45
132 171 86.68
132 172 43.42
132 173 70.29
132 174 44.01
132 175 20.12
132 176 47.27
132 177 92.63
132 178 72.2
132 179 82.98
132 180 59.94
132 181 42.19
132 182 40.52
132 183 58.05
132 184 49.52
132 185 48.6
132 186 77.42
132 187 77.01
132 188 43.42
132 189 102.59
132 190 77.42
132 191 76.4
132 192 55.36
132 193 70.43
132 194 69.57
132 195 66.71
132 196 30.46
132 197 15.13
132 198 65.44
132 199 57.71
132 200 73.98
132 201 10.63
133 0 71.69
133 1 73.55
133 2 135.45
133 3 28.43
133 4 65.95
133 5 25.46
133 6 159.22
133 7 37.95
133 8 122.18
133 9 64.64
133 10 123.47
133 11 36.89
133 12 117.46
133 13 124.34
133 14 48.17
133 15 65.37
133 16 133.41
133 17 135.13
133 18 50.36
133 19 125.6
133 20 139.09
133 21 84.12
133 22 120.28
133 23 128.06
133 24 84.31
133 25 22.85
133 26 80.26
133 27 5.0
133 28 12.81
133 29 101.53
133 30 132.44
133 31 79.83
133 32 111.09
133 33 70.09
133 34 129.81
133 35 97.32
133 36 27.86
133 37 92.1
133 38 118.19
133 39 94.03
133 40 134.13
133 41 36.24
133 42 121.2
133 43 95.71
133 44 34.44
133 45 88.57
133 46 76.37
133 47 122.43
133 48 102.59
133 49 19.0
133 50 56.64
133 51 76.01
133 52 99.4
133 53 115.11
133 54 81.61
133 55 36.14
133 56 57.49
133 57 112.68
133 58 132.94
133 59 97.08
133 60 95.34
133 61 16.64
133 62 130.3
133 63 40.31
133 64 8.06
133 65 100.44
133 66 52.8
133 67 40.79
133 68 31.76
133 69 69.26
133 70 70.71
133 71 83.0
133 72 52.7
133 73 94.25
133 74 106.61
133 75 26.93
133 76 127.48
133 77 138.54
133 78 108.63
133 79 43.66
133 80 18.97
133 81 72.18
133 82 120.28
133 83 99.76
133 84 119.87
133 85 96.6
133 86 39.12
133 87 78.34
133 88 115.69
133 89 90.91
133 90 112.73
133 91 37.16
133 92 100.44
133 93 33.24
133 94 115.43
133 95 140.35
133 96 103.71
133 97 85.88
133 98 144.56
133 99 114.73
133 100 135.07
133 101 85.16
133 102 156.58
133 103 78.16
133 104 132.38
133 105 83.82
133 106 88.87
133 107 47.63
133 108 86.09
133 109 17.0
133 110 93.38
133 111 100.62
133 112 108.85
133 113 81.02
133 114 113.41
133 115 138.6
133 116 26.83
133 117 20.12
133 118 117.65
133 119 71.31
133 120 60.17
133 121 107.79
133 122 121.2
133 123 89.0
133 124 82.15
133 125 86.21
133 126 79.4
133 127 140.07
133 128 138.25
133 129 82.76
133 130 33.84
133 131 44.72
133 132 62.3
133 134 73.17
133 135 40.61
133 136 145.12
133 137 28.64
133 138 107.02
133 139 104.55
133 140 82.86
133 141 85.44
133 142 141.38
133 143 72.12
133 144 90.26
133 145 100.28
133 146 98.41
133 147 42.49
133 148 83.82
133 149 70.6
133 150 30.02
133 151 82.49
133 152 116.09
133 153 66.03
133 154 76.94
133 155 55.66
133 156 71.34
133 157 48.17
133 158 48.3
133 159 135.51
133 160 24.17
133 161 106.21
133 162 129.03
133 163 147.23
133 164 79.65
133 165 74.81
133 166 65.97
133 167 59.68
133 168 99.92
133 169 95.75
133 170 124.92
133 171 130.77
133 172 52.8
133 173 130.36
133 174 96.67
133 175 62.8
133 176 69.46
133 177 151.16
133 178 128.41
133 179 83.15
133 180 10.0
133 181 95.02
133 182 21.93
133 183 120.07
133 184 61.33
133 185 90.03
133 186 84.17
133 187 113.65
133 188 62.77
133 189 161.42
133 190 65.12
133 191 102.16
133 192 111.0
133 193 76.49
133 194 131.87
133 195 7.28
133 196 92.7
133 197 57.22
133 198 122.64
133 199 29.07
133 200 131.03
133 201 71.69
134 0 33.73
134 1 4.0
134 2 62.29
134 3 57.57
134 4 62.65
134 5 56.52
134 6 109.55
134 7 40.72
134 8 50.33
134 9 46.52
134 10 72.56
134 11 59.03
134 12 91.27
134 13 70.72
134 14 25.02
134 15 74.33
134 16 63.06
134 17 62.01
134 18 23.02
134 19 85.38
134 20 79.91
134 21 35.01
134 22 88.28
134 23 89.19
134 24 37.34
134 25 52.15
134 26 36.22
134 27 77.03
134 28 64.33
134 29 83.38
134 30 67.42
134 31 13.0
134 32 56.94
134 33 92.01
134 34 65.6
134 35 31.14
134 36 47.27
134 37 66.12
134 38 63.51
134 39 56.32
134 40 61.98
134 41 46.53
134 42 48.51
134 43 94.56
134 44 43.17
134 45 43.57
134 46 61.98
134 47 95.52
134 48 30.87
134 49 74.33
134 50 50.93
134 51 37.11
134 52 48.47
134 53 42.0
134 54 75.27
134 55 40.5
134 56 60.8
134 57 68.01
134 58 100.44
134 59 40.71
134 60 35.51
134 61 64.63
134 62 69.31
134 63 33.0
134 64 65.28
134 65 88.28
134 66 55.23
134 67 35.47
134 68 46.1
134 69 4.12
134 70 77.52
134 71 114.34
134 72 65.86
134 73 37.12
134 74 69.23
134 75 50.29
134 76 54.33
134 77 99.02
134 78 44.82
134 79 33.53
134 80 56.09
134 81 18.11
134 82 93.43
134 83 54.12
134 84 66.89
134 85 95.51
134 86 77.82
134 87 24.19
134 88 51.74
134 89 76.49
134 90 60.42
134 91 43.83
134 92 30.23
134 93 85.87
134 94 99.18
134 95 94.37
134 96 85.29
134 97 45.1
134 98 82.98
134 99 50.99
134 100 81.84
134 101 21.95
134 102 105.44
134 103 5.0
134 104 79.06
134 105 33.54
134 106 75.93
134 107 60.11
134 108 49.01
134 109 68.01
134 110 69.18
134 111 34.71
134 112 42.2
134 113 14.32
134 114 75.93
134 115 68.96
134 116 49.5
134 117 65.31
134 118 58.14
134 119 32.76
134 120 24.04
134 121 38.47
134 122 49.4
134 123 34.71
134 124 9.0
134 125 75.69
134 126 36.35
134 127 105.08
134 128 72.4
134 129 88.57
134 130 58.69
134 131 63.51
134 132 28.65
134 133 73.17
134 135 79.88
134 136 93.48
134 137 45.01
134 138 54.12
134 139 41.62
134 140 38.12
134 141 81.6
134 142 77.8
134 143 16.49
134 144 110.45
134 145 33.42
134 146 25.32
134 147 69.03
134 148 21.19
134 149 24.52
134 150 43.19
134 151 82.08
134 152 54.45
134 153 100.41
134 154 17.26
134 155 29.73
134 156 34.18
134 157 52.33
134 158 34.48
134 159 81.61
134 160 65.25
134 161 33.84
134 162 60.46
134 163 89.87
134 164 70.84
134 165 6.08
134 166 89.5
134 167 90.51
134 168 38.95
134 169 23.09
134 170 56.61
134 171 60.9
134 172 30.23
134 173 80.62
134 174 66.03
134 175 48.76
134 176 23.77
134 177 103.94
134 178 87.92
134 179 111.21
134 180 67.07
134 181 22.2
134 182 54.82
134 183 56.08
134 184 77.62
134 185 20.52
134 186 105.95
134 187 48.84
134 188 71.85
134 189 112.9
134 190 104.06
134 191 104.36
134 192 38.47
134 193 98.81
134 194 70.09
134 195 75.03
134 196 39.56
134 197 18.87
134 198 80.65
134 199 78.72
134 200 58.55
134 201 33.73
135 0 60.21
135 1 82.2
135 2 137.79
135 3 62.97
135 4 37.36
135 5 59.03
135 6 135.07
135 7 40.31
135 8 129.38
135 9 46.1
135 10 103.58
135 11 72.18
135 12 86.28
135 13 105.93
135 14 60.14
135 15 30.23
135 16 142.69
135 17 136.01
135 18 62.97
135 19 99.72
135 20 122.59
135 21 104.35
135 22 91.24
135 23 101.24
135 24 71.45
135 25 50.96
135 26 102.0
135 27 44.38
135 28 32.14
135 29 69.34
135 30 121.15
135 31 91.05
135 32 95.08
135 33 29.73
135 34 118.11
135 35 92.18
135 36 53.49
135 37 65.46
135 38 101.32
135 39 72.84
135 40 131.47
135 41 33.97
135 42 126.56
135 43 58.26
135 44 60.01
135 45 73.03
135 46 49.04
135 47 90.97
135 48 110.45
135 49 59.41
135 50 87.66
135 51 99.05
135 52 84.0
135 53 117.0
135 54 48.55
135 55 41.77
135 56 30.27
135 57 91.01
135 58 102.73
135 59 85.48
135 60 86.31
135 61 54.04
135 62 116.04
135 63 55.8
135 64 39.01
135 65 66.07
135 66 85.73
135 67 45.97
135 68 58.87
135 69 77.2
135 70 34.83
135 71 43.57
135 72 22.36
135 73 83.86
135 74 82.28
135 75 34.99
135 76 130.39
135 77 110.92
135 78 123.43
135 79 64.66
135 80 35.74
135 81 69.46
135 82 89.04
135 83 81.3
135 84 101.71
135 85 59.03
135 86 79.1
135 87 72.12
135 88 105.57
135 89 59.17
135 90 95.34
135 91 36.8
135 92 110.11
135 93 13.04
135 94 80.72
135 95 115.77
135 96 71.28
135 97 69.0
135 98 129.31
135 99 104.58
135 100 115.12
135 101 81.27
135 102 133.45
135 103 84.06
135 104 112.79
135 105 72.99
135 106 56.94
135 107 23.19
135 108 67.12
135 109 25.02
135 110 65.55
135 111 94.59
135 112 101.98
135 113 92.46
135 114 87.92
135 115 148.72
135 116 54.71
135 117 58.03
135 118 104.0
135 119 60.42
135 120 79.03
135 121 103.58
135 122 128.5
135 123 107.56
135 124 87.46
135 125 53.85
135 126 101.4
135 127 110.28
135 128 127.14
135 129 44.82
135 130 69.05
135 131 81.05
135 132 55.71
135 133 40.61
135 134 79.88
135 136 123.23
135 137 50.57
135 138 91.05
135 139 119.75
135 140 69.35
135 141 50.45
135 142 128.02
135 143 86.98
135 144 49.65
135 145 95.08
135 146 103.35
135 147 12.17
135 148 97.74
135 149 64.51
135 150 47.01
135 151 46.75
135 152 104.17
135 153 26.48
135 154 74.46
135 155 51.43
135 156 94.05
135 157 30.08
135 158 71.69
135 159 115.92
135 160 62.07
135 161 112.87
135 162 140.35
135 163 128.72
135 164 48.3
135 165 84.2
135 166 25.63
135 167 19.1
135 168 116.04
135 169 102.22
135 170 136.48
135 171 140.66
135 172 74.33
135 173 108.91
135 174 71.17
135 175 43.05
135 176 87.97
135 177 126.29
135 178 102.32
135 179 43.05
135 180 48.01
135 181 97.51
135 182 33.62
135 183 109.37
135 184 24.08
135 185 100.21
135 186 43.57
135 187 127.91
135 188 28.65
135 189 136.49
135 190 27.31
135 191 63.29
135 192 111.07
135 193 35.9
135 194 118.02
135 195 47.85
135 196 80.4
135 197 61.03
135 198 98.03
135 199 12.08
135 200 129.4
135 201 60.21
136 0 74.4
136 1 96.8
136 2 83.49
136 3 143.18
136 4 85.87
136 5 140.58
136 6 16.12
136 7 108.17
136 8 95.19
136 9 80.96
136 10 22.02
136 11 147.8
136 12 48.08
136 13 22.8
136 14 108.9
136 15 95.19
136 16 106.04
136 17 78.52
136 18 108.9
136 19 26.31
136 20 20.22
136 21 123.48
136 22 39.29
136 23 27.2
136 24 62.48
136 25 132.61
136 26 126.56
136 27 150.08
136 28 132.48
136 29 61.29
136 30 38.05
136 31 101.12
136 32 36.88
136 33 109.07
136 34 37.01
136 35 63.53
136 36 129.32
136 37 58.05
136 38 30.0
136 39 51.48
136 40 66.48
136 41 108.91
136 42 89.2
136 43 83.02
136 44 128.82
136 45 57.2
136 46 74.22
136 47 46.62
136 48 93.41
136 49 155.43
136 50 144.01
136 51 128.89
136 52 47.42
136 53 77.78
136 54 78.23
136 55 110.68
136 56 93.3
136 57 32.7
136 58 37.44
136 59 53.26
136 60 58.01
136 61 145.21
136 62 29.15
136 63 115.43
136 64 137.71
136 65 68.73
136 66 147.76
136 67 107.2
136 68 131.05
136 69 96.61
136 70 92.54
136 71 126.48
136 72 100.96
136 73 56.85
136 74 41.0
136 75 118.51
136 76 83.01
136 77 24.84
136 78 114.76
136 79 121.63
136 80 126.57
136 81 80.66
136 82 46.82
136 83 45.49
136 84 26.91
136 85 83.19
136 86 165.68
136 87 72.86
136 88 45.22
136 89 68.03
136 90 33.94
136 91 108.23
136 92 98.08
136 93 135.72
136 94 62.97
136 95 12.21
136 96 60.53
136 97 59.36
136 98 25.08
136 99 45.54
136 100 11.66
136 101 71.61
136 102 12.04
136 103 90.74
136 104 14.42
136 105 64.38
136 106 70.06
136 107 102.18
136 108 59.06
136 109 131.05
136 110 58.55
136 111 60.37
136 112 55.36
136 113 101.53
136 114 36.12
136 115 111.22
136 116 132.14
136 117 147.61
136 118 36.25
136 119 75.0
136 120 117.2
136 121 61.98
136 122 95.26
136 123 120.15
136 124 88.68
136 125 73.11
136 126 127.02
136 127 33.94
136 128 38.83
136 129 91.05
136 130 146.45
136 131 154.21
136 132 84.81
136 133 145.12
136 134 93.48
136 135 123.23
136 137 125.25
136 138 40.31
136 139 114.73
136 140 63.41
136 141 80.0
136 142 31.32
136 143 109.08
136 144 112.29
136 145 62.17
136 146 85.7
136 147 112.27
136 148 107.35
136 149 78.57
136 150 120.6
136 151 84.01
136 152 40.85
136 153 124.15
136 154 78.1
136 155 91.4
136 156 126.91
136 157 98.49
136 158 125.4
136 159 12.08
136 160 149.31
136 161 90.47
136 162 111.04
136 163 13.6
136 164 76.66
136 165 97.94
136 166 110.29
136 167 117.72
136 168 116.09
136 169 89.54
136 170 110.22
136 171 107.0
136 172 122.15
136 173 14.76
136 174 52.17
136 175 83.26
136 176 116.81
136 177 13.04
136 178 24.74
136 179 121.5
136 180 144.22
136 181 80.23
136 182 123.31
136 183 42.2
136 184 102.26
136 185 98.62
136 186 112.54
136 187 114.76
136 188 95.71
136 189 19.7
136 190 130.19
136 191 88.77
136 192 72.57
136 193 111.04
136 194 30.02
136 195 150.42
136 196 55.87
136 197 96.18
136 198 26.02
136 199 131.24
136 200 69.18
136 201 74.4
137 0 50.99
137 1 45.1
137 2 107.12
137 3 18.87
137 4 57.97
137 5 15.62
137 6 140.36
137 7 19.7
137 8 93.56
137 9 49.74
137 10 103.23
137 11 26.25
137 12 105.68
137 13 103.23
137 14 20.1
137 15 63.13
137 16 104.81
137 17 107.0
137 18 22.0
137 19 109.12
137 20 116.47
137 21 57.2
137 22 106.51
137 23 112.16
137 24 62.8
137 25 7.62
137 26 53.91
137 27 32.14
137 28 22.8
137 29 91.79
137 30 107.7
137 31 51.2
137 32 89.31
137 33 74.81
137 34 105.31
137 35 71.47
137 36 4.47
137 37 78.55
137 38 96.52
137 39 76.49
137 40 106.68
137 41 23.35
137 42 92.66
137 43 92.4
137 44 9.49
137 45 68.12
137 46 65.39
137 47 110.64
137 48 73.98
137 49 30.87
137 50 37.36
137 51 50.21
137 52 78.01
137 53 87.01
137 54 74.73
137 55 16.55
137 56 50.8
137 57 94.07
137 58 119.54
137 59 73.93
137 60 71.11
137 61 20.62
137 62 106.89
137 63 12.04
137 64 21.19
137 65 92.97
137 66 36.22
137 67 18.44
137 68 9.0
137 69 41.0
137 70 68.26
137 71 93.3
137 72 50.01
137 73 70.71
137 74 90.14
137 75 16.28
137 76 99.13
137 77 122.79
137 78 80.53
137 79 15.81
137 80 15.62
137 81 47.01
137 82 108.41
137 83 80.06
137 84 98.81
137 85 93.38
137 86 41.4
137 87 54.12
137 88 91.0
137 89 81.71
137 90 91.61
137 91 21.84
137 92 71.81
137 93 50.45
137 94 107.34
137 95 122.35
137 96 94.02
137 97 66.48
137 98 121.2
137 99 90.08
137 100 114.4
137 101 59.46
137 102 137.13
137 103 50.01
137 104 111.61
137 105 61.29
137 106 80.06
137 107 43.05
137 108 67.94
137 109 29.0
137 110 80.62
137 111 74.95
137 112 83.17
137 113 52.39
137 114 97.31
137 115 110.06
137 116 7.21
137 117 22.47
137 118 94.41
137 119 50.33
137 120 32.25
137 121 81.25
137 122 92.57
137 123 61.59
137 124 54.01
137 125 78.11
137 126 53.15
137 127 126.02
137 128 113.3
137 129 81.3
137 130 23.77
137 131 34.93
137 132 40.46
137 133 28.64
137 134 45.01
137 135 50.57
137 136 125.25
137 138 85.45
137 139 76.49
137 140 61.85
137 141 80.05
137 142 117.27
137 143 43.66
137 144 95.89
137 145 74.33
137 146 70.06
137 147 44.91
137 148 55.36
137 149 47.17
137 150 5.39
137 151 78.26
137 152 92.14
137 153 76.55
137 154 51.26
137 155 33.97
137 156 45.28
137 157 38.83
137 158 21.93
137 159 114.62
137 160 24.08
137 161 77.65
137 162 100.57
137 163 125.4
137 164 71.47
137 165 46.27
137 166 71.02
137 167 67.72
137 168 72.01
137 169 67.27
137 170 96.46
137 171 102.2
137 172 25.61
137 173 110.75
137 174 81.84
137 175 49.19
137 176 41.68
137 177 133.0
137 178 111.95
137 179 91.92
137 180 22.09
137 181 67.12
137 182 17.0
137 183 95.46
137 184 62.07
137 185 61.39
137 186 90.09
137 187 85.49
137 188 60.13
137 189 143.01
137 190 77.88
137 191 100.72
137 192 83.29
137 193 82.04
137 194 108.23
137 195 30.02
137 196 70.18
137 197 31.02
137 198 105.42
137 199 43.6
137 200 103.39
137 201 50.99
138 0 35.34
138 1 57.7
138 2 65.46
138 3 103.08
138 4 55.44
138 5 100.6
138 6 56.08
138 7 69.32
138 8 69.57
138 9 45.4
138 10 18.6
138 11 107.52
138 12 46.62
138 13 17.8
138 14 68.62
138 15 67.47
138 16 83.01
138 17 61.4
138 18 68.59
138 19 33.06
138 20 32.28
138 21 86.4
138 22 40.26
138 23 37.05
138 24 22.83
138 25 92.91
138 26 88.87
138 27 111.89
138 28 94.7
138 29 48.1
138 30 31.32
138 31 63.25
138 32 4.12
138 33 84.77
138 34 28.16
138 35 27.07
138 36 89.4
138 37 34.13
138 38 11.18
138 39 20.62
138 40 51.62
138 41 70.94
138 42 63.91
138 43 68.41
138 44 88.62
138 45 18.68
138 46 45.35
138 47 49.34
138 48 61.07
138 49 115.97
138 50 104.04
138 51 90.62
138 52 7.62
138 53 50.92
138 54 55.04
138 55 71.59
138 56 61.01
138 57 16.12
138 58 50.09
138 59 13.42
138 60 18.97
138 61 105.69
138 62 25.0
138 63 75.29
138 64 99.32
138 65 55.87
138 66 107.62
138 67 67.74
138 68 90.91
138 69 56.94
138 70 66.76
138 71 105.85
138 72 69.01
138 73 17.0
138 74 23.32
138 75 80.11
138 76 61.29
138 77 45.89
138 78 83.05
138 79 81.32
138 80 88.14
138 81 40.36
138 82 47.76
138 83 10.77
138 84 13.45
138 85 69.03
138 86 125.5
138 87 32.56
138 88 19.8
138 89 48.26
138 90 6.4
138 91 69.86
138 92 65.0
138 93 102.49
138 94 59.68
138 95 40.25
138 96 48.92
138 97 22.2
138 98 38.47
138 99 19.1
138 100 29.07
138 101 32.2
138 102 52.35
138 103 52.0
138 104 26.25
138 105 24.21
138 106 49.4
138 107 68.26
138 108 24.02
138 109 94.25
138 110 36.62
138 111 25.02
138 112 24.7
138 113 63.89
138 114 27.2
138 115 89.16
138 116 92.2
138 117 107.9
138 118 13.6
138 119 35.78
138 120 77.39
138 121 31.32
138 122 69.26
138 123 83.95
138 124 50.6
138 125 51.48
138 126 89.2
138 127 53.15
138 128 37.11
138 129 70.66
138 130 106.22
138 131 113.9
138 132 45.28
138 133 107.02
138 134 54.12
138 135 91.05
138 136 40.31
138 137 85.45
138 139 82.01
138 140 24.17
138 141 59.54
138 142 37.01
138 143 70.26
138 144 94.89
138 145 27.02
138 146 52.0
138 147 79.16
138 148 70.34
138 149 38.42
138 150 80.99
138 151 62.61
138 152 15.81
138 153 98.72
138 154 38.01
138 155 51.97
138 156 88.14
138 157 62.97
138 158 85.15
138 159 29.21
138 160 109.4
138 161 59.41
138 162 85.73
138 163 40.25
138 164 51.62
138 165 59.09
138 166 84.65
138 167 90.43
138 168 82.22
138 169 55.08
138 170 83.68
138 171 82.87
138 172 82.01
138 173 26.63
138 174 29.21
138 175 48.26
138 176 77.82
138 177 49.93
138 178 35.23
138 179 101.24
138 180 105.19
138 181 45.1
138 182 85.09
138 183 21.63
138 184 74.15
138 185 62.8
138 186 93.04
138 187 84.38
138 188 66.91
138 189 59.2
138 190 104.35
138 191 77.23
138 192 43.97
138 193 88.96
138 194 27.02
138 195 111.8
138 196 15.56
138 197 55.9
138 198 28.07
138 199 97.02
138 200 51.86
138 201 35.34
139 0 73.82
139 1 38.42
139 2 47.2
139 3 80.81
139 4 104.1
139 5 81.74
139 6 130.36
139 7 79.51
139 8 28.02
139 9 87.82
139 10 97.74
139 11 77.41
139 12 126.15
139 13 94.2
139 14 60.22
139 15 115.94
139 16 32.39
139 17 50.33
139 18 57.43
139 19 115.04
139 20 96.46
139 21 23.02
139 22 121.33
139 23 119.04
139 24 73.5
139 25 81.71
139 26 28.07
139 27 107.22
139 28 98.88
139 29 121.3
139 30 79.31
139 31 29.07
139 32 83.15
139 33 133.6
139 34 79.12
139 35 55.01
139 36 76.69
139 37 103.85
139 38 87.69
139 39 91.78
139 40 58.26
139 41 85.8
139 42 31.83
139 43 134.85
139 44 70.23
139 45 78.85
139 46 102.46
139 47 129.76
139 48 21.38
139 49 99.04
139 50 59.08
139 51 33.06
139 52 79.23
139 53 38.47
139 54 115.87
139 55 78.41
139 56 102.42
139 57 98.01
139 58 132.02
139 59 70.18
139 60 64.2
139 61 91.48
139 62 86.02
139 63 66.37
139 64 97.58
139 65 127.13
139 66 65.07
139 67 73.88
139 68 73.05
139 69 43.28
139 70 119.04
139 71 155.86
139 72 107.3
139 73 67.36
139 74 102.59
139 75 87.09
139 76 41.04
139 77 127.39
139 78 4.12
139 79 60.93
139 80 90.92
139 81 58.14
139 82 127.88
139 83 86.47
139 84 91.66
139 85 135.77
139 86 94.0
139 87 61.68
139 88 69.63
139 89 115.77
139 90 87.14
139 91 82.98
139 92 17.03
139 93 124.04
139 94 136.34
139 95 119.52
139 96 122.97
139 97 81.74
139 98 96.25
139 99 69.43
139 100 103.59
139 101 54.57
139 102 125.57
139 103 38.95
139 104 101.2
139 105 69.38
139 106 115.52
139 107 101.32
139 108 86.13
139 109 104.1
139 110 107.0
139 111 57.04
139 112 59.84
139 113 27.66
139 114 108.23
139 115 36.0
139 116 77.83
139 117 90.47
139 118 79.25
139 119 72.92
139 120 44.38
139 121 52.95
139 122 27.2
139 123 17.0
139 124 37.16
139 125 115.69
139 126 29.07
139 127 135.09
139 128 81.84
139 129 129.77
139 130 78.77
139 131 77.01
139 132 70.18
139 133 104.55
139 134 41.62
139 135 119.75
139 136 114.73
139 137 76.49
139 138 82.01
139 140 75.0
139 141 122.16
139 142 89.47
139 143 33.29
139 144 152.01
139 145 55.04
139 146 30.02
139 147 109.6
139 148 22.02
139 149 64.85
139 150 77.03
139 151 122.98
139 152 74.33
139 153 141.6
139 154 55.15
139 155 71.22
139 156 36.06
139 157 93.61
139 158 56.61
139 159 102.84
139 160 88.65
139 161 24.35
139 162 26.0
139 163 106.63
139 164 111.4
139 165 36.24
139 166 131.03
139 167 131.71
139 168 5.0
139 169 27.07
139 170 22.02
139 171 29.27
139 172 51.87
139 173 105.22
139 174 102.39
139 175 90.21
139 176 35.11
139 177 127.12
139 178 117.11
139 179 152.8
139 180 96.14
139 181 37.05
139 182 90.74
139 183 72.53
139 184 119.2
139 185 21.93
139 186 147.56
139 187 9.22
139 188 113.46
139 189 134.2
139 190 144.97
139 191 144.7
139 192 42.38
139 193 140.43
139 194 85.7
139 195 104.04
139 196 71.7
139 197 59.46
139 198 110.04
139 199 116.83
139 200 54.04
139 201 73.82
140 0 11.18
140 1 42.11
140 2 73.6
140 3 79.93
140 4 37.12
140 5 77.23
140 6 78.57
140 7 45.18
140 8 71.22
140 9 23.35
140 10 41.4
140 11 85.04
140 12 53.15
140 13 41.68
140 14 46.4
140 15 50.12
140 16 85.43
140 17 70.72
140 18 46.87
140 19 49.24
140 20 56.3
140 21 73.03
140 22 50.45
140 23 52.77
140 24 2.24
140 25 69.2
140 26 74.33
140 27 87.73
140 28 70.58
140 29 46.32
140 30 52.01
140 31 50.04
140 32 28.23
140 33 68.6
140 34 49.04
140 35 26.25
140 36 65.95
140 37 28.86
140 38 35.34
140 39 18.25
140 40 63.98
140 41 46.82
140 42 66.6
140 43 61.06
140 44 65.8
140 45 6.4
140 46 30.41
140 47 57.43
140 48 56.8
140 49 92.09
140 50 84.08
140 51 74.97
140 52 16.55
140 53 54.45
140 54 43.28
140 55 47.51
140 56 40.52
140 57 32.8
140 58 62.94
140 59 16.12
140 60 17.89
140 61 81.84
140 62 48.05
140 63 52.35
140 64 75.15
140 65 52.2
140 66 86.95
140 67 43.83
140 68 67.88
140 69 39.62
140 70 51.04
140 71 90.97
140 72 48.27
140 73 14.87
140 74 31.62
140 75 55.95
140 76 67.36
140 77 63.13
140 78 77.16
140 79 59.41
140 80 63.98
140 81 20.62
140 82 55.33
140 83 18.44
140 84 37.22
140 85 61.91
140 86 102.53
140 87 14.0
140 88 36.22
140 89 41.15
140 90 30.02
140 91 45.69
140 92 59.24
140 93 80.0
140 94 61.66
140 95 60.96
140 96 48.05
140 97 7.0
140 98 62.1
140 99 35.23
140 100 52.7
140 101 20.62
140 102 75.29
140 103 38.05
140 104 49.93
140 105 5.83
140 106 41.18
140 107 46.17
140 108 11.18
140 109 70.34
140 110 32.02
140 111 27.46
140 112 33.62
140 113 51.09
140 114 38.63
140 115 91.83
140 116 68.77
140 117 84.2
140 118 35.51
140 119 11.66
140 120 58.52
140 121 36.89
140 122 70.6
140 123 72.11
140 124 38.47
140 125 41.88
140 126 74.43
140 127 68.15
140 128 58.01
140 129 58.69
140 130 83.49
140 131 92.01
140 132 21.4
140 133 82.86
140 134 38.12
140 135 69.35
140 136 63.41
140 137 61.85
140 138 24.17
140 139 75.0
140 141 49.2
140 142 59.68
140 143 54.45
140 144 82.81
140 145 28.6
140 146 47.41
140 147 57.22
140 148 58.14
140 149 16.12
140 150 57.2
140 151 50.99
140 152 35.01
140 153 81.02
140 154 21.0
140 155 28.02
140 156 71.59
140 157 40.01
140 158 64.14
140 159 53.0
140 160 85.91
140 161 56.94
140 162 85.98
140 163 64.4
140 164 38.95
140 165 44.05
140 166 67.54
140 167 71.87
140 168 73.76
140 169 48.85
140 170 83.01
140 171 84.4
140 172 61.72
140 173 48.92
140 174 28.02
140 175 26.48
140 176 61.19
140 177 71.45
140 178 51.97
140 179 86.84
140 180 81.12
140 181 39.82
140 182 60.93
140 183 40.05
140 184 55.95
140 185 53.37
140 186 79.65
140 187 79.85
140 188 48.75
140 189 81.32
140 190 86.16
140 191 70.83
140 192 47.42
140 193 74.06
140 194 49.82
140 195 87.66
140 196 11.05
140 197 33.84
140 198 44.94
140 199 74.11
140 200 62.65
140 201 11.18
141 0 48.33
141 1 85.38
141 2 121.7
141 3 98.08
141 4 22.2
141 5 94.25
141 6 89.11
141 7 60.83
141 8 120.42
141 9 35.69
141 10 64.54
141 11 106.23
141 12 36.77
141 13 68.41
141 14 76.03
141 15 20.52
141 16 134.63
141 17 118.34
141 18 78.1
141 19 54.15
141 20 85.38
141 21 115.45
141 22 43.17
141 23 54.59
141 24 51.22
141 25 84.77
141 26 115.32
141 27 90.14
141 28 73.43
141 29 19.92
141 30 90.38
141 31 94.58
141 32 62.61
141 33 29.27
141 34 87.24
141 35 75.07
141 36 84.4
141 37 25.5
141 38 66.48
141 39 39.12
141 40 110.0
141 41 56.75
141 42 115.75
141 43 13.15
141 44 88.28
141 45 48.08
141 46 19.7
141 47 41.15
141 48 105.48
141 49 101.97
141 50 114.28
141 51 114.42
141 52 55.22
141 53 103.39
141 54 6.32
141 55 63.95
141 56 29.41
141 57 51.66
141 58 53.31
141 59 61.62
141 60 65.76
141 61 93.62
141 62 82.28
141 63 77.23
141 64 80.53
141 65 15.62
141 66 114.86
141 67 64.28
141 68 88.84
141 69 81.32
141 70 15.62
141 71 47.3
141 72 32.76
141 73 62.23
141 74 41.0
141 75 65.46
141 76 115.97
141 77 63.06
141 78 124.78
141 79 87.14
141 80 71.69
141 81 64.08
141 82 39.4
141 83 48.88
141 84 65.15
141 85 14.14
141 86 119.04
141 87 60.9
141 88 78.77
141 89 12.17
141 90 60.93
141 91 58.25
141 92 107.42
141 93 63.41
141 94 30.41
141 95 70.35
141 96 21.54
141 97 43.86
141 98 92.89
141 99 77.94
141 100 74.67
141 101 69.34
141 102 88.46
141 103 83.38
141 104 72.99
141 105 55.0
141 106 10.44
141 107 38.48
141 108 39.6
141 109 68.51
141 110 23.41
141 111 75.66
141 112 80.16
141 113 95.86
141 114 44.1
141 115 141.03
141 116 86.83
141 117 97.31
141 118 72.9
141 119 49.24
141 120 94.53
141 121 84.86
141 122 119.81
141 123 116.09
141 124 85.0
141 125 8.06
141 126 115.12
141 127 60.93
141 128 95.85
141 129 11.4
141 130 103.58
141 131 114.98
141 132 53.6
141 133 85.44
141 134 81.6
141 135 50.45
141 136 80.0
141 137 80.05
141 138 59.54
141 139 122.16
141 140 49.2
141 142 93.92
141 143 95.8
141 144 35.36
141 145 77.1
141 146 96.25
141 147 43.42
141 148 102.79
141 149 57.38
141 150 74.73
141 151 4.12
141 152 75.29
141 153 44.41
141 154 67.08
141 155 55.44
141 156 110.03
141 157 41.23
141 158 94.05
141 159 75.8
141 160 100.66
141 161 105.95
141 162 135.09
141 163 88.68
141 164 10.77
141 165 87.6
141 166 31.05
141 167 39.22
141 168 120.15
141 169 97.25
141 170 132.02
141 171 133.6
141 172 94.02
141 173 67.36
141 174 31.02
141 175 34.23
141 176 100.62
141 177 80.06
141 178 56.32
141 179 42.45
141 180 89.44
141 181 88.75
141 182 68.15
141 183 81.12
141 184 26.4
141 185 100.22
141 186 33.84
141 187 127.94
141 188 22.8
141 189 89.82
141 190 50.49
141 191 22.8
141 192 96.26
141 193 31.14
141 194 84.5
141 195 92.44
141 196 57.28
141 197 67.9
141 198 54.01
141 199 61.52
141 200 109.48
141 201 48.33
142 0 70.41
142 1 80.28
142 2 53.0
142 3 133.36
142 4 92.35
142 5 131.49
142 6 44.01
142 7 103.45
142 8 66.71
142 9 82.15
142 10 30.53
142 11 136.21
142 12 70.43
142 13 25.94
142 14 98.41
142 15 104.09
142 16 76.24
142 17 48.0
142 18 97.62
142 19 48.8
142 20 11.66
142 21 102.2
142 22 61.72
142 23 51.66
142 24 57.87
142 25 124.89
142 26 106.04
142 27 146.1
142 28 129.54
142 29 78.71
142 30 10.63
142 31 82.04
142 32 33.06
142 33 120.83
142 34 12.21
142 35 46.87
142 36 120.77
142 37 68.68
142 38 27.66
142 39 56.72
142 40 36.01
142 41 105.99
142 42 60.88
142 43 100.65
142 44 118.6
142 45 55.15
142 46 81.88
142 47 70.77
142 48 68.96
142 49 148.14
142 50 128.32
142 51 109.22
142 52 44.05
142 53 51.08
142 54 90.25
142 55 105.3
142 56 98.02
142 57 42.54
142 58 64.82
142 59 44.38
142 60 46.24
142 61 137.88
142 62 12.04
142 63 105.99
142 64 133.45
142 65 86.77
142 66 132.91
142 67 100.9
142 68 121.24
142 69 81.61
142 70 102.96
142 71 141.09
142 72 106.02
142 73 47.13
142 74 53.31
142 75 114.56
142 76 53.6
142 77 53.85
142 78 88.77
142 79 109.93
142 80 122.41
142 81 70.26
142 82 70.18
142 83 47.27
142 84 28.79
142 85 101.08
142 86 154.87
142 87 63.32
142 88 26.42
142 89 81.93
142 90 33.54
142 91 104.55
142 92 73.93
142 93 139.29
142 94 85.6
142 95 41.59
142 96 78.77
142 97 59.03
142 98 7.07
142 99 27.29
142 100 25.0
142 101 58.18
142 102 39.01
142 103 73.88
142 104 24.76
142 105 57.72
142 106 83.49
142 107 105.12
142 108 61.03
142 109 129.84
142 110 70.52
142 111 43.27
142 112 35.61
142 113 82.07
142 114 52.48
142 115 81.02
142 116 123.44
142 117 139.56
142 118 24.19
142 119 70.61
142 120 101.67
142 121 40.31
142 122 66.94
142 123 97.91
142 124 70.84
142 125 86.02
142 126 106.67
142 127 63.29
142 128 8.06
142 129 105.3
142 130 135.48
142 131 141.24
142 132 79.12
142 133 141.38
142 134 77.8
142 135 128.02
142 136 31.32
142 137 117.27
142 138 37.01
142 139 89.47
142 140 59.68
142 141 93.92
142 143 91.24
142 144 128.88
142 145 44.41
142 146 63.01
142 147 116.07
142 148 86.68
142 149 70.84
142 150 113.46
142 151 97.42
142 152 25.3
142 153 135.15
142 154 66.19
142 155 85.73
142 156 108.25
142 157 99.5
142 158 112.07
142 159 23.6
142 160 140.43
142 161 65.3
142 162 81.88
142 163 19.03
142 164 87.32
142 165 80.81
142 166 121.02
142 167 127.14
142 168 91.71
142 169 67.2
142 170 81.58
142 171 77.52
142 172 108.0
142 173 31.83
142 174 62.94
142 175 85.09
142 176 99.01
142 177 44.15
142 178 48.84
142 179 136.31
142 180 138.35
142 181 59.46
142 182 119.64
142 183 21.95
142 184 110.89
142 185 77.01
142 186 127.76
142 187 87.92
142 188 103.7
142 189 48.01
142 190 140.89
142 191 108.3
142 192 47.51
142 193 124.45
142 194 10.0
142 195 145.5
142 196 49.03
142 197 86.33
142 198 45.45
142 199 133.63
142 200 39.2
142 201 70.41
143 0 49.09
143 1 12.65
143 2 66.75
143 3 51.01
143 4 75.61
143 5 51.09
143 6 125.2
143 7 46.67
143 8 51.04
143 9 60.17
143 10 88.55
143 11 50.01
143 12 107.56
143 13 86.45
143 14 27.02
143 15 86.33
143 16 61.39
143 17 67.68
143 18 24.21
143 19 101.83
143 20 94.49
143 21 19.65
143 22 104.74
143 23 105.65
143 24 53.76
143 25 49.48
143 26 20.0
143 27 75.19
143 28 65.74
143 29 99.08
143 30 80.66
143 31 9.85
143 32 72.9
143 33 103.08
143 34 79.2
143 35 45.8
143 36 44.38
143 37 82.0
143 38 79.26
143 39 72.69
143 40 70.38
143 41 53.04
143 42 51.16
143 43 108.91
143 44 38.47
143 45 60.02
143 46 76.49
143 47 111.88
143 48 32.14
143 49 69.03
143 50 37.44
143 51 20.62
143 52 64.85
143 53 48.7
143 54 89.5
143 55 45.34
143 56 72.45
143 57 84.43
143 58 116.93
143 59 56.86
143 60 51.43
143 61 60.41
143 62 83.74
143 63 33.12
143 64 64.85
143 65 103.59
143 66 42.54
143 67 41.01
143 68 41.44
143 69 15.0
143 70 90.08
143 71 124.81
143 72 76.32
143 73 53.31
143 74 85.7
143 75 53.82
143 76 58.86
143 77 115.43
143 78 37.22
143 79 28.64
143 80 57.71
143 81 34.06
143 82 109.77
143 83 70.6
143 84 82.76
143 85 109.88
143 86 68.41
143 87 40.61
143 88 65.95
143 89 91.66
143 90 76.49
143 91 50.21
143 92 29.02
143 93 90.8
143 94 115.02
143 95 110.49
143 96 101.04
143 97 61.4
143 98 96.9
143 99 65.3
143 100 97.42
143 101 38.08
143 102 120.95
143 103 18.36
143 104 94.67
143 105 50.01
143 106 90.93
143 107 69.89
143 108 65.19
143 109 70.83
143 110 85.01
143 111 49.2
143 112 55.9
143 113 10.44
143 114 92.42
143 115 66.48
143 116 45.89
143 117 60.07
143 118 73.24
143 119 48.09
143 120 13.04
143 121 50.99
143 122 50.04
143 123 21.1
143 124 20.62
143 125 90.43
143 126 20.02
143 127 121.56
143 128 85.15
143 129 101.84
143 130 50.49
143 131 52.55
143 132 42.2
143 133 72.12
143 134 16.49
143 135 86.98
143 136 109.08
143 137 43.66
143 138 70.26
143 139 33.29
143 140 54.45
143 141 95.8
143 142 91.24
143 144 122.54
143 145 47.63
143 146 31.38
143 147 77.34
143 148 11.7
143 149 40.01
143 150 43.83
143 151 95.88
143 152 69.2
143 153 109.81
143 154 33.73
143 155 41.23
143 156 17.89
143 157 62.43
143 158 26.02
143 159 97.1
143 160 59.01
143 161 36.35
143 162 56.92
143 163 104.64
143 164 85.15
143 165 11.18
143 166 100.17
143 167 100.0
143 168 29.21
143 169 27.51
143 170 52.81
143 171 58.69
143 172 21.02
143 173 96.6
143 174 82.22
143 175 61.98
143 176 7.81
143 177 119.88
143 178 104.36
143 179 122.11
143 180 64.33
143 181 32.2
143 182 57.45
143 183 70.09
143 184 88.68
143 185 19.1
143 186 117.65
143 187 42.06
143 188 83.63
143 189 128.63
143 190 112.81
143 191 118.6
143 192 47.41
143 193 110.15
143 194 84.29
143 195 72.37
143 196 55.97
143 197 28.64
143 198 97.08
143 199 83.6
143 200 66.48
143 201 49.09
144 0 79.51
144 1 113.88
144 2 156.2
144 3 111.04
144 4 48.01
144 5 107.04
144 6 119.04
144 7 79.81
144 8 153.52
144 9 64.4
144 10 98.98
144 11 120.1
144 12 65.07
144 13 103.12
144 14 98.68
144 15 36.24
144 16 167.71
144 17 153.05
144 18 101.24
144 19 85.99
144 20 119.85
144 21 141.85
144 22 73.33
144 23 85.48
144 24 84.96
144 25 98.18
144 26 140.77
144 27 93.94
144 28 81.15
144 29 51.2
144 30 125.67
144 31 123.31
144 32 97.95
144 33 21.1
144 34 122.54
144 35 109.04
144 36 99.61
144 37 60.83
144 38 101.64
144 39 74.43
144 40 145.09
144 41 73.98
144 42 149.2
144 43 29.27
144 44 105.22
144 45 82.62
144 46 52.4
144 47 68.01
144 48 137.28
144 49 109.04
144 50 133.0
144 51 138.93
144 52 90.43
144 53 137.24
144 54 40.22
144 55 82.46
144 56 50.09
144 57 86.38
144 58 80.1
144 59 96.4
144 60 100.12
144 61 103.17
144 62 117.39
144 63 97.27
144 64 88.28
144 65 43.57
144 66 132.1
144 67 84.77
144 68 104.81
144 69 109.27
144 70 33.02
144 71 16.16
144 72 47.13
144 73 96.67
144 74 75.61
144 75 79.63
144 76 150.15
144 77 92.01
144 78 155.04
144 79 107.2
144 80 83.05
144 81 94.4
144 82 67.01
144 83 84.22
144 84 100.09
144 85 29.15
144 86 128.56
144 87 92.85
144 88 114.06
144 89 47.01
144 90 96.18
144 91 76.4
144 92 138.6
144 93 59.14
144 94 52.24
144 95 101.49
144 96 51.79
144 97 78.24
144 98 127.44
144 99 113.21
144 100 108.42
144 101 101.91
144 102 119.27
144 103 113.16
144 104 107.0
144 105 88.41
144 106 45.62
144 107 54.12
144 108 74.2
144 109 74.33
144 110 58.6
144 111 109.99
144 112 115.0
144 113 124.68
144 114 77.62
144 115 174.09
144 116 101.4
144 117 107.17
144 118 108.24
144 119 80.28
144 120 118.33
144 121 119.33
144 122 152.84
144 123 143.56
144 124 115.43
144 125 43.42
144 126 140.39
144 127 87.28
144 128 131.1
144 129 24.41
144 130 117.07
144 131 129.1
144 132 81.84
144 133 90.26
144 134 110.45
144 135 49.65
144 136 112.29
144 137 95.89
144 138 94.89
144 139 152.01
144 140 82.81
144 141 35.36
144 142 128.88
144 143 122.54
144 145 111.29
144 146 128.43
144 147 51.16
144 148 131.23
144 149 87.8
144 150 91.24
144 151 32.45
144 152 110.64
144 153 26.42
144 154 98.23
144 155 81.41
144 156 134.13
144 157 60.75
144 158 114.48
144 159 109.64
144 160 111.11
144 161 138.29
144 162 167.48
144 163 122.25
144 164 44.2
144 165 116.11
144 166 25.02
144 167 30.59
144 168 149.38
144 169 128.84
144 170 164.15
144 171 166.42
144 172 115.8
144 173 100.9
144 174 66.21
144 175 61.85
144 176 125.92
144 177 110.07
144 178 87.69
144 179 11.66
144 180 97.42
144 181 121.17
144 182 80.16
144 183 116.47
144 184 34.48
144 185 130.36
144 186 6.08
144 187 158.69
144 188 38.91
144 189 119.0
144 190 30.61
144 191 25.5
144 192 130.23
144 193 14.0
144 194 119.62
144 195 97.49
144 196 91.83
144 197 93.91
144 198 86.88
144 199 61.39
144 200 144.4
144 201 79.51
145 0 35.11
145 1 36.07
145 2 45.0
145 3 89.47
145 4 65.51
145 5 87.85
145 6 78.26
145 7 63.13
145 8 44.29
145 9 50.57
145 10 43.17
145 11 91.92
145 12 72.53
145 13 40.16
145 14 54.78
145 15 78.55
145 16 58.31
145 17 42.19
145 18 53.71
145 19 60.01
145 20 46.86
145 21 61.33
145 22 66.91
145 23 64.01
145 24 26.4
145 25 81.91
145 26 64.41
145 27 104.74
145 28 89.36
145 29 70.71
145 30 34.13
145 31 39.12
145 32 28.16
145 33 97.1
145 34 32.2
145 35 3.0
145 36 77.49
145 37 54.08
145 38 33.24
145 39 40.31
145 40 36.4
145 41 67.01
145 42 39.12
145 43 88.24
145 44 74.73
145 45 29.07
145 46 58.9
145 47 75.71
145 48 34.06
145 49 105.0
145 50 84.17
145 51 66.89
145 52 25.3
145 53 26.4
145 54 71.42
145 55 64.38
145 56 68.03
145 57 43.1
145 58 77.1
145 59 16.55
145 60 11.4
145 61 94.87
145 62 36.12
145 63 62.63
145 64 92.23
145 65 77.7
145 66 88.62
145 67 59.54
145 68 77.47
145 69 37.2
145 70 79.63
145 71 119.54
145 72 75.39
145 73 15.0
145 74 48.76
145 75 74.24
145 76 38.9
145 77 72.44
145 78 56.04
145 79 65.76
145 80 81.61
145 81 28.16
145 82 73.98
145 83 32.89
145 84 37.11
145 85 89.02
145 86 110.64
145 87 23.19
145 88 18.38
145 89 67.8
145 90 32.14
145 91 65.01
145 92 38.01
145 93 104.39
145 94 84.31
145 95 65.25
145 96 72.01
145 97 33.24
145 98 49.58
145 99 17.69
145 100 50.57
145 101 15.13
145 102 73.82
145 103 29.7
145 104 47.93
145 105 23.32
145 106 68.25
145 107 72.12
145 108 37.54
145 109 91.01
145 110 57.14
145 111 2.0
145 112 8.94
145 113 39.45
145 114 53.76
145 115 64.66
145 116 80.06
145 117 96.21
145 118 25.94
145 119 34.79
145 120 57.38
145 121 8.54
145 122 43.83
145 123 58.19
145 124 27.02
145 125 69.43
145 126 64.88
145 127 80.06
145 128 39.36
145 129 87.05
145 130 91.3
145 131 96.83
145 132 40.2
145 133 100.28
145 134 33.42
145 135 95.08
145 136 62.17
145 137 74.33
145 138 27.02
145 139 55.04
145 140 28.6
145 141 77.1
145 142 44.41
145 143 47.63
145 144 111.29
145 146 25.02
145 147 82.97
145 148 45.19
145 149 31.14
145 150 71.06
145 151 79.21
145 152 21.63
145 153 109.13
145 154 23.35
145 155 46.01
145 156 65.22
145 157 65.0
145 158 67.68
145 159 50.09
145 160 96.77
145 161 32.56
145 162 60.01
145 163 57.01
145 164 67.21
145 165 36.8
145 166 95.88
145 167 99.74
145 168 55.44
145 169 28.28
145 170 57.58
145 171 57.71
145 172 63.6
145 173 50.96
145 174 51.0
145 175 53.71
145 176 55.44
145 177 73.74
145 178 62.07
145 179 115.43
145 180 96.05
145 181 18.44
145 182 79.31
145 183 22.67
145 184 84.12
145 185 36.69
145 186 108.23
145 187 57.43
145 188 77.03
145 189 81.86
145 190 114.06
145 191 97.8
145 192 19.21
145 193 102.65
145 194 36.77
145 195 103.59
145 196 20.0
145 197 43.42
145 198 55.01
145 199 97.87
145 200 34.54
145 201 35.11
146 0 48.92
146 1 25.0
146 2 37.05
146 3 81.05
146 4 80.66
146 5 80.5
146 6 101.59
146 7 65.46
146 8 26.08
146 9 64.35
146 10 67.9
146 11 81.04
146 12 96.69
146 13 64.54
146 14 50.25
146 15 93.34
146 16 39.82
146 17 37.12
146 18 48.09
146 19 85.02
146 20 68.43
146 21 39.2
146 22 91.55
146 23 89.02
146 24 45.62
146 25 77.0
146 26 43.19
146 27 102.18
146 28 89.63
146 29 93.05
146 30 52.43
146 31 21.54
146 32 53.15
146 33 111.76
146 34 51.62
146 35 25.08
146 36 72.01
146 37 75.77
146 38 57.87
146 39 62.94
146 40 39.0
146 41 70.94
146 42 23.41
146 43 108.41
146 44 67.27
146 45 50.33
146 46 76.84
146 47 100.13
146 48 9.49
146 49 98.51
146 50 68.48
146 51 46.69
146 52 49.5
146 53 17.46
146 54 90.14
146 55 65.52
146 56 80.81
146 57 68.03
146 58 102.04
146 59 40.45
146 60 34.53
146 61 89.14
146 62 57.7
146 63 58.14
146 64 90.55
146 65 99.4
146 66 73.79
146 67 60.44
146 68 70.26
146 69 29.15
146 70 95.59
146 71 134.42
146 72 87.01
146 73 37.85
146 74 72.99
146 75 75.43
146 76 29.07
146 77 97.42
146 78 31.14
146 79 57.31
146 80 81.39
146 81 34.83
146 82 98.31
146 83 56.89
146 84 61.81
146 85 109.27
146 86 99.62
146 87 35.61
146 88 40.5
146 89 88.55
146 90 57.14
146 91 68.35
146 92 13.0
146 93 110.31
146 94 107.56
146 95 89.82
146 96 94.58
146 97 53.71
146 98 69.34
146 99 40.16
146 100 74.33
146 101 26.93
146 102 96.93
146 103 20.4
146 104 71.84
146 105 41.59
146 106 88.59
146 107 82.1
146 108 58.18
146 109 93.15
146 110 78.92
146 111 27.02
146 112 30.36
146 113 21.02
146 114 78.41
146 115 46.1
146 116 74.06
146 117 89.45
146 118 49.73
146 119 48.17
146 120 43.97
146 121 23.77
146 122 25.24
146 123 34.99
146 124 16.49
146 125 89.19
146 126 43.86
146 127 105.08
146 128 56.08
146 129 105.0
146 130 81.25
146 131 83.93
146 132 48.6
146 133 98.41
146 134 25.32
146 135 103.35
146 136 85.7
146 137 70.06
146 138 52.0
146 139 30.02
146 140 47.41
146 141 96.25
146 142 63.01
146 143 31.38
146 144 128.43
146 145 25.02
146 147 91.92
146 148 24.08
146 149 41.04
146 150 68.47
146 151 97.65
146 152 44.92
146 153 121.82
146 154 30.41
146 155 51.97
146 156 46.4
146 157 74.33
146 158 56.52
146 159 73.68
146 160 88.96
146 161 9.9
146 162 39.05
146 163 78.71
146 164 85.7
146 165 24.08
146 166 109.79
146 167 112.0
146 168 30.59
146 169 4.24
146 170 35.81
146 171 38.21
146 172 51.66
146 173 75.5
146 174 73.68
146 175 67.18
146 176 38.47
146 177 97.8
146 178 87.09
146 179 130.82
146 180 92.01
146 181 7.62
146 182 80.05
146 183 43.86
146 184 97.74
146 185 14.14
146 186 124.58
146 187 32.98
146 188 91.24
146 189 105.34
146 190 126.02
146 191 118.21
146 192 16.4
146 193 118.09
146 194 57.71
146 195 100.02
146 196 42.45
146 197 43.32
146 198 80.02
146 199 103.25
146 200 35.11
146 201 48.92
147 0 48.05
147 1 71.59
147 2 125.92
147 3 60.01
147 4 26.83
147 5 56.01
147 6 124.62
147 7 31.06
147 8 117.99
147 9 34.01
147 10 92.2
147 11 69.01
147 12 77.62
147 13 94.37
147 14 51.04
147 15 23.02
147 16 131.47
147 17 124.06
147 18 53.82
147 19 89.47
147 20 110.89
147 21 95.44
147 22 81.84
147 23 91.24
147 24 59.3
147 25 47.04
147 26 93.49
147 27 47.01
147 28 31.32
147 29 60.96
147 30 109.07
147 31 80.66
147 32 83.22
147 33 30.07
147 34 106.04
147 35 80.08
147 36 48.51
147 37 55.04
147 38 89.56
147 39 61.39
147 40 119.37
147 41 24.7
147 42 115.0
147 43 53.24
147 44 54.34
147 45 61.0
147 46 38.48
147 47 82.46
147 48 99.3
147 49 60.08
147 50 82.23
147 51 90.92
147 52 72.03
147 53 105.19
147 54 40.31
147 55 33.12
147 56 18.97
147 57 79.81
147 58 93.81
147 59 73.33
147 60 74.15
147 61 52.95
147 62 104.12
147 63 47.85
147 64 38.6
147 65 58.8
147 66 81.05
147 67 36.62
147 68 53.76
147 69 66.6
147 70 28.3
147 71 48.85
147 72 11.66
147 73 71.7
147 74 71.51
147 75 28.64
147 76 118.6
147 77 101.21
147 78 113.17
147 79 57.38
147 80 32.02
147 81 57.7
147 82 80.43
147 83 69.58
147 84 90.09
147 85 54.12
147 86 78.64
147 87 60.08
147 88 93.43
147 89 50.45
147 90 83.6
147 91 27.46
147 92 99.2
147 93 23.54
147 94 73.76
147 95 105.31
147 96 63.03
147 97 57.04
147 98 117.52
147 99 92.44
147 100 103.81
147 101 69.29
147 102 122.78
147 103 73.01
147 104 101.41
147 105 60.83
147 106 48.27
147 107 11.05
147 108 55.33
147 109 25.5
147 110 55.47
147 111 82.46
147 112 89.82
147 113 82.07
147 114 77.47
147 115 137.57
147 116 50.25
147 117 56.89
147 118 92.01
147 119 48.27
147 120 70.49
147 121 91.48
147 122 117.14
147 123 98.23
147 124 76.28
147 125 45.34
147 126 92.96
147 127 101.26
147 128 115.07
147 129 40.31
147 130 66.0
147 131 78.01
147 132 43.86
147 133 42.49
147 134 69.03
147 135 12.17
147 136 112.27
147 137 44.91
147 138 79.16
147 139 109.6
147 140 57.22
147 141 43.42
147 142 116.07
147 143 77.34
147 144 51.16
147 145 82.97
147 146 91.92
147 148 87.69
147 149 52.55
147 150 40.52
147 151 40.22
147 152 92.09
147 153 32.76
147 154 62.65
147 155 39.96
147 156 85.96
147 157 18.03
147 158 64.62
147 159 104.56
147 160 60.67
147 161 101.55
147 162 129.4
147 163 117.28
147 164 39.2
147 165 73.66
147 166 26.17
147 167 23.26
147 168 106.1
147 169 90.97
147 170 125.6
147 171 129.53
147 172 66.64
147 173 97.8
147 174 60.54
147 175 31.0
147 176 79.06
147 177 115.95
147 178 92.14
147 179 47.13
147 180 47.8
147 181 85.88
147 182 29.02
147 183 97.25
147 184 18.97
147 185 89.5
147 186 45.28
147 187 117.52
147 188 20.62
147 189 126.21
147 190 35.47
147 191 59.81
147 192 99.16
147 193 37.22
147 194 106.08
147 195 49.66
147 196 68.26
147 197 50.33
147 198 87.46
147 199 19.24
147 200 117.34
147 201 48.05
148 0 54.82
148 1 17.46
148 2 56.75
148 3 62.07
148 4 83.63
148 5 62.39
148 6 123.44
148 7 57.49
148 8 40.05
148 9 67.62
148 10 87.92
148 11 60.3
148 12 111.0
148 13 85.23
148 14 38.28
148 15 95.02
148 16 49.82
148 17 58.19
148 18 35.51
148 19 102.96
148 20 91.27
148 21 16.16
148 22 107.3
148 23 106.89
148 24 57.04
148 25 61.13
148 26 19.42
148 27 86.83
148 28 77.39
148 29 104.09
148 30 76.06
148 31 8.25
148 32 72.42
148 33 112.33
148 34 75.0
148 35 44.01
148 36 56.04
148 37 86.7
148 38 78.19
148 39 76.01
148 40 62.27
148 41 63.78
148 42 40.79
148 43 115.74
148 44 50.01
148 45 63.0
148 46 83.17
148 47 115.04
148 48 22.14
148 49 80.22
148 50 45.31
148 51 22.63
148 52 65.92
148 53 40.31
148 54 96.46
148 55 56.4
148 56 81.3
148 57 85.51
148 58 118.95
148 59 57.27
148 60 51.42
148 61 71.85
148 62 80.45
148 63 44.72
148 64 76.55
148 65 109.24
148 66 50.92
148 67 51.86
148 68 52.95
148 69 21.95
148 70 98.41
148 71 134.4
148 72 85.8
148 73 53.94
148 74 88.2
148 75 65.19
148 76 49.04
148 77 116.18
148 78 25.81
148 79 40.26
148 80 69.32
148 81 39.05
148 82 113.02
148 83 72.44
148 84 81.93
148 85 116.69
148 86 78.26
148 87 44.18
148 88 62.77
148 89 97.51
148 90 76.24
148 91 60.96
148 92 18.25
148 93 102.08
148 94 119.71
148 95 110.05
148 96 105.93
148 97 65.12
148 98 92.8
148 99 62.27
148 100 95.75
148 101 39.2
148 102 118.96
148 103 20.1
148 104 93.11
148 105 53.01
148 106 97.02
148 107 79.65
148 108 69.26
148 109 82.37
148 110 89.81
148 111 47.01
148 112 52.48
148 113 7.07
148 114 94.53
148 115 54.82
148 116 57.49
148 117 71.34
148 118 71.11
148 119 53.85
148 120 24.19
148 121 46.62
148 122 39.05
148 123 14.0
148 124 20.1
148 125 96.84
148 126 20.0
148 127 122.98
148 128 79.98
148 129 109.66
148 130 61.07
148 131 61.85
148 132 49.66
148 133 83.82
148 134 21.19
148 135 97.74
148 136 107.35
148 137 55.36
148 138 70.34
148 139 22.02
148 140 58.14
148 141 102.79
148 142 86.68
148 143 11.7
148 144 131.23
148 145 45.19
148 146 24.08
148 147 87.69
148 149 45.61
148 150 55.46
148 151 103.25
148 152 66.65
148 153 119.85
148 154 37.22
148 155 49.93
148 156 22.47
148 157 72.01
148 158 37.12
148 159 95.27
148 160 70.06
148 161 26.57
148 162 45.22
148 163 101.55
148 164 92.03
148 165 15.23
148 166 109.62
148 167 109.99
148 168 18.44
148 169 19.85
148 170 41.11
148 171 47.07
148 172 32.14
148 173 95.86
148 174 86.15
148 175 69.78
148 176 16.12
148 177 118.85
148 178 105.32
148 179 131.49
148 180 75.93
148 181 27.46
148 182 68.96
148 183 66.57
148 184 97.91
148 185 10.0
148 186 126.57
148 187 30.53
148 188 92.44
148 189 127.05
148 190 123.11
148 191 125.54
148 192 40.46
148 193 119.27
148 194 80.71
148 195 83.95
148 196 57.43
148 197 37.8
148 198 98.06
148 199 94.87
148 200 58.18
148 201 54.82
149 0 9.22
149 1 28.44
149 2 73.41
149 3 64.66
149 4 39.82
149 5 62.2
149 6 94.05
149 7 32.76
149 8 66.84
149 9 23.43
149 10 56.59
149 11 69.31
149 12 68.07
149 13 56.22
149 14 30.48
149 15 52.35
149 16 80.81
149 17 71.51
149 18 30.81
149 19 65.37
149 20 69.35
149 21 59.3
149 22 66.1
149 23 68.88
149 24 16.4
149 25 54.71
149 26 60.01
149 27 75.29
149 28 59.03
149 29 59.08
149 30 61.85
149 31 37.36
149 32 42.2
149 33 70.72
149 34 59.2
149 35 28.16
149 36 51.04
149 37 42.01
149 38 49.41
149 39 33.84
149 40 67.27
149 41 36.06
149 42 63.25
149 43 70.23
149 44 50.25
149 45 22.47
149 46 37.7
149 47 72.57
149 48 49.58
149 49 77.9
149 50 67.98
149 51 60.13
149 52 31.14
149 53 52.77
149 54 51.08
149 55 34.48
149 56 39.82
149 57 48.83
149 58 78.77
149 59 26.83
149 60 24.74
149 61 67.6
149 62 60.01
149 63 36.88
149 64 62.64
149 65 63.79
149 66 70.83
149 67 30.08
149 68 52.5
149 69 25.02
149 70 54.82
149 71 93.38
149 72 46.32
149 73 23.77
149 74 47.54
149 75 43.93
149 76 66.19
149 77 79.26
149 78 67.6
149 79 43.42
149 80 51.66
149 81 6.71
149 82 70.41
149 83 34.41
149 84 51.86
149 85 71.17
149 86 87.11
149 87 8.0
149 88 45.12
149 89 51.97
149 90 44.69
149 91 34.23
149 92 50.8
149 93 73.35
149 94 75.01
149 95 76.84
149 96 61.03
149 97 22.47
149 98 74.32
149 99 44.15
149 100 67.48
149 101 16.76
149 102 90.55
149 103 26.0
149 104 64.66
149 105 14.21
149 106 51.42
149 107 42.05
149 108 25.71
149 109 60.13
149 110 45.0
149 111 31.02
149 112 39.01
149 113 38.6
149 114 54.63
149 115 87.11
149 116 53.82
149 117 69.64
149 118 47.42
149 119 8.25
149 120 42.72
149 121 39.46
149 122 66.07
149 123 59.23
149 124 27.78
149 125 51.24
149 126 60.0
149 127 84.17
149 128 67.68
149 129 65.0
149 130 67.9
149 131 76.06
149 132 9.06
149 133 70.6
149 134 24.52
149 135 64.51
149 136 78.57
149 137 47.17
149 138 38.42
149 139 64.85
149 140 16.12
149 141 57.38
149 142 70.84
149 143 40.01
149 144 87.8
149 145 31.14
149 146 41.04
149 147 52.55
149 148 45.61
149 150 42.94
149 151 58.14
149 152 45.54
149 153 81.02
149 154 10.63
149 155 15.13
149 156 56.44
149 157 34.54
149 158 48.02
149 159 67.62
149 160 71.03
149 161 50.93
149 162 79.93
149 163 78.23
149 164 46.62
149 165 30.59
149 166 68.77
149 167 71.28
149 168 62.77
149 169 41.11
149 170 76.49
149 171 79.25
149 172 45.62
149 173 64.35
149 174 42.58
149 175 26.17
149 176 46.17
149 177 87.21
149 178 68.1
149 179 89.81
149 180 67.62
149 181 34.21
149 182 49.03
149 183 49.48
149 184 56.73
149 185 42.94
149 186 83.74
149 187 71.02
149 188 50.21
149 189 96.94
149 190 85.44
149 191 80.06
149 192 46.62
149 193 77.1
149 194 61.47
149 195 74.67
149 196 23.02
149 197 17.8
149 198 61.06
149 199 66.75
149 200 65.0
149 201 9.22
150 0 46.23
150 1 43.74
150 2 105.48
150 3 24.19
150 4 52.63
150 5 20.81
150 6 135.59
150 7 14.32
150 8 92.65
150 9 44.42
150 10 98.6
150 11 31.62
150 12 100.34
150 13 98.74
150 14 18.25
150 15 58.03
150 16 104.36
150 17 105.12
150 18 20.62
150 19 104.06
150 20 112.29
150 21 58.8
150 22 101.26
150 23 107.06
150 24 58.25
150 25 12.04
150 26 55.87
150 27 34.06
150 28 21.93
150 29 86.41
150 30 104.06
150 31 50.6
150 32 84.91
150 33 70.21
150 34 101.59
150 35 68.15
150 36 9.85
150 37 73.25
150 38 92.11
150 39 71.45
150 40 104.24
150 41 18.11
150 42 91.41
150 43 87.13
150 44 14.04
150 45 63.41
150 46 60.01
150 47 105.31
150 48 73.01
150 49 34.99
150 50 41.77
150 51 52.5
150 52 73.5
150 53 85.09
150 54 69.38
150 55 11.18
150 56 45.54
150 57 89.2
150 58 114.28
150 59 69.77
150 60 67.23
150 61 24.7
150 62 102.88
150 63 10.77
150 64 22.09
150 65 87.6
150 66 41.05
150 67 13.45
150 68 14.14
150 69 39.32
150 70 63.13
150 71 89.2
150 72 45.01
150 73 66.64
150 74 85.04
150 75 12.08
150 76 97.51
150 77 117.69
150 78 81.01
150 79 17.8
150 80 13.89
150 81 43.32
150 82 103.08
150 83 75.29
150 84 94.3
150 85 88.12
150 86 46.62
150 87 50.16
150 88 87.32
150 89 76.32
150 90 87.09
150 91 16.49
150 92 71.17
150 93 48.08
150 94 101.95
150 95 117.46
150 96 88.64
150 97 61.62
150 98 117.2
150 99 86.38
150 100 109.86
150 101 56.04
150 102 132.44
150 103 48.17
150 104 107.07
150 105 56.94
150 106 74.67
150 107 38.0
150 108 62.94
150 109 27.2
150 110 75.29
150 111 71.57
150 112 79.81
150 113 51.87
150 114 92.2
150 115 109.79
150 116 12.53
150 117 27.02
150 118 90.34
150 119 45.61
150 120 33.42
150 121 78.26
150 122 91.68
150 123 62.8
150 124 52.15
150 125 72.73
150 126 55.17
150 127 120.8
150 128 109.73
150 129 76.16
150 130 29.15
150 131 40.26
150 132 35.81
150 133 30.02
150 134 43.19
150 135 47.01
150 136 120.6
150 137 5.39
150 138 80.99
150 139 77.03
150 140 57.2
150 141 74.73
150 142 113.46
150 143 43.83
150 144 91.24
150 145 71.06
150 146 68.47
150 147 40.52
150 148 55.46
150 149 42.94
150 151 72.99
150 152 88.24
150 153 72.62
150 154 47.8
150 155 29.21
150 156 47.51
150 157 33.54
150 158 24.7
150 159 110.11
150 160 29.0
150 161 76.49
150 162 100.46
150 163 121.08
150 164 66.1
150 165 45.12
150 166 66.49
150 167 63.57
150 168 72.72
150 169 65.92
150 170 96.38
150 171 101.84
150 172 27.66
150 173 106.04
150 174 76.61
150 175 43.83
150 176 42.8
150 177 128.14
150 178 106.89
150 179 87.64
150 180 25.0
150 181 65.01
150 182 14.14
150 183 91.76
150 184 57.22
150 185 60.73
150 186 85.51
150 187 85.88
150 188 55.04
150 189 138.19
150 190 74.24
150 191 95.52
150 192 81.02
150 193 77.47
150 194 104.28
150 195 32.56
150 196 65.86
150 197 27.66
150 198 100.42
150 199 41.04
150 200 101.08
150 201 46.23
151 0 49.24
151 1 85.8
151 2 123.99
151 3 96.05
151 4 21.02
151 5 92.18
151 6 93.21
151 7 59.3
151 8 122.15
151 9 35.74
151 10 68.25
151 11 104.35
151 12 40.85
151 13 72.03
151 14 75.24
151 15 17.2
151 16 136.36
151 17 120.74
151 18 77.41
151 19 58.22
151 20 89.05
151 21 115.52
151 22 47.3
151 23 58.69
151 24 53.08
151 25 82.71
151 26 115.21
151 27 87.13
151 28 70.66
151 29 24.04
151 30 93.62
151 31 95.08
151 32 65.8
151 33 25.18
151 34 90.47
151 35 77.08
151 36 82.57
151 37 28.79
151 38 69.89
151 39 42.06
151 40 112.65
151 41 54.92
151 42 117.59
151 43 14.14
151 44 86.7
151 45 50.33
151 46 20.81
151 47 45.19
151 48 106.78
151 49 99.32
151 50 113.07
151 51 114.14
151 52 57.98
151 53 105.38
151 54 7.81
151 55 62.39
151 56 27.46
151 57 55.32
151 58 57.38
151 59 64.03
151 60 67.94
151 61 91.18
151 62 85.7
151 63 76.03
151 64 77.82
151 65 19.42
151 66 113.44
151 67 63.03
151 68 87.13
151 69 81.6
151 70 12.04
151 71 43.68
151 72 29.97
151 73 64.44
151 74 44.72
151 75 63.32
151 76 118.11
151 77 67.19
151 78 125.71
151 79 86.01
151 80 69.29
151 81 64.85
151 82 43.46
151 83 51.88
151 84 68.68
151 85 15.13
151 86 116.71
151 87 62.13
151 88 81.63
151 89 16.03
151 90 64.26
151 91 56.57
151 92 108.56
151 93 59.67
151 94 33.97
151 95 74.43
151 96 25.63
151 97 46.01
151 98 96.54
151 99 80.78
151 100 78.52
151 101 70.8
151 102 92.54
151 103 84.1
151 104 76.79
151 105 56.73
151 106 14.14
151 107 36.06
151 108 41.87
151 109 65.51
151 110 26.93
151 111 77.83
151 112 82.62
151 113 96.38
151 114 48.04
151 115 142.76
151 116 84.93
151 117 94.92
151 118 76.06
151 119 50.12
151 120 94.05
151 121 87.11
151 122 121.51
151 123 116.38
151 124 85.88
151 125 11.4
151 126 114.98
151 127 65.0
151 128 99.16
151 129 8.06
151 130 101.64
151 131 113.16
151 132 53.76
151 133 82.49
151 134 82.08
151 135 46.75
151 136 84.01
151 137 78.26
151 138 62.61
151 139 122.98
151 140 50.99
151 141 4.12
151 142 97.42
151 143 95.88
151 144 32.45
151 145 79.21
151 146 97.65
151 147 40.22
151 148 103.25
151 149 58.14
151 150 72.99
151 152 78.29
151 153 40.31
151 154 68.1
151 155 55.11
151 156 109.66
151 157 39.46
151 158 93.01
151 159 79.63
151 160 98.35
151 161 107.42
151 162 136.61
151 163 92.54
151 164 12.04
151 165 88.02
151 166 26.93
151 167 35.11
151 168 120.83
151 169 98.48
151 170 133.45
151 171 135.25
151 172 93.19
151 173 71.25
151 174 34.48
151 175 33.96
151 176 100.44
151 177 84.17
151 178 60.41
151 179 38.9
151 180 86.82
151 181 90.21
151 182 65.79
151 183 84.12
151 184 22.67
151 185 101.07
151 186 30.46
151 187 129.0
151 188 19.72
151 189 93.94
151 190 46.39
151 191 23.09
151 192 98.29
151 193 27.29
151 194 87.92
151 195 89.55
151 196 59.55
151 197 67.68
151 198 58.0
151 199 58.0
151 200 112.0
151 201 49.24
152 0 45.4
152 1 57.38
152 2 51.0
152 3 108.56
152 4 69.86
152 5 106.55
152 6 56.86
152 7 78.16
152 8 57.71
152 9 58.08
152 10 24.08
152 11 111.83
152 12 60.54
152 13 20.02
152 14 73.57
152 15 82.28
152 16 70.34
152 17 46.65
152 18 72.95
152 19 43.42
152 20 25.46
152 21 82.73
152 22 53.23
152 23 47.3
152 24 33.06
152 25 99.74
152 26 85.96
152 27 120.81
152 28 104.29
152 29 63.66
152 30 17.0
152 31 60.75
152 32 13.45
152 33 99.96
152 34 14.04
152 35 23.43
152 36 95.71
152 37 49.93
152 38 14.32
152 39 36.24
152 40 36.24
152 41 80.81
152 42 51.79
152 43 84.2
152 44 93.81
152 45 31.26
152 46 60.41
152 47 62.61
152 48 52.95
152 49 123.0
152 50 105.38
152 51 88.51
152 52 20.88
152 53 39.2
152 54 70.66
152 55 80.01
152 56 74.67
152 57 29.15
152 58 61.13
152 59 19.24
152 60 21.02
152 61 112.73
152 62 15.0
152 63 81.01
152 64 108.16
152 65 71.51
152 66 109.62
152 67 75.61
152 68 96.38
152 69 58.0
152 70 81.93
152 71 121.33
152 72 82.61
152 73 21.84
152 74 38.29
152 75 89.29
152 76 47.76
152 77 54.15
152 78 74.67
152 79 85.45
152 80 97.12
152 81 45.18
152 82 61.29
152 83 26.42
152 84 18.25
152 85 84.81
152 86 130.36
152 87 38.08
152 88 5.1
152 89 64.07
152 90 16.64
152 91 79.31
152 92 57.49
152 93 115.0
152 94 74.4
152 95 45.28
152 96 64.35
152 97 35.51
152 98 29.15
152 99 5.0
152 100 29.41
152 101 33.6
152 102 52.33
152 103 51.09
152 104 26.93
152 105 32.56
152 106 65.19
152 107 81.06
152 108 38.33
152 109 104.74
152 110 52.43
152 111 20.0
152 112 14.56
152 113 61.06
152 114 40.82
152 115 76.24
152 116 98.41
152 117 114.49
152 118 5.0
152 119 45.54
152 120 78.49
152 121 21.38
152 122 57.56
152 123 79.31
152 124 48.6
152 125 67.23
152 126 86.45
152 127 62.65
152 128 23.0
152 129 86.35
152 130 110.94
152 131 117.29
152 132 53.85
152 133 116.09
152 134 54.45
152 135 104.17
152 136 40.85
152 137 92.14
152 138 15.81
152 139 74.33
152 140 35.01
152 141 75.29
152 142 25.3
152 143 69.2
152 144 110.64
152 145 21.63
152 146 44.92
152 147 92.09
152 148 66.65
152 149 45.54
152 150 88.24
152 151 78.29
152 153 113.6
152 154 41.34
152 155 60.44
152 156 86.84
152 157 75.03
152 158 88.09
152 159 28.79
152 160 115.49
152 161 50.36
152 162 73.98
152 163 35.47
152 164 67.12
152 165 58.26
152 166 99.62
152 167 105.02
152 168 75.43
152 169 48.7
152 170 72.44
152 171 70.61
152 172 84.29
152 173 31.06
152 174 45.0
152 175 61.13
152 176 77.01
152 177 52.89
152 178 44.91
152 179 116.78
152 180 113.09
152 181 39.4
152 182 94.37
152 183 5.83
152 184 88.77
152 185 57.78
152 186 108.67
152 187 75.17
152 188 81.49
152 189 60.54
152 190 119.1
152 191 92.96
152 192 33.0
152 193 104.39
152 194 16.12
152 195 120.21
152 196 24.08
152 197 61.29
152 198 38.6
152 199 109.11
152 200 36.89
152 201 45.4
153 0 74.43
153 1 103.28
153 2 153.68
153 3 89.44
153 4 44.01
153 5 85.51
153 6 133.51
153 7 63.81
153 8 147.8
153 9 58.67
153 10 107.3
153 11 98.66
153 12 80.52
153 13 110.65
153 14 83.76
153 15 31.32
153 16 161.64
153 17 151.24
153 18 86.53
153 19 98.51
153 20 127.77
153 21 128.14
153 22 87.48
153 23 98.99
153 24 83.26
153 25 77.37
153 26 126.25
153 27 69.26
153 28 58.55
153 29 64.13
153 30 130.0
153 31 112.54
153 32 102.39
153 33 15.13
153 34 126.85
153 35 106.47
153 36 79.7
153 37 67.19
153 38 107.52
153 39 78.45
153 40 145.0
153 41 57.45
153 42 144.27
153 43 46.1
153 44 86.03
153 45 82.87
153 46 53.37
153 47 84.48
153 48 129.83
153 49 85.02
153 50 113.84
153 51 123.66
153 52 92.72
153 53 133.45
153 54 46.0
153 55 65.86
153 56 41.34
153 57 94.26
153 58 96.84
153 59 96.57
153 60 98.9
153 61 80.31
153 62 123.17
153 63 80.53
153 64 65.28
153 65 58.24
153 66 112.09
153 67 69.34
153 68 85.07
153 69 98.35
153 70 32.25
153 71 17.12
153 72 34.83
153 73 95.85
153 74 84.05
153 75 60.54
153 76 146.81
153 77 107.28
153 78 145.04
153 79 89.9
153 80 62.1
153 81 87.01
153 82 82.97
153 83 88.07
153 84 106.92
153 85 46.52
153 86 105.0
153 87 87.66
153 88 116.06
153 89 56.14
153 90 101.61
153 91 60.21
153 92 130.23
153 93 33.54
153 94 70.77
153 95 114.74
153 96 65.51
153 97 78.43
153 98 135.07
153 99 115.11
153 100 118.07
153 101 97.1
153 102 132.85
153 103 104.0
153 104 116.16
153 105 85.87
153 106 54.08
153 107 40.31
153 108 75.29
153 109 51.35
153 110 66.03
153 111 108.23
153 112 114.63
153 113 113.95
153 114 88.05
153 115 167.89
153 116 81.04
153 117 84.29
153 118 112.29
153 119 74.95
153 120 103.25
153 121 117.62
153 122 147.0
153 123 130.8
153 124 106.96
153 125 51.04
153 126 125.72
153 127 104.4
153 128 135.82
153 129 34.21
153 130 95.52
153 131 107.52
153 132 73.25
153 133 66.03
153 134 100.41
153 135 26.48
153 136 124.15
153 137 76.55
153 138 98.72
153 139 141.6
153 140 81.02
153 141 44.41
153 142 135.15
153 143 109.81
153 144 26.42
153 145 109.13
153 146 121.82
153 147 32.76
153 148 119.85
153 149 81.02
153 150 72.62
153 151 40.31
153 152 113.6
153 154 91.61
153 155 70.72
153 156 118.7
153 157 48.08
153 158 97.08
153 159 119.1
153 160 88.36
153 161 131.65
153 162 160.21
153 163 132.09
153 164 48.17
153 165 105.42
153 166 14.14
153 167 9.9
153 168 138.29
153 169 121.38
153 170 156.54
153 171 159.93
153 172 99.3
153 173 111.0
153 174 73.17
153 175 55.57
153 176 111.77
153 177 124.46
153 178 100.72
153 179 17.26
153 180 74.11
153 181 115.21
153 182 59.77
153 183 119.25
153 184 25.08
153 185 120.92
153 186 20.81
153 187 149.21
153 188 32.31
153 189 134.16
153 190 6.08
153 191 47.2
153 192 126.91
153 193 15.81
153 194 125.32
153 195 73.11
153 196 91.55
153 197 82.13
153 198 98.13
153 199 37.0
153 200 143.56
153 201 74.43
154 0 18.87
154 1 21.21
154 2 63.32
154 3 67.23
154 4 50.33
154 5 65.3
154 6 94.02
154 7 40.0
154 8 56.22
154 9 33.97
154 10 56.61
154 11 70.6
154 12 74.11
154 13 55.32
154 14 32.25
154 15 62.94
154 16 70.18
154 17 61.68
154 18 31.62
154 19 68.35
154 20 66.4
154 21 52.04
154 22 71.02
154 23 72.11
154 24 20.1
154 25 58.87
154 26 53.46
154 27 81.39
154 28 66.12
154 29 66.91
154 30 56.46
154 31 29.07
154 32 41.23
154 33 81.34
154 34 54.13
154 35 20.4
154 36 54.63
154 37 49.5
154 38 48.17
154 39 39.12
154 40 58.31
154 41 44.28
154 42 52.7
154 43 79.71
154 44 52.48
154 45 26.31
154 46 47.41
154 47 78.31
154 48 39.05
154 49 82.08
154 50 66.03
154 51 54.34
154 52 31.76
154 53 42.54
154 54 60.83
154 55 41.11
154 56 50.45
154 57 51.08
154 58 83.2
154 59 24.84
154 60 20.62
154 61 71.87
154 62 56.3
154 63 39.81
154 64 68.88
154 65 72.28
154 66 69.66
154 67 36.22
154 68 55.07
154 69 19.31
154 70 65.3
154 71 104.0
154 72 56.86
154 73 21.26
154 74 51.97
154 75 51.04
154 76 55.95
154 77 82.08
154 78 57.7
154 79 44.2
154 80 58.31
154 81 5.1
154 82 76.24
154 83 37.0
154 84 51.22
154 85 80.62
154 86 89.05
154 87 7.0
154 88 39.81
154 89 60.73
154 90 44.41
154 91 42.11
154 92 40.5
154 93 82.71
154 94 82.49
154 95 78.03
154 96 68.73
154 97 28.0
154 98 70.49
154 99 38.91
154 100 66.6
154 101 8.25
154 102 90.14
154 103 17.12
154 104 63.78
154 105 16.28
154 106 60.41
154 107 52.35
154 108 32.06
154 109 68.07
154 110 52.61
154 111 23.77
154 112 32.02
154 113 30.15
154 114 58.69
154 115 76.49
154 116 57.27
154 117 73.41
154 118 44.2
154 119 18.03
154 120 39.45
154 121 31.02
154 122 55.44
154 123 51.16
154 124 18.03
154 125 60.54
154 126 53.6
154 127 87.93
154 128 62.03
154 129 75.17
154 130 69.63
154 131 76.42
154 132 18.79
154 133 76.94
154 134 17.26
154 135 74.46
154 136 78.1
154 137 51.26
154 138 38.01
154 139 55.15
154 140 21.0
154 141 67.08
154 142 66.19
154 143 33.73
154 144 98.23
154 145 23.35
154 146 30.41
154 147 62.65
154 148 37.22
154 149 10.63
154 150 47.8
154 151 68.1
154 152 41.34
154 153 91.61
154 155 23.54
154 156 51.24
154 157 44.72
154 158 47.38
154 159 66.53
154 160 74.24
154 161 40.31
154 162 69.35
154 163 75.93
154 164 56.36
154 165 23.09
154 166 79.4
154 167 81.84
154 168 53.45
154 169 30.61
154 170 65.95
154 171 68.62
154 172 44.05
154 173 64.64
154 174 49.01
154 175 36.77
154 176 40.8
154 177 87.92
154 178 70.94
154 179 100.41
154 180 72.8
154 181 23.6
154 182 56.08
154 183 44.28
154 184 67.36
154 185 33.24
154 186 94.26
154 187 60.9
154 188 60.83
154 189 97.2
154 190 95.96
154 191 89.55
154 192 36.69
154 193 87.69
154 194 57.45
154 195 80.28
154 196 22.83
154 197 20.25
154 198 63.69
154 199 75.93
154 200 55.73
154 201 18.87
155 0 17.03
155 1 32.8
155 2 86.65
155 3 52.4
155 4 34.48
155 5 49.5
155 6 106.4
155 7 17.72
155 8 78.03
155 9 20.0
155 10 69.4
155 11 58.25
155 12 74.09
155 13 69.64
155 14 21.59
155 15 45.18
155 16 91.53
155 17 85.16
155 18 23.19
155 19 75.43
155 20 83.67
155 21 60.75
155 22 73.82
155 23 78.6
155 24 29.15
155 25 41.23
155 26 60.17
155 27 60.41
155 28 43.93
155 29 62.17
155 30 76.9
155 31 42.2
155 32 55.95
155 33 62.43
155 34 74.22
155 35 43.01
155 36 38.18
155 37 46.82
155 38 63.13
155 39 42.8
155 40 81.74
155 41 21.0
155 42 75.13
155 43 68.59
155 44 38.83
155 45 34.21
155 46 37.01
155 47 78.92
155 48 59.41
155 49 64.07
155 50 60.88
155 51 59.03
155 52 44.42
155 53 65.79
155 54 49.25
155 55 19.7
155 56 31.38
155 57 60.11
155 58 86.83
155 59 41.44
155 60 39.81
155 61 53.82
155 62 74.67
155 63 25.55
155 64 47.76
155 65 65.19
155 66 62.63
155 67 15.81
155 68 40.61
155 69 28.02
155 70 48.85
155 71 84.65
155 72 36.12
155 73 38.6
155 74 56.61
155 75 28.86
155 76 79.12
155 77 89.2
155 78 74.52
155 79 34.18
155 80 36.69
155 81 18.44
155 82 76.69
155 83 46.1
155 84 65.19
155 85 69.58
155 86 75.07
155 87 23.09
155 88 60.21
155 89 53.24
155 90 57.98
155 91 19.1
155 92 59.55
155 93 59.2
155 94 78.26
155 95 88.39
155 96 64.33
155 97 32.53
155 98 88.96
155 99 59.23
155 100 80.71
155 101 31.14
155 102 103.23
155 103 33.3
155 104 77.94
155 105 28.23
155 106 52.09
155 107 30.48
155 108 34.21
155 109 45.04
155 110 49.34
155 111 46.01
155 112 54.08
155 113 43.6
155 114 63.82
155 115 97.65
155 116 41.01
155 117 56.22
155 118 62.03
155 119 16.4
155 120 39.12
155 121 54.15
155 122 77.18
155 123 62.17
155 124 36.4
155 125 51.0
155 126 59.91
155 127 92.96
155 128 82.76
155 129 60.73
155 130 56.4
155 131 65.86
155 132 6.71
155 133 55.66
155 134 29.73
155 135 51.43
155 136 91.4
155 137 33.97
155 138 51.97
155 139 71.22
155 140 28.02
155 141 55.44
155 142 85.73
155 143 41.23
155 144 81.41
155 145 46.01
155 146 51.97
155 147 39.96
155 148 49.93
155 149 15.13
155 150 29.21
155 151 55.11
155 152 60.44
155 153 70.72
155 154 23.54
155 156 54.59
155 157 22.67
155 158 40.26
155 159 80.99
155 160 58.05
155 161 61.59
155 162 89.64
155 163 92.18
155 164 45.1
155 165 35.0
155 166 59.82
155 167 60.83
155 168 68.24
155 169 51.04
155 170 85.91
155 171 89.63
155 172 39.32
155 173 76.84
155 174 49.19
155 175 21.21
155 176 45.35
155 177 99.04
155 178 78.24
155 179 81.61
155 180 53.24
155 181 46.1
155 182 33.96
155 183 64.54
155 184 48.01
155 185 50.21
155 186 76.66
155 187 78.57
155 188 42.54
155 189 109.04
155 190 74.52
155 191 78.09
155 192 60.17
155 193 69.34
155 194 76.22
155 195 60.01
155 196 37.16
155 197 12.65
155 198 71.59
155 199 52.39
155 200 79.25
155 201 17.03
156 0 65.19
156 1 30.46
156 2 78.43
156 3 45.54
156 4 88.84
156 5 47.01
156 6 143.03
156 7 55.01
156 8 60.64
156 9 74.43
156 10 106.44
156 11 41.44
156 12 124.46
156 13 104.32
156 14 35.47
156 15 98.37
156 16 68.07
156 17 80.23
156 18 32.89
156 19 119.54
156 20 112.0
156 21 13.34
156 22 122.02
156 23 123.33
156 24 71.06
156 25 48.83
156 26 8.94
156 27 73.36
156 28 68.01
156 29 115.07
156 30 97.62
156 31 26.25
156 32 90.79
156 33 113.85
156 34 96.33
156 35 63.51
156 36 44.2
156 37 98.33
156 38 97.13
156 39 89.82
156 40 84.72
156 41 61.29
156 42 62.3
156 43 123.18
156 44 37.2
156 45 77.37
156 46 91.27
156 47 128.89
156 48 44.28
156 49 63.6
156 50 23.54
156 51 5.0
156 52 82.64
156 53 62.77
156 54 103.82
156 55 52.84
156 56 84.48
156 57 102.18
156 58 134.37
156 59 74.73
156 60 69.32
156 61 56.86
156 62 101.21
156 63 38.28
156 64 65.22
156 65 119.04
156 66 29.43
156 67 49.66
156 68 39.66
156 69 32.02
156 70 102.62
156 71 134.61
156 72 87.09
156 73 71.18
156 74 103.08
156 75 59.2
156 76 70.94
156 77 133.2
156 78 40.11
156 79 29.73
156 80 60.81
156 81 50.99
156 82 126.75
156 83 88.23
156 84 100.65
156 85 124.17
156 86 58.03
156 87 57.97
156 88 83.41
156 89 107.04
156 90 94.37
156 91 58.59
156 92 39.92
156 93 95.52
156 94 131.14
156 95 128.38
156 96 117.11
156 97 78.45
156 98 114.11
156 99 82.8
156 100 115.25
156 101 55.95
156 102 138.76
156 103 36.24
156 104 112.51
156 105 67.45
156 106 106.12
156 107 80.23
156 108 82.04
156 109 74.25
156 110 101.24
156 111 66.85
156 112 73.25
156 113 26.17
156 114 109.9
156 115 72.03
156 116 44.65
156 117 55.36
156 118 90.97
156 119 64.2
156 120 15.81
156 121 67.94
156 122 59.67
156 123 19.1
156 124 38.28
156 125 105.3
156 126 8.06
156 127 139.18
156 128 101.83
156 129 114.98
156 130 42.95
156 131 41.11
156 132 57.04
156 133 71.34
156 134 34.18
156 135 94.05
156 136 126.91
156 137 45.28
156 138 88.14
156 139 36.06
156 140 71.59
156 141 110.03
156 142 108.25
156 143 17.89
156 144 134.13
156 145 65.22
156 146 46.4
156 147 85.96
156 148 22.47
156 149 56.44
156 150 47.51
156 151 109.66
156 152 86.84
156 153 118.7
156 154 51.24
156 155 54.59
156 157 73.39
156 158 23.43
156 159 114.91
156 160 53.16
156 161 48.75
156 162 62.03
156 163 122.2
156 164 99.61
156 165 29.07
156 166 110.57
156 167 109.18
156 168 31.06
156 169 42.2
156 170 58.01
156 171 65.03
156 172 19.85
156 173 114.49
156 174 98.99
156 175 75.8
156 176 10.44
156 177 137.77
156 178 122.09
156 179 132.42
156 180 62.18
156 181 48.8
156 182 61.62
156 183 87.46
156 184 99.72
156 185 32.45
156 186 128.88
156 187 45.18
156 188 95.51
156 189 146.49
156 190 120.95
156 191 132.67
156 192 62.8
156 193 121.08
156 194 101.67
156 195 69.78
156 196 73.74
156 197 42.19
156 198 114.83
156 199 88.53
156 200 80.62
156 201 65.19
157 0 30.27
157 1 55.23
157 2 107.94
157 3 56.92
157 4 19.31
157 5 53.14
157 6 111.89
157 7 20.0
157 8 100.4
157 9 17.72
157 10 77.49
157 11 65.0
157 12 69.66
157 13 79.12
157 14 37.95
157 15 25.32
157 16 114.04
157 17 106.04
157 18 40.5
157 19 77.67
157 20 95.13
157 21 81.41
157 22 72.14
157 23 80.0
157 24 42.0
157 25 43.66
157 26 80.11
157 27 53.15
157 28 35.38
157 29 54.38
157 30 92.02
157 31 64.54
157 32 67.08
157 33 40.71
157 34 89.05
157 35 62.1
157 36 43.17
157 37 43.93
157 38 73.76
157 39 47.01
157 40 101.39
157 41 15.52
157 42 97.25
157 43 53.6
157 44 47.27
157 45 44.41
157 46 28.43
157 47 74.65
157 48 82.01
157 49 62.43
157 50 74.03
157 51 78.19
157 52 55.58
157 53 87.24
157 54 36.06
157 55 23.02
157 56 12.04
157 57 65.8
157 58 84.86
157 59 56.01
157 60 56.44
157 61 53.34
157 62 87.69
157 63 37.22
157 64 41.77
157 65 54.63
157 66 74.11
157 67 24.33
157 68 47.68
157 69 50.33
157 70 30.07
157 71 62.43
157 72 13.89
157 73 54.15
157 74 58.83
157 75 24.6
157 76 100.65
157 77 90.43
157 78 97.0
157 79 47.27
157 80 31.62
157 81 39.82
157 82 72.47
157 83 54.12
157 84 74.73
157 85 54.59
157 86 78.29
157 87 42.06
157 88 76.06
157 89 43.91
157 90 67.91
157 91 17.12
157 92 82.22
157 93 40.01
157 94 69.32
157 95 92.78
157 96 56.6
157 97 40.79
157 98 101.43
157 99 75.06
157 100 89.2
157 101 51.26
157 102 109.57
157 103 55.97
157 104 86.65
157 105 43.19
157 106 42.06
157 107 7.81
157 108 39.85
157 109 32.76
157 110 45.25
157 111 64.54
157 112 72.01
157 113 65.95
157 114 65.46
157 115 120.21
157 116 45.61
157 117 56.82
157 118 75.33
157 119 30.41
157 120 57.58
157 121 73.5
157 122 99.57
157 123 83.53
157 124 59.03
157 125 39.81
157 126 79.71
157 127 91.93
157 128 98.02
157 129 43.01
157 130 62.36
157 131 73.76
157 132 25.94
157 133 48.17
157 134 52.33
157 135 30.08
157 136 98.49
157 137 38.83
157 138 62.97
157 139 93.61
157 140 40.01
157 141 41.23
157 142 99.5
157 143 62.43
157 144 60.75
157 145 65.0
157 146 74.33
157 147 18.03
157 148 72.01
157 149 34.54
157 150 33.54
157 151 39.46
157 152 75.03
157 153 48.08
157 154 44.72
157 155 22.67
157 156 73.39
157 158 54.45
157 159 89.81
157 160 59.93
157 161 84.05
157 162 112.29
157 163 102.2
157 164 33.11
157 165 57.38
157 166 37.74
157 167 38.18
157 168 90.43
157 169 73.6
157 170 108.58
157 171 112.2
157 172 55.32
157 173 83.77
157 174 48.6
157 175 15.23
157 176 65.31
157 177 103.59
157 178 80.45
157 179 59.68
157 180 50.0
157 181 68.1
157 182 28.02
157 183 80.01
157 184 26.4
157 185 72.84
157 186 55.54
157 187 101.14
157 188 22.36
157 189 113.88
157 190 51.86
157 191 62.13
157 192 81.15
157 193 47.85
157 194 89.56
157 195 54.45
157 196 51.0
157 197 34.21
157 198 74.95
157 199 34.13
157 200 99.33
157 201 30.27
158 0 55.04
158 1 32.7
158 2 92.66
158 3 25.0
158 4 72.0
158 5 25.32
158 6 141.23
158 7 34.71
158 8 77.01
158 9 59.84
158 10 103.71
158 11 24.7
158 12 114.16
158 13 102.65
158 14 18.68
158 15 79.76
158 16 86.83
158 17 93.38
158 18 17.46
158 19 113.37
158 20 113.45
158 21 35.85
158 22 113.32
158 23 116.85
158 24 64.35
158 25 25.55
158 26 32.2
158 27 50.7
158 28 44.6
158 29 102.39
158 30 101.79
158 31 35.36
158 32 88.53
158 33 93.68
158 34 99.86
158 35 65.22
158 36 20.81
158 37 86.98
158 38 95.52
158 39 81.39
158 40 95.21
158 41 40.52
158 42 77.16
158 43 107.0
158 44 13.89
158 45 70.49
158 46 76.79
158 47 118.93
158 48 58.14
158 49 43.1
158 50 20.62
158 51 28.32
158 52 78.41
158 53 73.98
158 54 88.14
158 55 32.02
158 56 66.27
158 57 96.8
158 58 126.21
158 59 72.18
158 60 67.9
158 61 34.93
158 62 103.08
158 63 17.26
158 64 41.88
158 65 105.08
158 66 22.83
158 67 30.15
158 68 16.55
158 69 30.53
158 70 84.48
158 71 113.46
158 72 67.47
158 73 68.62
158 74 95.26
158 75 36.72
158 76 84.72
158 77 127.26
158 78 60.73
158 79 7.28
158 80 37.54
158 81 44.82
158 82 116.71
158 83 82.38
158 84 98.49
158 85 108.0
158 86 43.46
158 87 52.63
158 88 85.8
158 89 93.21
158 90 91.55
158 91 38.08
158 92 55.0
158 93 72.35
158 94 118.46
158 95 124.62
158 96 104.56
158 97 70.24
158 98 117.0
158 99 85.0
158 100 113.95
158 101 54.56
158 102 137.44
158 103 38.91
158 104 111.13
158 105 61.61
158 106 91.92
158 107 60.42
158 108 72.92
158 109 50.93
158 110 89.56
158 111 68.82
158 112 76.55
158 113 36.22
158 114 102.42
158 115 91.59
158 116 21.47
158 117 34.23
158 118 91.35
158 119 54.13
158 120 13.0
158 121 72.95
158 122 76.01
158 123 40.72
158 124 42.54
158 125 90.55
158 126 31.4
158 127 131.93
158 128 106.85
158 129 97.33
158 130 24.74
158 131 29.21
158 132 44.94
158 133 48.3
158 134 34.48
158 135 71.69
158 136 125.4
158 137 21.93
158 138 85.15
158 139 56.61
158 140 64.14
158 141 94.05
158 142 112.07
158 143 26.02
158 144 114.48
158 145 67.68
158 146 56.52
158 147 64.62
158 148 37.12
158 149 48.02
158 150 24.7
158 151 93.01
158 152 88.09
158 153 97.08
158 154 47.38
158 155 40.26
158 156 23.43
158 157 54.45
158 159 113.9
158 160 33.0
158 161 62.29
158 162 81.79
158 163 123.17
158 164 84.29
158 165 32.89
158 166 90.14
158 167 87.85
158 168 51.87
158 169 52.95
158 170 77.67
158 171 84.01
158 172 5.0
158 173 111.66
158 174 88.96
158 175 60.41
158 176 21.59
158 177 134.81
158 178 116.11
158 179 111.66
158 180 39.56
158 181 55.71
158 182 38.6
158 183 90.21
158 184 80.05
158 185 45.1
158 186 108.93
158 187 65.8
158 188 76.79
158 189 144.31
158 190 98.88
158 191 116.04
158 192 71.78
158 193 100.96
158 194 104.02
158 195 47.43
158 196 69.66
158 197 30.41
158 198 109.08
158 199 65.44
158 200 91.48
158 201 55.04
159 0 64.14
159 1 84.88
159 2 73.35
159 3 132.28
159 4 78.77
159 5 129.81
159 6 28.18
159 7 98.11
159 8 84.01
159 9 72.11
159 10 12.37
159 11 136.62
159 12 48.02
159 13 11.4
159 14 97.74
159 15 89.09
159 16 95.34
159 17 68.45
159 18 97.62
159 19 25.81
159 20 12.04
159 21 111.4
159 22 39.12
159 23 28.32
159 24 51.87
159 25 122.07
159 26 114.49
159 27 140.43
159 28 123.0
159 29 58.52
159 30 27.89
159 31 89.07
159 32 25.5
159 33 104.24
159 34 26.31
159 35 51.48
159 36 118.6
159 37 52.0
159 38 18.38
159 39 43.17
159 40 56.52
159 41 99.28
159 42 78.01
159 43 80.65
159 44 117.8
159 45 47.01
159 46 67.36
159 47 47.8
159 48 81.49
159 49 145.06
159 50 132.28
159 51 116.85
159 52 36.62
159 53 66.27
159 54 73.17
159 55 100.5
159 56 85.7
159 57 25.08
159 58 41.23
159 59 41.73
159 60 46.23
159 61 134.79
159 62 18.11
159 63 104.48
159 64 127.94
159 65 66.41
159 66 136.12
159 67 96.8
159 68 120.1
159 69 84.81
159 70 87.01
159 71 122.98
159 72 93.56
159 73 45.28
159 74 35.06
159 75 108.71
159 76 72.25
159 77 30.41
159 78 102.96
159 79 110.34
159 80 116.76
159 81 69.31
159 82 47.43
159 83 35.85
159 84 15.81
159 85 80.96
159 86 154.67
159 87 61.55
159 88 33.24
159 89 63.64
159 90 23.02
159 91 98.41
159 92 86.13
159 93 128.1
159 94 63.29
159 95 18.68
159 96 58.19
159 97 49.66
159 98 19.21
159 99 33.53
159 100 1.41
159 101 59.82
159 102 23.85
159 103 78.77
159 104 3.16
159 105 53.41
159 106 65.49
159 107 94.11
159 108 49.98
159 109 122.0
159 110 53.08
159 111 48.3
159 112 43.32
159 113 89.47
159 114 32.02
159 115 100.72
159 116 121.4
159 117 137.06
159 118 24.17
159 119 64.66
159 120 105.42
159 121 50.0
159 122 84.02
159 123 108.08
159 124 76.66
159 125 68.36
159 126 114.95
159 127 39.82
159 128 29.97
159 129 87.13
159 130 135.37
159 131 142.84
159 132 74.33
159 133 135.51
159 134 81.61
159 135 115.92
159 136 12.08
159 137 114.62
159 138 29.21
159 139 102.84
159 140 53.0
159 141 75.8
159 142 23.6
159 143 97.1
159 144 109.64
159 145 50.09
159 146 73.68
159 147 104.56
159 148 95.27
159 149 67.62
159 150 110.11
159 151 79.63
159 152 28.79
159 153 119.1
159 154 66.53
159 155 80.99
159 156 114.91
159 157 89.81
159 158 113.9
159 160 138.6
159 161 78.64
159 162 100.02
159 163 13.0
159 164 71.01
159 165 85.98
159 166 105.04
159 167 112.02
159 168 104.12
159 169 77.49
159 170 99.02
159 171 96.13
159 172 110.54
159 173 8.94
159 174 46.0
159 175 74.63
159 176 104.85
159 177 24.33
159 178 25.5
159 179 118.07
159 180 134.11
159 181 68.15
159 182 113.6
159 183 30.41
159 184 96.13
159 185 86.54
159 186 109.24
159 187 103.1
159 188 89.27
159 189 31.78
159 190 125.06
159 191 87.46
159 192 60.83
159 193 106.92
159 194 19.42
159 195 140.55
159 196 44.69
159 197 85.04
159 198 23.26
159 199 123.23
159 200 58.86
159 201 64.14
160 0 75.07
160 1 64.33
160 2 125.48
160 3 8.0
160 4 79.2
160 5 8.94
160 6 164.44
160 7 42.8
160 8 110.0
160 9 73.01
160 10 127.28
160 11 13.45
160 12 128.7
160 13 127.2
160 14 42.05
160 15 82.01
160 16 119.6
160 17 126.02
160 18 43.08
160 19 133.06
160 20 140.13
160 21 66.48
160 22 130.0
160 23 136.03
160 24 86.83
160 25 17.03
160 26 61.98
160 27 23.6
160 28 30.0
160 29 114.13
160 30 130.61
160 31 68.18
160 32 113.23
160 33 90.27
160 34 128.35
160 35 94.02
160 36 20.0
160 37 101.83
160 38 120.43
160 39 100.45
160 40 127.12
160 41 44.78
160 42 110.11
160 43 112.27
160 44 22.14
160 45 92.2
160 46 87.82
160 47 133.69
160 48 91.09
160 49 10.44
160 50 34.41
160 51 57.25
160 52 102.0
160 53 106.37
160 54 95.85
160 55 39.82
160 56 71.31
160 57 118.14
160 58 143.0
160 59 97.64
160 60 94.51
160 61 8.06
160 62 130.36
160 63 34.48
160 64 23.09
160 65 114.54
160 66 29.73
160 67 42.43
160 68 19.31
160 69 61.13
160 70 87.36
160 71 105.48
160 72 68.68
160 73 94.34
160 74 114.02
160 75 35.34
160 76 117.52
160 77 146.66
160 78 92.76
160 79 31.78
160 80 29.12
160 81 70.33
160 82 131.47
160 83 104.14
160 84 122.8
160 85 113.23
160 86 18.38
160 87 77.7
160 88 114.04
160 89 103.77
160 90 115.6
160 91 44.1
160 92 88.0
160 93 56.75
160 94 129.25
160 95 146.41
160 96 116.36
160 97 90.55
160 98 144.63
160 99 113.15
160 100 138.41
160 101 82.29
160 102 161.2
160 103 70.09
160 104 135.6
160 105 85.21
160 106 101.97
160 107 62.3
160 108 91.93
160 109 37.05
160 110 103.73
160 111 97.58
160 112 105.7
160 113 69.12
160 114 121.17
160 115 124.17
160 116 17.2
160 117 4.12
160 118 117.99
160 119 74.41
160 120 46.0
160 121 103.12
160 122 109.0
160 123 72.03
160 124 73.98
160 125 99.74
160 126 61.03
160 127 149.63
160 128 136.06
160 129 100.17
160 130 10.82
160 131 20.59
160 132 64.54
160 133 24.17
160 134 65.25
160 135 62.07
160 136 149.31
160 137 24.08
160 138 109.4
160 139 88.65
160 140 85.91
160 141 100.66
160 142 140.43
160 143 59.01
160 144 111.11
160 145 96.77
160 146 88.96
160 147 60.67
160 148 70.06
160 149 71.03
160 150 29.0
160 151 98.35
160 152 115.49
160 153 88.36
160 154 74.24
160 155 58.05
160 156 53.16
160 157 59.93
160 158 33.0
160 159 138.6
160 161 95.19
160 162 114.27
160 163 149.21
160 164 93.04
160 165 64.94
160 166 86.21
160 167 81.01
160 168 83.74
160 169 85.59
160 170 110.17
160 171 116.73
160 172 38.0
160 173 134.83
160 174 105.42
160 175 72.11
160 176 54.23
160 177 157.08
160 178 135.88
160 179 105.12
160 180 14.56
160 181 87.32
160 182 32.57
160 183 118.51
160 184 79.43
160 185 78.06
160 186 105.08
160 187 97.86
160 188 79.12
160 189 167.09
160 190 88.12
160 191 119.82
160 192 103.59
160 193 97.13
160 194 131.61
160 195 19.21
160 196 94.05
160 197 54.2
160 198 129.42
160 199 51.62
160 200 123.56
160 201 75.07
161 0 58.8
161 1 32.76
161 2 30.41
161 3 87.21
161 4 90.55
161 5 87.02
161 6 106.04
161 7 74.46
161 8 16.55
161 9 74.25
161 10 74.11
161 11 86.31
161 12 105.02
161 13 70.35
161 14 58.25
161 15 103.24
161 16 30.0
161 17 31.62
161 18 55.9
161 19 92.14
161 20 72.11
161 21 39.2
161 22 99.46
161 23 96.13
161 24 55.07
161 25 84.29
161 26 43.83
161 27 109.77
161 28 97.98
161 29 102.16
161 30 55.04
161 31 27.02
161 32 60.07
161 33 121.66
161 34 54.78
161 35 33.24
161 36 79.23
161 37 85.0
161 38 64.07
161 39 71.87
161 40 36.4
161 41 80.11
161 42 15.03
161 43 117.99
161 44 74.01
161 45 59.51
161 46 86.61
161 47 108.26
161 48 4.47
161 49 105.04
161 50 71.87
161 51 48.02
161 52 57.72
161 53 14.87
161 54 99.86
161 55 74.33
161 56 90.69
161 57 75.54
161 58 109.46
161 59 48.76
161 60 43.01
161 61 96.02
161 62 61.68
161 63 65.92
161 64 98.48
161 65 108.69
161 66 77.49
161 67 69.29
161 68 77.01
161 69 37.36
161 70 105.48
161 71 144.31
161 72 96.83
161 73 46.49
161 74 81.25
161 75 84.12
161 76 22.56
161 77 104.02
161 78 24.33
161 79 64.01
161 80 89.74
161 81 44.69
161 82 106.51
161 83 65.25
161 84 68.07
161 85 118.85
161 86 104.56
161 87 45.45
161 88 45.54
161 89 98.01
161 90 64.07
161 91 77.47
161 92 9.22
161 93 119.51
161 94 116.38
161 95 95.63
161 96 103.62
161 97 63.06
161 98 72.01
161 99 45.4
161 100 79.43
161 101 36.62
161 102 101.24
161 103 29.15
161 104 77.1
161 105 51.11
161 106 98.11
161 107 91.84
161 108 67.54
161 109 101.83
161 110 88.14
161 111 34.53
161 112 36.06
161 113 26.08
161 114 86.31
161 115 36.24
161 116 81.1
161 117 96.02
161 118 55.33
161 119 58.05
161 120 49.37
161 121 29.07
161 122 15.65
161 123 33.97
161 124 25.5
161 125 98.79
161 126 44.65
161 127 112.04
161 128 57.8
161 129 114.81
161 130 86.83
161 131 88.32
161 132 58.41
161 133 106.21
161 134 33.84
161 135 112.87
161 136 90.47
161 137 77.65
161 138 59.41
161 139 24.35
161 140 56.94
161 141 105.95
161 142 65.3
161 143 36.35
161 144 138.29
161 145 32.56
161 146 9.9
161 147 101.55
161 148 26.57
161 149 50.93
161 150 76.49
161 151 107.42
161 152 50.36
161 153 131.65
161 154 40.31
161 155 61.59
161 156 48.75
161 157 84.05
161 158 62.29
161 159 78.64
161 160 95.19
161 162 29.21
161 163 82.28
161 164 95.44
161 165 31.4
161 166 119.67
161 167 121.82
161 168 26.42
161 169 10.77
161 170 26.08
161 171 28.32
161 172 57.31
161 173 81.39
161 174 82.64
161 175 77.08
161 176 42.45
161 177 102.96
161 178 94.05
161 179 140.72
161 180 99.32
161 181 17.2
161 182 88.6
161 183 48.27
161 184 107.63
161 185 17.26
161 186 134.47
161 187 25.02
161 188 101.14
161 189 109.9
161 190 135.8
161 191 127.77
161 192 18.03
161 193 127.99
161 194 61.35
161 195 107.38
161 196 51.26
161 197 52.39
161 198 87.14
161 199 112.4
161 200 32.2
161 201 58.8
162 0 87.97
162 1 58.31
162 2 30.46
162 3 106.37
162 4 119.67
162 5 107.08
162 6 125.48
162 7 100.85
162 8 16.28
162 9 103.32
162 10 98.01
162 11 103.31
162 12 132.19
162 13 93.65
162 14 82.76
162 15 132.28
162 16 7.81
162 17 35.11
162 18 80.11
162 19 117.28
162 20 91.2
162 21 49.01
162 22 125.96
162 23 121.2
162 24 84.06
162 25 106.32
162 26 54.04
162 27 132.0
162 28 122.38
162 29 130.59
162 30 73.17
162 31 50.09
162 32 85.62
162 33 150.62
162 34 74.03
162 35 61.27
162 36 101.24
162 37 113.65
162 38 88.28
162 39 100.18
162 40 46.32
162 41 106.85
162 42 22.2
162 43 147.03
162 44 95.08
162 45 88.19
162 46 115.8
162 47 135.06
162 48 30.41
162 49 124.62
162 50 85.05
162 51 59.03
162 52 85.23
162 53 34.93
162 54 129.03
162 55 100.24
162 56 119.52
162 57 101.65
162 58 134.94
162 59 76.56
162 60 71.11
162 61 116.71
162 62 82.0
162 63 89.69
162 64 121.76
162 65 137.35
162 66 91.05
162 67 95.38
162 68 97.98
162 69 63.29
162 70 134.62
162 71 173.24
162 72 125.4
162 73 74.69
162 74 108.5
162 75 109.57
162 76 28.28
162 77 128.0
162 78 22.02
162 79 85.44
162 80 114.24
162 81 73.54
162 82 133.45
162 83 92.85
162 84 92.23
162 85 147.87
162 86 120.0
162 87 74.65
162 88 68.88
162 89 126.91
162 90 89.5
162 91 104.1
162 92 30.23
162 93 145.99
162 94 144.31
162 95 118.21
162 96 131.95
162 97 91.92
162 98 88.96
162 99 69.05
162 100 101.04
162 101 65.8
162 102 120.5
162 103 56.4
162 104 99.13
162 105 80.16
162 106 127.09
162 107 120.1
162 108 96.38
162 109 127.05
162 110 116.76
162 111 61.85
162 112 61.13
162 113 48.75
162 114 112.93
162 115 10.0
162 116 102.62
162 117 115.92
162 118 78.92
162 119 87.21
162 120 69.12
162 121 54.41
162 122 16.49
162 123 43.0
162 124 53.26
162 125 127.86
162 126 55.04
162 127 136.62
162 128 73.82
162 129 144.01
162 130 104.58
162 131 103.0
162 132 87.05
162 133 129.03
162 134 60.46
162 135 140.35
162 136 111.04
162 137 100.57
162 138 85.73
162 139 26.0
162 140 85.98
162 141 135.09
162 142 81.88
162 143 56.92
162 144 167.48
162 145 60.01
162 146 39.05
162 147 129.4
162 148 45.22
162 149 79.93
162 150 100.46
162 151 136.61
162 152 73.98
162 153 160.21
162 154 69.35
162 155 89.64
162 156 62.03
162 157 112.29
162 158 81.79
162 159 100.02
162 160 114.27
162 161 29.21
162 163 100.6
162 164 124.62
162 165 56.44
162 166 148.52
162 167 150.33
162 168 31.0
162 169 38.9
162 170 4.12
162 171 5.0
162 172 76.9
162 173 104.48
162 174 110.92
162 175 106.1
162 176 60.21
162 177 124.02
162 178 118.87
162 179 169.73
162 180 121.04
162 181 46.4
162 182 113.64
162 183 70.35
162 184 136.49
162 185 40.31
162 186 163.6
162 187 17.12
162 188 130.12
162 189 129.47
162 190 164.15
162 191 156.77
162 192 41.76
162 193 157.04
162 194 81.02
162 195 129.03
162 196 79.61
162 197 79.32
162 198 112.38
162 199 138.8
162 200 42.76
162 201 87.97
163 0 75.58
163 1 92.85
163 2 72.01
163 3 142.64
163 4 91.66
163 5 140.35
163 6 25.0
163 7 109.57
163 8 85.16
163 9 84.48
163 10 25.18
163 11 146.49
163 12 59.51
163 13 23.09
163 14 107.8
163 15 102.08
163 16 95.13
163 17 67.01
163 18 107.45
163 19 37.16
163 20 10.3
163 21 117.48
163 22 50.57
163 23 38.95
163 24 63.06
163 25 132.92
163 26 120.95
163 27 152.12
163 28 134.85
163 29 71.06
163 30 27.66
163 31 96.02
163 32 36.24
163 33 117.21
163 34 27.51
163 35 58.9
163 36 129.25
163 37 65.0
163 38 29.07
163 39 55.9
163 40 55.0
163 41 111.09
163 42 79.25
163 43 93.15
163 44 128.0
163 45 58.69
163 46 80.31
163 47 58.67
163 48 85.62
163 49 156.06
163 50 140.8
163 51 123.71
163 52 47.85
163 53 68.68
163 54 86.15
163 55 111.83
163 56 98.48
163 57 38.05
163 58 50.45
163 59 51.61
163 60 55.32
163 61 145.77
163 62 21.1
163 63 114.86
163 64 139.56
163 65 78.85
163 66 144.96
163 67 107.91
163 68 130.43
163 69 93.35
163 70 100.0
163 71 135.79
163 72 106.37
163 73 55.0
163 74 48.04
163 75 120.34
163 76 72.34
163 77 38.18
163 78 106.25
163 79 120.1
163 80 128.38
163 81 79.2
163 82 58.59
163 83 48.08
163 84 27.51
163 85 93.41
163 86 164.81
163 87 71.61
163 88 38.83
163 89 76.53
163 90 34.54
163 91 110.07
163 92 90.47
163 93 140.81
163 94 74.69
163 95 25.46
163 96 70.6
163 97 61.68
163 98 12.17
163 99 39.41
163 100 14.04
163 101 68.62
163 102 20.0
163 103 86.56
163 104 16.03
163 105 64.14
163 106 78.41
163 107 106.73
163 108 62.36
163 109 134.13
163 110 66.07
163 111 55.44
163 112 49.09
163 113 96.26
163 114 44.72
163 115 100.0
163 116 132.02
163 117 147.87
163 118 31.83
163 119 76.03
163 120 113.9
163 121 55.07
163 122 85.33
163 123 113.65
163 124 84.02
163 125 81.3
163 126 121.49
163 127 47.42
163 128 27.0
163 129 99.98
163 130 145.42
163 131 152.31
163 132 85.48
163 133 147.23
163 134 89.87
163 135 128.72
163 136 13.6
163 137 125.4
163 138 40.25
163 139 106.63
163 140 64.4
163 141 88.68
163 142 19.03
163 143 104.64
163 144 122.25
163 145 57.01
163 146 78.71
163 147 117.28
163 148 101.55
163 149 78.23
163 150 121.08
163 151 92.54
163 152 35.47
163 153 132.09
163 154 75.93
163 155 92.18
163 156 122.2
163 157 102.2
163 158 123.17
163 159 13.0
163 160 149.21
163 161 82.28
163 162 100.6
163 164 84.01
163 165 93.72
163 166 118.04
163 167 125.02
163 168 108.46
163 169 82.76
163 170 100.13
163 171 96.33
163 172 119.52
163 173 21.38
163 174 59.0
163 175 87.09
163 176 112.45
163 177 25.63
163 178 36.24
163 179 130.86
163 180 145.41
163 181 74.09
163 182 125.3
163 183 34.99
163 184 109.11
163 185 92.28
163 186 122.0
163 187 105.77
163 188 102.24
163 189 29.0
163 190 138.06
163 191 99.62
163 192 64.26
163 193 119.82
163 194 21.02
163 195 152.05
163 196 55.23
163 197 95.21
163 198 35.44
163 199 135.82
163 200 58.08
163 201 75.58
164 0 37.58
164 1 74.63
164 2 112.04
164 3 89.89
164 4 13.89
164 5 86.16
164 6 87.36
164 7 51.92
164 8 110.11
164 9 25.18
164 10 59.14
164 11 97.72
164 12 38.42
164 13 62.51
164 14 66.03
164 15 18.68
164 16 124.33
164 17 108.85
164 18 68.0
164 19 51.92
164 20 79.63
164 21 104.79
164 22 42.94
164 23 53.14
164 24 41.04
164 25 76.69
164 26 104.74
164 27 84.5
164 28 67.2
164 29 21.93
164 30 82.87
164 31 83.82
164 32 55.03
164 33 33.54
164 34 79.71
164 35 65.05
164 36 75.89
164 37 19.03
164 38 59.67
164 39 31.02
164 40 100.96
164 41 48.47
164 42 105.55
164 43 23.77
164 44 79.31
164 45 38.42
164 46 8.94
164 47 43.28
164 48 94.87
164 49 95.19
164 50 104.69
164 51 103.95
164 52 46.53
164 53 93.35
164 54 4.47
164 55 55.08
164 56 22.2
164 57 46.1
164 58 54.64
164 59 52.2
164 60 55.97
164 61 86.35
164 62 75.43
164 63 67.74
164 64 74.06
164 65 21.54
164 66 105.55
164 67 54.92
164 68 80.08
164 69 70.6
164 70 16.0
164 71 54.23
164 72 27.66
164 73 52.5
164 74 36.01
164 75 57.7
164 76 106.1
164 77 62.65
164 78 114.04
164 79 77.52
164 80 64.5
164 81 53.31
164 82 41.23
164 83 40.85
164 84 58.86
164 85 24.74
164 86 111.4
164 87 50.25
164 88 70.24
164 89 11.31
164 90 53.85
164 91 49.65
164 92 96.75
164 93 61.29
164 94 36.24
164 95 68.15
164 96 24.08
164 97 34.06
164 98 86.98
164 99 69.35
164 100 70.0
164 101 58.82
164 102 86.12
164 103 72.62
164 104 68.03
164 105 44.69
164 106 9.22
164 107 32.02
164 108 30.0
164 109 63.03
164 110 18.11
164 111 65.86
164 112 70.8
164 113 85.09
164 114 40.61
164 115 130.73
164 116 78.43
164 117 89.89
164 118 65.19
164 119 38.48
164 120 84.21
164 121 75.17
164 122 109.48
164 123 105.36
164 124 74.25
164 125 6.71
164 126 104.56
164 127 62.13
164 128 88.54
164 129 19.85
164 130 95.19
164 131 106.32
164 132 42.95
164 133 79.65
164 134 70.84
164 135 48.3
164 136 76.66
164 137 71.47
164 138 51.62
164 139 111.4
164 140 38.95
164 141 10.77
164 142 87.32
164 143 85.15
164 144 44.2
164 145 67.21
164 146 85.7
164 147 39.2
164 148 92.03
164 149 46.62
164 150 66.1
164 151 12.04
164 152 67.12
164 153 48.17
164 154 56.36
164 155 45.1
164 156 99.61
164 157 33.11
164 158 84.29
164 159 71.01
164 160 93.04
164 161 95.44
164 162 124.62
164 163 84.01
164 165 76.84
164 166 34.06
164 167 41.11
164 168 109.38
164 169 86.61
164 170 121.49
164 171 123.23
164 172 84.02
164 173 63.07
164 174 25.02
164 175 24.0
164 176 90.09
164 177 78.45
164 178 54.41
164 179 49.66
164 180 82.68
164 181 78.24
164 182 60.9
164 183 72.92
164 184 25.71
164 185 89.47
164 186 41.68
164 187 117.24
164 188 19.7
164 189 88.54
164 190 54.08
164 191 33.53
164 192 86.27
164 193 37.34
164 194 77.62
164 195 86.4
164 196 47.63
164 197 57.43
164 198 50.8
164 199 58.25
164 200 100.21
164 201 37.58
165 0 39.81
165 1 2.24
165 2 61.0
165 3 57.07
165 4 68.43
165 5 56.44
165 6 114.06
165 7 44.42
165 8 47.54
165 9 52.39
165 10 77.37
165 11 57.58
165 12 97.19
165 13 75.29
165 14 26.93
165 15 79.92
165 16 59.62
165 17 61.2
165 18 24.52
165 19 90.8
165 20 83.63
165 21 29.0
165 22 94.05
165 23 94.64
165 24 43.19
165 25 53.04
165 26 30.41
165 27 78.41
165 28 66.76
165 29 89.45
165 30 70.29
165 31 7.21
165 32 61.72
165 33 97.42
165 34 68.68
165 35 34.83
165 36 48.01
165 37 72.17
165 38 68.1
165 39 62.2
165 40 62.36
165 41 50.48
165 42 46.39
165 43 100.58
165 44 43.19
165 45 49.37
165 46 68.01
165 47 101.4
165 48 27.89
165 49 74.43
165 50 47.51
165 51 31.62
165 52 53.76
165 53 41.44
165 54 81.27
165 55 43.83
165 56 66.29
165 57 73.38
165 58 106.1
165 59 45.69
165 60 40.25
165 61 65.07
165 62 72.92
165 63 34.53
165 64 67.08
165 65 94.37
165 66 52.2
165 67 38.95
165 68 46.17
165 69 7.07
165 70 83.24
165 71 119.63
165 72 71.06
165 73 42.15
165 74 74.97
165 75 53.31
165 76 53.0
165 77 104.36
165 78 39.62
165 79 33.24
165 80 58.52
165 81 24.19
165 82 99.32
165 83 59.67
165 84 71.59
165 85 101.53
165 86 76.32
165 87 30.07
165 88 55.17
165 89 82.57
165 90 65.31
165 91 47.71
165 92 26.4
165 93 89.55
165 94 105.23
165 95 99.32
165 96 91.35
165 97 51.04
165 98 86.28
165 99 54.49
165 100 86.28
165 101 26.93
165 102 109.84
165 103 7.21
165 104 83.53
165 105 39.32
165 106 82.0
165 107 65.12
165 108 55.0
165 109 70.94
165 110 75.24
165 111 38.29
165 112 45.28
165 113 8.6
165 114 81.58
165 115 65.31
165 116 50.01
165 117 65.38
165 118 62.2
165 119 38.83
165 120 21.1
165 121 40.8
165 122 46.57
165 123 28.64
165 124 10.0
165 125 81.74
165 126 30.59
165 127 110.6
165 128 75.0
165 129 94.43
165 130 57.57
165 131 61.29
165 132 34.44
165 133 74.81
165 134 6.08
165 135 84.2
165 136 97.94
165 137 46.27
165 138 59.09
165 139 36.24
165 140 44.05
165 141 87.6
165 142 80.81
165 143 11.18
165 144 116.11
165 145 36.8
165 146 24.08
165 147 73.66
165 148 15.23
165 149 30.59
165 150 45.12
165 151 88.02
165 152 58.26
165 153 105.42
165 154 23.09
165 155 35.0
165 156 29.07
165 157 57.38
165 158 32.89
165 159 85.98
165 160 64.94
165 161 31.4
165 162 56.44
165 163 93.72
165 164 76.84
165 166 94.81
165 167 95.52
165 168 33.29
165 169 21.02
165 170 52.48
165 171 57.27
165 172 28.23
165 173 85.42
165 174 72.01
165 175 54.56
165 176 18.87
165 177 108.71
165 178 93.3
165 179 116.61
165 180 68.07
165 181 22.85
165 182 57.58
165 183 59.4
165 184 83.01
165 185 16.12
165 186 111.52
165 187 43.86
165 188 77.39
165 189 117.48
165 190 108.9
165 191 110.37
165 192 38.9
165 193 104.29
165 194 73.55
165 195 76.11
165 196 44.92
165 197 23.35
165 198 86.02
165 199 82.37
165 200 58.69
165 201 39.81
166 0 61.61
166 1 92.62
166 2 140.66
166 3 86.02
166 4 30.41
166 5 82.02
166 6 120.03
166 7 55.71
166 8 135.59
166 9 45.8
166 10 93.19
166 11 95.08
166 12 67.68
166 13 96.52
166 14 75.15
166 15 17.46
166 16 149.58
166 17 138.06
166 18 77.82
166 19 84.85
166 20 113.64
166 21 119.08
166 22 74.22
166 23 85.51
166 24 69.77
166 25 73.17
166 26 117.62
166 27 69.92
166 28 56.32
166 29 50.96
166 30 115.95
166 31 102.0
166 32 88.29
166 33 4.12
166 34 112.79
166 35 93.3
166 36 74.67
166 37 53.08
166 38 93.38
166 39 64.33
166 40 131.48
166 41 49.65
166 42 131.82
166 43 35.0
166 44 80.41
166 45 69.08
166 46 39.29
166 47 71.87
166 48 118.11
166 49 84.53
166 50 108.26
166 51 115.45
166 52 78.75
166 53 120.67
166 54 32.06
166 55 58.19
166 56 29.0
166 57 80.16
166 58 84.15
166 59 82.86
166 60 85.42
166 61 78.31
166 62 109.04
166 63 73.05
166 64 63.51
166 65 45.69
166 66 107.2
166 67 60.93
166 68 79.91
166 69 87.8
166 70 18.11
166 71 24.84
166 72 23.85
166 73 82.29
166 74 70.01
166 75 54.74
166 76 133.96
166 77 94.11
166 78 134.32
166 79 82.86
166 80 58.03
166 81 75.01
166 82 70.23
166 83 73.98
166 84 92.78
166 85 35.61
166 86 103.82
166 87 75.0
166 88 102.18
166 89 42.43
166 90 87.48
166 91 52.2
166 92 118.83
166 93 36.89
166 94 59.17
166 95 101.12
166 96 52.5
166 97 64.62
166 98 120.93
166 99 101.24
166 100 104.02
166 101 84.4
166 102 119.22
166 103 92.76
166 104 102.08
166 105 72.56
166 106 40.31
166 107 30.41
166 108 61.35
166 109 49.65
166 110 52.0
166 111 94.89
166 112 101.08
166 113 103.41
166 114 74.17
166 115 155.88
166 116 76.42
166 117 82.3
166 118 98.23
166 119 62.2
166 120 94.85
166 121 104.32
166 122 134.83
166 123 121.26
166 124 95.48
166 125 37.22
166 126 117.17
166 127 91.76
166 128 121.75
166 129 21.95
166 130 92.05
166 131 104.08
166 132 61.52
166 133 65.97
166 134 89.5
166 135 25.63
166 136 110.29
166 137 71.02
166 138 84.65
166 139 131.03
166 140 67.54
166 141 31.05
166 142 121.02
166 143 100.17
166 144 25.02
166 145 95.88
166 146 109.79
166 147 26.17
166 148 109.62
166 149 68.77
166 150 66.49
166 151 26.93
166 152 99.62
166 153 14.14
166 154 79.4
166 155 59.82
166 156 110.57
166 157 37.74
166 158 90.14
166 159 105.04
166 160 86.21
166 161 119.67
166 162 148.52
166 163 118.04
166 164 34.06
166 165 94.81
166 167 8.6
166 168 128.0
166 169 109.62
166 170 144.96
166 171 147.99
166 172 91.76
166 173 97.01
166 174 59.08
166 175 42.8
166 176 102.88
166 177 111.0
166 178 87.13
166 179 21.95
166 180 72.69
166 181 102.94
166 182 55.15
166 183 105.3
166 184 12.04
166 185 109.88
166 186 19.1
166 187 138.29
166 188 18.87
166 189 120.83
166 190 20.02
166 191 38.42
166 192 113.99
166 193 11.05
166 194 111.2
166 195 73.25
166 196 77.88
166 197 71.85
166 198 84.29
166 199 37.7
166 200 130.18
166 201 61.61
167 0 64.88
167 1 93.38
167 2 144.14
167 3 81.5
167 4 35.17
167 5 77.52
167 6 127.88
167 7 54.2
167 8 138.0
167 9 49.19
167 10 100.0
167 11 90.67
167 12 75.96
167 13 103.12
167 14 74.09
167 15 23.09
167 16 151.82
167 17 141.78
167 18 76.85
167 19 92.57
167 20 120.2
167 21 118.43
167 22 82.28
167 23 93.39
167 24 74.09
167 25 69.05
167 26 116.62
167 27 63.35
167 28 51.01
167 29 59.14
167 30 121.6
167 31 102.65
167 32 94.2
167 33 12.04
167 34 118.46
167 35 97.05
167 36 71.06
167 37 60.03
167 38 99.61
167 39 70.46
167 40 135.77
167 41 47.89
167 42 134.53
167 43 43.6
167 44 77.2
167 45 74.04
167 46 45.28
167 47 80.23
167 48 119.97
167 49 78.52
167 50 105.08
167 51 114.13
167 52 84.17
167 53 123.82
167 54 39.62
167 55 56.36
167 56 31.76
167 57 87.0
167 58 92.48
167 59 87.6
167 60 89.69
167 61 73.0
167 62 115.12
167 63 71.11
167 64 58.01
167 65 54.13
167 66 103.59
167 67 59.68
167 68 76.4
167 69 88.46
167 70 25.18
167 71 25.63
167 72 25.0
167 73 86.73
167 74 77.1
167 75 51.55
167 76 137.2
167 77 102.2
167 78 135.15
167 79 80.62
167 80 53.76
167 81 77.2
167 82 78.55
167 83 79.91
167 84 99.25
167 85 44.2
167 86 98.18
167 87 78.03
167 88 107.28
167 89 50.22
167 90 93.65
167 91 50.61
167 92 120.34
167 93 29.07
167 94 67.74
167 95 108.85
167 96 60.75
167 97 69.64
167 98 127.39
167 99 106.32
167 100 111.04
167 101 87.46
167 102 126.92
167 103 94.11
167 104 109.0
167 105 76.56
167 106 48.05
167 107 30.41
167 108 66.71
167 109 44.01
167 110 59.21
167 111 98.9
167 112 105.48
167 113 104.06
167 114 81.61
167 115 158.05
167 116 72.57
167 117 77.0
167 118 103.94
167 119 65.37
167 120 93.65
167 121 108.26
167 122 137.2
167 123 121.02
167 124 97.08
167 125 44.91
167 126 116.11
167 127 100.09
167 128 127.48
167 129 30.53
167 130 87.57
167 131 99.61
167 132 63.41
167 133 59.68
167 134 90.51
167 135 19.1
167 136 117.72
167 137 67.72
167 138 90.43
167 139 131.71
167 140 71.87
167 141 39.22
167 142 127.14
167 143 100.0
167 144 30.59
167 145 99.74
167 146 112.0
167 147 23.26
167 148 109.99
167 149 71.28
167 150 63.57
167 151 35.11
167 152 105.02
167 153 9.9
167 154 81.84
167 155 60.83
167 156 109.18
167 157 38.18
167 158 87.85
167 159 112.02
167 160 81.01
167 161 121.82
167 162 150.33
167 163 125.02
167 164 41.11
167 165 95.52
167 166 8.6
167 168 128.43
167 169 111.52
167 170 146.66
167 171 150.08
167 172 89.9
167 173 104.17
167 174 66.03
167 175 46.07
167 176 102.08
167 177 118.88
167 178 94.92
167 179 24.33
167 180 67.07
167 181 105.44
167 182 51.2
167 183 110.6
167 184 16.28
167 185 111.02
167 186 24.52
167 187 139.32
167 188 23.54
167 189 128.79
167 190 14.32
167 191 46.75
167 192 117.34
167 193 17.09
167 194 117.24
167 195 66.91
167 196 82.54
167 197 72.25
167 198 91.79
167 199 30.81
167 200 134.24
167 201 64.88
168 0 71.87
168 1 35.51
168 2 51.31
168 3 75.93
168 4 101.6
168 5 76.92
168 6 131.87
168 7 75.74
168 8 32.25
168 9 85.42
168 10 98.48
168 11 72.44
168 12 125.57
168 13 95.13
168 14 56.22
168 15 113.21
168 16 37.34
168 17 54.2
168 18 53.41
168 19 115.28
168 20 98.23
168 21 18.03
168 22 121.07
168 23 119.27
168 24 72.37
168 25 77.08
168 26 23.09
168 27 102.53
168 28 94.51
168 29 120.07
168 30 81.39
168 31 26.08
168 32 83.6
168 33 130.67
168 34 81.02
168 35 55.15
168 36 72.09
168 37 102.61
168 38 88.46
168 39 90.93
168 40 61.55
168 41 82.07
168 42 35.61
168 43 132.97
168 44 65.55
168 45 77.93
168 46 100.46
168 47 129.31
168 48 22.85
168 49 94.15
168 50 54.08
168 51 28.07
168 52 79.01
168 53 41.05
168 54 113.85
168 55 74.52
168 56 99.57
168 57 98.08
168 58 132.03
168 59 70.0
168 60 64.0
168 61 86.68
168 62 87.66
168 63 62.13
168 64 93.04
168 65 125.69
168 66 60.07
168 67 70.09
168 68 68.35
168 69 40.22
168 70 116.47
168 71 152.8
168 72 104.2
168 73 67.03
168 74 102.18
168 75 83.01
168 76 44.82
168 77 127.88
168 78 9.06
168 79 56.36
168 80 86.61
168 81 56.08
168 82 127.39
168 83 86.09
168 84 92.4
168 85 133.9
168 86 89.0
168 87 60.17
168 88 70.88
168 89 114.18
168 90 87.57
168 91 79.25
168 92 18.03
168 93 120.0
168 94 135.33
168 95 120.42
168 96 121.81
168 97 80.6
168 98 98.39
168 99 70.6
168 100 104.81
168 101 53.6
168 102 127.14
168 103 36.77
168 104 102.36
168 105 68.25
168 106 113.84
168 107 98.08
168 108 84.93
168 109 99.86
168 110 105.76
168 111 57.43
168 112 60.88
168 113 24.7
168 114 108.02
168 115 41.0
168 116 73.16
168 117 85.62
168 118 80.28
168 119 70.94
168 120 39.81
168 121 54.12
168 122 31.38
168 123 12.0
168 124 35.44
168 125 113.89
168 126 24.08
168 127 135.37
168 128 84.22
168 129 127.46
168 130 73.82
168 131 72.01
168 132 67.6
168 133 99.92
168 134 38.95
168 135 116.04
168 136 116.09
168 137 72.01
168 138 82.22
168 139 5.0
168 140 73.76
168 141 120.15
168 142 91.71
168 143 29.21
168 144 149.38
168 145 55.44
168 146 30.59
168 147 106.1
168 148 18.44
168 149 62.77
168 150 72.72
168 151 120.83
168 152 75.43
168 153 138.29
168 154 53.45
168 155 68.24
168 156 31.06
168 157 90.43
168 158 51.87
168 159 104.12
168 160 83.74
168 161 26.42
168 162 31.0
168 163 108.46
168 164 109.38
168 165 33.29
168 166 128.0
168 167 128.43
168 169 27.17
168 170 27.02
168 171 34.23
168 172 47.17
168 173 106.1
168 174 101.43
168 175 87.71
168 176 30.46
168 177 128.32
168 178 117.43
168 179 149.84
168 180 91.42
168 181 37.12
168 182 86.53
168 183 74.0
168 184 116.25
168 185 20.4
168 186 144.8
168 187 14.14
168 188 110.68
168 189 135.67
168 190 141.53
168 191 142.8
168 192 44.28
168 193 137.57
168 194 87.46
168 195 99.3
168 196 71.18
168 197 56.22
168 198 110.29
168 199 112.8
168 200 57.31
168 201 71.87
169 0 49.41
169 1 22.2
169 2 40.01
169 3 77.65
169 4 80.92
169 5 77.23
169 6 105.48
169 7 63.69
169 8 27.31
169 9 64.54
169 10 71.39
169 11 77.37
169 12 99.14
169 13 68.15
169 14 47.68
169 15 93.43
169 16 40.5
169 17 40.45
169 18 45.4
169 19 88.14
169 20 72.47
169 21 35.0
169 22 94.26
169 23 92.14
169 24 47.17
169 25 74.06
169 26 38.95
169 27 99.41
169 28 87.32
169 29 94.87
169 30 56.61
169 31 17.72
169 32 56.44
169 33 111.73
169 34 55.76
169 35 28.02
169 36 69.03
169 37 77.49
169 38 61.39
169 39 65.0
169 40 42.95
169 41 69.35
169 42 25.5
169 43 109.59
169 44 64.07
169 45 52.2
169 46 77.7
169 47 102.7
169 48 8.49
169 49 95.26
169 50 64.41
169 51 42.45
169 52 52.15
169 53 21.19
169 54 91.07
169 55 63.57
169 56 80.62
169 57 71.01
169 58 105.0
169 59 43.1
169 60 37.12
169 61 86.02
169 62 61.72
169 63 55.44
169 64 87.97
169 65 101.02
169 66 69.78
169 67 58.52
169 68 67.07
169 69 26.68
169 70 95.9
169 71 134.35
169 72 86.56
169 73 40.31
169 74 75.54
169 75 73.38
169 76 32.02
169 77 100.72
169 78 28.64
169 79 54.08
169 80 79.08
169 81 34.66
169 82 100.84
169 83 59.41
169 84 65.31
169 85 110.48
169 86 95.88
169 87 36.36
169 88 44.38
169 89 89.96
169 90 60.41
169 91 66.71
169 92 10.44
169 93 108.75
169 94 109.64
169 95 93.39
169 96 96.46
169 97 55.36
169 98 73.5
169 99 44.01
169 100 78.11
169 101 28.23
169 102 100.85
169 103 18.38
169 104 75.58
169 105 43.08
169 106 89.9
169 107 81.4
169 108 59.81
169 109 91.09
169 110 80.65
169 111 30.27
169 112 34.18
169 113 17.09
169 114 81.15
169 115 46.62
169 116 71.0
169 117 86.21
169 118 53.45
169 119 48.6
169 120 40.26
169 121 27.73
169 122 26.4
169 123 30.89
169 124 14.76
169 125 90.35
169 126 39.62
169 127 108.23
169 128 60.31
169 129 105.68
169 130 77.67
169 131 80.06
169 132 48.17
169 133 95.75
169 134 23.09
169 135 102.22
169 136 89.54
169 137 67.27
169 138 55.08
169 139 27.07
169 140 48.85
169 141 97.25
169 142 67.2
169 143 27.51
169 144 128.84
169 145 28.28
169 146 4.24
169 147 90.97
169 148 19.85
169 149 41.11
169 150 65.92
169 151 98.48
169 152 48.7
169 153 121.38
169 154 30.61
169 155 51.04
169 156 42.2
169 157 73.6
169 158 52.95
169 159 77.49
169 160 85.59
169 161 10.77
169 162 38.9
169 163 82.76
169 164 86.61
169 165 21.02
169 166 109.62
169 167 111.52
169 168 27.17
169 170 35.38
169 171 38.6
169 172 48.05
169 173 79.08
169 174 75.69
169 175 67.27
169 176 34.44
169 177 101.53
169 178 90.27
169 179 130.86
169 180 89.09
169 181 10.0
169 182 77.88
169 183 47.85
169 184 97.59
169 185 9.9
169 186 124.84
169 187 31.02
169 188 91.24
169 189 109.2
169 190 125.42
169 191 119.42
169 192 20.62
169 193 118.19
169 194 61.77
169 195 97.13
169 196 44.72
169 197 41.63
169 198 83.15
169 199 101.64
169 200 39.0
169 201 49.41
170 0 84.65
170 1 54.38
170 2 31.38
170 3 102.26
170 4 116.28
170 5 102.96
170 6 124.9
170 7 96.9
170 8 15.03
170 9 99.9
170 10 96.52
170 11 99.25
170 12 129.99
170 13 92.27
170 14 78.72
170 15 128.82
170 16 10.77
170 17 35.78
170 18 76.06
170 19 115.57
170 20 90.55
170 21 45.04
170 22 123.94
170 23 119.52
170 24 81.12
170 25 102.2
170 26 50.09
170 27 127.88
170 28 118.31
170 29 127.95
170 30 72.56
170 31 46.07
170 32 83.74
170 33 147.11
170 34 73.25
170 35 58.69
170 36 97.12
170 37 110.91
170 38 86.7
170 39 97.58
170 40 46.49
170 41 102.93
170 42 21.02
170 43 144.06
170 44 90.96
170 45 85.42
170 46 112.65
170 47 132.97
170 48 26.91
170 49 120.51
170 50 81.1
170 51 55.08
170 52 82.87
170 53 33.24
170 54 125.92
170 55 96.25
170 56 115.97
170 57 99.69
170 58 133.18
170 59 74.09
170 60 68.54
170 61 112.59
170 62 81.1
170 63 85.62
170 64 117.65
170 65 134.61
170 66 87.09
170 67 91.42
170 68 93.86
170 69 59.36
170 70 131.24
170 71 169.71
170 72 121.75
170 73 72.09
170 74 106.25
170 75 105.55
170 76 28.16
170 77 126.57
170 78 18.11
170 79 81.32
170 80 110.17
170 81 70.04
170 82 131.32
170 83 90.48
170 84 90.67
170 85 144.92
170 86 116.0
170 87 71.4
170 88 67.36
170 89 124.04
170 90 87.66
170 91 100.17
170 92 26.4
170 93 142.02
170 94 141.87
170 95 117.04
170 96 129.36
170 97 89.07
170 98 88.65
170 99 67.48
170 100 100.0
170 101 62.68
170 102 119.94
170 103 52.63
170 104 98.01
170 105 77.18
170 106 124.17
170 107 116.39
170 108 93.54
170 109 123.0
170 110 114.04
170 111 59.46
170 112 59.23
170 113 44.72
170 114 110.86
170 115 14.04
170 116 98.49
170 117 111.8
170 118 77.41
170 119 83.87
170 120 65.0
170 121 52.39
170 122 15.0
170 123 39.01
170 124 49.58
170 125 124.87
170 126 51.09
170 127 135.07
170 128 73.55
170 129 140.8
170 130 100.5
170 131 99.02
170 132 83.45
170 133 124.92
170 134 56.61
170 135 136.48
170 136 110.22
170 137 96.46
170 138 83.68
170 139 22.02
170 140 83.01
170 141 132.02
170 142 81.58
170 143 52.81
170 144 164.15
170 145 57.58
170 146 35.81
170 147 125.6
170 148 41.11
170 149 76.49
170 150 96.38
170 151 133.45
170 152 72.44
170 153 156.54
170 154 65.95
170 155 85.91
170 156 58.01
170 157 108.58
170 158 77.67
170 159 99.02
170 160 110.17
170 161 26.08
170 162 4.12
170 163 100.13
170 164 121.49
170 165 52.48
170 166 144.96
170 167 146.66
170 168 27.02
170 169 35.38
170 171 7.62
170 172 72.78
170 173 103.17
170 174 108.34
170 175 102.65
170 176 56.09
170 177 123.15
170 178 117.24
170 179 166.24
170 180 116.91
170 181 43.27
170 182 109.59
170 183 69.07
170 184 132.94
170 185 36.36
170 186 160.21
170 187 13.34
170 188 126.62
170 189 128.88
170 190 160.43
170 191 153.83
170 192 39.81
170 193 153.57
170 194 80.22
170 195 124.91
170 196 76.97
170 197 75.45
170 198 110.64
170 199 134.83
170 200 42.72
170 201 84.65
171 0 87.0
171 1 59.03
171 2 25.63
171 3 108.78
171 4 118.8
171 5 109.33
171 6 121.26
171 7 101.53
171 8 13.42
171 9 102.53
171 10 94.54
171 11 106.08
171 12 129.45
171 13 90.09
171 14 83.93
171 15 131.53
171 16 3.16
171 17 30.36
171 18 81.34
171 19 114.0
171 20 87.05
171 21 52.24
171 22 123.02
171 23 117.9
171 24 82.42
171 25 108.17
171 26 57.31
171 27 133.88
171 28 123.71
171 29 128.41
171 30 69.03
171 31 51.26
171 32 82.57
171 33 149.97
171 34 70.01
171 35 59.17
171 36 103.08
171 37 111.65
171 38 84.93
171 39 98.01
171 40 41.77
171 41 107.42
171 42 18.97
171 43 145.34
171 44 97.08
171 45 86.28
171 46 114.48
171 47 132.19
171 48 30.23
171 49 127.01
171 50 88.28
171 51 62.29
171 52 82.76
171 53 31.95
171 54 127.61
171 55 101.08
171 56 119.0
171 57 98.67
171 58 131.7
171 59 74.24
171 60 68.96
171 61 118.87
171 62 78.06
171 63 91.08
171 64 123.37
171 65 135.33
171 66 94.26
171 67 96.15
171 68 100.02
171 69 63.95
171 70 133.69
171 71 172.63
171 72 125.1
171 73 72.56
171 74 105.85
171 75 110.57
171 76 24.02
171 77 124.46
171 78 25.5
171 79 87.32
171 80 115.52
171 81 73.0
171 82 130.63
171 83 90.38
171 84 88.84
171 85 146.17
171 86 123.07
171 87 73.59
171 88 65.51
171 89 125.1
171 90 86.4
171 91 104.71
171 92 30.87
171 93 146.71
171 94 141.85
171 95 114.44
171 96 129.71
171 97 90.14
171 98 84.59
171 99 65.73
171 100 97.19
171 101 64.54
171 102 116.28
171 103 56.6
171 104 95.34
171 105 78.6
171 106 125.36
171 107 120.0
171 108 94.58
171 109 128.16
171 110 114.74
171 111 59.48
171 112 58.19
171 113 49.98
171 114 110.05
171 115 8.06
171 116 104.56
171 117 118.23
171 118 75.5
171 119 86.28
171 120 71.2
171 121 51.62
171 122 13.89
171 123 46.17
171 124 53.25
171 125 126.25
171 126 58.31
171 127 133.18
171 128 69.46
171 129 142.76
171 130 107.23
171 131 106.12
171 132 86.68
171 133 130.77
171 134 60.9
171 135 140.66
171 136 107.0
171 137 102.2
171 138 82.87
171 139 29.27
171 140 84.4
171 141 133.6
171 142 77.52
171 143 58.69
171 144 166.42
171 145 57.71
171 146 38.21
171 147 129.53
171 148 47.07
171 149 79.25
171 150 101.84
171 151 135.25
171 152 70.61
171 153 159.93
171 154 68.62
171 155 89.63
171 156 65.03
171 157 112.2
171 158 84.01
171 159 96.13
171 160 116.73
171 161 28.32
171 162 5.0
171 163 96.33
171 164 123.23
171 165 57.27
171 166 147.99
171 167 150.08
171 168 34.23
171 169 38.6
171 170 7.62
171 172 79.08
171 173 100.84
171 174 108.71
171 175 105.38
171 176 62.51
171 177 120.0
171 178 115.52
171 179 169.01
171 180 123.0
171 181 45.28
171 182 114.77
171 183 66.75
171 184 135.95
171 185 41.23
171 186 162.69
171 187 20.88
171 188 129.45
171 189 125.26
171 190 164.01
171 191 155.04
171 192 39.0
171 193 156.27
171 194 77.01
171 195 131.03
171 196 77.52
171 197 79.76
171 198 109.14
171 199 139.54
171 200 38.33
171 201 87.0
172 0 53.14
172 1 28.18
172 2 87.69
172 3 30.0
172 4 72.17
172 5 30.27
172 6 138.06
172 7 36.06
172 8 72.01
172 9 59.21
172 10 100.6
172 11 29.41
172 12 112.64
172 13 99.36
172 14 18.0
172 15 80.6
172 16 81.88
172 17 88.46
172 18 16.12
172 19 110.94
172 20 109.71
172 21 31.62
172 22 111.43
172 23 114.49
172 24 61.77
172 25 29.97
172 26 28.32
172 27 55.36
172 28 48.41
172 29 101.43
172 30 97.65
172 31 30.41
172 32 85.28
172 33 95.19
172 34 95.8
172 35 61.22
172 36 25.06
172 37 85.62
172 38 92.2
172 39 79.31
172 40 90.44
172 41 42.15
172 42 72.17
172 43 107.07
172 44 18.38
172 45 68.0
172 46 76.24
172 47 117.34
172 48 53.15
172 49 48.09
172 50 22.36
172 51 24.84
172 52 75.45
172 53 69.12
172 54 88.0
172 55 33.62
172 56 66.91
172 57 94.15
172 58 124.23
172 59 68.88
172 60 64.38
172 61 39.81
172 62 99.25
172 63 18.79
172 64 46.14
172 65 104.48
172 66 25.61
172 67 31.05
172 68 21.19
172 69 26.4
172 70 85.16
172 71 115.45
172 72 68.68
172 73 65.3
172 74 93.11
172 75 39.41
172 76 79.76
172 77 124.82
172 78 55.97
172 79 9.9
172 80 41.04
172 81 41.88
172 82 115.13
172 83 79.76
172 84 95.27
172 85 108.07
172 86 48.1
172 87 49.65
172 88 81.84
172 89 92.54
172 90 88.41
172 91 39.56
172 92 50.0
172 93 75.69
172 94 117.55
172 95 121.76
172 96 103.58
172 97 68.03
172 98 113.07
172 99 81.06
172 100 110.63
172 101 50.91
172 102 134.18
172 103 34.48
172 104 107.81
172 105 58.83
172 106 91.35
172 107 61.68
172 108 70.94
172 109 54.49
172 110 88.29
172 111 64.82
172 112 72.42
172 113 31.26
172 114 100.22
172 115 86.68
172 116 26.0
172 117 39.2
172 118 87.69
172 119 52.2
172 120 8.0
172 121 68.6
172 122 71.01
172 123 36.24
172 124 38.01
172 125 90.14
172 126 27.59
172 127 129.77
172 128 102.63
172 129 97.87
172 130 29.61
172 131 33.29
172 132 43.42
172 133 52.8
172 134 30.23
172 135 74.33
172 136 122.15
172 137 25.61
172 138 82.01
172 139 51.87
172 140 61.72
172 141 94.02
172 142 108.0
172 143 21.02
172 144 115.8
172 145 63.6
172 146 51.66
172 147 66.64
172 148 32.14
172 149 45.62
172 150 27.66
172 151 93.19
172 152 84.29
172 153 99.3
172 154 44.05
172 155 39.32
172 156 19.85
172 157 55.32
172 158 5.0
172 159 110.54
172 160 38.0
172 161 57.31
172 162 76.9
172 163 119.52
172 164 84.02
172 165 28.23
172 166 91.76
172 167 89.9
172 168 47.17
172 169 48.05
172 170 72.78
172 171 79.08
172 173 108.6
172 174 87.28
172 175 60.03
172 176 16.76
172 177 131.83
172 178 113.65
172 179 113.46
172 180 44.27
172 181 51.08
172 182 41.77
172 183 86.21
172 184 81.32
172 185 40.11
172 186 110.37
172 187 61.03
172 188 77.67
172 189 141.21
172 190 101.36
172 191 116.28
172 192 67.07
172 193 102.46
172 194 100.12
172 195 52.2
172 196 66.61
172 197 28.46
172 198 106.55
172 199 68.68
172 200 86.68
172 201 53.14
173 0 59.82
173 1 84.12
173 2 79.12
173 3 128.82
173 4 71.59
173 5 126.15
173 6 29.7
173 7 93.48
173 8 88.28
173 9 66.21
173 10 8.06
173 11 133.66
173 12 39.12
173 13 11.05
173 14 94.79
173 15 81.39
173 16 100.28
173 17 74.33
173 18 94.92
173 19 17.03
173 20 20.62
173 21 112.01
173 22 30.23
173 23 19.85
173 24 48.1
173 25 118.07
173 26 114.77
173 27 135.33
173 28 117.72
173 29 49.73
173 30 34.44
173 31 89.16
173 32 23.71
173 33 96.05
173 34 32.31
173 35 51.87
173 36 114.87
173 37 44.18
173 38 17.72
173 39 36.77
173 40 62.63
173 41 94.15
173 42 82.3
173 43 71.84
173 44 114.56
173 45 42.64
173 46 60.02
173 47 39.05
173 48 83.86
173 49 140.8
173 50 130.67
173 51 116.78
173 52 33.3
173 53 70.03
173 54 65.01
173 55 96.02
173 56 78.85
173 57 18.03
173 58 33.29
173 59 39.96
173 60 45.18
173 61 130.6
173 62 24.17
173 63 101.14
173 64 122.97
173 65 57.57
173 66 134.2
173 67 92.62
173 68 116.73
173 69 83.53
173 70 79.06
173 71 114.42
173 72 86.59
173 73 43.57
173 74 27.07
173 75 103.77
173 76 77.28
173 77 23.77
173 78 105.68
173 79 107.63
173 80 111.83
173 81 66.84
173 82 38.6
173 83 30.81
173 84 13.93
173 85 72.12
173 86 151.38
173 87 59.03
173 88 36.01
173 89 55.23
173 90 20.25
173 91 93.49
173 92 88.28
173 93 121.3
173 94 54.38
173 95 14.32
173 96 49.34
173 97 44.65
173 98 28.02
173 99 36.06
173 100 7.62
173 101 58.67
173 102 26.4
173 103 78.26
173 104 7.07
173 105 50.25
173 106 57.14
173 107 87.6
173 108 44.29
173 109 116.3
173 110 45.01
173 111 49.04
173 112 45.4
173 113 89.69
173 114 23.35
173 115 105.91
173 116 117.69
173 117 133.06
173 118 26.08
173 119 60.44
173 120 104.01
173 121 52.35
173 122 88.2
173 123 109.11
173 124 76.56
173 125 60.07
173 126 115.16
173 127 32.89
173 128 37.44
173 129 78.64
173 130 132.23
173 131 140.26
173 132 70.29
173 133 130.36
173 134 80.62
173 135 108.91
173 136 14.76
173 137 110.75
173 138 26.63
173 139 105.22
173 140 48.92
173 141 67.36
173 142 31.83
173 143 96.6
173 144 100.9
173 145 50.96
173 146 75.5
173 147 97.8
173 148 95.86
173 149 64.35
173 150 106.04
173 151 71.25
173 152 31.06
173 153 111.0
173 154 64.64
173 155 76.84
173 156 114.49
173 157 83.77
173 158 111.66
173 159 8.94
173 160 134.83
173 161 81.39
173 162 104.48
173 163 21.38
173 164 63.07
173 165 85.42
173 166 97.01
173 167 104.17
173 168 106.1
173 169 79.08
173 170 103.17
173 171 100.84
173 172 108.6
173 174 38.21
173 175 68.54
173 176 104.24
173 177 23.32
173 178 17.03
173 179 109.49
173 180 129.53
173 181 69.38
173 182 108.56
173 183 34.13
173 184 88.46
173 185 87.64
173 186 100.62
173 187 106.23
173 188 81.74
173 189 32.65
173 190 117.0
173 191 78.55
173 192 64.03
173 193 98.51
173 194 25.94
173 195 135.68
173 196 42.01
173 197 82.07
173 198 14.32
173 199 116.69
173 200 64.56
173 201 59.82
174 0 34.21
174 1 70.03
174 2 93.72
174 3 100.69
174 4 33.84
174 5 97.42
174 6 64.08
174 7 62.63
174 8 95.29
174 9 32.56
174 10 34.13
174 11 107.19
174 12 25.5
174 13 37.66
174 14 70.38
174 15 43.19
174 16 109.27
174 17 89.94
174 18 71.51
174 19 29.15
174 20 54.74
174 21 101.0
174 22 24.7
174 23 31.4
174 24 29.15
174 25 88.41
174 26 102.18
174 27 101.67
174 28 83.87
174 29 19.72
174 30 59.48
174 31 78.06
174 32 31.91
174 33 58.42
174 34 56.36
174 35 49.66
174 36 86.27
174 37 6.0
174 38 35.47
174 39 10.77
174 40 80.66
174 41 61.52
174 42 90.05
174 43 39.2
174 44 87.82
174 45 23.54
174 46 22.14
174 47 30.08
174 48 83.17
174 49 109.66
174 50 109.44
174 51 102.59
174 52 26.4
174 53 77.18
174 54 27.46
174 55 65.6
174 56 41.63
174 57 21.1
174 58 37.74
174 59 34.48
174 60 39.81
174 61 99.9
174 62 51.26
174 63 74.71
174 64 89.94
174 65 27.02
174 66 111.62
174 67 63.51
174 68 89.36
174 69 67.27
174 70 41.01
174 71 78.16
174 72 49.04
174 73 36.25
174 74 11.18
174 75 71.42
174 76 88.81
174 77 41.87
174 78 104.29
174 79 83.26
174 80 79.21
174 81 48.17
174 82 27.89
174 83 19.1
174 84 34.21
174 85 39.82
174 86 123.22
174 87 42.01
174 88 48.92
174 89 19.24
174 90 29.97
174 91 61.62
174 92 86.13
174 93 83.82
174 94 33.96
174 95 44.78
174 96 21.02
174 97 21.02
174 98 62.17
174 99 48.17
174 100 45.01
174 101 47.85
174 102 62.3
174 103 66.07
174 104 43.01
174 105 33.24
174 106 20.62
174 107 51.0
174 108 17.03
174 109 81.27
174 110 7.62
174 111 49.24
174 112 52.01
174 113 79.1
174 114 17.0
174 115 115.6
174 116 89.05
174 117 102.94
174 118 42.19
174 119 35.17
174 120 85.15
174 121 57.69
174 122 94.83
174 123 100.12
174 124 66.37
174 125 23.09
174 126 102.24
174 127 44.2
174 128 64.88
174 129 42.38
174 130 105.15
174 131 115.0
174 132 44.01
174 133 96.67
174 134 66.03
174 135 71.17
174 136 52.17
174 137 81.84
174 138 29.21
174 139 102.39
174 140 28.02
174 141 31.02
174 142 62.94
174 143 82.22
174 144 66.21
174 145 51.0
174 146 73.68
174 147 60.54
174 148 86.15
174 149 42.58
174 150 76.61
174 151 34.48
174 152 45.0
174 153 73.17
174 154 49.01
174 155 49.19
174 156 98.99
174 157 48.6
174 158 88.96
174 159 46.0
174 160 105.42
174 161 82.64
174 162 110.92
174 163 59.0
174 164 25.02
174 165 72.01
174 166 59.08
174 167 66.03
174 168 101.43
174 169 75.69
174 170 108.34
174 171 108.71
174 172 87.28
174 173 38.21
174 175 33.97
174 176 88.68
174 177 55.46
174 178 31.91
174 179 73.38
174 180 97.58
174 181 66.1
174 182 75.69
174 183 50.8
174 184 50.25
174 185 81.05
174 186 64.85
174 187 106.61
174 188 43.57
174 189 65.74
174 190 79.1
174 191 48.1
174 192 69.97
174 193 61.61
174 194 53.49
174 195 102.73
174 196 31.38
174 197 58.82
174 198 26.93
174 199 79.71
174 200 80.62
174 201 34.21
175 0 18.87
175 1 52.33
175 2 98.11
175 3 68.0
175 4 13.89
175 5 64.5
175 6 96.75
175 7 29.53
175 8 92.85
175 9 3.16
175 10 62.3
175 11 75.24
175 12 56.6
175 13 64.03
175 14 42.05
175 15 26.17
175 16 106.89
175 17 95.71
175 18 44.0
175 19 62.8
175 20 80.23
175 21 81.61
175 22 58.14
175 23 65.3
175 24 28.64
175 25 55.23
175 26 81.25
175 27 67.8
175 28 50.0
175 29 42.72
175 30 78.1
175 31 61.72
175 32 52.35
175 33 44.6
175 34 75.06
175 35 50.99
175 36 53.67
175 37 29.83
175 38 58.86
175 39 31.78
175 40 89.89
175 41 27.66
175 42 89.02
175 43 47.38
175 44 56.3
175 45 30.0
175 46 16.49
175 47 61.59
175 48 75.74
175 49 75.82
175 50 80.89
175 51 80.23
175 52 41.05
175 53 77.94
175 54 28.07
175 55 32.65
175 56 14.32
175 57 50.57
175 58 71.06
175 59 42.58
175 60 43.97
175 61 66.22
175 62 73.17
175 63 44.15
175 64 55.97
175 65 44.72
175 66 82.0
175 67 31.62
175 68 57.38
175 69 47.93
175 70 28.84
175 71 67.27
175 72 21.84
175 73 41.23
175 74 43.83
175 75 37.54
175 76 91.27
175 77 75.82
175 78 93.19
175 79 53.76
175 80 45.25
175 81 32.65
175 82 59.36
175 83 39.05
175 84 59.67
175 85 48.37
175 86 90.21
175 87 32.2
175 88 62.65
175 89 32.98
175 90 52.95
175 91 28.02
175 92 76.84
175 93 54.23
175 94 58.52
175 95 77.7
175 96 44.94
175 97 26.08
175 98 86.7
175 99 61.66
175 100 74.0
175 101 41.62
175 102 94.37
175 103 51.31
175 104 71.47
175 105 30.68
175 106 31.58
175 107 20.02
175 108 24.74
175 109 47.89
175 110 31.62
175 111 52.92
175 112 59.77
175 113 63.06
175 114 50.61
175 115 113.22
175 116 56.36
175 117 69.4
175 118 61.01
175 119 19.42
175 120 60.3
175 121 62.24
175 122 92.1
175 123 82.64
175 124 53.6
175 125 30.15
175 126 81.02
175 127 77.9
175 128 84.1
175 129 39.92
175 130 72.92
175 131 83.57
175 132 20.12
175 133 62.8
175 134 48.76
175 135 43.05
175 136 83.26
175 137 49.19
175 138 48.26
175 139 90.21
175 140 26.48
175 141 34.23
175 142 85.09
175 143 61.98
175 144 61.85
175 145 53.71
175 146 67.18
175 147 31.0
175 148 69.78
175 149 26.17
175 150 43.83
175 151 33.96
175 152 61.13
175 153 55.57
175 154 36.77
175 155 21.21
175 156 75.8
175 157 15.23
175 158 60.41
175 159 74.63
175 160 72.11
175 161 77.08
175 162 106.1
175 163 87.09
175 164 24.0
175 165 54.56
175 166 42.8
175 167 46.07
175 168 87.71
175 169 67.27
175 170 102.65
175 171 105.38
175 172 60.03
175 173 68.54
175 174 33.97
175 176 66.49
175 177 88.51
175 178 65.6
175 179 63.64
175 180 63.66
175 181 60.21
175 182 41.73
175 183 66.37
175 184 30.81
175 185 68.51
175 186 57.63
175 187 96.83
175 188 24.08
175 189 98.79
175 190 60.37
175 191 56.89
175 192 71.34
175 193 50.93
175 194 75.11
175 195 68.77
175 196 37.48
175 197 33.73
175 198 59.91
175 199 48.84
175 200 88.24
175 201 18.87
176 0 55.04
176 1 20.12
176 2 72.78
176 3 46.27
176 4 79.81
176 5 46.87
176 6 132.92
176 7 48.01
176 8 56.14
176 9 64.94
176 10 96.18
176 11 44.18
176 12 114.13
176 13 94.15
176 14 28.02
176 15 89.89
176 16 65.38
176 17 74.04
176 18 25.24
176 19 109.11
176 20 102.3
176 21 16.4
176 22 111.61
176 23 112.89
176 24 60.64
176 25 46.62
176 26 14.87
176 27 72.11
176 28 64.35
176 29 105.0
176 30 88.41
176 31 17.2
176 32 80.53
176 33 105.99
176 34 86.98
176 35 53.6
176 36 41.63
176 37 88.14
176 38 86.95
176 39 79.43
176 40 77.39
176 41 54.41
176 42 56.89
176 43 113.77
176 44 35.11
176 45 66.94
176 46 81.61
176 47 118.53
176 48 38.08
176 49 64.5
176 50 30.02
176 51 14.0
176 52 72.24
176 53 55.54
176 54 94.37
176 55 46.23
176 56 75.96
176 57 91.76
176 58 123.94
176 59 64.4
176 60 59.06
176 61 56.52
176 62 91.55
176 63 32.56
176 64 62.61
176 65 109.17
176 66 35.34
176 67 42.44
176 68 37.95
176 69 21.59
176 70 93.92
176 71 127.26
176 72 79.16
176 73 60.84
176 74 92.65
176 75 53.76
176 76 65.0
176 77 122.78
176 78 39.22
176 79 25.94
176 80 56.61
176 81 40.61
176 82 116.4
176 83 77.79
176 84 90.43
176 85 114.76
176 86 62.17
176 87 47.54
176 88 73.76
176 89 97.19
176 90 84.08
176 91 51.61
176 92 34.37
176 93 90.69
176 94 121.04
176 95 118.07
176 96 107.02
176 97 68.07
176 98 104.69
176 99 73.11
176 100 105.15
176 101 45.62
176 102 128.7
176 103 26.08
176 104 102.4
176 105 57.01
176 106 96.33
176 107 72.47
176 108 71.7
176 109 70.0
176 110 91.09
176 111 57.01
176 112 63.7
176 113 17.49
176 114 99.46
176 115 70.04
176 116 42.72
176 117 55.73
176 118 81.02
176 119 54.04
176 120 9.43
176 121 58.73
176 122 55.15
176 123 20.0
176 124 28.43
176 125 95.63
176 126 14.56
176 127 128.74
176 128 92.85
176 129 106.04
176 130 45.01
176 131 45.88
176 132 47.27
176 133 69.46
176 134 23.77
176 135 87.97
176 136 116.81
176 137 41.68
176 138 77.82
176 139 35.11
176 140 61.19
176 141 100.62
176 142 99.01
176 143 7.81
176 144 125.92
176 145 55.44
176 146 38.47
176 147 79.06
176 148 16.12
176 149 46.17
176 150 42.8
176 151 100.44
176 152 77.01
176 153 111.77
176 154 40.8
176 155 45.35
176 156 10.44
176 157 65.31
176 158 21.59
176 159 104.85
176 160 54.23
176 161 42.45
176 162 60.21
176 163 112.45
176 164 90.09
176 165 18.87
176 166 102.88
176 167 102.08
176 168 30.46
176 169 34.44
176 170 56.09
176 171 62.51
176 172 16.76
176 173 104.24
176 174 88.68
176 175 66.49
176 177 127.53
176 178 111.66
176 179 124.82
176 180 61.03
176 181 39.82
176 182 56.85
176 183 77.9
176 184 91.71
176 185 25.3
176 186 120.83
176 187 44.27
176 188 87.09
176 189 136.34
176 190 114.4
176 191 123.36
176 192 54.71
176 193 113.16
176 194 92.1
176 195 68.96
176 196 63.32
176 197 32.76
176 198 104.4
176 199 83.55
176 200 73.41
176 201 55.04
177 0 82.04
177 1 107.42
177 2 96.52
177 3 151.32
177 4 89.16
177 5 148.52
177 6 9.06
177 7 115.11
177 8 108.12
177 9 86.53
177 10 31.38
177 11 156.46
177 12 45.01
177 13 33.62
177 14 117.69
177 15 97.12
177 16 119.07
177 17 91.55
177 18 117.92
177 19 26.57
177 20 33.24
177 21 135.0
177 22 37.12
177 23 25.5
177 24 70.84
177 25 140.19
177 26 137.88
177 27 156.16
177 28 138.4
177 29 60.41
177 30 51.09
177 31 112.31
177 32 47.01
177 33 109.33
177 34 50.0
177 35 74.85
177 36 137.21
177 37 60.93
177 38 40.72
177 39 57.2
177 40 79.51
177 41 115.21
177 42 102.12
177 43 81.0
177 44 137.24
177 45 65.07
177 46 77.47
177 47 42.3
177 48 105.76
177 49 162.61
177 50 153.94
177 51 139.99
177 52 56.4
177 53 90.55
177 54 79.31
177 55 117.8
177 56 97.08
177 57 38.95
177 58 31.05
177 59 63.29
177 60 68.48
177 61 152.5
177 62 42.05
177 63 123.79
177 64 144.03
177 65 67.07
177 66 157.41
177 67 114.69
177 68 139.32
177 69 106.85
177 70 93.86
177 71 125.02
177 72 104.39
177 73 66.89
177 74 44.78
177 75 125.0
177 76 96.02
177 77 18.25
177 78 127.28
177 79 130.6
177 80 133.0
177 81 90.0
177 82 43.1
177 83 53.04
177 84 37.12
177 85 81.01
177 86 173.95
177 87 82.2
177 88 57.49
177 89 68.66
177 90 43.57
177 91 114.81
177 92 110.35
177 93 139.09
177 94 58.69
177 95 10.82
177 96 59.21
177 97 66.53
177 98 37.64
177 99 57.72
177 100 23.54
177 101 81.99
177 102 9.85
177 103 101.53
177 104 25.96
177 105 73.25
177 106 70.83
177 107 106.44
177 108 65.44
177 109 136.34
177 110 60.75
177 111 71.87
177 112 67.45
177 113 112.81
177 114 38.48
177 115 124.26
177 116 140.04
177 117 155.13
177 118 48.08
177 119 82.73
177 120 127.32
177 121 74.22
177 122 108.17
177 123 131.91
177 124 99.74
177 125 73.98
177 126 138.29
177 127 25.5
177 128 51.79
177 129 90.55
177 130 154.94
177 131 163.25
177 132 92.63
177 133 151.16
177 134 103.94
177 135 126.29
177 136 13.04
177 137 133.0
177 138 49.93
177 139 127.12
177 140 71.45
177 141 80.06
177 142 44.15
177 143 119.88
177 144 110.07
177 145 73.74
177 146 97.8
177 147 115.95
177 148 118.85
177 149 87.21
177 150 128.14
177 151 84.17
177 152 52.89
177 153 124.46
177 154 87.92
177 155 99.04
177 156 137.77
177 157 103.59
177 158 134.81
177 159 24.33
177 160 157.08
177 161 102.96
177 162 124.02
177 163 25.63
177 164 78.45
177 165 108.71
177 166 111.0
177 167 118.88
177 168 128.32
177 169 101.53
177 170 123.15
177 171 120.0
177 172 131.83
177 173 23.32
177 174 55.46
177 175 88.51
177 176 127.53
177 178 24.04
177 179 120.02
177 180 151.03
177 181 92.03
177 182 129.62
177 183 54.74
177 184 104.12
177 185 110.39
177 186 111.02
177 187 127.42
177 188 98.03
177 189 10.3
177 190 130.54
177 191 85.48
177 192 85.16
177 193 110.45
177 194 43.0
177 195 156.82
177 196 65.22
177 197 105.0
177 198 28.65
177 199 135.15
177 200 82.22
177 201 82.04
178 0 61.61
178 1 91.71
178 2 94.92
178 3 130.6
178 4 65.31
178 5 127.56
178 6 32.98
178 7 93.34
178 8 102.59
178 9 63.89
178 10 21.19
178 11 136.4
178 12 23.41
178 13 26.0
178 14 98.18
178 15 73.08
178 16 115.21
178 17 90.25
178 18 98.79
178 19 2.83
178 20 37.48
178 21 121.28
178 22 14.56
178 23 2.83
178 24 51.88
178 25 118.87
178 26 123.49
178 27 133.41
178 28 115.6
178 29 37.0
178 30 51.11
178 31 97.98
178 32 34.0
178 33 85.59
178 34 48.76
178 35 62.29
178 36 116.28
178 37 37.12
178 38 30.59
178 39 35.47
178 40 78.79
178 41 92.85
178 42 96.69
178 43 58.42
178 44 117.0
178 45 45.65
178 46 53.67
178 47 22.47
178 48 96.01
178 49 140.76
178 50 136.0
178 51 124.92
178 52 39.56
178 53 84.01
178 54 55.32
178 55 96.18
178 56 73.36
178 57 19.92
178 58 16.55
178 59 48.05
178 60 53.94
178 61 130.82
178 62 40.82
178 63 103.6
178 64 121.51
178 65 44.18
178 66 138.92
178 67 93.51
178 68 118.85
178 69 90.25
178 70 69.86
178 71 102.12
178 72 80.53
178 73 51.42
178 74 21.93
178 75 102.73
178 76 92.44
178 77 11.18
178 78 118.0
178 79 111.22
178 80 110.63
178 81 72.01
178 82 22.36
178 83 34.01
178 84 26.68
178 85 58.55
178 86 153.26
178 87 64.47
178 88 50.01
178 89 44.72
178 90 30.0
178 91 92.7
178 92 100.08
178 93 115.16
178 94 38.48
178 95 14.04
178 96 36.06
178 97 46.04
178 98 44.69
178 99 49.82
178 100 24.08
178 101 66.48
178 102 32.14
178 103 86.4
178 104 24.08
178 105 55.04
178 106 46.87
178 107 82.86
178 108 44.05
178 109 113.16
178 110 36.77
178 111 60.07
178 112 58.22
178 113 98.72
178 114 15.0
178 115 121.04
178 116 119.1
178 117 133.66
178 118 40.02
178 119 62.43
178 120 110.07
178 121 65.19
178 122 102.42
178 123 119.05
178 124 85.38
178 125 50.01
178 126 123.76
178 127 18.0
178 128 54.41
178 129 67.07
178 130 134.63
178 131 143.69
178 132 72.2
178 133 128.41
178 134 87.92
178 135 102.32
178 136 24.74
178 137 111.95
178 138 35.23
178 139 117.11
178 140 51.97
178 141 56.32
178 142 48.84
178 143 104.36
178 144 87.69
178 145 62.07
178 146 87.09
178 147 92.14
178 148 105.32
178 149 68.1
178 150 106.89
178 151 60.41
178 152 44.91
178 153 100.72
178 154 70.94
178 155 78.24
178 156 122.09
178 157 80.45
178 158 116.11
178 159 25.5
178 160 135.88
178 161 94.05
178 162 118.87
178 163 36.24
178 164 54.41
178 165 93.3
178 166 87.13
178 167 94.92
178 168 117.43
178 169 90.27
178 170 117.24
178 171 115.52
178 172 113.65
178 173 17.03
178 174 31.91
178 175 65.6
178 176 111.66
178 177 24.04
178 179 97.13
178 180 128.89
178 181 80.31
178 182 107.17
178 183 49.04
178 184 80.08
178 185 98.01
178 186 88.14
178 187 119.07
178 188 74.0
178 189 34.18
178 190 106.79
178 191 64.03
178 192 77.52
178 193 87.05
178 194 42.72
178 195 134.32
178 196 48.38
178 197 85.76
178 198 7.28
178 199 111.36
178 200 80.41
178 201 61.61
179 0 82.13
179 1 114.4
179 2 160.42
179 3 105.8
179 4 50.33
179 5 101.83
179 6 129.03
179 7 77.47
179 8 156.4
179 9 66.48
179 10 106.96
179 11 114.98
179 12 75.06
179 13 110.86
179 14 97.05
179 15 37.48
179 16 170.48
179 17 157.55
179 18 99.73
179 19 95.26
179 20 127.82
179 21 141.03
179 22 83.01
179 23 95.05
179 24 89.05
179 25 93.38
179 26 139.54
179 27 86.47
179 28 75.17
179 29 60.21
179 30 132.4
179 31 123.81
179 32 104.55
179 33 19.21
179 34 129.24
179 35 113.0
179 36 95.34
179 37 67.68
179 38 108.78
179 39 80.62
179 40 150.23
179 41 71.31
179 42 152.4
179 43 39.05
179 44 101.39
179 45 87.46
179 46 56.94
179 47 78.31
179 48 139.34
179 49 102.12
179 50 129.28
179 51 137.32
179 52 96.15
179 53 140.87
179 54 46.24
179 55 79.85
179 56 50.45
179 57 94.11
179 58 90.55
179 59 101.36
179 60 104.56
179 61 97.08
179 62 124.6
179 63 94.7
179 64 82.05
179 65 53.01
179 66 127.88
179 67 82.76
179 68 100.66
179 69 109.62
179 70 35.81
179 71 5.0
179 72 45.79
179 73 101.24
179 74 83.43
179 75 75.69
179 76 154.01
179 77 102.12
179 78 156.03
179 79 104.4
179 80 78.09
179 81 96.21
179 82 77.16
179 83 90.47
179 84 107.56
179 85 39.12
179 86 122.02
179 87 95.59
179 88 119.85
179 89 54.57
179 90 103.12
179 91 73.93
179 92 140.26
179 93 50.8
179 94 62.97
179 95 111.07
179 96 61.07
179 97 83.01
179 98 135.34
179 99 118.96
179 100 116.9
179 101 104.89
179 102 129.02
179 103 114.34
179 104 115.32
179 105 92.2
179 106 52.89
179 107 52.35
179 108 79.26
179 109 68.07
179 110 65.8
179 111 114.28
179 112 119.89
179 113 125.21
179 114 86.15
179 115 176.83
179 116 96.88
179 117 101.08
179 118 114.77
179 119 82.81
179 120 116.73
179 121 123.71
179 122 155.67
179 123 143.21
179 124 116.93
179 125 50.29
179 126 139.09
179 127 97.87
179 128 137.99
179 129 31.05
179 130 111.88
179 131 123.91
179 132 82.98
179 133 83.15
179 134 111.21
179 135 43.05
179 136 121.5
179 137 91.92
179 138 101.24
179 139 152.8
179 140 86.84
179 141 42.45
179 142 136.31
179 143 122.11
179 144 11.66
179 145 115.43
179 146 130.82
179 147 47.13
179 148 131.49
179 149 89.81
179 150 87.64
179 151 38.9
179 152 116.78
179 153 17.26
179 154 100.41
179 155 81.61
179 156 132.42
179 157 59.68
179 158 111.66
179 159 118.07
179 160 105.12
179 161 140.72
179 162 169.73
179 163 130.86
179 164 49.66
179 165 116.61
179 166 21.95
179 167 24.33
179 168 149.84
179 169 130.86
179 170 166.24
179 171 169.01
179 172 113.46
179 173 109.49
179 174 73.38
179 175 63.64
179 176 124.82
179 177 120.02
179 178 97.13
179 180 91.01
179 181 123.79
179 182 75.5
179 183 122.58
179 184 33.6
179 185 131.5
179 186 9.0
179 187 159.93
179 188 39.62
179 189 129.19
179 190 20.12
179 191 36.69
179 192 134.01
179 193 12.81
179 194 126.81
179 195 90.27
179 196 96.57
179 197 93.74
179 198 95.75
179 199 54.08
179 200 149.25
179 201 82.13
180 0 69.97
180 1 67.01
180 2 129.03
180 3 18.44
180 4 68.8
180 5 15.62
180 6 158.81
180 7 36.06
180 8 114.98
180 9 65.07
180 10 122.33
180 11 26.93
180 12 119.63
180 13 122.8
180 14 42.19
180 15 70.01
180 16 125.72
180 17 129.02
180 18 44.05
180 19 126.06
180 20 136.85
180 21 75.15
180 22 121.75
180 23 128.76
180 24 82.37
180 25 15.03
180 26 71.12
180 27 11.18
180 28 16.49
180 29 104.29
180 30 129.03
180 31 72.56
180 32 109.18
180 33 76.79
180 34 126.53
180 35 93.15
180 36 20.1
180 37 93.43
180 38 116.36
180 39 93.86
180 40 128.76
180 41 36.07
180 42 114.35
180 43 100.46
180 44 25.96
180 45 87.13
180 46 78.41
180 47 124.63
180 48 95.52
180 49 12.53
180 50 46.69
180 51 66.73
180 52 97.62
180 53 109.04
180 54 85.09
180 55 33.62
180 56 60.54
180 57 112.2
180 58 134.62
180 59 94.43
180 60 92.11
180 61 6.71
180 62 127.63
180 63 34.13
180 64 9.22
180 65 103.94
180 66 42.8
180 67 37.58
180 68 23.09
180 69 63.03
180 70 75.39
180 71 91.2
180 72 56.86
180 73 91.39
180 74 106.96
180 75 26.17
180 76 121.04
180 77 139.34
180 78 100.24
180 79 35.69
180 80 18.44
180 81 68.31
180 82 122.44
180 83 98.74
180 84 118.34
180 85 101.39
180 86 31.14
180 87 75.03
180 88 112.27
180 89 93.74
180 90 111.14
180 91 36.24
180 92 93.06
180 93 42.2
180 94 118.85
180 95 140.25
180 96 106.51
180 97 84.88
180 98 141.95
180 99 111.33
180 100 133.78
180 101 81.04
180 102 155.9
180 103 72.06
180 104 131.03
180 105 81.39
180 106 91.81
180 107 51.0
180 108 85.6
180 109 23.09
180 110 95.02
180 111 96.57
180 112 104.81
180 113 73.68
180 114 113.95
180 115 130.73
180 116 18.44
180 117 10.44
180 118 115.04
180 119 69.46
180 120 51.92
180 121 103.16
180 122 113.99
180 123 80.23
180 124 76.06
180 125 89.36
180 126 70.24
180 127 141.53
180 128 134.71
180 129 87.92
180 130 23.85
180 131 34.93
180 132 59.94
180 133 10.0
180 134 67.07
180 135 48.01
180 136 144.22
180 137 22.09
180 138 105.19
180 139 96.14
180 140 81.12
180 141 89.44
180 142 138.35
180 143 64.33
180 144 97.42
180 145 96.05
180 146 92.01
180 147 47.8
180 148 75.93
180 149 67.62
180 150 25.0
180 151 86.82
180 152 113.09
180 153 74.11
180 154 72.8
180 155 53.24
180 156 62.18
180 157 50.0
180 158 39.56
180 159 134.11
180 160 14.56
180 161 99.32
180 162 121.04
180 163 145.41
180 164 82.68
180 165 68.07
180 166 72.69
180 167 67.07
180 168 91.42
180 169 89.09
180 170 116.91
180 171 123.0
180 172 44.27
180 173 129.53
180 174 97.58
180 175 63.66
180 176 61.03
180 177 151.03
180 178 128.89
180 179 91.01
180 181 89.2
180 182 22.02
180 183 116.71
180 184 66.76
180 185 82.73
180 186 91.35
180 187 105.3
180 188 67.23
180 189 161.21
180 190 73.68
180 191 107.52
180 192 105.39
180 193 83.49
180 194 129.08
180 195 8.06
180 196 90.34
180 197 52.63
180 198 122.79
180 199 37.22
180 200 125.48
180 201 69.97
181 0 41.73
181 1 23.09
181 2 41.0
181 3 79.56
181 4 73.54
181 5 78.64
181 6 96.25
181 7 60.64
181 8 32.65
181 9 57.31
181 10 61.61
181 11 80.41
181 12 89.27
181 13 58.52
181 14 47.04
181 15 86.31
181 16 46.69
181 17 40.2
181 18 45.18
181 19 78.16
181 20 63.81
181 21 43.42
181 22 84.29
181 23 82.15
181 24 38.01
181 25 74.33
181 26 46.87
181 27 99.01
181 28 85.59
181 29 85.44
181 30 48.84
181 31 22.67
181 32 46.53
181 33 104.8
181 34 47.63
181 35 18.03
181 36 69.46
181 37 68.15
181 38 51.66
181 39 55.36
181 40 39.81
181 41 65.8
181 42 29.15
181 43 100.85
181 44 65.31
181 45 42.72
181 46 69.4
181 47 92.78
181 48 17.09
181 49 96.51
181 50 69.63
181 51 49.82
181 52 42.19
181 53 20.22
181 54 82.66
181 55 61.0
181 56 74.03
181 57 61.01
181 58 95.0
181 59 33.14
181 60 27.17
181 61 86.83
181 62 53.0
181 63 55.08
181 64 87.05
181 65 91.79
181 66 74.63
181 67 55.9
181 68 68.25
181 69 26.31
181 70 88.41
181 71 127.48
181 72 80.45
181 73 30.41
181 74 65.62
181 75 71.02
181 76 33.24
181 77 90.8
181 78 38.47
181 79 55.54
181 80 77.41
181 81 28.3
181 82 90.93
181 83 49.5
181 84 55.54
181 85 101.71
181 86 99.16
181 87 28.32
181 88 35.36
181 89 80.95
181 90 50.49
181 91 63.32
181 92 20.22
181 93 105.0
181 94 100.0
181 95 83.68
181 96 86.98
181 97 46.1
181 98 65.44
181 99 34.89
181 100 68.71
181 101 19.42
181 102 91.71
181 103 17.26
181 104 66.13
181 105 34.0
181 106 81.01
181 107 75.8
181 108 50.57
181 109 88.65
181 110 71.31
181 111 20.4
181 112 25.06
181 113 22.63
181 114 71.18
181 115 53.04
181 116 71.7
181 117 87.48
181 118 44.01
181 119 41.01
181 120 43.83
181 121 19.21
181 122 31.89
181 123 39.92
181 124 13.34
181 125 81.63
181 126 47.43
181 127 98.25
181 128 53.08
181 129 97.62
181 130 80.32
181 131 84.08
181 132 42.19
181 133 95.02
181 134 22.2
181 135 97.51
181 136 80.23
181 137 67.12
181 138 45.1
181 139 37.05
181 140 39.82
181 141 88.75
181 142 59.46
181 143 32.2
181 144 121.17
181 145 18.44
181 146 7.62
181 147 85.88
181 148 27.46
181 149 34.21
181 150 65.01
181 151 90.21
181 152 39.4
181 153 115.21
181 154 23.6
181 155 46.1
181 156 48.8
181 157 68.1
181 158 55.71
181 159 68.15
181 160 87.32
181 161 17.2
181 162 46.4
181 163 74.09
181 164 78.24
181 165 22.85
181 166 102.94
181 167 105.44
181 168 37.12
181 169 10.0
181 170 43.27
181 171 45.28
181 172 51.08
181 173 69.38
181 174 66.1
181 175 60.21
181 176 39.82
181 177 92.03
181 178 80.31
181 179 123.79
181 180 89.2
181 182 75.8
181 183 39.12
181 184 90.91
181 185 18.38
181 186 117.41
181 187 40.52
181 188 84.29
181 189 99.92
181 190 119.54
181 191 110.64
181 192 16.28
181 193 111.04
181 194 53.25
181 195 97.13
181 196 34.93
181 197 38.64
181 198 73.17
181 199 98.03
181 200 36.35
181 201 41.73
182 0 49.77
182 1 55.97
182 2 116.73
182 3 31.06
182 4 47.01
182 5 27.07
182 6 137.57
182 7 16.28
182 8 105.0
182 9 43.28
182 10 101.6
182 11 40.0
182 12 97.62
182 13 102.42
182 14 30.87
182 15 49.48
182 16 117.18
182 17 115.97
182 18 33.54
182 19 104.35
182 20 117.18
182 21 72.92
182 22 99.76
182 23 106.96
182 24 62.39
182 25 18.03
182 26 70.01
182 27 26.83
182 28 10.05
182 29 82.38
182 30 110.86
182 31 63.56
182 32 89.16
182 33 59.08
182 34 108.17
182 35 76.32
182 36 19.92
182 37 71.45
182 38 96.25
182 39 72.42
182 40 114.04
182 41 14.42
182 42 103.32
182 43 79.7
182 44 26.4
182 45 66.64
182 46 56.4
182 47 102.62
182 48 85.38
182 49 34.41
182 50 54.08
182 51 66.6
182 52 77.47
182 53 96.03
182 54 63.51
182 55 15.0
182 56 38.91
182 57 90.97
182 58 112.61
182 59 75.29
182 60 73.76
182 61 25.5
182 62 108.47
182 63 24.41
182 64 14.42
182 65 82.3
182 66 52.39
182 67 20.02
182 68 25.3
182 69 51.24
182 70 54.82
182 71 76.66
182 72 36.14
182 73 72.53
182 74 85.28
182 75 5.1
182 76 108.85
182 77 117.52
182 78 94.67
182 79 31.89
182 80 3.61
182 81 51.16
182 82 100.42
182 83 77.9
182 84 97.94
182 85 80.65
182 86 50.92
182 87 56.89
182 88 94.15
182 89 71.87
182 90 90.8
182 91 15.23
182 92 83.93
182 93 33.94
182 94 97.13
182 95 118.81
182 96 84.6
182 97 64.01
182 98 122.7
182 99 93.17
182 100 113.18
182 101 64.2
182 102 134.83
182 103 59.67
182 104 110.48
182 105 61.98
182 106 69.97
182 107 29.73
182 108 64.35
182 109 13.42
182 110 73.0
182 111 79.51
182 112 87.69
182 113 64.88
182 114 92.2
182 115 122.77
182 116 21.38
182 117 29.15
182 118 95.82
182 119 49.4
182 120 47.51
182 121 87.09
182 122 104.04
182 123 76.84
182 124 63.56
182 125 67.6
182 126 69.31
182 127 119.55
182 128 116.71
182 129 67.68
182 130 37.01
182 131 49.0
182 132 40.52
182 133 21.93
182 134 54.82
182 135 33.62
182 136 123.31
182 137 17.0
182 138 85.09
182 139 90.74
182 140 60.93
182 141 68.15
182 142 119.64
182 143 57.45
182 144 80.16
182 145 79.31
182 146 80.05
182 147 29.02
182 148 68.96
182 149 49.03
182 150 14.14
182 151 65.79
182 152 94.37
182 153 59.77
182 154 56.08
182 155 33.96
182 156 61.62
182 157 28.02
182 158 38.6
182 159 113.6
182 160 32.57
182 161 88.6
182 162 113.64
182 163 125.3
182 164 60.9
182 165 57.58
182 166 55.15
182 167 51.2
182 168 86.53
182 169 77.88
182 170 109.59
182 171 114.77
182 172 41.77
182 173 108.56
182 174 75.69
182 175 41.73
182 176 56.85
182 177 129.62
182 178 107.17
182 179 75.5
182 180 22.02
182 181 75.8
182 183 98.49
182 184 47.27
182 185 73.54
182 186 74.24
182 187 99.48
182 188 46.57
182 189 139.85
182 190 60.93
182 191 87.32
182 192 91.35
182 193 66.19
182 194 110.06
182 195 27.2
182 196 70.84
182 197 37.22
182 198 101.21
182 199 26.91
182 200 111.16
182 201 49.77
183 0 50.09
183 1 58.73
183 2 46.1
183 3 111.41
183 4 75.43
183 5 109.57
183 6 57.87
183 7 82.23
183 8 54.15
183 9 63.29
183 10 27.89
183 11 114.28
183 12 65.73
183 13 23.35
183 14 76.48
183 15 87.93
183 16 66.29
183 17 41.59
183 18 75.66
183 19 47.76
183 20 24.7
183 21 82.49
183 22 58.18
183 23 51.55
183 24 38.01
183 25 103.08
183 26 85.98
183 27 124.72
183 28 108.47
183 29 69.35
183 30 12.37
183 31 61.22
183 32 19.1
183 33 105.69
183 34 9.85
183 35 25.0
183 36 98.9
183 37 55.76
183 38 18.79
183 39 42.06
183 40 30.81
183 41 85.16
183 42 48.17
183 43 90.0
183 44 96.65
183 45 36.67
183 46 66.13
183 47 67.6
183 48 51.24
183 49 126.32
183 50 106.83
183 51 88.81
183 52 26.57
183 53 36.01
183 54 76.48
183 55 83.93
183 56 80.06
183 57 34.41
183 58 65.46
183 59 24.0
183 60 24.74
183 61 116.08
183 62 13.89
183 63 84.1
183 64 112.09
183 65 77.23
183 66 111.29
183 67 79.4
183 68 99.3
183 69 59.82
183 70 87.66
183 71 127.12
183 72 87.97
183 73 26.17
183 74 43.86
183 75 93.39
183 76 43.42
183 77 57.71
183 78 72.57
183 79 87.98
183 80 101.14
183 81 48.47
183 82 66.37
183 83 32.25
183 84 22.47
183 85 90.6
183 86 132.92
183 87 41.76
183 88 4.47
183 89 69.89
183 90 22.02
183 91 83.55
183 92 55.97
183 93 120.02
183 94 79.81
183 95 48.0
183 96 70.01
183 97 41.0
183 98 26.91
183 99 5.39
183 100 31.26
183 101 36.24
183 102 53.14
183 103 52.35
183 104 29.07
183 105 37.12
183 106 71.02
183 107 86.21
183 108 43.97
183 109 109.18
183 110 58.25
183 111 21.4
183 112 14.21
183 113 61.4
183 114 46.04
183 115 72.03
183 116 101.55
183 117 117.69
183 118 9.43
183 119 50.16
183 120 80.06
183 121 20.12
183 122 54.08
183 123 78.71
183 124 49.52
183 125 73.06
183 126 86.53
183 127 66.49
183 128 18.25
183 129 92.18
183 130 113.53
183 131 119.4
183 132 58.05
183 133 120.07
183 134 56.08
183 135 109.37
183 136 42.2
183 137 95.46
183 138 21.63
183 139 72.53
183 140 40.05
183 141 81.12
183 142 21.95
183 143 70.09
183 144 116.47
183 145 22.67
183 146 43.86
183 147 97.25
183 148 66.57
183 149 49.48
183 150 91.76
183 151 84.12
183 152 5.83
183 153 119.25
183 154 44.28
183 155 64.54
183 156 87.46
183 157 80.01
183 158 90.21
183 159 30.41
183 160 118.51
183 161 48.27
183 162 70.35
183 163 34.99
183 164 72.92
183 165 59.4
183 166 105.3
183 167 110.6
183 168 74.0
183 169 47.85
183 170 69.07
183 171 66.75
183 172 86.21
183 173 34.13
183 174 50.8
183 175 66.37
183 176 77.9
183 177 54.74
183 178 49.04
183 179 122.58
183 180 116.71
183 181 39.12
183 182 98.49
183 184 94.37
183 185 57.31
183 186 114.49
183 187 72.69
183 188 87.09
183 189 61.68
183 190 124.72
183 191 98.72
183 192 30.41
183 193 110.17
183 194 14.21
183 195 123.97
183 196 29.02
183 197 64.47
183 198 43.08
183 199 114.02
183 200 31.76
183 201 50.09
184 0 49.65
184 1 80.8
184 2 128.8
184 3 78.31
184 4 18.97
184 5 74.33
184 6 113.05
184 7 45.35
184 8 123.56
184 9 33.84
184 10 84.02
184 11 87.14
184 12 62.65
184 13 87.02
184 14 64.26
184 15 7.07
184 16 137.54
184 17 126.27
184 18 66.85
184 19 77.62
184 20 104.08
184 21 107.78
184 22 68.15
184 23 78.75
184 24 58.18
184 25 65.12
184 26 106.51
184 27 65.74
184 28 50.29
184 29 45.65
184 30 105.32
184 31 90.21
184 32 77.93
184 33 14.42
184 34 102.18
184 35 81.49
184 36 66.01
184 37 44.28
184 38 83.38
184 39 54.23
184 40 119.92
184 41 39.62
184 42 119.81
184 43 34.67
184 44 71.25
184 45 57.87
184 46 29.07
184 47 67.23
184 48 106.08
184 49 79.06
184 50 98.86
184 51 104.55
184 52 67.91
184 53 108.72
184 54 25.08
184 55 48.05
184 56 16.97
184 57 71.06
184 58 79.18
184 59 71.51
184 60 73.82
184 61 71.81
184 62 98.86
184 63 62.82
184 64 57.57
184 65 42.01
184 66 98.25
184 67 50.29
184 68 71.06
184 69 76.03
184 70 10.82
184 71 36.8
184 72 12.65
184 73 70.77
184 74 61.4
184 75 46.0
184 76 122.04
184 77 88.02
184 78 122.44
184 79 72.78
184 80 50.49
184 81 62.97
184 82 65.37
184 83 63.64
184 84 83.1
184 85 35.51
184 86 97.51
184 87 63.01
184 88 91.09
184 89 35.85
184 90 77.41
184 91 41.98
184 92 106.83
184 93 37.01
184 94 56.64
184 95 93.86
184 96 47.51
184 97 53.45
184 98 111.22
184 99 90.14
184 100 95.19
184 101 72.42
184 102 111.83
184 103 80.81
184 104 93.09
184 105 60.83
184 106 33.62
184 107 19.65
184 108 50.45
184 109 44.38
184 110 43.74
184 111 83.19
184 112 89.55
184 113 91.61
184 114 66.29
184 115 143.84
184 116 68.01
184 117 75.71
184 118 87.66
184 119 50.22
184 120 83.93
184 121 92.59
184 122 122.79
184 123 109.77
184 124 83.49
184 125 30.46
184 126 106.1
184 127 86.77
184 128 111.2
184 129 21.47
184 130 84.21
184 131 96.13
184 132 49.52
184 133 61.33
184 134 77.62
184 135 24.08
184 136 102.26
184 137 62.07
184 138 74.15
184 139 119.2
184 140 55.95
184 141 26.4
184 142 110.89
184 143 88.68
184 144 34.48
184 145 84.12
184 146 97.74
184 147 18.97
184 148 97.91
184 149 56.73
184 150 57.22
184 151 22.67
184 152 88.77
184 153 25.08
184 154 67.36
184 155 48.01
184 156 99.72
184 157 26.4
184 158 80.05
184 159 96.13
184 160 79.43
184 161 107.63
184 162 136.49
184 163 109.11
184 164 25.71
184 165 83.01
184 166 12.04
184 167 16.28
184 168 116.25
184 169 97.59
184 170 132.94
184 171 135.95
184 172 81.32
184 173 88.46
184 174 50.25
184 175 30.81
184 176 91.71
184 177 104.12
184 178 80.08
184 179 33.6
184 180 66.76
184 181 90.91
184 182 47.27
184 183 94.37
184 185 97.95
184 186 29.15
184 187 126.37
184 188 7.28
184 189 114.18
184 190 30.36
184 191 40.85
184 192 102.08
184 193 21.47
184 194 100.98
184 195 68.54
184 196 66.48
184 197 60.21
184 198 76.49
184 199 35.47
184 200 118.51
184 201 49.65
185 0 51.89
185 1 18.03
185 2 47.68
185 3 70.06
185 4 82.38
185 5 70.01
185 6 114.63
185 7 60.54
185 8 32.25
185 9 66.04
185 10 79.81
185 11 69.05
185 12 105.3
185 13 76.84
185 14 42.72
185 15 94.4
185 16 43.66
185 17 48.76
185 18 40.16
185 19 95.75
185 20 81.99
185 21 25.24
185 22 101.0
185 23 99.72
185 24 51.97
185 25 67.74
185 26 29.07
185 27 93.38
185 28 82.54
185 29 99.69
185 30 66.4
185 31 10.2
185 32 64.54
185 33 112.29
185 34 65.46
185 35 35.9
185 36 62.65
185 37 82.23
185 38 69.92
185 39 70.58
185 40 52.35
185 41 66.57
185 42 32.06
185 43 112.92
185 44 57.14
185 45 57.56
185 46 80.53
185 47 109.11
185 48 13.04
185 49 88.0
185 50 55.04
185 51 32.56
185 52 59.08
185 53 30.41
185 54 93.94
185 55 59.94
185 56 81.06
185 57 78.41
185 58 112.22
185 59 50.16
185 60 44.18
185 61 79.16
185 62 71.2
185 63 50.0
185 64 82.46
185 65 105.36
185 66 60.54
185 67 55.07
185 68 60.13
185 69 23.02
185 70 97.35
185 71 134.71
185 72 86.31
185 73 47.04
185 74 82.02
185 75 69.35
185 76 39.81
185 77 108.67
185 78 24.7
185 79 47.17
185 80 74.33
185 81 36.24
185 82 107.17
185 83 66.0
185 84 73.76
185 85 113.85
185 86 87.32
185 87 39.85
185 88 53.67
185 89 93.92
185 90 68.45
185 91 63.81
185 92 10.44
185 93 105.68
185 94 114.93
185 95 101.92
185 96 101.41
185 97 60.21
185 98 83.23
185 99 53.23
185 100 87.09
185 101 33.24
185 102 110.07
185 103 17.2
185 104 84.5
185 105 47.85
185 106 93.64
185 107 80.62
185 108 64.54
185 109 86.93
185 110 85.38
185 111 38.6
185 112 43.38
185 113 9.06
185 114 88.02
185 115 49.24
185 116 64.38
185 117 79.01
185 118 62.39
185 119 50.99
185 120 32.14
185 121 37.22
185 122 31.26
185 123 21.54
185 124 15.23
185 125 93.78
185 126 29.73
185 127 115.85
185 128 70.18
185 129 107.91
185 130 69.58
185 131 71.17
185 132 48.6
185 133 90.03
185 134 20.52
185 135 100.21
185 136 98.62
185 137 61.39
185 138 62.8
185 139 21.93
185 140 53.37
185 141 100.22
185 142 77.01
185 143 19.1
185 144 130.36
185 145 36.69
185 146 14.14
185 147 89.5
185 148 10.0
185 149 42.94
185 150 60.73
185 151 101.07
185 152 57.78
185 153 120.92
185 154 33.24
185 155 50.21
185 156 32.45
185 157 72.84
185 158 45.1
185 159 86.54
185 160 78.06
185 161 17.26
185 162 40.31
185 163 92.28
185 164 89.47
185 165 16.12
185 166 109.88
185 167 111.02
185 168 20.4
185 169 9.9
185 170 36.36
185 171 41.23
185 172 40.11
185 173 87.64
185 174 81.05
185 175 68.51
185 176 25.3
185 177 110.39
185 178 98.01
185 179 131.5
185 180 82.73
185 181 18.38
185 182 73.54
185 183 57.31
185 184 97.95
185 186 126.02
185 187 28.43
185 188 92.01
185 189 118.31
185 190 124.58
185 191 122.77
185 192 30.48
185 193 119.02
185 194 71.34
185 195 90.8
185 196 51.01
185 197 39.2
185 198 90.8
185 199 98.49
185 200 48.3
185 201 51.89
186 0 75.69
186 1 109.29
186 2 153.22
186 3 105.08
186 4 43.93
186 5 101.08
186 6 120.04
186 7 74.33
186 8 149.91
186 9 60.31
186 10 98.23
186 11 114.16
186 12 66.07
186 13 102.2
186 14 93.41
186 15 31.62
186 16 164.05
186 17 150.21
186 18 96.01
186 19 86.28
186 20 119.1
186 21 136.85
186 22 74.01
186 23 86.05
186 24 81.84
186 25 92.27
186 26 135.65
186 27 87.86
186 28 75.11
186 29 51.24
186 30 124.08
186 31 118.73
186 32 96.25
186 33 15.3
186 34 120.93
186 35 105.89
186 36 93.77
186 37 59.24
186 38 100.3
186 39 72.45
186 40 142.58
186 41 68.41
186 42 145.73
186 43 30.07
186 44 99.46
186 45 79.88
186 46 49.41
186 47 69.35
186 48 133.3
186 49 102.96
186 50 127.28
186 51 133.7
186 52 88.19
186 53 133.96
186 54 38.01
186 55 76.92
186 56 45.28
186 57 85.44
186 58 81.61
186 59 93.74
186 60 97.2
186 61 97.13
186 62 116.11
186 63 91.76
186 64 82.22
186 65 44.01
186 66 126.29
186 67 79.38
186 68 98.99
186 69 104.62
186 70 29.0
186 71 14.0
186 72 41.79
186 73 93.81
186 74 74.73
186 75 73.82
186 76 146.99
186 77 93.13
186 78 150.66
186 79 101.65
186 80 77.1
186 81 90.27
186 82 68.18
186 83 82.29
186 84 98.98
186 85 30.15
186 86 122.49
186 87 89.11
186 88 111.89
186 89 45.88
186 90 94.7
186 91 70.88
186 92 134.47
186 93 53.14
186 94 54.13
186 95 102.08
186 96 52.09
186 97 75.45
186 98 126.65
186 99 111.02
186 100 108.06
186 101 98.29
186 102 120.02
186 103 108.81
186 104 106.51
186 105 85.15
186 106 44.27
186 107 48.7
186 108 71.56
186 109 68.26
186 110 57.25
186 111 107.0
186 112 112.33
186 113 120.11
186 114 77.28
186 115 170.43
186 116 95.52
186 117 101.12
186 118 106.51
186 119 76.42
186 120 113.09
186 121 116.4
186 122 149.2
186 123 138.71
186 124 111.21
186 125 41.79
186 126 135.25
186 127 88.96
186 128 129.62
186 129 22.47
186 130 111.11
186 131 123.15
186 132 77.42
186 133 84.17
186 134 105.95
186 135 43.57
186 136 112.54
186 137 90.09
186 138 93.04
186 139 147.56
186 140 79.65
186 141 33.84
186 142 127.76
186 143 117.65
186 144 6.08
186 145 108.23
186 146 124.58
186 147 45.28
186 148 126.57
186 149 83.74
186 150 85.51
186 151 30.46
186 152 108.67
186 153 20.81
186 154 94.26
186 155 76.66
186 156 128.88
186 157 55.54
186 158 108.93
186 159 109.24
186 160 105.08
186 161 134.47
186 162 163.6
186 163 122.0
186 164 41.68
186 165 111.52
186 166 19.1
186 167 24.52
186 168 144.8
186 169 124.84
186 170 160.21
186 171 162.69
186 172 110.37
186 173 100.62
186 174 64.85
186 175 57.63
186 176 120.83
186 177 111.02
186 178 88.14
186 179 9.0
186 180 91.35
186 181 117.41
186 182 74.24
186 183 114.49
186 184 29.15
186 185 126.02
186 187 154.4
186 188 34.13
186 189 120.2
186 190 25.46
186 191 28.23
186 192 127.02
186 193 8.06
186 194 118.33
186 195 91.41
186 196 89.05
186 197 89.07
186 198 86.83
186 199 55.32
186 200 141.74
186 201 75.69
187 0 79.76
187 1 45.97
187 2 41.73
187 3 90.03
187 4 110.68
187 5 90.96
187 6 130.05
187 7 87.8
187 8 22.8
187 9 94.3
187 10 99.05
187 11 86.58
187 12 129.63
187 13 95.19
187 14 68.8
187 15 122.8
187 16 24.04
187 17 45.45
187 18 66.04
187 19 117.15
187 20 95.8
187 21 32.02
187 22 124.31
187 23 121.15
187 24 78.19
187 25 90.82
187 26 37.0
187 27 116.38
187 28 107.78
187 29 125.87
187 30 78.16
187 31 36.88
187 32 85.09
187 33 140.72
187 34 78.34
187 35 57.87
187 36 85.8
187 37 108.5
187 38 89.02
187 39 95.88
187 40 54.71
187 41 94.02
187 42 27.78
187 43 140.43
187 44 79.38
187 45 83.17
187 46 108.3
187 47 133.0
187 48 23.54
187 49 108.26
187 50 68.01
187 51 42.0
187 52 82.38
187 53 37.11
187 54 121.71
187 55 86.84
187 56 109.48
187 57 100.5
187 58 134.45
187 59 73.35
187 60 67.47
187 61 100.69
187 62 85.7
187 63 75.18
187 64 106.62
187 65 132.03
187 66 74.01
187 67 82.2
187 68 82.22
187 69 50.93
187 70 125.67
187 71 163.13
187 72 114.69
187 73 70.83
187 74 105.91
187 75 95.72
187 76 36.62
187 77 129.0
187 78 5.1
187 79 70.01
187 80 99.76
187 81 64.35
187 82 131.21
187 83 89.82
187 84 93.02
187 85 141.33
187 86 103.02
187 87 67.08
187 88 70.26
187 89 120.93
187 90 89.09
187 91 91.21
187 92 20.62
187 93 132.57
187 94 140.52
187 95 120.42
187 96 127.44
187 97 86.38
187 98 94.87
187 99 70.18
187 100 103.95
187 101 59.24
187 102 125.17
187 103 45.61
187 104 101.71
187 105 74.09
187 106 120.83
187 107 108.9
187 108 90.82
187 109 112.87
187 110 111.66
187 111 59.41
187 112 61.01
187 113 35.47
187 114 111.16
187 115 27.07
187 116 86.98
187 117 99.69
187 118 80.16
187 119 78.89
187 120 53.49
187 121 54.01
187 122 22.2
187 123 26.08
187 124 43.27
187 125 121.2
187 126 38.0
187 127 137.06
187 128 80.06
187 129 136.0
187 130 87.97
187 131 86.01
187 132 77.01
187 133 113.65
187 134 48.84
187 135 127.91
187 136 114.76
187 137 85.49
187 138 84.38
187 139 9.22
187 140 79.85
187 141 127.94
187 142 87.92
187 143 42.06
187 144 158.69
187 145 57.43
187 146 32.98
187 147 117.52
187 148 30.53
187 149 71.02
187 150 85.88
187 151 129.0
187 152 75.17
187 153 149.21
187 154 60.9
187 155 78.57
187 156 45.18
187 157 101.14
187 158 65.8
187 159 103.1
187 160 97.86
187 161 25.02
187 162 17.12
187 163 105.77
187 164 117.24
187 165 43.86
187 166 138.29
187 167 139.32
187 168 14.14
187 169 31.02
187 170 13.34
187 171 20.88
187 172 61.03
187 173 106.23
187 174 106.61
187 175 96.83
187 176 44.27
187 177 127.42
187 178 119.07
187 179 159.93
187 180 105.3
187 181 40.52
187 182 99.48
187 183 72.69
187 184 126.37
187 185 28.43
187 186 154.4
187 188 120.42
187 189 133.96
187 190 152.76
187 191 150.27
187 192 42.3
187 193 147.43
187 194 85.15
187 195 113.23
187 196 75.43
187 197 67.21
187 198 112.16
187 199 125.36
187 200 50.61
187 201 79.76
188 0 42.8
188 1 75.17
188 2 121.79
188 3 77.28
188 4 11.7
188 5 73.35
188 6 106.9
188 7 42.19
188 8 116.93
188 9 27.02
188 10 77.1
188 11 85.84
188 12 57.69
188 13 80.0
188 14 60.17
188 15 3.0
188 16 130.97
188 17 119.2
188 18 62.64
188 19 71.47
188 20 97.02
188 21 102.96
188 22 62.61
188 23 72.8
188 24 50.99
188 25 63.95
188 26 101.95
188 27 67.42
188 28 50.99
188 29 40.8
188 30 98.06
188 31 84.6
188 32 70.71
188 33 20.52
188 34 94.92
188 35 74.43
188 36 64.28
188 37 37.66
188 38 76.24
188 39 47.1
188 40 112.73
188 41 37.0
188 42 113.07
188 43 33.24
188 44 69.01
188 45 50.6
188 46 22.0
188 47 62.43
188 48 99.72
188 49 79.71
188 50 96.19
188 51 100.24
188 52 60.64
188 53 101.83
188 54 20.0
188 55 45.1
188 56 11.18
188 57 64.2
188 58 74.09
188 59 64.26
188 60 66.64
188 61 71.78
188 62 91.66
188 63 59.54
188 64 58.18
188 65 38.21
188 66 96.0
188 67 46.69
188 68 69.12
188 69 70.49
188 70 8.25
188 71 43.19
188 72 10.44
188 73 63.56
188 74 54.74
188 75 44.55
188 76 115.11
188 77 82.35
188 78 116.61
188 79 69.58
188 80 50.0
188 81 56.59
188 82 60.46
188 83 56.44
188 84 76.03
188 85 34.18
188 86 97.42
188 87 56.22
188 88 83.82
188 89 30.53
188 90 70.26
188 91 39.05
188 92 100.66
188 93 41.68
188 94 53.15
188 95 87.64
188 96 42.8
188 97 46.17
188 98 104.12
188 99 82.86
188 100 88.36
188 101 65.6
188 102 105.51
188 103 74.81
188 104 86.21
188 105 53.71
188 106 28.3
188 107 17.12
188 108 43.17
188 109 45.79
188 110 37.36
188 111 76.06
188 112 82.35
188 113 85.98
188 114 59.91
188 115 137.3
188 116 66.48
188 117 75.58
188 118 80.41
188 119 43.42
188 120 79.7
188 121 85.48
188 122 116.18
188 123 104.66
188 124 77.34
188 125 25.24
188 126 101.59
188 127 81.63
188 128 103.94
188 129 21.21
188 130 83.02
188 131 94.76
188 132 43.42
188 133 62.77
188 134 71.85
188 135 28.65
188 136 95.71
188 137 60.13
188 138 66.91
188 139 113.46
188 140 48.75
188 141 22.8
188 142 103.7
188 143 83.63
188 144 38.91
188 145 77.03
188 146 91.24
188 147 20.62
188 148 92.44
188 149 50.21
188 150 55.04
188 151 19.72
188 152 81.49
188 153 32.31
188 154 60.83
188 155 42.54
188 156 95.51
188 157 22.36
188 158 76.79
188 159 89.27
188 160 79.12
188 161 101.14
188 162 130.12
188 163 102.24
188 164 19.7
188 165 77.39
188 166 18.87
188 167 23.54
188 168 110.68
188 169 91.24
188 170 126.62
188 171 129.45
188 172 77.67
188 173 81.74
188 174 43.57
188 175 24.08
188 176 87.09
188 177 98.03
188 178 74.0
188 179 39.62
188 180 67.23
188 181 84.29
188 182 46.57
188 183 87.09
188 184 7.28
188 185 92.01
188 186 34.13
188 187 120.42
188 189 108.17
188 190 37.64
188 191 40.79
188 192 95.13
188 193 27.02
188 194 93.77
188 195 69.84
188 196 59.24
188 197 55.01
188 198 70.09
188 199 39.05
188 200 111.36
188 201 42.8
189 0 92.02
189 1 116.28
189 2 101.0
189 3 161.25
189 4 99.4
189 5 158.49
189 6 4.0
189 7 125.25
189 8 113.86
189 9 96.8
189 10 40.61
189 11 166.24
189 12 54.15
189 13 42.19
189 14 127.4
189 15 107.21
189 16 124.1
189 17 96.01
189 18 127.56
189 19 36.77
189 20 38.33
189 21 143.18
189 22 46.69
189 23 35.44
189 24 80.62
189 25 150.23
189 26 146.24
189 27 166.41
189 28 148.66
189 29 70.04
189 30 56.32
189 31 120.77
189 32 56.04
189 33 119.05
189 34 55.73
189 35 83.19
189 36 147.19
189 37 71.18
189 38 49.4
189 39 67.42
189 40 84.0
189 41 125.43
189 42 107.91
189 43 90.14
189 44 147.09
189 45 74.97
189 46 87.73
189 47 51.0
189 48 112.93
189 49 172.73
189 50 163.22
189 51 148.53
189 52 65.95
189 53 96.88
189 54 89.29
189 55 127.91
189 56 107.35
189 57 49.04
189 58 39.12
189 59 72.42
189 60 77.39
189 61 162.61
189 62 48.27
189 63 133.65
189 64 154.26
189 65 76.42
189 66 166.82
189 67 124.74
189 68 149.2
189 69 115.94
189 70 103.85
189 71 134.18
189 72 114.63
189 73 76.03
189 74 55.07
189 75 135.21
189 76 101.24
189 77 27.07
189 78 134.12
189 79 140.26
189 80 143.22
189 81 99.49
189 82 52.04
189 83 62.97
189 84 46.04
189 85 90.09
189 86 183.85
189 87 91.68
189 88 64.85
189 89 78.59
189 90 52.8
189 91 125.0
189 92 117.64
189 93 149.31
189 94 67.12
189 95 21.1
189 96 68.73
189 97 76.58
189 98 41.05
189 99 65.19
189 100 31.3
189 101 90.97
189 102 9.0
189 103 110.28
189 104 34.0
189 105 82.88
189 106 80.78
189 107 116.73
189 108 75.6
189 109 146.63
189 110 70.94
189 111 80.06
189 112 75.03
189 113 121.2
189 114 48.75
189 115 129.0
189 116 150.01
189 117 165.19
189 118 55.95
189 119 92.7
189 120 136.48
189 121 81.6
189 122 113.99
189 123 139.85
189 124 108.3
189 125 83.93
189 126 146.69
189 127 32.56
189 128 56.0
189 129 100.13
189 130 164.77
189 131 172.9
189 132 102.59
189 133 161.42
189 134 112.9
189 135 136.49
189 136 19.7
189 137 143.01
189 138 59.2
189 139 134.2
189 140 81.32
189 141 89.82
189 142 48.01
189 143 128.63
189 144 119.0
189 145 81.86
189 146 105.34
189 147 126.21
189 148 127.05
189 149 96.94
189 150 138.19
189 151 93.94
189 152 60.54
189 153 134.16
189 154 97.2
189 155 109.04
189 156 146.49
189 157 113.88
189 158 144.31
189 159 31.78
189 160 167.09
189 161 109.9
189 162 129.47
189 163 29.0
189 164 88.54
189 165 117.48
189 166 120.83
189 167 128.79
189 168 135.67
189 169 109.2
189 170 128.88
189 171 125.26
189 172 141.21
189 173 32.65
189 174 65.74
189 175 98.79
189 176 136.34
189 177 10.3
189 178 34.18
189 179 129.19
189 180 161.21
189 181 99.92
189 182 139.85
189 183 61.68
189 184 114.18
189 185 118.31
189 186 120.2
189 187 133.96
189 188 108.17
189 190 140.25
189 191 94.09
189 192 91.92
189 193 119.94
189 194 48.84
189 195 167.05
189 196 74.65
189 197 114.69
189 198 38.95
189 199 145.41
189 200 87.05
189 201 92.02
190 0 79.18
190 1 106.79
190 2 158.42
190 3 89.74
190 4 49.34
190 5 85.87
190 6 139.59
190 7 66.4
190 8 152.05
190 9 63.51
190 10 113.22
190 11 98.95
190 12 86.59
190 13 116.52
190 14 86.4
190 15 36.88
190 16 165.8
190 17 156.08
190 18 89.2
190 19 104.58
190 20 133.63
190 21 130.8
190 22 93.56
190 23 105.08
190 24 88.39
190 25 78.11
190 26 128.71
190 27 68.0
190 28 58.69
190 29 70.21
190 30 135.59
190 31 115.97
190 32 108.06
190 33 21.21
190 34 132.44
190 35 111.36
190 36 80.78
190 37 73.11
190 38 113.28
190 39 84.17
190 40 150.08
190 41 60.0
190 42 148.66
190 43 52.0
190 44 87.32
190 45 88.23
190 46 59.03
190 47 90.52
190 48 133.84
190 49 84.1
190 50 114.95
190 51 125.94
190 52 98.23
190 53 138.06
190 54 52.01
190 55 68.24
190 56 46.07
190 57 100.18
190 58 102.88
190 59 101.84
190 60 104.0
190 61 80.06
190 62 128.89
190 63 82.68
190 64 65.12
190 65 64.29
190 66 112.89
190 67 72.01
190 68 86.16
190 69 101.83
190 70 38.12
190 71 18.44
190 72 39.12
190 73 101.02
190 74 90.02
190 75 62.18
190 76 151.45
190 77 113.36
190 78 148.49
190 79 91.79
190 80 62.97
190 81 91.26
190 82 89.02
190 83 93.74
190 84 112.75
190 85 52.39
190 86 104.24
190 87 92.28
190 88 121.46
190 89 62.2
190 90 107.35
190 91 62.8
190 92 134.06
190 93 32.0
190 94 76.69
190 95 120.81
190 96 71.59
190 97 83.82
190 98 140.91
190 99 120.5
190 100 124.04
190 101 101.71
190 102 138.92
190 103 107.81
190 104 122.1
190 105 90.87
190 106 60.13
190 107 44.05
190 108 80.78
190 109 51.42
190 110 72.01
190 111 113.22
190 112 119.77
190 113 117.38
190 114 94.09
190 115 172.0
190 116 81.93
190 117 84.01
190 118 117.9
190 119 79.65
190 120 105.68
190 121 122.58
190 122 151.24
190 123 133.69
190 124 110.89
190 125 57.08
190 126 128.14
190 127 110.44
190 128 141.44
190 129 40.26
190 130 95.8
190 131 107.71
190 132 77.42
190 133 65.12
190 134 104.06
190 135 27.31
190 136 130.19
190 137 77.88
190 138 104.35
190 139 144.97
190 140 86.16
190 141 50.49
190 142 140.89
190 143 112.81
190 144 30.61
190 145 114.06
190 146 126.02
190 147 35.47
190 148 123.11
190 149 85.44
190 150 74.24
190 151 46.39
190 152 119.1
190 153 6.08
190 154 95.96
190 155 74.52
190 156 120.95
190 157 51.86
190 158 98.88
190 159 125.06
190 160 88.12
190 161 135.8
190 162 164.15
190 163 138.06
190 164 54.08
190 165 108.9
190 166 20.02
190 167 14.32
190 168 141.53
190 169 125.42
190 170 160.43
190 171 164.01
190 172 101.36
190 173 117.0
190 174 79.1
190 175 60.37
190 176 114.4
190 177 130.54
190 178 106.79
190 179 20.12
190 180 73.68
190 181 119.54
190 182 60.93
190 183 124.72
190 184 30.36
190 185 124.58
190 186 25.46
190 187 152.76
190 188 37.64
190 189 140.25
190 191 52.7
190 192 131.61
190 193 21.47
190 194 131.03
190 195 72.03
190 196 96.8
190 197 85.56
190 198 104.17
190 199 36.5
190 200 148.56
190 201 79.18
191 0 70.94
191 1 108.16
191 2 141.6
191 3 118.07
191 4 44.1
191 5 114.14
191 6 94.34
191 7 82.1
191 8 141.74
191 9 58.46
191 10 77.83
191 11 126.59
191 12 40.79
191 13 82.37
191 14 98.33
191 15 37.85
191 16 155.9
191 17 137.93
191 18 100.5
191 19 62.64
191 20 98.41
191 21 138.25
191 22 49.48
191 23 61.61
191 24 72.72
191 25 104.74
191 26 138.08
191 27 106.51
191 28 91.08
191 29 29.68
191 30 106.51
191 31 117.32
191 32 79.65
191 33 34.71
191 34 103.47
191 35 96.02
191 36 104.94
191 37 43.93
191 38 82.1
191 39 58.05
191 40 128.76
191 41 77.41
191 42 136.82
191 43 9.85
191 44 109.37
191 45 68.82
191 46 42.38
191 47 43.19
191 48 127.53
191 49 119.87
191 50 136.01
191 51 137.12
191 52 74.28
191 53 124.2
191 54 29.12
191 55 85.15
191 56 50.09
191 57 66.04
191 58 55.01
191 59 81.69
191 60 86.4
191 61 112.36
191 62 97.42
191 63 99.0
191 64 98.35
191 65 21.63
191 66 136.24
191 67 86.0
191 68 109.66
191 69 104.12
191 70 32.56
191 71 41.48
191 72 51.2
191 73 82.8
191 74 55.47
191 75 85.33
191 76 136.36
191 77 67.27
191 78 147.23
191 79 109.0
191 80 90.71
191 81 86.73
191 82 42.43
191 83 67.18
191 84 79.92
191 85 8.94
191 86 138.05
191 87 83.19
191 88 97.0
191 89 30.0
191 90 77.2
191 91 79.23
191 92 129.69
191 93 75.21
191 94 27.0
191 95 77.47
191 96 29.53
191 97 64.9
191 98 106.02
191 99 96.26
191 100 86.16
191 101 91.3
191 102 94.89
191 103 106.04
191 104 85.09
191 105 76.66
191 106 29.68
191 107 57.87
191 108 60.46
191 109 85.23
191 110 41.04
191 111 96.21
191 112 99.82
191 113 118.6
191 114 55.9
191 115 162.29
191 116 107.2
191 117 116.21
191 118 89.81
191 119 71.87
191 120 117.1
191 121 105.12
191 122 141.17
191 123 138.88
191 124 107.54
191 125 29.07
191 126 137.87
191 127 62.03
191 128 111.52
191 129 19.65
191 130 123.79
191 131 135.48
191 132 76.4
191 133 102.16
191 134 104.36
191 135 63.29
191 136 88.77
191 137 100.72
191 138 77.23
191 139 144.7
191 140 70.83
191 141 22.8
191 142 108.3
191 143 118.6
191 144 25.5
191 145 97.8
191 146 118.21
191 147 59.81
191 148 125.54
191 149 80.06
191 150 95.52
191 151 23.09
191 152 92.96
191 153 47.2
191 154 89.55
191 155 78.09
191 156 132.67
191 157 62.13
191 158 116.04
191 159 87.46
191 160 119.82
191 161 127.77
191 162 156.77
191 163 99.62
191 164 33.53
191 165 110.37
191 166 38.42
191 167 46.75
191 168 142.8
191 169 119.42
191 170 153.83
191 171 155.04
191 172 116.28
191 173 78.55
191 174 48.1
191 175 56.89
191 176 123.36
191 177 85.48
191 178 64.03
191 179 36.69
191 180 107.52
191 181 110.64
191 182 87.32
191 183 98.72
191 184 40.85
191 185 122.77
191 186 28.23
191 187 150.27
191 188 40.79
191 189 94.09
191 190 52.7
191 192 117.0
191 193 31.4
191 194 99.64
191 195 109.38
191 196 77.8
191 197 90.61
191 198 64.26
191 199 75.29
191 200 128.69
191 201 70.94
192 0 52.48
192 1 39.29
192 2 26.83
192 3 95.8
192 4 83.82
192 5 94.92
192 6 88.06
192 7 75.8
192 8 25.63
192 9 68.26
192 10 57.04
192 11 96.46
192 12 90.48
192 13 53.01
192 14 63.2
192 15 96.83
192 16 39.36
192 17 25.0
192 18 61.4
192 19 75.8
192 20 54.08
192 21 55.23
192 22 84.2
192 23 79.76
192 24 45.28
192 25 90.55
192 26 59.4
192 27 115.07
192 28 101.24
192 29 89.69
192 30 37.12
192 31 37.59
192 32 43.93
192 33 115.43
192 34 36.77
192 35 21.21
192 36 85.71
192 37 73.24
192 38 47.1
192 39 59.36
192 40 23.54
192 41 80.6
192 42 20.12
192 43 107.45
192 44 81.58
192 45 48.27
192 46 77.83
192 47 93.3
192 48 21.47
192 49 112.79
192 50 84.72
192 51 63.03
192 52 43.83
192 53 7.21
192 54 90.52
192 55 76.42
192 56 85.59
192 57 59.91
192 58 93.38
192 59 35.51
192 60 30.61
192 61 103.1
192 62 43.68
192 63 71.25
192 64 103.0
192 65 96.8
192 66 89.94
192 67 71.34
192 68 84.53
192 69 42.58
192 70 98.23
192 71 138.0
192 72 92.59
192 73 34.21
192 74 66.85
192 75 86.47
192 76 20.0
192 77 87.09
192 78 42.2
192 79 71.81
192 80 93.13
192 81 41.76
192 82 91.71
192 83 51.43
192 84 51.09
192 85 108.23
192 86 115.17
192 87 39.36
192 88 28.02
192 89 87.01
192 90 47.85
192 91 78.26
192 92 26.42
192 93 119.37
192 94 102.88
192 95 78.16
192 96 90.92
192 97 52.4
192 98 54.12
192 99 28.0
192 100 61.66
192 101 29.97
192 102 83.24
192 103 33.54
192 104 59.41
192 105 41.87
192 106 87.46
192 107 88.64
192 108 56.73
192 109 103.95
192 110 76.28
192 111 20.81
192 112 19.42
192 113 37.22
192 114 71.17
192 115 45.65
192 116 87.97
192 117 103.75
192 118 38.0
192 119 51.97
192 120 59.62
192 121 12.65
192 122 25.3
192 123 50.61
192 124 29.61
192 125 88.62
192 126 60.11
192 127 95.43
192 128 40.22
192 129 106.08
192 130 96.46
192 131 99.81
192 132 55.36
192 133 111.0
192 134 38.47
192 135 111.07
192 136 72.57
192 137 83.29
192 138 43.97
192 139 42.38
192 140 47.42
192 141 96.26
192 142 47.51
192 143 47.41
192 144 130.23
192 145 19.21
192 146 16.4
192 147 99.16
192 148 40.46
192 149 46.62
192 150 81.02
192 151 98.29
192 152 33.0
192 153 126.91
192 154 36.69
192 155 60.17
192 156 62.8
192 157 81.15
192 158 71.78
192 159 60.83
192 160 103.59
192 161 18.03
192 162 41.76
192 163 64.26
192 164 86.27
192 165 38.9
192 166 113.99
192 167 117.34
192 168 44.28
192 169 20.62
192 170 39.81
192 171 39.0
192 172 67.07
192 173 64.03
192 174 69.97
192 175 71.34
192 176 54.71
192 177 85.16
192 178 77.52
192 179 134.01
192 180 105.39
192 181 16.28
192 182 91.35
192 183 30.41
192 184 102.08
192 185 30.48
192 186 127.02
192 187 42.3
192 188 95.13
192 189 91.92
192 190 131.61
192 191 117.0
192 193 121.21
192 194 43.32
192 195 113.28
192 196 39.2
192 197 54.15
192 198 70.86
192 199 112.54
192 200 20.1
192 201 52.48
193 0 69.35
193 1 102.08
193 2 147.63
193 3 97.05
193 4 37.54
193 5 93.05
193 6 119.51
193 7 66.41
193 8 143.63
193 9 53.74
193 10 95.52
193 11 106.12
193 12 65.92
193 13 99.25
193 14 85.62
193 15 24.76
193 16 157.72
193 17 144.78
193 18 88.24
193 19 85.01
193 20 116.3
193 21 129.25
193 22 73.33
193 23 85.15
193 24 76.28
193 25 84.21
193 26 127.95
193 27 80.28
193 28 67.19
193 29 50.09
193 30 120.21
193 31 111.5
193 32 92.36
193 33 7.28
193 34 117.05
193 35 100.21
193 36 85.71
193 37 55.79
193 38 96.84
193 39 68.35
193 40 137.56
193 41 60.44
193 42 139.6
193 43 30.68
193 44 91.41
193 45 74.79
193 46 44.29
193 47 69.63
193 48 126.67
193 49 95.19
193 50 119.24
193 51 125.92
193 52 83.67
193 53 128.06
193 54 34.21
193 55 68.96
193 56 38.01
193 57 82.57
193 58 82.0
193 59 88.68
193 60 91.81
193 61 89.2
193 62 112.64
193 63 83.82
193 64 74.33
193 65 43.57
193 66 118.23
193 67 71.51
193 68 90.93
193 69 97.35
193 70 23.02
193 71 17.0
193 72 34.01
193 73 88.51
193 74 72.01
193 75 65.76
193 76 141.21
193 77 92.91
193 78 143.6
193 79 93.68
193 80 69.07
193 81 83.55
193 82 68.25
193 83 78.19
193 84 95.8
193 85 31.02
193 86 114.63
193 87 82.81
193 88 107.35
193 89 43.29
193 90 91.09
193 91 62.94
193 92 127.66
193 93 46.1
193 94 55.36
193 95 101.08
193 96 51.24
193 97 70.33
193 98 123.76
193 99 106.45
193 100 105.8
193 101 92.1
193 102 119.15
193 103 101.83
193 104 104.09
193 105 79.4
193 106 41.44
193 107 40.85
193 108 66.65
193 109 60.41
193 110 54.13
193 111 101.51
193 112 107.19
193 113 112.89
193 114 75.24
193 115 164.07
193 116 87.46
193 117 93.19
193 118 102.53
193 119 70.04
193 120 105.31
193 121 110.94
193 122 142.9
193 123 131.23
193 124 104.35
193 125 38.64
193 126 127.53
193 127 89.5
193 128 125.87
193 129 20.0
193 130 103.08
193 131 115.11
193 132 70.43
193 133 76.49
193 134 98.81
193 135 35.9
193 136 111.04
193 137 82.04
193 138 88.96
193 139 140.43
193 140 74.06
193 141 31.14
193 142 124.45
193 143 110.15
193 144 14.0
193 145 102.65
193 146 118.09
193 147 37.22
193 148 119.27
193 149 77.1
193 150 77.47
193 151 27.29
193 152 104.39
193 153 15.81
193 154 87.69
193 155 69.34
193 156 121.08
193 157 47.85
193 158 100.96
193 159 106.92
193 160 97.13
193 161 127.99
193 162 157.04
193 163 119.82
193 164 37.34
193 165 104.29
193 166 11.05
193 167 17.09
193 168 137.57
193 169 118.19
193 170 153.57
193 171 156.27
193 172 102.46
193 173 98.51
193 174 61.61
193 175 50.93
193 176 113.16
193 177 110.45
193 178 87.05
193 179 12.81
193 180 83.49
193 181 111.04
193 182 66.19
193 183 110.17
193 184 21.47
193 185 119.02
193 186 8.06
193 187 147.43
193 188 27.02
193 189 119.94
193 190 21.47
193 191 31.4
193 192 121.21
193 194 114.84
193 195 83.74
193 196 83.86
193 197 81.63
193 198 85.09
193 199 47.8
193 200 136.53
193 201 69.35
194 0 60.64
194 1 72.84
194 2 53.94
194 3 124.68
194 4 82.39
194 5 122.67
194 6 44.91
194 7 93.92
194 8 65.19
194 9 72.17
194 10 22.63
194 11 127.88
194 12 62.94
194 13 17.69
194 14 89.69
194 15 94.2
194 16 76.11
194 17 49.03
194 18 89.04
194 19 42.2
194 20 10.77
194 21 96.57
194 22 54.49
194 23 45.49
194 24 48.05
194 25 115.83
194 26 100.12
194 27 136.62
194 28 119.92
194 29 69.97
194 30 8.54
194 31 75.43
194 32 23.09
194 33 111.09
194 34 7.0
194 35 38.95
194 36 111.83
194 37 59.14
194 38 18.03
194 39 46.87
194 40 37.11
194 41 96.3
194 42 59.21
194 43 91.71
194 44 109.93
194 45 45.18
194 46 72.01
194 47 63.78
194 48 64.62
194 49 139.09
194 50 120.93
194 51 103.0
194 52 34.06
194 53 48.05
194 54 80.65
194 55 95.86
194 56 88.02
194 57 33.62
194 58 59.17
194 59 34.79
194 60 37.12
194 61 128.81
194 62 2.24
194 63 97.13
194 64 123.98
194 65 78.03
194 66 125.32
194 67 91.55
194 68 112.51
194 69 73.76
194 70 93.17
194 71 131.55
194 72 96.02
194 73 37.7
194 74 44.29
194 75 105.0
194 76 53.04
194 77 49.4
194 78 85.44
194 79 101.51
194 80 112.89
194 81 61.29
194 82 62.97
194 83 37.34
194 84 19.72
194 85 92.18
194 86 146.44
194 87 54.13
194 88 18.38
194 89 72.62
194 90 23.77
194 91 94.92
194 92 69.46
194 93 129.31
194 94 77.9
194 95 38.08
194 96 70.18
194 97 49.04
194 98 13.04
194 99 19.1
194 100 20.62
194 101 49.65
194 102 40.02
194 103 66.47
194 104 19.31
194 105 48.08
194 106 74.09
194 107 95.13
194 108 51.04
194 109 120.07
194 110 61.1
194 111 35.38
194 112 28.43
194 113 75.6
194 114 44.2
194 115 81.39
194 116 114.53
194 117 130.6
194 118 14.32
194 119 60.88
194 120 94.11
194 121 34.13
194 122 65.28
194 123 92.66
194 124 63.7
194 125 76.55
194 126 100.69
194 127 58.69
194 128 12.04
194 129 95.86
194 130 127.03
194 131 133.23
194 132 69.57
194 133 131.87
194 134 70.09
194 135 118.02
194 136 30.02
194 137 108.23
194 138 27.02
194 139 85.7
194 140 49.82
194 141 84.5
194 142 10.0
194 143 84.29
194 144 119.62
194 145 36.77
194 146 57.71
194 147 106.08
194 148 80.71
194 149 61.47
194 150 104.28
194 151 87.92
194 152 16.12
194 153 125.32
194 154 57.45
194 155 76.22
194 156 101.67
194 157 89.56
194 158 104.02
194 159 19.42
194 160 131.61
194 161 61.35
194 162 81.02
194 163 21.02
194 164 77.62
194 165 73.55
194 166 111.2
194 167 117.24
194 168 87.46
194 169 61.77
194 170 80.22
194 171 77.01
194 172 100.12
194 173 25.94
194 174 53.49
194 175 75.11
194 176 92.1
194 177 43.0
194 178 42.72
194 179 126.81
194 180 129.08
194 181 53.25
194 182 110.06
194 183 14.21
194 184 100.98
194 185 71.34
194 186 118.33
194 187 85.15
194 188 93.77
194 189 48.84
194 190 131.03
194 191 99.64
194 192 43.32
194 193 114.84
194 195 136.12
194 196 39.29
194 197 77.41
194 198 38.29
194 199 123.69
194 200 39.46
194 201 60.64
195 0 76.48
195 1 75.03
195 2 137.06
195 3 25.0
195 4 72.62
195 5 22.83
195 6 164.76
195 7 42.49
195 8 123.04
195 9 70.43
195 10 128.63
195 11 32.56
195 12 123.99
195 13 129.29
195 14 50.09
195 15 72.47
195 16 133.75
195 17 137.0
195 18 52.01
195 19 131.5
195 20 143.67
195 21 82.86
195 22 126.57
195 23 134.06
195 24 89.0
195 25 23.09
195 26 78.72
195 27 4.47
195 28 19.21
195 29 108.23
195 30 136.31
195 31 80.62
195 32 115.83
195 33 77.37
195 34 133.76
195 35 100.66
195 36 28.16
195 37 98.31
195 38 122.98
195 39 99.62
195 40 136.62
195 41 41.62
195 42 122.41
195 43 102.86
195 44 33.96
195 45 93.54
195 46 82.81
195 47 128.97
195 48 103.59
195 49 12.17
195 50 53.15
195 51 74.24
195 52 104.2
195 53 117.02
195 54 88.48
195 55 40.31
195 56 64.2
195 57 118.15
195 58 139.32
195 59 101.39
195 60 99.3
195 61 13.04
195 62 134.63
195 63 42.05
195 64 12.81
195 65 107.34
195 66 48.8
195 67 44.6
195 68 31.05
195 69 71.01
195 70 77.83
195 71 90.02
195 72 59.68
195 73 98.43
195 74 112.45
195 75 31.91
195 76 129.06
195 77 144.59
195 78 108.16
195 79 43.74
195 80 23.85
195 81 75.69
195 82 126.81
195 83 104.96
195 84 124.82
195 85 103.75
195 86 32.39
195 87 82.22
195 88 119.55
195 89 97.62
195 90 117.65
195 91 42.19
195 92 101.12
195 93 40.05
195 94 122.32
195 95 146.01
195 96 110.42
195 97 91.07
195 98 148.93
195 99 118.6
195 100 140.16
195 101 88.53
195 102 161.99
195 103 80.02
195 104 137.44
195 105 88.24
195 106 95.6
195 107 54.41
195 108 91.53
195 109 24.17
195 110 99.7
195 111 104.05
195 112 112.29
195 113 81.74
195 114 119.33
195 115 138.74
195 116 26.48
195 117 15.56
195 118 122.0
195 119 76.03
195 120 59.91
195 121 110.82
195 122 122.05
195 123 88.02
195 124 84.02
195 125 93.01
195 126 77.82
195 127 146.37
195 128 142.05
195 129 89.96
195 130 29.7
195 131 39.66
195 132 66.71
195 133 7.28
195 134 75.03
195 135 47.85
195 136 150.42
195 137 30.02
195 138 111.8
195 139 104.04
195 140 87.66
195 141 92.44
195 142 145.5
195 143 72.37
195 144 97.49
195 145 103.59
195 146 100.02
195 147 49.66
195 148 83.95
195 149 74.67
195 150 32.56
195 151 89.55
195 152 120.21
195 153 73.11
195 154 80.28
195 155 60.01
195 156 69.78
195 157 54.45
195 158 47.43
195 159 140.55
195 160 19.21
195 161 107.38
195 162 129.03
195 163 152.05
195 164 86.4
195 165 76.11
195 166 73.25
195 167 66.91
195 168 99.3
195 169 97.13
195 170 124.91
195 171 131.03
195 172 52.2
195 173 135.68
195 174 102.73
195 175 68.77
195 176 68.96
195 177 156.82
195 178 134.32
195 179 90.27
195 180 8.06
195 181 97.13
195 182 27.2
195 183 123.97
195 184 68.54
195 185 90.8
195 186 91.41
195 187 113.23
195 188 69.84
195 189 167.05
195 190 72.03
195 191 109.38
195 192 113.28
195 193 83.74
195 194 136.12
195 196 97.17
195 197 60.21
195 198 128.41
195 199 36.22
195 200 133.38
195 201 76.48
196 0 21.38
196 1 43.32
196 2 64.44
196 3 87.62
196 4 47.54
196 5 85.21
196 6 71.59
196 7 54.78
196 8 64.14
196 9 34.37
196 10 34.06
196 11 91.97
196 12 54.45
196 13 33.3
196 14 53.08
196 15 60.42
196 16 78.23
196 17 61.22
196 18 53.04
196 19 45.88
196 20 46.52
196 21 73.16
196 22 50.01
196 23 49.73
196 24 9.0
196 25 77.7
196 26 75.19
196 27 97.5
196 28 80.65
196 29 50.99
196 30 41.05
196 31 49.82
196 32 19.21
196 33 78.71
196 34 38.12
196 35 18.36
196 36 74.06
196 37 34.13
196 38 26.4
196 39 20.62
196 40 53.71
196 41 57.01
196 42 59.08
196 43 68.25
196 44 73.11
196 45 9.22
196 46 39.66
196 47 58.14
196 48 51.92
196 49 100.85
196 50 88.75
196 51 76.54
196 52 8.94
196 53 46.4
196 54 51.74
196 55 56.86
196 56 51.42
196 57 28.46
196 58 61.52
196 59 5.1
196 60 8.6
196 61 90.55
196 62 37.64
196 63 59.82
196 64 84.86
196 65 57.8
196 66 92.2
196 67 52.77
196 68 75.43
196 69 42.05
196 70 60.9
196 71 100.85
196 72 59.23
196 73 5.0
196 74 31.02
196 75 65.79
196 76 58.73
196 77 59.46
196 78 73.35
196 79 65.76
196 80 73.74
196 81 24.84
196 82 56.22
196 83 15.03
196 84 29.0
196 85 69.03
196 86 109.99
196 87 17.03
196 88 25.18
196 89 47.8
196 90 21.93
196 91 55.66
196 92 55.11
196 93 91.01
196 94 65.15
196 95 55.23
196 96 52.39
196 97 13.6
196 98 51.87
196 99 24.19
196 100 44.6
196 101 18.25
196 102 67.9
196 103 38.08
196 104 41.77
196 105 8.94
196 106 48.27
196 107 57.22
196 108 17.69
196 109 80.81
196 110 37.22
196 111 18.44
196 112 23.32
196 113 50.64
196 114 37.12
196 115 84.6
196 116 76.84
196 117 92.65
196 118 25.0
196 119 21.59
196 120 62.27
196 121 27.59
196 122 63.63
196 123 71.34
196 124 37.34
196 125 49.52
196 126 75.43
196 127 65.73
196 128 47.04
196 129 67.48
196 130 90.69
196 131 98.35
196 132 30.46
196 133 92.7
196 134 39.56
196 135 80.4
196 136 55.87
196 137 70.18
196 138 15.56
196 139 71.7
196 140 11.05
196 141 57.28
196 142 49.03
196 143 55.97
196 144 91.83
196 145 20.0
196 146 42.45
196 147 68.26
196 148 57.43
196 149 23.02
196 150 65.86
196 151 59.55
196 152 24.08
196 153 91.55
196 154 22.83
196 155 37.16
196 156 73.74
196 157 51.0
196 158 69.66
196 159 44.69
196 160 94.05
196 161 51.26
196 162 79.61
196 163 55.23
196 164 47.63
196 165 44.92
196 166 77.88
196 167 82.54
196 168 71.18
196 169 44.72
196 170 76.97
196 171 77.52
196 172 66.61
196 173 42.01
196 174 31.38
196 175 37.48
196 176 63.32
196 177 65.22
196 178 48.38
196 179 96.57
196 180 90.34
196 181 34.93
196 182 70.84
196 183 29.02
196 184 66.48
196 185 51.01
196 186 89.05
196 187 75.43
196 188 59.24
196 189 74.65
196 190 96.8
196 191 77.8
196 192 39.2
196 193 83.86
196 194 39.29
196 195 97.17
196 197 40.36
196 198 41.11
196 199 85.05
196 200 52.7
196 201 21.38
197 0 24.7
197 1 21.26
197 2 79.62
197 3 47.43
197 4 47.13
197 5 45.28
197 6 111.76
197 7 22.14
197 8 68.94
197 9 32.25
197 10 74.25
197 11 51.62
197 12 84.2
197 13 73.66
197 14 12.73
197 15 57.7
197 16 81.88
197 17 78.77
197 18 13.04
197 19 83.01
197 20 85.98
197 21 48.1
197 22 83.01
197 23 86.45
197 24 34.21
197 25 38.63
197 26 47.54
197 27 61.52
197 28 47.1
197 29 73.44
197 30 76.69
197 31 30.41
197 32 59.55
197 33 74.63
197 34 74.32
197 35 40.52
197 36 34.44
197 37 57.27
197 38 66.71
197 39 50.99
197 40 77.01
197 41 27.73
197 42 66.73
197 43 81.05
197 44 32.8
197 45 40.22
197 46 49.09
197 47 88.89
197 48 49.65
197 49 61.85
197 50 50.7
197 51 46.53
197 52 48.8
197 53 58.86
197 54 61.66
197 55 22.36
197 56 43.83
197 57 66.61
197 58 95.85
197 59 43.6
197 60 40.31
197 61 51.62
197 62 76.16
197 63 19.72
197 64 49.16
197 65 77.01
197 66 53.24
197 67 17.26
197 68 35.23
197 69 16.28
197 70 61.47
197 71 96.61
197 72 48.01
197 73 40.22
197 74 64.85
197 75 32.39
197 76 71.81
197 77 96.9
197 78 62.94
197 79 25.61
197 80 39.01
197 81 16.12
197 82 86.68
197 83 52.2
197 84 69.35
197 85 82.04
197 86 69.66
197 87 23.6
197 88 60.01
197 89 65.01
197 90 62.24
197 91 25.08
197 92 49.09
197 93 67.12
197 94 89.56
197 95 94.64
197 96 75.54
197 97 39.82
197 98 90.43
197 99 59.09
197 100 84.96
197 101 28.46
197 102 108.19
197 103 23.26
197 104 82.13
197 105 31.83
197 106 64.01
197 107 41.87
197 108 42.54
197 109 50.01
197 110 60.02
197 111 43.97
197 112 52.2
197 113 31.83
197 114 72.01
197 115 87.82
197 116 37.12
197 117 53.23
197 118 63.81
197 119 23.77
197 120 27.02
197 121 50.64
197 122 68.03
197 123 49.65
197 124 26.93
197 125 63.13
197 126 47.3
197 127 101.52
197 128 82.28
197 129 73.38
197 130 50.33
197 131 58.26
197 132 15.13
197 133 57.22
197 134 18.87
197 135 61.03
197 136 96.18
197 137 31.02
197 138 55.9
197 139 59.46
197 140 33.84
197 141 67.9
197 142 86.33
197 143 28.64
197 144 93.91
197 145 43.42
197 146 43.32
197 147 50.33
197 148 37.8
197 149 17.8
197 150 27.66
197 151 67.68
197 152 61.29
197 153 82.13
197 154 20.25
197 155 12.65
197 156 42.19
197 157 34.21
197 158 30.41
197 159 85.04
197 160 54.2
197 161 52.39
197 162 79.32
197 163 95.21
197 164 57.43
197 165 23.35
197 166 71.85
197 167 72.25
197 168 56.22
197 169 41.63
197 170 75.45
197 171 79.76
197 172 28.46
197 173 82.07
197 174 58.82
197 175 33.73
197 176 32.76
197 177 105.0
197 178 85.76
197 179 93.74
197 180 52.63
197 181 38.64
197 182 37.22
197 183 64.47
197 184 60.21
197 185 39.2
197 186 89.07
197 187 67.21
197 188 55.01
197 189 114.69
197 190 85.56
197 191 90.61
197 192 54.15
197 193 81.63
197 194 77.41
197 195 60.21
197 196 40.36
197 198 78.77
197 199 60.01
197 200 74.03
197 201 24.7
198 0 54.82
198 1 84.43
198 2 89.16
198 3 123.99
198 4 60.75
198 5 121.02
198 6 37.16
198 7 87.05
198 8 96.1
198 9 58.01
198 10 15.81
198 11 129.63
198 12 25.0
198 13 20.81
198 14 91.26
198 15 69.43
198 16 108.93
198 17 84.58
198 18 91.81
198 19 5.0
198 20 34.67
198 21 114.0
198 22 16.28
198 23 9.0
198 24 44.78
198 25 112.43
198 26 116.21
198 27 127.64
198 28 109.86
198 29 35.69
198 30 46.4
198 31 90.71
198 32 27.07
198 33 83.05
198 34 43.83
198 35 55.15
198 36 109.71
198 37 32.57
198 38 24.35
198 39 29.0
198 40 73.36
198 41 86.83
198 42 90.24
198 43 57.72
198 44 110.26
198 45 38.59
198 46 49.04
198 47 25.5
198 48 89.01
198 49 134.54
198 50 128.89
198 51 117.64
198 52 32.28
198 53 77.47
198 54 52.24
198 55 89.83
198 56 68.54
198 57 12.65
198 58 22.56
198 59 40.79
198 60 46.69
198 61 124.52
198 62 36.24
198 63 96.83
198 64 115.6
198 65 43.42
198 66 131.88
198 67 87.0
198 68 112.16
198 69 83.01
198 70 66.61
198 71 100.72
198 72 75.96
198 73 44.15
198 74 16.12
198 75 96.67
198 76 86.33
198 77 18.38
198 78 111.0
198 79 104.29
198 80 104.64
198 81 64.85
198 82 24.76
198 83 26.83
198 84 20.62
198 85 57.97
198 86 146.66
198 87 57.27
198 88 43.68
198 89 42.01
198 90 23.09
198 91 86.56
198 92 93.02
198 93 110.72
198 94 40.22
198 95 17.89
198 96 35.17
198 97 39.2
198 98 42.19
198 99 43.42
198 100 21.93
198 101 59.2
198 102 35.44
198 103 79.12
198 104 21.1
198 105 47.85
198 106 44.05
198 107 77.82
198 108 37.48
198 109 107.7
198 110 32.76
198 111 53.01
198 112 51.48
198 113 91.44
198 114 10.2
198 115 114.84
198 116 112.54
198 117 127.29
198 118 33.84
198 119 55.61
198 120 102.88
198 121 58.42
198 122 95.9
198 123 111.8
198 124 78.1
198 125 47.1
198 126 116.48
198 127 25.08
198 128 50.25
198 129 65.12
198 130 127.91
198 131 136.82
198 132 65.44
198 133 122.64
198 134 80.65
198 135 98.03
198 136 26.02
198 137 105.42
198 138 28.07
198 139 110.04
198 140 44.94
198 141 54.01
198 142 45.45
198 143 97.08
198 144 86.88
198 145 55.01
198 146 80.02
198 147 87.46
198 148 98.06
198 149 61.06
198 150 100.42
198 151 58.0
198 152 38.6
198 153 98.13
198 154 63.69
198 155 71.59
198 156 114.83
198 157 74.95
198 158 109.08
198 159 23.26
198 160 129.42
198 161 87.14
198 162 112.38
198 163 35.44
198 164 50.8
198 165 86.02
198 166 84.29
198 167 91.79
198 168 110.29
198 169 83.15
198 170 110.64
198 171 109.14
198 172 106.55
198 173 14.32
198 174 26.93
198 175 59.91
198 176 104.4
198 177 28.65
198 178 7.28
198 179 95.75
198 180 122.79
198 181 73.17
198 182 101.21
198 183 43.08
198 184 76.49
198 185 90.8
198 186 86.83
198 187 112.16
198 188 70.09
198 189 38.95
198 190 104.17
198 191 64.26
198 192 70.86
198 193 85.09
198 194 38.29
198 195 128.41
198 196 41.11
198 197 78.77
198 199 106.62
198 200 74.73
198 201 54.82
199 0 64.01
199 1 80.53
199 2 138.88
199 3 53.45
199 4 46.07
199 5 49.65
199 6 143.78
199 7 38.01
199 8 128.95
199 9 51.62
199 10 110.86
199 11 62.64
199 12 96.61
199 13 112.81
199 14 56.61
199 15 41.04
199 16 141.77
199 17 137.53
199 18 59.41
199 19 108.69
199 20 129.07
199 21 99.72
199 22 101.02
199 23 110.48
199 24 76.06
199 25 42.49
199 26 96.9
199 27 32.56
199 28 22.47
199 29 79.81
199 30 126.1
199 31 88.84
199 32 101.12
199 33 41.79
199 34 123.15
199 35 94.89
199 36 45.79
199 37 74.25
199 38 107.69
199 39 80.08
199 40 133.99
199 41 32.31
199 42 126.65
199 43 70.0
199 44 52.7
199 45 78.52
199 46 57.7
199 47 101.4
199 48 109.59
199 49 48.04
199 50 79.61
199 51 93.51
199 52 89.68
199 53 118.0
199 54 59.03
199 55 38.59
199 56 38.08
199 57 98.67
199 58 112.89
199 59 90.02
199 60 90.09
199 61 43.57
199 62 121.81
199 63 50.99
199 64 28.64
199 65 77.1
199 66 77.08
199 67 43.42
199 68 51.11
199 69 75.59
199 70 45.97
199 71 54.04
199 72 30.89
199 73 88.01
199 74 90.62
199 75 29.83
199 76 131.24
199 77 120.44
199 78 120.67
199 79 58.8
199 80 28.02
199 81 70.83
199 82 99.4
199 83 87.86
199 84 108.47
199 85 70.8
199 86 68.01
199 87 74.67
199 88 110.0
199 89 69.4
199 90 101.79
199 91 34.93
199 92 108.71
199 93 7.21
199 94 91.92
199 95 124.48
199 96 81.84
199 97 74.81
199 98 135.48
199 99 109.0
199 100 122.53
199 101 83.36
199 102 141.87
199 103 83.26
199 104 120.07
199 105 77.01
199 106 67.2
199 107 29.12
199 108 73.55
199 109 15.23
199 110 74.71
199 111 97.62
199 112 105.39
199 113 90.21
199 114 96.66
199 115 147.6
199 116 46.53
199 117 47.52
199 118 109.46
199 119 64.03
199 120 74.28
199 121 106.21
199 122 128.04
199 123 103.48
199 124 86.93
199 125 64.2
199 126 96.21
199 127 120.37
199 128 132.09
199 129 56.61
199 130 59.48
199 131 71.31
199 132 57.71
199 133 29.07
199 134 78.72
199 135 12.08
199 136 131.24
199 137 43.6
199 138 97.02
199 139 116.83
199 140 74.11
199 141 61.52
199 142 133.63
199 143 83.6
199 144 61.39
199 145 97.87
199 146 103.25
199 147 19.24
199 148 94.87
199 149 66.75
199 150 41.04
199 151 58.0
199 152 109.11
199 153 37.0
199 154 75.93
199 155 52.39
199 156 88.53
199 157 34.13
199 158 65.44
199 159 123.23
199 160 51.62
199 161 112.4
199 162 138.8
199 163 135.82
199 164 58.25
199 165 82.37
199 166 37.7
199 167 30.81
199 168 112.8
199 169 101.64
199 170 134.83
199 171 139.54
199 172 68.68
199 173 116.69
199 174 79.71
199 175 48.84
199 176 83.55
199 177 135.15
199 178 111.36
199 179 54.08
199 180 37.22
199 181 98.03
199 182 26.91
199 183 114.02
199 184 35.47
199 185 98.49
199 186 55.32
199 187 125.36
199 188 39.05
199 189 145.41
199 190 36.5
199 191 75.29
199 192 112.54
199 193 47.8
199 194 123.69
199 195 36.22
199 196 85.05
199 197 60.01
199 198 106.62
199 200 131.59
199 201 64.01
200 0 69.64
200 1 59.23
200 2 14.56
200 3 115.73
200 4 99.76
200 5 114.93
200 6 83.05
200 7 95.43
200 8 28.23
200 9 85.09
200 10 59.24
200 11 116.09
200 12 97.42
200 13 54.42
200 14 83.29
200 15 112.77
200 16 37.05
200 17 9.85
200 18 81.5
200 19 79.31
200 20 49.04
200 21 71.4
200 22 89.94
200 23 83.01
200 24 60.42
200 25 110.65
200 26 76.03
200 27 135.13
200 28 121.1
200 29 99.9
200 30 31.14
200 31 56.65
200 32 50.22
200 33 131.23
200 34 32.56
200 35 37.34
200 36 105.8
200 37 84.9
200 38 50.54
200 39 70.77
200 40 4.24
200 41 99.98
200 42 22.83
200 43 119.55
200 44 101.61
200 45 61.85
200 46 92.36
200 47 99.36
200 48 36.62
200 49 132.83
200 50 103.32
200 51 80.16
200 52 54.49
200 53 17.89
200 54 104.2
200 55 96.19
200 56 102.55
200 57 66.04
200 58 96.93
200 59 48.01
200 60 44.78
200 61 123.18
200 62 40.79
200 63 91.35
200 64 123.02
200 65 107.56
200 66 108.75
200 67 91.14
200 68 104.56
200 69 62.65
200 70 113.53
200 71 153.5
200 72 109.93
200 73 48.02
200 74 75.0
200 75 106.23
200 76 14.56
200 77 88.32
200 78 52.43
200 79 91.78
200 80 113.04
200 81 60.83
200 82 98.11
200 83 61.52
200 84 54.13
200 85 120.24
200 86 134.71
200 87 57.28
200 88 32.2
200 89 99.09
200 90 53.54
200 91 97.74
200 92 41.4
200 93 138.29
200 94 111.25
200 95 77.47
200 96 100.77
200 97 66.29
200 98 46.27
200 99 32.8
200 100 60.02
200 101 48.27
200 102 78.06
200 103 53.6
200 104 58.46
200 105 57.7
200 106 99.9
200 107 106.57
200 108 70.21
200 109 123.58
200 110 87.69
200 111 35.34
200 112 29.41
200 113 56.08
200 114 77.7
200 115 42.05
200 116 108.05
200 117 123.79
200 118 41.18
200 119 69.29
200 120 79.06
200 121 26.0
200 122 28.64
200 123 66.07
200 124 49.65
200 125 101.53
200 126 76.84
200 127 97.42
200 128 31.14
200 129 120.0
200 130 116.21
200 131 119.04
200 132 73.98
200 133 131.03
200 134 58.55
200 135 129.4
200 136 69.18
200 137 103.39
200 138 51.86
200 139 54.04
200 140 62.65
200 141 109.48
200 142 39.2
200 143 66.48
200 144 144.4
200 145 34.54
200 146 35.11
200 147 117.34
200 148 58.18
200 149 65.0
200 150 101.08
200 151 112.0
200 152 36.89
200 153 143.56
200 154 55.73
200 155 79.25
200 156 80.62
200 157 99.33
200 158 91.48
200 159 58.86
200 160 123.56
200 161 32.2
200 162 42.76
200 163 58.08
200 164 100.21
200 165 58.69
200 166 130.18
200 167 134.24
200 168 57.31
200 169 39.0
200 170 42.72
200 171 38.33
200 172 86.68
200 173 64.56
200 174 80.62
200 175 88.24
200 176 73.41
200 177 82.22
200 178 80.41
200 179 149.25
200 180 125.48
200 181 36.35
200 182 111.16
200 183 31.76
200 184 118.51
200 185 48.3
200 186 141.74
200 187 50.61
200 188 111.36
200 189 87.05
200 190 148.56
200 191 128.69
200 192 20.1
200 193 136.53
200 194 39.46
200 195 133.38
200 196 52.7
200 197 74.03
200 198 74.73
200 199 131.59
200 201 69.64
201 0 0.0
201 1 37.66
201 2 79.26
201 3 69.31
201 4 31.83
201 5 66.48
201 6 89.38
201 7 34.0
201 8 74.28
201 9 15.81
201 10 52.43
201 11 74.81
201 12 59.67
201 13 52.84
201 14 36.72
201 15 44.69
201 16 88.39
201 17 76.92
201 18 37.58
201 19 58.82
201 20 67.42
201 21 68.47
201 22 58.31
201 23 62.13
201 24 12.65
201 25 58.26
201 26 69.07
201 27 76.56
201 28 59.46
201 29 50.01
201 30 62.29
201 31 46.57
201 32 39.4
201 33 63.25
201 34 59.41
201 35 32.31
201 36 55.17
201 37 33.14
201 38 46.52
201 39 26.42
201 40 71.47
201 41 35.74
201 42 70.29
201 43 61.1
201 44 55.44
201 45 17.2
201 46 28.64
201 47 64.29
201 48 57.8
201 49 81.02
201 50 75.39
201 51 69.03
201 52 27.73
201 53 59.08
201 54 42.05
201 55 36.36
201 56 33.12
201 57 43.14
201 58 71.18
201 59 26.17
201 60 26.17
201 61 70.8
201 62 58.94
201 63 42.01
201 64 63.98
201 65 54.59
201 66 77.82
201 67 32.8
201 68 57.38
201 69 34.13
201 70 46.69
201 71 85.91
201 72 40.31
201 73 24.0
201 74 40.31
201 75 44.78
201 76 72.4
201 77 72.67
201 78 76.48
201 79 49.74
201 80 52.8
201 81 15.81
201 82 62.1
201 83 29.07
201 84 48.37
201 85 62.03
201 86 91.97
201 87 13.45
201 88 46.01
201 89 42.76
201 90 41.18
201 91 34.54
201 92 59.36
201 93 70.18
201 94 66.01
201 95 71.42
201 96 52.0
201 97 15.62
201 98 73.08
201 99 45.01
201 100 63.81
201 101 22.8
201 102 86.21
201 103 35.11
201 104 61.06
201 105 13.0
201 106 42.2
201 107 37.11
201 108 17.89
201 109 59.44
201 110 36.06
201 111 34.48
201 112 41.77
201 113 47.8
201 114 47.51
201 115 94.75
201 116 58.0
201 117 73.25
201 118 46.32
201 119 1.0
201 120 50.99
201 121 43.66
201 122 73.55
201 123 68.45
201 124 36.67
201 125 42.06
201 126 69.03
201 127 76.94
201 128 68.26
201 129 56.3
201 130 73.11
201 131 82.1
201 132 10.63
201 133 71.69
201 134 33.73
201 135 60.21
201 136 74.4
201 137 50.99
201 138 35.34
201 139 73.82
201 140 11.18
201 141 48.33
201 142 70.41
201 143 49.09
201 144 79.51
201 145 35.11
201 146 48.92
201 147 48.05
201 148 54.82
201 149 9.22
201 150 46.23
201 151 49.24
201 152 45.4
201 153 74.43
201 154 18.87
201 155 17.03
201 156 65.19
201 157 30.27
201 158 55.04
201 159 64.14
201 160 75.07
201 161 58.8
201 162 87.97
201 163 75.58
201 164 37.58
201 165 39.81
201 166 61.61
201 167 64.88
201 168 71.87
201 169 49.41
201 170 84.65
201 171 87.0
201 172 53.14
201 173 59.82
201 174 34.21
201 175 18.87
201 176 55.04
201 177 82.04
201 178 61.61
201 179 82.13
201 180 69.97
201 181 41.73
201 182 49.77
201 183 50.09
201 184 49.65
201 185 51.89
201 186 75.69
201 187 79.76
201 188 42.8
201 189 92.02
201 190 79.18
201 191 70.94
201 192 52.48
201 193 69.35
201 194 60.64
201 195 76.48
201 196 21.38
201 197 24.7
201 198 54.82
201 199 64.01
201 200 69.64
;
