o:= 0;
s:= 201;

POI:= 1 2 3 4 5 6 7 8 9 10 11 12 13 14 15 16 17 18 19 20 21 22 23 24 25 26 27 28 29 30 31 32 33 34 35 36 37 38 39 40 41 42 43 44 45 46 47 48 49 50 51 52 53 54 55 56 57 58 59 60 61 62 63 64 65 66 67 68 69 70 71 72 73 74 75 76 77 78 79 80 81 82 83 84 85 86 87 88 89 90 91 92 93 94 95 96 97 98 99 100 101 102 103 104 105 106 107 108 109 110 111 112 113 114 115 116 117 118 119 120 121 122 123 124 125 126 127 128 129 130 131 132 133 134 135 136 137 138 139 140 141 142 143 144 145 146 147 148 149 150 151 152 153 154 155 156 157 158 159 160 161 162 163 164 165 166 167 168 169 170 171 172 173 174 175 176 177 178 179 180 181 182 183 184 185 186 187 188 189 190 191 192 193 194 195 196 197 198 199 200;
M:= 1 2;
Z:= 1 2 3;

TM:= 2535;

E:=
1 57
2 43
3 29
;

e:=
0 1 0 0 2 0 0 3 0
1 1 1 1 2 0 1 3 0
2 1 0 2 2 0 2 3 1
3 1 1 3 2 0 3 3 0
4 1 0 4 2 0 4 3 1
5 1 1 5 2 0 5 3 0
6 1 0 6 2 1 6 3 0
7 1 1 7 2 0 7 3 0
8 1 1 8 2 0 8 3 0
9 1 1 9 2 0 9 3 0
10 1 1 10 2 0 10 3 0
11 1 0 11 2 1 11 3 0
12 1 0 12 2 1 12 3 0
13 1 0 13 2 1 13 3 0
14 1 1 14 2 0 14 3 0
15 1 0 15 2 1 15 3 0
16 1 0 16 2 1 16 3 0
17 1 1 17 2 0 17 3 0
18 1 0 18 2 1 18 3 0
19 1 1 19 2 0 19 3 0
20 1 1 20 2 0 20 3 0
21 1 0 21 2 1 21 3 0
22 1 1 22 2 0 22 3 0
23 1 1 23 2 0 23 3 0
24 1 0 24 2 1 24 3 0
25 1 0 25 2 0 25 3 1
26 1 0 26 2 1 26 3 0
27 1 1 27 2 0 27 3 0
28 1 1 28 2 0 28 3 0
29 1 1 29 2 0 29 3 0
30 1 0 30 2 0 30 3 1
31 1 1 31 2 0 31 3 0
32 1 0 32 2 1 32 3 0
33 1 1 33 2 0 33 3 0
34 1 1 34 2 0 34 3 0
35 1 0 35 2 1 35 3 0
36 1 1 36 2 0 36 3 0
37 1 1 37 2 0 37 3 0
38 1 0 38 2 0 38 3 1
39 1 1 39 2 0 39 3 0
40 1 0 40 2 0 40 3 1
41 1 0 41 2 0 41 3 1
42 1 1 42 2 0 42 3 0
43 1 1 43 2 0 43 3 0
44 1 0 44 2 1 44 3 0
45 1 0 45 2 1 45 3 0
46 1 1 46 2 0 46 3 0
47 1 0 47 2 1 47 3 0
48 1 1 48 2 0 48 3 0
49 1 1 49 2 0 49 3 0
50 1 1 50 2 0 50 3 0
51 1 1 51 2 0 51 3 0
52 1 1 52 2 0 52 3 0
53 1 1 53 2 0 53 3 0
54 1 0 54 2 1 54 3 0
55 1 1 55 2 0 55 3 0
56 1 1 56 2 0 56 3 0
57 1 0 57 2 1 57 3 0
58 1 0 58 2 0 58 3 1
59 1 1 59 2 0 59 3 0
60 1 1 60 2 0 60 3 0
61 1 1 61 2 0 61 3 0
62 1 1 62 2 0 62 3 0
63 1 0 63 2 1 63 3 0
64 1 0 64 2 0 64 3 1
65 1 0 65 2 1 65 3 0
66 1 1 66 2 0 66 3 0
67 1 0 67 2 1 67 3 0
68 1 1 68 2 0 68 3 0
69 1 1 69 2 0 69 3 0
70 1 0 70 2 0 70 3 1
71 1 0 71 2 1 71 3 0
72 1 0 72 2 0 72 3 1
73 1 1 73 2 0 73 3 0
74 1 1 74 2 0 74 3 0
75 1 0 75 2 1 75 3 0
76 1 1 76 2 0 76 3 0
77 1 1 77 2 0 77 3 0
78 1 1 78 2 0 78 3 0
79 1 1 79 2 0 79 3 0
80 1 0 80 2 0 80 3 1
81 1 1 81 2 0 81 3 0
82 1 0 82 2 1 82 3 0
83 1 1 83 2 0 83 3 0
84 1 0 84 2 1 84 3 0
85 1 0 85 2 1 85 3 0
86 1 1 86 2 0 86 3 0
87 1 1 87 2 0 87 3 0
88 1 0 88 2 1 88 3 0
89 1 0 89 2 1 89 3 0
90 1 0 90 2 0 90 3 1
91 1 1 91 2 0 91 3 0
92 1 1 92 2 0 92 3 0
93 1 0 93 2 1 93 3 0
94 1 1 94 2 0 94 3 0
95 1 0 95 2 1 95 3 0
96 1 1 96 2 0 96 3 0
97 1 1 97 2 0 97 3 0
98 1 0 98 2 0 98 3 1
99 1 1 99 2 0 99 3 0
100 1 1 100 2 0 100 3 0
101 1 0 101 2 0 101 3 1
102 1 1 102 2 0 102 3 0
103 1 1 103 2 0 103 3 0
104 1 0 104 2 0 104 3 1
105 1 1 105 2 0 105 3 0
106 1 1 106 2 0 106 3 0
107 1 0 107 2 1 107 3 0
108 1 0 108 2 1 108 3 0
109 1 0 109 2 0 109 3 1
110 1 0 110 2 1 110 3 0
111 1 0 111 2 0 111 3 1
112 1 0 112 2 1 112 3 0
113 1 1 113 2 0 113 3 0
114 1 1 114 2 0 114 3 0
115 1 0 115 2 1 115 3 0
116 1 0 116 2 1 116 3 0
117 1 0 117 2 1 117 3 0
118 1 0 118 2 1 118 3 0
119 1 0 119 2 1 119 3 0
120 1 1 120 2 0 120 3 0
121 1 1 121 2 0 121 3 0
122 1 1 122 2 0 122 3 0
123 1 1 123 2 0 123 3 0
124 1 1 124 2 0 124 3 0
125 1 0 125 2 1 125 3 0
126 1 0 126 2 1 126 3 0
127 1 1 127 2 0 127 3 0
128 1 1 128 2 0 128 3 0
129 1 1 129 2 0 129 3 0
130 1 1 130 2 0 130 3 0
131 1 1 131 2 0 131 3 0
132 1 1 132 2 0 132 3 0
133 1 1 133 2 0 133 3 0
134 1 0 134 2 1 134 3 0
135 1 0 135 2 0 135 3 1
136 1 0 136 2 1 136 3 0
137 1 1 137 2 0 137 3 0
138 1 0 138 2 0 138 3 1
139 1 0 139 2 1 139 3 0
140 1 1 140 2 0 140 3 0
141 1 1 141 2 0 141 3 0
142 1 0 142 2 1 142 3 0
143 1 1 143 2 0 143 3 0
144 1 1 144 2 0 144 3 0
145 1 1 145 2 0 145 3 0
146 1 1 146 2 0 146 3 0
147 1 0 147 2 1 147 3 0
148 1 1 148 2 0 148 3 0
149 1 1 149 2 0 149 3 0
150 1 1 150 2 0 150 3 0
151 1 0 151 2 1 151 3 0
152 1 0 152 2 1 152 3 0
153 1 1 153 2 0 153 3 0
154 1 1 154 2 0 154 3 0
155 1 1 155 2 0 155 3 0
156 1 1 156 2 0 156 3 0
157 1 1 157 2 0 157 3 0
158 1 1 158 2 0 158 3 0
159 1 0 159 2 0 159 3 1
160 1 0 160 2 0 160 3 1
161 1 1 161 2 0 161 3 0
162 1 0 162 2 0 162 3 1
163 1 1 163 2 0 163 3 0
164 1 0 164 2 1 164 3 0
165 1 1 165 2 0 165 3 0
166 1 0 166 2 0 166 3 1
167 1 1 167 2 0 167 3 0
168 1 1 168 2 0 168 3 0
169 1 1 169 2 0 169 3 0
170 1 0 170 2 1 170 3 0
171 1 0 171 2 1 171 3 0
172 1 1 172 2 0 172 3 0
173 1 1 173 2 0 173 3 0
174 1 0 174 2 0 174 3 1
175 1 0 175 2 1 175 3 0
176 1 1 176 2 0 176 3 0
177 1 0 177 2 1 177 3 0
178 1 0 178 2 0 178 3 1
179 1 0 179 2 1 179 3 0
180 1 0 180 2 1 180 3 0
181 1 1 181 2 0 181 3 0
182 1 1 182 2 0 182 3 0
183 1 1 183 2 0 183 3 0
184 1 1 184 2 0 184 3 0
185 1 1 185 2 0 185 3 0
186 1 1 186 2 0 186 3 0
187 1 0 187 2 1 187 3 0
188 1 1 188 2 0 188 3 0
189 1 0 189 2 1 189 3 0
190 1 0 190 2 0 190 3 1
191 1 1 191 2 0 191 3 0
192 1 0 192 2 0 192 3 1
193 1 1 193 2 0 193 3 0
194 1 1 194 2 0 194 3 0
195 1 1 195 2 0 195 3 0
196 1 1 196 2 0 196 3 0
197 1 0 197 2 0 197 3 1
198 1 1 198 2 0 198 3 0
199 1 1 199 2 0 199 3 0
200 1 0 200 2 1 200 3 0
201 1 0 201 2 0 201 3 0
;

SCORE:=
0 0
1 9
2 7
3 20
4 14
5 26
6 27
7 18
8 22
9 13
10 8
11 5
12 13
13 9
14 11
15 40
16 25
17 10
18 22
19 18
20 17
21 8
22 15
23 19
24 27
25 5
26 8
27 13
28 20
29 20
30 14
31 13
32 21
33 12
34 30
35 11
36 13
37 13
38 12
39 22
40 24
41 8
42 20
43 36
44 12
45 15
46 21
47 6
48 10
49 15
50 15
51 20
52 7
53 23
54 15
55 16
56 22
57 20
58 26
59 1
60 34
61 13
62 20
63 32
64 10
65 9
66 13
67 37
68 16
69 17
70 1
71 25
72 33
73 31
74 19
75 17
76 10
77 12
78 9
79 27
80 9
81 29
82 15
83 10
84 18
85 1
86 26
87 21
88 39
89 9
90 7
91 20
92 15
93 25
94 15
95 16
96 21
97 20
98 18
99 23
100 4
101 23
102 21
103 32
104 35
105 16
106 20
107 21
108 10
109 26
110 15
111 35
112 13
113 33
114 11
115 10
116 23
117 20
118 18
119 18
120 18
121 16
122 25
123 20
124 25
125 4
126 23
127 24
128 23
129 20
130 14
131 20
132 1
133 18
134 16
135 19
136 12
137 8
138 17
139 5
140 27
141 3
142 34
143 18
144 3
145 30
146 19
147 13
148 18
149 12
150 15
151 18
152 9
153 20
154 35
155 9
156 25
157 21
158 9
159 31
160 18
161 7
162 9
163 11
164 20
165 23
166 17
167 41
168 4
169 9
170 16
171 27
172 10
173 5
174 4
175 31
176 24
177 23
178 43
179 16
180 1
181 32
182 24
183 16
184 15
185 3
186 27
187 29
188 2
189 24
190 5
191 20
192 9
193 28
194 18
195 12
196 19
197 9
198 10
199 17
200 30
201 0
;

OT:=
0 0
1 1932
2 1490
3 0
4 0
5 0
6 339
7 1276
8 47
9 1035
10 1670
11 0
12 0
13 0
14 0
15 0
16 1221
17 1084
18 0
19 0
20 1545
21 392
22 1428
23 0
24 1542
25 0
26 170
27 0
28 1443
29 974
30 0
31 0
32 539
33 0
34 28
35 320
36 146
37 1135
38 0
39 1846
40 0
41 17
42 0
43 0
44 617
45 0
46 1911
47 149
48 0
49 0
50 0
51 0
52 1830
53 1866
54 1622
55 1365
56 0
57 0
58 1195
59 0
60 0
61 150
62 41
63 0
64 0
65 243
66 876
67 0
68 0
69 1102
70 0
71 0
72 0
73 0
74 31
75 0
76 1431
77 0
78 604
79 0
80 0
81 0
82 1428
83 0
84 1179
85 1949
86 1908
87 0
88 396
89 1117
90 765
91 316
92 0
93 1345
94 0
95 249
96 0
97 1870
98 1287
99 0
100 172
101 1288
102 0
103 491
104 0
105 0
106 1347
107 0
108 1540
109 1504
110 1524
111 0
112 1606
113 0
114 0
115 0
116 36
117 237
118 323
119 156
120 0
121 1487
122 0
123 0
124 952
125 0
126 0
127 0
128 0
129 0
130 1038
131 30
132 0
133 867
134 626
135 582
136 0
137 272
138 1136
139 173
140 0
141 876
142 0
143 100
144 0
145 0
146 706
147 0
148 1778
149 0
150 480
151 357
152 142
153 0
154 0
155 0
156 1413
157 0
158 1065
159 0
160 1280
161 0
162 448
163 0
164 0
165 0
166 0
167 358
168 0
169 1731
170 735
171 0
172 765
173 1375
174 0
175 0
176 1041
177 343
178 0
179 0
180 0
181 0
182 0
183 0
184 408
185 0
186 0
187 1282
188 1581
189 0
190 0
191 708
192 131
193 0
194 326
195 0
196 0
197 0
198 1105
199 190
200 658
201 0
;

TT:=
0 0
1 10
2 10
3 10
4 10
5 10
6 10
7 10
8 10
9 10
10 10
11 10
12 10
13 10
14 10
15 10
16 10
17 10
18 10
19 10
20 10
21 10
22 10
23 10
24 10
25 10
26 10
27 10
28 10
29 10
30 10
31 10
32 10
33 10
34 10
35 10
36 10
37 10
38 10
39 10
40 10
41 10
42 10
43 10
44 10
45 10
46 10
47 10
48 10
49 10
50 10
51 10
52 10
53 10
54 10
55 10
56 10
57 10
58 10
59 10
60 10
61 10
62 10
63 10
64 10
65 10
66 10
67 10
68 10
69 10
70 10
71 10
72 10
73 10
74 10
75 10
76 10
77 10
78 10
79 10
80 10
81 10
82 10
83 10
84 10
85 10
86 10
87 10
88 10
89 10
90 10
91 10
92 10
93 10
94 10
95 10
96 10
97 10
98 10
99 10
100 10
101 10
102 10
103 10
104 10
105 10
106 10
107 10
108 10
109 10
110 10
111 10
112 10
113 10
114 10
115 10
116 10
117 10
118 10
119 10
120 10
121 10
122 10
123 10
124 10
125 10
126 10
127 10
128 10
129 10
130 10
131 10
132 10
133 10
134 10
135 10
136 10
137 10
138 10
139 10
140 10
141 10
142 10
143 10
144 10
145 10
146 10
147 10
148 10
149 10
150 10
151 10
152 10
153 10
154 10
155 10
156 10
157 10
158 10
159 10
160 10
161 10
162 10
163 10
164 10
165 10
166 10
167 10
168 10
169 10
170 10
171 10
172 10
173 10
174 10
175 10
176 10
177 10
178 10
179 10
180 10
181 10
182 10
183 10
184 10
185 10
186 10
187 10
188 10
189 10
190 10
191 10
192 10
193 10
194 10
195 10
196 10
197 10
198 10
199 10
200 10
201 0
;

CT:=
0 2535
1 2172
2 1730
3 2483
4 2483
5 2479
6 579
7 1516
8 287
9 1275
10 1910
11 2450
12 2475
13 2452
14 2467
15 2434
16 1461
17 1324
18 2516
19 2475
20 1785
21 632
22 1668
23 2515
24 1782
25 2491
26 410
27 2438
28 1683
29 1214
30 2463
31 2450
32 779
33 2476
34 268
35 560
36 386
37 1375
38 2477
39 2086
40 2437
41 257
42 2472
43 2468
44 857
45 2490
46 2151
47 389
48 2456
49 2476
50 2457
51 2454
52 2070
53 2106
54 1862
55 1605
56 2491
57 2480
58 1435
59 2449
60 2488
61 390
62 281
63 2483
64 2461
65 483
66 1116
67 2510
68 2453
69 1342
70 2499
71 2456
72 2481
73 2482
74 271
75 2491
76 1671
77 2483
78 844
79 2473
80 2524
81 2466
82 1668
83 2467
84 1419
85 2189
86 2148
87 2489
88 636
89 1357
90 1005
91 556
92 2489
93 1585
94 2464
95 489
96 2507
97 2110
98 1527
99 2512
100 412
101 1528
102 2486
103 731
104 2476
105 2454
106 1587
107 2476
108 1780
109 1744
110 1764
111 2510
112 1846
113 2492
114 2455
115 2501
116 276
117 477
118 563
119 396
120 2473
121 1727
122 2474
123 2451
124 1192
125 2476
126 2473
127 2449
128 2468
129 2467
130 1278
131 270
132 2448
133 1107
134 866
135 822
136 2454
137 512
138 1376
139 413
140 2455
141 1116
142 2462
143 340
144 2507
145 2479
146 946
147 2452
148 2018
149 2462
150 720
151 597
152 382
153 2485
154 2498
155 2444
156 1653
157 2465
158 1305
159 2441
160 1520
161 2458
162 688
163 2508
164 2514
165 2483
166 2467
167 598
168 2512
169 1971
170 975
171 2513
172 1005
173 1615
174 2490
175 2466
176 1281
177 583
178 2457
179 2477
180 2478
181 2501
182 2455
183 2504
184 648
185 2460
186 2490
187 1522
188 1821
189 2454
190 2479
191 948
192 371
193 2438
194 566
195 2443
196 2489
197 2454
198 1345
199 430
200 898
201 2535
;

t:=
0 1 76.56
0 2 48.33
0 3 42.06
0 4 42.2
0 5 46.01
0 6 94.75
0 7 59.08
0 8 41.77
0 9 58.26
0 10 86.21
0 11 75.58
0 12 50.01
0 13 73.55
0 14 58.82
0 15 91.97
0 16 41.18
0 17 48.37
0 18 9.22
0 19 50.99
0 20 64.29
0 21 79.26
0 22 34.48
0 23 10.63
0 24 69.64
0 25 34.21
0 26 62.29
0 27 87.0
0 28 64.88
0 29 75.07
0 30 62.1
0 31 75.39
0 32 74.28
0 33 49.65
0 34 28.64
0 35 74.43
0 36 44.69
0 37 69.97
0 38 48.92
0 39 34.54
0 40 88.39
0 41 17.03
0 42 53.14
0 43 57.38
0 44 73.82
0 45 35.11
0 46 72.67
0 47 32.8
0 48 69.07
0 49 49.77
0 50 68.26
0 51 71.69
0 52 37.11
0 53 17.2
0 54 61.1
0 55 22.8
0 56 34.0
0 57 45.01
0 58 46.32
0 59 76.48
0 60 37.66
0 61 37.58
0 62 40.31
0 63 42.05
0 64 64.14
0 65 46.23
0 66 61.06
0 67 15.81
0 68 72.4
0 69 33.73
0 70 26.42
0 71 69.03
0 72 44.78
0 73 43.14
0 74 31.83
0 75 34.13
0 76 79.51
0 77 42.01
0 78 26.17
0 79 52.84
0 80 1.0
0 81 59.44
0 82 37.58
0 83 58.31
0 84 70.41
0 85 54.82
0 86 26.17
0 87 36.06
0 88 69.31
0 89 39.4
0 90 59.41
0 91 59.82
0 92 36.72
0 93 82.04
0 94 61.61
0 95 58.8
0 96 18.87
0 97 79.18
0 98 62.13
0 99 13.0
0 100 62.03
0 101 69.03
0 102 39.81
0 103 66.48
0 104 49.24
0 105 71.42
0 106 56.3
0 107 49.41
0 108 75.69
0 109 52.0
0 110 54.59
0 111 15.81
0 112 54.82
0 113 33.14
0 114 70.29
0 115 24.7
0 116 36.36
0 117 70.18
0 118 55.17
0 119 50.99
0 120 52.8
0 121 76.94
0 122 51.89
0 123 74.4
0 124 43.66
0 125 49.74
0 126 52.43
0 127 76.48
0 128 57.8
0 129 58.0
0 130 89.38
0 131 30.27
0 132 77.82
0 133 46.52
0 134 69.35
0 135 66.01
0 136 71.47
0 137 64.01
0 138 41.73
0 139 73.25
0 140 70.8
0 141 73.08
0 142 63.81
0 143 55.04
0 144 18.87
0 145 46.57
0 146 79.76
0 147 73.11
0 148 15.62
0 149 63.25
0 150 45.4
0 151 32.31
0 152 55.44
0 153 40.31
0 154 27.73
0 155 81.02
0 156 52.48
0 157 60.64
0 158 33.12
0 159 84.65
0 160 74.81
0 161 67.42
0 162 60.21
0 163 17.89
0 164 11.18
0 165 42.76
0 166 58.94
0 167 68.45
0 168 13.45
0 169 29.07
0 170 59.67
0 171 12.65
0 172 63.98
0 173 50.09
0 174 35.34
0 175 59.46
0 176 61.61
0 177 85.91
0 178 68.47
0 179 48.05
0 180 47.51
0 181 24.0
0 182 70.94
0 183 21.38
0 184 49.09
0 185 65.19
0 186 35.11
0 187 76.92
0 188 82.13
0 189 71.18
0 190 46.69
0 191 55.04
0 192 42.8
0 193 87.97
0 194 59.36
0 195 82.1
0 196 36.67
0 197 71.87
0 198 92.02
0 199 35.74
0 200 47.8
0 201 0.0
1 0 76.56
1 2 90.14
1 3 91.05
1 4 93.72
1 5 120.33
1 6 141.65
1 7 119.02
1 8 113.36
1 9 25.71
1 10 161.55
1 11 152.12
1 12 106.4
1 13 124.62
1 14 130.6
1 15 36.67
1 16 117.63
1 17 124.78
1 18 75.29
1 19 32.14
1 20 127.35
1 21 139.23
1 22 105.12
1 23 67.07
1 24 135.13
1 25 101.67
1 26 137.09
1 27 133.88
1 28 63.35
1 29 23.6
1 30 125.21
1 31 57.31
1 32 125.6
1 33 65.74
1 34 81.32
1 35 69.26
1 36 69.97
1 37 11.18
1 38 102.18
1 39 42.05
1 40 136.57
1 41 60.41
1 42 55.36
1 43 34.18
1 44 107.22
1 45 104.74
1 46 143.53
1 47 45.35
1 48 82.3
1 49 26.83
1 50 142.87
1 51 5.0
1 52 52.5
1 53 93.47
1 54 100.24
1 55 89.63
1 56 42.72
1 57 119.37
1 58 122.43
1 59 4.47
1 60 77.23
1 61 54.08
1 62 57.43
1 63 86.4
1 64 140.43
1 65 34.06
1 66 137.31
1 67 76.69
1 68 131.24
1 69 77.03
1 70 99.02
1 71 77.9
1 72 31.78
1 73 117.66
1 74 70.84
1 75 73.06
1 76 93.94
1 77 44.05
1 78 100.0
1 79 129.25
1 80 76.16
1 81 21.63
1 82 84.5
1 83 125.26
1 84 146.1
1 85 127.64
1 86 101.84
1 87 98.35
1 88 29.07
1 89 115.95
1 90 134.48
1 91 135.33
1 92 52.01
1 93 156.16
1 94 69.92
1 95 109.77
1 96 81.39
1 97 68.0
1 98 133.06
1 99 88.6
1 100 101.12
1 101 81.41
1 102 78.41
1 103 26.63
1 104 87.13
1 105 145.34
1 106 87.21
1 107 99.41
1 108 87.86
1 109 108.58
1 110 105.21
1 111 69.63
1 112 86.83
1 113 97.08
1 114 124.79
1 115 61.52
1 116 40.8
1 117 36.0
1 118 30.81
1 119 62.94
1 120 23.77
1 121 145.04
1 122 93.38
1 123 150.08
1 124 112.15
1 125 46.57
1 126 128.41
1 127 111.33
1 128 106.07
1 129 29.41
1 130 164.21
1 131 53.15
1 132 53.08
1 133 123.07
1 134 80.28
1 135 120.21
1 136 138.29
1 137 32.56
1 138 99.01
1 139 19.85
1 140 17.03
1 141 149.35
1 142 140.0
1 143 50.7
1 144 67.8
1 145 83.19
1 146 116.38
1 147 33.97
1 148 90.82
1 149 74.04
1 150 120.81
1 151 101.79
1 152 37.0
1 153 111.61
1 154 104.28
1 155 16.49
1 156 115.07
1 157 136.62
1 158 62.37
1 159 127.88
1 160 36.88
1 161 143.92
1 162 44.38
1 163 91.07
1 164 87.73
1 165 95.78
1 166 135.07
1 167 91.39
1 168 82.97
1 169 104.71
1 170 122.38
1 171 89.16
1 172 12.65
1 173 124.72
1 174 111.89
1 175 17.8
1 176 133.41
1 177 86.09
1 178 86.33
1 179 47.01
1 180 118.41
1 181 98.98
1 182 106.51
1 183 97.5
1 184 75.19
1 185 73.36
1 186 82.02
1 187 139.03
1 188 86.47
1 189 137.9
1 190 75.29
1 191 72.11
1 192 67.42
1 193 132.0
1 194 103.75
1 195 44.1
1 196 86.02
1 197 102.53
1 198 166.41
1 199 41.18
1 200 84.34
1 201 76.56
2 0 48.33
2 1 90.14
2 3 8.06
2 4 10.44
2 5 78.77
2 6 141.03
2 7 103.39
2 8 80.16
2 9 84.77
2 10 88.46
2 11 88.68
2 12 19.92
2 13 119.81
2 14 54.15
2 15 119.04
2 16 60.93
2 17 65.15
2 18 57.38
2 19 80.05
2 20 41.15
2 21 121.7
2 22 75.66
2 23 53.6
2 24 109.48
2 25 31.02
2 26 90.38
2 27 133.6
2 28 39.22
2 29 100.66
2 30 39.4
2 31 114.28
2 32 120.42
2 33 26.4
2 34 19.7
2 35 44.41
2 36 20.52
2 37 89.44
2 38 96.25
2 39 58.25
2 40 134.63
2 41 55.44
2 42 94.02
2 43 88.84
2 44 122.16
2 45 77.1
2 46 63.06
2 47 64.28
2 48 115.32
2 49 68.15
2 50 95.85
2 51 85.44
2 52 38.48
2 53 48.08
2 54 13.15
2 55 69.34
2 56 60.83
2 57 77.94
2 58 72.9
2 59 92.44
2 60 85.38
2 61 78.1
2 62 32.76
2 63 6.32
2 64 75.8
2 65 74.73
2 66 72.99
2 67 64.08
2 68 115.97
2 69 81.6
2 70 39.12
2 71 114.42
2 72 65.46
2 73 51.66
2 74 22.2
2 75 81.32
2 76 35.36
2 77 77.23
2 78 65.76
2 79 68.41
2 80 49.24
2 81 68.51
2 82 10.77
2 83 43.17
2 84 93.92
2 85 54.01
2 86 61.62
2 87 23.41
2 88 98.08
2 89 62.61
2 90 87.24
2 91 67.36
2 92 76.03
2 93 80.06
2 94 31.05
2 95 105.95
2 96 67.08
2 97 50.49
2 98 54.59
2 99 55.0
2 100 14.14
2 101 115.12
2 102 87.6
2 103 94.25
2 104 4.12
2 105 70.35
2 106 11.4
2 107 97.25
2 108 33.84
2 109 21.54
2 110 15.62
2 111 35.69
2 112 102.79
2 113 25.5
2 114 115.75
2 115 67.9
2 116 63.95
2 117 63.41
2 118 84.4
2 119 94.53
2 120 71.69
2 121 60.93
2 122 100.22
2 123 80.0
2 124 84.86
2 125 87.14
2 126 64.54
2 127 124.78
2 128 105.48
2 129 86.83
2 130 89.11
2 131 41.23
2 132 114.86
2 133 66.48
2 134 31.14
2 135 30.41
2 136 110.0
2 137 61.52
2 138 88.75
2 139 97.31
2 140 93.62
2 141 92.89
2 142 74.67
2 143 94.05
2 144 34.23
2 145 94.58
2 146 127.94
2 147 103.58
2 148 43.86
2 149 29.27
2 150 75.29
2 151 75.07
2 152 88.28
2 153 41.0
2 154 55.22
2 155 101.97
2 156 96.26
2 157 84.5
2 158 29.41
2 159 132.02
2 160 106.23
2 161 85.38
2 162 50.45
2 163 39.6
2 164 49.2
2 165 12.17
2 166 82.28
2 167 116.09
2 168 60.9
2 169 48.88
2 170 36.77
2 171 51.22
2 172 80.53
2 173 81.12
2 174 59.54
2 175 73.43
2 176 56.32
2 177 47.3
2 178 115.45
2 179 43.42
2 180 44.1
2 181 62.23
2 182 22.8
2 183 57.28
2 184 95.8
2 185 110.03
2 186 83.38
2 187 118.34
2 188 42.45
2 189 53.31
2 190 15.62
2 191 100.62
2 192 22.8
2 193 135.09
2 194 107.42
2 195 114.98
2 196 85.0
2 197 120.15
2 198 89.82
2 199 56.75
2 200 95.86
2 201 48.33
3 0 42.06
3 1 91.05
3 2 8.06
3 4 3.16
3 5 70.72
3 6 133.6
3 7 95.78
3 8 72.25
3 9 83.38
3 10 82.04
3 11 81.3
3 12 15.62
3 13 112.41
3 14 47.68
3 15 118.11
3 16 52.92
3 17 57.28
3 18 51.24
3 19 78.11
3 20 37.2
3 21 113.86
3 22 67.94
3 23 48.37
3 24 101.53
3 25 23.09
3 26 82.35
3 27 126.25
3 28 44.91
3 29 99.74
3 30 35.23
3 31 111.02
3 32 113.0
3 33 30.46
3 34 14.04
3 35 51.04
3 36 23.71
3 37 89.36
3 38 89.19
3 39 56.3
3 40 127.2
3 41 51.0
3 42 90.14
3 43 86.68
3 44 115.69
3 45 69.43
3 46 57.58
3 47 61.39
3 48 110.17
3 49 67.6
3 50 87.85
3 51 86.21
3 52 38.6
3 53 40.36
3 54 19.24
3 55 62.27
3 56 58.52
3 57 69.89
3 58 64.85
3 59 93.01
3 60 79.56
3 61 74.06
3 62 33.94
3 63 5.39
3 64 68.36
3 65 72.73
3 66 65.49
3 67 57.87
3 68 108.25
3 69 75.69
3 70 31.06
3 71 109.55
3 72 64.4
3 73 43.93
3 74 20.59
3 75 75.71
3 76 43.42
3 77 74.15
3 78 58.05
3 79 60.64
3 80 43.01
3 81 69.53
3 82 6.71
3 83 37.7
3 84 86.02
3 85 47.1
3 86 53.76
3 87 15.52
3 88 96.57
3 89 54.56
3 90 79.2
3 91 60.07
3 92 72.17
3 93 73.98
3 94 37.22
3 95 98.79
3 96 60.54
3 97 57.08
3 98 48.51
3 99 47.71
3 100 20.12
3 101 110.03
3 102 81.74
3 103 92.85
3 104 11.4
3 105 63.95
3 106 19.31
3 107 90.35
3 108 41.79
3 109 17.69
3 110 14.87
3 111 31.0
3 112 96.84
3 113 17.46
3 114 108.23
3 115 63.13
3 116 61.68
3 117 66.89
3 118 82.54
3 119 90.05
3 120 71.2
3 121 56.44
3 122 93.78
3 123 73.11
3 124 77.08
3 125 83.86
3 126 56.89
3 127 118.19
3 128 98.49
3 129 85.09
3 130 82.98
3 131 39.81
3 132 111.99
3 133 58.52
3 134 38.64
3 135 29.53
3 136 102.0
3 137 64.2
3 138 81.63
3 139 96.6
3 140 93.06
3 141 85.15
3 142 67.27
3 143 90.55
3 144 30.15
3 145 88.6
3 146 121.2
3 147 101.84
3 148 36.24
3 149 36.0
3 150 67.23
3 151 67.48
3 152 85.87
3 153 33.38
3 154 47.2
3 155 101.87
3 156 88.62
3 157 76.55
3 158 28.84
3 159 124.87
3 160 104.36
3 161 77.67
3 162 53.85
3 163 31.89
3 164 41.88
3 165 5.39
3 166 74.33
3 167 110.35
3 168 54.13
3 169 40.82
3 170 32.45
3 171 43.83
3 172 80.71
3 173 73.06
3 174 51.48
3 175 73.82
3 176 50.01
3 177 55.08
3 178 110.02
3 179 45.34
3 180 37.01
3 181 54.49
3 182 29.07
3 183 49.52
3 184 90.43
3 185 105.3
3 186 77.16
3 187 110.45
3 188 50.29
3 189 48.88
3 190 19.92
3 191 95.63
3 192 25.24
3 193 127.86
3 194 100.62
3 195 112.93
3 196 78.55
3 197 113.89
3 198 83.93
3 199 55.15
3 200 89.84
3 201 42.06
4 0 42.2
4 1 93.72
4 2 10.44
4 3 3.16
4 5 68.82
4 6 132.64
4 7 94.64
4 8 70.72
4 9 85.49
4 10 78.92
4 11 78.41
4 12 12.73
4 13 111.5
4 14 44.55
4 15 120.3
4 16 50.57
4 17 54.71
4 18 51.42
4 19 80.06
4 20 34.21
4 21 112.43
4 22 66.71
4 23 49.09
4 24 99.9
4 25 20.62
4 26 80.06
4 27 125.36
4 28 48.05
4 29 101.97
4 30 32.2
4 31 112.45
4 32 112.07
4 33 33.62
4 34 15.13
4 35 54.08
4 36 26.83
4 37 91.81
4 38 88.59
4 39 58.31
4 40 126.25
4 41 52.09
4 42 91.35
4 43 88.54
4 44 115.52
4 45 68.25
4 46 54.42
4 47 63.06
4 48 110.77
4 49 69.97
4 50 85.49
4 51 88.87
4 52 41.23
4 53 39.2
4 54 20.0
4 55 61.72
4 56 60.41
4 57 68.01
4 58 62.65
4 59 95.6
4 60 79.83
4 61 75.24
4 62 36.8
4 63 8.54
4 64 65.49
4 65 74.67
4 66 62.65
4 67 57.97
4 68 106.96
4 69 75.93
4 70 29.21
4 71 110.29
4 72 66.65
4 73 41.23
4 74 23.02
4 75 76.12
4 76 45.62
4 77 75.71
4 78 56.85
4 79 57.97
4 80 43.17
4 81 72.25
4 82 9.22
4 83 34.54
4 84 83.49
4 85 44.05
4 86 52.35
4 87 13.0
4 88 98.62
4 89 52.35
4 90 76.92
4 91 57.14
4 92 73.44
4 93 70.83
4 94 40.31
4 95 98.11
4 96 60.41
4 97 60.13
4 98 45.35
4 99 47.01
4 100 20.81
4 101 110.65
4 102 82.0
4 103 94.94
4 104 14.14
4 105 60.83
4 106 21.84
4 107 89.9
4 108 44.27
4 109 14.87
4 110 13.15
4 111 32.14
4 112 97.02
4 113 15.26
4 114 107.2
4 115 64.01
4 116 63.57
4 117 69.97
4 118 84.5
4 119 91.0
4 120 73.57
4 121 53.34
4 122 93.64
4 123 70.06
4 124 75.74
4 125 85.33
4 126 54.13
4 127 117.92
4 128 97.95
4 129 87.09
4 130 79.83
4 131 42.06
4 132 113.56
4 133 56.08
4 134 41.44
4 135 27.31
4 136 100.26
4 137 67.2
4 138 81.01
4 139 98.88
4 140 95.38
4 141 82.46
4 142 64.38
4 143 91.92
4 144 31.58
4 145 88.77
4 146 120.83
4 147 103.82
4 148 35.23
4 149 39.01
4 150 65.19
4 151 66.4
4 152 87.64
4 153 30.59
4 154 45.45
4 155 104.31
4 156 87.46
4 157 74.09
4 158 31.4
4 159 124.17
4 160 106.28
4 161 74.95
4 162 56.94
4 163 30.81
4 164 41.18
4 165 2.24
4 166 71.87
4 167 110.63
4 168 53.85
4 169 38.83
4 170 29.41
4 171 43.05
4 172 83.23
4 173 71.02
4 174 49.4
4 175 76.4
4 176 46.87
4 177 57.72
4 178 110.48
4 179 48.27
4 180 34.0
4 181 53.26
4 182 29.68
4 183 48.27
4 184 90.93
4 185 106.12
4 186 77.2
4 187 108.93
4 188 52.89
4 189 45.79
4 190 23.09
4 191 96.33
4 192 28.3
4 193 127.09
4 194 100.22
4 195 114.79
4 196 78.43
4 197 113.84
4 198 80.78
4 199 57.27
4 200 89.99
4 201 42.2
5 0 46.01
5 1 120.33
5 2 78.77
5 3 70.72
5 4 68.82
5 6 71.17
5 7 34.13
5 8 10.3
5 9 98.62
5 10 56.46
5 11 38.83
5 12 67.9
5 13 52.47
5 14 48.51
5 15 128.47
5 16 21.47
5 17 23.35
5 18 45.12
5 19 91.0
5 20 67.54
5 21 46.14
5 22 17.03
5 23 53.76
5 24 32.2
5 25 48.92
5 26 16.76
5 27 65.51
5 28 107.28
5 29 114.04
5 30 66.19
5 31 102.55
5 32 52.61
5 33 91.09
5 34 63.16
5 35 116.06
5 36 84.76
5 37 112.27
5 38 40.5
5 39 79.25
5 40 65.25
5 41 60.21
5 42 81.84
5 43 94.83
5 44 69.63
5 45 18.38
5 46 59.21
5 47 75.0
5 48 82.15
5 49 94.15
5 50 22.56
5 51 115.69
5 52 82.39
5 53 33.24
5 54 88.09
5 55 31.76
5 56 77.88
5 57 1.0
5 58 10.05
5 59 119.55
5 60 54.45
5 61 71.2
5 62 84.34
5 63 73.93
5 64 33.24
5 65 87.32
5 66 31.58
5 67 44.01
5 68 42.72
5 69 51.74
5 70 39.66
5 71 84.88
5 72 89.05
5 73 34.0
5 74 72.12
5 75 55.44
5 76 114.06
5 77 79.62
5 78 20.4
5 79 25.0
5 80 46.04
5 81 104.94
5 82 70.24
5 83 58.18
5 84 26.42
5 85 43.68
5 86 20.1
5 87 56.22
5 88 106.94
5 89 18.03
5 90 14.32
5 91 36.01
5 92 72.01
5 93 57.49
5 94 102.18
5 95 45.54
5 96 39.81
5 97 121.46
5 98 52.39
5 99 33.02
5 100 88.73
5 101 82.68
5 102 55.17
5 103 105.1
5 104 81.63
5 105 50.16
5 106 89.69
5 107 44.38
5 108 111.89
5 109 68.68
5 110 75.66
5 111 59.54
5 112 62.77
5 113 53.6
5 114 46.69
5 115 60.01
5 116 79.56
5 117 116.07
5 118 94.43
5 119 75.74
5 120 96.77
5 121 67.74
5 122 53.67
5 123 45.22
5 124 16.76
5 125 83.53
5 126 29.15
5 127 69.87
5 128 48.27
5 129 97.08
5 130 61.1
5 131 76.06
5 132 106.96
5 133 19.42
5 134 107.35
5 135 79.06
5 136 31.83
5 137 110.0
5 138 35.36
5 139 113.22
5 140 111.62
5 141 31.24
5 142 33.96
5 143 85.8
5 144 62.65
5 145 57.2
5 146 70.26
5 147 109.08
5 148 37.64
5 149 102.69
5 150 5.1
5 151 20.62
5 152 92.18
5 153 42.8
5 154 23.71
5 155 121.85
5 156 28.02
5 157 18.38
5 158 76.49
5 159 67.36
5 160 109.84
5 161 28.6
5 162 105.57
5 163 40.85
5 164 36.22
5 165 67.8
5 166 17.8
5 167 75.15
5 168 37.36
5 169 30.0
5 170 65.37
5 171 34.13
5 172 107.7
5 173 4.47
5 174 19.8
5 175 104.14
5 176 50.01
5 177 124.34
5 178 78.77
5 179 93.43
5 180 45.65
5 181 22.02
5 182 97.0
5 183 25.18
5 184 65.95
5 185 83.41
5 186 48.08
5 187 41.88
5 188 119.85
5 189 66.22
5 190 84.69
5 191 73.76
5 192 83.82
5 193 68.88
5 194 52.89
5 195 115.0
5 196 45.34
5 197 70.88
5 198 64.85
5 199 80.89
5 200 57.43
5 201 46.01
6 0 94.75
6 1 141.65
6 2 141.03
6 3 133.6
6 4 132.64
6 5 71.17
6 7 38.47
6 8 64.47
6 9 115.95
6 10 120.0
6 11 100.0
6 12 135.33
6 13 21.26
6 14 119.64
6 15 130.0
6 16 92.36
6 17 94.37
6 18 87.11
6 19 110.06
6 20 138.35
6 21 28.07
6 22 66.37
6 23 94.64
6 24 42.05
6 25 115.6
6 26 73.17
6 27 8.06
6 28 158.05
6 29 124.17
6 30 136.86
6 31 95.05
6 32 20.62
6 33 143.84
6 34 122.02
6 35 167.89
6 36 139.34
6 37 130.73
6 38 46.1
6 39 112.77
6 40 6.4
6 41 97.65
6 42 86.68
6 43 107.71
6 44 36.0
6 45 64.66
6 46 129.63
6 47 104.2
6 48 64.03
6 49 122.77
6 50 73.01
6 51 138.6
6 52 128.0
6 53 93.48
6 54 152.63
6 55 72.18
6 56 109.59
6 57 71.47
6 58 81.04
6 59 138.74
6 60 67.08
6 61 89.32
6 62 133.06
6 63 135.09
6 64 100.72
6 65 109.79
6 66 100.13
6 67 80.92
6 68 28.64
6 69 68.96
6 70 104.96
6 71 69.03
6 72 118.6
6 73 104.75
6 74 126.57
6 75 72.01
6 76 174.09
6 77 99.02
6 78 76.01
6 79 95.34
6 80 94.05
6 81 136.17
6 82 130.73
6 83 129.1
6 84 81.02
6 85 114.84
6 86 81.12
6 87 121.79
6 88 116.25
6 89 88.6
6 90 74.43
6 91 105.91
6 92 91.92
6 93 124.26
6 94 155.88
6 95 36.24
6 96 76.49
6 97 172.0
6 98 123.49
6 99 86.05
6 100 153.45
6 101 65.03
6 102 65.31
6 103 116.9
6 104 142.76
6 105 119.22
6 106 150.33
6 107 46.62
6 108 170.43
6 109 136.57
6 110 142.36
6 111 110.34
6 112 54.82
6 113 118.73
6 114 25.55
6 115 87.82
6 116 109.12
6 117 154.77
6 118 110.86
6 119 78.85
6 120 123.49
6 121 138.51
6 122 49.24
6 123 111.22
6 124 58.14
6 125 95.08
6 126 99.92
6 127 32.02
6 128 38.28
6 129 112.29
6 130 125.0
6 131 120.21
6 132 101.04
6 133 90.52
6 134 164.07
6 135 148.48
6 136 45.01
6 137 147.6
6 138 53.04
6 139 125.77
6 140 126.5
6 141 88.05
6 142 101.83
6 143 91.59
6 144 113.22
6 145 59.24
6 146 27.07
6 147 114.53
6 148 97.42
6 149 157.81
6 150 76.24
6 151 66.29
6 152 104.79
6 153 112.31
6 154 89.47
6 155 134.5
6 156 45.65
6 157 81.39
6 158 126.91
6 159 14.04
6 160 113.28
6 161 91.09
6 162 148.72
6 163 101.83
6 164 91.83
6 165 132.31
6 166 82.61
6 167 53.0
6 168 81.32
6 169 97.06
6 170 135.77
6 171 89.81
6 172 131.24
6 173 72.03
6 174 89.16
6 175 131.67
6 176 121.04
6 177 180.48
6 178 59.01
6 179 137.57
6 180 116.25
6 181 79.61
6 182 162.29
6 183 84.6
6 184 66.48
6 185 72.03
6 186 64.66
6 187 33.06
6 188 176.83
6 189 137.36
6 190 141.43
6 191 70.04
6 192 137.3
6 193 10.0
6 194 38.91
6 195 113.0
6 196 61.29
6 197 41.0
6 198 129.0
6 199 115.49
6 200 57.94
6 201 94.75
7 0 59.08
7 1 119.02
7 2 103.39
7 3 95.78
7 4 94.64
7 5 34.13
7 6 38.47
7 8 26.25
7 9 94.09
7 10 88.07
7 11 68.68
7 12 96.9
7 13 18.44
7 14 82.38
7 15 117.05
7 16 54.57
7 17 57.43
7 18 52.77
7 19 87.01
7 20 100.24
7 21 20.88
7 22 28.02
7 23 61.33
7 24 17.89
7 25 77.18
7 26 41.11
7 27 31.95
7 28 123.82
7 29 106.37
7 30 98.68
7 31 85.43
7 32 18.68
7 33 108.72
7 34 84.86
7 35 133.45
7 36 103.6
7 37 109.04
7 38 17.46
7 39 83.43
7 40 32.2
7 41 65.79
7 42 69.12
7 43 87.57
7 44 38.47
7 45 26.4
7 46 93.34
7 47 76.12
7 48 58.41
7 49 96.03
7 50 43.38
7 51 115.11
7 52 94.81
7 53 55.44
7 54 114.63
7 55 36.36
7 56 80.81
7 57 34.23
7 58 44.18
7 59 117.02
7 60 42.19
7 61 65.01
7 62 98.98
7 63 97.62
7 64 66.27
7 65 85.09
7 66 65.07
7 67 47.54
7 68 13.42
7 69 42.0
7 70 66.57
7 71 62.43
7 72 91.24
7 73 66.76
7 74 90.6
7 75 46.01
7 76 137.24
7 77 75.0
7 78 37.8
7 79 59.08
7 80 58.52
7 81 108.85
7 82 93.35
7 83 91.09
7 84 51.08
7 85 77.47
7 86 42.72
7 87 83.49
7 88 98.48
7 89 50.7
7 90 41.23
7 91 70.03
7 92 67.01
7 93 90.55
7 94 120.67
7 95 14.87
7 96 42.54
7 97 138.06
7 98 86.31
7 99 48.84
7 100 115.42
7 101 59.2
7 102 41.44
7 103 97.87
7 104 105.38
7 105 84.01
7 106 113.14
7 107 21.19
7 108 133.96
7 109 98.11
7 110 104.01
7 111 74.89
7 112 40.31
7 113 80.45
7 114 13.0
7 115 58.86
7 116 81.22
7 117 124.92
7 118 89.14
7 119 61.4
7 120 97.62
7 121 101.83
7 122 30.41
7 123 77.78
7 124 19.7
7 125 74.67
7 126 63.29
7 127 37.7
7 128 19.1
7 129 91.27
7 130 92.96
7 131 87.24
7 132 90.87
7 133 53.46
7 134 128.06
7 135 110.02
7 136 21.95
7 137 118.0
7 138 20.22
7 139 106.79
7 140 106.38
7 141 57.94
7 142 67.19
7 143 73.98
7 144 77.94
7 145 38.9
7 146 37.11
7 147 98.72
7 148 59.55
7 149 122.2
7 150 39.2
7 151 28.32
7 152 84.59
7 153 73.93
7 154 51.0
7 155 115.85
7 156 7.21
7 157 48.05
7 158 92.11
7 159 33.24
7 160 98.49
7 161 58.69
7 162 117.0
7 163 63.89
7 164 54.45
7 165 94.2
7 166 48.66
7 167 48.8
7 168 45.79
7 169 58.59
7 170 97.5
7 171 52.33
7 172 107.17
7 173 36.01
7 174 50.92
7 175 105.8
7 176 84.01
7 177 144.81
7 178 53.91
7 179 105.19
7 180 78.11
7 181 41.4
7 182 124.2
7 183 46.4
7 184 48.7
7 185 62.77
7 186 37.0
7 187 20.02
7 188 140.87
7 189 100.02
7 190 105.12
7 191 55.54
7 192 101.83
7 193 34.93
7 194 24.04
7 195 101.24
7 196 33.0
7 197 41.05
7 198 96.88
7 199 85.87
7 200 38.28
7 201 59.08
8 0 41.77
8 1 113.36
8 2 80.16
8 3 72.25
8 4 70.72
8 5 10.3
8 6 64.47
8 7 26.25
8 9 90.76
8 10 66.71
8 11 49.09
8 12 71.61
8 13 44.64
8 14 56.44
8 15 119.57
8 16 28.44
8 17 32.02
8 18 39.01
8 19 83.17
8 20 74.0
8 21 41.77
8 22 8.25
8 23 48.0
8 24 29.41
8 25 52.01
8 26 25.24
8 27 58.19
8 28 105.48
8 29 105.7
8 30 72.45
8 31 92.76
8 32 44.92
8 33 89.55
8 34 62.97
8 35 114.63
8 36 83.63
8 37 104.81
8 38 30.36
8 39 73.17
8 40 58.31
8 41 54.08
8 42 72.42
8 43 86.41
8 44 59.84
8 45 8.94
8 46 68.0
8 47 68.07
8 48 71.87
8 49 87.69
8 50 30.41
8 51 108.85
8 52 78.85
8 53 32.45
8 54 90.52
8 55 23.77
8 56 71.45
8 57 9.85
8 58 19.42
8 59 112.29
8 60 44.69
8 61 62.65
8 62 81.61
8 63 74.81
8 64 43.32
8 65 79.81
8 66 41.48
8 67 36.67
8 68 36.89
8 69 42.2
8 70 41.77
8 71 74.63
8 72 82.61
8 73 40.52
8 74 70.68
8 75 46.04
8 76 115.0
8 77 71.51
8 78 15.81
8 79 34.37
8 80 41.59
8 81 99.13
8 82 70.8
8 83 64.85
8 84 35.61
8 85 51.48
8 86 18.6
8 87 58.8
8 88 98.41
8 89 24.52
8 90 23.43
8 91 45.4
8 92 63.69
8 93 67.45
8 94 101.08
8 95 36.06
8 96 32.02
8 97 119.77
8 98 60.41
8 99 29.12
8 100 91.24
8 101 72.4
8 102 45.28
8 103 96.77
8 104 82.62
8 105 59.68
8 106 90.6
8 107 34.18
8 108 112.33
8 109 72.67
8 110 79.03
8 111 56.61
8 112 52.48
8 113 55.9
8 114 39.22
8 115 52.2
8 116 72.84
8 117 111.76
8 118 86.38
8 119 66.07
8 120 90.09
8 121 76.16
8 122 43.38
8 123 55.36
8 124 7.0
8 125 74.71
8 126 38.05
8 127 60.3
8 128 38.47
8 129 88.96
8 130 71.31
8 131 72.01
8 132 97.31
8 133 28.02
8 134 107.19
8 135 84.12
8 136 30.41
8 137 105.39
8 138 25.06
8 139 105.11
8 140 103.73
8 141 41.01
8 142 43.97
8 143 76.55
8 144 59.77
8 145 47.01
8 146 61.01
8 147 100.24
8 148 36.89
8 149 102.0
8 150 14.56
8 151 11.7
8 152 83.67
8 153 47.85
8 154 25.61
8 155 113.89
8 156 19.42
8 157 28.43
8 158 74.0
8 159 59.23
8 160 100.85
8 161 38.83
8 162 101.98
8 163 40.8
8 164 33.62
8 165 70.01
8 166 28.02
8 167 64.88
8 168 31.02
8 169 33.02
8 170 71.31
8 171 31.38
8 172 100.81
8 173 14.21
8 174 24.7
8 175 97.74
8 176 58.22
8 177 124.17
8 178 68.48
8 179 89.82
8 180 51.87
8 181 18.79
8 182 99.82
8 183 23.32
8 184 55.9
8 185 73.25
8 186 38.29
8 187 38.21
8 188 119.89
8 189 73.98
8 190 84.22
8 191 63.7
8 192 82.35
8 193 61.13
8 194 42.95
8 195 105.68
8 196 35.36
8 197 60.88
8 198 75.03
8 199 75.06
8 200 47.2
8 201 41.77
9 0 58.26
9 1 25.71
9 2 84.77
9 3 83.38
9 4 85.49
9 5 98.62
9 6 115.95
9 7 94.09
9 8 90.76
9 10 144.46
9 11 132.92
9 12 97.49
9 13 98.99
9 14 116.04
9 15 34.99
9 16 99.05
9 17 106.25
9 18 54.71
9 19 7.62
9 20 116.81
9 21 114.02
9 22 82.54
9 23 47.8
9 24 110.65
9 25 88.41
9 26 115.32
9 27 108.17
9 28 69.05
9 29 17.03
9 30 114.59
9 31 37.12
9 32 99.98
9 33 65.12
9 34 71.12
9 35 77.37
9 36 66.91
9 37 15.03
9 38 77.0
9 39 27.29
9 40 110.86
9 41 41.23
9 42 29.97
9 43 9.22
9 44 81.71
9 45 81.91
9 46 129.63
9 47 25.5
9 48 57.69
9 49 18.03
9 50 120.9
9 51 22.85
9 52 46.87
9 53 75.43
9 54 96.77
9 55 67.07
9 56 25.81
9 57 97.69
9 58 102.0
9 59 23.09
9 60 52.0
9 61 29.15
9 62 53.6
9 63 79.71
9 64 122.07
9 65 12.04
9 66 119.04
9 67 54.63
9 68 106.02
9 69 52.15
9 70 83.45
9 71 53.6
9 72 19.42
9 73 101.24
9 74 62.97
9 75 48.09
9 76 98.18
9 77 19.42
9 78 78.72
9 79 110.68
9 80 57.63
9 81 27.29
9 82 76.69
9 83 113.0
9 84 124.89
9 85 112.43
9 86 81.49
9 87 86.82
9 88 13.34
9 89 96.8
9 90 112.92
9 91 118.07
9 92 27.46
9 93 140.19
9 94 73.17
9 95 84.29
9 96 58.87
9 97 78.11
9 98 119.0
9 99 68.8
9 100 97.74
9 101 56.86
9 102 53.04
9 103 9.49
9 104 82.71
9 105 129.5
9 106 85.16
9 107 74.06
9 108 92.27
9 109 99.73
9 110 98.23
9 111 56.04
9 112 61.13
9 113 84.88
9 114 99.32
9 115 38.63
9 116 22.8
9 117 48.88
9 118 5.1
9 119 37.34
9 120 15.3
9 121 132.61
9 122 67.74
9 123 132.61
9 124 88.77
9 125 20.88
9 126 110.6
9 127 85.8
9 128 80.5
9 129 4.24
9 130 147.63
9 131 43.66
9 132 34.79
9 133 104.01
9 134 84.21
9 135 112.81
9 136 113.99
9 137 42.49
9 138 74.33
9 139 15.0
9 140 13.0
9 141 128.8
9 142 121.83
9 143 25.55
9 144 55.23
9 145 57.56
9 146 90.82
9 147 19.1
9 148 73.66
9 149 77.1
9 150 99.74
9 151 79.06
9 152 11.66
9 153 97.0
9 154 85.45
9 155 23.26
9 156 90.55
9 157 115.83
9 158 55.36
9 159 102.2
9 160 22.02
9 161 124.04
9 162 50.96
9 163 74.95
9 164 69.2
9 165 87.24
9 166 114.49
9 167 66.19
9 168 61.72
9 169 87.32
9 170 111.83
9 171 70.21
9 172 16.4
9 173 103.08
9 174 92.91
9 175 20.25
9 176 118.87
9 177 94.37
9 178 61.4
9 179 47.04
9 180 104.14
9 181 78.29
9 182 104.74
9 183 77.7
9 184 49.48
9 185 48.83
9 186 57.14
9 187 114.04
9 188 93.38
9 189 126.02
9 190 72.18
9 191 46.62
9 192 63.95
9 193 106.32
9 194 78.09
9 195 31.02
9 196 61.13
9 197 77.08
9 198 150.23
9 199 28.23
9 200 58.69
9 201 58.26
10 0 86.21
10 1 161.55
10 2 88.46
10 3 82.04
10 4 78.92
10 5 56.46
10 6 120.0
10 7 88.07
10 8 66.71
10 9 144.46
10 11 20.0
10 12 69.07
10 13 105.08
10 14 34.37
10 15 177.65
10 16 45.97
10 17 38.95
10 18 90.55
10 19 137.13
10 20 51.79
10 21 92.01
10 22 72.07
10 23 96.67
10 24 78.06
10 25 62.3
10 26 47.38
10 27 116.28
10 28 126.92
10 29 161.2
10 30 52.47
10 31 156.03
10 32 104.94
10 33 111.83
10 34 84.43
10 35 132.85
10 36 104.79
10 37 155.9
10 38 96.93
10 39 119.82
10 40 115.11
10 41 103.23
10 42 134.18
10 43 143.01
10 44 125.57
10 45 73.82
10 46 27.89
10 47 119.02
10 48 138.24
10 49 134.83
10 50 47.0
10 51 156.58
10 52 112.92
10 53 69.03
10 54 90.09
10 55 83.6
10 56 119.85
10 57 56.86
10 58 47.89
10 59 161.99
10 60 108.72
10 61 120.93
10 62 111.33
10 63 87.3
10 64 23.85
10 65 132.44
10 66 26.4
10 67 92.7
10 68 92.27
10 69 105.44
10 70 62.65
10 71 140.66
10 72 130.08
10 73 43.91
10 74 96.14
10 75 108.6
10 76 119.27
10 77 127.4
10 78 70.0
10 79 34.83
10 80 86.83
10 81 142.24
10 82 86.12
10 83 46.01
10 84 39.01
10 85 35.44
10 86 65.3
10 87 68.15
10 88 155.13
10 89 48.92
10 90 46.87
10 91 26.4
10 92 120.92
10 93 9.85
10 94 119.22
10 95 101.24
10 96 90.14
10 97 138.92
10 98 34.01
10 99 76.38
10 100 90.14
10 101 138.71
10 102 109.84
10 103 152.5
10 104 92.54
10 105 18.11
10 106 99.18
10 107 100.85
10 108 120.02
10 109 68.01
10 110 76.01
10 111 92.18
10 112 118.96
10 113 68.01
10 114 98.99
10 115 108.19
10 116 122.41
10 117 146.11
10 118 141.23
10 119 129.2
10 120 138.13
10 121 35.34
10 122 110.07
10 123 12.04
10 124 73.16
10 125 133.66
10 126 33.97
10 127 125.42
10 128 104.36
10 129 144.05
10 130 5.0
10 131 109.57
10 132 159.79
10 133 42.01
10 134 119.15
10 135 68.25
10 136 75.0
10 137 141.87
10 138 91.71
10 139 159.46
10 140 157.0
10 141 32.06
10 142 23.6
10 143 137.44
10 144 94.37
10 145 112.87
10 146 125.17
10 147 158.45
10 148 71.03
10 149 117.72
10 150 52.33
10 151 75.29
10 152 140.8
10 153 51.26
10 154 59.41
10 155 167.2
10 156 83.24
10 157 40.02
10 158 103.82
10 159 119.94
10 160 159.81
10 161 29.43
10 162 133.45
10 163 70.49
10 164 75.29
10 165 76.79
10 166 39.56
10 167 131.59
10 168 84.9
10 169 57.2
10 170 54.23
10 171 74.41
10 172 149.25
10 173 53.14
10 174 52.35
10 175 143.89
10 176 32.14
10 177 134.01
10 178 135.06
10 179 122.78
10 180 45.61
10 181 68.88
10 182 94.89
10 183 67.9
10 184 120.95
10 185 138.76
10 186 102.63
10 187 87.01
10 188 129.02
10 189 40.8
10 190 101.79
10 191 128.7
10 192 105.51
10 193 120.5
10 194 109.11
10 195 166.24
10 196 100.5
10 197 127.14
10 198 9.0
10 199 120.42
10 200 113.25
10 201 86.21
11 0 75.58
11 1 152.12
11 2 88.68
11 3 81.3
11 4 78.41
11 5 38.83
11 6 100.0
11 7 68.68
11 8 49.09
11 9 132.92
11 10 20.0
11 12 71.06
11 13 85.33
11 14 37.16
11 15 164.81
11 16 34.54
11 17 27.51
11 18 78.23
11 19 125.4
11 20 58.67
11 21 72.01
11 22 55.44
11 23 85.48
11 24 58.08
11 25 59.0
11 26 27.66
11 27 96.33
11 28 125.02
11 29 149.21
11 30 58.59
11 31 140.8
11 32 85.16
11 33 109.11
11 34 80.31
11 35 132.09
11 36 102.08
11 37 145.41
11 38 78.71
11 39 110.07
11 40 95.13
11 41 92.18
11 42 119.52
11 43 130.43
11 44 106.63
11 45 57.01
11 46 38.18
11 47 107.91
11 48 120.95
11 49 125.3
11 50 27.0
11 51 147.23
11 52 106.73
11 53 58.69
11 54 93.15
11 55 68.62
11 56 109.57
11 57 39.41
11 58 31.83
11 59 152.05
11 60 92.85
11 61 107.45
11 62 106.37
11 63 86.15
11 64 13.0
11 65 121.08
11 66 16.03
11 67 79.2
11 68 72.34
11 69 89.87
11 70 55.9
11 71 123.71
11 72 120.34
11 73 38.05
11 74 91.66
11 75 93.35
11 76 122.25
11 77 114.86
11 78 55.32
11 79 23.09
11 80 76.03
11 81 134.13
11 82 84.01
11 83 50.57
11 84 19.03
11 85 35.44
11 86 51.61
11 87 66.07
11 88 142.64
11 89 36.24
11 90 27.51
11 91 21.38
11 92 107.8
11 93 25.63
11 94 118.04
11 95 82.28
11 96 75.93
11 97 138.06
11 98 38.95
11 99 64.14
11 100 93.41
11 101 121.49
11 102 93.72
11 103 140.35
11 104 92.54
11 105 25.46
11 106 99.98
11 107 82.76
11 108 122.0
11 109 70.6
11 110 78.85
11 111 84.48
11 112 101.55
11 113 65.0
11 114 79.25
11 115 95.21
11 116 111.83
11 117 140.81
11 118 129.25
11 119 113.9
11 120 128.38
11 121 47.42
11 122 92.28
11 123 13.6
11 124 55.07
11 125 120.1
11 126 25.18
11 127 106.25
11 128 85.62
11 129 132.02
11 130 25.0
11 131 102.2
11 132 144.96
11 133 29.07
11 134 119.82
11 135 74.69
11 136 55.0
11 137 135.82
11 138 74.09
11 139 147.87
11 140 145.77
11 141 12.17
11 142 14.04
11 143 123.17
11 144 87.09
11 145 96.02
11 146 105.77
11 147 145.42
11 148 61.68
11 149 117.21
11 150 35.47
11 151 58.9
11 152 128.0
11 153 48.04
11 154 47.85
11 155 156.06
11 156 64.26
11 157 21.02
11 158 98.48
11 159 100.13
11 160 146.49
11 161 10.3
11 162 128.72
11 163 62.36
11 164 64.4
11 165 76.53
11 166 21.1
11 167 113.65
11 168 71.61
11 169 48.08
11 170 59.51
11 171 63.06
11 172 139.56
11 173 34.99
11 174 40.25
11 175 134.85
11 176 36.24
11 177 135.79
11 178 117.48
11 179 117.28
11 180 44.72
11 181 55.0
11 182 99.62
11 183 55.23
11 184 104.64
11 185 122.2
11 186 86.56
11 187 67.01
11 188 130.86
11 189 50.45
11 190 100.0
11 191 112.45
11 192 102.24
11 193 100.6
11 194 90.47
11 195 152.31
11 196 84.02
11 197 108.46
11 198 29.0
11 199 111.09
11 200 96.26
11 201 75.58
12 0 50.01
12 1 106.4
12 2 19.92
12 3 15.62
12 4 12.73
12 5 67.9
12 6 135.33
12 7 96.9
12 8 71.61
12 9 97.49
12 10 69.07
12 11 71.06
12 13 114.53
12 14 35.06
12 15 132.41
12 16 47.63
12 17 50.25
12 18 59.08
12 19 91.79
12 20 21.63
12 21 113.23
12 22 68.96
12 23 58.31
12 24 99.9
12 25 19.72
12 26 76.84
12 27 128.41
12 28 59.14
12 29 114.13
12 30 19.72
12 31 123.0
12 32 115.0
12 33 45.65
12 34 26.4
12 35 64.13
12 36 39.12
12 37 104.29
12 38 93.05
12 39 70.21
12 40 129.0
12 41 62.17
12 42 101.43
12 43 100.09
12 44 121.3
12 45 70.71
12 46 43.17
12 47 74.33
12 48 119.07
12 49 82.38
12 50 81.84
12 51 101.53
12 52 53.91
12 53 42.72
12 54 22.14
12 55 66.76
12 56 72.09
12 57 67.21
12 58 60.31
12 59 108.23
12 60 87.37
12 61 85.33
12 62 49.52
12 63 20.81
12 64 58.52
12 65 86.41
12 66 55.97
12 67 65.28
12 68 108.47
12 69 83.38
12 70 30.41
12 71 119.0
12 72 78.89
12 73 36.36
12 74 35.61
12 75 84.1
12 76 51.2
12 77 86.68
12 78 59.48
12 79 52.77
12 80 51.01
12 81 84.96
12 82 21.93
12 83 23.35
12 84 78.71
12 85 35.69
12 86 54.2
12 87 14.32
12 88 110.49
12 89 50.25
12 90 73.82
12 91 49.73
12 92 83.74
12 93 60.41
12 94 50.96
12 95 102.16
12 96 66.91
12 97 70.21
12 98 35.06
12 99 51.92
12 100 22.47
12 101 119.04
12 102 89.45
12 103 106.89
12 104 24.04
12 105 51.01
12 106 30.15
12 107 94.87
12 108 51.24
12 109 2.24
12 110 8.06
12 111 42.72
12 112 104.09
12 113 17.46
12 114 109.77
12 115 73.44
12 116 75.24
12 117 82.38
12 118 96.25
12 119 100.4
12 120 85.98
12 121 41.15
12 122 99.69
12 123 61.29
12 124 77.39
12 125 96.05
12 126 48.33
12 127 123.37
12 128 102.53
12 129 98.9
12 130 69.46
12 131 54.38
12 132 124.45
12 133 52.43
12 134 50.09
12 135 16.12
12 136 99.72
12 137 79.81
12 138 85.44
12 139 111.14
12 140 107.7
12 141 76.69
12 142 57.28
12 143 102.39
12 144 42.72
12 145 95.89
12 146 125.87
12 147 115.55
12 148 39.56
12 149 49.03
12 150 63.66
12 151 69.32
12 152 99.02
12 153 25.81
12 154 46.04
12 155 116.76
12 156 89.69
12 157 69.97
12 158 44.05
12 159 127.95
12 160 117.92
12 161 69.08
12 162 69.34
12 163 35.17
12 164 46.32
12 165 10.63
12 166 67.74
12 167 117.96
12 168 60.02
12 169 38.6
12 170 17.0
12 171 47.8
12 172 95.8
12 173 69.35
12 174 48.1
12 175 89.02
12 176 37.0
12 177 65.19
12 178 118.34
12 179 60.96
12 180 26.57
12 181 55.9
12 182 29.68
12 183 50.99
12 184 99.08
12 185 115.07
12 186 84.01
12 187 109.34
12 188 60.21
12 189 33.54
12 190 34.89
12 191 105.0
12 192 40.8
12 193 130.59
12 194 105.3
12 195 126.29
12 196 84.72
12 197 120.07
12 198 70.04
12 199 69.35
12 200 97.02
12 201 50.01
13 0 73.55
13 1 124.62
13 2 119.81
13 3 112.41
13 4 111.5
13 5 52.47
13 6 21.26
13 7 18.44
13 8 44.64
13 9 98.99
13 10 105.08
13 11 85.33
13 12 114.53
13 14 100.81
13 15 117.1
13 16 73.01
13 17 75.8
13 18 66.07
13 19 92.57
13 20 118.6
13 21 20.0
13 22 45.62
13 23 73.82
13 24 28.64
13 25 94.83
13 26 57.71
13 27 13.89
13 28 137.2
13 29 109.0
13 30 117.0
13 31 83.2
13 32 1.0
13 33 122.79
13 34 100.77
13 35 147.0
13 36 118.19
13 37 113.99
13 38 25.24
13 39 93.11
13 40 14.87
13 41 77.18
13 42 71.01
13 43 91.35
13 44 27.2
13 45 43.83
13 46 111.65
13 47 84.86
13 48 53.14
13 49 104.04
13 50 58.94
13 51 121.2
13 52 107.34
13 53 72.4
13 54 131.49
13 55 50.93
13 56 90.08
13 57 52.61
13 58 62.51
13 59 122.05
13 60 48.08
13 61 71.06
13 62 112.2
13 63 113.85
13 64 84.02
13 65 91.68
13 66 83.01
13 67 60.0
13 68 14.42
13 69 49.4
13 70 84.12
13 71 57.87
13 72 99.62
13 73 85.16
13 74 105.38
13 75 52.81
13 76 152.84
13 77 81.02
13 78 55.07
13 79 77.32
13 80 72.86
13 81 117.32
13 82 109.48
13 83 109.48
13 84 66.94
13 85 95.9
13 86 60.37
13 87 100.85
13 88 101.0
13 89 69.12
13 90 58.31
13 91 88.2
13 92 73.5
13 93 108.17
13 94 134.83
13 95 15.65
13 96 55.44
13 97 151.24
13 98 104.74
13 99 64.82
13 100 132.31
13 101 54.08
13 102 46.57
13 103 101.12
13 104 121.51
13 105 102.04
13 106 129.07
13 107 26.4
13 108 149.2
13 109 115.84
13 110 121.43
13 111 89.2
13 112 39.05
13 113 97.75
13 114 6.08
13 115 68.03
13 116 89.89
13 117 135.15
13 118 93.9
13 119 63.01
13 120 105.08
13 121 120.21
13 122 31.26
13 123 95.26
13 124 37.95
13 125 78.41
13 126 81.61
13 127 24.76
13 128 18.68
13 129 95.63
13 130 110.03
13 131 99.57
13 132 89.05
13 133 71.85
13 134 142.9
13 135 128.04
13 136 32.65
13 137 128.04
13 138 31.89
13 139 110.11
13 140 110.37
13 141 73.98
13 142 85.01
13 143 76.01
13 144 92.1
13 145 41.44
13 146 22.2
13 147 100.12
13 148 76.28
13 149 136.69
13 150 57.56
13 151 45.28
13 152 88.36
13 153 92.11
13 154 68.94
13 155 119.07
13 156 25.3
13 157 65.28
13 158 105.89
13 159 15.0
13 160 99.32
13 161 75.66
13 162 128.5
13 163 80.71
13 164 70.6
13 165 111.22
13 166 66.12
13 167 42.15
13 168 60.11
13 169 76.56
13 170 115.77
13 171 68.6
13 172 113.56
13 173 54.08
13 174 69.26
13 175 113.32
13 176 102.42
13 177 159.36
13 178 48.1
13 179 117.14
13 180 96.46
13 181 58.67
13 182 141.17
13 183 63.63
13 184 50.04
13 185 59.67
13 186 44.78
13 187 23.35
13 188 155.67
13 189 118.46
13 190 120.21
13 191 55.15
13 192 116.18
13 193 16.49
13 194 21.02
13 195 100.45
13 196 41.15
13 197 31.38
13 198 113.99
13 199 95.75
13 200 40.31
13 201 73.55
14 0 58.82
14 1 130.6
14 2 54.15
14 3 47.68
14 4 44.55
14 5 48.51
14 6 119.64
14 7 82.38
14 8 56.44
14 9 116.04
14 10 34.37
14 11 37.16
14 12 35.06
14 13 100.81
14 15 150.45
14 16 28.07
14 17 25.3
14 18 65.37
14 19 109.12
14 20 22.02
14 21 93.78
14 22 58.01
14 23 69.4
14 24 79.31
14 25 29.15
14 26 50.48
14 27 114.0
14 28 92.57
14 29 133.06
14 30 21.63
14 31 133.3
14 32 101.0
14 33 77.62
14 34 50.99
14 35 98.51
14 36 70.6
14 37 126.06
14 38 85.02
14 39 89.87
14 40 113.76
14 41 75.43
14 42 110.94
14 43 116.04
14 44 115.04
14 45 60.01
14 46 13.89
14 47 90.69
14 48 121.04
14 49 104.35
14 50 54.04
14 51 125.6
14 52 80.13
14 53 42.94
14 54 56.72
14 55 64.03
14 56 90.51
14 57 48.27
14 58 38.6
14 59 131.5
14 60 89.19
14 61 96.04
14 62 77.88
14 63 52.95
14 64 25.81
14 65 104.06
14 66 24.08
14 67 69.35
14 68 91.09
14 69 85.38
14 70 32.65
14 71 122.41
14 72 99.9
14 73 17.46
14 74 62.65
14 75 87.66
14 76 85.99
14 77 100.8
14 78 51.62
14 79 25.06
14 80 59.64
14 81 110.39
14 82 51.92
14 83 13.42
14 84 48.8
14 85 5.0
14 86 45.71
14 87 34.18
14 88 127.78
14 89 32.06
14 90 48.02
14 91 17.03
14 92 95.41
14 93 26.57
14 94 84.85
14 95 92.14
14 96 68.35
14 97 104.58
14 98 4.0
14 99 52.39
14 100 56.89
14 101 121.3
14 102 90.8
14 103 124.74
14 104 58.22
14 105 16.28
14 106 65.01
14 107 88.14
14 108 86.28
14 109 34.23
14 110 42.43
14 111 61.07
14 112 102.96
14 113 34.44
14 114 95.13
14 115 83.01
14 116 93.35
14 117 112.54
14 118 113.45
14 119 107.42
14 120 107.81
14 121 20.1
14 122 95.75
14 123 26.31
14 124 63.39
14 125 108.45
14 126 20.12
14 127 116.0
14 128 94.01
14 129 116.28
14 130 35.44
14 131 77.67
14 132 136.19
14 133 29.12
14 134 85.01
14 135 37.59
14 136 77.82
14 137 108.69
14 138 78.16
14 139 130.83
14 140 127.99
14 141 45.0
14 142 24.41
14 143 113.37
14 144 62.8
14 145 95.57
14 146 117.15
14 147 131.82
14 148 43.27
14 149 83.38
14 150 43.42
14 151 60.13
14 152 114.2
14 153 19.1
14 154 37.11
14 155 137.93
14 156 75.8
14 157 42.2
14 158 70.66
14 159 115.57
14 160 133.6
14 161 37.64
14 162 99.72
14 163 41.23
14 164 49.24
14 165 42.43
14 166 40.22
14 167 116.73
14 168 61.85
14 169 31.38
14 170 22.36
14 171 49.19
14 172 118.7
14 173 47.76
14 174 33.06
14 175 112.8
14 176 2.83
14 177 100.24
14 178 118.88
14 179 89.47
14 180 12.21
14 181 49.03
14 182 62.64
14 183 45.88
14 184 101.83
14 185 119.54
14 186 83.93
14 187 89.16
14 188 95.26
14 189 17.72
14 190 67.47
14 191 109.11
14 192 71.47
14 193 117.28
14 194 98.02
14 195 140.91
14 196 82.98
14 197 115.28
14 198 36.77
14 199 90.03
14 200 96.32
14 201 58.82
15 0 91.97
15 1 36.67
15 2 119.04
15 3 118.11
15 4 120.3
15 5 128.47
15 6 130.0
15 7 117.05
15 8 119.57
15 9 34.99
15 10 177.65
15 11 164.81
15 12 132.41
15 13 117.1
15 14 150.45
15 16 131.8
15 17 138.95
15 18 87.11
15 19 41.4
15 20 151.79
15 21 134.94
15 22 111.65
15 23 81.34
15 24 134.71
15 25 123.22
15 26 144.75
15 27 123.07
15 28 98.18
15 29 18.38
15 30 149.57
15 31 35.13
15 32 118.09
15 33 97.51
15 34 106.07
15 35 105.0
15 36 100.28
15 37 31.14
15 38 99.62
15 39 62.27
15 40 126.1
15 41 75.07
15 42 48.1
15 43 34.66
15 44 94.0
15 45 110.64
15 46 164.15
15 47 59.82
15 48 66.03
15 49 50.92
15 50 149.97
15 51 39.12
15 52 80.65
15 53 108.89
15 54 130.6
15 55 96.8
15 56 60.75
15 57 127.62
15 58 133.22
15 59 32.39
15 60 76.16
15 61 57.43
15 62 86.98
15 63 114.24
15 64 154.67
15 65 46.62
15 66 151.74
15 67 85.6
15 68 127.12
15 69 77.82
15 70 117.8
15 71 61.03
15 72 53.71
15 73 135.1
15 74 97.58
15 75 73.79
15 76 128.56
15 77 50.25
15 78 109.62
15 79 143.28
15 80 91.24
15 81 54.23
15 82 111.4
15 83 147.87
15 84 154.87
15 85 146.66
15 86 113.23
15 87 121.79
15 88 22.67
15 89 129.19
15 90 142.69
15 91 151.38
15 92 57.01
15 93 173.95
15 94 103.82
15 95 104.56
15 96 89.05
15 97 104.24
15 98 153.53
15 99 101.32
15 100 131.55
15 101 65.03
15 102 76.32
15 103 25.81
15 104 116.71
15 105 163.38
15 106 118.41
15 107 95.88
15 108 122.49
15 109 134.65
15 110 132.91
15 111 90.97
15 112 78.26
15 113 119.82
15 114 119.05
15 115 69.66
15 116 57.69
15 117 72.34
15 118 37.01
15 119 55.66
15 120 47.43
15 121 167.41
15 122 87.32
15 123 165.68
15 124 116.28
15 125 44.94
15 126 143.68
15 127 98.01
15 128 100.22
15 129 34.21
15 130 181.07
15 131 78.29
15 132 29.15
15 133 136.36
15 134 114.63
15 135 147.6
15 136 138.51
15 137 68.01
15 138 99.16
15 139 21.84
15 140 25.71
15 141 159.48
15 142 154.56
15 143 43.46
15 144 90.21
15 145 78.16
15 146 103.02
15 147 19.42
15 148 107.56
15 149 107.91
15 150 130.36
15 151 108.05
15 152 36.88
15 153 131.5
15 154 118.26
15 155 20.22
15 156 115.17
15 157 146.44
15 158 89.69
15 159 116.0
15 160 18.79
15 161 155.43
15 162 79.1
15 163 109.22
15 164 102.53
15 165 122.09
15 166 145.34
15 167 77.0
15 168 93.24
15 169 120.92
15 170 146.81
15 171 103.28
15 172 40.31
15 173 132.92
15 174 125.5
15 175 47.52
15 176 153.26
15 177 122.04
15 178 71.01
15 179 78.64
15 180 138.68
15 181 109.81
15 182 138.05
15 183 109.99
15 184 68.41
15 185 58.03
15 186 82.35
15 187 136.06
15 188 122.02
15 189 160.9
15 190 105.65
15 191 62.17
15 192 97.42
15 193 120.0
15 194 96.51
15 195 17.03
15 196 86.01
15 197 89.0
15 198 183.85
15 199 63.06
15 200 78.85
15 201 91.97
16 0 41.18
16 1 117.63
16 2 60.93
16 3 52.92
16 4 50.57
16 5 21.47
16 6 92.36
16 7 54.57
16 8 28.44
16 9 99.05
16 10 45.97
16 11 34.54
16 12 47.63
16 13 73.01
16 14 28.07
16 15 131.8
16 17 7.21
16 18 44.69
16 19 91.61
16 20 46.1
16 21 67.6
16 22 30.15
16 23 51.31
16 24 53.54
16 25 29.97
16 26 29.53
16 27 86.4
16 28 93.65
16 29 115.6
16 30 44.72
16 31 110.44
16 32 73.25
16 33 77.41
16 34 48.37
16 35 101.61
16 36 70.58
16 37 111.14
16 38 57.14
16 39 75.58
16 40 86.33
16 41 57.98
16 42 88.41
16 43 97.19
16 44 87.14
16 45 32.14
16 46 40.31
16 47 73.78
16 48 94.92
16 49 90.8
16 50 34.93
16 51 112.73
16 52 72.84
16 53 24.17
16 54 68.8
16 55 38.47
16 56 75.18
16 57 21.02
16 58 12.73
16 59 117.65
16 60 63.95
16 61 74.97
16 62 73.11
16 63 56.92
16 64 23.02
16 65 87.09
16 66 20.0
16 67 46.75
16 68 64.08
16 69 60.42
16 70 23.19
16 71 96.77
16 72 85.87
16 73 12.53
16 74 59.03
16 75 63.29
16 76 96.18
16 77 81.57
16 78 25.08
16 79 11.66
16 80 41.68
16 81 99.62
16 82 53.85
16 83 36.77
16 84 33.54
16 85 23.09
16 86 19.72
16 87 37.58
16 88 109.34
16 89 4.0
16 90 26.42
16 91 20.25
16 92 74.97
16 93 43.57
16 94 87.48
16 95 64.07
16 96 44.41
16 97 107.35
16 98 32.06
16 99 30.48
16 100 69.34
16 101 95.27
16 102 65.31
16 103 106.83
16 104 64.26
16 105 34.01
16 106 72.24
16 107 60.41
16 108 94.7
16 109 48.17
16 110 55.61
16 111 50.22
16 112 76.24
16 113 35.47
16 114 67.45
16 115 62.24
16 116 77.52
16 117 107.06
16 118 95.6
16 119 83.76
16 120 93.91
16 121 48.0
16 122 68.45
16 123 33.94
16 124 35.36
16 125 87.69
16 126 12.21
16 127 88.01
16 128 66.01
16 129 98.41
16 130 49.68
16 131 67.91
16 132 114.02
16 133 6.0
16 134 91.09
16 135 57.8
16 136 52.8
16 137 101.79
16 138 50.49
16 139 114.04
16 140 111.77
16 141 34.01
16 142 22.8
16 143 91.55
16 144 52.95
16 145 69.29
16 146 89.09
16 147 112.54
16 148 27.2
16 149 87.32
16 150 16.64
16 151 32.56
16 152 94.92
16 153 21.93
16 154 13.6
16 155 122.04
16 156 47.85
16 157 23.77
16 158 65.12
16 159 87.66
16 160 113.86
16 161 27.29
16 162 95.34
16 163 28.28
16 164 30.02
16 165 49.19
16 166 21.59
16 167 89.74
16 168 38.95
16 169 14.04
16 170 43.91
16 171 28.84
16 172 105.1
16 173 22.02
16 174 6.4
16 175 100.32
16 176 30.0
16 177 107.84
16 178 92.35
16 179 83.6
16 180 24.19
16 181 23.32
16 182 77.2
16 183 21.93
16 184 76.49
16 185 94.37
16 186 58.18
16 187 63.29
16 188 103.12
16 189 45.54
16 190 69.43
16 191 84.08
16 192 70.26
16 193 89.5
16 194 70.11
16 195 120.28
16 196 56.65
16 197 87.57
16 198 52.8
16 199 76.56
16 200 69.89
16 201 41.18
17 0 48.37
17 1 124.78
17 2 65.15
17 3 57.28
17 4 54.71
17 5 23.35
17 6 94.37
17 7 57.43
17 8 32.02
17 9 106.25
17 10 38.95
17 11 27.51
17 12 50.25
17 13 75.8
17 14 25.3
17 15 138.95
17 16 7.21
17 18 51.86
17 19 98.81
17 20 45.49
17 21 68.54
17 22 35.17
17 23 58.52
17 24 54.13
17 25 34.21
17 26 26.91
17 27 88.84
17 28 99.25
17 29 122.8
17 30 44.41
17 31 117.2
17 32 75.95
17 33 83.1
17 34 54.04
17 35 106.92
17 36 76.16
17 37 118.34
17 38 61.81
17 39 82.73
17 40 88.53
17 41 65.19
17 42 95.27
17 43 104.35
17 44 91.66
17 45 37.11
17 46 36.01
17 47 80.99
17 48 100.85
17 49 97.94
17 50 31.62
17 51 119.87
17 52 79.43
17 53 31.3
17 54 72.01
17 55 44.94
17 56 82.37
17 57 23.19
17 58 13.34
17 59 124.82
17 60 70.33
17 61 82.02
17 62 79.4
17 63 61.61
17 64 15.81
17 65 94.3
17 66 12.81
17 67 53.76
17 68 65.8
17 69 66.89
17 70 29.02
17 71 102.88
17 72 93.02
17 73 13.89
17 74 65.03
17 75 69.89
17 76 100.09
17 77 88.73
17 78 31.38
17 79 4.47
17 80 48.88
17 81 106.63
17 82 58.86
17 83 36.06
17 84 28.79
17 85 20.62
17 86 26.4
17 87 41.76
17 88 116.52
17 89 10.0
17 90 24.04
17 91 13.93
17 92 82.07
17 93 37.12
17 94 92.78
17 95 68.07
17 96 51.22
17 97 112.75
17 98 29.12
17 99 37.64
17 100 72.47
17 101 101.24
17 102 71.59
17 103 114.02
17 104 68.68
17 105 28.16
17 106 76.54
17 107 65.31
17 108 98.98
17 109 50.48
17 110 58.31
17 111 57.01
17 112 81.93
17 113 40.02
17 114 70.04
17 115 69.35
17 116 84.72
17 117 113.6
17 118 102.8
17 119 90.44
17 120 101.07
17 121 44.41
17 122 73.76
17 123 26.91
17 124 39.01
17 125 94.75
17 126 6.08
17 127 92.27
17 128 70.35
17 129 105.6
17 130 42.8
17 131 74.73
17 132 120.88
17 133 4.0
17 134 95.8
17 135 58.69
17 136 52.84
17 137 108.47
17 138 55.54
17 139 121.25
17 140 118.98
17 141 28.16
17 142 15.62
17 143 98.49
17 144 59.67
17 145 75.24
17 146 93.02
17 147 119.67
17 148 34.18
17 149 92.4
17 150 18.25
17 151 37.95
17 152 102.07
17 153 24.6
17 154 20.81
17 155 129.25
17 156 51.09
17 157 19.72
17 158 71.45
17 159 90.67
17 160 120.97
17 161 21.0
17 162 101.71
17 163 34.93
17 164 37.22
17 165 53.14
17 166 17.49
17 167 95.21
17 168 45.97
17 169 20.62
17 170 44.05
17 171 36.06
17 172 112.25
17 173 22.47
17 174 13.45
17 175 107.42
17 176 26.68
17 177 112.36
17 178 98.08
17 179 90.09
17 180 24.76
17 181 30.0
17 182 79.92
17 183 29.0
17 184 82.76
17 185 100.65
17 186 64.41
17 187 63.98
17 188 107.56
17 189 43.01
17 190 74.67
17 191 90.43
17 192 76.03
17 193 92.23
17 194 74.67
17 195 127.31
17 196 62.65
17 197 92.4
17 198 46.04
17 199 83.67
17 200 75.77
17 201 48.37
18 0 9.22
18 1 75.29
18 2 57.38
18 3 51.24
18 4 51.42
18 5 45.12
18 6 87.11
18 7 52.77
18 8 39.01
18 9 54.71
18 10 90.55
18 11 78.23
18 12 59.08
18 13 66.07
18 14 65.37
18 15 87.11
18 16 44.69
18 17 51.86
18 19 47.17
18 20 72.57
18 21 73.41
18 22 31.02
18 23 9.06
18 24 65.0
18 25 42.58
18 26 61.85
18 27 79.25
18 28 71.28
18 29 71.03
18 30 70.41
18 31 67.98
18 32 66.84
18 33 56.73
18 34 37.7
18 35 81.02
18 36 52.35
18 37 67.62
18 38 41.04
18 39 34.23
18 40 80.81
18 41 15.13
18 42 45.62
18 43 52.5
18 44 64.85
18 45 31.14
18 46 79.26
18 47 30.08
18 48 60.01
18 49 49.03
18 50 67.68
18 51 70.6
18 52 42.05
18 53 22.47
18 54 70.23
18 55 16.76
18 56 32.76
18 57 44.15
18 58 47.42
18 59 74.67
18 60 28.44
18 61 30.81
18 62 46.32
18 63 51.08
18 64 67.62
18 65 42.94
18 66 64.66
18 67 6.71
18 68 66.19
18 69 24.52
18 70 33.84
18 71 60.13
18 72 43.93
18 73 48.83
18 74 39.82
18 75 25.02
18 76 87.8
18 77 36.88
18 78 24.74
18 79 56.22
18 80 8.25
18 81 60.13
18 82 46.62
18 83 66.1
18 84 70.84
18 85 61.06
18 86 26.83
18 87 45.0
18 88 64.66
18 89 42.2
18 90 59.2
18 91 64.35
18 92 30.48
18 93 87.21
18 94 68.77
18 95 50.93
18 96 10.63
18 97 85.44
18 98 68.88
18 99 14.21
18 100 71.17
18 101 60.0
18 102 30.59
18 103 62.2
18 104 58.14
18 105 76.84
18 106 65.0
18 107 41.11
18 108 83.74
18 109 61.03
18 110 63.79
18 111 23.43
18 112 45.61
18 113 42.01
18 114 63.25
18 115 17.8
18 116 34.48
18 117 73.35
18 118 51.04
18 119 42.72
18 120 51.66
18 121 84.17
18 122 42.94
18 123 78.57
18 124 39.46
18 125 43.42
18 126 56.59
18 127 67.6
18 128 49.58
18 129 53.82
18 130 94.05
18 131 34.54
18 132 70.83
18 133 49.41
18 134 77.1
18 135 75.01
18 136 67.27
18 137 66.75
18 138 34.21
18 139 69.64
18 140 67.6
18 141 74.32
18 142 67.48
18 143 48.02
18 144 26.17
18 145 37.36
18 146 71.02
18 147 67.9
18 148 22.47
18 149 70.72
18 150 45.54
18 151 28.16
18 152 50.25
18 153 47.54
18 154 31.14
18 155 77.9
18 156 46.62
18 157 61.47
18 158 39.82
18 159 76.49
18 160 69.31
18 161 69.35
18 162 64.51
18 163 25.71
18 164 16.12
18 165 51.97
18 166 60.01
18 167 59.23
18 168 8.0
18 169 34.41
18 170 68.07
18 171 16.4
18 172 62.64
18 173 49.48
18 174 38.42
18 175 59.03
18 176 68.1
18 177 93.38
18 178 59.3
18 179 52.55
18 180 54.63
18 181 23.77
18 182 80.06
18 183 23.02
18 184 40.01
18 185 56.44
18 186 26.0
18 187 71.51
18 188 89.81
18 189 78.77
18 190 54.82
18 191 46.17
18 192 50.21
18 193 79.93
18 194 50.8
18 195 76.06
18 196 27.78
18 197 62.77
18 198 96.94
18 199 36.06
18 200 38.6
18 201 9.22
19 0 50.99
19 1 32.14
19 2 80.05
19 3 78.11
19 4 80.06
19 5 91.0
19 6 110.06
19 7 87.01
19 8 83.17
19 9 7.62
19 10 137.13
19 11 125.4
19 12 91.79
19 13 92.57
19 14 109.12
19 15 41.4
19 16 91.61
19 17 98.81
19 18 47.17
19 20 110.64
19 21 107.12
19 22 74.95
19 23 40.46
19 24 103.39
19 25 81.84
19 26 107.7
19 27 102.2
19 28 67.72
19 29 24.08
19 30 108.41
19 31 37.36
19 32 93.56
19 33 62.07
19 34 65.39
19 35 76.55
19 36 63.13
19 37 22.09
19 38 70.06
19 39 21.84
19 40 104.81
19 41 33.97
19 42 25.61
19 43 9.0
19 44 76.49
19 45 74.33
19 46 122.79
19 47 18.44
19 48 53.91
19 49 17.0
19 50 113.3
19 51 28.64
19 52 43.05
19 53 68.12
19 54 92.4
19 55 59.46
19 56 19.7
19 57 90.08
19 58 94.41
19 59 30.02
19 60 45.1
19 61 22.0
19 62 50.01
19 63 74.73
19 64 114.62
19 65 5.39
19 66 111.61
19 67 47.01
19 68 99.13
19 69 45.01
19 70 76.49
19 71 50.21
19 72 16.28
19 73 94.07
19 74 57.97
19 75 41.0
19 76 95.89
19 77 12.04
19 78 71.11
19 79 103.23
19 80 50.33
19 81 29.0
19 82 71.47
19 83 106.51
19 84 117.27
19 85 105.42
19 86 73.93
19 87 80.62
19 88 18.87
19 89 89.31
19 90 105.31
19 91 110.75
19 92 20.1
19 93 133.0
19 94 71.02
19 95 77.65
19 96 51.26
19 97 77.88
19 98 112.16
19 99 61.29
19 100 93.38
19 101 53.15
19 102 46.27
19 103 15.62
19 104 78.26
19 105 122.35
19 106 81.3
19 107 67.27
19 108 90.09
19 109 94.02
19 110 92.97
19 111 49.74
19 112 55.36
19 113 78.55
19 114 92.66
19 115 31.02
19 116 16.55
19 117 50.45
19 118 4.47
19 119 32.25
19 120 15.62
19 121 126.02
19 122 61.39
19 123 125.25
19 124 81.25
19 125 15.81
19 126 103.23
19 127 80.53
19 128 73.98
19 129 7.21
19 130 140.36
19 131 38.83
19 132 36.22
19 133 96.52
19 134 82.04
19 135 107.34
19 136 106.68
19 137 43.6
19 138 67.12
19 139 22.47
19 140 20.62
19 141 121.2
19 142 114.4
19 143 21.93
19 144 49.19
19 145 51.2
19 146 85.49
19 147 23.77
19 148 66.48
19 149 74.81
19 150 92.14
19 151 71.47
19 152 9.49
19 153 90.14
19 154 78.01
19 155 30.87
19 156 83.29
19 157 108.23
19 158 50.8
19 159 96.46
19 160 26.25
19 161 116.47
19 162 50.57
19 163 67.94
19 164 61.85
19 165 81.71
19 166 106.89
19 167 61.59
19 168 54.12
19 169 80.06
19 170 105.68
19 171 62.8
19 172 21.19
19 173 95.46
19 174 85.45
19 175 22.8
19 176 111.95
19 177 93.3
19 178 57.2
19 179 44.91
19 180 97.31
19 181 70.71
19 182 100.72
19 183 70.18
19 184 43.66
19 185 45.28
19 186 50.01
19 187 107.0
19 188 91.92
19 189 119.54
19 190 68.26
19 191 41.68
19 192 60.13
19 193 100.57
19 194 71.81
19 195 34.93
19 196 54.01
19 197 72.01
19 198 143.01
19 199 23.35
19 200 52.39
19 201 50.99
20 0 64.29
20 1 127.35
20 2 41.15
20 3 37.2
20 4 34.21
20 5 67.54
20 6 138.35
20 7 100.24
20 8 74.0
20 9 116.81
20 10 51.79
20 11 58.67
20 12 21.63
20 13 118.6
20 14 22.02
20 15 151.79
20 16 46.1
20 17 45.49
20 18 72.57
20 19 110.64
20 21 113.6
20 22 73.76
20 23 74.0
20 24 99.36
20 25 30.08
20 26 71.84
20 27 132.19
20 28 80.23
20 29 133.69
20 30 2.24
20 31 139.46
20 32 118.9
20 33 67.23
20 34 46.23
20 35 84.48
20 36 60.75
20 37 124.63
20 38 100.13
20 39 89.59
20 40 132.26
20 41 78.92
20 42 117.34
20 43 118.53
20 44 129.76
20 45 75.71
20 46 24.08
20 47 92.59
20 48 131.75
20 49 102.62
20 50 75.74
20 51 122.43
20 52 74.95
20 53 52.09
20 54 39.32
20 55 76.01
20 56 91.07
20 57 67.12
20 58 58.18
20 59 128.97
20 60 99.5
20 61 101.51
20 62 70.94
20 63 42.44
20 64 47.8
20 65 105.31
20 66 46.1
20 67 77.93
20 68 110.17
20 69 95.52
20 70 39.2
20 71 132.37
20 72 98.81
20 73 33.62
20 74 56.57
20 75 97.02
20 76 68.01
20 77 104.28
20 78 65.62
20 79 46.23
20 80 65.25
20 81 106.07
20 82 43.28
20 83 9.43
20 84 70.77
20 85 25.5
20 86 59.68
20 87 30.02
20 88 129.5
20 89 49.77
20 90 69.2
20 91 39.05
20 92 100.3
20 93 42.3
20 94 71.87
20 95 108.26
20 96 78.31
20 97 90.52
20 98 19.72
20 99 62.13
20 100 39.2
20 101 131.86
20 102 101.4
20 103 126.05
20 104 45.19
20 105 34.79
20 106 50.29
20 107 102.7
20 108 69.35
20 109 19.72
20 110 26.25
20 111 60.9
20 112 115.04
20 113 32.2
20 114 113.22
20 115 88.89
20 116 94.15
20 117 104.01
20 118 115.1
20 119 115.21
20 120 106.21
20 121 19.92
20 122 109.11
20 123 46.62
20 124 80.65
20 125 113.09
20 126 41.23
20 127 131.24
20 128 109.49
20 129 117.83
20 130 51.16
20 131 74.65
20 132 141.51
20 133 48.88
20 134 69.63
20 135 16.49
20 136 98.27
20 137 101.4
20 138 92.78
20 139 130.92
20 140 127.64
20 141 67.01
20 142 46.4
20 143 118.93
20 144 61.59
20 145 107.12
20 146 133.0
20 147 134.24
20 148 50.49
20 149 69.57
20 150 62.61
20 151 75.13
20 152 117.17
20 153 27.17
20 154 50.64
20 155 137.0
20 156 93.3
20 157 63.78
20 158 65.05
20 159 132.97
20 160 136.42
20 161 59.67
20 162 90.97
20 163 46.87
20 164 57.43
20 165 32.02
20 166 61.72
20 167 129.03
20 168 71.34
20 169 43.29
20 170 5.0
20 171 58.22
20 172 116.39
20 173 67.6
20 174 49.34
20 175 109.79
20 176 22.47
20 177 83.29
20 178 130.31
20 179 82.46
20 180 22.14
20 181 62.39
20 182 43.19
20 183 58.14
20 184 111.88
20 185 128.89
20 186 95.13
20 187 109.18
20 188 78.31
20 189 12.37
20 190 56.44
20 191 118.53
20 192 62.43
20 193 135.06
20 194 113.0
20 195 144.46
20 196 95.01
20 197 129.31
20 198 51.0
20 199 89.05
20 200 108.07
20 201 64.29
21 0 79.26
21 1 139.23
21 2 121.7
21 3 113.86
21 4 112.43
21 5 46.14
21 6 28.07
21 7 20.88
21 8 41.77
21 9 114.02
21 10 92.01
21 11 72.01
21 12 113.23
21 13 20.0
21 14 93.78
21 15 134.94
21 16 67.6
21 17 68.54
21 18 73.41
21 19 107.12
21 20 113.6
21 22 46.23
21 23 82.08
21 24 14.56
21 25 93.72
21 26 45.54
21 27 25.63
21 28 144.14
21 29 125.48
21 30 112.29
21 31 101.83
21 32 19.21
21 33 128.8
21 34 103.86
21 35 153.68
21 36 123.42
21 37 129.03
21 38 37.05
21 39 104.29
21 40 23.77
21 41 86.65
21 42 87.69
21 43 107.07
21 44 47.2
21 45 45.0
21 46 102.88
21 47 96.88
21 48 72.5
21 49 116.73
21 50 45.01
21 51 135.45
21 52 115.45
21 53 73.66
21 54 132.28
21 55 56.8
21 56 101.64
21 57 46.65
21 58 55.46
21 59 137.06
21 60 62.03
21 61 85.15
21 62 119.42
21 63 116.18
21 64 73.35
21 65 105.48
21 66 73.01
21 67 68.35
21 68 8.0
21 69 62.29
21 70 83.55
21 71 77.08
21 72 111.99
21 73 80.13
21 74 110.39
21 75 66.19
21 76 156.2
21 77 95.19
21 78 56.08
21 79 68.95
21 80 78.77
21 81 129.63
21 82 112.04
21 83 104.2
21 84 53.0
21 85 89.16
21 86 60.11
21 87 100.57
21 88 117.52
21 89 64.14
21 90 47.07
21 91 79.12
21 92 87.28
21 93 96.52
21 94 140.66
21 95 30.41
21 96 63.32
21 97 158.42
21 98 97.5
21 99 68.24
21 100 133.0
21 101 73.41
21 102 61.0
21 103 117.21
21 104 123.99
21 105 91.98
21 106 131.89
21 107 40.01
21 108 153.22
21 109 114.2
21 110 120.74
21 111 95.02
21 112 56.75
21 113 97.67
21 114 16.16
21 115 79.62
21 116 101.98
21 117 145.8
21 118 109.0
21 119 79.76
21 120 118.23
21 121 111.97
21 122 47.68
21 123 83.49
21 124 36.88
21 125 94.09
21 126 73.74
21 127 44.69
21 128 34.71
21 129 111.0
21 130 97.01
21 131 107.94
21 132 107.56
21 133 64.88
21 134 147.63
21 135 125.1
21 136 17.03
21 137 138.88
21 138 41.0
21 139 126.19
21 140 126.04
21 141 60.01
21 142 74.53
21 143 92.66
21 144 98.11
21 145 57.31
21 146 41.73
21 147 117.24
21 148 77.99
21 149 142.0
21 150 51.0
21 151 47.43
21 152 104.08
21 153 88.75
21 154 67.36
21 155 135.24
21 156 26.83
21 157 53.94
21 158 112.38
21 159 31.38
21 160 116.73
21 161 63.29
21 162 137.79
21 163 82.13
21 164 73.6
21 165 111.76
21 166 55.32
21 167 61.72
21 168 66.19
21 169 74.65
21 170 111.51
21 171 71.4
21 172 127.57
21 173 46.1
21 174 65.46
21 175 126.44
21 176 94.92
21 177 164.5
21 178 67.54
21 179 125.92
21 180 91.79
21 181 59.55
21 182 141.6
21 183 64.44
21 184 66.75
21 185 78.43
21 186 57.31
21 187 5.0
21 188 160.42
21 189 111.43
21 190 124.62
21 191 72.78
21 192 121.79
21 193 30.46
21 194 38.6
21 195 118.6
21 196 53.34
21 197 51.31
21 198 101.0
21 199 106.74
21 200 56.44
21 201 79.26
22 0 34.48
22 1 105.12
22 2 75.66
22 3 67.94
22 4 66.71
22 5 17.03
22 6 66.37
22 7 28.02
22 8 8.25
22 9 82.54
22 10 72.07
22 11 55.44
22 12 68.96
22 13 45.62
22 14 58.01
22 15 111.65
22 16 30.15
22 17 35.17
22 18 31.02
22 19 74.95
22 20 73.76
22 21 46.23
22 23 40.05
22 24 35.34
22 25 49.24
22 26 33.12
22 27 59.48
22 28 98.9
22 29 97.58
22 30 72.03
22 31 85.56
22 32 46.07
22 33 83.19
22 34 57.63
22 35 108.23
22 36 77.52
22 37 96.57
22 38 27.02
22 39 65.07
22 40 60.03
22 41 46.01
22 42 64.82
22 43 78.29
22 44 57.04
22 45 2.0
22 46 70.46
22 47 59.84
22 48 66.19
22 49 79.51
22 50 38.48
22 51 100.62
22 52 71.57
22 53 27.59
22 54 86.68
22 55 15.52
22 56 63.29
22 57 16.28
22 58 24.19
22 59 104.05
22 60 37.48
22 61 54.56
22 62 74.67
22 63 70.04
22 64 48.3
22 65 71.57
22 66 46.1
22 67 28.44
22 68 40.31
22 69 34.71
22 70 38.59
22 71 68.6
22 72 74.43
22 73 41.11
22 74 64.5
22 75 38.42
22 76 109.99
22 77 63.32
22 78 9.9
22 79 38.28
22 80 34.21
22 81 91.05
22 82 65.86
22 83 64.94
22 84 43.27
22 85 53.01
22 86 14.76
22 87 55.47
22 88 90.34
22 89 26.17
22 90 31.06
22 91 49.04
22 92 55.54
22 93 71.87
22 94 94.89
22 95 34.53
22 96 23.77
22 97 113.22
22 98 62.01
22 99 22.36
22 100 87.46
22 101 66.65
22 102 38.29
22 103 88.64
22 104 77.83
22 105 63.32
22 106 85.7
22 107 30.27
22 108 107.0
22 109 70.24
22 110 76.01
22 111 49.77
22 112 47.01
22 113 52.43
22 114 40.82
22 115 43.97
22 116 64.63
22 117 104.09
22 118 78.19
22 119 58.73
22 120 81.88
22 121 78.06
22 122 38.6
22 123 60.37
22 124 9.43
22 125 66.73
22 126 41.23
22 127 58.03
22 128 36.06
22 129 80.78
22 130 76.48
22 131 64.54
22 132 89.94
22 133 31.32
22 134 101.51
22 135 82.46
22 136 37.0
22 137 97.62
22 138 20.4
22 139 96.93
22 140 95.52
22 141 48.27
22 142 48.75
22 143 68.82
22 144 52.92
22 145 40.82
22 146 59.41
22 147 92.28
22 148 31.83
22 149 96.04
22 150 20.0
22 151 3.61
22 152 75.58
22 153 46.84
22 154 23.41
22 155 105.69
22 156 20.81
22 157 35.38
22 158 67.23
22 159 59.46
22 160 92.96
22 161 45.34
22 162 94.59
22 163 36.07
22 164 27.46
22 165 66.22
22 166 34.66
22 167 60.08
22 168 23.02
22 169 31.02
22 170 70.6
22 171 25.24
22 172 92.57
22 173 21.4
22 174 25.02
22 175 89.56
22 176 60.07
22 177 118.43
22 178 63.16
22 179 82.46
22 180 51.79
22 181 13.45
22 182 96.21
22 183 18.44
22 184 49.2
22 185 66.85
22 186 31.14
22 187 43.27
22 188 114.28
22 189 75.11
22 190 78.49
22 191 57.01
22 192 76.06
22 193 61.85
22 194 40.01
22 195 98.01
22 196 28.6
22 197 57.43
22 198 80.06
22 199 67.01
22 200 41.18
22 201 34.48
23 0 10.63
23 1 67.07
23 2 53.6
23 3 48.37
23 4 49.09
23 5 53.76
23 6 94.64
23 7 61.33
23 8 48.0
23 9 47.8
23 10 96.67
23 11 85.48
23 12 58.31
23 13 73.82
23 14 69.4
23 15 81.34
23 16 51.31
23 17 58.52
23 18 9.06
23 19 40.46
23 20 74.0
23 21 82.08
23 22 40.05
23 24 73.98
23 25 44.01
23 26 70.41
23 27 86.68
23 28 63.41
23 29 64.54
23 30 71.78
23 31 65.46
23 32 74.63
23 33 49.52
23 34 34.37
23 35 73.25
23 36 45.8
23 37 59.94
23 38 48.6
23 39 25.5
23 40 88.41
23 41 6.71
23 42 43.42
23 43 46.75
23 44 70.18
23 45 40.2
23 46 83.23
23 47 22.47
23 48 61.81
23 49 40.52
23 50 76.3
23 51 62.3
23 52 33.62
23 53 27.66
23 54 66.71
23 55 25.71
23 56 24.35
23 57 52.77
23 58 55.36
23 59 66.71
23 60 32.2
23 61 27.51
23 62 38.42
23 63 47.3
23 64 74.33
23 65 35.81
23 66 71.28
23 67 13.89
23 68 74.73
23 69 28.65
23 70 36.89
23 71 61.2
23 72 35.44
23 73 53.76
23 74 34.0
23 75 27.86
23 76 81.84
23 77 31.4
23 78 33.38
23 79 62.97
23 80 9.9
23 81 51.24
23 82 42.95
23 83 68.45
23 84 79.12
23 85 65.44
23 86 34.79
23 87 44.91
23 88 58.69
23 89 49.24
23 90 67.68
23 91 70.29
23 92 26.4
23 93 92.63
23 94 61.52
23 95 58.41
23 96 18.79
23 97 77.42
23 98 72.67
23 99 21.54
23 100 67.68
23 101 61.66
23 102 34.44
23 103 55.9
23 104 53.76
23 105 82.04
23 106 60.01
23 107 48.17
23 108 77.42
23 109 60.41
23 110 62.01
23 111 18.03
23 112 49.66
23 113 42.2
23 114 71.34
23 115 15.13
23 116 26.4
23 117 64.33
23 118 44.6
23 119 42.11
23 120 43.32
23 121 87.32
23 122 48.6
23 123 84.81
23 124 48.51
23 125 39.36
23 126 62.8
23 127 73.24
23 128 56.64
23 129 47.42
23 130 99.9
23 131 25.94
23 132 67.62
23 133 56.44
23 134 70.43
23 135 74.43
23 136 76.3
23 137 57.71
23 138 42.19
23 139 62.8
23 140 60.46
23 141 82.28
23 142 74.06
23 143 44.94
23 144 20.12
23 145 41.59
23 146 77.01
23 147 62.48
23 148 26.25
23 149 63.78
23 150 53.85
23 151 37.22
23 152 44.82
23 153 50.77
23 154 37.74
23 155 70.72
23 156 55.36
23 157 69.57
23 158 32.56
23 159 83.45
23 160 64.2
23 161 76.97
23 162 55.71
23 163 28.3
23 164 21.4
23 165 50.01
23 166 68.01
23 167 62.63
23 168 17.03
23 169 39.62
23 170 69.26
23 171 22.47
23 172 54.42
23 173 58.05
23 174 45.28
23 175 50.45
23 176 72.2
23 177 86.31
23 178 61.85
23 179 43.86
23 180 57.98
23 181 32.02
23 182 76.4
23 183 30.46
23 184 42.2
23 185 57.04
23 186 31.4
23 187 80.32
23 188 82.98
23 189 81.39
23 190 48.88
23 191 47.27
23 192 43.42
23 193 87.05
23 194 57.31
23 195 71.56
23 196 33.97
23 197 67.6
23 198 102.59
23 199 27.17
23 200 42.94
23 201 10.63
24 0 69.64
24 1 135.13
24 2 109.48
24 3 101.53
24 4 99.9
24 5 32.2
24 6 42.05
24 7 17.89
24 8 29.41
24 9 110.65
24 10 78.06
24 11 58.08
24 12 99.9
24 13 28.64
24 14 79.31
24 15 134.71
24 16 53.54
24 17 54.13
24 18 65.0
24 19 103.39
24 20 99.36
24 21 14.56
24 22 35.34
24 23 73.98
24 25 80.62
24 26 31.14
24 27 38.33
24 28 134.24
24 29 123.56
24 30 98.11
24 31 103.32
24 32 28.23
24 33 118.51
24 34 92.36
24 35 143.56
24 36 112.77
24 37 125.48
24 38 35.11
24 39 97.74
24 40 37.05
24 41 79.25
24 42 86.68
24 43 104.56
24 44 54.04
24 45 34.54
24 46 88.32
24 47 91.14
24 48 76.03
24 49 111.16
24 50 31.14
24 51 131.03
24 52 106.57
24 53 61.85
24 54 119.55
24 55 48.27
24 56 95.43
24 57 32.8
24 58 41.18
24 59 133.38
24 60 59.23
24 61 81.5
24 62 109.93
24 63 104.2
24 64 58.86
24 65 101.08
24 66 58.46
24 67 60.83
24 68 14.56
24 69 58.55
24 70 70.77
24 71 80.16
24 72 106.23
24 73 66.04
24 74 99.76
24 75 62.65
24 76 144.4
24 77 91.35
24 78 44.78
24 79 54.42
24 80 69.29
24 81 123.58
24 82 100.21
24 83 89.94
24 84 39.2
24 85 74.73
24 86 48.01
24 87 87.69
24 88 115.73
24 89 50.22
24 90 32.56
24 91 64.56
24 92 83.29
24 93 82.22
24 94 130.18
24 95 32.2
24 96 55.73
24 97 148.56
24 98 83.01
24 99 57.7
24 100 120.24
24 101 76.84
24 102 58.69
24 103 114.93
24 104 112.0
24 105 77.47
24 106 120.0
24 107 39.0
24 108 141.74
24 109 100.77
24 110 107.56
24 111 85.09
24 112 58.18
24 113 84.9
24 114 22.83
24 115 74.03
24 116 96.19
24 117 138.29
24 118 105.8
24 119 79.06
24 120 113.04
24 121 97.42
24 122 48.3
24 123 69.18
24 124 26.0
24 125 91.78
24 126 59.24
24 127 52.43
24 128 36.62
24 129 108.05
24 130 83.05
24 131 99.33
24 132 108.75
24 133 50.54
24 134 136.53
24 135 111.25
24 136 4.24
24 137 131.59
24 138 36.35
24 139 123.79
24 140 123.18
24 141 46.27
24 142 60.02
24 143 91.48
24 144 88.24
24 145 56.65
24 146 50.61
24 147 116.21
24 148 66.29
24 149 131.23
24 150 36.89
24 151 37.34
24 152 101.61
24 153 75.0
24 154 54.49
24 155 132.83
24 156 20.1
24 157 39.46
24 158 102.55
24 159 42.72
24 160 116.09
24 161 49.04
24 162 129.4
24 163 70.21
24 164 62.65
24 165 99.09
24 166 40.79
24 167 66.07
24 168 57.28
24 169 61.52
24 170 97.42
24 171 60.42
24 172 123.02
24 173 31.76
24 174 51.86
24 175 121.1
24 176 80.41
24 177 153.5
24 178 71.4
24 179 117.34
24 180 77.7
24 181 48.02
24 182 128.69
24 183 52.7
24 184 66.48
24 185 80.62
24 186 53.6
24 187 9.85
24 188 149.25
24 189 96.93
24 190 113.53
24 191 73.41
24 192 111.36
24 193 42.76
24 194 41.4
24 195 119.04
24 196 49.65
24 197 57.31
24 198 87.05
24 199 99.98
24 200 56.08
24 201 69.64
25 0 34.21
25 1 101.67
25 2 31.02
25 3 23.09
25 4 20.62
25 5 48.92
25 6 115.6
25 7 77.18
25 8 52.01
25 9 88.41
25 10 62.3
25 11 59.0
25 12 19.72
25 13 94.83
25 14 29.15
25 15 123.22
25 16 29.97
25 17 34.21
25 18 42.58
25 19 81.84
25 20 30.08
25 21 93.72
25 22 49.24
25 23 44.01
25 24 80.62
25 26 59.48
25 27 108.71
25 28 66.03
25 29 105.42
25 30 27.89
25 31 109.44
25 32 95.29
25 33 50.25
25 34 22.14
25 35 73.17
25 36 43.19
25 37 97.58
25 38 73.68
25 39 61.62
25 40 109.27
25 41 49.19
25 42 87.28
25 43 89.36
25 44 102.39
25 45 51.0
25 46 41.87
25 47 63.51
25 48 102.18
25 49 75.69
25 50 64.88
25 51 96.67
25 52 51.0
25 53 23.54
25 54 39.2
25 55 47.85
25 56 62.63
25 57 48.17
25 58 42.19
25 59 102.73
25 60 70.03
25 61 71.51
25 62 49.04
25 63 27.46
25 64 46.0
25 65 76.61
25 66 43.01
25 67 48.17
25 68 88.81
25 69 66.03
25 70 10.77
25 71 102.59
25 72 71.42
25 73 21.1
25 74 33.84
25 75 67.27
25 76 66.21
25 77 74.71
25 78 39.81
25 79 37.66
25 80 35.17
25 81 81.27
25 82 25.02
25 83 24.7
25 84 62.94
25 85 26.93
25 86 34.48
25 87 7.62
25 88 100.69
25 89 31.91
25 90 56.36
25 91 38.21
25 92 70.38
25 93 55.46
25 94 59.08
25 95 82.64
25 96 49.01
25 97 79.1
25 98 31.4
25 99 33.24
25 100 39.82
25 101 102.24
25 102 72.01
25 103 97.42
25 104 34.48
25 105 44.78
25 106 42.38
25 107 75.69
25 108 64.85
25 109 21.02
25 110 27.02
25 111 32.56
25 112 86.15
25 113 6.0
25 114 90.05
25 115 58.82
25 116 65.6
25 117 83.82
25 118 86.27
25 119 85.15
25 120 79.21
25 121 44.2
25 122 81.05
25 123 52.17
25 124 57.69
25 125 83.26
25 126 34.13
25 127 104.29
25 128 83.17
25 129 89.05
25 130 64.08
25 131 48.6
25 132 111.62
25 133 35.47
25 134 61.61
25 135 33.96
25 136 80.66
25 137 79.71
25 138 66.1
25 139 102.94
25 140 99.9
25 141 62.17
25 142 45.01
25 143 88.96
25 144 33.97
25 145 78.06
25 146 106.61
25 147 105.15
25 148 21.02
25 149 58.42
25 150 45.0
25 151 49.66
25 152 87.82
25 153 11.18
25 154 26.4
25 155 109.66
25 156 69.97
25 157 53.49
25 158 41.63
25 159 108.34
25 160 107.19
25 161 54.74
25 162 71.17
25 163 17.03
25 164 28.02
25 165 19.24
25 166 51.26
25 167 100.12
25 168 42.01
25 169 19.1
25 170 25.5
25 171 29.15
25 172 89.94
25 173 50.8
25 174 29.21
25 175 83.87
25 176 31.91
25 177 78.16
25 178 101.0
25 179 60.54
25 180 17.0
25 181 36.25
25 182 48.1
25 183 31.38
25 184 82.22
25 185 98.99
25 186 66.07
25 187 89.94
25 188 73.38
25 189 37.74
25 190 41.01
25 191 88.68
25 192 43.57
25 193 110.92
25 194 86.13
25 195 115.0
25 196 66.37
25 197 101.43
25 198 65.74
25 199 61.52
25 200 79.1
25 201 34.21
26 0 62.29
26 1 137.09
26 2 90.38
26 3 82.35
26 4 80.06
26 5 16.76
26 6 73.17
26 7 41.11
26 8 25.24
26 9 115.32
26 10 47.38
26 11 27.66
26 12 76.84
26 13 57.71
26 14 50.48
26 15 144.75
26 16 29.53
26 17 26.91
26 18 61.85
26 19 107.7
26 20 71.84
26 21 45.54
26 22 33.12
26 23 70.41
26 24 31.14
26 25 59.48
26 27 69.03
26 28 121.6
26 29 130.61
26 30 70.94
26 31 117.8
26 32 57.56
26 33 105.32
26 34 76.66
26 35 130.0
26 36 98.72
26 37 129.03
26 38 52.43
26 39 95.9
26 40 68.01
26 41 76.9
26 42 97.65
26 43 111.36
26 44 79.31
26 45 34.13
26 46 57.94
26 47 91.76
26 48 95.43
26 49 110.86
26 50 6.0
26 51 132.44
26 52 98.05
26 53 48.17
26 54 98.27
26 55 48.33
26 56 94.59
26 57 17.72
26 58 17.72
26 59 136.31
26 60 69.81
26 61 87.66
26 62 99.5
26 63 86.16
26 64 27.89
26 65 104.06
26 66 27.86
26 67 60.75
26 68 45.01
26 69 67.42
26 70 51.87
26 71 98.6
26 72 105.76
26 73 40.61
26 74 86.49
26 75 71.28
26 76 125.67
26 77 96.25
26 78 37.11
26 79 25.61
26 80 62.39
26 81 121.49
26 82 82.87
26 83 62.48
26 84 10.63
26 85 46.4
26 86 36.12
26 87 67.08
26 88 123.43
26 89 27.86
26 90 3.16
26 91 34.44
26 92 88.57
26 93 51.09
26 94 115.95
26 95 55.04
26 96 56.46
26 97 135.59
26 98 53.85
26 99 49.37
26 100 98.79
26 101 96.05
26 102 70.29
26 103 121.67
26 104 93.62
26 105 46.57
26 106 101.64
26 107 56.61
26 108 124.08
26 109 77.2
26 110 84.88
26 111 75.06
26 112 76.06
26 113 64.88
26 114 51.62
26 115 76.69
26 116 96.3
26 117 132.0
26 118 111.09
26 119 91.21
26 120 113.51
26 121 67.23
26 122 66.4
26 123 38.05
26 124 29.7
26 125 99.85
26 126 30.61
26 127 78.77
26 128 58.59
26 129 113.72
26 130 52.35
26 131 92.02
26 132 122.44
26 133 24.41
26 134 120.21
26 135 85.56
26 136 28.64
26 137 126.1
26 138 48.84
26 139 129.87
26 140 128.32
26 141 17.0
26 142 29.12
26 143 101.79
26 144 78.1
26 145 71.42
26 146 78.16
26 147 125.4
26 148 52.35
26 149 116.09
26 150 17.0
26 151 36.72
26 152 108.67
26 153 51.04
26 154 37.48
26 155 138.54
26 156 37.12
26 157 8.54
26 158 91.55
26 159 72.56
26 160 126.05
26 161 18.03
26 162 121.15
26 163 54.92
26 164 52.01
26 165 78.71
26 166 10.3
26 167 87.37
26 168 54.12
26 169 42.06
26 170 70.77
26 171 50.04
26 172 124.45
26 173 12.37
26 174 31.32
26 175 120.83
26 176 51.11
26 177 137.06
26 178 91.61
26 179 109.07
26 180 51.66
26 181 38.47
26 182 106.51
26 183 41.05
26 184 80.66
26 185 97.62
26 186 63.41
26 187 40.61
26 188 132.4
26 189 67.6
26 190 98.08
26 191 88.41
26 192 98.06
26 193 73.17
26 194 63.53
26 195 130.92
26 196 60.31
26 197 81.39
26 198 56.32
26 199 97.49
26 200 71.45
26 201 62.29
27 0 87.0
27 1 133.88
27 2 133.6
27 3 126.25
27 4 125.36
27 5 65.51
27 6 8.06
27 7 31.95
27 8 58.19
27 9 108.17
27 10 116.28
27 11 96.33
27 12 128.41
27 13 13.89
27 14 114.0
27 15 123.07
27 16 86.4
27 17 88.84
27 18 79.25
27 19 102.2
27 20 132.19
27 21 25.63
27 22 59.48
27 23 86.68
27 24 38.33
27 25 108.71
27 26 69.03
27 28 150.08
27 29 116.73
27 30 130.63
27 31 88.28
27 32 13.42
27 33 135.95
27 34 114.48
27 35 159.93
27 36 131.53
27 37 123.0
27 38 38.21
27 39 104.71
27 40 3.16
27 41 89.63
27 42 79.08
27 43 100.02
27 44 29.27
27 45 57.71
27 46 124.46
27 47 96.15
27 48 57.31
27 49 114.77
27 50 69.46
27 51 130.77
27 52 120.0
27 53 86.28
27 54 145.34
27 55 64.54
27 56 101.53
27 57 65.73
27 58 75.5
27 59 131.03
27 60 59.03
27 61 81.34
27 62 125.1
27 63 127.61
27 64 96.13
27 65 101.84
27 66 95.34
27 67 73.0
27 68 24.02
27 69 60.9
27 70 98.01
27 71 62.29
27 72 110.57
27 73 98.67
27 74 118.8
27 75 63.95
27 76 166.42
27 77 91.08
27 78 68.96
27 79 90.09
27 80 86.28
27 81 128.16
27 82 123.23
27 83 123.02
27 84 77.52
27 85 109.14
27 86 74.24
27 87 114.74
27 88 108.78
27 89 82.57
27 90 70.01
27 91 100.84
27 92 83.93
27 93 120.0
27 94 147.99
27 95 28.32
27 96 68.62
27 97 164.01
27 98 117.9
27 99 78.6
27 100 146.17
27 101 58.31
27 102 57.27
27 103 109.33
27 104 135.25
27 105 114.44
27 106 142.76
27 107 38.6
27 108 162.69
27 109 129.71
27 110 135.33
27 111 102.53
27 112 47.07
27 113 111.65
27 114 18.97
27 115 79.76
27 116 101.08
27 117 146.71
27 118 103.08
27 119 71.2
27 120 115.52
27 121 133.18
27 122 41.23
27 123 107.0
27 124 51.62
27 125 87.32
27 126 94.54
27 127 25.5
27 128 30.23
27 129 104.56
27 130 121.26
27 131 112.2
27 132 94.26
27 133 84.93
27 134 156.27
27 135 141.85
27 136 41.77
27 137 139.54
27 138 45.28
27 139 118.23
27 140 118.87
27 141 84.59
27 142 97.19
27 143 84.01
27 144 105.38
27 145 51.26
27 146 20.88
27 147 107.23
27 148 90.14
27 149 149.97
27 150 70.61
27 151 59.17
27 152 97.08
27 153 105.85
27 154 82.76
27 155 127.01
27 156 39.0
27 157 77.01
27 158 119.0
27 159 7.62
27 160 106.08
27 161 87.05
27 162 140.66
27 163 94.58
27 164 84.4
27 165 125.1
27 166 78.06
27 167 46.17
27 168 73.59
27 169 90.38
27 170 129.45
27 171 82.42
27 172 123.37
27 173 66.75
27 174 82.87
27 175 123.71
27 176 115.52
27 177 172.63
27 178 52.24
27 179 129.53
27 180 110.05
27 181 72.56
27 182 155.04
27 183 77.52
27 184 58.69
27 185 65.03
27 186 56.6
27 187 30.36
27 188 169.01
27 189 131.7
27 190 133.69
27 191 62.51
27 192 129.45
27 193 5.0
27 194 30.87
27 195 106.12
27 196 53.25
27 197 34.23
27 198 125.26
27 199 107.42
27 200 49.98
27 201 87.0
28 0 64.88
28 1 63.35
28 2 39.22
28 3 44.91
28 4 48.05
28 5 107.28
28 6 158.05
28 7 123.82
28 8 105.48
28 9 69.05
28 10 126.92
28 11 125.02
28 12 59.14
28 13 137.2
28 14 92.57
28 15 98.18
28 16 93.65
28 17 99.25
28 18 71.28
28 19 67.72
28 20 80.23
28 21 144.14
28 22 98.9
28 23 63.41
28 24 134.24
28 25 66.03
28 26 121.6
28 27 150.08
28 29 81.01
28 30 78.55
28 31 105.08
28 32 138.0
28 33 16.28
28 34 45.28
28 35 9.9
28 36 23.09
28 37 67.07
28 38 112.0
28 39 50.61
28 40 151.82
28 41 60.83
28 42 89.9
28 43 76.4
28 44 131.71
28 45 99.74
28 46 102.2
28 47 59.68
28 48 116.62
28 49 51.2
28 50 127.48
28 51 59.68
28 52 30.41
28 53 74.04
28 54 43.6
28 55 87.46
28 56 54.2
28 57 106.32
28 58 103.94
28 59 66.91
28 60 93.38
28 61 76.85
28 62 25.0
28 63 39.62
28 64 112.02
28 65 63.57
28 66 109.0
28 67 77.2
28 68 137.2
28 69 90.51
28 70 70.46
28 71 114.13
28 72 51.55
28 73 87.0
28 74 35.17
28 75 88.46
28 76 30.59
28 77 71.11
28 78 89.69
28 79 103.12
28 80 65.37
28 81 44.01
28 82 41.11
28 83 82.28
28 84 127.14
28 85 91.79
28 86 87.6
28 87 59.21
28 88 81.5
28 89 94.2
28 90 118.46
28 91 104.17
28 92 74.09
28 93 118.88
28 94 8.6
28 95 121.82
28 96 81.84
28 97 14.32
28 98 93.39
28 99 76.56
28 100 44.2
28 101 116.11
28 102 95.52
28 103 77.52
28 104 35.11
28 105 108.85
28 106 30.53
28 107 111.52
28 108 24.52
28 109 60.75
28 110 54.13
28 111 49.19
28 112 109.99
28 113 60.03
28 114 134.53
28 115 72.25
28 116 56.36
28 117 29.07
28 118 71.06
28 119 93.65
28 120 53.76
28 121 100.09
28 122 111.02
28 123 117.72
28 124 108.26
28 125 80.62
28 126 100.0
28 127 135.15
28 128 119.97
28 129 72.57
28 130 127.88
28 131 38.18
28 132 103.59
28 133 99.61
28 134 17.09
28 135 67.74
28 136 135.77
28 137 30.81
28 138 105.44
28 139 77.0
28 140 73.0
28 141 127.39
28 142 111.04
28 143 87.85
28 144 46.07
28 145 102.65
28 146 139.32
28 147 87.57
28 148 69.64
28 149 12.04
28 150 105.02
28 151 97.05
28 152 77.2
28 153 77.1
28 154 84.17
28 155 78.52
28 156 117.34
28 157 117.24
28 158 31.76
28 159 146.66
28 160 90.67
28 161 120.2
28 162 19.1
28 163 66.71
28 164 71.87
28 165 50.22
28 166 115.12
28 167 121.02
28 168 78.03
28 169 79.91
28 170 75.96
28 171 74.09
28 172 58.01
28 173 110.6
28 174 90.43
28 175 51.01
28 176 94.92
28 177 25.63
28 178 118.43
28 179 23.26
28 180 81.61
28 181 86.73
28 182 46.75
28 183 82.54
28 184 100.0
28 185 109.18
28 186 94.11
28 187 141.78
28 188 24.33
28 189 92.48
28 190 25.18
28 191 102.08
28 192 23.54
28 193 150.33
28 194 120.34
28 195 99.61
28 196 97.08
28 197 128.43
28 198 128.79
28 199 47.89
28 200 104.06
28 201 64.88
29 0 75.07
29 1 23.6
29 2 100.66
29 3 99.74
29 4 101.97
29 5 114.04
29 6 124.17
29 7 106.37
29 8 105.7
29 9 17.03
29 10 161.2
29 11 149.21
29 12 114.13
29 13 109.0
29 14 133.06
29 15 18.38
29 16 115.6
29 17 122.8
29 18 71.03
29 19 24.08
29 20 133.69
29 21 125.48
29 22 97.58
29 23 64.54
29 24 123.56
29 25 105.42
29 26 130.61
29 27 116.73
29 28 81.01
29 30 131.47
29 31 34.41
29 32 110.0
29 33 79.43
29 34 87.82
29 35 88.36
29 36 82.01
29 37 14.56
29 38 88.96
29 39 44.1
29 40 119.6
29 41 58.05
29 42 38.0
29 43 19.31
29 44 88.65
29 45 96.77
29 46 146.66
29 47 42.43
29 48 61.98
29 49 32.57
29 50 136.06
29 51 24.17
29 52 62.3
29 53 92.2
29 54 112.27
29 55 82.29
29 56 42.8
29 57 113.15
29 58 117.99
29 59 19.21
29 60 64.33
29 61 43.08
29 62 68.68
29 63 95.85
29 64 138.6
29 65 29.0
29 66 135.6
29 67 70.33
29 68 117.52
29 69 65.25
29 70 100.45
29 71 57.25
29 72 35.34
29 73 118.14
29 74 79.2
29 75 61.13
29 76 111.11
29 77 34.48
29 78 94.51
29 79 127.2
29 80 74.41
29 81 37.05
29 82 93.04
29 83 130.0
29 84 140.43
29 85 129.42
29 86 97.64
29 87 103.73
29 88 8.0
29 89 113.23
29 90 128.35
29 91 134.83
29 92 42.05
29 93 157.08
29 94 86.21
29 95 95.19
29 96 74.24
29 97 88.12
29 98 136.03
29 99 85.21
29 100 113.23
29 101 61.03
29 102 64.94
29 103 8.94
29 104 98.35
29 105 146.41
29 106 100.17
29 107 85.59
29 108 105.08
29 109 116.36
29 110 114.54
29 111 73.01
29 112 70.06
29 113 101.83
29 114 110.11
29 115 54.2
29 116 39.82
29 117 56.75
29 118 20.0
29 119 46.0
29 120 29.12
29 121 149.63
29 122 78.06
29 123 149.31
29 124 103.12
29 125 31.78
29 126 127.28
29 127 92.76
29 128 91.09
29 129 17.2
29 130 164.44
29 131 59.93
29 132 29.73
29 133 120.43
29 134 97.13
29 135 129.25
29 136 127.12
29 137 51.62
29 138 87.32
29 139 4.12
29 140 8.06
29 141 144.63
29 142 138.41
29 143 33.0
29 144 72.11
29 145 68.18
29 146 97.86
29 147 10.82
29 148 90.55
29 149 90.27
29 150 115.49
29 151 94.02
29 152 22.14
29 153 114.02
29 154 102.0
29 155 10.44
29 156 103.59
29 157 131.61
29 158 71.31
29 159 110.17
29 160 13.45
29 161 140.13
29 162 62.07
29 163 91.93
29 164 85.91
29 165 103.77
29 166 130.36
29 167 72.03
29 168 77.7
29 169 104.14
29 170 128.7
29 171 86.83
29 172 23.09
29 173 118.51
29 174 109.4
29 175 30.0
29 176 135.88
29 177 105.48
29 178 66.48
29 179 60.67
29 180 121.17
29 181 94.34
29 182 119.82
29 183 94.05
29 184 59.01
29 185 53.16
29 186 70.09
29 187 126.02
29 188 105.12
29 189 143.0
29 190 87.36
29 191 54.23
29 192 79.12
29 193 114.27
29 194 88.0
29 195 20.59
29 196 73.98
29 197 83.74
29 198 167.09
29 199 44.78
29 200 69.12
29 201 75.07
30 0 62.1
30 1 125.21
30 2 39.4
30 3 35.23
30 4 32.2
30 5 66.19
30 6 136.86
30 7 98.68
30 8 72.45
30 9 114.59
30 10 52.47
30 11 58.59
30 12 19.72
30 13 117.0
30 14 21.63
30 15 149.57
30 16 44.72
30 17 44.41
30 18 70.41
30 19 108.41
30 20 2.24
30 21 112.29
30 22 72.03
30 23 71.78
30 24 98.11
30 25 27.89
30 26 70.94
30 27 130.63
30 28 78.55
30 29 131.47
30 31 137.24
30 32 117.32
30 33 65.37
30 34 44.05
30 35 82.97
30 36 58.83
30 37 122.44
30 38 98.31
30 39 87.37
30 40 130.74
30 41 76.69
30 42 115.13
30 43 116.3
30 44 127.88
30 45 73.98
30 46 25.0
30 47 90.35
30 48 129.65
30 49 100.42
30 50 74.97
30 51 120.28
30 52 72.84
30 53 50.04
30 54 38.12
30 55 74.03
30 56 88.84
30 57 65.74
30 58 56.94
30 59 126.81
30 60 97.42
30 61 99.3
30 62 68.88
30 63 40.5
30 64 47.43
30 65 103.08
30 66 45.61
30 67 75.8
30 68 108.75
30 69 93.43
30 70 37.12
30 71 130.25
30 72 96.61
30 73 32.2
30 74 54.45
30 75 94.89
30 76 67.01
30 77 102.04
30 78 63.79
30 79 45.34
30 80 63.06
30 81 103.95
30 82 41.23
30 83 8.49
30 84 70.18
30 85 24.76
30 86 57.87
30 87 27.78
30 88 127.26
30 89 48.33
30 90 68.25
30 91 38.6
30 92 98.08
30 93 43.1
30 94 70.23
30 95 106.51
30 96 76.24
30 97 89.02
30 98 19.7
30 99 60.07
30 100 38.05
30 101 129.76
30 102 99.32
30 103 123.82
30 104 43.46
30 105 35.17
30 106 48.76
30 107 100.84
30 108 68.18
30 109 17.89
30 110 24.74
30 111 58.67
30 112 113.02
30 113 29.97
30 114 111.66
30 115 86.68
30 116 91.92
30 117 102.08
30 118 112.87
30 119 113.03
30 120 104.02
30 121 21.54
30 122 107.17
30 123 46.82
30 124 79.06
30 125 110.86
30 126 40.36
30 127 129.4
30 128 107.69
30 129 115.6
30 130 52.04
30 131 72.47
30 132 139.28
30 133 47.71
30 134 68.25
30 135 16.16
30 136 97.1
30 137 99.4
30 138 90.93
30 139 128.71
30 140 125.43
30 141 66.61
30 142 46.04
30 143 116.71
30 144 59.36
30 145 105.08
30 146 131.21
30 147 132.0
30 148 48.37
30 149 68.01
30 150 61.29
30 151 73.35
30 152 114.93
30 153 25.32
30 154 48.84
30 155 134.81
30 156 91.71
30 157 62.97
30 158 62.94
30 159 131.32
30 160 134.18
30 161 59.2
30 162 89.04
30 163 44.72
30 164 55.33
30 165 30.0
30 166 60.88
30 167 127.02
30 168 69.26
30 169 41.44
30 170 2.83
30 171 56.14
30 172 114.21
30 173 66.37
30 174 47.76
30 175 107.63
30 176 22.36
30 177 82.15
30 178 128.25
30 179 80.43
30 180 20.62
30 181 60.53
30 182 42.43
30 183 56.22
30 184 109.77
30 185 126.75
30 186 93.09
30 187 107.91
30 188 77.16
30 189 13.93
30 190 54.59
30 191 116.4
30 192 60.46
30 193 133.45
30 194 111.16
30 195 142.23
30 196 93.0
30 197 127.39
30 198 52.04
30 199 86.84
30 200 106.04
30 201 62.1
31 0 75.39
31 1 57.31
31 2 114.28
31 3 111.02
31 4 112.45
31 5 102.55
31 6 95.05
31 7 85.43
31 8 92.76
31 9 37.12
31 10 156.03
31 11 140.8
31 12 123.0
31 13 83.2
31 14 133.3
31 15 35.13
31 16 110.44
31 17 117.2
31 18 67.98
31 19 37.36
31 20 139.46
31 21 101.83
31 22 85.56
31 23 65.46
31 24 103.32
31 25 109.44
31 26 117.8
31 27 88.28
31 28 105.08
31 29 34.41
31 30 137.24
31 32 84.17
31 33 98.86
31 34 97.32
31 35 113.84
31 36 99.18
31 37 46.69
31 38 68.48
31 39 57.14
31 40 91.35
31 41 60.88
31 42 22.36
31 43 28.79
31 44 59.08
31 45 84.17
31 46 147.18
31 47 50.04
31 48 31.02
31 49 54.08
31 50 122.44
31 51 56.64
31 52 79.4
31 53 90.35
31 54 127.14
31 55 72.47
31 56 54.04
31 57 101.83
31 58 109.04
31 59 53.15
31 60 48.1
31 61 37.95
31 62 86.47
31 63 108.46
31 64 132.28
31 65 41.77
31 66 129.63
31 67 64.14
31 68 94.24
31 69 50.93
31 70 101.64
31 71 26.02
31 72 53.6
31 73 116.47
31 74 92.14
31 75 47.51
31 76 133.0
31 77 37.05
31 78 86.05
31 79 121.21
31 80 74.46
31 81 64.41
31 82 104.69
31 83 133.7
31 84 128.32
31 85 128.89
31 86 90.8
31 87 110.16
31 88 28.28
31 89 107.2
31 90 116.18
31 91 130.67
31 92 39.29
31 93 153.94
31 94 108.26
31 95 71.87
31 96 66.03
31 97 114.95
31 98 136.85
31 99 81.12
31 100 128.14
31 101 30.02
31 102 47.51
31 103 31.24
31 104 113.07
31 105 143.96
31 106 117.04
31 107 64.41
31 108 127.28
31 109 125.17
31 110 125.6
31 111 80.41
31 112 45.31
31 113 107.56
31 114 85.73
31 115 50.7
31 116 51.09
31 117 85.96
31 118 34.18
31 119 26.91
31 120 52.0
31 121 152.12
31 122 55.04
31 123 144.01
31 124 88.24
31 125 27.17
31 126 122.64
31 127 63.03
31 128 67.42
31 129 33.11
31 130 160.0
31 131 74.03
31 132 6.0
31 133 114.02
31 134 119.24
31 135 139.06
31 136 107.33
31 137 79.61
31 138 69.63
31 139 37.64
31 140 40.31
31 141 133.73
31 142 132.44
31 143 20.62
31 144 80.89
31 145 47.17
31 146 68.01
31 147 23.6
31 148 90.38
31 149 111.99
31 150 105.38
31 151 82.02
31 152 27.89
31 153 115.45
31 154 97.64
31 155 44.42
31 156 84.72
31 157 120.93
31 158 86.01
31 159 81.1
31 160 21.1
31 161 130.83
31 162 87.66
31 163 93.23
31 164 84.08
31 165 113.77
31 166 120.21
31 167 42.11
31 168 71.87
31 169 102.08
31 170 134.71
31 171 84.12
31 172 52.43
31 173 106.83
31 174 104.04
31 175 57.31
31 176 136.0
31 177 130.65
31 178 36.06
31 179 82.23
31 180 122.58
31 181 87.2
31 182 136.01
31 183 88.75
31 184 37.44
31 185 23.54
31 186 54.49
31 187 103.46
31 188 129.28
31 189 146.54
31 190 104.08
31 191 30.02
31 192 96.19
31 193 85.05
31 194 63.25
31 195 18.11
31 196 57.49
31 197 54.08
31 198 163.22
31 199 59.3
31 200 47.51
31 201 75.39
32 0 74.28
32 1 125.6
32 2 120.42
32 3 113.0
32 4 112.07
32 5 52.61
32 6 20.62
32 7 18.68
32 8 44.92
32 9 99.98
32 10 104.94
32 11 85.16
32 12 115.0
32 13 1.0
32 14 101.0
32 15 118.09
32 16 73.25
32 17 75.95
32 18 66.84
32 19 93.56
32 20 118.9
32 21 19.21
32 22 46.07
32 23 74.63
32 24 28.23
32 25 95.29
32 26 57.56
32 27 13.42
32 28 138.0
32 29 110.0
32 30 117.32
32 31 84.17
32 33 123.56
32 34 101.41
32 35 147.8
32 36 118.93
32 37 114.98
32 38 26.08
32 39 94.02
32 40 14.21
32 41 78.03
32 42 72.01
32 43 92.35
32 44 28.02
32 45 44.29
32 46 111.76
32 47 85.8
32 48 54.08
32 49 105.0
32 50 58.69
32 51 122.18
32 52 108.17
32 53 72.95
32 54 132.06
32 55 51.62
32 56 91.0
32 57 52.77
32 58 62.65
32 59 123.04
32 60 49.04
32 61 72.03
32 62 113.0
32 63 114.48
32 64 84.01
32 65 92.65
32 66 83.02
32 67 60.8
32 68 13.89
32 69 50.33
32 70 84.6
32 71 58.82
32 72 100.57
32 73 85.44
32 74 106.1
32 75 53.76
32 76 153.52
32 77 82.0
32 78 55.57
32 79 77.41
32 80 73.59
32 81 118.27
32 82 110.11
32 83 109.77
32 84 66.71
32 85 96.1
32 86 60.83
32 87 101.36
32 88 102.0
32 89 69.38
32 90 58.22
32 91 88.28
32 92 74.46
32 93 108.12
32 94 135.59
32 95 16.55
32 96 56.22
32 97 152.05
32 98 104.92
32 99 65.44
32 100 132.88
32 101 55.03
32 102 47.54
32 103 102.12
32 104 122.15
32 105 102.08
32 106 129.73
32 107 27.31
32 108 149.91
32 109 116.3
32 110 121.94
32 111 89.94
32 112 40.05
32 113 98.27
32 114 6.0
32 115 68.94
32 116 90.82
32 117 136.06
32 118 94.89
32 119 64.01
32 120 106.04
32 121 120.35
32 122 32.25
32 123 95.19
32 124 38.28
32 125 79.4
32 126 81.74
32 127 25.5
32 128 19.65
32 129 96.63
32 130 109.9
32 131 100.4
32 132 90.03
32 133 72.01
32 134 143.63
32 135 128.44
32 136 32.2
32 137 128.95
32 138 32.65
32 139 111.11
32 140 111.36
32 141 73.76
32 142 85.0
32 143 77.01
32 144 92.85
32 145 42.43
32 146 22.8
32 147 101.12
32 148 76.84
32 149 137.44
32 150 57.71
32 151 45.79
32 152 89.36
32 153 92.48
32 154 69.35
32 155 120.07
32 156 25.63
32 157 65.19
32 158 106.67
32 159 15.03
32 160 100.32
32 161 75.54
32 162 129.38
32 163 81.27
32 164 71.22
32 165 111.77
32 166 66.07
32 167 43.08
32 168 60.83
32 169 76.97
32 170 116.11
32 171 69.2
32 172 114.54
32 173 54.15
32 174 69.57
32 175 114.28
32 176 102.59
32 177 160.11
32 178 49.04
32 179 117.99
32 180 96.77
32 181 59.17
32 182 141.74
32 183 64.14
32 184 51.04
32 185 60.64
32 186 45.69
32 187 22.67
32 188 156.4
32 189 118.66
32 190 120.92
32 191 56.14
32 192 116.93
32 193 16.28
32 194 22.02
32 195 101.43
32 196 42.05
32 197 32.25
32 198 113.86
32 199 96.66
32 200 41.3
32 201 74.28
33 0 49.65
33 1 65.74
33 2 26.4
33 3 30.46
33 4 33.62
33 5 91.09
33 6 143.84
33 7 108.72
33 8 89.55
33 9 65.12
33 10 111.83
33 11 109.11
33 12 45.65
33 13 122.79
33 14 77.62
33 15 97.51
33 16 77.41
33 17 83.1
33 18 56.73
33 19 62.07
33 20 67.23
33 21 128.8
33 22 83.19
33 23 49.52
33 24 118.51
33 25 50.25
33 26 105.32
33 27 135.95
33 28 16.28
33 29 79.43
33 30 65.37
33 31 98.86
33 32 123.56
33 34 29.07
33 35 25.08
33 36 7.07
33 37 66.76
33 38 97.74
33 39 41.98
33 40 137.54
33 41 48.01
33 42 81.32
33 43 71.06
33 44 119.2
33 45 84.12
33 46 88.02
33 47 50.29
33 48 106.51
33 49 47.27
33 50 111.2
33 51 61.33
33 52 19.65
33 53 57.87
33 54 34.67
33 55 72.42
33 56 45.35
33 57 90.14
33 58 87.66
33 59 68.54
33 60 80.8
33 61 66.85
33 62 12.65
33 63 25.08
33 64 96.13
33 65 57.22
33 66 93.09
33 67 62.97
33 68 122.04
33 69 77.62
33 70 54.23
33 71 104.55
33 72 46.0
33 73 71.06
33 74 18.97
33 75 76.03
33 76 34.48
33 77 62.82
33 78 73.82
33 79 87.02
33 80 50.22
33 81 44.38
33 82 25.71
33 83 68.15
33 84 110.89
33 85 76.49
33 86 71.51
33 87 43.74
33 88 78.31
33 89 77.93
33 90 102.18
33 91 88.46
33 92 64.26
33 93 104.12
33 94 12.04
33 95 107.63
33 96 67.36
33 97 30.36
33 98 78.75
33 99 60.83
33 100 35.51
33 101 106.1
33 102 83.01
33 103 74.33
33 104 22.67
33 105 93.86
33 106 21.47
33 107 97.59
33 108 29.15
33 109 47.51
33 110 42.01
33 111 33.84
33 112 97.91
33 113 44.28
33 114 119.81
33 115 60.21
33 116 48.05
33 117 37.01
33 118 66.01
33 119 83.93
33 120 50.49
33 121 86.77
33 122 97.95
33 123 102.26
33 124 92.59
33 125 72.78
33 126 84.02
33 127 122.44
33 128 106.08
33 129 68.01
33 130 113.05
33 131 26.4
33 132 98.25
33 133 83.38
33 134 21.47
33 135 56.64
33 136 119.92
33 137 35.47
33 138 90.91
33 139 75.71
33 140 71.81
33 141 111.22
33 142 95.19
33 143 80.05
33 144 30.81
33 145 90.21
33 146 126.37
33 147 84.21
33 148 53.45
33 149 14.42
33 150 88.77
33 151 81.49
33 152 71.25
33 153 61.4
33 154 67.91
33 155 79.06
33 156 102.08
33 157 100.98
33 158 16.97
33 159 132.94
33 160 87.14
33 161 104.08
33 162 24.08
33 163 50.45
33 164 55.95
33 165 35.85
33 166 98.86
33 167 109.77
33 168 63.01
33 169 63.64
33 170 62.65
33 171 58.18
33 172 57.57
33 173 94.37
33 174 74.15
33 175 50.29
33 176 80.08
33 177 36.8
33 178 107.78
33 179 18.97
33 180 66.29
33 181 70.77
33 182 40.85
33 183 66.48
33 184 88.68
33 185 99.72
33 186 80.81
33 187 126.27
33 188 33.6
33 189 79.18
33 190 10.82
33 191 91.71
33 192 7.28
33 193 136.49
33 194 106.83
33 195 96.13
33 196 83.49
33 197 116.25
33 198 114.18
33 199 39.62
33 200 91.61
33 201 49.65
34 0 28.64
34 1 81.32
34 2 19.7
34 3 14.04
34 4 15.13
34 5 63.16
34 6 122.02
34 7 84.86
34 8 62.97
34 9 71.12
34 10 84.43
34 11 80.31
34 12 26.4
34 13 100.77
34 14 50.99
34 15 106.07
34 16 48.37
34 17 54.04
34 18 37.7
34 19 65.39
34 20 46.23
34 21 103.86
34 22 57.63
34 23 34.37
34 24 92.36
34 25 22.14
34 26 76.66
34 27 114.48
34 28 45.28
34 29 87.82
34 30 44.05
34 31 97.32
34 32 101.41
34 33 29.07
34 35 53.37
34 36 22.2
34 37 78.41
34 38 76.84
34 39 43.83
34 40 115.62
34 41 37.01
34 42 76.24
34 43 73.74
34 44 102.46
34 45 58.9
34 46 62.97
34 47 48.08
34 48 96.18
34 49 56.4
34 50 82.46
34 51 76.37
34 52 29.41
34 53 30.53
34 54 32.57
34 55 50.0
34 56 45.69
34 57 62.24
34 58 58.94
34 59 82.81
34 60 65.8
34 61 60.13
34 62 26.93
34 63 13.42
34 64 67.36
34 65 60.01
34 66 64.28
34 67 44.38
34 68 97.74
34 69 61.98
34 70 25.18
34 71 95.52
34 72 52.7
34 73 42.3
34 74 11.7
34 75 61.85
34 76 52.4
34 77 60.64
34 78 47.8
34 79 58.0
34 80 29.55
34 81 60.31
34 82 8.94
34 83 44.05
34 84 81.88
34 85 49.04
34 86 44.42
34 87 17.2
34 88 84.1
34 89 49.03
34 90 73.5
34 91 60.02
34 92 58.31
34 93 77.47
34 94 39.29
34 95 86.61
34 96 47.41
34 97 59.03
34 98 52.84
34 99 36.07
34 100 33.53
34 101 96.03
34 102 68.01
34 103 80.5
34 104 20.81
34 105 66.85
34 106 28.32
34 107 77.7
34 108 49.41
34 109 28.64
34 110 28.28
34 111 17.03
34 112 83.17
34 113 16.55
34 114 96.94
34 115 49.09
34 116 48.85
34 117 61.68
34 118 69.86
34 119 76.03
34 120 60.0
34 121 63.78
34 122 80.53
34 123 74.22
34 124 67.01
34 125 70.21
34 126 55.15
34 127 105.1
34 128 85.98
34 129 72.5
34 130 86.16
34 131 28.43
34 132 98.49
34 133 54.33
34 134 44.29
34 135 42.06
34 136 93.3
34 137 57.7
34 138 69.4
34 139 84.91
34 140 81.54
34 141 82.15
34 142 66.48
34 143 76.79
34 144 16.49
34 145 74.95
34 146 108.3
34 147 89.16
34 148 26.08
34 149 39.56
34 150 60.41
34 151 56.64
34 152 72.73
34 153 33.24
34 154 39.56
34 155 90.8
34 156 77.83
34 157 72.01
34 158 19.72
34 159 112.65
34 160 91.55
34 161 75.03
34 162 49.04
34 163 22.36
34 164 30.41
34 165 16.49
34 166 69.87
34 167 96.57
34 168 41.34
34 169 34.71
34 170 41.23
34 171 32.56
34 172 70.18
34 173 66.13
34 174 45.35
34 175 63.66
34 176 53.67
34 177 61.29
34 178 96.1
34 179 38.48
34 180 39.0
34 181 44.41
34 182 42.38
34 183 39.66
34 184 76.49
34 185 91.27
34 186 63.69
34 187 100.8
34 188 56.94
34 189 56.59
34 190 21.54
34 191 81.61
34 192 22.0
34 193 115.8
34 194 87.82
34 195 99.96
34 196 65.31
34 197 100.46
34 198 87.73
34 199 43.05
34 200 76.22
34 201 28.64
35 0 74.43
35 1 69.26
35 2 44.41
35 3 51.04
35 4 54.08
35 5 116.06
35 6 167.89
35 7 133.45
35 8 114.63
35 9 77.37
35 10 132.85
35 11 132.09
35 12 64.13
35 13 147.0
35 14 98.51
35 15 105.0
35 16 101.61
35 17 106.92
35 18 81.02
35 19 76.55
35 20 84.48
35 21 153.68
35 22 108.23
35 23 73.25
35 24 143.56
35 25 73.17
35 26 130.0
35 27 159.93
35 28 9.9
35 29 88.36
35 30 82.97
35 31 113.84
35 32 147.8
35 33 25.08
35 34 53.37
35 36 31.32
35 37 74.11
35 38 121.82
35 39 60.21
35 40 161.64
35 41 70.72
35 42 99.3
35 43 85.07
35 44 141.6
35 45 109.13
35 46 107.28
35 47 69.34
35 48 126.25
35 49 59.77
35 50 135.82
35 51 66.03
35 52 40.31
35 53 82.87
35 54 46.1
35 55 97.1
35 56 63.81
35 57 115.11
35 58 112.29
35 59 73.11
35 60 103.28
35 61 86.53
35 62 34.83
35 63 46.0
35 64 119.1
35 65 72.62
35 66 116.16
35 67 87.01
35 68 146.81
35 69 100.41
35 70 78.45
35 71 123.66
35 72 60.54
35 73 94.26
35 74 44.01
35 75 98.35
35 76 26.42
35 77 80.53
35 78 98.9
35 79 110.65
35 80 74.95
35 81 51.35
35 82 48.17
35 83 87.48
35 84 135.15
35 85 98.13
35 86 96.57
35 87 66.03
35 88 89.44
35 89 102.39
35 90 126.85
35 91 111.0
35 92 83.76
35 93 124.46
35 94 14.14
35 95 131.65
35 96 91.61
35 97 6.08
35 98 98.99
35 99 85.87
35 100 46.52
35 101 125.72
35 102 105.42
35 103 85.51
35 104 40.31
35 105 114.74
35 106 34.21
35 107 121.38
35 108 20.81
35 109 65.51
35 110 58.24
35 111 58.67
35 112 119.85
35 113 67.19
35 114 144.27
35 115 82.13
35 116 65.86
35 117 33.54
35 118 79.7
35 119 103.25
35 120 62.1
35 121 104.4
35 122 120.92
35 123 124.15
35 124 117.62
35 125 89.9
35 126 107.3
35 127 145.04
35 128 129.83
35 129 81.04
35 130 133.51
35 131 48.08
35 132 112.09
35 133 107.52
35 134 15.81
35 135 70.77
35 136 145.0
35 137 37.0
35 138 115.21
35 139 84.29
35 140 80.31
35 141 135.07
35 142 118.07
35 143 97.08
35 144 55.57
35 145 112.54
35 146 149.21
35 147 95.52
35 148 78.43
35 149 15.13
35 150 113.6
35 151 106.47
35 152 86.03
35 153 84.05
35 154 92.72
35 155 85.02
35 156 126.91
35 157 125.32
35 158 41.34
35 159 156.54
35 160 98.66
35 161 127.77
35 162 26.48
35 163 75.29
35 164 81.02
35 165 56.14
35 166 123.17
35 167 130.8
35 168 87.66
35 169 88.07
35 170 80.52
35 171 83.26
35 172 65.28
35 173 119.25
35 174 98.72
35 175 58.55
35 176 100.72
35 177 17.12
35 178 128.14
35 179 32.76
35 180 88.05
35 181 95.85
35 182 47.2
35 183 91.55
35 184 109.81
35 185 118.7
35 186 104.0
35 187 151.24
35 188 17.26
35 189 96.84
35 190 32.25
35 191 111.77
35 192 32.31
35 193 160.21
35 194 130.23
35 195 107.52
35 196 106.96
35 197 138.29
35 198 134.16
35 199 57.45
35 200 113.95
35 201 74.43
36 0 44.69
36 1 69.97
36 2 20.52
36 3 23.71
36 4 26.83
36 5 84.76
36 6 139.34
36 7 103.6
36 8 83.63
36 9 66.91
36 10 104.79
36 11 102.08
36 12 39.12
36 13 118.19
36 14 70.6
36 15 100.28
36 16 70.58
36 17 76.16
36 18 52.35
36 19 63.13
36 20 60.75
36 21 123.42
36 22 77.52
36 23 45.8
36 24 112.77
36 25 43.19
36 26 98.72
36 27 131.53
36 28 23.09
36 29 82.01
36 30 58.83
36 31 99.18
36 32 118.93
36 33 7.07
36 34 22.2
36 35 31.32
36 37 70.01
36 38 93.34
36 39 42.05
36 40 133.0
36 41 45.18
36 42 80.6
36 43 72.11
36 44 115.94
36 45 78.55
36 46 81.15
36 47 49.65
36 48 104.75
36 49 49.48
36 50 104.56
36 51 65.37
36 52 20.1
36 53 51.62
36 54 30.46
36 55 67.48
36 56 45.18
36 57 83.82
36 58 81.02
36 59 72.47
36 60 77.7
36 61 65.52
36 62 13.34
36 63 18.36
36 64 89.09
36 65 58.03
36 66 86.05
36 67 58.8
36 68 116.83
36 69 74.33
36 70 47.38
36 71 103.09
36 72 47.52
36 73 64.03
36 74 13.04
36 75 73.06
36 76 36.24
36 77 62.51
36 78 68.0
36 79 80.06
36 80 45.34
36 81 48.37
36 82 18.68
36 83 61.33
36 84 104.09
36 85 69.43
36 86 65.39
36 87 36.67
36 88 80.23
36 89 71.2
36 90 95.57
36 91 81.39
36 92 63.06
36 93 97.12
36 94 17.46
36 95 103.24
36 96 62.94
36 97 36.88
36 98 71.78
36 99 55.23
36 100 31.38
36 101 104.4
36 102 79.92
36 103 76.3
36 104 17.2
36 105 86.83
36 106 18.25
36 107 93.43
36 108 31.62
36 109 41.05
36 110 36.07
36 111 29.0
36 112 95.02
36 113 37.22
36 114 114.98
36 115 57.7
36 116 48.09
36 117 43.27
36 118 67.27
36 119 82.57
36 120 52.89
36 121 80.13
36 122 94.4
36 123 95.19
36 124 86.95
36 125 72.56
36 126 77.01
36 127 119.04
36 128 101.91
36 129 69.46
36 130 106.04
36 131 25.32
36 132 99.0
36 133 76.53
36 134 24.76
36 135 50.93
36 136 114.04
36 137 41.04
36 138 86.31
36 139 78.45
36 140 74.63
36 141 104.31
36 142 88.14
36 143 79.76
36 144 26.17
36 145 87.13
36 146 122.8
36 147 85.99
36 148 47.17
36 149 18.6
36 150 82.28
36 151 76.01
36 152 72.01
36 153 54.33
36 154 61.4
36 155 82.46
36 156 96.83
36 157 94.2
36 158 13.93
36 159 128.82
36 160 88.81
36 161 97.13
36 162 30.23
36 163 43.97
36 164 50.12
36 165 29.07
36 166 92.07
36 167 107.33
36 168 58.14
36 169 56.89
36 170 56.08
36 171 52.35
36 172 60.93
36 173 87.93
36 174 67.47
36 175 53.71
36 176 73.08
36 177 41.23
36 178 105.7
36 179 23.02
36 180 59.23
36 181 64.85
36 182 37.85
36 183 60.42
36 184 86.33
36 185 98.37
36 186 77.2
36 187 120.74
36 188 37.48
36 189 72.56
36 190 5.39
36 191 89.89
36 192 3.0
36 193 132.28
36 194 102.94
36 195 97.74
36 196 79.65
36 197 113.21
36 198 107.21
36 199 40.0
36 200 88.51
36 201 44.69
37 0 69.97
37 1 11.18
37 2 89.44
37 3 89.36
37 4 91.81
37 5 112.27
37 6 130.73
37 7 109.04
37 8 104.81
37 9 15.03
37 10 155.9
37 11 145.41
37 12 104.29
37 13 113.99
37 14 126.06
37 15 31.14
37 16 111.14
37 17 118.34
37 18 67.62
37 19 22.09
37 20 124.63
37 21 129.03
37 22 96.57
37 23 59.94
37 24 125.48
37 25 97.58
37 26 129.03
37 27 123.0
37 28 67.07
37 29 14.56
37 30 122.44
37 31 46.69
37 32 114.98
37 33 66.76
37 34 78.41
37 35 74.11
37 36 70.01
37 38 92.01
37 39 36.24
37 40 125.72
37 41 53.24
37 42 44.27
37 43 23.09
37 44 96.14
37 45 96.05
37 46 139.34
37 47 37.58
37 48 71.12
37 49 22.02
37 50 134.71
37 51 10.0
37 52 51.0
37 53 87.13
37 54 100.46
37 55 81.04
37 56 36.06
37 57 111.33
37 58 115.04
37 59 8.06
37 60 67.01
37 61 44.05
37 62 56.86
37 63 85.09
37 64 134.11
37 65 25.0
37 66 131.03
37 67 68.31
37 68 121.04
37 69 67.07
37 70 93.86
37 71 66.73
37 72 26.17
37 73 112.2
37 74 68.8
37 75 63.03
37 76 97.42
37 77 34.13
37 78 92.11
37 79 122.8
37 80 69.46
37 81 23.09
37 82 82.68
37 83 121.75
37 84 138.35
37 85 122.79
37 86 94.43
37 87 95.02
37 88 18.44
37 89 109.18
37 90 126.53
37 91 129.53
37 92 42.19
37 93 151.03
37 94 72.69
37 95 99.32
37 96 72.8
37 97 73.68
37 98 128.76
37 99 81.39
37 100 101.39
37 101 70.24
37 102 68.07
37 103 15.62
37 104 86.82
37 105 140.25
37 106 87.92
37 107 89.09
37 108 91.35
37 109 106.51
37 110 103.94
37 111 65.07
37 112 75.93
37 113 93.43
37 114 114.35
37 115 52.63
37 116 33.62
37 117 42.2
37 118 20.1
37 119 51.92
37 120 18.44
37 121 141.53
37 122 82.73
37 123 144.22
37 124 103.16
37 125 35.69
37 126 122.33
37 127 100.24
37 128 95.52
37 129 18.44
37 130 158.81
37 131 50.0
37 132 42.8
37 133 116.36
37 134 83.49
37 135 118.85
37 136 128.76
37 137 37.22
37 138 89.2
37 139 10.44
37 140 6.71
37 141 141.95
37 142 133.78
37 143 39.56
37 144 63.66
37 145 72.56
37 146 105.3
37 147 23.85
37 148 84.88
37 149 76.79
37 150 113.09
37 151 93.15
37 152 25.96
37 153 106.96
37 154 97.62
37 155 12.53
37 156 105.39
37 157 129.08
37 158 60.54
37 159 116.91
37 160 26.93
37 161 136.85
37 162 48.01
37 163 85.6
37 164 81.12
37 165 93.74
37 166 127.63
37 167 80.23
37 168 75.03
37 169 98.74
37 170 119.63
37 171 82.37
37 172 9.22
37 173 116.71
37 174 105.19
37 175 16.49
37 176 128.89
37 177 91.2
37 178 75.15
37 179 47.8
37 180 113.95
37 181 91.39
37 182 107.52
37 183 90.34
37 184 64.33
37 185 62.18
37 186 72.06
37 187 129.02
37 188 91.01
37 189 134.62
37 190 75.39
37 191 61.03
37 192 67.23
37 193 121.04
37 194 93.06
37 195 34.93
37 196 76.06
37 197 91.42
37 198 161.21
37 199 36.07
37 200 73.68
37 201 69.97
38 0 48.92
38 1 102.18
38 2 96.25
38 3 89.19
38 4 88.59
38 5 40.5
38 6 46.1
38 7 17.46
38 8 30.36
38 9 77.0
38 10 96.93
38 11 78.71
38 12 93.05
38 13 25.24
38 14 85.02
38 15 99.62
38 16 57.14
38 17 61.81
38 18 41.04
38 19 70.06
38 20 100.13
38 21 37.05
38 22 27.02
38 23 48.6
38 24 35.11
38 25 73.68
38 26 52.43
38 27 38.21
38 28 112.0
38 29 88.96
38 30 98.31
38 31 68.48
38 32 26.08
38 33 97.74
38 34 76.84
38 35 121.82
38 36 93.34
38 37 92.01
38 39 68.35
38 40 39.82
38 41 51.97
38 42 51.66
38 43 70.26
38 44 30.02
38 45 25.02
38 46 97.42
38 47 60.44
38 48 43.19
38 49 80.05
38 50 56.08
38 51 98.41
38 52 82.1
38 53 50.33
38 54 108.41
38 55 26.93
38 56 65.46
38 57 40.16
38 58 49.73
38 59 100.02
38 60 25.0
38 61 48.09
38 62 87.01
38 63 90.14
38 64 73.68
38 65 68.47
38 66 71.84
38 67 34.83
38 68 29.07
38 69 25.32
38 70 62.94
38 71 46.69
38 72 75.43
38 73 68.03
38 74 80.66
38 75 29.15
38 76 128.43
38 77 58.14
38 78 34.53
38 79 64.54
38 80 48.17
38 81 93.15
38 82 85.7
38 83 91.55
38 84 63.01
38 85 80.02
38 86 40.45
38 87 78.92
38 88 81.05
38 89 53.15
38 90 51.62
38 91 75.5
38 92 50.25
38 93 97.8
38 94 109.79
38 95 9.9
38 96 30.41
38 97 126.02
38 98 89.02
38 99 41.59
38 100 109.27
38 101 43.86
38 102 24.08
38 103 80.5
38 104 97.65
38 105 89.82
38 106 105.0
38 107 4.24
38 108 124.58
38 109 94.58
38 110 99.4
38 111 64.35
38 112 24.08
38 113 75.77
38 114 23.41
38 115 43.32
38 116 65.52
38 117 110.31
38 118 72.01
38 119 43.97
38 120 81.39
38 121 105.08
38 122 14.14
38 123 85.7
38 124 23.77
38 125 57.31
38 126 67.9
38 127 31.14
38 128 9.49
38 129 74.06
38 130 101.59
38 131 74.33
38 132 73.79
38 133 57.87
38 134 118.09
38 135 107.56
38 136 39.0
38 137 103.25
38 138 7.62
38 139 89.45
38 140 89.14
38 141 69.34
38 142 74.33
38 143 56.52
38 144 67.18
38 145 21.54
38 146 32.98
38 147 81.25
38 148 53.71
38 149 111.76
38 150 44.92
38 151 25.08
38 152 67.27
38 153 72.99
38 154 49.5
38 155 98.51
38 156 16.4
38 157 57.71
38 158 80.81
38 159 35.81
38 160 81.04
38 161 68.43
38 162 103.35
38 163 58.18
38 164 47.41
38 165 88.55
38 166 57.7
38 167 34.99
38 168 35.61
38 169 56.89
38 170 96.69
38 171 45.62
38 172 90.55
38 173 43.86
38 174 52.0
38 175 89.63
38 176 87.09
38 177 134.42
38 178 39.2
38 179 91.92
38 180 78.41
38 181 37.85
38 182 118.21
38 183 42.45
38 184 31.38
38 185 46.4
38 186 20.4
38 187 37.12
38 188 130.82
38 189 102.04
38 190 95.59
38 191 38.47
38 192 91.24
38 193 39.05
38 194 13.0
38 195 83.93
38 196 16.49
38 197 30.59
38 198 105.34
38 199 70.94
38 200 21.02
38 201 48.92
39 0 34.54
39 1 42.05
39 2 58.25
39 3 56.3
39 4 58.31
39 5 79.25
39 6 112.77
39 7 83.43
39 8 73.17
39 9 27.29
39 10 119.82
39 11 110.07
39 12 70.21
39 13 93.11
39 14 89.87
39 15 62.27
39 16 75.58
39 17 82.73
39 18 34.23
39 19 21.84
39 20 89.59
39 21 104.29
39 22 65.07
39 23 25.5
39 24 97.74
39 25 61.62
39 26 95.9
39 27 104.71
39 28 50.61
39 29 44.1
39 30 87.37
39 31 57.14
39 32 94.02
39 33 41.98
39 34 43.83
39 35 60.21
39 36 42.05
39 37 36.24
39 38 68.35
39 40 106.89
39 41 19.1
39 42 39.56
39 43 30.59
39 44 82.98
39 45 65.01
39 46 103.24
39 47 9.22
39 48 66.04
39 49 15.23
39 50 101.79
39 51 37.16
39 52 22.36
39 53 51.43
39 54 70.71
39 55 50.01
39 56 3.61
39 57 78.26
39 58 80.65
39 59 42.19
39 60 45.79
39 61 26.4
39 62 29.43
39 63 52.89
39 64 98.41
39 65 16.49
39 66 95.29
39 67 37.05
39 68 96.57
39 69 43.83
39 70 57.63
39 71 63.53
39 72 10.3
39 73 76.03
39 74 36.14
39 75 40.82
39 76 76.4
39 77 20.88
39 78 58.86
39 79 87.21
39 80 34.18
39 81 26.0
39 82 49.65
39 83 86.05
39 84 104.55
39 85 86.56
39 86 60.17
39 87 59.64
39 88 40.31
39 89 73.93
39 90 93.17
39 91 93.49
39 92 23.6
39 93 114.81
39 94 52.2
39 95 77.47
39 96 42.11
39 97 62.8
39 98 92.63
39 99 46.84
39 100 71.7
39 101 65.51
39 102 47.71
39 103 36.67
39 104 56.57
39 105 104.02
39 106 60.01
39 107 66.71
39 108 70.88
39 109 72.45
39 110 71.17
39 111 29.07
39 112 60.96
39 113 57.8
39 114 91.76
39 115 25.08
39 116 6.08
39 117 42.05
39 118 26.25
39 119 43.05
39 120 18.36
39 121 105.76
39 122 63.81
39 123 108.23
39 124 73.03
39 125 30.81
39 126 86.45
39 127 86.68
39 128 74.69
39 129 28.79
39 130 122.64
39 131 17.12
39 132 57.04
39 133 81.02
39 134 62.94
39 135 85.62
39 136 100.4
39 137 34.93
39 138 63.32
39 139 41.4
39 140 38.29
39 141 107.52
39 142 98.01
39 143 38.08
39 144 28.02
39 145 54.41
39 146 91.21
39 147 45.54
39 148 48.88
39 149 55.66
39 150 79.31
39 151 62.01
39 152 30.15
39 153 70.77
39 154 62.24
39 155 48.08
39 156 78.26
39 157 94.92
39 158 29.15
39 159 100.17
39 160 48.08
39 161 101.95
39 162 36.8
39 163 49.41
39 164 45.69
39 165 60.01
39 166 93.3
39 167 70.94
39 168 42.19
39 169 62.77
39 170 84.6
39 171 47.17
39 172 29.53
39 173 83.55
39 174 69.86
39 175 25.0
39 176 92.7
39 177 76.03
39 178 68.01
39 179 27.46
39 180 77.79
39 181 57.49
39 182 79.23
39 183 55.66
39 184 50.21
39 185 58.59
39 186 48.33
39 187 103.16
39 188 73.93
39 189 99.02
39 190 47.0
39 191 51.61
39 192 39.05
39 193 104.1
39 194 73.93
39 195 56.75
39 196 52.0
39 197 79.25
39 198 125.0
39 199 2.83
39 200 55.8
39 201 34.54
40 0 88.39
40 1 136.57
40 2 134.63
40 3 127.2
40 4 126.25
40 5 65.25
40 6 6.4
40 7 32.2
40 8 58.31
40 9 110.86
40 10 115.11
40 11 95.13
40 12 129.0
40 13 14.87
40 14 113.76
40 15 126.1
40 16 86.33
40 17 88.53
40 18 80.81
40 19 104.81
40 20 132.26
40 21 23.77
40 22 60.03
40 23 88.41
40 24 37.05
40 25 109.27
40 26 68.01
40 27 3.16
40 28 151.82
40 29 119.6
40 30 130.74
40 31 91.35
40 32 14.21
40 33 137.54
40 34 115.62
40 35 161.64
40 36 133.0
40 37 125.72
40 38 39.82
40 39 106.89
40 41 91.53
40 42 81.88
40 43 102.77
40 44 32.39
40 45 58.31
40 46 123.97
40 47 98.41
40 48 60.41
40 49 117.18
40 50 68.18
40 51 133.41
40 52 121.83
40 53 87.09
40 54 146.24
40 55 65.8
40 56 103.75
40 57 65.52
40 58 75.19
40 59 133.75
40 60 61.33
40 61 83.82
40 62 126.82
40 63 128.69
40 64 95.34
40 65 104.36
40 66 94.64
40 67 74.65
40 68 23.09
40 69 63.06
40 70 98.62
40 71 65.38
40 72 112.92
40 73 98.68
40 74 120.22
40 75 66.21
40 76 167.71
40 77 93.61
40 78 69.64
40 79 89.63
40 80 87.69
40 81 130.55
40 82 124.33
40 83 123.03
40 84 76.24
40 85 108.93
40 86 74.79
40 87 115.43
40 88 111.65
40 89 82.54
40 90 69.12
40 91 100.28
40 92 86.38
40 93 119.07
40 94 149.58
40 95 30.0
40 96 70.18
40 97 165.8
40 98 117.63
40 99 79.65
40 100 147.05
40 101 61.4
40 102 59.62
40 103 112.15
40 104 136.36
40 105 113.75
40 106 143.93
40 107 40.5
40 108 164.05
40 109 130.25
40 110 136.0
40 111 104.0
40 112 49.82
40 113 112.36
40 114 19.24
40 115 81.88
40 116 103.37
40 117 148.92
40 118 105.76
40 119 73.98
40 120 117.99
40 121 132.77
40 122 43.66
40 123 106.04
40 124 51.89
40 125 90.03
40 126 94.15
40 127 28.64
40 128 32.25
40 129 107.28
40 130 120.1
40 131 114.04
40 132 97.33
40 133 84.65
40 134 157.72
40 135 142.23
40 136 40.31
40 137 141.77
40 138 46.69
40 139 121.06
40 140 121.66
40 141 83.29
40 142 96.42
40 143 86.83
40 144 106.89
40 145 53.76
40 146 24.04
40 147 110.16
40 148 91.02
40 149 151.49
40 150 70.34
40 151 59.91
40 152 99.82
40 153 106.1
40 154 83.19
40 155 129.87
40 156 39.36
40 157 76.11
40 158 120.62
40 159 10.77
40 160 109.04
40 161 86.0
40 162 142.69
40 163 95.44
40 164 85.43
40 165 125.92
40 166 77.23
40 167 49.25
40 168 74.95
40 169 90.79
40 170 129.62
40 171 83.41
40 172 125.96
40 173 66.29
40 174 83.01
40 175 126.19
40 176 115.21
40 177 174.16
40 178 55.33
40 179 131.47
40 180 110.14
40 181 73.25
40 182 155.9
40 183 78.23
40 184 61.39
40 185 68.07
40 186 58.67
40 187 28.64
40 188 170.48
40 189 131.47
40 190 135.06
40 191 65.38
40 192 130.97
40 193 7.81
40 194 33.24
40 195 109.17
40 196 55.23
40 197 37.34
40 198 124.1
40 199 109.59
40 200 52.5
40 201 88.39
41 0 17.03
41 1 60.41
41 2 55.44
41 3 51.0
41 4 52.09
41 5 60.21
41 6 97.65
41 7 65.79
41 8 54.08
41 9 41.23
41 10 103.23
41 11 92.18
41 12 62.17
41 13 77.18
41 14 75.43
41 15 75.07
41 16 57.98
41 17 65.19
41 18 15.13
41 19 33.97
41 20 78.92
41 21 86.65
41 22 46.01
41 23 6.71
41 24 79.25
41 25 49.19
41 26 76.9
41 27 89.63
41 28 60.83
41 29 58.05
41 30 76.69
41 31 60.88
41 32 78.03
41 33 48.01
41 34 37.01
41 35 70.72
41 36 45.18
41 37 53.24
41 38 51.97
41 39 19.1
41 40 91.53
41 42 39.32
41 43 40.61
41 44 71.22
41 45 46.01
41 46 89.2
41 47 15.81
41 48 60.17
41 49 33.96
41 50 82.76
41 51 55.66
41 52 30.48
41 53 34.21
41 54 68.59
41 55 31.14
41 56 17.72
41 57 59.23
41 58 62.03
41 59 60.01
41 60 32.8
41 61 23.19
41 62 36.12
41 63 49.25
41 64 80.99
41 65 29.21
41 66 77.94
41 67 18.44
41 68 79.12
41 69 29.73
41 70 42.8
41 71 59.03
41 72 28.86
41 73 60.11
41 74 34.48
41 75 28.02
41 76 81.41
41 77 25.55
41 78 39.81
41 79 69.64
41 80 16.4
41 81 45.04
41 82 45.1
41 83 73.82
41 84 85.73
41 85 71.59
41 86 41.44
41 87 49.34
41 88 52.4
41 89 55.95
41 90 74.22
41 91 76.84
41 92 21.59
41 93 99.04
41 94 59.82
41 95 61.59
41 96 23.54
41 97 74.52
41 98 78.6
41 99 28.23
41 100 69.58
41 101 59.91
41 102 35.0
41 103 49.5
41 104 55.11
41 105 88.39
41 106 60.73
41 107 51.04
41 108 76.66
41 109 64.33
41 110 65.19
41 111 20.0
41 112 49.93
41 113 46.82
41 114 75.13
41 115 12.65
41 116 19.7
41 117 59.2
41 118 38.18
41 119 39.12
41 120 36.69
41 121 92.96
41 122 50.21
41 123 91.4
41 124 54.15
41 125 34.18
41 126 69.4
41 127 74.52
41 128 59.41
41 129 41.01
41 130 106.4
41 131 22.67
41 132 62.63
41 133 63.13
41 134 69.34
41 135 78.26
41 136 81.74
41 137 52.39
41 138 46.1
41 139 56.22
41 140 53.82
41 141 88.96
41 142 80.71
41 143 40.26
41 144 21.21
41 145 42.2
41 146 78.57
41 147 56.4
41 148 32.53
41 149 62.43
41 150 60.44
41 151 43.01
41 152 38.83
41 153 56.61
41 154 44.42
41 155 64.07
41 156 60.17
41 157 76.22
41 158 31.38
41 159 85.91
41 160 58.25
41 161 83.67
41 162 51.43
41 163 34.21
41 164 28.02
41 165 53.24
41 166 74.67
41 167 62.17
41 168 23.09
41 169 46.1
41 170 74.09
41 171 29.15
41 172 47.76
41 173 64.54
41 174 51.97
41 175 43.93
41 176 78.24
41 177 84.65
41 178 60.75
41 179 39.96
41 180 63.82
41 181 38.6
41 182 78.09
41 183 37.16
41 184 41.23
41 185 54.59
41 186 33.3
41 187 85.16
41 188 81.61
41 189 86.83
41 190 48.85
41 191 45.35
41 192 42.54
41 193 89.64
41 194 59.55
41 195 65.86
41 196 36.4
41 197 68.24
41 198 109.04
41 199 21.0
41 200 43.6
41 201 17.03
42 0 53.14
42 1 55.36
42 2 94.02
42 3 90.14
42 4 91.35
42 5 81.84
42 6 86.68
42 7 69.12
42 8 72.42
42 9 29.97
42 10 134.18
42 11 119.52
42 12 101.43
42 13 71.01
42 14 110.94
42 15 48.1
42 16 88.41
42 17 95.27
42 18 45.62
42 19 25.61
42 20 117.34
42 21 87.69
42 22 64.82
42 23 43.42
42 24 86.68
42 25 87.28
42 26 97.65
42 27 79.08
42 28 89.9
42 29 38.0
42 30 115.13
42 31 22.36
42 32 72.01
42 33 81.32
42 34 76.24
42 35 99.3
42 36 80.6
42 37 44.27
42 38 51.66
42 39 39.56
42 40 81.88
42 41 39.32
42 43 21.19
42 44 51.87
42 45 63.6
42 46 124.82
42 47 31.05
42 48 28.32
42 49 41.77
42 50 102.63
42 51 52.8
42 52 61.68
42 53 68.0
42 54 107.07
42 55 50.91
42 56 36.06
42 57 81.06
42 58 87.69
42 59 52.2
42 60 28.18
42 61 16.12
42 62 68.68
42 63 88.0
42 64 110.54
42 65 27.66
42 66 107.81
42 67 41.88
42 68 79.76
42 69 30.23
42 70 79.31
42 71 24.84
42 72 39.41
42 73 94.15
42 74 72.17
42 75 26.4
42 76 115.8
42 77 18.79
42 78 64.38
42 79 99.36
42 80 52.2
42 81 54.49
42 82 84.02
42 83 111.43
42 84 108.0
42 85 106.55
42 86 68.88
42 87 88.29
42 88 30.0
42 89 85.28
42 90 95.8
42 91 108.6
42 92 18.0
42 93 131.83
42 94 91.76
42 95 57.31
42 96 44.05
42 97 101.36
42 98 114.49
42 99 58.83
42 100 108.07
42 101 27.59
42 102 28.23
42 103 30.27
42 104 93.19
42 105 121.76
42 106 97.87
42 107 48.05
42 108 110.37
42 109 103.58
42 110 104.48
42 111 59.21
42 112 32.14
42 113 85.62
42 114 72.17
42 115 28.46
42 116 33.62
42 117 75.69
42 118 25.06
42 119 8.0
42 120 41.04
42 121 129.77
42 122 40.11
42 123 122.15
42 124 68.6
42 125 9.9
42 126 100.6
42 127 55.97
42 128 53.15
42 129 26.0
42 130 138.06
42 131 55.32
42 132 25.61
42 133 92.2
42 134 102.46
42 135 117.55
42 136 90.44
42 137 68.68
42 138 51.08
42 139 39.2
42 140 39.81
42 141 113.07
42 142 110.63
42 143 5.0
42 144 60.03
42 145 30.41
42 146 61.03
42 147 29.61
42 148 68.03
42 149 95.19
42 150 84.29
42 151 61.22
42 152 18.38
42 153 93.11
42 154 75.45
42 155 48.09
42 156 67.07
42 157 100.12
42 158 66.91
42 159 72.78
42 160 29.41
42 161 109.71
42 162 74.33
42 163 70.94
42 164 61.72
42 165 92.54
42 166 99.25
42 167 36.24
42 168 49.65
42 169 79.76
42 170 112.64
42 171 61.77
42 172 46.14
42 173 86.21
42 174 82.01
42 175 48.41
42 176 113.65
42 177 115.45
42 178 31.62
42 179 66.64
42 180 100.22
42 181 65.3
42 182 116.28
42 183 66.61
42 184 21.02
42 185 19.85
42 186 34.48
42 187 88.46
42 188 113.46
42 189 124.23
42 190 85.16
42 191 16.76
42 192 77.67
42 193 76.9
42 194 50.0
42 195 33.29
42 196 38.01
42 197 47.17
42 198 141.21
42 199 42.15
42 200 31.26
42 201 53.14
43 0 57.38
43 1 34.18
43 2 88.84
43 3 86.68
43 4 88.54
43 5 94.83
43 6 107.71
43 7 87.57
43 8 86.41
43 9 9.22
43 10 143.01
43 11 130.43
43 12 100.09
43 13 91.35
43 14 116.04
43 15 34.66
43 16 97.19
43 17 104.35
43 18 52.5
43 19 9.0
43 20 118.53
43 21 107.07
43 22 78.29
43 23 46.75
43 24 104.56
43 25 89.36
43 26 111.36
43 27 100.02
43 28 76.4
43 29 19.31
43 30 116.3
43 31 28.79
43 32 92.35
43 33 71.06
43 34 73.74
43 35 85.07
43 36 72.11
43 37 23.09
43 38 70.26
43 39 30.59
43 40 102.77
43 41 40.61
43 42 21.19
43 44 73.05
43 45 77.47
43 46 129.81
43 47 25.94
43 48 48.55
43 49 25.3
43 50 116.78
43 51 31.76
43 52 52.04
43 53 74.25
43 54 101.27
43 55 63.06
43 56 28.16
43 57 93.94
43 58 99.02
43 59 31.05
43 60 45.4
43 61 23.77
43 62 59.01
43 63 83.43
43 64 120.1
43 65 14.14
43 66 117.15
43 67 51.31
43 68 99.08
43 69 46.1
43 70 83.41
43 71 44.41
43 72 25.18
43 73 100.5
43 74 66.71
43 75 41.98
43 76 104.81
43 77 15.62
43 78 75.47
43 79 108.71
43 80 56.64
43 81 36.06
43 82 80.08
43 83 114.06
43 84 121.24
43 85 112.16
43 86 78.82
43 87 88.55
43 88 12.21
43 89 94.64
43 90 109.13
43 91 116.73
43 92 22.83
43 93 139.32
43 94 79.91
43 95 77.01
43 96 55.07
43 97 86.16
43 98 119.2
43 99 66.71
43 100 102.26
43 101 47.71
43 102 46.17
43 103 10.44
43 104 87.13
43 105 128.76
43 106 90.27
43 107 67.07
43 108 98.99
43 109 102.32
43 110 101.53
43 111 57.7
43 112 52.95
43 113 86.35
43 114 92.02
43 115 35.23
43 116 25.0
43 117 57.69
43 118 5.39
43 119 28.86
43 120 23.26
43 121 133.41
43 122 60.13
43 123 131.05
43 124 83.82
43 125 13.0
43 126 109.04
43 127 77.16
43 128 73.06
43 129 5.0
43 130 146.41
43 131 47.68
43 132 27.29
43 133 101.83
43 134 90.93
43 135 115.77
43 136 108.06
43 137 51.11
43 138 68.25
43 139 19.24
43 140 19.03
43 141 125.54
43 142 119.97
43 143 16.55
43 144 57.38
43 145 50.04
43 146 82.22
43 147 15.81
43 148 73.0
43 149 83.73
43 150 96.38
43 151 74.73
43 152 3.0
43 153 97.2
43 154 83.63
43 155 28.28
43 156 84.53
43 157 112.51
43 158 59.68
43 159 93.86
43 160 17.89
43 161 121.2
43 162 58.87
43 163 74.81
43 164 67.88
43 165 90.14
43 166 111.31
43 167 57.27
43 168 58.82
43 169 86.28
43 170 113.6
43 171 68.62
43 172 25.61
43 173 99.3
43 174 90.91
43 175 29.21
43 176 118.85
43 177 101.92
43 178 52.35
43 179 53.76
43 180 104.4
43 181 75.45
43 182 109.66
43 183 75.43
43 184 41.44
43 185 39.66
43 186 50.99
43 187 107.38
43 188 100.66
43 189 127.09
43 190 77.23
43 191 37.95
43 192 69.12
43 193 97.98
43 194 70.35
43 195 26.25
43 196 54.92
43 197 68.35
43 198 149.2
43 199 32.25
43 200 51.09
43 201 57.38
44 0 73.82
44 1 107.22
44 2 122.16
44 3 115.69
44 4 115.52
44 5 69.63
44 6 36.0
44 7 38.47
44 8 59.84
44 9 81.71
44 10 125.57
44 11 106.63
44 12 121.3
44 13 27.2
44 14 115.04
44 15 94.0
44 16 87.14
44 17 91.66
44 18 64.85
44 19 76.49
44 20 129.76
44 21 47.2
44 22 57.04
44 23 70.18
44 24 54.04
44 25 102.39
44 26 79.31
44 27 29.27
44 28 131.71
44 29 88.65
44 30 127.88
44 31 59.08
44 32 28.02
44 33 119.2
44 34 102.46
44 35 141.6
44 36 115.94
44 37 96.14
44 38 30.02
44 39 82.98
44 40 32.39
44 41 71.22
44 42 51.87
44 43 73.05
44 45 55.04
44 46 127.39
44 47 73.88
44 48 28.07
44 49 90.74
44 50 81.84
44 51 104.55
44 52 101.32
44 53 78.85
44 54 134.85
44 55 54.57
44 56 79.51
44 57 69.43
44 58 79.25
44 59 104.04
44 60 38.42
44 61 57.43
44 62 107.3
44 63 115.87
44 64 102.84
44 65 77.03
44 66 101.2
44 67 58.14
44 68 41.04
44 69 41.62
44 70 91.78
44 71 33.06
44 72 87.09
44 73 98.01
44 74 104.1
44 75 43.28
44 76 152.01
44 77 66.37
44 78 64.2
44 79 94.2
44 80 72.92
44 81 104.1
44 82 111.4
44 83 121.33
44 84 89.47
44 85 110.04
44 86 70.18
44 87 107.0
44 88 80.81
44 89 83.15
44 90 79.12
44 91 105.22
44 92 60.22
44 93 127.12
44 94 131.03
44 95 24.35
44 96 55.15
44 97 144.97
44 98 119.04
44 99 69.38
44 100 135.77
44 101 29.07
44 102 36.24
44 103 81.74
44 104 122.98
44 105 119.52
44 106 129.77
44 107 27.07
44 108 147.56
44 109 122.97
44 110 127.13
44 111 87.82
44 112 22.02
44 113 103.85
44 114 31.83
44 115 59.46
44 116 78.41
44 117 124.04
44 118 76.69
44 119 44.38
44 120 90.92
44 121 135.09
44 122 21.93
44 123 114.73
44 124 52.95
44 125 60.93
44 126 97.74
44 127 4.12
44 128 21.38
44 129 77.83
44 130 130.36
44 131 93.61
44 132 65.07
44 133 87.69
44 134 140.43
44 135 136.34
44 136 58.26
44 137 116.83
44 138 37.05
44 139 90.47
44 140 91.48
44 141 96.25
44 142 103.59
44 143 56.61
44 144 90.21
44 145 29.07
44 146 9.22
44 147 78.77
44 148 81.74
44 149 133.6
44 150 74.33
44 151 55.01
44 152 70.23
44 153 102.59
44 154 79.23
44 155 99.04
44 156 42.38
44 157 85.7
44 158 102.42
44 159 22.02
44 160 77.41
44 161 96.46
44 162 119.75
44 163 86.13
44 164 75.0
44 165 115.77
44 166 86.02
44 167 17.0
44 168 61.68
44 169 86.47
44 170 126.15
44 171 73.5
44 172 97.58
44 173 72.53
44 174 82.01
44 175 98.88
44 176 117.11
44 177 155.86
44 178 23.02
44 179 109.6
44 180 108.23
44 181 67.36
44 182 144.7
44 183 71.7
44 184 33.29
44 185 36.06
44 186 38.95
44 187 50.33
44 188 152.8
44 189 132.02
44 190 119.04
44 191 35.11
44 192 113.46
44 193 26.0
44 194 17.03
44 195 77.01
44 196 37.16
44 197 5.0
44 198 134.2
44 199 85.8
44 200 27.66
44 201 73.82
45 0 35.11
45 1 104.74
45 2 77.1
45 3 69.43
45 4 68.25
45 5 18.38
45 6 64.66
45 7 26.4
45 8 8.94
45 9 81.91
45 10 73.82
45 11 57.01
45 12 70.71
45 13 43.83
45 14 60.01
45 15 110.64
45 16 32.14
45 17 37.11
45 18 31.14
45 19 74.33
45 20 75.71
45 21 45.0
45 22 2.0
45 23 40.2
45 24 34.54
45 25 51.0
45 26 34.13
45 27 57.71
45 28 99.74
45 29 96.77
45 30 73.98
45 31 84.17
45 32 44.29
45 33 84.12
45 34 58.9
45 35 109.13
45 36 78.55
45 37 96.05
45 38 25.02
45 39 65.01
45 40 58.31
45 41 46.01
45 42 63.6
45 43 77.47
45 44 55.04
45 46 72.44
45 47 59.54
45 48 64.41
45 49 79.31
45 50 39.36
45 51 100.28
45 52 72.12
45 53 29.07
45 54 88.24
45 55 15.13
45 56 63.13
45 57 17.69
45 58 25.94
45 59 103.59
45 60 36.07
45 61 53.71
45 62 75.39
45 63 71.42
45 64 50.09
45 65 71.06
45 66 47.93
45 67 28.16
45 68 38.9
45 69 33.42
45 70 40.31
45 71 66.89
45 72 74.24
45 73 43.1
45 74 65.51
45 75 37.2
45 76 111.29
45 77 62.63
45 78 11.4
45 79 40.16
45 80 34.79
45 81 91.01
45 82 67.21
45 83 66.91
45 84 44.41
45 85 55.01
45 86 16.55
45 87 57.14
45 88 89.47
45 89 28.16
45 90 32.2
45 91 50.96
45 92 54.78
45 93 73.74
45 94 95.88
45 95 32.56
45 96 23.35
45 97 114.06
45 98 64.01
45 99 23.32
45 100 89.02
45 101 64.88
45 102 36.8
45 103 87.85
45 104 79.21
45 105 65.25
45 106 87.05
45 107 28.28
45 108 108.23
45 109 72.01
45 110 77.7
45 111 50.57
45 112 45.19
45 113 54.08
45 114 39.12
45 115 43.42
45 116 64.38
45 117 104.39
45 118 77.49
45 119 57.38
45 120 81.61
45 121 80.06
45 122 36.69
45 123 62.17
45 124 8.54
45 125 65.76
45 126 43.17
45 127 56.04
45 128 34.06
45 129 80.06
45 130 78.26
45 131 65.0
45 132 88.62
45 133 33.24
45 134 102.65
45 135 84.31
45 136 36.4
45 137 97.87
45 138 18.44
45 139 96.21
45 140 94.87
45 141 49.58
45 142 50.57
45 143 67.68
45 144 53.71
45 145 39.12
45 146 57.43
45 147 91.3
45 148 33.24
45 149 97.1
45 150 21.63
45 151 3.0
45 152 74.73
45 153 48.76
45 154 25.3
45 155 105.0
45 156 19.21
45 157 36.77
45 158 68.03
45 159 57.58
45 160 91.92
45 161 46.86
45 162 95.08
45 163 37.54
45 164 28.6
45 165 67.8
45 166 36.12
45 167 58.19
45 168 23.19
45 169 32.89
45 170 72.53
45 171 26.4
45 172 92.23
45 173 22.67
45 174 27.02
45 175 89.36
45 176 62.07
45 177 119.54
45 178 61.33
45 179 82.97
45 180 53.76
45 181 15.0
45 182 97.8
45 183 20.0
45 184 47.63
45 185 65.22
45 186 29.7
45 187 42.19
45 188 115.43
45 189 77.1
45 190 79.63
45 191 55.44
45 192 77.03
45 193 60.01
45 194 38.01
45 195 96.83
45 196 27.02
45 197 55.44
45 198 81.86
45 199 67.01
45 200 39.45
45 201 35.11
46 0 72.67
46 1 143.53
46 2 63.06
46 3 57.58
46 4 54.42
46 5 59.21
46 6 129.63
46 7 93.34
46 8 68.0
46 9 129.63
46 10 27.89
46 11 38.18
46 12 43.17
46 13 111.65
46 14 13.89
46 15 164.15
46 16 40.31
46 17 36.01
46 18 79.26
46 19 122.79
46 20 24.08
46 21 102.88
46 22 70.46
46 23 83.23
46 24 88.32
46 25 41.87
46 26 57.94
46 27 124.46
46 28 102.2
46 29 146.66
46 30 25.0
46 31 147.18
46 32 111.76
46 33 88.02
46 34 62.97
46 35 107.28
46 36 81.15
46 37 139.34
46 38 97.42
46 39 103.24
46 40 123.97
46 41 89.2
46 42 124.82
46 43 129.81
46 44 127.39
46 45 72.44
46 47 104.35
46 48 134.48
46 49 117.52
46 50 60.37
46 51 138.54
46 52 92.36
46 53 56.82
46 54 63.07
46 55 77.49
46 56 104.0
46 57 59.14
46 58 49.16
46 59 144.59
46 60 102.79
46 61 109.93
46 62 89.55
46 63 62.97
46 64 30.41
46 65 117.69
46 66 30.08
46 67 83.19
46 68 101.0
46 69 99.02
46 70 46.4
46 71 135.98
46 72 113.17
46 73 31.02
46 74 74.43
46 75 101.39
46 76 92.01
46 77 114.62
46 78 64.76
46 79 34.37
46 80 73.5
46 81 123.0
46 82 62.65
46 83 19.92
46 84 53.85
46 85 18.38
46 86 58.94
46 87 45.79
46 88 141.5
46 89 44.28
46 90 55.97
46 91 23.77
46 92 109.29
46 93 18.25
46 94 94.11
46 95 104.02
46 96 82.08
46 97 113.36
46 98 10.63
46 99 66.21
46 100 63.03
46 101 134.77
46 102 104.36
46 103 138.41
46 104 67.19
46 105 12.73
46 106 73.16
46 107 100.72
46 108 93.13
46 109 41.77
46 110 49.37
46 111 74.28
46 112 116.18
46 113 46.62
46 114 105.8
46 115 96.9
46 116 106.89
46 117 123.88
46 118 127.14
46 119 121.25
46 120 121.02
46 121 9.43
46 122 108.67
46 123 24.84
46 124 75.0
46 125 122.33
46 126 30.07
46 127 128.14
46 128 106.17
46 129 129.96
46 130 27.07
46 131 90.43
46 132 150.08
46 133 40.01
46 134 92.91
46 135 40.45
46 136 86.33
46 137 120.44
46 138 90.8
46 139 144.36
46 140 141.45
46 141 48.6
46 142 29.07
46 143 127.26
46 144 75.82
46 145 108.93
46 146 129.0
46 147 145.6
46 148 57.14
46 149 92.2
46 150 54.15
46 151 72.84
46 152 128.0
46 153 32.65
46 154 50.6
46 155 151.32
46 156 87.09
46 157 49.4
46 158 82.68
46 159 126.57
46 160 147.41
46 161 42.19
46 162 110.92
46 163 55.0
46 164 63.13
46 165 52.2
46 166 47.76
46 167 129.84
46 168 75.64
46 169 45.19
46 170 27.07
46 171 63.06
46 172 131.8
46 173 57.71
46 174 45.89
46 175 125.73
46 176 11.18
46 177 107.12
46 178 132.19
46 179 101.21
46 180 25.5
46 181 62.36
46 182 67.27
46 183 59.46
46 184 115.43
46 185 133.2
46 186 97.42
46 187 98.08
46 188 102.12
46 189 13.0
46 190 77.49
46 191 122.78
46 192 82.35
46 193 128.0
46 194 110.37
46 195 154.77
46 196 96.3
46 197 127.88
46 198 27.07
46 199 103.28
46 200 109.64
46 201 72.67
47 0 32.8
47 1 45.35
47 2 64.28
47 3 61.39
47 4 63.06
47 5 75.0
47 6 104.2
47 7 76.12
47 8 68.07
47 9 25.5
47 10 119.02
47 11 107.91
47 12 74.33
47 13 84.86
47 14 90.69
47 15 59.82
47 16 73.78
47 17 80.99
47 18 30.08
47 19 18.44
47 20 92.59
47 21 96.88
47 22 59.84
47 23 22.47
47 24 91.14
47 25 63.51
47 26 91.76
47 27 96.15
47 28 59.68
47 29 42.43
47 30 90.35
47 31 50.04
47 32 85.8
47 33 50.29
47 34 48.08
47 35 69.34
47 36 49.65
47 37 37.58
47 38 60.44
47 39 9.22
47 40 98.41
47 41 15.81
47 42 31.05
47 43 25.94
47 44 73.88
47 45 59.54
47 46 104.35
47 48 56.94
47 49 20.02
47 50 97.53
47 51 40.79
47 52 30.68
47 53 50.0
47 54 77.1
47 55 44.41
47 56 5.66
47 57 74.04
47 58 77.47
47 59 44.6
47 60 37.12
47 61 17.2
47 62 37.64
47 63 58.55
47 64 96.8
47 65 13.45
47 66 93.74
47 67 31.4
47 68 89.05
47 69 35.47
47 70 58.05
47 71 54.56
47 72 15.13
47 73 75.74
47 74 42.11
47 75 32.2
47 76 84.77
47 77 13.0
47 78 54.71
47 79 85.44
47 80 32.2
47 81 32.76
47 82 54.92
47 83 88.2
47 84 100.9
47 85 87.0
47 86 56.86
47 87 62.61
47 88 37.2
47 89 71.69
47 90 89.19
47 91 92.62
47 92 14.42
47 93 114.69
47 94 60.93
47 95 69.29
47 96 36.22
47 97 72.01
47 98 93.72
47 99 43.83
47 100 78.1
47 101 56.44
47 102 38.95
47 103 34.06
47 104 63.03
47 105 104.0
47 106 67.19
47 107 58.52
47 108 79.38
47 109 76.55
47 110 76.16
47 111 31.78
47 112 51.86
47 113 60.42
47 114 83.82
47 115 17.26
47 116 5.1
47 117 50.61
47 118 22.8
47 119 34.0
47 120 22.09
47 121 107.65
47 122 55.07
47 123 107.2
47 124 67.19
47 125 23.02
47 126 85.21
47 127 77.62
47 128 66.31
47 129 25.61
47 130 122.15
47 131 24.33
47 132 50.64
47 133 78.89
47 134 71.51
47 135 90.14
47 136 94.02
47 137 43.42
47 138 55.9
47 139 40.46
47 140 38.01
47 141 104.39
47 142 96.52
47 143 30.15
47 144 31.62
47 145 45.49
47 146 82.2
47 147 41.68
47 148 48.17
47 149 64.26
47 150 75.61
47 151 56.57
47 152 24.7
47 153 71.7
47 154 60.21
47 155 48.26
47 156 71.34
47 157 91.55
47 158 36.12
47 159 91.42
47 160 43.83
47 161 99.28
47 162 45.97
47 163 49.52
47 164 43.83
47 165 64.56
47 166 90.08
47 167 61.72
47 168 37.64
47 169 61.85
47 170 87.66
47 171 44.94
47 172 32.76
47 173 79.4
47 174 67.74
47 175 30.0
47 176 93.51
47 177 85.0
47 178 58.82
47 179 36.62
47 180 78.87
47 181 53.85
47 182 86.0
47 183 52.77
47 184 41.01
47 185 49.66
47 186 40.16
47 187 96.03
47 188 82.76
47 189 101.24
47 190 54.33
47 191 42.44
47 192 46.69
47 193 95.38
47 194 65.3
47 195 52.0
47 196 43.97
47 197 70.09
47 198 124.74
47 199 12.04
47 200 46.87
47 201 32.8
48 0 69.07
48 1 82.3
48 2 115.32
48 3 110.17
48 4 110.77
48 5 82.15
48 6 64.03
48 7 58.41
48 8 71.87
48 9 57.69
48 10 138.24
48 11 120.95
48 12 119.07
48 13 53.14
48 14 121.04
48 15 66.03
48 16 94.92
48 17 100.85
48 18 60.01
48 19 53.91
48 20 131.75
48 21 72.5
48 22 66.19
48 23 61.81
48 24 76.03
48 25 102.18
48 26 95.43
48 27 57.31
48 28 116.62
48 29 61.98
48 30 129.65
48 31 31.02
48 32 54.08
48 33 106.51
48 34 96.18
48 35 126.25
48 36 104.75
48 37 71.12
48 38 43.19
48 39 66.04
48 40 60.41
48 41 60.17
48 42 28.32
48 43 48.55
48 44 28.07
48 45 64.41
48 46 134.48
48 47 56.94
48 49 70.01
48 50 99.25
48 51 80.26
48 52 87.21
48 53 79.76
48 54 128.46
48 55 57.01
48 56 62.43
48 57 81.63
48 58 90.35
48 59 78.72
48 60 32.25
48 61 39.82
48 62 93.94
48 63 109.04
48 64 114.49
48 65 55.87
48 66 112.26
48 67 54.04
48 68 65.3
48 69 36.22
48 70 92.54
48 71 5.0
48 72 67.36
48 73 103.58
48 74 94.64
48 75 35.0
48 76 140.77
48 77 46.23
48 78 69.89
48 79 104.28
48 80 68.07
48 81 82.81
48 82 104.74
48 83 124.46
48 84 106.04
48 85 116.21
48 86 75.58
48 87 105.0
48 88 54.42
48 89 91.18
48 90 94.4
48 91 114.77
48 92 42.54
48 93 137.88
48 94 117.62
48 95 43.83
48 96 53.46
48 97 128.71
48 98 124.91
48 99 69.72
48 100 129.44
48 101 1.0
48 102 30.41
48 103 55.95
48 104 115.21
48 105 128.88
48 106 120.88
48 107 38.95
48 108 135.65
48 109 121.04
48 110 123.49
48 111 79.62
48 112 19.42
48 113 102.0
48 114 56.36
48 115 47.54
48 116 60.46
48 117 103.95
48 118 53.01
48 119 23.02
48 120 69.35
48 121 140.92
48 122 29.07
48 123 126.56
48 124 66.03
48 125 38.21
48 126 106.78
48 127 32.02
48 128 39.41
48 129 53.54
48 130 142.67
48 131 80.11
48 132 37.01
48 133 97.17
48 134 127.95
48 135 135.01
48 136 80.21
48 137 96.9
48 138 46.87
48 139 64.26
48 140 65.8
48 141 112.2
48 142 114.93
48 143 32.2
48 144 81.25
48 145 25.63
48 146 37.0
48 147 51.66
48 148 81.3
48 149 120.77
48 150 85.96
48 151 63.07
48 152 46.04
48 153 105.38
48 154 83.93
48 155 72.42
48 156 59.4
48 157 100.12
48 158 90.82
48 159 50.09
48 160 50.01
48 161 110.68
48 162 102.0
48 163 85.15
48 164 74.33
48 165 111.54
48 166 99.86
48 167 11.18
48 168 60.41
48 169 90.03
48 170 127.48
48 171 73.55
48 172 74.06
48 173 85.98
48 174 88.87
48 175 76.69
48 176 123.49
48 177 141.9
48 178 5.1
48 179 93.49
48 180 111.99
48 181 72.12
48 182 138.08
48 183 75.19
48 184 20.0
48 185 8.94
48 186 37.11
48 187 74.71
48 188 139.54
48 189 136.5
48 190 108.78
48 191 14.87
48 192 101.95
48 193 54.04
48 194 34.67
48 195 49.01
48 196 38.28
48 197 23.09
48 198 146.24
48 199 68.8
48 200 25.08
48 201 69.07
49 0 49.77
49 1 26.83
49 2 68.15
49 3 67.6
49 4 69.97
49 5 94.15
49 6 122.77
49 7 96.03
49 8 87.69
49 9 18.03
49 10 134.83
49 11 125.3
49 12 82.38
49 13 104.04
49 14 104.35
49 15 50.92
49 16 90.8
49 17 97.94
49 18 49.03
49 19 17.0
49 20 102.62
49 21 116.73
49 22 79.51
49 23 40.52
49 24 111.16
49 25 75.69
49 26 110.86
49 27 114.77
49 28 51.2
49 29 32.57
49 30 100.42
49 31 54.08
49 32 105.0
49 33 47.27
49 34 56.4
49 35 59.77
49 36 49.48
49 37 22.02
49 38 80.05
49 39 15.23
49 40 117.18
49 41 33.96
49 42 41.77
49 43 25.3
49 44 90.74
49 45 79.31
49 46 117.52
49 47 20.02
49 48 70.01
49 50 116.71
49 51 21.93
49 52 29.73
49 53 66.64
49 54 79.7
49 55 64.2
49 56 16.28
49 57 93.17
49 58 95.82
49 59 27.2
49 60 55.97
49 61 33.54
49 62 36.14
49 63 63.51
49 64 113.6
49 65 14.14
49 66 110.48
49 67 51.16
49 68 108.85
49 69 54.82
49 70 72.42
49 71 66.6
49 72 5.1
49 73 90.97
49 74 47.01
49 75 51.24
49 76 80.16
49 77 24.41
49 78 73.76
49 79 102.42
49 80 49.4
49 81 13.42
49 82 60.9
49 83 99.76
49 84 119.64
49 85 101.21
49 86 75.29
49 87 73.0
49 88 31.06
49 89 89.16
49 90 108.17
49 91 108.56
49 92 30.87
49 93 129.62
49 94 55.15
49 95 88.6
49 96 56.08
49 97 60.93
49 98 106.96
49 99 61.98
49 100 80.65
49 101 69.31
49 102 57.58
49 103 27.07
49 104 65.79
49 105 118.81
49 106 67.68
49 107 77.88
49 108 74.24
49 109 84.6
49 110 82.3
49 111 43.28
49 112 68.96
49 113 71.45
49 114 103.32
49 115 37.22
49 116 15.0
49 117 33.94
49 118 19.92
49 119 47.51
49 120 3.61
49 121 119.55
49 122 73.54
49 123 123.31
49 124 87.09
49 125 31.89
49 126 101.6
49 127 94.67
49 128 85.38
49 129 21.38
49 130 137.57
49 131 28.02
49 132 52.39
49 133 96.25
49 134 66.19
49 135 97.13
49 136 114.04
49 137 26.91
49 138 75.8
49 139 29.15
49 140 25.5
49 141 122.7
49 142 113.18
49 143 38.6
49 144 41.73
49 145 63.56
49 146 99.48
49 147 37.01
49 148 64.01
49 149 59.08
49 150 94.37
49 151 76.32
49 152 26.4
49 153 85.28
49 154 77.47
49 155 34.41
49 156 91.35
49 157 110.06
49 158 38.91
49 159 109.59
49 160 40.0
49 161 117.18
49 162 33.62
49 163 64.35
49 164 60.93
49 165 71.87
49 166 108.47
49 167 76.84
49 168 56.89
49 169 77.9
49 170 97.62
49 171 62.39
49 172 14.42
49 173 98.49
49 174 85.09
49 175 10.05
49 176 107.17
49 177 76.66
49 178 72.92
49 179 29.02
49 180 92.2
49 181 72.53
49 182 87.32
49 183 70.84
49 184 57.45
49 185 61.62
49 186 59.67
49 187 115.97
49 188 75.5
49 189 112.61
49 190 54.82
49 191 56.85
49 192 46.57
49 193 113.64
49 194 83.93
49 195 49.0
49 196 63.56
49 197 86.53
49 198 139.85
49 199 14.42
49 200 64.88
49 201 49.77
50 0 68.26
50 1 142.87
50 2 95.85
50 3 87.85
50 4 85.49
50 5 22.56
50 6 73.01
50 7 43.38
50 8 30.41
50 9 120.9
50 10 47.0
50 11 27.0
50 12 81.84
50 13 58.94
50 14 54.04
50 15 149.97
50 16 34.93
50 17 31.62
50 18 67.68
50 19 113.3
50 20 75.74
50 21 45.01
50 22 38.48
50 23 76.3
50 24 31.14
50 25 64.88
50 26 6.0
50 27 69.46
50 28 127.48
50 29 136.06
50 30 74.97
50 31 122.44
50 32 58.69
50 33 111.2
50 34 82.46
50 35 135.82
50 36 104.56
50 37 134.71
50 38 56.08
50 39 101.79
50 40 68.18
50 41 82.76
50 42 102.63
50 43 116.78
50 44 81.84
50 45 39.36
50 46 60.37
50 47 97.53
50 48 99.25
50 49 116.71
50 51 138.25
50 52 104.04
50 53 54.15
50 54 103.45
50 55 53.85
50 56 100.44
50 57 23.54
50 58 23.54
50 59 142.05
50 60 74.63
50 61 93.04
50 62 105.48
50 63 91.76
50 64 29.97
50 65 109.73
50 66 30.53
50 67 66.41
50 68 45.54
50 69 72.4
50 70 57.57
50 71 102.59
50 72 111.61
50 73 45.49
50 74 92.4
50 75 76.32
50 76 131.1
50 77 101.77
50 78 42.95
50 79 29.73
50 80 68.36
50 81 127.42
50 82 88.54
50 83 66.48
50 84 8.06
50 85 50.25
50 86 42.11
50 87 72.5
50 88 128.81
50 89 33.53
50 90 9.06
50 91 37.44
50 92 94.02
50 93 51.79
50 94 121.75
50 95 57.8
50 96 62.03
50 97 141.44
50 98 57.2
50 99 55.33
50 100 103.94
50 101 99.9
50 102 75.0
50 103 127.12
50 104 99.16
50 105 48.47
50 106 107.15
50 107 60.31
50 108 129.62
50 109 82.1
50 110 89.89
50 111 81.06
50 112 79.98
50 113 70.38
50 114 52.89
50 115 82.28
50 116 102.11
50 117 138.0
50 118 116.62
50 119 96.02
50 120 119.33
50 121 69.77
50 122 70.18
50 123 38.83
50 124 34.21
50 125 105.12
50 126 34.66
50 127 81.02
50 128 61.59
50 129 119.23
50 130 52.0
50 131 98.02
50 132 127.2
50 133 29.53
50 134 125.87
50 135 89.94
50 136 28.0
50 137 132.09
50 138 53.08
50 139 135.38
50 140 133.9
50 141 15.13
50 142 31.3
50 143 106.85
50 144 84.1
50 145 75.74
50 146 80.06
50 147 130.65
50 148 58.31
50 149 121.84
50 150 23.0
50 151 42.05
50 152 114.06
50 153 56.08
50 154 43.42
50 155 144.1
50 156 40.22
50 157 12.04
50 158 97.51
50 159 73.55
50 160 131.23
50 161 18.68
50 162 127.14
50 163 60.83
50 164 58.01
50 165 84.1
50 166 14.21
50 167 90.8
50 168 59.91
50 169 47.8
50 170 74.97
50 171 56.04
50 172 130.25
50 173 18.25
50 174 37.11
50 175 126.7
50 176 54.41
50 177 142.68
50 178 95.27
50 179 115.07
50 180 56.22
50 181 44.41
50 182 111.52
50 183 47.04
50 184 85.15
50 185 101.83
50 186 68.24
50 187 40.01
50 188 137.99
50 189 70.72
50 190 103.85
50 191 92.85
50 192 103.94
50 193 73.82
50 194 66.57
50 195 135.91
50 196 65.0
50 197 84.22
50 198 56.0
50 199 103.41
50 200 75.69
50 201 68.26
51 0 71.69
51 1 5.0
51 2 85.44
51 3 86.21
51 4 88.87
51 5 115.69
51 6 138.6
51 7 115.11
51 8 108.85
51 9 22.85
51 10 156.58
51 11 147.23
51 12 101.53
51 13 121.2
51 14 125.6
51 15 39.12
51 16 112.73
51 17 119.87
51 18 70.6
51 19 28.64
51 20 122.43
51 21 135.45
51 22 100.62
51 23 62.3
51 24 131.03
51 25 96.67
51 26 132.44
51 27 130.77
51 28 59.68
51 29 24.17
51 30 120.28
51 31 56.64
51 32 122.18
51 33 61.33
51 34 76.37
51 35 66.03
51 36 65.37
51 37 10.0
51 38 98.41
51 39 37.16
51 40 133.41
51 41 55.66
51 42 52.8
51 43 31.76
51 44 104.55
51 45 100.28
51 46 138.54
51 47 40.79
51 48 80.26
51 49 21.93
51 50 138.25
51 52 47.63
51 53 88.57
51 54 95.71
51 55 85.16
51 56 37.95
51 57 114.73
51 58 117.65
51 59 7.28
51 60 73.55
51 61 50.36
51 62 52.7
51 63 81.61
51 64 135.51
51 65 30.02
51 66 132.38
51 67 72.18
51 68 127.48
51 69 73.17
51 70 94.03
51 71 76.01
51 72 26.93
51 73 112.68
51 74 65.95
51 75 69.26
51 76 90.26
51 77 40.31
51 78 95.34
51 79 124.34
51 80 71.31
51 81 17.0
51 82 79.65
51 83 120.28
51 84 141.38
51 85 122.64
51 86 97.08
51 87 93.38
51 88 28.43
51 89 111.09
51 90 129.81
51 91 130.36
51 92 48.17
51 93 151.16
51 94 65.97
51 95 106.21
51 96 76.94
51 97 65.12
51 98 128.06
51 99 83.82
51 100 96.6
51 101 79.4
51 102 74.81
51 103 25.46
51 104 82.49
51 105 140.35
51 106 82.76
51 107 95.75
51 108 84.17
51 109 103.71
51 110 100.44
51 111 64.64
51 112 83.82
51 113 92.1
51 114 121.2
51 115 57.22
51 116 36.14
51 117 33.24
51 118 27.86
51 119 60.17
51 120 18.97
51 121 140.07
51 122 90.03
51 123 145.12
51 124 107.79
51 125 43.66
51 126 123.47
51 127 108.63
51 128 102.59
51 129 26.83
51 130 159.22
51 131 48.17
51 132 52.8
51 133 118.19
51 134 76.49
51 135 115.43
51 136 134.13
51 137 29.07
51 138 95.02
51 139 20.12
51 140 16.64
51 141 144.56
51 142 135.07
51 143 48.3
51 144 62.8
51 145 79.83
51 146 113.65
51 147 33.84
51 148 85.88
51 149 70.09
51 150 116.09
51 151 97.32
51 152 34.44
51 153 106.61
51 154 99.4
51 155 19.0
51 156 111.0
51 157 131.87
51 158 57.49
51 159 124.92
51 160 36.89
51 161 139.09
51 162 40.61
51 163 86.09
51 164 82.86
51 165 90.91
51 166 130.3
51 167 89.0
51 168 78.34
51 169 99.76
51 170 117.46
51 171 84.31
51 172 8.06
51 173 120.07
51 174 107.02
51 175 12.81
51 176 128.41
51 177 83.0
51 178 84.12
51 179 42.49
51 180 113.41
51 181 94.25
51 182 102.16
51 183 92.7
51 184 72.12
51 185 71.34
51 186 78.16
51 187 135.13
51 188 83.15
51 189 132.94
51 190 70.71
51 191 69.46
51 192 62.77
51 193 129.03
51 194 100.44
51 195 44.72
51 196 82.15
51 197 99.92
51 198 161.42
51 199 36.24
51 200 81.02
51 201 71.69
52 0 37.11
52 1 52.5
52 2 38.48
52 3 38.6
52 4 41.23
52 5 82.39
52 6 128.0
52 7 94.81
52 8 78.85
52 9 46.87
52 10 112.92
52 11 106.73
52 12 53.91
52 13 107.34
52 14 80.13
52 15 80.65
52 16 72.84
52 17 79.43
52 18 42.05
52 19 43.05
52 20 74.95
52 21 115.45
52 22 71.57
52 23 33.62
52 24 106.57
52 25 51.0
52 26 98.05
52 27 120.0
52 28 30.41
52 29 62.3
52 30 72.84
52 31 79.4
52 32 108.17
52 33 19.65
52 34 29.41
52 35 40.31
52 36 20.1
52 37 51.0
52 38 82.1
52 39 22.36
52 40 121.83
52 41 30.48
52 42 61.68
52 43 52.04
52 44 101.32
52 45 72.12
52 46 92.36
52 47 30.68
52 48 87.21
52 49 29.73
52 50 104.04
52 51 47.63
52 53 50.01
52 54 50.0
52 55 58.69
52 56 25.71
52 57 81.39
52 58 81.02
52 59 54.41
52 60 62.97
52 61 47.42
52 62 7.07
52 63 34.13
52 64 94.11
52 65 38.0
52 66 90.96
52 67 47.51
52 68 108.23
52 69 60.11
52 70 50.96
52 71 85.09
52 72 27.46
52 73 69.57
52 74 18.38
52 75 58.05
52 76 54.12
52 77 43.17
52 78 63.15
52 79 83.74
52 80 37.36
52 81 31.11
52 82 32.02
52 83 73.41
52 84 105.12
52 85 77.82
52 86 62.29
52 87 46.62
52 88 60.21
52 89 72.34
52 90 95.02
52 91 87.6
52 92 44.78
52 93 106.44
52 94 30.41
52 95 91.84
52 96 52.35
52 97 44.05
52 98 82.15
52 99 49.82
52 100 50.96
52 101 86.76
52 102 65.12
52 103 56.29
52 104 36.06
52 105 95.71
52 106 38.33
52 107 81.4
52 108 48.7
52 109 56.08
52 110 53.0
52 111 23.0
52 112 79.65
52 113 45.79
52 114 104.96
52 115 41.87
52 116 28.44
52 117 34.23
52 118 47.17
52 119 64.47
52 120 33.24
52 121 93.09
52 122 80.62
52 123 102.18
52 124 80.65
52 125 53.15
52 126 81.74
52 127 104.74
52 128 89.81
52 129 49.37
52 130 114.97
52 131 7.81
52 132 79.03
52 133 78.77
52 134 40.85
52 135 67.96
52 136 108.52
52 137 29.12
52 138 75.8
52 139 58.87
52 140 55.15
52 141 106.68
52 142 93.41
52 143 60.42
52 144 20.02
52 145 72.25
52 146 108.9
52 147 65.92
52 148 46.1
52 149 33.62
52 150 81.06
52 151 69.26
52 152 52.01
52 153 61.74
52 154 61.07
52 155 63.53
52 156 88.64
52 157 95.13
52 158 9.9
52 159 116.39
52 160 68.73
52 161 100.13
52 162 23.19
52 163 44.55
52 164 46.17
52 165 43.28
52 166 93.19
52 167 90.97
52 168 49.4
52 169 58.86
52 170 70.01
52 171 48.26
52 172 42.19
52 173 86.21
52 174 68.26
52 175 35.23
52 176 82.86
52 177 54.92
52 178 88.68
52 179 11.05
52 180 68.0
52 181 60.67
52 182 57.87
52 183 57.22
52 184 69.89
52 185 80.23
52 186 63.78
52 187 113.46
52 188 52.35
52 189 85.8
52 190 25.32
52 191 72.47
52 192 17.12
52 193 120.1
52 194 90.03
52 195 77.65
52 196 66.84
52 197 98.08
52 198 116.73
52 199 20.1
52 200 73.66
52 201 37.11
53 0 17.2
53 1 93.47
53 2 48.08
53 3 40.36
53 4 39.2
53 5 33.24
53 6 93.48
53 7 55.44
53 8 32.45
53 9 75.43
53 10 69.03
53 11 58.69
53 12 42.72
53 13 72.4
53 14 42.94
53 15 108.89
53 16 24.17
53 17 31.3
53 18 22.47
53 19 68.12
53 20 52.09
53 21 73.66
53 22 27.59
53 23 27.66
53 24 61.85
53 25 23.54
53 26 48.17
53 27 86.28
53 28 74.04
53 29 92.2
53 30 50.04
53 31 90.35
53 32 72.95
53 33 57.87
53 34 30.53
53 35 82.87
53 36 51.62
53 37 87.13
53 38 50.33
53 39 51.43
53 40 87.09
53 41 34.21
53 42 68.0
53 43 74.25
53 44 78.85
53 45 29.07
53 46 56.82
53 47 50.0
53 48 79.76
53 49 66.64
53 50 54.15
53 51 88.57
53 52 50.01
53 54 59.2
53 55 24.33
53 56 51.11
53 57 32.28
53 58 31.02
53 59 93.54
53 60 47.52
53 61 53.25
53 62 51.35
53 63 42.52
53 64 47.01
53 65 63.41
53 66 43.91
53 67 26.57
53 68 67.9
53 69 43.57
53 70 13.04
53 71 80.6
53 72 61.72
53 73 26.4
53 74 38.9
53 75 45.35
53 76 82.62
53 77 58.73
53 78 17.69
53 79 35.78
53 80 17.8
53 81 75.58
53 82 38.42
53 83 44.72
53 84 55.15
53 85 38.59
53 86 13.89
53 87 28.64
53 88 86.28
53 89 22.8
53 90 45.1
53 91 42.64
53 92 52.8
53 93 65.07
53 94 69.08
53 95 59.51
53 96 26.31
53 97 88.23
53 98 46.52
53 99 10.05
53 100 60.0
53 101 79.91
53 102 49.37
53 103 83.55
53 104 50.33
53 105 54.56
53 106 58.26
53 107 52.2
53 108 79.88
53 109 44.27
53 110 49.19
53 111 27.02
53 112 63.0
53 113 25.5
53 114 68.01
53 115 40.22
53 116 53.54
53 117 84.15
53 118 72.25
53 119 64.62
53 120 69.77
53 121 62.03
53 122 57.56
53 123 57.2
53 124 36.8
53 125 65.8
53 126 35.23
53 127 80.78
53 128 59.81
53 129 75.07
53 130 72.25
53 131 44.41
53 132 93.3
53 133 29.73
53 134 74.79
53 135 57.49
53 136 62.77
53 137 78.52
53 138 42.72
53 139 90.43
53 140 88.01
53 141 57.07
53 142 46.65
53 143 70.49
53 144 30.0
53 145 55.04
53 146 83.17
53 147 89.87
53 148 4.47
53 149 69.78
53 150 31.26
53 151 27.2
53 152 72.18
53 153 25.71
53 154 11.18
53 155 98.23
53 156 48.27
53 157 45.18
53 158 43.42
53 159 85.42
53 160 91.44
53 161 50.96
53 162 73.03
53 163 8.49
53 164 6.4
53 165 38.83
53 166 43.29
53 167 77.0
53 168 19.42
53 169 12.04
53 170 48.0
53 171 6.32
53 172 80.95
53 173 36.67
53 174 18.68
53 175 76.16
53 176 45.65
53 177 91.79
53 178 78.23
53 179 61.0
53 180 32.57
53 181 14.14
53 182 68.82
53 183 9.22
53 184 60.02
53 185 77.37
53 186 43.05
53 187 70.43
53 188 87.46
53 189 57.01
53 190 51.88
53 191 66.94
53 192 50.6
53 193 88.19
53 194 62.64
53 195 98.41
53 196 43.05
53 197 77.93
53 198 74.97
53 199 52.39
53 200 56.01
53 201 17.2
54 0 61.1
54 1 100.24
54 2 13.15
54 3 19.24
54 4 20.0
54 5 88.09
54 6 152.63
54 7 114.63
54 8 90.52
54 9 96.77
54 10 90.09
54 11 93.15
54 12 22.14
54 13 131.49
54 14 56.72
54 15 130.6
54 16 68.8
54 17 72.01
54 18 70.23
54 19 92.4
54 20 39.32
54 21 132.28
54 22 86.68
54 23 66.71
54 24 119.55
54 25 39.2
54 26 98.27
54 27 145.34
54 28 43.6
54 29 112.27
54 30 38.12
54 31 127.14
54 32 132.06
54 33 34.67
54 34 32.57
54 35 46.1
54 36 30.46
54 37 100.46
54 38 108.41
54 39 70.71
54 40 146.24
54 41 68.59
54 42 107.07
54 43 101.27
54 44 134.85
54 45 88.24
54 46 63.07
54 47 77.1
54 48 128.46
54 49 79.7
54 50 103.45
54 51 95.71
54 52 50.0
54 53 59.2
54 55 81.49
54 56 73.44
54 57 87.32
54 58 81.27
54 59 102.86
54 60 98.37
54 61 91.2
54 62 43.66
54 63 19.42
54 64 80.65
54 65 87.13
54 66 78.11
54 67 76.9
54 68 126.91
54 69 94.56
54 70 48.8
54 71 127.58
54 72 77.37
54 73 58.14
54 74 35.01
54 75 94.37
54 76 29.27
54 77 90.09
54 78 76.84
54 79 74.73
54 80 62.03
54 81 78.71
54 82 23.77
54 83 44.1
54 84 100.65
54 85 57.72
54 86 72.25
54 87 31.89
54 88 110.11
54 89 71.03
54 90 95.19
54 91 71.84
54 92 89.09
54 93 81.0
54 94 35.0
54 95 117.99
54 96 79.71
54 97 52.0
54 98 56.22
54 99 66.89
54 100 1.0
54 101 128.27
54 102 100.58
54 103 106.23
54 104 14.14
54 105 72.25
54 106 13.45
54 107 109.59
54 108 30.07
54 109 22.56
54 110 14.32
54 111 48.84
54 112 115.74
54 113 34.66
54 114 127.2
54 115 81.05
54 116 76.53
54 117 70.77
54 118 96.69
54 119 107.67
54 120 83.17
54 121 59.03
54 122 112.92
54 123 83.02
54 124 95.67
54 125 100.04
54 126 70.38
54 127 137.38
54 128 117.72
54 129 99.04
54 130 90.01
54 131 53.6
54 132 127.57
54 133 73.93
54 134 30.68
54 135 24.7
54 136 119.75
54 137 70.0
54 138 100.85
54 139 108.78
54 140 105.0
54 141 98.79
54 142 79.4
54 143 107.0
54 144 47.38
54 145 107.52
54 146 140.43
54 147 115.73
54 148 55.22
54 149 31.91
54 150 84.2
54 151 86.4
54 152 100.84
54 153 47.41
54 154 65.07
54 155 112.92
54 156 107.45
54 157 91.71
54 158 41.59
54 159 144.06
54 160 118.46
54 161 91.18
54 162 58.26
54 163 50.8
54 164 61.06
54 165 20.52
54 166 89.47
54 167 129.12
54 168 73.35
54 169 58.14
54 170 36.01
54 171 62.97
54 172 91.39
54 173 90.0
54 174 68.41
54 175 84.17
54 176 58.42
54 177 44.05
54 178 128.55
54 179 53.24
54 180 48.7
54 181 73.25
54 182 9.85
54 183 68.25
54 184 108.91
54 185 123.18
54 186 96.21
54 187 128.69
54 188 39.05
54 189 51.62
54 190 25.08
54 191 113.77
54 192 33.24
54 193 147.03
54 194 119.85
54 195 127.28
54 196 97.69
54 197 132.97
54 198 90.14
54 199 69.05
54 200 108.78
54 201 61.1
55 0 22.8
55 1 89.63
55 2 69.34
55 3 62.27
55 4 61.72
55 5 31.76
55 6 72.18
55 7 36.36
55 8 23.77
55 9 67.07
55 10 83.6
55 11 68.62
55 12 66.76
55 13 50.93
55 14 64.03
55 15 96.8
55 16 38.47
55 17 44.94
55 18 16.76
55 19 59.46
55 20 76.01
55 21 56.8
55 22 15.52
55 23 25.71
55 24 48.27
55 25 47.85
55 26 48.33
55 27 64.54
55 28 87.46
55 29 82.29
55 30 74.03
55 31 72.47
55 32 51.62
55 33 72.42
55 34 50.0
55 35 97.1
55 36 67.48
55 37 81.04
55 38 26.93
55 39 50.01
55 40 65.8
55 41 31.14
55 42 50.91
55 43 63.06
55 44 54.57
55 45 15.13
55 46 77.49
55 47 44.41
55 48 57.01
55 49 64.2
55 50 53.85
55 51 85.16
55 52 58.69
55 53 24.33
55 54 81.49
55 56 48.04
55 57 30.89
55 58 36.8
55 59 88.53
55 60 25.5
55 61 39.45
55 62 62.65
55 63 63.25
55 64 59.82
55 65 56.04
55 66 57.2
55 67 13.04
55 68 49.74
55 69 21.95
55 70 37.34
55 71 58.52
55 72 59.14
55 73 46.57
55 74 54.56
55 75 25.0
55 76 101.91
55 77 47.93
55 78 13.6
55 79 48.83
55 80 22.2
55 81 76.01
55 82 58.82
55 83 68.12
55 84 58.18
55 85 59.2
55 86 18.79
55 87 52.5
55 88 75.18
55 89 34.99
55 90 46.07
55 91 58.67
55 92 40.25
55 93 81.99
55 94 84.4
55 95 36.62
55 96 8.25
55 97 101.71
55 98 67.91
55 99 14.87
55 100 82.37
55 101 57.28
55 102 26.93
55 103 73.35
55 104 70.8
55 105 72.45
55 106 78.24
55 107 28.23
55 108 98.29
55 109 68.41
55 110 72.8
55 111 38.6
55 112 39.2
55 113 49.34
55 114 47.51
55 115 28.46
55 116 49.25
55 117 90.03
55 118 62.77
55 119 45.61
55 120 66.48
55 121 83.95
55 122 33.24
55 123 71.61
55 124 23.02
55 125 51.87
55 126 50.61
55 127 56.61
55 128 36.24
55 129 65.39
55 130 87.66
55 131 51.26
55 132 76.42
55 133 41.62
55 134 92.1
55 135 81.79
55 136 50.64
55 137 83.36
55 138 19.42
55 139 81.54
55 140 80.06
55 141 62.68
55 142 60.0
55 143 54.56
55 144 41.62
55 145 31.58
55 146 59.24
55 147 77.39
55 148 27.2
55 149 86.05
55 150 33.6
55 151 12.17
55 152 60.42
55 153 49.04
55 154 26.93
55 155 90.25
55 156 29.97
55 157 49.65
55 158 55.76
55 159 62.68
55 160 78.24
55 161 58.9
55 162 81.27
55 163 31.62
55 164 20.62
55 165 61.74
55 166 48.6
55 167 53.15
55 168 9.43
55 169 33.24
55 170 72.11
55 171 18.97
55 172 77.1
55 173 36.24
55 174 32.2
55 175 74.24
55 176 66.48
55 177 108.71
55 178 54.92
55 179 69.29
55 180 55.33
55 181 15.23
55 182 91.3
55 183 18.25
55 184 38.08
55 185 55.95
55 186 19.92
55 187 54.78
55 188 104.89
55 189 79.76
55 190 69.31
55 191 45.62
55 192 65.6
55 193 65.8
55 194 38.63
55 195 83.74
55 196 19.1
55 197 53.6
55 198 90.97
55 199 52.09
55 200 32.39
55 201 22.8
56 0 34.0
56 1 42.72
56 2 60.83
56 3 58.52
56 4 60.41
56 5 77.88
56 6 109.59
56 7 80.81
56 8 71.45
56 9 25.81
56 10 119.85
56 11 109.57
56 12 72.09
56 13 90.08
56 14 90.51
56 15 60.75
56 16 75.18
56 17 82.37
56 18 32.76
56 19 19.7
56 20 91.07
56 21 101.64
56 22 63.29
56 23 24.35
56 24 95.43
56 25 62.63
56 26 94.59
56 27 101.53
56 28 54.2
56 29 42.8
56 30 88.84
56 31 54.04
56 32 91.0
56 33 45.35
56 34 45.69
56 35 63.81
56 36 45.18
56 37 36.06
56 38 65.46
56 39 3.61
56 40 103.75
56 41 17.72
56 42 36.06
56 43 28.16
56 44 79.51
56 45 63.13
56 46 104.0
56 47 5.66
56 48 62.43
56 49 16.28
56 50 100.44
56 51 37.95
56 52 25.71
56 53 51.11
56 54 73.44
56 55 48.04
56 57 76.9
56 58 79.71
56 59 42.49
56 60 42.54
56 61 22.8
56 62 32.76
56 63 55.32
56 64 98.11
56 65 14.32
56 66 95.02
56 67 35.01
56 68 93.86
56 69 40.72
56 70 58.05
56 71 59.94
56 72 11.18
56 73 76.22
56 74 38.64
56 75 37.59
56 76 79.81
56 77 17.46
56 78 57.49
56 79 86.83
56 80 33.54
56 81 28.16
56 82 51.92
56 83 87.2
56 84 103.45
56 85 87.05
56 86 59.14
56 87 61.06
56 88 38.47
56 89 73.35
56 90 91.92
56 91 93.48
56 92 20.0
56 93 115.11
56 94 55.71
56 95 74.46
56 96 40.0
56 97 66.4
56 98 93.38
56 99 45.88
56 100 74.43
56 101 61.91
56 102 44.42
56 103 34.99
56 104 59.3
56 105 104.35
56 106 63.01
56 107 63.69
56 108 74.33
56 109 74.32
56 110 73.38
56 111 30.23
56 112 57.49
56 113 59.08
56 114 88.87
56 115 22.14
56 116 3.16
56 117 45.18
56 118 24.17
56 119 39.45
56 120 18.97
56 121 106.83
56 122 60.54
56 123 108.17
56 124 71.01
56 125 27.46
56 126 86.28
56 127 83.24
56 128 71.59
56 129 26.83
56 130 122.8
56 131 20.0
56 132 54.15
56 133 80.5
56 134 66.41
56 135 87.66
56 136 98.18
56 137 38.01
56 138 60.64
56 139 40.36
56 140 37.48
56 141 106.63
56 142 97.75
56 143 34.71
56 144 29.53
56 145 51.04
56 146 87.8
56 147 43.46
56 148 48.83
56 149 59.14
56 150 78.16
56 151 60.13
56 152 27.46
56 153 71.42
56 154 61.72
56 155 47.51
56 156 75.8
56 157 93.92
56 158 32.02
56 159 96.9
56 160 45.88
56 161 101.24
56 162 40.31
56 163 49.68
56 164 45.18
56 165 62.03
56 166 92.36
56 167 67.36
56 168 40.61
56 169 62.68
56 170 86.09
56 171 46.52
56 172 30.08
56 173 82.23
56 174 69.32
56 175 26.31
56 176 93.34
56 177 79.61
56 178 64.4
56 179 31.06
56 180 78.52
56 181 56.32
56 182 82.1
56 183 54.78
56 184 46.67
56 185 55.01
56 186 45.31
56 187 100.62
56 188 77.47
56 189 100.21
56 190 50.04
56 191 48.01
56 192 42.19
56 193 100.85
56 194 70.71
56 195 54.41
56 196 49.04
56 197 75.74
56 198 125.25
56 199 6.4
56 200 52.43
56 201 34.0
57 0 45.01
57 1 119.37
57 2 77.94
57 3 69.89
57 4 68.01
57 5 1.0
57 6 71.47
57 7 34.23
57 8 9.85
57 9 97.69
57 10 56.86
57 11 39.41
57 12 67.21
57 13 52.61
57 14 48.27
57 15 127.62
57 16 21.02
57 17 23.19
57 18 44.15
57 19 90.08
57 20 67.12
57 21 46.65
57 22 16.28
57 23 52.77
57 24 32.8
57 25 48.17
57 26 17.72
57 27 65.73
57 28 106.32
57 29 113.15
57 30 65.74
57 31 101.83
57 32 52.77
57 33 90.14
57 34 62.24
57 35 115.11
57 36 83.82
57 37 111.33
57 38 40.16
57 39 78.26
57 40 65.52
57 41 59.23
57 42 81.06
57 43 93.94
57 44 69.43
57 45 17.69
57 46 59.14
57 47 74.04
57 48 81.63
57 49 93.17
57 50 23.54
57 51 114.73
57 52 81.39
57 53 32.28
57 54 87.32
57 55 30.89
57 56 76.9
57 58 10.0
57 59 118.6
57 60 53.74
57 61 70.33
57 62 83.36
57 63 73.06
57 64 33.53
57 65 86.38
57 66 31.78
57 67 43.08
57 68 43.08
57 69 50.99
57 70 38.83
57 71 84.31
57 72 88.07
57 73 33.54
57 74 71.17
57 75 54.67
57 76 113.21
57 77 78.72
57 78 19.42
57 79 25.02
57 80 45.04
57 81 103.95
57 82 69.35
57 83 57.78
57 84 27.29
57 85 43.42
57 86 19.1
57 87 55.44
57 88 106.07
57 89 17.49
57 90 15.23
57 91 36.06
57 92 71.12
57 93 57.72
57 94 101.24
57 95 45.4
57 96 38.91
57 97 120.5
57 98 52.17
57 99 32.02
57 100 87.97
57 101 82.15
57 102 54.49
57 103 104.2
57 104 80.78
57 105 50.25
57 106 88.84
57 107 44.01
57 108 111.02
57 109 68.01
57 110 74.95
57 111 58.55
57 112 62.27
57 113 52.8
57 114 46.87
57 115 59.09
57 116 78.59
57 117 115.07
57 118 93.52
57 119 75.01
57 120 95.8
57 121 67.6
57 122 53.23
57 123 45.54
57 124 16.49
57 125 82.68
57 126 29.07
57 127 69.72
57 128 48.05
57 129 96.18
57 130 61.47
57 131 75.06
57 132 106.22
57 133 19.24
57 134 106.45
57 135 78.49
57 136 32.53
57 137 109.0
57 138 34.89
57 139 112.31
57 140 110.69
57 141 32.02
57 142 34.21
57 143 85.0
57 144 61.66
57 145 56.61
57 146 70.18
57 147 108.23
57 148 36.69
57 149 101.77
57 150 5.0
57 151 19.85
57 152 91.3
57 153 42.2
57 154 22.83
57 155 120.93
57 156 28.0
57 157 19.1
57 158 75.5
57 159 67.48
57 160 109.0
57 161 29.21
57 162 104.58
57 163 39.92
57 164 35.23
57 165 67.01
57 166 18.44
57 167 74.73
57 168 36.4
57 169 29.21
57 170 64.88
57 171 33.14
57 172 106.74
57 173 5.39
57 174 19.1
57 175 103.16
57 176 49.82
57 177 123.44
57 178 78.29
57 179 92.44
57 180 45.18
57 181 21.02
57 182 96.26
57 183 24.19
57 184 65.3
57 185 82.8
57 186 47.38
57 187 42.44
57 188 118.96
57 189 65.97
57 190 83.77
57 191 73.11
57 192 82.86
57 193 69.05
57 194 52.63
57 195 114.2
57 196 44.69
57 197 70.6
57 198 65.19
57 199 79.91
57 200 56.86
57 201 45.01
58 0 46.32
58 1 122.43
58 2 72.9
58 3 64.85
58 4 62.65
58 5 10.05
58 6 81.04
58 7 44.18
58 8 19.42
58 9 102.0
58 10 47.89
58 11 31.83
58 12 60.31
58 13 62.51
58 14 38.6
58 15 133.22
58 16 12.73
58 17 13.34
58 18 47.42
58 19 94.41
58 20 58.18
58 21 55.46
58 22 24.19
58 23 55.36
58 24 41.18
58 25 42.19
58 26 17.72
58 27 75.5
58 28 103.94
58 29 117.99
58 30 56.94
58 31 109.04
58 32 62.65
58 33 87.66
58 34 58.94
58 35 112.29
58 36 81.02
58 37 115.04
58 38 49.73
58 39 80.65
58 40 75.19
58 41 62.03
58 42 87.69
58 43 99.02
58 44 79.25
58 45 25.94
58 46 49.16
58 47 77.47
58 48 90.35
58 49 95.82
58 50 23.54
58 51 117.65
58 52 81.02
58 53 31.02
58 54 81.27
58 55 36.8
58 56 79.71
58 57 10.0
58 59 122.0
58 60 61.22
58 61 75.8
58 62 82.15
58 63 68.54
58 64 24.17
58 65 90.34
58 66 22.14
58 67 47.71
58 68 52.5
58 69 58.14
58 70 34.18
58 71 92.78
58 72 90.76
58 73 25.0
58 74 68.88
58 75 61.55
58 76 108.24
58 77 83.53
58 78 23.6
58 79 15.03
58 80 46.57
58 81 105.76
58 82 65.19
58 83 48.76
58 84 24.19
58 85 33.84
58 86 20.62
58 87 49.74
58 88 111.22
58 89 10.3
58 90 14.56
58 91 26.08
58 92 76.28
58 93 48.08
58 94 98.23
58 95 55.33
58 96 44.2
58 97 117.9
58 98 42.45
58 99 33.84
58 100 81.84
58 101 90.82
58 102 62.2
58 103 109.08
58 104 76.06
58 105 40.31
58 106 84.1
58 107 53.45
58 108 106.51
58 109 60.88
58 110 68.25
58 111 58.03
58 112 71.11
58 113 47.41
58 114 56.72
58 115 63.81
58 116 81.71
58 117 115.16
58 118 98.11
58 119 82.13
58 120 98.68
58 121 57.71
58 122 62.39
58 123 36.25
58 124 26.31
58 125 88.41
58 126 19.1
58 127 79.63
58 128 57.87
58 129 100.85
58 130 52.33
58 131 75.33
58 132 113.15
58 133 9.49
58 134 102.53
58 135 70.43
58 136 40.22
58 137 109.46
58 138 44.01
58 139 116.85
58 140 114.95
58 141 26.93
58 142 24.7
58 143 91.35
58 144 61.01
58 145 65.0
58 146 80.16
58 147 113.81
58 148 35.01
58 149 98.37
58 150 5.0
58 151 27.46
58 152 96.52
58 153 34.66
58 154 20.02
58 155 125.24
58 156 38.0
58 157 14.32
58 158 74.17
58 159 77.41
58 160 114.81
58 161 22.2
58 162 104.0
58 163 37.34
58 164 35.51
58 165 61.4
58 166 12.65
58 167 83.93
58 168 40.31
58 169 24.35
58 170 56.3
58 171 33.73
58 172 109.79
58 173 9.43
58 174 13.6
58 175 105.65
58 176 40.02
58 177 119.4
58 178 87.24
58 179 92.01
58 180 36.62
58 181 23.71
58 182 89.81
58 183 25.0
58 184 73.24
58 185 90.97
58 186 55.0
58 187 51.0
58 188 114.77
58 189 56.32
58 190 80.36
58 191 81.02
58 192 80.41
58 193 78.92
58 194 62.37
58 195 120.51
58 196 52.7
58 197 80.28
58 198 55.95
58 199 82.01
58 200 65.37
58 201 46.32
59 0 76.48
59 1 4.47
59 2 92.44
59 3 93.01
59 4 95.6
59 5 119.55
59 6 138.74
59 7 117.02
59 8 112.29
59 9 23.09
59 10 161.99
59 11 152.05
59 12 108.23
59 13 122.05
59 14 131.5
59 15 32.39
59 16 117.65
59 17 124.82
59 18 74.67
59 19 30.02
59 20 128.97
59 21 137.06
59 22 104.05
59 23 66.71
59 24 133.38
59 25 102.73
59 26 136.31
59 27 131.03
59 28 66.91
59 29 19.21
59 30 126.81
59 31 53.15
59 32 123.04
59 33 68.54
59 34 82.81
59 35 73.11
59 36 72.47
59 37 8.06
59 38 100.02
59 39 42.19
59 40 133.75
59 41 60.01
59 42 52.2
59 43 31.05
59 44 104.04
59 45 103.59
59 46 144.59
59 47 44.6
59 48 78.72
59 49 27.2
59 50 142.05
59 51 7.28
59 52 54.41
59 53 93.54
59 54 102.86
59 55 88.53
59 56 42.49
59 57 118.6
59 58 122.0
59 60 75.03
59 61 52.01
59 62 59.68
59 63 88.48
59 64 140.55
59 65 32.56
59 66 137.44
59 67 75.69
59 68 129.06
59 69 75.03
59 70 99.62
59 71 74.24
59 72 31.91
59 73 118.15
59 74 72.62
59 75 71.01
59 76 97.49
59 77 42.05
59 78 99.3
59 79 129.29
59 80 76.03
59 81 24.17
59 82 86.4
59 83 126.57
59 84 145.5
59 85 128.41
59 86 101.39
59 87 99.7
59 88 25.0
59 89 115.83
59 90 133.76
59 91 135.68
59 92 50.09
59 93 156.82
59 94 73.25
59 95 107.38
59 96 80.28
59 97 72.03
59 98 134.06
59 99 88.24
59 100 103.75
59 101 77.82
59 102 76.11
59 103 22.83
59 104 89.55
59 105 146.01
59 106 89.96
59 107 97.13
59 108 91.41
59 109 110.42
59 110 107.34
59 111 70.43
59 112 83.95
59 113 98.31
59 114 122.41
59 115 60.21
59 116 40.31
59 117 40.05
59 118 28.16
59 119 59.91
59 120 23.85
59 121 146.37
59 122 90.8
59 123 150.42
59 124 110.82
59 125 43.74
59 126 128.63
59 127 108.16
59 128 103.59
59 129 26.48
59 130 164.76
59 131 54.45
59 132 48.8
59 133 122.98
59 134 83.74
59 135 122.32
59 136 136.62
59 137 36.22
59 138 97.13
59 139 15.56
59 140 13.04
59 141 148.93
59 142 140.16
59 143 47.43
59 144 68.77
59 145 80.62
59 146 113.23
59 147 29.7
59 148 91.07
59 149 77.37
59 150 120.21
59 151 100.66
59 152 33.96
59 153 112.45
59 154 104.2
59 155 12.17
59 156 113.28
59 157 136.12
59 158 64.2
59 159 124.91
59 160 32.56
59 161 143.67
59 162 47.85
59 163 91.53
59 164 87.66
59 165 97.62
59 166 134.63
59 167 88.02
59 168 82.22
59 169 104.96
59 170 123.99
59 171 89.0
59 172 12.81
59 173 123.97
59 174 111.8
59 175 19.21
59 176 134.32
59 177 90.02
59 178 82.86
59 179 49.66
59 180 119.33
59 181 98.43
59 182 109.38
59 183 97.17
59 184 72.37
59 185 69.78
59 186 80.02
59 187 137.0
59 188 90.27
59 189 139.32
59 190 77.83
59 191 68.96
59 192 69.84
59 193 129.03
59 194 101.12
59 195 39.66
59 196 84.02
59 197 99.3
59 198 167.05
59 199 41.62
59 200 81.74
59 201 76.48
60 0 37.66
60 1 77.23
60 2 85.38
60 3 79.56
60 4 79.83
60 5 54.45
60 6 67.08
60 7 42.19
60 8 44.69
60 9 52.0
60 10 108.72
60 11 92.85
60 12 87.37
60 13 48.08
60 14 89.19
60 15 76.16
60 16 63.95
60 17 70.33
60 18 28.44
60 19 45.1
60 20 99.5
60 21 62.03
60 22 37.48
60 23 32.2
60 24 59.23
60 25 70.03
60 26 69.81
60 27 59.03
60 28 93.38
60 29 64.33
60 30 97.42
60 31 48.1
60 32 49.04
60 33 80.8
60 34 65.8
60 35 103.28
60 36 77.7
60 37 67.01
60 38 25.0
60 39 45.79
60 40 61.33
60 41 32.8
60 42 28.18
60 43 45.4
60 44 38.42
60 45 36.07
60 46 102.79
60 47 37.12
60 48 32.25
60 49 55.97
60 50 74.63
60 51 73.55
60 52 62.97
60 53 47.52
60 54 98.37
60 55 25.5
60 56 42.54
60 57 53.74
60 58 61.22
60 59 75.03
60 61 23.19
60 62 68.88
60 63 79.06
60 64 84.88
60 65 43.74
60 66 82.38
60 67 22.09
60 68 54.04
60 69 4.0
60 70 60.3
60 71 33.24
60 72 51.62
60 73 71.78
60 74 66.19
60 75 5.0
60 76 113.88
60 77 33.24
60 78 38.95
60 79 74.09
60 80 36.67
60 81 69.29
60 82 74.63
60 83 92.23
60 84 80.28
60 85 84.43
60 86 44.28
60 87 73.17
60 88 56.52
60 89 60.42
60 90 68.12
60 91 84.12
60 92 25.5
60 93 107.42
60 94 92.62
60 95 32.76
60 96 21.21
60 97 106.79
60 98 93.01
60 99 37.48
60 100 99.33
60 101 32.39
60 102 2.24
60 103 55.73
60 104 85.8
60 105 97.94
60 106 92.2
60 107 22.2
60 108 109.29
60 109 89.27
60 110 92.23
60 111 50.16
60 112 17.46
60 113 70.11
60 114 47.68
60 115 21.26
60 116 42.05
60 117 87.71
60 118 47.01
60 119 21.4
60 120 57.01
60 121 108.93
60 122 18.03
60 123 96.8
60 124 40.5
60 125 32.56
60 126 76.06
60 127 41.77
60 128 29.41
60 129 49.09
60 130 112.9
60 131 55.23
60 132 52.63
60 133 66.89
60 134 102.08
60 135 103.17
60 136 62.82
60 137 80.53
60 138 23.09
60 139 64.63
60 140 64.2
60 141 85.63
60 142 85.15
60 143 32.7
60 144 52.33
60 145 9.43
60 146 45.97
60 147 57.25
60 148 49.09
60 149 95.21
60 150 57.38
60 151 33.97
60 152 42.43
60 153 73.16
60 154 52.2
60 155 73.68
60 156 39.29
60 157 72.84
60 158 64.07
60 159 54.38
60 160 57.38
60 161 82.81
60 162 82.2
60 163 53.01
60 164 42.11
60 165 80.41
60 166 72.14
60 167 30.81
60 168 28.16
60 169 57.97
60 170 95.26
60 171 41.3
60 172 65.76
60 173 58.73
60 174 57.7
60 175 65.25
60 176 91.71
60 177 117.44
60 178 31.02
60 179 71.59
60 180 79.83
60 181 40.72
60 182 108.16
60 183 43.32
60 184 12.65
60 185 30.46
60 186 6.4
60 187 62.07
60 188 114.4
60 189 104.35
60 190 81.01
60 191 20.12
60 192 75.17
60 193 58.31
60 194 28.18
60 195 61.4
60 196 9.85
60 197 35.51
60 198 116.28
60 199 48.55
60 200 10.82
60 201 37.66
61 0 37.58
61 1 54.08
61 2 78.1
61 3 74.06
61 4 75.24
61 5 71.2
61 6 89.32
61 7 65.01
61 8 62.65
61 9 29.15
61 10 120.93
61 11 107.45
61 12 85.33
61 13 71.06
61 14 96.04
61 15 57.43
61 16 74.97
61 17 82.02
61 18 30.81
61 19 22.0
61 20 101.51
61 21 85.15
61 22 54.56
61 23 27.51
61 24 81.5
61 25 71.51
61 26 87.66
61 27 81.34
61 28 76.85
61 29 43.08
61 30 99.3
61 31 37.95
61 32 72.03
61 33 66.85
61 34 60.13
61 35 86.53
61 36 65.52
61 37 44.05
61 38 48.09
61 39 26.4
61 40 83.82
61 41 23.19
61 42 16.12
61 43 23.77
61 44 57.43
61 45 53.71
61 46 109.93
61 47 17.2
61 48 39.82
61 49 33.54
61 50 93.04
61 51 50.36
61 52 47.42
61 53 53.25
61 54 91.2
61 55 39.45
61 56 22.8
61 57 70.33
61 58 75.8
61 59 52.01
61 60 23.19
61 62 54.23
61 63 72.03
61 64 97.62
61 65 20.62
61 66 94.76
61 67 28.32
61 68 77.16
61 69 23.02
61 70 63.95
61 71 37.7
61 72 29.68
61 73 79.63
61 74 56.44
61 75 19.0
61 76 101.24
61 77 10.05
61 78 52.2
61 79 86.28
61 80 36.67
61 81 46.96
61 82 68.0
61 83 95.85
61 84 97.62
61 85 91.81
61 86 55.97
61 87 72.28
61 88 35.78
61 89 72.14
61 90 85.48
61 91 94.92
61 92 2.83
61 93 117.92
61 94 77.82
61 95 55.9
61 96 31.62
61 97 89.2
61 98 99.48
61 99 44.69
61 100 92.2
61 101 39.36
61 102 24.52
61 103 34.18
61 104 77.41
61 105 107.62
61 106 82.38
61 107 45.4
61 108 96.01
61 109 87.48
61 110 88.36
61 111 43.1
61 112 35.51
61 113 69.64
61 114 70.86
61 115 13.04
61 116 21.21
61 117 66.61
61 118 24.33
61 119 17.09
61 120 34.18
61 121 114.49
61 122 40.16
61 123 108.9
61 124 60.08
61 125 12.73
61 126 87.05
61 127 61.29
61 128 52.39
61 129 26.68
61 130 124.58
61 131 40.5
61 132 40.25
61 133 79.25
61 134 88.24
61 135 101.43
61 136 84.85
61 137 59.41
61 138 45.18
61 139 42.72
61 140 41.77
61 141 102.08
61 142 97.59
61 143 17.46
61 144 44.0
61 145 30.08
61 146 66.04
61 147 38.01
61 148 52.84
61 149 81.02
61 150 72.95
61 151 50.99
61 152 21.02
61 153 77.83
61 154 61.62
61 155 51.66
61 156 61.4
61 157 89.04
61 158 51.66
61 159 76.06
61 160 39.05
61 161 98.01
61 162 62.97
61 163 55.46
61 164 46.87
61 165 76.42
61 166 87.92
61 167 44.6
61 168 36.07
61 169 65.22
61 170 96.77
61 171 47.2
61 172 42.58
61 173 75.66
61 174 68.59
61 175 42.38
61 176 98.79
61 177 102.08
61 178 41.62
61 179 53.82
61 180 85.0
61 181 52.5
61 182 100.5
61 183 53.04
61 184 24.21
61 185 32.89
61 186 28.02
61 187 85.0
61 188 99.73
61 189 108.75
61 190 69.86
61 191 25.24
61 192 62.64
61 193 80.11
61 194 50.6
61 195 45.34
61 196 32.02
61 197 53.41
61 198 127.56
61 199 29.21
61 200 31.38
61 201 37.58
62 0 40.31
62 1 57.43
62 2 32.76
62 3 33.94
62 4 36.8
62 5 84.34
62 6 133.06
62 7 98.98
62 8 81.61
62 9 53.6
62 10 111.33
62 11 106.37
62 12 49.52
62 13 112.2
62 14 77.88
62 15 86.98
62 16 73.11
62 17 79.4
62 18 46.32
62 19 50.01
62 20 70.94
62 21 119.42
62 22 74.67
62 23 38.42
62 24 109.93
62 25 49.04
62 26 99.5
62 27 125.1
62 28 25.0
62 29 68.68
62 30 68.88
62 31 86.47
62 32 113.0
62 33 12.65
62 34 26.93
62 35 34.83
62 36 13.34
62 37 56.86
62 38 87.01
62 39 29.43
62 40 126.82
62 41 36.12
62 42 68.68
62 43 59.01
62 44 107.3
62 45 75.39
62 46 89.55
62 47 37.64
62 48 93.94
62 49 36.14
62 50 105.48
62 51 52.7
62 52 7.07
62 53 51.35
62 54 43.66
62 55 62.65
62 56 32.76
62 57 83.36
62 58 82.15
62 59 59.68
62 60 68.88
62 61 54.23
62 63 29.07
62 64 93.56
62 65 45.01
62 66 90.43
62 67 52.2
62 68 112.38
62 69 65.86
62 70 50.49
62 71 91.92
62 72 34.23
62 73 68.66
62 74 15.23
62 75 64.03
62 76 47.13
62 77 50.22
62 78 65.8
62 79 83.6
62 80 40.72
62 81 35.81
62 82 27.66
62 83 70.18
62 84 106.02
62 85 75.96
62 86 64.33
62 87 43.83
62 88 66.91
62 89 73.0
62 90 96.42
62 91 86.59
62 92 51.62
62 93 104.39
62 94 23.85
62 95 96.83
62 96 56.86
62 97 39.12
62 98 79.61
62 99 52.5
62 100 44.6
62 101 93.52
62 102 71.06
62 103 62.97
62 104 29.97
62 105 93.78
62 106 31.58
62 107 86.56
62 108 41.79
62 109 51.62
62 110 47.8
62 111 25.0
62 112 85.8
62 113 43.46
62 114 109.55
62 115 48.01
62 116 35.51
62 117 34.79
62 118 54.08
62 119 71.31
62 120 39.56
62 121 89.63
62 122 86.31
62 123 100.96
62 124 83.93
62 125 60.21
62 126 81.22
62 127 110.63
62 128 95.02
62 129 56.22
62 130 113.09
62 131 13.89
62 132 86.05
62 133 79.1
62 134 34.01
62 135 62.8
62 136 111.66
62 137 30.89
62 138 80.45
62 139 65.15
62 140 61.35
62 141 107.12
62 142 92.76
62 143 67.47
62 144 21.84
62 145 78.24
62 146 114.69
62 147 72.69
62 148 47.17
62 149 26.83
62 150 82.61
62 151 72.62
62 152 59.03
62 153 60.08
62 154 62.13
62 155 69.35
62 156 92.59
62 157 96.02
62 158 8.0
62 159 121.75
62 160 75.54
62 161 100.32
62 162 22.36
62 163 45.0
62 164 48.27
62 165 38.95
62 166 94.01
62 167 97.42
62 168 53.24
62 169 59.08
62 170 66.07
62 171 50.45
62 172 47.85
62 173 87.97
62 174 69.01
62 175 40.71
62 176 80.53
62 177 48.6
62 178 95.29
62 179 11.66
62 180 65.92
62 181 63.06
62 182 51.2
62 183 59.23
62 184 76.32
62 185 87.09
62 186 69.3
62 187 117.2
62 188 45.79
62 189 82.2
62 190 18.68
62 191 79.16
62 192 10.44
62 193 125.4
62 194 95.48
62 195 84.48
62 196 72.18
62 197 104.2
62 198 114.63
62 199 27.17
62 200 79.65
62 201 40.31
63 0 42.05
63 1 86.4
63 2 6.32
63 3 5.39
63 4 8.54
63 5 73.93
63 6 135.09
63 7 97.62
63 8 74.81
63 9 79.71
63 10 87.3
63 11 86.15
63 12 20.81
63 13 113.85
63 14 52.95
63 15 114.24
63 16 56.92
63 17 61.61
63 18 51.08
63 19 74.73
63 20 42.44
63 21 116.18
63 22 70.04
63 23 47.3
63 24 104.2
63 25 27.46
63 26 86.16
63 27 127.61
63 28 39.62
63 29 95.85
63 30 40.5
63 31 108.46
63 32 114.48
63 33 25.08
63 34 13.42
63 35 46.0
63 36 18.36
63 37 85.09
63 38 90.14
63 39 52.89
63 40 128.69
63 41 49.25
63 42 88.0
63 43 83.43
63 44 115.87
63 45 71.42
63 46 62.97
63 47 58.55
63 48 109.04
63 49 63.51
63 50 91.76
63 51 81.61
63 52 34.13
63 53 42.52
63 54 19.42
63 55 63.25
63 56 55.32
63 57 73.06
63 58 68.54
63 59 88.48
63 60 79.06
63 61 72.03
63 62 29.07
63 64 73.17
63 65 69.38
63 66 70.26
63 67 57.78
63 68 110.32
63 69 75.27
63 70 34.44
63 71 108.19
63 72 60.54
63 73 48.51
63 74 16.76
63 75 75.0
63 76 40.22
63 77 71.45
63 78 60.14
63 79 65.12
63 80 42.95
63 81 64.82
63 82 4.47
63 83 43.08
63 84 90.25
63 85 52.24
63 86 56.22
63 87 20.1
63 88 92.97
63 89 58.31
63 90 83.01
63 91 65.01
63 92 70.0
63 93 79.31
63 94 32.06
63 95 99.86
63 96 60.83
63 97 52.01
63 98 53.85
63 99 49.04
63 100 20.4
63 101 108.85
63 102 81.27
63 103 89.2
63 104 7.81
63 105 69.23
63 106 15.81
63 107 91.07
63 108 38.01
63 109 22.8
63 110 18.87
63 111 29.43
63 112 96.46
63 113 21.59
63 114 109.88
63 115 61.66
63 116 58.46
63 117 61.59
63 118 79.12
63 119 88.36
63 120 67.08
63 121 61.77
63 122 93.94
63 123 78.23
63 124 79.31
63 125 81.3
63 126 61.52
63 127 118.51
63 128 99.32
63 129 81.61
63 130 88.29
63 131 36.06
63 132 109.18
63 133 62.64
63 134 34.21
63 135 33.84
63 136 104.86
63 137 59.03
63 138 82.66
63 139 92.61
63 140 89.0
63 141 89.63
63 142 72.11
63 143 88.14
63 144 28.07
63 145 88.26
63 146 121.71
63 147 98.37
63 148 38.21
63 149 31.06
63 150 70.66
63 151 69.31
63 152 82.76
63 153 38.12
63 154 50.25
63 155 97.62
63 156 90.52
63 157 80.65
63 158 24.6
63 159 125.92
63 160 100.96
63 161 82.2
63 162 48.55
63 163 34.06
63 164 43.28
63 165 10.77
63 166 78.45
63 167 109.77
63 168 54.71
63 169 44.28
63 170 37.74
63 171 45.34
63 172 76.32
63 173 76.48
63 174 55.04
63 175 69.34
63 176 55.32
63 177 50.92
63 178 109.14
63 179 40.31
63 180 42.11
63 181 56.64
63 182 29.12
63 183 51.74
63 184 89.5
63 185 103.82
63 186 77.08
63 187 112.93
63 188 46.24
63 189 54.2
63 190 14.56
63 191 94.37
63 192 20.0
63 193 129.03
63 194 101.21
63 195 109.64
63 196 78.72
63 197 113.85
63 198 89.29
63 199 51.55
63 200 89.54
63 201 42.05
64 0 64.14
64 1 140.43
64 2 75.8
64 3 68.36
64 4 65.49
64 5 33.24
64 6 100.72
64 7 66.27
64 8 43.32
64 9 122.07
64 10 23.85
64 11 13.0
64 12 58.52
64 13 84.02
64 14 25.81
64 15 154.67
64 16 23.02
64 17 15.81
64 18 67.62
64 19 114.62
64 20 47.8
64 21 73.35
64 22 48.3
64 23 74.33
64 24 58.86
64 25 46.0
64 26 27.89
64 27 96.13
64 28 112.02
64 29 138.6
64 30 47.43
64 31 132.28
64 32 84.01
64 33 96.13
64 34 67.36
64 35 119.1
64 36 89.09
64 37 134.11
64 38 73.68
64 39 98.41
64 40 95.34
64 41 80.99
64 42 110.54
64 43 120.1
64 44 102.84
64 45 50.09
64 46 30.41
64 47 96.8
64 48 114.49
64 49 113.6
64 50 29.97
64 51 135.51
64 52 94.11
64 53 47.01
64 54 80.65
64 55 59.82
64 56 98.11
64 57 33.53
64 58 24.17
64 59 140.55
64 60 84.88
64 61 97.62
64 62 93.56
64 63 73.17
64 65 110.11
64 66 3.16
64 67 69.31
64 68 72.25
64 69 81.61
64 70 43.17
64 71 116.85
64 72 108.71
64 73 25.08
64 74 78.77
64 75 84.81
64 76 109.64
64 77 104.48
64 78 46.23
64 79 11.4
64 80 64.66
64 81 122.0
64 82 71.01
64 83 39.12
64 84 23.6
64 85 23.26
64 86 41.73
64 87 53.08
64 88 132.28
64 89 25.5
64 90 26.31
64 91 8.94
64 92 97.74
64 93 24.33
64 94 105.04
64 95 78.64
64 96 66.53
64 97 125.06
64 98 28.32
64 99 53.41
64 100 80.96
64 101 114.95
64 102 85.98
64 103 129.81
64 104 79.63
64 105 18.68
64 106 87.13
64 107 77.49
64 108 109.24
64 109 58.19
64 110 66.41
64 111 72.11
64 112 95.27
64 113 52.0
64 114 78.01
64 115 85.04
64 116 100.5
64 117 128.1
64 118 118.6
64 119 105.42
64 120 116.76
64 121 39.82
64 122 86.54
64 123 12.08
64 124 50.0
64 125 110.34
64 126 12.37
64 127 102.96
64 128 81.49
64 129 121.4
64 130 28.18
64 131 89.81
64 132 136.12
64 133 18.38
64 134 106.92
64 135 63.29
64 136 56.52
64 137 123.23
64 138 68.15
64 139 137.06
64 140 134.79
64 141 19.21
64 142 1.41
64 143 113.9
64 144 74.63
64 145 89.07
64 146 103.1
64 147 135.37
64 148 49.66
64 149 104.24
64 150 28.79
64 151 51.48
64 152 117.8
64 153 35.06
64 154 36.62
64 155 145.06
64 156 60.83
64 157 19.42
64 158 85.7
64 159 99.02
64 160 136.62
64 161 12.04
64 162 115.92
64 163 49.98
64 164 53.0
64 165 63.64
64 166 18.11
64 167 108.08
64 168 61.55
64 169 35.85
64 170 48.02
64 171 51.87
64 172 127.94
64 173 30.41
64 174 29.21
64 175 123.0
64 176 25.5
64 177 122.98
64 178 111.4
64 179 104.56
64 180 32.02
64 181 45.28
64 182 87.46
64 183 44.69
64 184 97.1
64 185 114.91
64 186 78.77
64 187 68.45
64 188 118.07
64 189 41.23
64 190 87.01
64 191 104.85
64 192 89.27
64 193 100.02
64 194 86.13
64 195 142.84
64 196 76.66
64 197 104.12
64 198 31.78
64 199 99.28
64 200 89.47
64 201 64.14
65 0 46.23
65 1 34.06
65 2 74.73
65 3 72.73
65 4 74.67
65 5 87.32
65 6 109.79
65 7 85.09
65 8 79.81
65 9 12.04
65 10 132.44
65 11 121.08
65 12 86.41
65 13 91.68
65 14 104.06
65 15 46.62
65 16 87.09
65 17 94.3
65 18 42.94
65 19 5.39
65 20 105.31
65 21 105.48
65 22 71.57
65 23 35.81
65 24 101.08
65 25 76.61
65 26 104.06
65 27 101.84
65 28 63.57
65 29 29.0
65 30 103.08
65 31 41.77
65 32 92.65
65 33 57.22
65 34 60.01
65 35 72.62
65 36 58.03
65 37 25.0
65 38 68.47
65 39 16.49
65 40 104.36
65 41 29.21
65 42 27.66
65 43 14.14
65 44 77.03
65 45 71.06
65 46 117.69
65 47 13.45
65 48 55.87
65 49 14.14
65 50 109.73
65 51 30.02
65 52 38.0
65 53 63.41
65 54 87.13
65 55 56.04
65 56 14.32
65 57 86.38
65 58 90.34
65 59 32.56
65 60 43.74
65 61 20.62
65 62 45.01
65 63 69.38
65 64 110.11
65 66 107.07
65 67 43.32
65 68 97.51
65 69 43.19
65 70 71.45
65 71 52.5
65 72 12.08
65 73 89.2
65 74 52.63
65 75 39.32
65 76 91.24
65 77 10.77
65 78 67.23
65 79 98.74
65 80 45.61
65 81 27.2
65 82 66.1
65 83 101.26
65 84 113.46
65 85 100.42
65 86 69.77
65 87 75.29
65 88 24.19
65 89 84.91
65 90 101.59
65 91 106.04
65 92 18.25
65 93 128.14
65 94 66.49
65 95 76.49
65 96 47.8
65 97 74.24
65 98 107.06
65 99 56.94
65 100 88.12
65 101 55.17
65 102 45.12
65 103 20.81
65 104 72.99
65 105 117.46
65 106 76.16
65 107 65.92
65 108 85.51
65 109 88.64
65 110 87.6
65 111 44.42
65 112 55.46
65 113 73.25
65 114 91.41
65 115 27.66
65 116 11.18
65 117 48.08
65 118 9.85
65 119 33.42
65 120 13.89
65 121 120.8
65 122 60.73
65 123 120.6
65 124 78.26
65 125 17.8
65 126 98.6
65 127 81.01
65 128 73.01
65 129 12.53
65 130 135.59
65 131 33.54
65 132 41.05
65 133 92.11
65 134 77.47
65 135 101.95
65 136 104.24
65 137 41.04
65 138 65.01
65 139 27.02
65 140 24.7
65 141 117.2
65 142 109.86
65 143 24.7
65 144 43.83
65 145 50.6
65 146 85.88
65 147 29.15
65 148 61.62
65 149 70.21
65 150 88.24
65 151 68.15
65 152 14.04
65 153 85.04
65 154 73.5
65 155 34.99
65 156 81.02
65 157 104.28
65 158 45.54
65 159 96.38
65 160 31.62
65 161 112.29
65 162 47.01
65 163 62.94
65 164 57.2
65 165 76.32
65 166 102.88
65 167 62.8
65 168 50.16
65 169 75.29
65 170 100.34
65 171 58.25
65 172 22.09
65 173 91.76
65 174 80.99
65 175 21.93
65 176 106.89
65 177 89.2
65 178 58.8
65 179 40.52
65 180 92.2
65 181 66.64
65 182 95.52
65 183 65.86
65 184 43.83
65 185 47.51
65 186 48.17
65 187 105.12
65 188 87.64
65 189 114.28
65 190 63.13
65 191 42.8
65 192 55.04
65 193 100.46
65 194 71.17
65 195 40.26
65 196 52.15
65 197 72.72
65 198 138.19
65 199 18.11
65 200 51.87
65 201 46.23
66 0 61.06
66 1 137.31
66 2 72.99
66 3 65.49
66 4 62.65
66 5 31.58
66 6 100.13
66 7 65.07
66 8 41.48
66 9 119.04
66 10 26.4
66 11 16.03
66 12 55.97
66 13 83.01
66 14 24.08
66 15 151.74
66 16 20.0
66 17 12.81
66 18 64.66
66 19 111.61
66 20 46.1
66 21 73.01
66 22 46.1
66 23 71.28
66 24 58.46
66 25 43.01
66 26 27.86
66 27 95.34
66 28 109.0
66 29 135.6
66 30 45.61
66 31 129.63
66 32 83.02
66 33 93.09
66 34 64.28
66 35 116.16
66 36 86.05
66 37 131.03
66 38 71.84
66 39 95.29
66 40 94.64
66 41 77.94
66 42 107.81
66 43 117.15
66 44 101.2
66 45 47.93
66 46 30.08
66 47 93.74
66 48 112.26
66 49 110.48
66 50 30.53
66 51 132.38
66 52 90.96
66 53 43.91
66 54 78.11
66 55 57.2
66 56 95.02
66 57 31.78
66 58 22.14
66 59 137.44
66 60 82.38
66 61 94.76
66 62 90.43
66 63 70.26
66 64 3.16
66 65 107.07
66 67 66.47
66 68 71.57
66 69 79.06
66 70 40.02
66 71 114.53
66 72 105.59
66 73 22.02
66 74 75.66
66 75 82.2
66 76 107.0
66 77 101.53
66 78 43.6
66 79 8.49
66 80 61.59
66 81 118.85
66 82 68.03
66 83 37.2
66 84 24.76
66 85 21.1
66 86 38.95
66 87 50.16
66 88 129.32
66 89 22.63
66 90 25.96
66 91 7.07
66 92 94.85
66 93 25.96
66 94 102.08
66 95 77.1
66 96 63.78
66 97 122.1
66 98 26.91
66 99 50.45
66 100 78.43
66 101 112.7
66 102 83.53
66 103 126.82
66 104 76.79
66 105 19.1
66 106 84.34
66 107 75.58
66 108 106.51
66 109 55.71
66 110 63.91
66 111 68.95
66 112 93.11
66 113 49.01
66 114 77.03
66 115 82.13
66 116 97.42
66 117 124.95
66 118 115.6
66 119 102.8
66 120 113.65
66 121 39.4
66 122 84.5
66 123 14.42
66 124 48.27
66 125 107.49
66 126 9.22
66 127 101.43
66 128 79.83
66 129 118.41
66 130 30.53
66 131 86.65
66 132 133.42
66 133 15.62
66 134 104.09
66 135 61.29
66 136 56.32
66 137 120.07
66 138 66.13
66 139 134.03
66 140 131.75
66 141 21.1
66 142 2.83
66 143 111.13
66 144 71.47
66 145 86.77
66 146 101.71
66 147 132.46
66 148 46.52
66 149 101.32
66 150 26.93
66 151 49.19
66 152 114.87
66 153 32.14
66 154 33.6
66 155 142.0
66 156 59.41
66 157 19.31
66 158 82.57
66 159 98.01
66 160 133.73
66 161 13.6
66 162 112.79
66 163 46.82
66 164 49.93
66 165 60.83
66 166 17.72
66 167 106.04
66 168 58.69
66 169 32.7
66 170 46.04
66 171 48.83
66 172 124.82
66 173 29.07
66 174 26.25
66 175 119.87
66 176 24.08
66 177 120.22
66 178 109.25
66 179 101.41
66 180 29.41
66 181 42.52
66 182 85.09
66 183 41.77
66 184 94.67
66 185 112.51
66 186 76.32
66 187 68.15
66 188 115.32
66 189 40.22
66 190 84.02
66 191 102.4
66 192 86.21
66 193 99.13
66 194 84.4
66 195 140.01
66 196 74.3
66 197 102.36
66 198 34.0
66 199 96.15
66 200 87.21
66 201 61.06
67 0 15.81
67 1 76.69
67 2 64.08
67 3 57.87
67 4 57.97
67 5 44.01
67 6 80.92
67 7 47.54
67 8 36.67
67 9 54.63
67 10 92.7
67 11 79.2
67 12 65.28
67 13 60.0
67 14 69.35
67 15 85.6
67 16 46.75
67 17 53.76
67 18 6.71
67 19 47.01
67 20 77.93
67 21 68.35
67 22 28.44
67 23 13.89
67 24 60.83
67 25 48.17
67 26 60.75
67 27 73.0
67 28 77.2
67 29 70.33
67 30 75.8
67 31 64.14
67 32 60.8
67 33 62.97
67 34 44.38
67 35 87.01
67 36 58.8
67 37 68.31
67 38 34.83
67 39 37.05
67 40 74.65
67 41 18.44
67 42 41.88
67 43 51.31
67 44 58.14
67 45 28.16
67 46 83.19
67 47 31.4
67 48 54.04
67 49 51.16
67 50 66.41
67 51 72.18
67 52 47.51
67 53 26.57
67 54 76.9
67 55 13.04
67 56 35.01
67 57 43.08
67 58 47.71
67 59 75.69
67 60 22.09
67 61 28.32
67 62 52.2
67 63 57.78
67 64 69.31
67 65 43.32
67 66 66.47
67 68 60.93
67 69 18.11
67 70 38.83
67 71 54.45
67 72 46.1
67 73 52.35
67 74 46.4
67 75 19.1
67 76 94.4
67 77 35.85
67 78 24.19
67 79 57.98
67 80 14.87
67 81 63.03
67 82 53.31
67 83 71.06
67 84 70.26
67 85 64.85
67 86 27.66
67 87 51.09
67 88 63.51
67 89 43.84
67 90 58.31
67 91 66.84
67 92 28.6
67 93 90.0
67 94 75.01
67 95 44.69
67 96 5.1
67 97 91.26
67 98 73.01
67 99 17.0
67 100 77.83
67 101 54.08
67 102 24.19
67 103 61.4
67 104 64.85
67 105 79.88
67 106 71.69
67 107 34.66
67 108 90.27
67 109 67.19
67 110 70.21
67 111 30.0
67 112 39.05
67 113 48.04
67 114 57.45
67 115 16.12
67 116 36.22
67 117 77.62
67 118 50.54
67 119 38.08
67 120 53.46
67 121 88.6
67 122 36.24
67 123 80.66
67 124 36.0
67 125 41.04
67 126 58.9
67 127 60.9
67 128 43.14
67 129 53.24
67 130 96.43
67 131 39.82
67 132 67.42
67 133 50.93
67 134 83.55
67 135 81.1
67 136 63.39
67 137 70.83
67 138 28.3
67 139 69.32
67 140 67.62
67 141 74.3
67 142 69.3
67 143 44.82
67 144 32.65
67 145 30.81
67 146 64.35
67 147 66.22
67 148 27.46
67 149 77.08
67 150 45.18
67 151 25.18
67 152 48.83
67 153 52.2
67 154 33.6
67 155 77.88
67 156 41.76
67 157 61.29
67 158 46.01
67 159 70.04
67 160 67.36
67 161 69.89
67 162 69.46
67 163 31.14
67 164 20.62
67 165 58.46
67 166 60.03
67 167 52.77
67 168 7.81
67 169 38.01
67 170 73.55
67 171 20.25
67 172 64.13
67 173 48.47
67 174 40.36
67 175 61.2
67 176 72.01
67 177 99.7
67 178 53.08
67 179 57.7
67 180 59.14
67 181 24.21
67 182 86.73
67 183 24.84
67 184 34.06
67 185 50.99
67 186 19.31
67 187 66.76
67 188 96.21
67 189 83.52
67 190 61.4
67 191 40.61
67 192 56.59
67 193 73.54
67 194 44.2
67 195 73.55
67 196 21.1
67 197 56.08
67 198 99.49
67 199 39.2
67 200 32.02
67 201 15.81
68 0 72.4
68 1 131.24
68 2 115.97
68 3 108.25
68 4 106.96
68 5 42.72
68 6 28.64
68 7 13.42
68 8 36.89
68 9 106.02
68 10 92.27
68 11 72.34
68 12 108.47
68 13 14.42
68 14 91.09
68 15 127.12
68 16 64.08
68 17 65.8
68 18 66.19
68 19 99.13
68 20 110.17
68 21 8.0
68 22 40.31
68 23 74.73
68 24 14.56
68 25 88.81
68 26 45.01
68 27 24.02
68 28 137.2
68 29 117.52
68 30 108.75
68 31 94.24
68 32 13.89
68 33 122.04
68 34 97.74
68 35 146.81
68 36 116.83
68 37 121.04
68 38 29.07
68 39 96.57
68 40 23.09
68 41 79.12
68 42 79.76
68 43 99.08
68 44 41.04
68 45 38.9
68 46 101.0
68 47 89.05
68 48 65.3
68 49 108.85
68 50 45.54
68 51 127.48
68 52 108.23
68 53 67.9
68 54 126.91
68 55 49.74
68 56 93.86
68 57 43.08
68 58 52.5
68 59 129.06
68 60 54.04
68 61 77.16
68 62 112.38
68 63 110.32
68 64 72.25
68 65 97.51
68 66 71.57
68 67 60.93
68 69 54.33
68 70 78.41
68 71 69.78
68 72 104.14
68 73 76.56
68 74 103.81
68 75 58.22
68 76 150.15
68 77 87.21
68 78 50.21
68 79 66.71
68 80 71.87
68 81 121.81
68 82 106.1
68 83 100.85
68 84 53.6
68 85 86.33
68 86 54.67
68 87 95.43
68 88 109.55
68 89 60.42
68 90 46.04
68 91 77.28
68 92 79.31
68 93 96.02
68 94 133.96
68 95 22.56
68 96 55.95
68 97 151.45
68 98 94.92
68 99 61.85
68 100 127.66
68 101 66.19
68 102 53.0
68 103 109.22
68 104 118.11
68 105 90.67
68 106 125.94
68 107 32.02
68 108 146.99
68 109 109.55
68 110 115.8
68 111 88.2
68 112 49.04
68 113 92.46
68 114 9.22
68 115 71.81
68 116 94.15
68 117 138.19
68 118 101.0
68 119 71.85
68 120 110.32
68 121 109.88
68 122 39.81
68 123 83.01
68 124 31.24
68 125 86.09
68 126 71.31
68 127 38.95
68 128 26.93
68 129 103.0
68 130 97.25
68 131 100.65
68 132 99.93
68 133 61.98
68 134 141.21
68 135 120.93
68 136 18.38
68 137 131.24
68 138 33.24
68 139 118.21
68 140 118.04
68 141 60.67
68 142 73.33
68 143 84.72
68 144 91.27
68 145 49.37
68 146 36.62
68 147 109.33
68 148 72.12
68 149 135.43
68 150 47.76
68 151 41.11
68 152 96.08
68 153 84.6
68 154 62.43
68 155 127.25
68 156 20.0
68 157 53.04
68 158 105.48
68 159 28.16
68 160 108.85
68 161 63.03
68 162 130.39
68 163 76.38
68 164 67.36
68 165 106.4
68 166 54.15
68 167 54.71
68 168 59.17
68 169 69.89
68 170 107.79
68 171 65.19
68 172 119.6
68 173 43.42
68 174 61.29
68 175 118.53
68 176 92.44
68 177 158.0
68 178 60.42
68 179 118.6
68 180 88.14
68 181 53.76
68 182 136.36
68 183 58.73
68 184 58.86
68 185 70.94
68 186 49.37
68 187 9.43
68 188 154.01
68 189 108.81
68 190 118.23
68 191 65.0
68 192 115.11
68 193 28.28
68 194 31.02
68 195 110.86
68 196 45.4
68 197 44.82
68 198 101.24
68 199 99.04
68 200 48.51
68 201 72.4
69 0 33.73
69 1 77.03
69 2 81.6
69 3 75.69
69 4 75.93
69 5 51.74
69 6 68.96
69 7 42.0
69 8 42.2
69 9 52.15
69 10 105.44
69 11 89.87
69 12 83.38
69 13 49.4
69 14 85.38
69 15 77.82
69 16 60.42
69 17 66.89
69 18 24.52
69 19 45.01
69 20 95.52
69 21 62.29
69 22 34.71
69 23 28.65
69 24 58.55
69 25 66.03
69 26 67.42
69 27 60.9
69 28 90.51
69 29 65.25
69 30 93.43
69 31 50.93
69 32 50.33
69 33 77.62
69 34 61.98
69 35 100.41
69 36 74.33
69 37 67.07
69 38 25.32
69 39 43.83
69 40 63.06
69 41 29.73
69 42 30.23
69 43 46.1
69 44 41.62
69 45 33.42
69 46 99.02
69 47 35.47
69 48 36.22
69 49 54.82
69 50 72.4
69 51 73.17
69 52 60.11
69 53 43.57
69 54 94.56
69 55 21.95
69 56 40.72
69 57 50.99
69 58 58.14
69 59 75.03
69 60 4.0
69 61 23.02
69 62 65.86
69 63 75.27
69 64 81.61
69 65 43.19
69 66 79.06
69 67 18.11
69 68 54.33
69 70 56.32
69 71 37.11
69 72 50.29
69 73 68.01
69 74 62.65
69 75 4.12
69 76 110.45
69 77 33.0
69 78 35.51
69 79 70.72
69 80 32.76
69 81 68.01
69 82 70.84
69 83 88.28
69 84 77.8
69 85 80.65
69 86 40.71
69 87 69.18
69 88 57.57
69 89 56.94
69 90 65.6
69 91 80.62
69 92 25.02
69 93 103.94
69 94 89.5
69 95 33.84
69 96 17.26
69 97 104.06
69 98 89.19
69 99 33.54
69 100 95.51
69 101 36.35
69 102 6.08
69 103 56.52
69 104 82.08
69 105 94.37
69 106 88.57
69 107 23.09
69 108 105.95
69 109 85.29
69 110 88.28
69 111 46.52
69 112 21.19
69 113 66.12
69 114 48.51
69 115 18.87
69 116 40.5
69 117 85.87
69 118 47.27
69 119 24.04
69 120 56.09
69 121 105.08
69 122 20.52
69 123 93.48
69 124 38.47
69 125 33.53
69 126 72.56
69 127 44.82
69 128 30.87
69 129 49.5
69 130 109.55
69 131 52.33
69 132 55.23
69 133 63.51
69 134 98.81
69 135 99.18
69 136 61.98
69 137 78.72
69 138 22.2
69 139 65.31
69 140 64.63
69 141 82.98
69 142 81.84
69 143 34.48
69 144 48.76
69 145 13.0
69 146 48.84
69 147 58.69
69 148 45.1
69 149 92.01
69 150 54.45
69 151 31.14
69 152 43.17
69 153 69.23
69 154 48.47
69 155 74.33
69 156 38.47
69 157 70.09
69 158 60.8
69 159 56.61
69 160 59.03
69 161 79.91
69 162 79.88
69 163 49.01
69 164 38.12
69 165 76.49
69 166 69.31
69 167 34.71
69 168 24.19
69 169 54.12
69 170 91.27
69 171 37.34
69 172 65.28
69 173 56.08
69 174 54.12
69 175 64.33
69 176 87.92
69 177 114.34
69 178 35.01
69 179 69.03
69 180 75.93
69 181 37.12
69 182 104.36
69 183 39.56
69 184 16.49
69 185 34.18
69 186 5.0
69 187 62.01
69 188 111.21
69 189 100.44
69 190 77.52
69 191 23.77
69 192 71.85
69 193 60.46
69 194 30.23
69 195 63.51
69 196 9.0
69 197 38.95
69 198 112.9
69 199 46.53
69 200 14.32
69 201 33.73
70 0 26.42
70 1 99.02
70 2 39.12
70 3 31.06
70 4 29.21
70 5 39.66
70 6 104.96
70 7 66.57
70 8 41.77
70 9 83.45
70 10 62.65
70 11 55.9
70 12 30.41
70 13 84.12
70 14 32.65
70 15 117.8
70 16 23.19
70 17 29.02
70 18 33.84
70 19 76.49
70 20 39.2
70 21 83.55
70 22 38.59
70 23 36.89
70 24 70.77
70 25 10.77
70 26 51.87
70 27 98.01
70 28 70.46
70 29 100.45
70 30 37.12
70 31 101.64
70 32 84.6
70 33 54.23
70 34 25.18
70 35 78.45
70 36 47.38
70 37 93.86
70 38 62.94
70 39 57.63
70 40 98.62
70 41 42.8
70 42 79.31
70 43 83.41
70 44 91.78
70 45 40.31
70 46 46.4
70 47 58.05
70 48 92.54
70 49 72.42
70 50 57.57
70 51 94.03
70 52 50.96
70 53 13.04
70 54 48.8
70 55 37.34
70 56 58.05
70 57 38.83
70 58 34.18
70 59 99.62
70 60 60.3
70 61 63.95
70 62 50.49
70 63 34.44
70 64 43.17
70 65 71.45
70 66 40.02
70 67 38.83
70 68 78.41
70 69 56.32
70 71 93.21
70 72 67.8
70 73 18.79
70 74 36.01
70 75 57.87
70 76 74.43
70 77 68.24
70 78 29.07
70 79 33.14
70 80 27.29
70 81 79.61
70 82 31.02
70 83 32.28
70 84 56.72
70 85 29.0
70 86 23.85
70 87 17.03
70 88 95.13
70 89 24.04
70 90 48.7
70 91 36.77
70 92 63.13
70 93 57.2
70 94 64.33
70 95 71.87
70 96 39.12
70 97 84.17
70 98 35.81
70 99 23.0
70 100 49.5
70 101 92.66
70 102 62.2
70 103 92.1
70 104 42.06
70 105 46.4
70 106 50.12
70 107 65.0
70 108 72.45
70 109 31.78
70 110 37.44
70 111 29.53
70 112 76.01
70 113 14.14
70 114 79.4
70 115 50.99
70 116 60.83
70 117 84.93
70 118 80.81
70 119 76.54
70 120 75.8
70 121 50.54
70 122 70.58
70 123 51.48
70 124 47.2
70 125 76.16
70 126 30.81
70 127 93.62
70 128 72.42
70 129 83.63
70 130 65.19
70 131 47.01
70 132 104.2
70 133 29.15
70 134 68.35
70 135 44.64
70 136 71.06
70 137 80.08
70 138 55.36
70 139 98.29
70 140 95.52
70 141 57.04
70 142 42.45
70 143 81.39
70 144 31.78
70 145 68.01
70 146 95.88
70 147 99.2
70 148 11.4
70 149 64.29
70 150 36.24
70 151 38.91
70 152 81.61
70 153 13.89
70 154 16.28
70 155 105.55
70 156 59.36
70 157 46.87
70 158 42.58
70 159 97.58
70 160 101.02
70 161 50.01
70 162 72.84
70 163 8.6
70 164 18.25
70 165 28.32
70 166 44.72
70 167 90.01
70 168 32.14
70 169 9.85
70 170 35.01
70 171 19.03
70 172 86.84
70 173 42.06
70 174 20.62
70 175 81.3
70 176 35.47
70 177 85.23
70 178 91.14
70 179 61.39
70 180 21.1
70 181 25.5
70 182 58.05
70 183 20.62
70 184 72.69
70 185 89.82
70 186 56.01
70 187 79.91
70 188 80.62
70 189 44.94
70 190 46.32
70 191 79.43
70 192 47.1
70 193 100.18
70 194 75.43
70 195 108.45
70 196 56.08
70 197 90.93
70 198 67.42
70 199 58.01
70 200 69.0
70 201 26.42
71 0 69.03
71 1 77.9
71 2 114.42
71 3 109.55
71 4 110.29
71 5 84.88
71 6 69.03
71 7 62.43
71 8 74.63
71 9 53.6
71 10 140.66
71 11 123.71
71 12 119.0
71 13 57.87
71 14 122.41
71 15 61.03
71 16 96.77
71 17 102.88
71 18 60.13
71 19 50.21
71 20 132.37
71 21 77.08
71 22 68.6
71 23 61.2
71 24 80.16
71 25 102.59
71 26 98.6
71 27 62.29
71 28 114.13
71 29 57.25
71 30 130.25
71 31 26.02
71 32 58.82
71 33 104.55
71 34 95.52
71 35 123.66
71 36 103.09
71 37 66.73
71 38 46.69
71 39 63.53
71 40 65.38
71 41 59.03
71 42 24.84
71 43 44.41
71 44 33.06
71 45 66.89
71 46 135.98
71 47 54.56
71 48 5.0
71 49 66.6
71 50 102.59
71 51 76.01
71 52 85.09
71 53 80.6
71 54 127.58
71 55 58.52
71 56 59.94
71 57 84.31
71 58 92.78
71 59 74.24
71 60 33.24
71 61 37.7
71 62 91.92
71 63 108.19
71 64 116.85
71 65 52.5
71 66 114.53
71 67 54.45
71 68 69.78
71 69 37.11
71 70 93.21
71 72 64.2
71 73 105.0
71 74 93.39
71 75 35.36
71 76 138.93
71 77 43.27
71 78 71.69
71 79 106.44
71 80 68.03
71 81 79.2
71 82 103.95
71 83 125.32
71 84 109.22
71 85 117.64
71 86 77.25
71 87 105.08
71 88 49.77
71 89 93.11
71 90 97.45
71 91 116.78
71 92 40.31
71 93 139.99
71 94 115.45
71 95 48.02
71 96 54.34
71 97 125.94
71 98 126.24
71 99 70.61
71 100 128.57
71 101 4.0
71 102 31.62
71 103 51.43
71 104 114.14
71 105 130.78
71 106 119.57
71 107 42.45
71 108 133.7
71 109 121.02
71 110 123.15
71 111 78.77
71 112 22.63
71 113 102.12
71 114 60.93
71 115 46.53
71 116 57.8
71 117 100.5
71 118 49.04
71 119 20.62
71 120 65.76
71 121 142.17
71 122 32.56
71 123 128.89
71 124 69.03
71 125 34.71
71 126 108.75
71 127 37.01
71 128 43.57
71 129 49.41
71 130 145.01
71 131 78.19
71 132 32.02
71 133 99.28
71 134 125.92
71 135 135.03
71 136 84.31
71 137 93.51
71 138 49.82
71 139 59.62
71 140 61.27
71 141 115.26
71 142 117.24
71 143 28.32
71 144 80.23
71 145 27.78
71 146 42.0
71 147 46.84
71 148 81.88
71 149 118.7
71 150 88.51
71 151 65.37
71 152 42.01
71 153 106.3
71 154 85.38
71 155 67.68
71 156 63.03
71 157 103.0
71 158 89.19
71 159 55.08
71 160 45.12
71 161 113.46
71 162 99.05
71 163 85.59
71 164 74.97
71 165 111.16
71 166 102.65
71 167 16.12
71 168 61.19
71 169 91.21
71 170 128.0
71 171 74.33
71 172 70.0
71 173 88.81
71 174 90.62
71 175 72.92
71 176 124.92
71 177 139.54
71 178 10.05
71 179 90.92
71 180 113.03
71 181 73.74
71 182 137.12
71 183 76.54
71 184 20.62
71 185 5.0
71 186 38.63
71 187 79.16
71 188 137.32
71 189 137.54
71 190 107.28
71 191 14.0
71 192 100.24
71 193 59.03
71 194 38.95
71 195 44.01
71 196 40.25
71 197 28.07
71 198 148.53
71 199 66.24
71 200 27.46
71 201 69.03
72 0 44.78
72 1 31.78
72 2 65.46
72 3 64.4
72 4 66.65
72 5 89.05
72 6 118.6
72 7 91.24
72 8 82.61
72 9 19.42
72 10 130.08
72 11 120.34
72 12 78.89
72 13 99.62
72 14 99.9
72 15 53.71
72 16 85.87
72 17 93.02
72 18 43.93
72 19 16.28
72 20 98.81
72 21 111.99
72 22 74.43
72 23 35.44
72 24 106.23
72 25 71.42
72 26 105.76
72 27 110.57
72 28 51.55
72 29 35.34
72 30 96.61
72 31 53.6
72 32 100.57
72 33 46.0
72 34 52.7
72 35 60.54
72 36 47.52
72 37 26.17
72 38 75.43
72 39 10.3
72 40 112.92
72 41 28.86
72 42 39.41
72 43 25.18
72 44 87.09
72 45 74.24
72 46 113.17
72 47 15.13
72 48 67.36
72 49 5.1
72 50 111.61
72 51 26.93
72 52 27.46
72 53 61.72
72 54 77.37
72 55 59.14
72 56 11.18
72 57 88.07
72 58 90.76
72 59 31.91
72 60 51.62
72 61 29.68
72 62 34.23
72 63 60.54
72 64 108.71
72 65 12.08
72 66 105.59
72 67 46.1
72 68 104.14
72 69 50.29
72 70 67.8
72 71 64.2
72 73 86.27
72 74 43.86
72 75 46.82
72 76 79.63
72 77 21.21
72 78 68.66
72 79 97.49
72 80 44.38
72 81 17.72
72 82 57.7
72 83 95.67
72 84 114.56
72 85 96.67
72 86 70.21
72 87 69.03
72 88 32.76
72 89 84.17
72 90 103.08
72 91 103.77
72 92 26.93
72 93 125.0
72 94 54.74
72 95 84.12
72 96 51.04
72 97 62.18
72 98 102.59
72 99 56.92
72 100 78.34
72 101 66.71
72 102 53.31
72 103 28.86
72 104 63.32
72 105 114.2
72 106 65.76
72 107 73.38
72 108 73.82
72 109 81.12
72 110 79.2
72 111 38.9
72 112 65.19
72 113 67.36
72 114 98.76
72 115 32.39
72 116 10.05
72 117 37.01
72 118 20.02
72 119 44.55
72 120 8.06
72 121 115.43
72 122 69.35
72 123 118.51
72 124 82.05
72 125 29.68
72 126 96.75
72 127 90.97
72 128 80.99
72 129 22.02
72 130 132.88
72 131 24.6
72 132 52.47
72 133 91.29
72 134 65.76
72 135 93.91
72 136 109.07
72 137 29.83
72 138 71.02
72 139 32.25
72 140 28.84
72 141 117.65
72 142 108.3
72 143 36.72
72 144 37.54
72 145 59.48
72 146 95.72
72 147 38.47
72 148 59.17
72 149 58.55
72 150 89.29
72 151 71.25
72 152 25.71
72 153 80.81
72 154 72.5
72 155 38.29
72 156 86.47
72 157 105.0
72 158 36.06
72 159 105.55
72 160 41.3
72 161 112.16
72 162 34.99
72 163 59.64
72 164 55.95
72 165 68.48
72 166 103.41
72 167 73.66
72 168 51.79
72 169 73.06
72 170 93.81
72 171 57.38
72 172 19.24
72 173 93.39
72 174 80.11
72 175 15.13
72 176 102.73
72 177 77.16
72 178 70.01
72 179 28.64
72 180 87.78
72 181 67.45
72 182 85.33
72 183 65.79
72 184 53.82
72 185 59.2
72 186 55.08
72 187 111.16
72 188 75.69
72 189 108.58
72 190 52.77
72 191 53.76
72 192 44.55
72 193 109.57
72 194 79.71
72 195 50.25
72 196 58.94
72 197 83.01
72 198 135.21
72 199 9.9
72 200 60.83
72 201 44.78
73 0 43.14
73 1 117.66
73 2 51.66
73 3 43.93
73 4 41.23
73 5 34.0
73 6 104.75
73 7 66.76
73 8 40.52
73 9 101.24
73 10 43.91
73 11 38.05
73 12 36.36
73 13 85.16
73 14 17.46
73 15 135.1
73 16 12.53
73 17 13.89
73 18 48.83
73 19 94.07
73 20 33.62
73 21 80.13
73 22 41.11
73 23 53.76
73 24 66.04
73 25 21.1
73 26 40.61
73 27 98.67
73 28 87.0
73 29 118.14
73 30 32.2
73 31 116.47
73 32 85.44
73 33 71.06
73 34 42.3
73 35 94.26
73 36 64.03
73 37 112.2
73 38 68.03
73 39 76.03
73 40 98.68
73 41 60.11
73 42 94.15
73 43 100.5
73 44 98.01
73 45 43.1
73 46 31.02
73 47 75.74
73 48 103.58
73 49 90.97
73 50 45.49
73 51 112.68
73 52 69.57
73 53 26.4
73 54 58.14
73 55 46.57
73 56 76.22
73 57 33.54
73 58 25.0
73 59 118.15
73 60 71.78
73 61 79.63
73 62 68.66
73 63 48.51
73 64 25.08
73 65 89.2
73 66 22.02
73 67 52.35
73 68 76.56
73 69 68.01
73 70 18.79
73 71 105.0
73 72 86.27
73 74 53.76
73 75 70.38
73 76 86.38
73 77 85.04
73 78 34.23
73 79 16.76
73 80 43.86
73 81 98.39
73 82 46.1
73 83 24.35
73 84 42.54
73 85 12.65
73 86 28.28
73 87 28.44
73 88 112.45
73 89 16.16
73 90 37.64
73 91 18.03
73 92 79.2
73 93 38.95
73 94 80.16
73 95 75.54
73 96 51.08
73 97 100.18
73 98 21.38
73 99 35.36
73 100 58.59
73 101 103.85
73 102 73.38
73 103 109.6
73 104 55.32
73 105 28.28
73 106 63.06
73 107 71.01
73 108 85.44
73 109 36.62
73 110 44.42
73 111 48.3
73 112 85.51
73 113 27.07
73 114 79.7
73 115 66.61
73 116 78.87
73 117 103.32
73 118 98.29
73 119 90.34
73 120 94.3
73 121 37.48
73 122 78.41
73 123 32.7
73 124 47.3
73 125 92.2
73 126 13.04
73 127 99.13
73 128 77.16
73 129 101.12
73 130 46.62
73 131 65.8
73 132 119.57
73 133 16.28
73 134 82.57
73 135 45.45
73 136 65.22
73 137 98.67
73 138 61.01
73 139 116.18
73 140 113.57
73 141 41.23
73 142 24.19
73 143 96.8
73 144 50.57
73 145 78.1
73 146 100.5
73 147 116.18
73 148 27.59
73 149 79.51
73 150 29.15
73 151 43.0
73 152 98.49
73 153 10.77
73 154 19.65
73 155 123.69
73 156 59.91
73 157 33.62
73 158 60.88
73 159 99.69
73 160 117.8
73 161 33.73
73 162 91.01
73 163 26.63
73 164 32.8
73 165 39.56
73 166 31.38
73 167 99.3
73 168 44.72
73 169 14.42
73 170 31.38
73 171 32.45
73 172 105.39
73 173 34.41
73 174 16.12
73 175 99.98
73 176 19.92
73 177 98.95
73 178 101.41
73 179 79.81
73 180 11.66
73 181 31.58
73 182 66.04
73 183 28.46
73 184 84.43
73 185 102.18
73 186 66.48
73 187 75.8
73 188 94.11
73 189 34.01
73 190 62.07
73 191 91.76
73 192 64.2
73 193 101.65
73 194 81.02
73 195 124.81
73 196 65.51
73 197 98.08
73 198 49.04
73 199 76.55
73 200 78.85
73 201 43.14
74 0 31.83
74 1 70.84
74 2 22.2
74 3 20.59
74 4 23.02
74 5 72.12
74 6 126.57
74 7 90.6
74 8 70.68
74 9 62.97
74 10 96.14
74 11 91.66
74 12 35.61
74 13 105.38
74 14 62.65
74 15 97.58
74 16 59.03
74 17 65.03
74 18 39.82
74 19 57.97
74 20 56.57
74 21 110.39
74 22 64.5
74 23 34.0
74 24 99.76
74 25 33.84
74 26 86.49
74 27 118.8
74 28 35.17
74 29 79.2
74 30 54.45
74 31 92.14
74 32 106.1
74 33 18.97
74 34 11.7
74 35 44.01
74 36 13.04
74 37 68.8
74 38 80.66
74 39 36.14
74 40 120.22
74 41 34.48
74 42 72.17
74 43 66.71
74 44 104.1
74 45 65.51
74 46 74.43
74 47 42.11
74 48 94.64
74 49 47.01
74 50 92.4
74 51 65.95
74 52 18.38
74 53 38.9
74 54 35.01
74 55 54.56
74 56 38.64
74 57 71.17
74 58 68.88
74 59 72.62
74 60 66.19
74 61 56.44
74 62 15.23
74 63 16.76
74 64 78.77
74 65 52.63
74 66 75.66
74 67 46.4
74 68 103.81
74 69 62.65
74 70 36.01
74 71 93.39
74 72 43.86
74 73 53.76
74 75 61.74
74 76 48.01
74 77 55.08
74 78 55.01
74 79 69.12
74 80 32.53
74 81 49.5
74 82 13.89
74 83 55.22
74 84 92.35
74 85 60.75
74 86 52.55
74 87 28.65
74 88 76.22
74 89 59.3
74 90 83.36
74 91 71.59
74 92 54.23
74 93 89.16
74 94 30.41
74 95 90.55
74 96 50.33
74 97 49.34
74 98 64.41
74 99 42.19
74 100 36.01
74 101 94.37
74 102 68.43
74 103 72.45
74 104 21.02
74 105 78.55
74 106 26.25
74 107 80.92
74 108 43.93
74 109 37.8
74 110 35.34
74 111 16.4
74 112 83.63
74 113 28.23
74 114 102.07
74 115 47.13
74 116 41.77
74 117 49.98
74 118 62.36
74 119 73.16
74 120 50.61
74 121 74.81
74 122 82.38
74 123 85.87
74 124 73.93
74 125 65.03
74 126 66.48
74 127 107.07
74 128 89.38
74 129 64.85
74 130 97.86
74 131 19.31
74 132 92.66
74 133 65.03
74 134 37.54
74 135 50.12
74 136 101.08
74 137 46.07
74 138 73.54
74 139 76.03
74 140 72.47
74 141 93.01
74 142 77.93
74 143 72.0
74 144 13.89
74 145 75.59
74 146 110.68
74 147 81.61
74 148 34.48
74 149 31.62
74 150 69.86
74 151 62.97
74 152 66.1
74 153 44.92
74 154 49.03
74 155 81.3
74 156 83.82
74 157 82.39
74 158 8.49
74 159 116.28
74 160 84.2
74 161 86.02
74 162 37.36
74 163 31.58
74 164 37.12
74 165 25.0
74 166 80.31
74 167 96.38
74 168 45.28
74 169 45.1
74 170 51.62
74 171 39.36
74 172 60.22
74 173 75.43
74 174 55.44
74 175 53.41
74 176 65.31
74 177 54.2
74 178 95.19
74 179 26.83
74 180 50.7
74 181 51.89
74 182 44.1
74 183 47.54
74 184 75.61
74 185 88.84
74 186 65.19
74 187 107.7
74 188 50.33
74 189 67.48
74 190 15.0
74 191 79.81
74 192 11.7
74 193 119.67
74 194 90.6
74 195 92.89
74 196 67.42
74 197 101.6
74 198 99.4
74 199 34.79
74 200 76.94
74 201 31.83
75 0 34.13
75 1 73.06
75 2 81.32
75 3 75.71
75 4 76.12
75 5 55.44
75 6 72.01
75 7 46.01
75 8 46.04
75 9 48.09
75 10 108.6
75 11 93.35
75 12 84.1
75 13 52.81
75 14 87.66
75 15 73.79
75 16 63.29
75 17 69.89
75 18 25.02
75 19 41.0
75 20 97.02
75 21 66.19
75 22 38.42
75 23 27.86
75 24 62.65
75 25 67.27
75 26 71.28
75 27 63.95
75 28 88.46
75 29 61.13
75 30 94.89
75 31 47.51
75 32 53.76
75 33 76.03
75 34 61.85
75 35 98.35
75 36 73.06
75 37 63.03
75 38 29.15
75 39 40.82
75 40 66.21
75 41 28.02
75 42 26.4
75 43 41.98
75 44 43.28
75 45 37.2
75 46 101.39
75 47 32.2
75 48 35.0
75 49 51.24
75 50 76.32
75 51 69.26
75 52 58.05
75 53 45.35
75 54 94.37
75 55 25.0
75 56 37.59
75 57 54.67
75 58 61.55
75 59 71.01
75 60 5.0
75 61 19.0
75 62 64.03
75 63 75.0
75 64 84.81
75 65 39.32
75 66 82.2
75 67 19.1
75 68 58.22
75 69 4.12
75 70 57.87
75 71 35.36
75 72 46.82
75 73 70.38
75 74 61.74
75 76 109.27
75 77 29.02
75 78 38.6
75 79 73.82
75 80 33.14
75 81 64.51
75 82 70.6
75 83 90.03
75 84 81.61
75 85 83.01
75 86 43.57
75 87 70.01
75 88 53.45
75 89 59.91
75 90 69.4
75 91 83.53
75 92 21.1
75 93 106.85
75 94 87.8
75 95 37.36
75 96 19.31
75 97 101.83
75 98 91.42
75 99 35.44
75 100 95.34
75 101 35.01
75 102 7.07
75 103 52.39
75 104 81.6
75 105 97.13
75 106 87.85
75 107 26.68
75 108 104.62
75 109 86.05
75 110 88.68
75 111 45.88
75 112 21.95
75 113 67.0
75 114 52.17
75 115 16.28
75 116 37.16
75 117 82.76
75 118 43.19
75 119 20.62
75 120 52.39
75 121 107.21
75 122 23.02
75 123 96.61
75 124 42.49
75 125 29.41
75 126 75.47
75 127 46.69
75 128 34.18
75 129 45.4
75 130 112.65
75 131 50.33
75 132 51.62
75 133 66.61
75 134 97.35
75 135 100.02
75 136 66.1
75 137 75.59
75 138 26.31
75 139 61.19
75 140 60.53
75 141 86.68
75 142 85.0
75 143 30.53
75 144 47.93
75 145 14.21
75 146 50.93
75 147 54.63
75 148 46.53
75 149 90.44
75 150 58.0
75 151 34.83
75 152 39.05
75 153 71.06
75 154 50.99
75 155 70.21
75 156 42.58
75 157 73.76
75 158 59.36
75 159 59.36
75 160 55.01
75 161 83.45
75 162 77.2
75 163 50.25
75 164 39.62
75 165 76.79
75 166 72.92
75 167 34.79
75 168 25.96
75 169 56.3
75 170 92.66
75 171 39.05
75 172 61.4
75 173 59.82
75 174 56.94
75 175 60.64
75 176 90.25
75 177 112.61
75 178 34.37
75 179 66.6
75 180 77.88
75 181 39.96
75 182 104.12
75 183 42.05
75 184 15.0
75 185 32.02
75 186 9.06
75 187 66.0
75 188 109.62
75 189 102.36
75 190 76.48
75 191 21.59
75 192 70.49
75 193 63.29
75 194 33.12
75 195 59.64
75 196 13.04
75 197 40.22
75 198 115.94
75 199 43.57
75 200 15.62
75 201 34.13
76 0 79.51
76 1 93.94
76 2 35.36
76 3 43.42
76 4 45.62
76 5 114.06
76 6 174.09
76 7 137.24
76 8 115.0
76 9 98.18
76 10 119.27
76 11 122.25
76 12 51.2
76 13 152.84
76 14 85.99
76 15 128.56
76 16 96.18
76 17 100.09
76 18 87.8
76 19 95.89
76 20 68.01
76 21 156.2
76 22 109.99
76 23 81.84
76 24 144.4
76 25 66.21
76 26 125.67
76 27 166.42
76 28 30.59
76 29 111.11
76 30 67.01
76 31 133.0
76 32 153.52
76 33 34.48
76 34 52.4
76 35 26.42
76 36 36.24
76 37 97.42
76 38 128.43
76 39 76.4
76 40 167.71
76 41 81.41
76 42 115.8
76 43 104.81
76 44 152.01
76 45 111.29
76 46 92.01
76 47 84.77
76 48 140.77
76 49 80.16
76 50 131.1
76 51 90.26
76 52 54.12
76 53 82.62
76 54 29.27
76 55 101.91
76 56 79.81
76 57 113.21
76 58 108.24
76 59 97.49
76 60 113.88
76 61 101.24
76 62 47.13
76 63 40.22
76 64 109.64
76 65 91.24
76 66 107.0
76 67 94.4
76 68 150.15
76 69 110.45
76 70 74.43
76 71 138.93
76 72 79.63
76 73 86.38
76 74 48.01
76 75 109.27
76 77 97.27
76 78 100.12
76 79 103.12
76 80 80.28
76 81 74.33
76 82 44.2
76 83 73.33
76 84 128.88
76 85 86.88
76 86 96.4
76 87 58.6
76 88 111.04
76 89 97.95
76 90 122.54
76 91 100.9
76 92 98.68
76 93 110.07
76 94 25.02
76 95 138.29
76 96 98.23
76 97 30.61
76 98 85.48
76 99 88.41
76 100 29.15
76 101 140.39
76 102 116.11
76 103 107.04
76 104 32.45
76 105 101.49
76 106 24.41
76 107 128.84
76 108 6.08
76 109 51.79
76 110 43.57
76 111 64.4
76 112 131.23
76 113 60.83
76 114 149.2
76 115 93.91
76 116 82.46
76 117 59.14
76 118 99.61
76 119 118.33
76 120 83.05
76 121 87.28
76 122 130.36
76 123 112.29
76 124 119.33
76 125 107.2
76 126 98.98
76 127 155.04
76 128 137.28
76 129 101.4
76 130 119.04
76 131 60.75
76 132 132.1
76 133 101.64
76 134 14.0
76 135 52.24
76 136 145.09
76 137 61.39
76 138 121.17
76 139 107.17
76 140 103.17
76 141 127.44
76 142 108.42
76 143 114.48
76 144 61.85
76 145 123.31
76 146 158.69
76 147 117.07
76 148 78.24
76 149 21.1
76 150 110.64
76 151 109.04
76 152 105.22
76 153 75.61
76 154 90.43
76 155 109.04
76 156 130.23
76 157 119.62
76 158 50.09
76 159 164.15
76 160 120.1
76 161 119.85
76 162 49.65
76 163 74.2
76 164 82.81
76 165 47.01
76 166 117.39
76 167 143.56
76 168 92.85
76 169 84.22
76 170 65.07
76 171 84.96
76 172 88.28
76 173 116.47
76 174 94.89
76 175 81.15
76 176 87.69
76 177 16.16
76 178 141.85
76 179 51.16
76 180 77.62
76 181 96.67
76 182 25.5
76 183 91.83
76 184 122.54
76 185 134.13
76 186 113.16
76 187 153.05
76 188 11.66
76 189 80.1
76 190 33.02
76 191 125.92
76 192 38.91
76 193 167.48
76 194 138.6
76 195 129.1
76 196 115.43
76 197 149.38
76 198 119.0
76 199 73.98
76 200 124.68
76 201 79.51
77 0 42.01
77 1 44.05
77 2 77.23
77 3 74.15
77 4 75.71
77 5 79.62
77 6 99.02
77 7 75.0
77 8 71.51
77 9 19.42
77 10 127.4
77 11 114.86
77 12 86.68
77 13 81.02
77 14 100.8
77 15 50.25
77 16 81.57
77 17 88.73
77 18 36.88
77 19 12.04
77 20 104.28
77 21 95.19
77 22 63.32
77 23 31.4
77 24 91.35
77 25 74.71
77 26 96.25
77 27 91.08
77 28 71.11
77 29 34.48
77 30 102.04
77 31 37.05
77 32 82.0
77 33 62.82
77 34 60.64
77 35 80.53
77 36 62.51
77 37 34.13
77 38 58.14
77 39 20.88
77 40 93.61
77 41 25.55
77 42 18.79
77 43 15.62
77 44 66.37
77 45 62.63
77 46 114.62
77 47 13.0
77 48 46.23
77 49 24.41
77 50 101.77
77 51 40.31
77 52 43.17
77 53 58.73
77 54 90.09
77 55 47.93
77 56 17.46
77 57 78.72
77 58 83.53
77 59 42.05
77 60 33.24
77 61 10.05
77 62 50.22
77 63 71.45
77 64 104.48
77 65 10.77
77 66 101.53
77 67 35.85
77 68 87.21
77 69 33.0
77 70 68.24
77 71 43.27
77 72 21.21
77 73 85.04
77 74 55.08
77 75 29.02
77 76 97.27
77 78 60.03
77 79 93.09
77 80 41.23
77 81 37.74
77 82 67.74
77 83 99.36
77 84 105.99
77 85 96.83
77 86 63.25
77 87 74.46
77 88 27.8
77 89 79.03
77 90 93.94
77 91 101.14
77 92 8.06
77 93 123.79
77 94 73.05
77 95 65.92
77 96 39.81
77 97 82.68
77 98 104.04
77 99 51.09
77 100 91.09
77 101 45.61
77 102 34.53
77 103 25.55
77 104 76.03
77 105 113.28
77 106 80.16
77 107 55.44
77 108 91.76
77 109 88.89
77 110 88.84
77 111 43.97
77 112 44.72
77 113 72.09
77 114 80.89
77 115 19.72
77 116 14.87
77 117 58.14
77 118 14.87
77 119 23.35
77 120 24.6
77 121 118.51
77 122 50.0
77 123 115.43
77 124 69.38
77 125 10.05
77 126 93.43
77 127 70.33
77 128 62.37
77 129 17.46
77 130 130.83
77 131 37.22
77 132 37.85
77 133 86.21
77 134 83.82
77 135 102.62
77 136 94.64
77 137 50.99
77 138 55.08
77 139 33.62
77 140 32.28
77 141 110.15
77 142 104.35
77 143 17.26
77 144 44.15
77 145 39.85
77 146 75.18
77 147 31.14
77 148 57.63
77 149 76.54
77 150 81.01
77 151 59.81
77 152 13.45
77 153 82.1
77 154 68.01
77 155 42.38
77 156 71.25
77 157 97.13
77 158 49.09
77 159 85.62
77 160 32.8
77 161 105.69
77 162 55.8
77 163 59.64
77 164 52.35
77 165 77.13
77 166 95.88
77 167 52.5
77 168 43.27
77 169 70.77
77 170 99.4
77 171 53.04
77 172 32.56
77 173 84.1
77 174 75.29
77 175 32.7
77 176 103.6
77 177 96.66
77 178 48.8
77 179 47.85
77 180 89.31
77 181 59.91
77 182 99.0
77 183 59.82
77 184 33.12
77 185 38.28
77 186 38.0
77 187 95.01
77 188 94.7
77 189 112.38
77 190 67.27
77 191 32.56
77 192 59.54
77 193 89.69
77 194 60.44
77 195 40.31
77 196 42.0
77 197 62.13
77 198 133.65
77 199 23.41
77 200 41.11
77 201 42.01
78 0 26.17
78 1 100.0
78 2 65.76
78 3 58.05
78 4 56.85
78 5 20.4
78 6 76.01
78 7 37.8
78 8 15.81
78 9 78.72
78 10 70.0
78 11 55.32
78 12 59.48
78 13 55.07
78 14 51.62
78 15 109.62
78 16 25.08
78 17 31.38
78 18 24.74
78 19 71.11
78 20 65.62
78 21 56.08
78 22 9.9
78 23 33.38
78 24 44.78
78 25 39.81
78 26 37.11
78 27 68.96
78 28 89.69
78 29 94.51
78 30 63.79
78 31 86.05
78 32 55.57
78 33 73.82
78 34 47.8
78 35 98.9
78 36 68.0
78 37 92.11
78 38 34.53
78 39 58.86
78 40 69.64
78 41 39.81
78 42 64.38
78 43 75.47
78 44 64.2
78 45 11.4
78 46 64.76
78 47 54.71
78 48 69.89
78 49 73.76
78 50 42.95
78 51 95.34
78 52 63.15
78 53 17.69
78 54 76.84
78 55 13.6
78 56 57.49
78 57 19.42
78 58 23.6
78 59 99.3
78 60 38.95
78 61 52.2
78 62 65.8
78 63 60.14
78 64 46.23
78 65 67.23
78 66 43.6
78 67 24.19
78 68 50.21
78 69 35.51
78 70 29.07
78 71 71.69
78 72 68.66
78 73 34.23
78 74 55.01
78 75 38.6
78 76 100.12
78 77 60.03
78 79 35.23
78 80 26.08
78 81 84.59
78 82 55.97
78 83 57.14
78 84 46.24
78 85 46.69
78 86 6.0
78 87 45.79
78 88 87.66
78 89 21.47
78 90 34.48
78 91 45.18
78 92 52.7
78 93 68.48
78 94 85.42
78 95 43.01
78 96 20.62
78 97 104.0
78 98 55.58
78 99 13.34
78 100 77.62
78 101 70.23
78 102 40.25
78 103 85.59
78 104 67.94
78 105 59.09
78 106 75.82
78 107 37.12
78 108 97.2
78 109 60.84
78 110 66.37
78 111 40.8
78 112 51.42
78 113 42.72
78 114 50.48
78 115 40.31
78 116 59.2
78 117 96.33
78 118 74.71
78 119 59.2
78 120 76.4
78 121 71.7
78 122 44.18
78 123 58.01
78 124 19.21
78 125 64.82
78 126 37.12
78 127 65.62
78 128 43.93
78 129 77.41
78 130 74.06
78 131 56.44
78 132 89.94
78 133 28.02
78 134 91.81
78 135 73.39
78 136 46.1
78 137 90.09
78 138 27.17
78 139 93.48
78 140 91.71
78 141 50.12
78 142 46.4
78 143 67.9
78 144 43.97
78 145 44.27
78 146 67.47
78 147 90.21
78 148 21.93
78 149 86.45
78 150 21.02
78 151 9.85
78 152 72.95
78 153 38.47
78 154 15.03
78 155 101.98
78 156 30.61
78 157 37.12
78 158 58.19
78 159 68.54
78 160 91.21
78 161 45.8
78 162 86.31
78 163 26.17
78 164 17.89
78 165 56.4
78 166 35.85
78 167 65.12
78 168 17.09
78 169 22.36
78 170 62.17
78 171 15.65
78 172 87.36
78 173 24.74
78 174 18.97
78 175 83.74
78 176 53.94
78 177 108.76
78 178 67.45
78 179 74.15
78 180 44.05
78 181 3.61
78 182 86.4
78 183 8.6
78 184 51.43
78 185 69.32
78 186 33.11
78 187 53.01
78 188 104.56
78 189 68.07
78 190 68.8
78 191 59.06
78 192 66.64
78 193 71.11
78 194 47.38
78 195 97.0
78 196 31.62
78 197 64.0
78 198 77.39
78 199 60.53
78 200 44.92
78 201 26.17
79 0 52.84
79 1 129.25
79 2 68.41
79 3 60.64
79 4 57.97
79 5 25.0
79 6 95.34
79 7 59.08
79 8 34.37
79 9 110.68
79 10 34.83
79 11 23.09
79 12 52.77
79 13 77.32
79 14 25.06
79 15 143.28
79 16 11.66
79 17 4.47
79 18 56.22
79 19 103.23
79 20 46.23
79 21 68.95
79 22 38.28
79 23 62.97
79 24 54.42
79 25 37.66
79 26 25.61
79 27 90.09
79 28 103.12
79 29 127.2
79 30 45.34
79 31 121.21
79 32 77.41
79 33 87.02
79 34 58.0
79 35 110.65
79 36 80.06
79 37 122.8
79 38 64.54
79 39 87.21
79 40 89.63
79 41 69.64
79 42 99.36
79 43 108.71
79 44 94.2
79 45 40.16
79 46 34.37
79 47 85.44
79 48 104.28
79 49 102.42
79 50 29.73
79 51 124.34
79 52 83.74
79 53 35.78
79 54 74.73
79 55 48.83
79 56 86.83
79 57 25.02
79 58 15.03
79 59 129.29
79 60 74.09
79 61 86.28
79 62 83.6
79 63 65.12
79 64 11.4
79 65 98.74
79 66 8.49
79 67 57.98
79 68 66.71
79 69 70.72
79 70 33.14
79 71 106.44
79 72 97.49
79 73 16.76
79 74 69.12
79 75 73.82
79 76 103.12
79 77 93.09
79 78 35.23
79 80 53.34
79 81 111.07
79 82 62.51
79 83 36.88
79 84 25.94
79 85 20.81
79 86 30.48
79 87 45.12
79 88 120.88
79 89 14.14
79 90 23.02
79 91 11.05
79 92 86.37
79 93 33.62
79 94 96.52
79 95 70.35
79 96 55.32
79 97 116.52
79 98 28.64
79 99 42.01
79 100 75.15
79 101 104.69
79 102 75.29
79 103 118.41
79 104 72.03
79 105 25.32
79 106 79.81
79 107 68.15
79 108 102.2
79 109 52.84
79 110 60.83
79 111 61.4
79 112 85.23
79 113 43.57
79 114 71.45
79 115 73.66
79 116 89.19
79 117 117.89
79 118 107.2
79 119 94.4
79 120 105.55
79 121 43.17
79 122 76.84
79 123 22.8
79 124 41.3
79 125 99.01
79 126 5.0
79 127 94.64
79 128 72.84
79 129 110.0
79 130 38.83
79 131 79.12
79 132 124.96
79 133 7.21
79 134 99.25
79 135 60.21
79 136 52.8
79 137 112.81
79 138 58.52
79 139 125.67
79 140 123.42
79 141 24.52
79 142 11.31
79 143 102.65
79 144 64.03
79 145 78.72
79 146 95.19
79 147 123.99
79 148 38.63
79 149 96.03
79 150 20.02
79 151 41.23
79 152 106.4
79 153 27.51
79 154 25.24
79 155 133.69
79 156 53.01
79 157 17.69
79 158 75.66
79 159 92.27
79 160 125.26
79 161 17.12
79 162 105.93
79 163 39.29
79 164 41.68
79 165 56.32
79 166 15.56
79 167 98.35
79 168 50.21
79 169 25.0
79 170 45.25
79 171 40.5
79 172 116.73
79 173 23.35
79 174 17.8
79 175 111.89
79 176 26.0
79 177 115.69
79 178 101.39
79 179 94.37
79 180 26.63
79 181 34.06
79 182 82.37
79 183 33.3
79 184 86.45
79 185 104.32
79 186 68.1
79 187 64.26
79 188 110.86
79 189 42.54
79 190 78.41
79 191 94.15
79 192 80.0
79 193 93.65
79 194 77.28
79 195 131.53
79 196 66.19
79 197 95.13
79 198 42.19
79 199 88.14
79 200 79.2
79 201 52.84
80 0 1.0
80 1 76.16
80 2 49.24
80 3 43.01
80 4 43.17
80 5 46.04
80 6 94.05
80 7 58.52
80 8 41.59
80 9 57.63
80 10 86.83
80 11 76.03
80 12 51.01
80 13 72.86
80 14 59.64
80 15 91.24
80 16 41.68
80 17 48.88
80 18 8.25
80 19 50.33
80 20 65.25
80 21 78.77
80 22 34.21
80 23 9.9
80 24 69.29
80 25 35.17
80 26 62.39
80 27 86.28
80 28 65.37
80 29 74.41
80 30 63.06
80 31 74.46
80 32 73.59
80 33 50.22
80 34 29.55
80 35 74.95
80 36 45.34
80 37 69.46
80 38 48.17
80 39 34.18
80 40 87.69
80 41 16.4
80 42 52.2
80 43 56.64
80 44 72.92
80 45 34.79
80 46 73.5
80 47 32.2
80 48 68.07
80 49 49.4
80 50 68.36
80 51 71.31
80 52 37.36
80 53 17.8
80 54 62.03
80 55 22.2
80 56 33.54
80 57 45.04
80 58 46.57
80 59 76.03
80 60 36.67
80 61 36.67
80 62 40.72
80 63 42.95
80 64 64.66
80 65 45.61
80 66 61.59
80 67 14.87
80 68 71.87
80 69 32.76
80 70 27.29
80 71 68.03
80 72 44.38
80 73 43.86
80 74 32.53
80 75 33.14
80 76 80.28
80 77 41.23
80 78 26.08
80 79 53.34
80 81 59.23
80 82 38.48
80 83 59.24
80 84 70.61
80 85 55.61
80 86 26.31
80 87 37.05
80 88 68.59
80 89 39.81
80 90 59.54
80 91 60.44
80 92 35.85
80 93 82.73
80 94 62.2
80 95 58.05
80 96 18.03
80 97 79.65
80 98 62.97
80 99 13.04
80 100 62.97
80 101 68.03
80 102 38.83
80 103 65.8
80 104 50.12
80 105 72.14
80 106 57.14
80 107 48.6
80 108 76.42
80 109 53.0
80 110 55.58
80 111 16.4
80 112 53.85
80 113 34.13
80 114 69.66
80 115 23.77
80 116 35.85
80 117 70.26
80 118 54.49
80 119 50.01
80 120 52.39
80 121 77.83
80 122 50.99
80 123 75.0
80 124 43.32
80 125 48.88
80 126 53.01
80 127 75.59
80 128 57.01
80 129 57.31
80 130 90.03
80 131 30.41
80 132 76.92
80 133 46.96
80 134 70.04
80 135 67.01
80 136 71.17
80 137 64.03
80 138 41.01
80 139 72.62
80 140 70.21
80 141 73.38
80 142 64.35
80 143 54.13
80 144 19.42
80 145 45.61
80 146 78.89
80 147 72.35
80 148 16.4
80 149 63.89
80 150 45.54
80 151 31.95
80 152 54.67
80 153 41.18
80 154 28.18
80 155 80.45
80 156 51.97
80 157 60.88
80 158 33.62
80 159 83.87
80 160 74.03
80 161 67.78
80 162 60.42
80 163 18.79
80 164 11.66
80 165 43.74
80 166 59.2
80 167 67.47
80 168 12.81
80 169 29.73
80 170 60.64
80 171 13.0
80 172 63.56
80 173 50.16
80 174 35.78
80 175 59.14
80 176 62.43
80 177 86.56
80 178 67.48
80 179 48.27
80 180 48.37
80 181 24.02
80 182 71.87
80 183 21.59
80 184 48.09
80 185 64.2
80 186 34.18
80 187 76.49
80 188 82.81
80 189 72.09
80 190 47.42
80 191 54.04
80 192 43.42
80 193 87.21
80 194 58.52
80 195 81.27
80 196 35.78
80 197 70.94
80 198 92.7
80 199 35.44
80 200 46.84
80 201 1.0
81 0 59.44
81 1 21.63
81 2 68.51
81 3 69.53
81 4 72.25
81 5 104.94
81 6 136.17
81 7 108.85
81 8 99.13
81 9 27.29
81 10 142.24
81 11 134.13
81 12 84.96
81 13 117.32
81 14 110.39
81 15 54.23
81 16 99.62
81 17 106.63
81 18 60.13
81 19 29.0
81 20 106.07
81 21 129.63
81 22 91.05
81 23 51.24
81 24 123.58
81 25 81.27
81 26 121.49
81 27 128.16
81 28 44.01
81 29 37.05
81 30 103.95
81 31 64.41
81 32 118.27
81 33 44.38
81 34 60.31
81 35 51.35
81 36 48.37
81 37 23.09
81 38 93.15
81 39 26.0
81 40 130.55
81 41 45.04
81 42 54.49
81 43 36.06
81 44 104.1
81 45 91.01
81 46 123.0
81 47 32.76
81 48 82.81
81 49 13.42
81 50 127.42
81 51 17.0
81 52 31.11
81 53 75.58
81 54 78.71
81 55 76.01
81 56 28.16
81 57 103.95
81 58 105.76
81 59 24.17
81 60 69.29
81 61 46.96
81 62 35.81
81 63 64.82
81 64 122.0
81 65 27.2
81 66 118.85
81 67 63.03
81 68 121.81
81 69 68.01
81 70 79.61
81 71 79.2
81 72 17.72
81 73 98.39
81 74 49.5
81 75 64.51
81 76 74.33
81 77 37.74
81 78 84.59
81 79 111.07
81 80 59.23
81 82 63.03
81 83 104.35
81 84 129.84
81 85 107.7
81 86 85.51
81 87 77.47
81 88 38.33
81 89 98.37
81 90 118.7
81 91 116.3
81 92 44.28
81 93 136.34
81 94 49.65
81 95 101.83
81 96 68.07
81 97 51.42
81 98 112.65
81 99 72.18
81 100 79.61
81 101 82.07
81 102 70.94
81 103 34.48
81 104 65.51
81 105 125.54
81 106 65.8
81 107 91.09
81 108 68.26
81 109 87.11
81 110 83.6
81 111 50.09
81 112 82.37
81 113 76.4
81 114 116.48
81 115 50.01
81 116 27.66
81 117 21.63
81 118 30.81
81 119 60.61
81 120 13.45
81 121 124.08
81 122 86.93
81 123 131.05
81 124 99.02
81 125 44.6
81 126 109.77
81 127 108.05
81 128 98.68
81 129 31.38
81 130 144.63
81 131 32.76
81 132 61.85
81 133 105.3
81 134 60.41
81 135 98.6
81 136 126.32
81 137 15.23
81 138 88.65
81 139 33.02
81 140 29.02
81 141 132.44
81 142 121.46
81 143 50.93
81 144 47.89
81 145 76.97
81 146 112.87
81 147 44.38
81 148 72.45
81 149 53.76
81 150 104.74
81 151 88.01
81 152 37.8
81 153 91.59
81 154 86.68
81 155 34.93
81 156 103.95
81 157 120.07
81 158 41.01
81 159 123.0
81 160 47.54
81 161 126.53
81 162 25.02
81 163 72.09
81 164 70.34
81 165 74.33
81 166 118.36
81 167 90.0
81 168 68.12
81 169 86.16
81 170 101.12
81 171 72.03
81 172 14.0
81 173 109.18
81 174 94.25
81 175 7.28
81 176 113.16
81 177 68.47
81 178 85.91
81 179 25.5
81 180 98.18
81 181 83.02
81 182 85.23
81 183 80.81
81 184 70.83
81 185 74.25
81 186 72.8
81 187 128.72
81 188 68.07
81 189 116.85
81 190 53.71
81 191 70.0
81 192 45.79
81 193 127.05
81 194 97.31
81 195 56.29
81 196 76.66
81 197 99.86
81 198 146.63
81 199 24.08
81 200 78.29
81 201 59.44
82 0 37.58
82 1 84.5
82 2 10.77
82 3 6.71
82 4 9.22
82 5 70.24
82 6 130.73
82 7 93.35
82 8 70.8
82 9 76.69
82 10 86.12
82 11 84.01
82 12 21.93
82 13 109.48
82 14 51.92
82 15 111.4
82 16 53.85
82 17 58.86
82 18 46.62
82 19 71.47
82 20 43.28
82 21 112.04
82 22 65.86
82 23 42.95
82 24 100.21
82 25 25.02
82 26 82.87
82 27 123.23
82 28 41.11
82 29 93.04
82 30 41.23
82 31 104.69
82 32 110.11
82 33 25.71
82 34 8.94
82 35 48.17
82 36 18.68
82 37 82.68
82 38 85.7
82 39 49.65
82 40 124.33
82 41 45.1
82 42 84.02
82 43 80.08
82 44 111.4
82 45 67.21
82 46 62.65
82 47 54.92
82 48 104.74
82 49 60.9
82 50 88.54
82 51 79.65
82 52 32.02
82 53 38.42
82 54 23.77
82 55 58.82
82 56 51.92
82 57 69.35
82 58 65.19
82 59 86.4
82 60 74.63
82 61 68.0
82 62 27.66
82 63 4.47
82 64 71.01
82 65 66.1
82 66 68.03
82 67 53.31
82 68 106.1
82 69 70.84
82 70 31.02
82 71 103.95
82 72 57.7
82 73 46.1
82 74 13.89
82 75 70.6
82 76 44.2
82 77 67.74
82 78 55.97
82 79 62.51
82 80 38.48
82 81 63.03
82 83 42.94
82 84 87.32
82 85 50.8
82 86 52.2
82 87 18.11
82 88 89.89
82 89 55.03
82 90 79.71
82 91 63.07
82 92 66.03
82 93 78.45
82 94 34.06
82 95 95.44
82 96 56.36
82 97 54.08
82 98 53.14
82 99 44.69
82 100 24.74
82 101 104.56
82 102 76.84
82 103 86.16
82 104 12.04
82 105 68.15
82 106 19.85
82 107 86.61
82 108 41.68
82 109 24.08
82 110 21.54
82 111 25.18
82 112 92.03
82 113 19.03
82 114 105.55
82 115 57.43
82 116 55.08
82 117 61.29
82 118 75.89
82 119 84.21
82 120 64.5
82 121 62.13
82 122 89.47
82 123 76.66
82 124 75.17
82 125 77.52
82 126 59.14
82 127 114.04
82 128 94.87
82 129 78.43
82 130 87.36
82 131 33.11
82 132 105.55
82 133 59.67
82 134 37.34
82 135 36.24
82 136 100.96
82 137 58.25
82 138 78.24
82 139 89.89
82 140 86.35
82 141 86.98
82 142 70.0
82 143 84.29
82 144 24.0
82 145 83.82
82 146 117.24
82 147 95.19
82 148 34.06
82 149 33.54
82 150 67.12
82 151 65.05
82 152 79.31
82 153 36.01
82 154 46.53
82 155 95.19
82 156 86.27
82 157 77.62
82 158 22.2
82 159 121.49
82 160 97.72
82 161 79.63
82 162 48.3
82 163 30.0
82 164 38.95
82 165 11.31
82 166 75.43
82 167 105.36
82 168 50.25
82 169 40.85
82 170 38.42
82 171 41.04
82 172 74.06
82 173 72.92
82 174 51.62
82 175 67.2
82 176 54.41
82 177 54.23
82 178 104.79
82 179 39.2
82 180 40.61
82 181 52.5
82 182 33.53
82 183 47.63
82 184 85.15
82 185 99.61
82 186 72.62
82 187 108.85
82 188 49.66
82 189 54.64
82 190 16.0
82 191 90.09
82 192 19.7
82 193 124.62
82 194 96.75
82 195 106.32
82 196 74.25
82 197 109.38
82 198 88.54
82 199 48.47
82 200 85.09
82 201 37.58
83 0 58.31
83 1 125.26
83 2 43.17
83 3 37.7
83 4 34.54
83 5 58.18
83 6 129.1
83 7 91.09
83 8 64.85
83 9 113.0
83 10 46.01
83 11 50.57
83 12 23.35
83 13 109.48
83 14 13.42
83 15 147.87
83 16 36.77
83 17 36.06
83 18 66.1
83 19 106.51
83 20 9.43
83 21 104.2
83 22 64.94
83 23 68.45
83 24 89.94
83 25 24.7
83 26 62.48
83 27 123.02
83 28 82.28
83 29 130.0
83 30 8.49
83 31 133.7
83 32 109.77
83 33 68.15
83 34 44.05
83 35 87.48
83 36 61.33
83 37 121.75
83 38 91.55
83 39 86.05
83 40 123.03
83 41 73.82
83 42 111.43
83 43 114.06
83 44 121.33
83 45 66.91
83 46 19.92
83 47 88.2
83 48 124.46
83 49 99.76
83 50 66.48
83 51 120.28
83 52 73.41
83 53 44.72
83 54 44.1
83 55 68.12
83 56 87.2
83 57 57.78
83 58 48.76
83 59 126.57
83 60 92.23
83 61 95.85
83 62 70.18
83 63 43.08
83 64 39.12
83 65 101.26
83 66 37.2
83 67 71.06
83 68 100.85
83 69 88.28
83 70 32.28
83 71 125.32
83 72 95.67
83 73 24.35
83 74 55.22
83 75 90.03
83 76 73.33
83 77 99.36
83 78 57.14
83 79 36.88
83 80 59.24
83 81 104.35
83 82 42.94
83 84 61.72
83 85 16.28
83 86 51.16
83 87 26.91
83 88 125.36
83 89 40.5
83 90 59.82
83 91 30.23
83 92 94.85
83 93 37.12
83 94 74.22
83 95 99.46
83 96 71.02
83 97 93.56
83 98 12.17
83 99 54.74
83 100 44.18
83 101 124.62
83 102 94.05
83 103 122.07
83 104 47.3
83 105 28.16
83 106 53.46
83 107 94.26
83 108 74.01
83 109 22.09
83 110 30.0
83 111 57.01
83 112 107.3
83 113 28.32
83 114 104.04
83 115 83.01
83 116 90.21
83 117 104.24
83 118 110.94
83 119 108.81
83 120 103.32
83 121 19.8
83 122 101.0
83 123 39.29
83 124 71.57
83 125 107.79
83 126 31.89
83 127 122.69
83 128 100.84
83 129 113.72
83 130 46.17
83 131 72.14
83 132 136.06
83 133 39.45
83 134 73.33
83 135 24.19
83 136 88.84
83 137 101.02
83 138 84.29
83 139 127.44
83 140 124.33
83 141 58.25
83 142 37.74
83 143 113.32
83 144 58.14
83 145 99.5
83 146 124.31
83 147 129.85
83 148 43.68
83 149 72.37
83 150 53.23
83 151 66.48
83 152 112.51
83 153 19.1
83 154 42.11
83 155 133.96
83 156 84.2
83 157 54.49
83 158 63.6
83 159 123.94
83 160 131.88
83 161 50.8
83 162 91.24
83 163 40.5
83 164 50.45
83 165 32.31
83 166 52.4
83 167 121.26
83 168 64.13
83 169 35.0
83 170 8.94
83 171 50.99
83 172 113.85
83 173 58.18
83 174 40.26
83 175 107.52
83 176 14.56
83 177 88.01
83 178 122.8
83 179 81.84
83 180 13.15
83 181 54.04
83 182 49.48
83 183 50.01
83 184 104.74
83 185 122.02
83 186 87.57
83 187 99.76
83 188 83.01
83 189 13.04
83 190 57.58
83 191 111.61
83 192 62.61
83 193 125.96
83 194 104.48
83 195 139.67
83 196 87.21
83 197 121.07
83 198 46.69
83 199 85.8
83 200 100.4
83 201 58.31
84 0 70.41
84 1 146.1
84 2 93.92
84 3 86.02
84 4 83.49
84 5 26.42
84 6 81.02
84 7 51.08
84 8 35.61
84 9 124.89
84 10 39.01
84 11 19.03
84 12 78.71
84 13 66.94
84 14 48.8
84 15 154.87
84 16 33.54
84 17 28.79
84 18 70.84
84 19 117.27
84 20 70.77
84 21 53.0
84 22 43.27
84 23 79.12
84 24 39.2
84 25 62.94
84 26 10.63
84 27 77.52
84 28 127.14
84 29 140.43
84 30 70.18
84 31 128.32
84 32 66.71
84 33 110.89
84 34 81.88
84 35 135.15
84 36 104.09
84 37 138.35
84 38 63.01
84 39 104.55
84 40 76.24
84 41 85.73
84 42 108.0
84 43 121.24
84 44 89.47
84 45 44.41
84 46 53.85
84 47 100.9
84 48 106.04
84 49 119.64
84 50 8.06
84 51 141.38
84 52 105.12
84 53 55.15
84 54 100.65
84 55 58.18
84 56 103.45
84 57 27.29
84 58 24.19
84 59 145.5
84 60 80.28
84 61 97.62
84 62 106.02
84 63 90.25
84 64 23.6
84 65 113.46
84 66 24.76
84 67 70.26
84 68 53.6
84 69 77.8
84 70 56.72
84 71 109.22
84 72 114.56
84 73 42.54
84 74 92.35
84 75 81.61
84 76 128.88
84 77 105.99
84 78 46.24
84 79 25.94
84 80 70.61
84 81 129.84
84 82 87.32
84 83 61.72
84 85 45.45
84 86 44.38
84 87 70.52
84 88 133.36
84 89 33.06
84 90 12.21
84 91 31.83
84 92 98.41
84 93 44.15
84 94 121.02
84 95 65.3
84 96 66.19
84 97 140.89
84 98 51.66
84 99 57.72
84 100 101.08
84 101 106.67
84 102 80.81
84 103 131.49
84 104 97.42
84 105 41.59
84 106 105.3
84 107 67.2
84 108 127.76
84 109 78.77
84 110 86.77
84 111 82.15
84 112 86.68
84 113 68.68
84 114 60.88
84 115 86.33
84 116 105.3
84 117 139.29
84 118 120.77
84 119 101.67
84 120 122.41
84 121 63.29
84 122 77.01
84 123 31.32
84 124 40.31
84 125 109.93
84 126 30.53
84 127 88.77
84 128 68.96
84 129 123.44
84 130 44.01
84 131 99.5
84 132 132.91
84 133 27.66
84 134 124.45
84 135 85.6
84 136 36.01
84 137 133.63
84 138 59.46
84 139 139.56
84 140 137.88
84 141 7.07
84 142 25.0
84 143 112.07
84 144 85.09
84 145 82.04
84 146 87.92
84 147 135.48
84 148 59.03
84 149 120.83
84 150 25.3
84 151 46.87
84 152 118.6
84 153 53.31
84 154 44.05
84 155 148.14
84 156 47.51
84 157 10.0
84 158 98.02
84 159 81.58
84 160 136.21
84 161 11.66
84 162 128.02
84 163 61.03
84 164 59.68
84 165 81.93
84 166 12.04
84 167 97.91
84 168 63.32
84 169 47.27
84 170 70.43
84 171 57.87
84 172 133.45
84 173 21.95
84 174 37.01
84 175 129.54
84 176 48.84
84 177 141.09
84 178 102.2
84 179 116.07
84 180 52.48
84 181 47.13
84 182 108.3
84 183 49.03
84 184 91.24
84 185 108.25
84 186 73.88
84 187 48.0
84 188 136.31
84 189 64.82
84 190 102.96
84 191 99.01
84 192 103.7
84 193 81.88
84 194 73.93
84 195 141.24
84 196 70.84
84 197 91.71
84 198 48.01
84 199 105.99
84 200 82.07
84 201 70.41
85 0 54.82
85 1 127.64
85 2 54.01
85 3 47.1
85 4 44.05
85 5 43.68
85 6 114.84
85 7 77.47
85 8 51.48
85 9 112.43
85 10 35.44
85 11 35.44
85 12 35.69
85 13 95.9
85 14 5.0
85 15 146.66
85 16 23.09
85 17 20.62
85 18 61.06
85 19 105.42
85 20 25.5
85 21 89.16
85 22 53.01
85 23 65.44
85 24 74.73
85 25 26.93
85 26 46.4
85 27 109.14
85 28 91.79
85 29 129.42
85 30 24.76
85 31 128.89
85 32 96.1
85 33 76.49
85 34 49.04
85 35 98.13
85 36 69.43
85 37 122.79
85 38 80.02
85 39 86.56
85 40 108.93
85 41 71.59
85 42 106.55
85 43 112.16
85 44 110.04
85 45 55.01
85 46 18.38
85 47 87.0
85 48 116.21
85 49 101.21
85 50 50.25
85 51 122.64
85 52 77.82
85 53 38.59
85 54 57.72
85 55 59.2
85 56 87.05
85 57 43.42
85 58 33.84
85 59 128.41
85 60 84.43
85 61 91.81
85 62 75.96
85 63 52.24
85 64 23.26
85 65 100.42
85 66 21.1
85 67 64.85
85 68 86.33
85 69 80.65
85 70 29.0
85 71 117.64
85 72 96.67
85 73 12.65
85 74 60.75
85 75 83.01
85 76 86.88
85 77 96.83
85 78 46.69
85 79 20.81
85 80 55.61
85 81 107.7
85 82 50.8
85 83 16.28
85 84 45.45
85 86 40.79
85 87 32.76
85 88 123.99
85 89 27.07
85 90 43.83
85 91 14.32
85 92 91.26
85 93 28.65
85 94 84.29
85 95 87.14
85 96 63.69
85 97 104.17
85 98 9.0
85 99 47.85
85 100 57.97
85 101 116.48
85 102 86.02
85 103 121.02
85 104 58.0
85 105 17.89
85 106 65.12
85 107 83.15
85 108 86.83
85 109 35.17
85 110 43.42
85 111 58.01
85 112 98.06
85 113 32.57
85 114 90.24
85 115 78.77
85 116 89.83
85 117 110.72
85 118 109.71
85 119 102.88
85 120 104.64
85 121 25.08
85 122 90.8
85 123 26.02
85 124 58.42
85 125 104.29
85 126 15.81
85 127 111.0
85 128 89.01
85 129 112.54
85 130 37.16
85 131 74.95
85 132 131.88
85 133 24.35
85 134 85.09
85 135 40.22
85 136 73.36
85 137 106.62
85 138 73.17
85 139 127.29
85 140 124.52
85 141 42.19
85 142 21.93
85 143 109.08
85 144 59.91
85 145 90.71
85 146 112.16
85 147 127.91
85 148 39.2
85 149 83.05
85 150 38.6
85 151 55.15
85 152 110.26
85 153 16.12
85 154 32.28
85 155 134.54
85 156 70.86
85 157 38.29
85 158 68.54
85 159 110.64
85 160 129.63
85 161 34.67
85 162 98.03
85 163 37.48
85 164 44.94
85 165 42.01
85 166 36.24
85 167 111.8
85 168 57.27
85 169 26.83
85 170 25.0
85 171 44.78
85 172 115.6
85 173 43.08
85 174 28.07
85 175 109.86
85 176 7.28
85 177 100.72
85 178 114.0
85 179 87.46
85 180 10.2
85 181 44.15
85 182 64.26
85 183 41.11
85 184 97.08
85 185 114.83
85 186 79.12
85 187 84.58
85 188 95.75
85 189 22.56
85 190 66.61
85 191 104.4
85 192 70.09
85 193 112.38
85 194 93.02
85 195 136.82
85 196 78.1
85 197 110.29
85 198 38.95
85 199 86.83
85 200 91.44
85 201 54.82
86 0 26.17
86 1 101.84
86 2 61.62
86 3 53.76
86 4 52.35
86 5 20.1
86 6 81.12
86 7 42.72
86 8 18.6
86 9 81.49
86 10 65.3
86 11 51.61
86 12 54.2
86 13 60.37
86 14 45.71
86 15 113.23
86 16 19.72
86 17 26.4
86 18 26.83
86 19 73.93
86 20 59.68
86 21 60.11
86 22 14.76
86 23 34.79
86 24 48.01
86 25 34.48
86 26 36.12
86 27 74.24
86 28 87.6
86 29 97.64
86 30 57.87
86 31 90.8
86 32 60.83
86 33 71.51
86 34 44.42
86 35 96.57
86 36 65.39
86 37 94.43
86 38 40.45
86 39 60.17
86 40 74.79
86 41 41.44
86 42 68.88
86 43 78.82
86 44 70.18
86 45 16.55
86 46 58.94
86 47 56.86
86 48 75.58
86 49 75.29
86 50 42.11
86 51 97.08
86 52 62.29
86 53 13.89
86 54 72.25
86 55 18.79
86 56 59.14
86 57 19.1
86 58 20.62
86 59 101.39
86 60 44.28
86 61 55.97
86 62 64.33
86 63 56.22
86 64 41.73
86 65 69.77
86 66 38.95
86 67 27.66
86 68 54.67
86 69 40.71
86 70 23.85
86 71 77.25
86 72 70.21
86 73 28.28
86 74 52.55
86 75 43.57
86 76 96.4
86 77 63.25
86 78 6.0
86 79 30.48
86 80 26.31
86 81 85.51
86 82 52.2
86 83 51.16
86 84 44.38
86 85 40.79
86 87 40.8
86 88 91.02
86 89 16.4
86 90 33.24
86 91 39.96
86 92 56.22
86 93 63.29
86 94 82.86
86 95 48.76
86 96 24.84
86 97 101.84
86 98 49.65
86 99 13.34
86 100 73.0
86 101 75.89
86 102 45.69
86 103 88.75
86 104 64.03
86 105 53.67
86 106 72.01
86 107 43.1
86 108 93.74
86 109 55.47
86 110 61.29
86 111 39.46
86 112 57.27
86 113 37.8
86 114 55.57
86 115 43.6
86 116 61.1
86 117 96.02
86 118 77.7
86 119 64.07
86 120 78.11
86 121 65.76
86 122 50.16
86 123 53.26
86 124 23.43
86 125 68.68
86 126 31.91
86 127 71.57
86 128 49.82
86 129 80.45
86 130 69.2
86 131 56.01
86 132 94.49
86 133 23.35
86 134 88.68
86 135 67.78
86 136 48.88
86 137 90.02
86 138 33.14
86 139 96.38
86 140 94.41
86 141 47.54
86 142 41.77
86 143 72.18
86 144 42.58
86 145 50.0
86 146 73.35
86 147 93.86
86 148 18.36
86 149 83.63
86 150 19.24
86 151 15.52
86 152 76.4
86 153 32.56
86 154 9.06
86 155 104.71
86 156 35.51
86 157 34.79
86 158 56.52
86 159 74.09
86 160 95.02
86 161 42.54
86 162 85.48
86 163 22.2
86 164 16.12
86 165 51.74
86 166 33.24
86 167 71.02
86 168 20.0
86 169 16.49
86 170 56.29
86 171 14.04
86 172 89.2
86 173 24.0
86 174 13.42
86 175 85.16
86 176 48.05
86 177 105.68
86 178 73.25
86 179 73.33
86 180 38.05
86 181 3.61
86 182 81.69
86 183 5.1
86 184 56.86
86 185 74.73
86 186 38.63
86 187 56.73
86 188 101.36
86 189 62.07
86 190 65.76
86 191 64.4
86 192 64.26
86 193 76.56
86 194 53.34
86 195 101.12
86 196 37.36
86 197 70.0
86 198 72.42
86 199 61.61
86 200 50.7
86 201 26.17
87 0 36.06
87 1 98.35
87 2 23.41
87 3 15.52
87 4 13.0
87 5 56.22
87 6 121.79
87 7 83.49
87 8 58.8
87 9 86.82
87 10 68.15
87 11 66.07
87 12 14.32
87 13 100.85
87 14 34.18
87 15 121.79
87 16 37.58
87 17 41.76
87 18 45.0
87 19 80.62
87 20 30.02
87 21 100.57
87 22 55.47
87 23 44.91
87 24 87.69
87 25 7.62
87 26 67.08
87 27 114.74
87 28 59.21
87 29 103.73
87 30 27.78
87 31 110.16
87 32 101.36
87 33 43.74
87 34 17.2
87 35 66.03
87 36 36.67
87 37 95.02
87 38 78.92
87 39 59.64
87 40 115.43
87 41 49.34
87 42 88.29
87 43 88.55
87 44 107.0
87 45 57.14
87 46 45.79
87 47 62.61
87 48 105.0
87 49 73.0
87 50 72.5
87 51 93.38
87 52 46.62
87 53 28.64
87 54 31.89
87 55 52.5
87 56 61.06
87 57 55.44
87 58 49.74
87 59 99.7
87 60 73.17
87 61 72.28
87 62 43.83
87 63 20.1
87 64 53.08
87 65 75.29
87 66 50.16
87 67 51.09
87 68 95.43
87 69 69.18
87 70 17.03
87 71 105.08
87 72 69.03
87 73 28.44
87 74 28.65
87 75 70.01
87 76 58.6
87 77 74.46
87 78 45.79
87 79 45.12
87 80 37.05
87 81 77.47
87 82 18.11
87 83 26.91
87 84 70.52
87 85 32.76
87 86 40.8
87 88 99.48
87 89 39.45
87 90 63.95
87 91 45.01
87 92 70.88
87 93 60.75
87 94 52.0
87 95 88.14
87 96 52.61
87 97 72.01
87 98 35.78
87 99 37.64
87 100 32.56
87 101 105.0
87 102 75.24
87 103 96.04
87 104 26.93
87 105 50.29
87 106 34.79
87 107 80.65
87 108 57.25
87 109 16.12
87 110 20.59
87 111 30.89
87 112 89.81
87 113 3.16
87 114 96.25
87 115 60.02
87 116 64.14
87 117 78.39
87 118 85.09
87 119 86.83
87 120 76.58
87 121 46.69
87 122 85.38
87 123 58.55
87 124 64.2
87 125 83.49
87 126 41.44
87 127 109.11
87 128 88.39
87 129 87.82
87 130 69.57
87 131 45.25
87 132 111.95
87 133 43.08
87 134 54.13
87 135 30.02
87 136 87.86
87 137 74.71
87 138 71.31
87 139 101.02
87 140 97.8
87 141 69.63
87 142 52.04
87 143 89.56
87 144 31.62
87 145 81.61
87 146 111.66
87 147 104.24
87 148 25.3
87 149 51.16
87 150 52.43
87 151 55.57
87 152 87.24
87 153 18.03
87 154 33.24
87 155 107.3
87 156 76.28
87 157 61.1
87 158 36.89
87 159 114.04
87 160 106.44
87 161 62.17
87 162 65.55
87 163 20.88
87 164 32.02
87 165 11.66
87 166 58.87
87 167 103.7
87 168 45.71
87 169 26.25
87 170 25.06
87 171 33.53
87 172 87.0
87 173 58.25
87 174 36.62
87 175 80.62
87 176 36.77
87 177 70.6
87 178 104.17
87 179 55.47
87 180 22.56
87 181 42.19
87 182 41.04
87 183 37.22
87 184 85.01
87 185 101.24
87 186 69.72
87 187 96.9
87 188 65.8
87 189 39.62
87 190 34.06
87 191 91.09
87 192 37.36
87 193 116.76
87 194 91.08
87 195 114.54
87 196 70.41
87 197 105.76
87 198 70.94
87 199 59.2
87 200 82.73
87 201 36.06
88 0 69.31
88 1 29.07
88 2 98.08
88 3 96.57
88 4 98.62
88 5 106.94
88 6 116.25
88 7 98.48
88 8 98.41
88 9 13.34
88 10 155.13
88 11 142.64
88 12 110.49
88 13 101.0
88 14 127.78
88 15 22.67
88 16 109.34
88 17 116.52
88 18 64.66
88 19 18.87
88 20 129.5
88 21 117.52
88 22 90.34
88 23 58.69
88 24 115.73
88 25 100.69
88 26 123.43
88 27 108.78
88 28 81.5
88 29 8.0
88 30 127.26
88 31 28.28
88 32 102.0
88 33 78.31
88 34 84.1
88 35 89.44
88 36 80.23
88 37 18.44
88 38 81.05
88 39 40.31
88 40 111.65
88 41 52.4
88 42 30.0
88 43 12.21
88 44 80.81
88 45 89.47
88 46 141.5
88 47 37.2
88 48 54.42
88 49 31.06
88 50 128.81
88 51 28.43
88 52 60.21
88 53 86.28
88 54 110.11
88 55 75.18
88 56 38.47
88 57 106.07
88 58 111.22
88 59 25.0
88 60 56.52
88 61 35.78
88 62 66.91
88 63 92.97
88 64 132.28
88 65 24.19
88 66 129.32
88 67 63.51
88 68 109.55
88 69 57.57
88 70 95.13
88 71 49.77
88 72 32.76
88 73 112.45
88 74 76.22
88 75 53.45
88 76 111.04
88 77 27.8
88 78 87.66
88 79 120.88
88 80 68.59
88 81 38.33
88 82 89.89
88 83 125.36
88 84 133.36
88 85 123.99
88 86 91.02
88 87 99.48
88 89 106.83
88 90 121.24
88 91 128.82
88 92 34.99
88 93 151.32
88 94 86.02
88 95 87.21
88 96 67.23
88 97 89.74
88 98 130.87
88 99 78.87
88 100 111.09
88 101 53.49
88 102 57.07
88 103 4.0
88 104 96.05
88 105 140.73
88 106 98.48
88 107 77.65
88 108 105.08
88 109 112.73
88 110 111.43
88 111 68.6
88 112 62.07
88 113 97.42
88 114 102.12
88 115 47.43
88 116 35.36
88 117 59.24
88 118 14.42
88 119 38.0
88 120 28.0
88 121 144.84
88 122 70.06
88 123 143.18
88 124 95.63
88 125 24.04
88 126 121.17
88 127 84.93
88 128 83.1
88 129 11.66
88 130 158.49
88 131 56.92
88 132 24.41
88 133 114.02
88 134 97.05
88 135 125.92
88 136 119.33
88 137 53.45
88 138 79.56
88 139 9.85
88 140 12.04
88 141 137.71
88 142 132.14
88 143 25.0
88 144 68.0
88 145 60.21
88 146 90.03
88 147 6.08
88 148 84.9
88 149 90.01
88 150 108.56
88 151 86.76
88 152 14.76
88 153 108.85
88 154 95.78
88 155 18.25
88 156 95.8
88 157 124.68
88 158 68.68
88 159 102.26
88 160 9.22
88 161 133.41
88 162 62.97
88 163 86.56
88 164 79.93
88 165 100.32
88 166 123.49
88 167 64.29
88 168 71.03
88 169 98.29
88 170 124.53
88 171 80.72
88 172 25.08
88 173 111.41
88 174 103.08
88 175 31.05
88 176 130.6
88 177 106.53
88 178 58.82
88 179 60.01
88 180 116.04
88 181 87.66
88 182 118.07
88 183 87.62
88 184 51.01
88 185 45.54
88 186 62.36
88 187 118.09
88 188 105.8
88 189 138.4
88 190 85.51
88 191 46.27
88 192 77.28
88 193 106.37
88 194 80.0
88 195 18.11
88 196 66.22
88 197 75.93
88 198 161.25
88 199 41.44
88 200 61.13
88 201 69.31
89 0 39.4
89 1 115.95
89 2 62.61
89 3 54.56
89 4 52.35
89 5 18.03
89 6 88.6
89 7 50.7
89 8 24.52
89 9 96.8
89 10 48.92
89 11 36.24
89 12 50.25
89 13 69.12
89 14 32.06
89 15 129.19
89 16 4.0
89 17 10.0
89 18 42.2
89 19 89.31
89 20 49.77
89 21 64.14
89 22 26.17
89 23 49.24
89 24 50.22
89 25 31.91
89 26 27.86
89 27 82.57
89 28 94.2
89 29 113.23
89 30 48.33
89 31 107.2
89 32 69.38
89 33 77.93
89 34 49.03
89 35 102.39
89 36 71.2
89 37 109.18
89 38 53.15
89 39 73.93
89 40 82.54
89 41 55.95
89 42 85.28
89 43 94.64
89 44 83.15
89 45 28.16
89 46 44.28
89 47 71.69
89 48 91.18
89 49 89.16
89 50 33.53
89 51 111.09
89 52 72.34
89 53 22.8
89 54 71.03
89 55 34.99
89 56 73.35
89 57 17.49
89 58 10.3
89 59 115.83
89 60 60.42
89 61 72.14
89 62 73.0
89 63 58.31
89 64 25.5
89 65 84.91
89 66 22.63
89 67 43.84
89 68 60.42
89 69 56.94
89 70 24.04
89 71 93.11
89 72 84.17
89 73 16.16
89 74 59.3
89 75 59.91
89 76 97.95
89 77 79.03
89 78 21.47
89 79 14.14
89 80 39.81
89 81 98.37
89 82 55.03
89 83 40.5
89 84 33.06
89 85 27.07
89 86 16.4
89 87 39.45
89 88 106.83
89 90 24.7
89 91 23.71
89 92 72.25
89 93 47.01
89 94 88.29
89 95 60.07
89 96 41.23
89 97 108.06
89 98 36.06
89 99 28.02
89 100 71.61
89 101 91.55
89 102 61.72
89 103 104.4
89 104 65.8
89 105 37.7
89 106 73.82
89 107 56.44
89 108 96.25
89 109 50.91
89 110 58.14
89 111 49.5
89 112 72.42
89 113 37.12
89 114 63.6
89 115 59.55
89 116 75.59
89 117 106.57
89 118 93.23
89 119 80.45
89 120 92.2
89 121 52.0
89 122 64.54
89 123 36.88
89 124 31.4
89 125 84.86
89 126 15.65
89 127 84.01
89 128 62.01
89 129 96.02
89 130 52.8
89 131 67.08
89 132 110.89
89 133 7.21
89 134 92.36
89 135 61.03
89 136 49.68
89 137 101.12
89 138 46.53
89 139 111.77
89 140 109.6
89 141 34.37
89 142 25.46
89 143 88.53
89 144 52.35
89 145 65.55
89 146 85.09
89 147 109.88
89 148 26.31
89 149 88.32
89 150 13.45
89 151 28.64
89 152 92.31
89 153 24.84
89 154 11.7
89 155 119.89
89 156 43.93
89 157 23.09
89 158 65.0
89 159 83.74
89 160 111.13
89 161 28.16
89 162 95.08
89 163 28.0
89 164 28.23
89 165 51.11
89 166 21.02
89 167 85.87
89 168 36.07
89 169 14.32
89 170 47.41
89 171 26.83
89 172 103.37
89 173 19.1
89 174 4.12
89 175 98.79
89 176 34.0
89 177 109.2
89 178 88.54
89 179 83.22
89 180 27.73
89 181 20.0
89 182 79.65
89 183 19.21
89 184 72.9
89 185 90.79
89 186 54.56
89 187 59.91
89 188 104.55
89 189 49.5
89 190 70.34
89 191 80.53
89 192 70.71
89 193 85.62
89 194 66.12
89 195 117.39
89 196 52.92
89 197 83.6
89 198 56.04
89 199 75.03
89 200 66.13
89 201 39.4
90 0 59.41
90 1 134.48
90 2 87.24
90 3 79.2
90 4 76.92
90 5 14.32
90 6 74.43
90 7 41.23
90 8 23.43
90 9 112.92
90 10 46.87
90 11 27.51
90 12 73.82
90 13 58.31
90 14 48.02
90 15 142.69
90 16 26.42
90 17 24.04
90 18 59.2
90 19 105.31
90 20 69.2
90 21 47.07
90 22 31.06
90 23 67.68
90 24 32.56
90 25 56.36
90 26 3.16
90 27 70.01
90 28 118.46
90 29 128.35
90 30 68.25
90 31 116.18
90 32 58.22
90 33 102.18
90 34 73.5
90 35 126.85
90 36 95.57
90 37 126.53
90 38 51.62
90 39 93.17
90 40 69.12
90 41 74.22
90 42 95.8
90 43 109.13
90 44 79.12
90 45 32.2
90 46 55.97
90 47 89.19
90 48 94.4
90 49 108.17
90 50 9.06
90 51 129.81
90 52 95.02
90 53 45.1
90 54 95.19
90 55 46.07
90 56 91.92
90 57 15.23
90 58 14.56
90 59 133.76
90 60 68.12
90 61 85.48
90 62 96.42
90 63 83.01
90 64 26.31
90 65 101.59
90 66 25.96
90 67 58.31
90 68 46.04
90 69 65.6
90 70 48.7
90 71 97.45
90 72 103.08
90 73 37.64
90 74 83.36
90 75 69.4
90 76 122.54
90 77 93.94
90 78 34.48
90 79 23.02
90 80 59.54
90 81 118.7
90 82 79.71
90 83 59.82
90 84 12.21
90 85 43.83
90 86 33.24
90 87 63.95
90 88 121.24
90 89 24.7
90 91 32.31
90 92 86.31
90 93 50.0
90 94 112.79
90 95 54.78
90 96 54.13
90 97 132.44
90 98 51.48
90 99 46.53
90 100 95.72
90 101 95.0
90 102 68.68
90 103 119.41
90 104 90.47
90 105 44.91
90 106 98.49
90 107 55.76
90 108 120.93
90 109 74.2
90 110 81.84
90 111 72.03
90 112 75.0
90 113 61.74
90 114 52.24
90 115 74.32
90 116 93.68
90 117 129.02
90 118 108.75
90 119 89.5
90 120 110.86
90 121 65.19
90 122 65.46
90 123 37.01
90 124 28.43
90 125 97.75
90 126 28.02
90 127 78.75
90 128 58.18
90 129 111.4
90 130 51.79
90 131 89.05
90 132 120.74
90 133 21.4
90 134 117.05
90 135 82.73
90 136 30.36
90 137 123.15
90 138 47.63
90 139 127.53
90 140 125.92
90 141 17.8
90 142 27.46
90 143 99.86
90 144 75.06
90 145 70.09
90 146 78.34
90 147 123.31
90 148 49.25
90 149 112.93
90 150 14.04
90 151 34.67
90 152 106.47
90 153 48.01
90 154 34.37
90 155 136.17
90 156 36.77
90 157 7.0
90 158 88.46
90 159 73.25
90 160 124.02
90 161 17.46
90 162 118.11
90 163 51.79
90 164 49.04
90 165 75.59
90 166 8.25
90 167 86.61
90 168 51.55
90 169 38.9
90 170 68.01
90 171 47.1
90 172 121.84
90 173 9.85
90 174 28.16
90 175 118.13
90 176 48.76
90 177 133.9
90 178 90.7
90 179 106.04
90 180 48.8
90 181 35.69
90 182 103.47
90 183 38.12
90 184 79.2
90 185 96.33
90 186 61.72
90 187 42.2
90 188 129.24
90 189 65.3
90 190 94.92
90 191 86.98
90 192 94.92
90 193 74.03
90 194 63.07
90 195 129.03
90 196 58.73
90 197 81.02
90 198 55.73
90 199 94.73
90 200 70.18
90 201 59.41
91 0 59.82
91 1 135.33
91 2 67.36
91 3 60.07
91 4 57.14
91 5 36.01
91 6 105.91
91 7 70.03
91 8 45.4
91 9 118.07
91 10 26.4
91 11 21.38
91 12 49.73
91 13 88.2
91 14 17.03
91 15 151.38
91 16 20.25
91 17 13.93
91 18 64.35
91 19 110.75
91 20 39.05
91 21 79.12
91 22 49.04
91 23 70.29
91 24 64.56
91 25 38.21
91 26 34.44
91 27 100.84
91 28 104.17
91 29 134.83
91 30 38.6
91 31 130.67
91 32 88.28
91 33 88.46
91 34 60.02
91 35 111.0
91 36 81.39
91 37 129.53
91 38 75.5
91 39 93.49
91 40 100.28
91 41 76.84
91 42 108.6
91 43 116.73
91 44 105.22
91 45 50.96
91 46 23.77
91 47 92.62
91 48 114.77
91 49 108.56
91 50 37.44
91 51 130.36
91 52 87.6
91 53 42.64
91 54 71.84
91 55 58.67
91 56 93.48
91 57 36.06
91 58 26.08
91 59 135.68
91 60 84.12
91 61 94.92
91 62 86.59
91 63 65.01
91 64 8.94
91 65 106.04
91 66 7.07
91 67 66.84
91 68 77.28
91 69 80.62
91 70 36.77
91 71 116.78
91 72 103.77
91 73 18.03
91 74 71.59
91 75 83.53
91 76 100.9
91 77 101.14
91 78 45.18
91 79 11.05
91 80 60.44
91 81 116.3
91 82 63.07
91 83 30.23
91 84 31.83
91 85 14.32
91 86 39.96
91 87 45.01
91 88 128.82
91 89 23.71
91 90 32.31
91 92 94.79
91 93 23.32
91 94 97.01
91 95 81.39
91 96 64.64
91 97 117.0
91 98 19.85
91 99 50.25
91 100 72.12
91 101 115.16
91 102 85.42
91 103 126.15
91 104 71.25
91 105 14.32
91 106 78.64
91 107 79.08
91 108 100.62
91 109 49.34
91 110 57.57
91 111 66.21
91 112 95.86
91 113 44.18
91 114 82.3
91 115 82.07
91 116 96.02
91 117 121.3
91 118 114.87
91 119 104.01
91 120 111.83
91 121 32.89
91 122 87.64
91 123 14.76
91 124 52.35
91 125 107.63
91 126 8.06
91 127 105.68
91 128 83.86
91 129 117.69
91 130 29.7
91 131 83.77
91 132 134.2
91 133 17.72
91 134 98.51
91 135 54.38
91 136 62.63
91 137 116.69
91 138 69.38
91 139 133.06
91 140 130.6
91 141 28.02
91 142 7.62
91 143 111.66
91 144 68.54
91 145 89.16
91 146 106.23
91 147 132.23
91 148 44.65
91 149 96.05
91 150 31.06
91 151 51.87
91 152 114.56
91 153 27.07
91 154 33.3
91 155 140.8
91 156 64.03
91 157 25.94
91 158 78.85
91 159 103.17
91 160 133.66
91 161 20.62
91 162 108.91
91 163 44.29
91 164 48.92
91 165 55.23
91 166 24.17
91 167 109.11
91 168 59.03
91 169 30.81
91 170 39.12
91 171 48.1
91 172 122.97
91 173 34.13
91 174 26.63
91 175 117.72
91 176 17.03
91 177 114.42
91 178 112.01
91 179 97.8
91 180 23.35
91 181 43.57
91 182 78.55
91 183 42.01
91 184 96.6
91 185 114.49
91 186 78.26
91 187 74.33
91 188 109.49
91 189 33.29
91 190 79.06
91 191 104.24
91 192 81.74
91 193 104.48
91 194 88.28
91 195 140.26
91 196 76.56
91 197 106.1
91 198 32.65
91 199 94.15
91 200 89.69
91 201 59.82
92 0 36.72
92 1 52.01
92 2 76.03
92 3 72.17
92 4 73.44
92 5 72.01
92 6 91.92
92 7 67.01
92 8 63.69
92 9 27.46
92 10 120.92
92 11 107.8
92 12 83.74
92 13 73.5
92 14 95.41
92 15 57.01
92 16 74.97
92 17 82.07
92 18 30.48
92 19 20.1
92 20 100.3
92 21 87.28
92 22 55.54
92 23 26.4
92 24 83.29
92 25 70.38
92 26 88.57
92 27 83.93
92 28 74.09
92 29 42.05
92 30 98.08
92 31 39.29
92 32 74.46
92 33 64.26
92 34 58.31
92 35 83.76
92 36 63.06
92 37 42.19
92 38 50.25
92 39 23.6
92 40 86.38
92 41 21.59
92 42 18.0
92 43 22.83
92 44 60.22
92 45 54.78
92 46 109.29
92 47 14.42
92 48 42.54
92 49 30.87
92 50 94.02
92 51 48.17
92 52 44.78
92 53 52.8
92 54 89.09
92 55 40.25
92 56 20.0
92 57 71.12
92 58 76.28
92 59 50.09
92 60 25.5
92 61 2.83
92 62 51.62
92 63 70.0
92 64 97.74
92 65 18.25
92 66 94.85
92 67 28.6
92 68 79.31
92 69 25.02
92 70 63.13
92 71 40.31
92 72 26.93
92 73 79.2
92 74 54.23
92 75 21.1
92 76 98.68
92 77 8.06
92 78 52.7
92 79 86.37
92 80 35.85
92 81 44.28
92 82 66.03
92 83 94.85
92 84 98.41
92 85 91.26
92 86 56.22
92 87 70.88
92 88 34.99
92 89 72.25
92 90 86.31
92 91 94.79
92 93 117.69
92 94 75.15
92 95 58.25
92 96 32.25
92 97 86.4
92 98 98.79
92 99 44.55
92 100 90.09
92 101 42.06
92 102 26.93
92 103 33.11
92 104 75.24
92 105 107.3
92 106 80.06
92 107 47.68
92 108 93.41
92 109 85.91
92 110 86.58
92 111 41.3
92 112 38.28
92 113 68.31
92 114 73.16
92 115 12.73
92 116 18.38
92 117 63.82
92 118 22.8
92 119 19.7
92 120 31.62
92 121 113.65
92 122 42.72
92 123 108.9
92 124 61.4
92 125 13.04
92 126 86.98
92 127 64.07
92 128 54.82
92 129 25.3
92 130 124.48
92 131 37.95
92 132 41.23
92 133 79.4
92 134 85.62
92 135 99.82
92 136 86.58
92 137 56.61
92 138 47.04
92 139 41.44
92 140 40.26
92 141 102.73
92 142 97.67
92 143 18.68
92 144 42.05
92 145 32.7
92 146 68.8
92 147 37.64
92 148 52.15
92 149 78.39
92 150 73.57
92 151 52.0
92 152 20.25
92 153 77.03
92 154 61.52
92 155 50.29
92 156 63.2
92 157 89.69
92 158 49.24
92 159 78.72
92 160 38.9
92 161 98.47
92 162 60.14
92 163 54.59
92 164 46.4
92 165 74.67
92 166 88.51
92 167 47.42
92 168 36.24
92 169 64.82
92 170 95.52
92 171 46.86
92 172 40.31
92 173 76.48
92 174 68.62
92 175 39.85
92 176 98.18
92 177 99.36
92 178 44.41
92 179 51.04
92 180 84.22
92 181 52.8
92 182 98.33
92 183 53.08
92 184 27.02
92 185 35.47
92 186 30.02
92 187 87.02
92 188 97.05
92 189 107.79
92 190 67.47
92 191 28.02
92 192 60.17
92 193 82.76
92 194 53.14
92 195 45.61
92 196 34.01
92 197 56.22
92 198 127.4
92 199 26.4
92 200 34.01
92 201 36.72
93 0 82.04
93 1 156.16
93 2 80.06
93 3 73.98
93 4 70.83
93 5 57.49
93 6 124.26
93 7 90.55
93 8 67.45
93 9 140.19
93 10 9.85
93 11 25.63
93 12 60.41
93 13 108.17
93 14 26.57
93 15 173.95
93 16 43.57
93 17 37.12
93 18 87.21
93 19 133.0
93 20 42.3
93 21 96.52
93 22 71.87
93 23 92.63
93 24 82.22
93 25 55.46
93 26 51.09
93 27 120.0
93 28 118.88
93 29 157.08
93 30 43.1
93 31 153.94
93 32 108.12
93 33 104.12
93 34 77.47
93 35 124.46
93 36 97.12
93 37 151.03
93 38 97.8
93 39 114.81
93 40 119.07
93 41 99.04
93 42 131.83
93 43 139.32
93 44 127.12
93 45 73.74
93 46 18.25
93 47 114.69
93 48 137.88
93 49 129.62
93 50 51.79
93 51 151.16
93 52 106.44
93 53 65.07
93 54 81.0
93 55 81.99
93 56 115.11
93 57 57.72
93 58 48.08
93 59 156.82
93 60 107.42
93 61 117.92
93 62 104.39
93 63 79.31
93 64 24.33
93 65 128.14
93 66 25.96
93 67 90.0
93 68 96.02
93 69 103.94
93 70 57.2
93 71 139.99
93 72 125.0
93 73 38.95
93 74 89.16
93 75 106.85
93 76 110.07
93 77 123.79
93 78 68.48
93 79 33.62
93 80 82.73
93 81 136.34
93 82 78.45
93 83 37.12
93 84 44.15
93 85 28.65
93 86 63.29
93 87 60.75
93 88 151.32
93 89 47.01
93 90 50.0
93 91 23.32
93 92 117.69
93 94 111.0
93 95 102.96
93 96 87.92
93 97 130.54
93 98 25.5
93 99 73.25
93 100 81.01
93 101 138.29
93 102 108.71
93 103 148.52
93 104 84.17
93 105 10.82
93 106 90.55
93 107 101.53
93 108 111.02
93 109 59.21
93 110 67.07
93 111 86.53
93 112 118.85
93 113 60.93
93 114 102.12
93 115 105.0
93 116 117.8
93 117 139.09
93 118 137.21
93 119 127.32
93 120 133.0
93 121 25.5
93 122 110.39
93 123 13.04
93 124 74.22
93 125 130.6
93 126 31.38
93 127 127.28
93 128 105.76
93 129 140.04
93 130 9.06
93 131 103.59
93 132 157.41
93 133 40.72
93 134 110.45
93 135 58.69
93 136 79.51
93 137 135.15
93 138 92.03
93 139 155.13
93 140 152.5
93 141 37.64
93 142 23.54
93 143 134.81
93 144 88.51
93 145 112.31
93 146 127.42
93 147 154.94
93 148 66.53
93 149 109.33
93 150 52.89
93 151 74.85
93 152 137.24
93 153 44.78
93 154 56.4
93 155 162.61
93 156 85.16
93 157 43.0
93 158 97.08
93 159 123.15
93 160 156.46
93 161 33.24
93 162 126.29
93 163 65.44
93 164 71.45
93 165 68.66
93 166 42.05
93 167 131.91
93 168 82.2
93 169 53.04
93 170 45.01
93 171 70.84
93 172 144.03
93 173 54.74
93 174 49.93
93 175 138.4
93 176 24.04
93 177 125.02
93 178 135.0
93 179 115.95
93 180 38.48
93 181 66.89
93 182 85.48
93 183 65.22
93 184 119.88
93 185 137.77
93 186 101.53
93 187 91.55
93 188 120.02
93 189 31.05
93 190 93.86
93 191 127.53
93 192 98.03
93 193 124.02
93 194 110.35
93 195 163.25
93 196 99.74
93 197 128.32
93 198 10.3
93 199 115.21
93 200 112.81
93 201 82.04
94 0 61.61
94 1 69.92
94 2 31.05
94 3 37.22
94 4 40.31
94 5 102.18
94 6 155.88
94 7 120.67
94 8 101.08
94 9 73.17
94 10 119.22
94 11 118.04
94 12 50.96
94 13 134.83
94 14 84.85
94 15 103.82
94 16 87.48
94 17 92.78
94 18 68.77
94 19 71.02
94 20 71.87
94 21 140.66
94 22 94.89
94 23 61.52
94 24 130.18
94 25 59.08
94 26 115.95
94 27 147.99
94 28 8.6
94 29 86.21
94 30 70.23
94 31 108.26
94 32 135.59
94 33 12.04
94 34 39.29
94 35 14.14
94 36 17.46
94 37 72.69
94 38 109.79
94 39 52.2
94 40 149.58
94 41 59.82
94 42 91.76
94 43 79.91
94 44 131.03
94 45 95.88
94 46 94.11
94 47 60.93
94 48 117.62
94 49 55.15
94 50 121.75
94 51 65.97
94 52 30.41
94 53 69.08
94 54 35.0
94 55 84.4
94 56 55.71
94 57 101.24
94 58 98.23
94 59 73.25
94 60 92.62
94 61 77.82
94 62 23.85
94 63 32.06
94 64 105.04
94 65 66.49
94 66 102.08
94 67 75.01
94 68 133.96
94 69 89.5
94 70 64.33
94 71 115.45
94 72 54.74
94 73 80.16
94 74 30.41
94 75 87.8
94 76 25.02
94 77 73.05
94 78 85.42
94 79 96.52
94 80 62.2
94 81 49.65
94 82 34.06
94 83 74.22
94 84 121.02
94 85 84.29
94 86 82.86
94 87 52.0
94 88 86.02
94 89 88.29
94 90 112.79
94 91 97.01
94 92 75.15
94 93 111.0
94 95 119.67
94 96 79.4
94 97 20.02
94 98 85.51
94 99 72.56
94 100 35.61
94 101 117.17
94 102 94.81
94 103 82.02
94 104 26.93
94 105 101.12
94 106 21.95
94 107 109.62
94 108 19.1
94 109 52.5
94 110 45.69
94 111 45.8
94 112 109.62
94 113 53.08
94 114 131.82
94 115 71.85
94 116 58.19
94 117 36.89
94 118 74.67
94 119 94.85
94 120 58.03
94 121 91.76
94 122 109.88
94 123 110.29
94 124 104.32
94 125 82.86
94 126 93.19
94 127 134.32
94 128 118.11
94 129 76.42
94 130 120.03
94 131 37.74
94 132 107.2
94 133 93.38
94 134 11.05
94 135 59.17
94 136 131.48
94 137 37.7
94 138 102.94
94 139 82.3
94 140 78.31
94 141 120.93
94 142 104.02
94 143 90.14
94 144 42.8
94 145 102.0
94 146 138.29
94 147 92.05
94 148 64.62
94 149 4.12
94 150 99.62
94 151 93.3
94 152 80.41
94 153 70.01
94 154 78.75
94 155 84.53
94 156 113.99
94 157 111.2
94 158 29.0
94 159 144.96
94 160 95.08
94 161 113.64
94 162 25.63
94 163 61.35
94 164 67.54
94 165 42.43
94 166 109.04
94 167 121.26
94 168 75.0
94 169 73.98
94 170 67.68
94 171 69.77
94 172 63.51
94 173 105.3
94 174 84.65
94 175 56.32
94 176 87.13
94 177 24.84
94 178 119.08
94 179 26.17
94 180 74.17
94 181 82.29
94 182 38.42
94 183 77.88
94 184 100.17
94 185 110.57
94 186 92.76
94 187 138.06
94 188 21.95
94 189 84.15
94 190 18.11
94 191 102.88
94 192 18.87
94 193 148.52
94 194 118.83
94 195 104.08
94 196 95.48
94 197 128.0
94 198 120.83
94 199 49.65
94 200 103.41
94 201 61.61
95 0 58.8
95 1 109.77
95 2 105.95
95 3 98.79
95 4 98.11
95 5 45.54
95 6 36.24
95 7 14.87
95 8 36.06
95 9 84.29
95 10 101.24
95 11 82.28
95 12 102.16
95 13 15.65
95 14 92.14
95 15 104.56
95 16 64.07
95 17 68.07
95 18 50.93
95 19 77.65
95 20 108.26
95 21 30.41
95 22 34.53
95 23 58.41
95 24 32.2
95 25 82.64
95 26 55.04
95 27 28.32
95 28 121.82
95 29 95.19
95 30 106.51
95 31 71.87
95 32 16.55
95 33 107.63
95 34 86.61
95 35 131.65
95 36 103.24
95 37 99.32
95 38 9.9
95 39 77.47
95 40 30.0
95 41 61.59
95 42 57.31
95 43 77.01
95 44 24.35
95 45 32.56
95 46 104.02
95 47 69.29
95 48 43.83
95 49 88.6
95 50 57.8
95 51 106.21
95 52 91.84
95 53 59.51
95 54 117.99
95 55 36.62
95 56 74.46
95 57 45.4
95 58 55.33
95 59 107.38
95 60 32.76
95 61 55.9
95 62 96.83
95 63 99.86
95 64 78.64
95 65 76.49
95 66 77.1
95 67 44.69
95 68 22.56
95 69 33.84
95 70 71.87
95 71 48.02
95 72 84.12
95 73 75.54
95 74 90.55
95 75 37.36
95 76 138.29
95 77 65.92
95 78 43.01
95 79 70.35
95 80 58.05
95 81 101.83
95 82 95.44
95 83 99.46
95 84 65.3
95 85 87.14
95 86 48.76
95 87 88.14
95 88 87.21
95 89 60.07
95 90 54.78
95 91 81.39
95 92 58.25
95 93 102.96
95 94 119.67
95 96 40.31
95 97 135.8
95 98 96.13
95 99 51.11
95 100 118.85
95 101 44.65
95 102 31.4
95 103 87.02
95 104 107.42
95 105 95.63
95 106 114.81
95 107 10.77
95 108 134.47
95 109 103.62
95 110 108.69
95 111 74.25
95 112 26.57
95 113 85.0
95 114 15.03
95 115 52.39
95 116 74.33
95 117 119.51
95 118 79.23
95 119 49.37
95 120 89.74
95 121 112.04
95 122 17.26
95 123 90.47
95 124 29.07
95 125 64.01
95 126 74.11
95 127 24.33
95 128 4.47
95 129 81.1
95 130 106.04
95 131 84.05
95 132 77.49
95 133 64.07
95 134 127.99
95 135 116.38
95 136 36.4
95 137 112.4
95 138 17.2
95 139 96.02
95 140 96.02
95 141 72.01
95 142 79.43
95 143 62.29
95 144 77.08
95 145 27.02
95 146 25.02
95 147 86.83
95 148 63.06
95 149 121.66
95 150 50.36
95 151 33.24
95 152 74.01
95 153 81.25
95 154 57.72
95 155 105.04
95 156 18.03
95 157 61.35
95 158 90.69
95 159 26.08
95 160 86.31
95 161 72.11
95 162 112.87
95 163 67.54
95 164 56.94
95 165 98.01
95 166 61.68
95 167 33.97
95 168 45.45
95 169 65.25
95 170 105.02
95 171 55.07
95 172 98.48
95 173 48.27
95 174 59.41
95 175 97.98
95 176 94.05
95 177 144.31
95 178 39.2
95 179 101.55
95 180 86.31
95 181 46.49
95 182 127.77
95 183 51.26
95 184 36.35
95 185 48.75
95 186 29.15
95 187 31.62
95 188 140.72
95 189 109.46
95 190 105.48
95 191 42.45
95 192 101.14
95 193 29.21
95 194 9.22
95 195 88.32
95 196 25.5
95 197 26.42
95 198 109.9
95 199 80.11
95 200 26.08
95 201 58.8
96 0 18.87
96 1 81.39
96 2 67.08
96 3 60.54
96 4 60.41
96 5 39.81
96 6 76.49
96 7 42.54
96 8 32.02
96 9 58.87
96 10 90.14
96 11 75.93
96 12 66.91
96 13 55.44
96 14 68.35
96 15 89.05
96 16 44.41
96 17 51.22
96 18 10.63
96 19 51.26
96 20 78.31
96 21 63.32
96 22 23.77
96 23 18.79
96 24 55.73
96 25 49.01
96 26 56.46
96 27 68.62
96 28 81.84
96 29 74.24
96 30 76.24
96 31 66.03
96 32 56.22
96 33 67.36
96 34 47.41
96 35 91.61
96 36 62.94
96 37 72.8
96 38 30.41
96 39 42.11
96 40 70.18
96 41 23.54
96 42 44.05
96 43 55.07
96 44 55.15
96 45 23.35
96 46 82.08
96 47 36.22
96 48 53.46
96 49 56.08
96 50 62.03
96 51 76.94
96 52 52.35
96 53 26.31
96 54 79.71
96 55 8.25
96 56 40.0
96 57 38.91
96 58 44.2
96 59 80.28
96 60 21.21
96 61 31.62
96 62 56.86
96 63 60.83
96 64 66.53
96 65 47.8
96 66 63.78
96 67 5.1
96 68 55.95
96 69 17.26
96 70 39.12
96 71 54.34
96 72 51.04
96 73 51.08
96 74 50.33
96 75 19.31
96 76 98.23
96 77 39.81
96 78 20.62
96 79 55.32
96 80 18.03
96 81 68.07
96 82 56.36
96 83 71.02
96 84 66.19
96 85 63.69
96 86 24.84
96 87 52.61
96 88 67.23
96 89 41.23
96 90 54.13
96 91 64.64
96 92 32.25
96 93 87.92
96 94 79.4
96 95 40.31
96 97 95.96
96 98 72.11
96 99 16.28
96 100 80.62
96 101 53.6
96 102 23.09
96 103 65.3
96 104 68.1
96 105 78.03
96 106 75.17
96 107 30.61
96 108 94.26
96 109 68.73
96 110 72.28
96 111 33.97
96 112 37.22
96 113 49.5
96 114 52.7
96 115 20.25
96 116 41.11
96 117 82.71
96 118 54.63
96 119 39.45
96 120 58.31
96 121 87.93
96 122 33.24
96 123 78.1
96 124 31.02
96 125 44.2
96 126 56.61
96 127 57.7
96 128 39.05
96 129 57.27
96 130 94.02
96 131 44.72
96 132 69.66
96 133 48.17
96 134 87.69
96 135 82.49
96 136 58.31
96 137 75.93
96 138 23.6
96 139 73.41
96 140 71.87
96 141 70.49
96 142 66.6
96 143 47.38
96 144 36.77
96 145 29.07
96 146 60.9
96 147 69.63
96 148 28.0
96 149 81.34
96 150 41.34
96 151 20.4
96 152 52.48
96 153 51.97
96 154 31.76
96 155 82.08
96 156 36.69
96 157 57.45
96 158 50.45
96 159 65.95
96 160 70.6
96 161 66.4
96 162 74.46
96 163 32.06
96 164 21.0
96 165 60.73
96 166 56.3
96 167 51.16
96 168 7.0
96 169 37.0
96 170 74.11
96 171 20.1
96 172 68.88
96 173 44.28
96 174 38.01
96 175 66.12
96 176 70.94
96 177 104.0
96 178 52.04
96 179 62.65
96 180 58.69
96 181 21.26
96 182 89.55
96 183 22.83
96 184 33.73
96 185 51.24
96 186 17.12
96 187 61.68
96 188 100.41
96 189 83.2
96 190 65.3
96 191 40.8
96 192 60.83
96 193 69.35
96 194 40.5
96 195 76.42
96 196 18.03
96 197 53.45
96 198 97.2
96 199 44.28
96 200 30.15
96 201 18.87
97 0 79.18
97 1 68.0
97 2 50.49
97 3 57.08
97 4 60.13
97 5 121.46
97 6 172.0
97 7 138.06
97 8 119.77
97 9 78.11
97 10 138.92
97 11 138.06
97 12 70.21
97 13 151.24
97 14 104.58
97 15 104.24
97 16 107.35
97 17 112.75
97 18 85.44
97 19 77.88
97 20 90.52
97 21 158.42
97 22 113.22
97 23 77.42
97 24 148.56
97 25 79.1
97 26 135.59
97 27 164.01
97 28 14.32
97 29 88.12
97 30 89.02
97 31 114.95
97 32 152.05
97 33 30.36
97 34 59.03
97 35 6.08
97 36 36.88
97 37 73.68
97 38 126.02
97 39 62.8
97 40 165.8
97 41 74.52
97 42 101.36
97 43 86.16
97 44 144.97
97 45 114.06
97 46 113.36
97 47 72.01
97 48 128.71
97 49 60.93
97 50 141.44
97 51 65.12
97 52 44.05
97 53 88.23
97 54 52.0
97 55 101.71
97 56 66.4
97 57 120.5
97 58 117.9
97 59 72.03
97 60 106.79
97 61 89.2
97 62 39.12
97 63 52.01
97 64 125.06
97 65 74.24
97 66 122.1
97 67 91.26
97 68 151.45
97 69 104.06
97 70 84.17
97 71 125.94
97 72 62.18
97 73 100.18
97 74 49.34
97 75 101.83
97 76 30.61
97 77 82.68
97 78 104.0
97 79 116.52
97 80 79.65
97 81 51.42
97 82 54.08
97 83 93.56
97 84 140.89
97 85 104.17
97 86 101.84
97 87 72.01
97 88 89.74
97 89 108.06
97 90 132.44
97 91 117.0
97 92 86.4
97 93 130.54
97 94 20.02
97 95 135.8
97 96 95.96
97 98 105.08
97 99 90.87
97 100 52.39
97 101 128.14
97 102 108.9
97 103 85.87
97 104 46.39
97 105 120.81
97 106 40.26
97 107 125.42
97 108 25.46
97 109 71.59
97 110 64.29
97 111 63.51
97 112 123.11
97 113 73.11
97 114 148.66
97 115 85.56
97 116 68.24
97 117 32.0
97 118 80.78
97 119 105.68
97 120 62.97
97 121 110.44
97 122 124.58
97 123 130.19
97 124 122.58
97 125 91.79
97 126 113.22
97 127 148.49
97 128 133.84
97 129 81.93
97 130 139.59
97 131 51.86
97 132 112.89
97 133 113.28
97 134 21.47
97 135 76.69
97 136 150.08
97 137 36.5
97 138 119.54
97 139 84.01
97 140 80.06
97 141 140.91
97 142 124.04
97 143 98.88
97 144 60.37
97 145 115.97
97 146 152.76
97 147 95.8
97 148 83.82
97 149 21.21
97 150 119.1
97 151 111.36
97 152 87.32
97 153 90.02
97 154 98.23
97 155 84.1
97 156 131.61
97 157 131.03
97 158 46.07
97 159 160.43
97 160 98.95
97 161 133.63
97 162 27.31
97 163 80.78
97 164 86.16
97 165 62.2
97 166 128.89
97 167 133.69
97 168 92.28
97 169 93.74
97 170 86.59
97 171 88.39
97 172 65.12
97 173 124.72
97 174 104.35
97 175 58.69
97 176 106.79
97 177 18.44
97 178 130.8
97 179 35.47
97 180 94.09
97 181 101.02
97 182 52.7
97 183 96.8
97 184 112.81
97 185 120.95
97 186 107.81
97 187 156.08
97 188 20.12
97 189 102.88
97 190 38.12
97 191 114.4
97 192 37.64
97 193 164.15
97 194 134.06
97 195 107.71
97 196 110.89
97 197 141.53
97 198 140.25
97 199 60.0
97 200 117.38
97 201 79.18
98 0 62.13
98 1 133.06
98 2 54.59
98 3 48.51
98 4 45.35
98 5 52.39
98 6 123.49
98 7 86.31
98 8 60.41
98 9 119.0
98 10 34.01
98 11 38.95
98 12 35.06
98 13 104.74
98 14 4.0
98 15 153.53
98 16 32.06
98 17 29.12
98 18 68.88
98 19 112.16
98 20 19.72
98 21 97.5
98 22 62.01
98 23 72.67
98 24 83.01
98 25 31.4
98 26 53.85
98 27 117.9
98 28 93.39
98 29 136.03
98 30 19.7
98 31 136.85
98 32 104.92
98 33 78.75
98 34 52.84
98 35 98.99
98 36 71.78
98 37 128.76
98 38 89.02
98 39 92.63
98 40 117.63
98 41 78.6
98 42 114.49
98 43 119.2
98 44 119.04
98 45 64.01
98 46 10.63
98 47 93.72
98 48 124.91
98 49 106.96
98 50 57.2
98 51 128.06
98 52 82.15
98 53 46.52
98 54 56.22
98 55 67.91
98 56 93.38
98 57 52.17
98 58 42.45
98 59 134.06
98 60 93.01
98 61 99.48
98 62 79.61
98 63 53.85
98 64 28.32
98 65 107.06
98 66 26.91
98 67 73.01
98 68 94.92
98 69 89.19
98 70 35.81
98 71 126.24
98 72 102.59
98 73 21.38
98 74 64.41
98 75 91.42
98 76 85.48
98 77 104.04
98 78 55.58
98 79 28.64
98 80 62.97
98 81 112.65
98 82 53.14
98 83 12.17
98 84 51.66
98 85 9.0
98 86 49.65
98 87 35.78
98 88 130.87
98 89 36.06
98 90 51.48
98 91 19.85
98 92 98.79
98 93 25.5
98 94 85.51
98 95 96.13
98 96 72.11
98 97 105.08
98 99 56.08
98 100 56.32
98 101 125.16
98 102 94.64
98 103 127.78
98 104 58.69
98 105 16.03
98 106 65.19
98 107 92.14
98 108 86.05
98 109 34.0
98 110 42.05
98 111 63.7
98 112 106.89
98 113 36.36
98 114 99.04
98 115 86.45
98 116 96.26
98 117 114.13
98 118 116.52
98 119 111.09
98 120 110.45
98 121 16.12
98 122 99.72
98 123 27.2
98 124 67.36
98 125 111.83
98 126 23.77
98 127 120.0
98 128 98.01
98 129 119.33
98 130 34.53
98 131 80.0
98 132 139.67
98 133 32.98
98 134 85.15
98 135 35.85
98 136 81.44
98 137 110.48
98 138 82.15
98 139 133.73
98 140 130.83
98 141 47.51
98 142 26.91
98 143 116.85
98 144 65.3
98 145 99.46
98 146 121.15
98 147 135.0
98 148 46.65
98 149 83.86
98 150 47.3
98 151 64.12
98 152 117.41
98 153 22.02
98 154 41.0
98 155 140.72
98 156 79.76
98 157 45.49
98 158 72.56
98 159 119.52
98 160 136.82
98 161 40.31
98 162 101.24
98 163 44.41
98 164 52.77
98 165 43.17
98 166 43.57
98 167 120.67
98 168 65.55
98 169 35.11
98 170 20.88
98 171 52.8
98 172 121.26
98 173 51.55
98 174 37.05
98 175 115.26
98 176 2.83
98 177 100.04
98 178 122.78
98 179 91.24
98 180 14.87
98 181 52.95
98 182 61.61
98 183 49.73
98 184 105.65
98 185 123.33
98 186 87.8
98 187 92.85
98 188 95.05
98 189 13.93
98 190 68.41
98 191 112.89
98 192 72.8
98 193 121.2
98 194 102.02
98 195 144.22
98 196 86.88
98 197 119.27
98 198 35.44
98 199 92.7
98 200 100.22
98 201 62.13
99 0 13.0
99 1 88.6
99 2 55.0
99 3 47.71
99 4 47.01
99 5 33.02
99 6 86.05
99 7 48.84
99 8 29.12
99 9 68.8
99 10 76.38
99 11 64.14
99 12 51.92
99 13 64.82
99 14 52.39
99 15 101.32
99 16 30.48
99 17 37.64
99 18 14.21
99 19 61.29
99 20 62.13
99 21 68.24
99 22 22.36
99 23 21.54
99 24 57.7
99 25 33.24
99 26 49.37
99 27 78.6
99 28 76.56
99 29 85.21
99 30 60.07
99 31 81.12
99 32 65.44
99 33 60.83
99 34 36.07
99 35 85.87
99 36 55.23
99 37 81.39
99 38 41.59
99 39 46.84
99 40 79.65
99 41 28.23
99 42 58.83
99 43 66.71
99 44 69.38
99 45 23.32
99 46 66.21
99 47 43.83
99 48 69.72
99 49 61.98
99 50 55.33
99 51 83.82
99 52 49.82
99 53 10.05
99 54 66.89
99 55 14.87
99 56 45.88
99 57 32.02
99 58 33.84
99 59 88.24
99 60 37.48
99 61 44.69
99 62 52.5
99 63 49.04
99 64 53.41
99 65 56.94
99 66 50.45
99 67 17.0
99 68 61.85
99 69 33.54
99 70 23.0
99 71 70.61
99 72 56.92
99 73 35.36
99 74 42.19
99 75 35.44
99 76 88.41
99 77 51.09
99 78 13.34
99 79 42.01
99 80 13.04
99 81 72.18
99 82 44.69
99 83 54.74
99 84 57.72
99 85 47.85
99 86 13.34
99 87 37.64
99 88 78.87
99 89 28.02
99 90 46.53
99 91 50.25
99 92 44.55
99 93 73.25
99 94 72.56
99 95 51.11
99 96 16.28
99 97 90.87
99 98 56.08
99 100 67.74
99 101 69.87
99 102 39.32
99 103 76.4
99 104 56.73
99 105 63.01
99 106 64.38
99 107 43.08
99 108 85.15
99 109 53.6
99 110 57.94
99 111 27.51
99 112 53.01
99 113 34.48
99 114 60.88
99 115 31.83
99 116 47.93
99 117 83.15
99 118 65.22
99 119 55.04
99 120 64.85
99 121 71.78
99 122 47.85
99 123 64.38
99 124 31.76
99 125 57.38
99 126 42.43
99 127 71.47
99 128 50.99
99 129 68.01
99 130 79.93
99 131 43.19
99 132 84.31
99 133 35.23
99 134 79.4
99 135 67.08
99 136 59.24
99 137 77.01
99 138 34.0
99 139 83.76
99 140 81.63
99 141 60.75
99 142 53.26
99 143 61.61
99 144 30.68
99 145 45.01
99 146 74.09
99 147 82.07
99 148 12.37
99 149 73.78
99 150 32.56
99 151 20.81
99 152 64.44
99 153 35.69
99 154 16.97
99 155 91.92
99 156 41.87
99 157 48.08
99 158 44.94
99 159 77.18
99 160 83.44
99 161 55.46
99 162 72.99
99 163 16.76
99 164 5.83
99 165 46.96
99 166 46.49
99 167 67.01
99 168 9.49
99 169 21.02
99 170 58.01
99 171 4.12
99 172 75.96
99 173 37.12
99 174 24.21
99 175 71.84
99 176 55.04
99 177 96.26
99 178 68.18
99 179 60.83
99 180 42.45
99 181 11.0
99 182 76.66
99 183 8.94
99 184 50.01
99 185 67.45
99 186 33.02
99 187 65.51
99 188 92.2
99 189 66.94
99 190 56.4
99 191 57.01
99 192 53.71
99 193 80.16
99 194 53.49
99 195 90.03
99 196 33.14
99 197 68.25
99 198 82.88
99 199 48.27
99 200 46.0
99 201 13.0
100 0 62.03
100 1 101.12
100 2 14.14
100 3 20.12
100 4 20.81
100 5 88.73
100 6 153.45
100 7 115.42
100 8 91.24
100 9 97.74
100 10 90.14
100 11 93.41
100 12 22.47
100 13 132.31
100 14 56.89
100 15 131.55
100 16 69.34
100 17 72.47
100 18 71.17
100 19 93.38
100 20 39.2
100 21 133.0
100 22 87.46
100 23 67.68
100 24 120.24
100 25 39.82
100 26 98.79
100 27 146.17
100 28 44.2
100 29 113.23
100 30 38.05
100 31 128.14
100 32 132.88
100 33 35.51
100 34 33.53
100 35 46.52
100 36 31.38
100 37 101.39
100 38 109.27
100 39 71.7
100 40 147.05
100 41 69.58
100 42 108.07
100 43 102.26
100 44 135.77
100 45 89.02
100 46 63.03
100 47 78.1
100 48 129.44
100 49 80.65
100 50 103.94
100 51 96.6
100 52 50.96
100 53 60.0
100 54 1.0
100 55 82.37
100 56 74.43
100 57 87.97
100 58 81.84
100 59 103.75
100 60 99.33
100 61 92.2
100 62 44.6
100 63 20.4
100 64 80.96
100 65 88.12
100 66 78.43
100 67 77.83
100 68 127.66
100 69 95.51
100 70 49.5
100 71 128.57
100 72 78.34
100 73 58.59
100 74 36.01
100 75 95.34
100 76 29.15
100 77 91.09
100 78 77.62
100 79 75.15
100 80 62.97
100 81 79.61
100 82 24.74
100 83 44.18
100 84 101.08
100 85 57.97
100 86 73.0
100 87 32.56
100 88 111.09
100 89 71.61
100 90 95.72
100 91 72.12
100 92 90.09
100 93 81.01
100 94 35.61
100 95 118.85
100 96 80.62
100 97 52.39
100 98 56.32
100 99 67.74
100 101 129.25
100 102 101.53
100 103 107.2
100 104 15.13
100 105 72.34
100 106 14.21
100 107 110.48
100 108 30.15
100 109 22.8
100 110 14.56
100 111 49.82
100 112 116.69
100 113 35.36
100 114 128.0
100 115 82.04
100 116 77.52
100 117 71.51
100 118 97.67
100 119 108.66
100 120 84.12
100 121 58.86
100 122 113.85
100 123 83.19
100 124 96.43
100 125 101.04
100 126 70.77
100 127 138.29
100 128 118.6
100 129 100.02
100 130 90.0
100 131 54.59
100 132 128.56
100 133 74.43
100 134 31.02
100 135 24.35
100 136 120.42
100 137 70.8
100 138 101.71
100 139 109.73
100 140 105.95
100 141 99.16
100 142 79.7
100 143 108.0
100 144 48.37
100 145 108.47
100 146 141.33
100 147 116.71
100 148 56.04
100 149 32.45
100 150 84.81
100 151 87.2
100 152 101.83
100 153 47.89
100 154 65.76
100 155 113.85
100 156 108.23
100 157 92.18
100 158 42.58
100 159 144.92
100 160 119.44
100 161 91.55
100 162 59.03
100 163 51.61
100 164 61.91
100 165 21.26
100 166 89.94
100 167 130.08
100 168 74.25
100 169 58.8
100 170 36.0
100 171 63.81
100 172 92.31
100 173 90.6
100 174 69.03
100 175 85.09
100 176 58.55
100 177 44.1
100 178 129.52
100 179 54.12
100 180 49.04
100 181 74.03
100 182 8.94
100 183 69.03
100 184 109.88
100 185 124.17
100 186 97.14
100 187 129.4
100 188 39.12
100 189 51.48
100 190 26.0
100 191 114.76
100 192 34.18
100 193 147.87
100 194 120.75
100 195 128.27
100 196 98.62
100 197 133.9
100 198 90.09
100 199 70.04
100 200 109.73
100 201 62.03
101 0 69.03
101 1 81.41
101 2 115.12
101 3 110.03
101 4 110.65
101 5 82.68
101 6 65.03
101 7 59.2
101 8 72.4
101 9 56.86
101 10 138.71
101 11 121.49
101 12 119.04
101 13 54.08
101 14 121.3
101 15 65.03
101 16 95.27
101 17 101.24
101 18 60.0
101 19 53.15
101 20 131.86
101 21 73.41
101 22 66.65
101 23 61.66
101 24 76.84
101 25 102.24
101 26 96.05
101 27 58.31
101 28 116.11
101 29 61.03
101 30 129.76
101 31 30.02
101 32 55.03
101 33 106.1
101 34 96.03
101 35 125.72
101 36 104.4
101 37 70.24
101 38 43.86
101 39 65.51
101 40 61.4
101 41 59.91
101 42 27.59
101 43 47.71
101 44 29.07
101 45 64.88
101 46 134.77
101 47 56.44
101 48 1.0
101 49 69.31
101 50 99.9
101 51 79.4
101 52 86.76
101 53 79.91
101 54 128.27
101 55 57.28
101 56 61.91
101 57 82.15
101 58 90.82
101 59 77.82
101 60 32.39
101 61 39.36
101 62 93.52
101 63 108.85
101 64 114.95
101 65 55.17
101 66 112.7
101 67 54.08
101 68 66.19
101 69 36.35
101 70 92.66
101 71 4.0
101 72 66.71
101 73 103.85
101 74 94.37
101 75 35.01
101 76 140.39
101 77 45.61
101 78 70.23
101 79 104.69
101 80 68.03
101 81 82.07
101 82 104.56
101 83 124.62
101 84 106.67
101 85 116.48
101 86 75.89
101 87 105.0
101 88 53.49
101 89 91.55
101 90 95.0
101 91 115.16
101 92 42.06
101 93 138.29
101 94 117.17
101 95 44.65
101 96 53.6
101 97 128.14
101 98 125.16
101 99 69.87
101 100 129.25
101 102 30.59
101 103 55.04
101 104 114.98
101 105 129.24
101 106 120.6
101 107 39.62
101 108 135.25
101 109 121.02
101 110 123.41
101 111 79.43
101 112 20.0
101 113 102.0
101 114 57.27
101 115 47.3
101 116 59.91
101 117 103.25
101 118 52.2
101 119 22.47
101 120 68.62
101 121 141.16
101 122 29.73
101 123 127.02
101 124 66.61
101 125 37.48
101 126 107.15
101 127 33.02
101 128 40.22
101 129 52.7
101 130 143.13
101 131 79.71
101 132 36.01
101 133 97.58
101 134 127.53
101 135 135.0
101 136 81.02
101 137 96.21
101 138 47.43
101 139 63.32
101 140 64.88
101 141 112.8
101 142 115.38
101 143 31.4
101 144 81.02
101 145 26.0
101 146 38.0
101 147 50.7
101 148 81.39
101 149 120.34
101 150 86.45
101 151 63.51
101 152 45.22
101 153 105.55
101 154 84.2
101 155 71.47
101 156 60.11
101 157 100.69
101 158 90.48
101 159 51.09
101 160 49.03
101 161 111.22
101 162 101.4
101 163 85.21
101 164 74.43
101 165 111.45
101 166 100.4
101 167 12.17
101 168 60.53
101 169 90.24
101 170 127.57
101 171 73.68
101 172 73.24
101 173 86.53
101 174 89.2
101 175 75.93
101 176 123.76
101 177 141.42
101 178 6.08
101 179 92.96
101 180 112.18
101 181 72.42
101 182 137.87
101 183 75.43
101 184 20.02
101 185 8.06
101 186 37.36
101 187 75.59
101 188 139.09
101 189 136.69
101 190 108.47
101 191 14.56
101 192 101.59
101 193 55.04
101 194 35.51
101 195 48.01
101 196 38.63
101 197 24.08
101 198 146.69
101 199 68.26
101 200 25.5
101 201 69.03
102 0 39.81
102 1 78.41
102 2 87.6
102 3 81.74
102 4 82.0
102 5 55.17
102 6 65.31
102 7 41.44
102 8 45.28
102 9 53.04
102 10 109.84
102 11 93.72
102 12 89.45
102 13 46.57
102 14 90.8
102 15 76.32
102 16 65.31
102 17 71.59
102 18 30.59
102 19 46.27
102 20 101.4
102 21 61.0
102 22 38.29
102 23 34.44
102 24 58.69
102 25 72.01
102 26 70.29
102 27 57.27
102 28 95.52
102 29 64.94
102 30 99.32
102 31 47.51
102 32 47.54
102 33 83.01
102 34 68.01
102 35 105.42
102 36 79.92
102 37 68.07
102 38 24.08
102 39 47.71
102 40 59.62
102 41 35.0
102 42 28.23
102 43 46.17
102 44 36.24
102 45 36.8
102 46 104.36
102 47 38.95
102 48 30.41
102 49 57.58
102 50 75.0
102 51 74.81
102 52 65.12
102 53 49.37
102 54 100.58
102 55 26.93
102 56 44.42
102 57 54.49
102 58 62.2
102 59 76.11
102 60 2.24
102 61 24.52
102 62 71.06
102 63 81.27
102 64 85.98
102 65 45.12
102 66 83.53
102 67 24.19
102 68 53.0
102 69 6.08
102 70 62.2
102 71 31.62
102 72 53.31
102 73 73.38
102 74 68.43
102 75 7.07
102 76 116.11
102 77 34.53
102 78 40.25
102 79 75.29
102 80 38.83
102 81 70.94
102 82 76.84
102 83 94.05
102 84 80.81
102 85 86.02
102 86 45.69
102 87 75.24
102 88 57.07
102 89 61.72
102 90 68.68
102 91 85.42
102 92 26.93
102 93 108.71
102 94 94.81
102 95 31.4
102 96 23.09
102 97 108.9
102 98 94.64
102 99 39.32
102 100 101.53
102 101 30.59
102 103 56.44
102 104 88.02
102 105 99.32
102 106 94.43
102 107 21.02
102 108 111.52
102 109 91.35
102 110 94.37
102 111 52.39
102 112 15.23
102 113 72.17
102 114 46.39
102 115 23.35
102 116 43.83
102 117 89.55
102 118 48.01
102 119 21.1
102 120 58.52
102 121 110.6
102 122 16.12
102 123 97.94
102 124 40.8
102 125 33.24
102 126 77.37
102 127 39.62
102 128 27.89
102 129 50.01
102 130 114.06
102 131 57.38
102 132 52.2
102 133 68.1
102 134 104.29
102 135 105.23
102 136 62.36
102 137 82.37
102 138 22.85
102 139 65.38
102 140 65.07
102 141 86.28
102 142 86.28
102 143 32.89
102 144 54.56
102 145 7.21
102 146 43.86
102 147 57.57
102 148 51.04
102 149 97.42
102 150 58.26
102 151 34.83
102 152 43.19
102 153 74.97
102 154 53.76
102 155 74.43
102 156 38.9
102 157 73.55
102 158 66.29
102 159 52.48
102 160 57.58
102 161 83.63
102 162 84.2
102 163 55.0
102 164 44.05
102 165 82.57
102 166 72.92
102 167 28.64
102 168 30.07
102 169 59.67
102 170 97.19
102 171 43.19
102 172 67.08
102 173 59.4
102 174 59.09
102 175 66.76
102 176 93.3
102 177 119.63
102 178 29.0
102 179 73.66
102 180 81.58
102 181 42.15
102 182 110.37
102 183 44.92
102 184 11.18
102 185 29.07
102 186 7.21
102 187 61.2
102 188 116.61
102 189 106.1
102 190 83.24
102 191 18.87
102 192 77.39
102 193 56.44
102 194 26.4
102 195 61.29
102 196 10.0
102 197 33.29
102 198 117.48
102 199 50.48
102 200 8.6
102 201 39.81
103 0 66.48
103 1 26.63
103 2 94.25
103 3 92.85
103 4 94.94
103 5 105.1
103 6 116.9
103 7 97.87
103 8 96.77
103 9 9.49
103 10 152.5
103 11 140.35
103 12 106.89
103 13 101.12
103 14 124.74
103 15 25.81
103 16 106.83
103 17 114.02
103 18 62.2
103 19 15.62
103 20 126.05
103 21 117.21
103 22 88.64
103 23 55.9
103 24 114.93
103 25 97.42
103 26 121.67
103 27 109.33
103 28 77.52
103 29 8.94
103 30 123.82
103 31 31.24
103 32 102.12
103 33 74.33
103 34 80.5
103 35 85.51
103 36 76.3
103 37 15.62
103 38 80.5
103 39 36.67
103 40 112.15
103 41 49.5
103 42 30.27
103 43 10.44
103 44 81.74
103 45 87.85
103 46 138.41
103 47 34.06
103 48 55.95
103 49 27.07
103 50 127.12
103 51 25.46
103 52 56.29
103 53 83.55
103 54 106.23
103 55 73.35
103 56 34.99
103 57 104.2
103 58 109.08
103 59 22.83
103 60 55.73
103 61 34.18
103 62 62.97
103 63 89.2
103 64 129.81
103 65 20.81
103 66 126.82
103 67 61.4
103 68 109.22
103 69 56.52
103 70 92.1
103 71 51.43
103 72 28.86
103 73 109.6
103 74 72.45
103 75 52.39
103 76 107.04
103 77 25.55
103 78 85.59
103 79 118.41
103 80 65.8
103 81 34.48
103 82 86.16
103 83 122.07
103 84 131.49
103 85 121.02
103 86 88.75
103 87 96.04
103 88 4.0
103 89 104.4
103 90 119.41
103 91 126.15
103 92 33.11
103 93 148.52
103 94 82.02
103 95 87.02
103 96 65.3
103 97 85.87
103 98 127.78
103 99 76.4
103 100 107.2
103 101 55.04
103 102 56.44
103 104 92.18
103 105 137.89
103 106 94.54
103 107 77.23
103 108 101.08
103 109 109.12
103 110 107.7
103 111 65.19
103 112 62.39
103 113 94.03
103 114 102.0
103 115 45.28
103 116 31.91
103 117 55.54
103 118 11.31
103 119 38.21
103 120 24.0
103 121 141.61
103 122 70.01
103 123 140.58
103 124 94.24
103 125 23.19
103 126 118.56
103 127 85.87
103 128 83.0
103 129 8.49
103 130 155.79
103 131 53.14
103 132 27.78
103 133 111.61
103 134 93.05
103 135 122.25
103 136 118.46
103 137 49.65
103 138 78.64
103 139 9.0
103 140 9.85
103 141 135.69
103 142 129.63
103 143 25.32
103 144 64.5
103 145 60.01
103 146 90.96
103 147 10.05
103 148 82.02
103 149 86.01
103 150 106.55
103 151 85.09
103 152 13.34
103 153 105.76
103 154 93.24
103 155 18.03
103 156 94.92
103 157 122.67
103 158 64.85
103 159 102.96
103 160 13.15
103 161 131.23
103 162 59.03
103 163 83.55
103 164 77.23
103 165 96.66
103 166 121.43
103 167 65.46
103 168 68.8
103 169 95.52
103 170 121.08
103 171 78.1
103 172 21.47
103 173 109.57
103 174 100.6
103 175 27.2
103 176 127.56
103 177 102.59
103 178 60.17
103 179 56.01
103 180 112.93
103 181 85.44
103 182 114.14
103 183 85.21
103 184 51.09
103 185 47.01
103 186 61.39
103 187 117.61
103 188 101.83
103 189 135.09
103 190 81.58
103 191 46.87
103 192 73.35
103 193 107.08
103 194 80.1
103 195 22.09
103 196 65.31
103 197 76.92
103 198 158.49
103 199 37.7
103 200 61.0
103 201 66.48
104 0 49.24
104 1 87.13
104 2 4.12
104 3 11.4
104 4 14.14
104 5 81.63
104 6 142.76
104 7 105.38
104 8 82.62
104 9 82.71
104 10 92.54
104 11 92.54
104 12 24.04
104 13 121.51
104 14 58.22
104 15 116.71
104 16 64.26
104 17 68.68
104 18 58.14
104 19 78.26
104 20 45.19
104 21 123.99
104 22 77.83
104 23 53.76
104 24 112.0
104 25 34.48
104 26 93.62
104 27 135.25
104 28 35.11
104 29 98.35
104 30 43.46
104 31 113.07
104 32 122.15
104 33 22.67
104 34 20.81
104 35 40.31
104 36 17.2
104 37 86.82
104 38 97.65
104 39 56.57
104 40 136.36
104 41 55.11
104 42 93.19
104 43 87.13
104 44 122.98
104 45 79.21
104 46 67.19
104 47 63.03
104 48 115.21
104 49 65.79
104 50 99.16
104 51 82.49
104 52 36.06
104 53 50.33
104 54 14.14
104 55 70.8
104 56 59.3
104 57 80.78
104 58 76.06
104 59 89.55
104 60 85.8
104 61 77.41
104 62 29.97
104 63 7.81
104 64 79.63
104 65 72.99
104 66 76.79
104 67 64.85
104 68 118.11
104 69 82.08
104 70 42.06
104 71 114.14
104 72 63.32
104 73 55.32
104 74 21.02
104 75 81.6
104 76 32.45
104 77 76.03
104 78 67.94
104 79 72.03
104 80 50.12
104 81 65.51
104 82 12.04
104 83 47.3
104 84 97.42
104 85 58.0
104 86 64.03
104 87 26.93
104 88 96.05
104 89 65.8
104 90 90.47
104 91 71.25
104 92 75.24
104 93 84.17
104 94 26.93
104 95 107.42
104 96 68.1
104 97 46.39
104 98 58.69
104 99 56.73
104 100 15.13
104 101 114.98
104 102 88.02
104 103 92.18
104 105 74.43
104 106 8.06
104 107 98.48
104 108 30.46
104 109 25.63
104 110 19.42
104 111 35.74
104 112 103.25
104 113 28.79
104 114 117.59
104 115 67.68
104 116 62.39
104 117 59.67
104 118 82.57
104 119 94.05
104 120 69.29
104 121 65.0
104 122 101.07
104 123 84.01
104 124 87.11
104 125 86.01
104 126 68.25
104 127 125.71
104 128 106.78
104 129 84.93
104 130 93.21
104 131 39.46
104 132 113.44
104 133 69.89
104 134 27.29
104 135 33.97
104 136 112.65
104 137 58.0
104 138 90.21
104 139 94.92
104 140 91.18
104 141 96.54
104 142 78.52
104 143 93.01
104 144 33.96
104 145 95.08
104 146 129.0
104 147 101.64
104 148 46.01
104 149 25.18
104 150 78.29
104 151 77.08
104 152 86.7
104 153 44.72
104 154 57.98
104 155 99.32
104 156 98.29
104 157 87.92
104 158 27.46
104 159 133.45
104 160 104.35
104 161 89.05
104 162 46.75
104 163 41.87
104 164 50.99
104 165 16.03
104 166 85.7
104 167 116.38
104 168 62.13
104 169 51.88
104 170 40.85
104 171 53.08
104 172 77.82
104 173 84.12
104 174 62.61
104 175 70.66
104 176 60.41
104 177 43.68
104 178 115.52
104 179 40.22
104 180 48.04
104 181 64.44
104 182 23.09
104 183 59.55
104 184 95.88
104 185 109.66
104 186 84.1
104 187 120.74
104 188 38.9
104 189 57.38
104 190 12.04
104 191 100.44
104 192 19.72
104 193 136.61
104 194 108.56
104 195 113.16
104 196 85.88
104 197 120.83
104 198 93.94
104 199 54.92
104 200 96.38
104 201 49.24
105 0 71.42
105 1 145.34
105 2 70.35
105 3 63.95
105 4 60.83
105 5 50.16
105 6 119.22
105 7 84.01
105 8 59.68
105 9 129.5
105 10 18.11
105 11 25.46
105 12 51.01
105 13 102.04
105 14 16.28
105 15 163.38
105 16 34.01
105 17 28.16
105 18 76.84
105 19 122.35
105 20 34.79
105 21 91.98
105 22 63.32
105 23 82.04
105 24 77.47
105 25 44.78
105 26 46.57
105 27 114.44
105 28 108.85
105 29 146.41
105 30 35.17
105 31 143.96
105 32 102.08
105 33 93.86
105 34 66.85
105 35 114.74
105 36 86.83
105 37 140.25
105 38 89.82
105 39 104.02
105 40 113.75
105 41 88.39
105 42 121.76
105 43 128.76
105 44 119.52
105 45 65.25
105 46 12.73
105 47 104.0
105 48 128.88
105 49 118.81
105 50 48.47
105 51 140.35
105 52 95.71
105 53 54.56
105 54 72.25
105 55 72.45
105 56 104.35
105 57 50.25
105 58 40.31
105 59 146.01
105 60 97.94
105 61 107.62
105 62 93.78
105 63 69.23
105 64 18.68
105 65 117.46
105 66 19.1
105 67 79.88
105 68 90.67
105 69 94.37
105 70 46.4
105 71 130.78
105 72 114.2
105 73 28.28
105 74 78.55
105 75 97.13
105 76 101.49
105 77 113.28
105 78 59.09
105 79 25.32
105 80 72.14
105 81 125.54
105 82 68.15
105 83 28.16
105 84 41.59
105 85 17.89
105 86 53.67
105 87 50.29
105 88 140.73
105 89 37.7
105 90 44.91
105 91 14.32
105 92 107.3
105 93 10.82
105 94 101.12
105 95 95.63
105 96 78.03
105 97 120.81
105 98 16.03
105 99 63.01
105 100 72.34
105 101 129.24
105 102 99.32
105 103 137.89
105 104 74.43
105 106 81.1
105 107 93.39
105 108 102.08
105 109 50.01
105 110 58.08
105 111 75.72
105 112 110.05
105 113 50.33
105 114 96.08
105 115 94.64
105 116 107.06
105 117 128.51
105 118 126.57
105 119 117.48
105 120 122.2
105 121 22.02
105 122 101.92
105 123 12.21
105 124 66.61
105 125 120.25
105 126 22.14
105 127 119.94
105 128 98.15
105 129 129.4
105 130 19.31
105 131 92.78
105 132 147.3
105 133 32.02
105 134 101.08
105 135 51.24
105 136 75.19
105 137 124.48
105 138 83.68
105 139 144.42
105 140 141.77
105 141 36.06
105 142 17.46
105 143 124.62
105 144 77.7
105 145 103.25
105 146 120.42
105 147 144.42
105 148 55.87
105 149 99.61
105 150 45.28
105 151 66.1
105 152 126.73
105 153 34.0
105 154 46.32
105 155 151.86
105 156 78.16
105 157 38.08
105 158 86.41
105 159 117.04
105 160 146.0
105 161 29.97
105 162 115.77
105 163 54.67
105 164 60.96
105 165 58.69
105 166 36.67
105 167 123.37
105 168 72.11
105 169 42.52
105 170 36.67
105 171 60.44
105 172 133.22
105 173 48.0
105 174 40.25
105 175 127.58
105 176 14.04
105 177 116.07
105 178 126.19
105 179 105.31
105 180 27.86
105 181 57.25
105 182 77.47
105 183 55.23
105 184 110.49
105 185 128.38
105 186 92.2
105 187 87.1
105 188 111.07
105 189 25.24
105 190 83.74
105 191 118.07
105 192 87.64
105 193 118.21
105 194 102.59
105 195 152.9
105 196 90.62
105 197 120.42
105 198 21.1
105 199 104.4
105 200 103.82
105 201 71.42
106 0 56.3
106 1 87.21
106 2 11.4
106 3 19.31
106 4 21.84
106 5 89.69
106 6 150.33
106 7 113.14
106 8 90.6
106 9 85.16
106 10 99.18
106 11 99.98
106 12 30.15
106 13 129.07
106 14 65.01
106 15 118.41
106 16 72.24
106 17 76.54
106 18 65.0
106 19 81.3
106 20 50.29
106 21 131.89
106 22 85.7
106 23 60.01
106 24 120.0
106 25 42.38
106 26 101.64
106 27 142.76
106 28 30.53
106 29 100.17
106 30 48.76
106 31 117.04
106 32 129.73
106 33 21.47
106 34 28.32
106 35 34.21
106 36 18.25
106 37 87.92
106 38 105.0
106 39 60.01
106 40 143.93
106 41 60.73
106 42 97.87
106 43 90.27
106 44 129.77
106 45 87.05
106 46 73.16
106 47 67.19
106 48 120.88
106 49 67.68
106 50 107.15
106 51 82.76
106 52 38.33
106 53 58.26
106 54 13.45
106 55 78.24
106 56 63.01
106 57 88.84
106 58 84.1
106 59 89.96
106 60 92.2
106 61 82.38
106 62 31.58
106 63 15.81
106 64 87.13
106 65 76.16
106 66 84.34
106 67 71.69
106 68 125.94
106 69 88.57
106 70 50.12
106 71 119.57
106 72 65.76
106 73 63.06
106 74 26.25
106 75 87.85
106 76 24.41
106 77 80.16
106 78 75.82
106 79 79.81
106 80 57.14
106 81 65.8
106 82 19.85
106 83 53.46
106 84 105.3
106 85 65.12
106 86 72.01
106 87 34.79
106 88 98.48
106 89 73.82
106 90 98.49
106 91 78.64
106 92 80.06
106 93 90.55
106 94 21.95
106 95 114.81
106 96 75.17
106 97 40.26
106 98 65.19
106 99 64.38
106 100 14.21
106 101 120.6
106 102 94.43
106 103 94.54
106 104 8.06
106 105 81.1
106 107 105.68
106 108 22.47
106 109 31.4
106 110 24.04
106 111 42.05
106 112 109.66
106 113 36.77
106 114 125.26
106 115 73.38
106 116 66.0
106 117 57.31
106 118 85.48
106 119 99.25
106 120 71.06
106 121 70.21
106 122 107.91
106 123 91.05
106 124 95.02
106 125 90.2
106 126 75.93
106 127 132.59
106 128 114.04
106 129 87.69
106 130 99.61
106 131 43.01
106 132 117.04
106 133 77.83
106 134 20.0
106 135 37.22
106 136 120.67
106 137 56.61
106 138 97.62
106 139 96.57
106 140 92.72
106 141 104.29
106 142 85.99
106 143 97.33
106 144 39.92
106 145 101.55
106 146 136.0
106 147 104.24
106 148 53.91
106 149 19.31
106 150 86.35
106 151 84.86
106 152 90.09
106 153 52.39
106 154 66.04
106 155 100.3
106 156 106.08
106 157 95.86
106 158 31.06
106 159 140.8
106 160 107.06
106 161 96.77
106 162 44.82
106 163 49.82
106 164 58.69
106 165 23.54
106 166 93.64
106 167 122.56
106 168 69.4
106 169 59.94
106 170 46.32
106 171 60.81
106 172 78.77
106 173 92.18
106 174 70.66
106 175 71.51
106 176 67.07
106 177 35.9
106 178 121.43
106 179 40.31
106 180 55.33
106 181 72.35
106 182 19.65
106 183 67.48
106 184 101.84
106 185 114.98
106 186 90.82
106 187 128.69
106 188 31.05
106 189 62.64
106 190 13.04
106 191 106.04
106 192 21.21
106 193 144.01
106 194 115.66
106 195 115.97
106 196 92.78
106 197 127.46
106 198 100.13
106 199 58.08
106 200 102.88
106 201 56.3
107 0 49.41
107 1 99.41
107 2 97.25
107 3 90.35
107 4 89.9
107 5 44.38
107 6 46.62
107 7 21.19
107 8 34.18
107 9 74.06
107 10 100.85
107 11 82.76
107 12 94.87
107 13 26.4
107 14 88.14
107 15 95.88
107 16 60.41
107 17 65.31
107 18 41.11
107 19 67.27
107 20 102.7
107 21 40.01
107 22 30.27
107 23 48.17
107 24 39.0
107 25 75.69
107 26 56.61
107 27 38.6
107 28 111.52
107 29 85.59
107 30 100.84
107 31 64.41
107 32 27.31
107 33 97.59
107 34 77.7
107 35 121.38
107 36 93.43
107 37 89.09
107 38 4.24
107 39 66.71
107 40 40.5
107 41 51.04
107 42 48.05
107 43 67.07
107 44 27.07
107 45 28.28
107 46 100.72
107 47 58.52
107 48 38.95
107 49 77.88
107 50 60.31
107 51 95.75
107 52 81.4
107 53 52.2
107 54 109.59
107 55 28.23
107 56 63.69
107 57 44.01
107 58 53.45
107 59 97.13
107 60 22.2
107 61 45.4
107 62 86.56
107 63 91.07
107 64 77.49
107 65 65.92
107 66 75.58
107 67 34.66
107 68 32.02
107 69 23.09
107 70 65.0
107 71 42.45
107 72 73.38
107 73 71.01
107 74 80.92
107 75 26.68
107 76 128.84
107 77 55.44
107 78 37.12
107 79 68.15
107 80 48.6
107 81 91.09
107 82 86.61
107 83 94.26
107 84 67.2
107 85 83.15
107 86 43.1
107 87 80.65
107 88 77.65
107 89 56.44
107 90 55.76
107 91 79.08
107 92 47.68
107 93 101.53
107 94 109.62
107 95 10.77
107 96 30.61
107 97 125.42
107 98 92.14
107 99 43.08
107 100 110.48
107 101 39.62
107 102 21.02
107 103 77.23
107 104 98.48
107 105 93.39
107 106 105.68
107 108 124.84
107 109 96.46
107 110 101.02
107 111 64.54
107 112 19.85
107 113 77.49
107 114 25.5
107 115 41.63
107 116 63.57
107 117 108.75
107 118 69.03
107 119 40.26
107 120 79.08
107 121 108.23
107 122 9.9
107 123 89.54
107 124 27.73
107 125 54.08
107 126 71.39
107 127 28.64
107 128 8.49
107 129 71.0
107 130 105.48
107 131 73.6
107 132 69.78
107 133 61.39
107 134 118.19
107 135 109.64
107 136 42.95
107 137 101.64
107 138 10.0
107 139 86.21
107 140 86.02
107 141 73.5
107 142 78.11
107 143 52.95
107 144 67.27
107 145 17.72
107 146 31.02
107 147 77.67
107 148 55.36
107 149 111.73
107 150 48.7
107 151 28.02
107 152 64.07
107 153 75.54
107 154 52.15
107 155 95.26
107 156 20.62
107 157 61.77
107 158 80.62
107 159 35.38
107 160 77.37
107 161 72.47
107 162 102.22
107 163 59.81
107 164 48.85
107 165 89.96
107 166 61.72
107 167 30.89
107 168 36.36
107 169 59.41
107 170 99.14
107 171 47.17
107 172 87.97
107 173 47.85
107 174 55.08
107 175 87.32
107 176 90.27
107 177 134.35
107 178 35.0
107 179 90.97
107 180 81.15
107 181 40.31
107 182 119.42
107 183 44.72
107 184 27.51
107 185 42.2
107 186 18.38
107 187 40.45
107 188 130.86
107 189 105.0
107 190 95.9
107 191 34.44
107 192 91.24
107 193 38.9
107 194 10.44
107 195 80.06
107 196 14.76
107 197 27.17
107 198 109.2
107 199 69.35
107 200 17.09
107 201 49.41
108 0 75.69
108 1 87.86
108 2 33.84
108 3 41.79
108 4 44.27
108 5 111.89
108 6 170.43
108 7 133.96
108 8 112.33
108 9 92.27
108 10 120.02
108 11 122.0
108 12 51.24
108 13 149.2
108 14 86.28
108 15 122.49
108 16 94.7
108 17 98.98
108 18 83.74
108 19 90.09
108 20 69.35
108 21 153.22
108 22 107.0
108 23 77.42
108 24 141.74
108 25 64.85
108 26 124.08
108 27 162.69
108 28 24.52
108 29 105.08
108 30 68.18
108 31 127.28
108 32 149.91
108 33 29.15
108 34 49.41
108 35 20.81
108 36 31.62
108 37 91.35
108 38 124.58
108 39 70.88
108 40 164.05
108 41 76.66
108 42 110.37
108 43 98.99
108 44 147.56
108 45 108.23
108 46 93.13
108 47 79.38
108 48 135.65
108 49 74.24
108 50 129.62
108 51 84.17
108 52 48.7
108 53 79.88
108 54 30.07
108 55 98.29
108 56 74.33
108 57 111.02
108 58 106.51
108 59 91.41
108 60 109.29
108 61 96.01
108 62 41.79
108 63 38.01
108 64 109.24
108 65 85.51
108 66 106.51
108 67 90.27
108 68 146.99
108 69 105.95
108 70 72.45
108 71 133.7
108 72 73.82
108 73 85.44
108 74 43.93
108 75 104.62
108 76 6.08
108 77 91.76
108 78 97.2
108 79 102.2
108 80 76.42
108 81 68.26
108 82 41.68
108 83 74.01
108 84 127.76
108 85 86.83
108 86 93.74
108 87 57.25
108 88 105.08
108 89 96.25
108 90 120.93
108 91 100.62
108 92 93.41
108 93 111.02
108 94 19.1
108 95 134.47
108 96 94.26
108 97 25.46
108 98 86.05
108 99 85.15
108 100 30.15
108 101 135.25
108 102 111.52
108 103 101.08
108 104 30.46
108 105 102.08
108 106 22.47
108 107 124.84
108 109 52.09
108 110 44.01
108 111 60.31
108 112 126.57
108 113 59.24
108 114 145.73
108 115 89.07
108 116 76.92
108 117 53.14
108 118 93.77
108 119 113.09
108 120 77.1
108 121 88.96
108 122 126.02
108 123 112.54
108 124 116.4
108 125 101.65
108 126 98.23
108 127 150.66
108 128 133.3
108 129 95.52
108 130 120.04
108 131 55.54
108 132 126.29
108 133 100.3
108 134 8.06
108 135 54.13
108 136 142.58
108 137 55.32
108 138 117.41
108 139 101.12
108 140 97.13
108 141 126.65
108 142 108.06
108 143 108.93
108 144 57.63
108 145 118.73
108 146 154.4
108 147 111.11
108 148 75.45
108 149 15.3
108 150 108.67
108 151 105.89
108 152 99.46
108 153 74.73
108 154 88.19
108 155 102.96
108 156 127.02
108 157 118.33
108 158 45.28
108 159 160.21
108 160 114.16
108 161 119.1
108 162 43.57
108 163 71.56
108 164 79.65
108 165 45.88
108 166 116.11
108 167 138.71
108 168 89.11
108 169 82.29
108 170 66.07
108 171 81.84
108 172 82.22
108 173 114.49
108 174 93.04
108 175 75.11
108 176 88.14
108 177 14.0
108 178 136.85
108 179 45.28
108 180 77.28
108 181 93.81
108 182 28.23
108 183 89.05
108 184 117.65
108 185 128.88
108 186 108.81
108 187 150.21
108 188 9.0
108 189 81.61
108 190 29.0
108 191 120.83
108 192 34.13
108 193 163.6
108 194 134.47
108 195 123.15
108 196 111.21
108 197 144.8
108 198 120.2
108 199 68.41
108 200 120.11
108 201 75.69
109 0 52.0
109 1 108.58
109 2 21.54
109 3 17.69
109 4 14.87
109 5 68.68
109 6 136.57
109 7 98.11
109 8 72.67
109 9 99.73
109 10 68.01
109 11 70.6
109 12 2.24
109 13 115.84
109 14 34.23
109 15 134.65
109 16 48.17
109 17 50.48
109 18 61.03
109 19 94.02
109 20 19.72
109 21 114.2
109 22 70.24
109 23 60.41
109 24 100.77
109 25 21.02
109 26 77.2
109 27 129.71
109 28 60.75
109 29 116.36
109 30 17.89
109 31 125.17
109 32 116.3
109 33 47.51
109 34 28.64
109 35 65.51
109 36 41.05
109 37 106.51
109 38 94.58
109 39 72.45
109 40 130.25
109 41 64.33
109 42 103.58
109 43 102.32
109 44 122.97
109 45 72.01
109 46 41.77
109 47 76.55
109 48 121.04
109 49 84.6
109 50 82.1
109 51 103.71
109 52 56.08
109 53 44.27
109 54 22.56
109 55 68.41
109 56 74.32
109 57 68.01
109 58 60.88
109 59 110.42
109 60 89.27
109 61 87.48
109 62 51.62
109 63 22.8
109 64 58.19
109 65 88.64
109 66 55.71
109 67 67.19
109 68 109.55
109 69 85.29
109 70 31.78
109 71 121.02
109 72 81.12
109 73 36.62
109 74 37.8
109 75 86.05
109 76 51.79
109 77 88.89
109 78 60.84
109 79 52.84
109 80 53.0
109 81 87.11
109 82 24.08
109 83 22.09
109 84 78.77
109 85 35.17
109 86 55.47
109 87 16.12
109 88 112.73
109 89 50.91
109 90 74.2
109 91 49.34
109 92 85.91
109 93 59.21
109 94 52.5
109 95 103.62
109 96 68.73
109 97 71.59
109 98 34.0
109 99 53.6
109 100 22.8
109 101 121.02
109 102 91.35
109 103 109.12
109 104 25.63
109 105 50.01
109 106 31.4
109 107 96.46
109 108 52.09
109 110 8.25
109 111 44.92
109 112 105.93
109 113 19.24
109 114 111.02
109 115 75.54
109 116 77.47
109 117 84.31
109 118 98.49
109 119 102.49
109 120 88.2
109 121 39.4
109 122 101.41
109 123 60.53
109 124 78.55
109 125 98.23
109 126 48.3
109 127 125.0
109 128 104.06
109 129 101.13
109 130 68.26
109 131 56.6
109 132 126.65
109 133 52.8
109 134 51.24
109 135 14.04
109 136 100.5
109 137 81.84
109 138 86.98
109 139 113.37
109 140 109.93
109 141 76.56
109 142 56.92
109 143 104.56
109 144 44.94
109 145 97.74
109 146 127.44
109 147 117.78
109 148 41.23
109 149 50.45
109 150 64.35
109 151 70.68
109 152 101.24
109 153 26.25
109 154 47.17
109 155 118.98
109 156 90.92
109 157 70.18
109 158 46.23
109 159 129.36
109 160 120.15
109 161 68.94
109 162 71.28
109 163 36.88
109 164 48.05
109 165 12.81
109 166 67.96
109 167 119.82
109 168 61.81
109 169 39.66
109 170 15.23
109 171 49.48
109 172 98.01
109 173 70.01
109 174 48.92
109 175 91.21
109 176 36.06
109 177 66.07
109 178 120.27
109 179 63.03
109 180 26.4
109 181 57.27
109 182 29.53
109 183 52.39
109 184 101.04
109 185 117.11
109 186 85.84
109 187 110.26
109 188 61.07
109 189 31.78
109 190 36.72
109 191 107.02
109 192 42.8
109 193 131.95
109 194 106.9
109 195 128.51
109 196 86.49
109 197 121.81
109 198 68.73
109 199 71.59
109 200 98.86
109 201 52.0
110 0 54.59
110 1 105.21
110 2 15.62
110 3 14.87
110 4 13.15
110 5 75.66
110 6 142.36
110 7 104.01
110 8 79.03
110 9 98.23
110 10 76.01
110 11 78.85
110 12 8.06
110 13 121.43
110 14 42.43
110 15 132.91
110 16 55.61
110 17 58.31
110 18 63.79
110 19 92.97
110 20 26.25
110 21 120.74
110 22 76.01
110 23 62.01
110 24 107.56
110 25 27.02
110 26 84.88
110 27 135.33
110 28 54.13
110 29 114.54
110 30 24.74
110 31 125.6
110 32 121.94
110 33 42.01
110 34 28.28
110 35 58.24
110 36 36.07
110 37 103.94
110 38 99.4
110 39 71.17
110 40 136.0
110 41 65.19
110 42 104.48
110 43 101.53
110 44 127.13
110 45 77.7
110 46 49.37
110 47 76.16
110 48 123.49
110 49 82.3
110 50 89.89
110 51 100.44
110 52 53.0
110 53 49.19
110 54 14.32
110 55 72.8
110 56 73.38
110 57 74.95
110 58 68.25
110 59 107.34
110 60 92.23
110 61 88.36
110 62 47.8
110 63 18.87
110 64 66.41
110 65 87.6
110 66 63.91
110 67 70.21
110 68 115.8
110 69 88.28
110 70 37.44
110 71 123.15
110 72 79.2
110 73 44.42
110 74 35.34
110 75 88.68
110 76 43.57
110 77 88.84
110 78 66.37
110 79 60.83
110 80 55.58
110 81 83.6
110 82 21.54
110 83 30.0
110 84 86.77
110 85 43.42
110 86 61.29
110 87 20.59
110 88 111.43
110 89 58.14
110 90 81.84
110 91 57.57
110 92 86.58
110 93 67.07
110 94 45.69
110 95 108.69
110 96 72.28
110 97 64.29
110 98 42.05
110 99 57.94
110 100 14.56
110 101 123.41
110 102 94.37
110 103 107.7
110 104 19.42
110 105 58.08
110 106 24.04
110 107 101.02
110 108 44.01
110 109 8.25
110 111 45.28
110 112 109.24
110 113 23.71
110 114 116.81
110 115 77.01
110 116 76.54
110 117 79.03
110 118 97.41
110 119 104.02
110 120 85.88
110 121 46.17
110 122 105.36
110 123 68.73
110 124 84.63
110 125 98.48
110 126 56.36
110 127 129.36
110 128 108.85
110 129 99.96
110 130 76.11
110 131 54.63
110 132 126.7
110 133 60.46
110 134 43.57
110 135 15.0
110 136 107.48
110 137 77.1
110 138 91.79
110 139 111.36
110 140 107.78
110 141 84.69
110 142 65.15
110 143 105.08
110 144 44.72
110 145 101.0
110 146 132.03
110 147 116.71
110 148 45.69
110 149 43.32
110 150 71.51
110 151 76.16
110 152 100.69
110 153 33.84
110 154 53.41
110 155 116.47
110 156 96.8
110 157 78.03
110 158 43.42
110 159 134.61
110 160 119.22
110 161 77.08
110 162 66.07
110 163 41.23
110 164 52.2
110 165 12.0
110 166 75.8
110 167 122.98
110 168 65.52
110 169 46.1
110 170 22.36
110 171 53.85
110 172 95.19
110 173 77.23
110 174 55.87
110 175 88.2
110 176 44.18
110 177 58.01
110 178 123.04
110 179 58.8
110 180 34.54
110 181 62.77
110 182 21.63
110 183 57.8
110 184 103.59
110 185 119.04
110 186 89.27
110 187 116.93
110 188 53.01
110 189 38.6
110 190 31.24
110 191 109.17
110 192 38.21
110 193 137.35
110 194 111.43
110 195 127.78
110 196 90.25
110 197 125.69
110 198 76.42
110 199 70.01
110 200 102.18
110 201 54.59
111 0 15.81
111 1 69.63
111 2 35.69
111 3 31.0
111 4 32.14
111 5 59.54
111 6 110.34
111 7 74.89
111 8 56.61
111 9 56.04
111 10 92.18
111 11 84.48
111 12 42.72
111 13 89.2
111 14 61.07
111 15 90.97
111 16 50.22
111 17 57.01
111 18 23.43
111 19 49.74
111 20 60.9
111 21 95.02
111 22 49.77
111 23 18.03
111 24 85.09
111 25 32.56
111 26 75.06
111 27 102.53
111 28 49.19
111 29 73.01
111 30 58.67
111 31 80.41
111 32 89.94
111 33 33.84
111 34 17.03
111 35 58.67
111 36 29.0
111 37 65.07
111 38 64.35
111 39 29.07
111 40 104.0
111 41 20.0
111 42 59.21
111 43 57.7
111 44 87.82
111 45 50.57
111 46 74.28
111 47 31.78
111 48 79.62
111 49 43.28
111 50 81.06
111 51 64.64
111 52 23.0
111 53 27.02
111 54 48.84
111 55 38.6
111 56 30.23
111 57 58.55
111 58 58.03
111 59 70.43
111 60 50.16
111 61 43.1
111 62 25.0
111 63 29.43
111 64 72.11
111 65 44.42
111 66 68.95
111 67 30.0
111 68 88.2
111 69 46.52
111 70 29.53
111 71 78.77
111 72 38.9
111 73 48.3
111 74 16.4
111 75 45.88
111 76 64.4
111 77 43.97
111 78 40.8
111 79 61.4
111 80 16.4
111 81 50.09
111 82 25.18
111 83 57.01
111 84 82.15
111 85 58.01
111 86 39.46
111 87 30.89
111 88 68.6
111 89 49.5
111 90 72.03
111 91 66.21
111 92 41.3
111 93 86.53
111 94 45.8
111 95 74.25
111 96 33.97
111 97 63.51
111 98 63.7
111 99 27.51
111 100 49.82
111 101 79.43
111 102 52.39
111 103 65.19
111 104 35.74
111 105 75.72
111 106 42.05
111 107 64.54
111 108 60.31
111 109 44.92
111 110 45.28
111 112 67.62
111 113 28.84
111 114 86.05
111 115 32.25
111 116 33.29
111 117 57.14
111 118 54.2
111 119 59.08
111 120 46.75
111 121 76.69
111 122 66.04
111 123 80.96
111 124 59.09
111 125 53.37
111 126 59.81
111 127 90.74
111 128 73.0
111 129 56.94
111 130 94.67
111 131 17.72
111 132 81.74
111 133 56.09
111 134 53.74
111 135 58.69
111 136 86.73
111 137 51.62
111 138 57.31
111 139 70.43
111 140 67.36
111 141 83.86
111 142 71.51
111 143 59.84
111 144 3.16
111 145 59.51
111 146 94.3
111 147 73.36
111 148 23.19
111 149 47.51
111 150 58.08
111 151 47.85
111 152 56.46
111 153 42.01
111 154 38.12
111 155 77.1
111 156 68.26
111 157 72.17
111 158 17.46
111 159 99.9
111 160 75.58
111 161 77.47
111 162 46.1
111 163 22.14
111 164 23.35
111 165 33.38
111 166 70.26
111 167 80.65
111 168 29.21
111 169 36.4
111 170 55.95
111 171 25.5
111 172 57.63
111 173 63.29
111 174 45.4
111 175 51.87
111 176 63.89
111 177 70.18
111 178 79.81
111 179 34.01
111 180 48.92
111 181 38.08
111 182 58.46
111 183 34.37
111 184 60.17
111 185 74.43
111 186 48.88
111 187 92.59
111 188 66.48
111 189 70.0
111 190 31.4
111 191 64.94
111 192 27.02
111 193 103.32
111 194 74.2
111 195 83.77
111 196 51.04
111 197 85.42
111 198 96.8
111 199 29.0
111 200 60.84
111 201 15.81
112 0 54.82
112 1 86.83
112 2 102.79
112 3 96.84
112 4 97.02
112 5 62.77
112 6 54.82
112 7 40.31
112 8 52.48
112 9 61.13
112 10 118.96
112 11 101.55
112 12 104.09
112 13 39.05
112 14 102.96
112 15 78.26
112 16 76.24
112 17 81.93
112 18 45.61
112 19 55.36
112 20 115.04
112 21 56.75
112 22 47.01
112 23 49.66
112 24 58.18
112 25 86.15
112 26 76.06
112 27 47.07
112 28 109.99
112 29 70.06
112 30 113.02
112 31 45.31
112 32 40.05
112 33 97.91
112 34 83.17
112 35 119.85
112 36 95.02
112 37 75.93
112 38 24.08
112 39 60.96
112 40 49.82
112 41 49.93
112 42 32.14
112 43 52.95
112 44 22.02
112 45 45.19
112 46 116.18
112 47 51.86
112 48 19.42
112 49 68.96
112 50 79.98
112 51 83.82
112 52 79.65
112 53 63.0
112 54 115.74
112 55 39.2
112 56 57.49
112 57 62.27
112 58 71.11
112 59 83.95
112 60 17.46
112 61 35.51
112 62 85.8
112 63 96.46
112 64 95.27
112 65 55.46
112 66 93.11
112 67 39.05
112 68 49.04
112 69 21.19
112 70 76.01
112 71 22.63
112 72 65.19
112 73 85.51
112 74 83.63
112 75 21.95
112 76 131.23
112 77 44.72
112 78 51.42
112 79 85.23
112 80 53.85
112 81 82.37
112 82 92.03
112 83 107.3
112 84 86.68
112 85 98.06
112 86 57.27
112 87 89.81
112 88 62.07
112 89 72.42
112 90 75.0
112 91 95.86
112 92 38.28
112 93 118.85
112 94 109.62
112 95 26.57
112 96 37.22
112 97 123.11
112 98 106.89
112 99 53.01
112 100 116.69
112 101 20.0
112 102 15.23
112 103 62.39
112 104 103.25
112 105 110.05
112 106 109.66
112 107 19.85
112 108 126.57
112 109 105.93
112 110 109.24
112 111 67.62
112 113 86.7
112 114 40.79
112 115 37.8
112 116 56.4
112 117 102.08
112 118 56.04
112 119 24.19
112 120 69.32
112 121 122.98
112 122 10.0
112 123 107.35
112 124 46.62
112 125 40.26
112 126 87.92
112 127 25.81
112 128 22.14
112 129 57.49
112 130 123.44
112 131 72.01
112 132 50.92
112 133 78.19
112 134 119.27
112 135 119.71
112 136 62.27
112 137 94.87
112 138 27.46
112 139 71.34
112 140 71.85
112 141 92.8
112 142 95.75
112 143 37.12
112 144 69.78
112 145 8.25
112 146 30.53
112 147 61.07
112 148 65.12
112 149 112.33
112 150 66.65
112 151 44.01
112 152 50.01
112 153 88.2
112 154 65.92
112 155 80.22
112 156 40.46
112 157 80.71
112 158 81.3
112 159 41.11
112 160 60.3
112 161 91.27
112 162 97.74
112 163 69.26
112 164 58.14
112 165 97.51
112 166 80.45
112 167 14.0
112 168 44.18
112 169 72.44
112 170 111.0
112 171 57.04
112 172 76.55
112 173 66.57
112 174 70.34
112 175 77.39
112 176 105.32
112 177 134.4
112 178 16.16
112 179 87.69
112 180 94.53
112 181 53.94
112 182 125.54
112 183 57.43
112 184 11.7
112 185 22.47
112 186 20.1
112 187 58.19
112 188 131.49
112 189 118.95
112 190 98.41
112 191 16.12
112 192 92.44
112 193 45.22
112 194 18.25
112 195 61.85
112 196 20.1
112 197 18.44
112 198 127.05
112 199 63.78
112 200 7.07
112 201 54.82
113 0 33.14
113 1 97.08
113 2 25.5
113 3 17.46
113 4 15.26
113 5 53.6
113 6 118.73
113 7 80.45
113 8 55.9
113 9 84.88
113 10 68.01
113 11 65.0
113 12 17.46
113 13 97.75
113 14 34.44
113 15 119.82
113 16 35.47
113 17 40.02
113 18 42.01
113 19 78.55
113 20 32.2
113 21 97.67
113 22 52.43
113 23 42.2
113 24 84.9
113 25 6.0
113 26 64.88
113 27 111.65
113 28 60.03
113 29 101.83
113 30 29.97
113 31 107.56
113 32 98.27
113 33 44.28
113 34 16.55
113 35 67.19
113 36 37.22
113 37 93.43
113 38 75.77
113 39 57.8
113 40 112.36
113 41 46.82
113 42 85.62
113 43 86.35
113 44 103.85
113 45 54.08
113 46 46.62
113 47 60.42
113 48 102.0
113 49 71.45
113 50 70.38
113 51 92.1
113 52 45.79
113 53 25.5
113 54 34.66
113 55 49.34
113 56 59.08
113 57 52.8
113 58 47.41
113 59 98.31
113 60 70.11
113 61 69.64
113 62 43.46
113 63 21.59
113 64 52.0
113 65 73.25
113 66 49.01
113 67 48.04
113 68 92.46
113 69 66.12
113 70 14.14
113 71 102.12
113 72 67.36
113 73 27.07
113 74 28.23
113 75 67.0
113 76 60.83
113 77 72.09
113 78 42.72
113 79 43.57
113 80 34.13
113 81 76.4
113 82 19.03
113 83 28.32
113 84 68.68
113 85 32.57
113 86 37.8
113 87 3.16
113 88 97.42
113 89 37.12
113 90 61.74
113 91 44.18
113 92 68.31
113 93 60.93
113 94 53.08
113 95 85.0
113 96 49.5
113 97 73.11
113 98 36.36
113 99 34.48
113 100 35.36
113 101 102.0
113 102 72.17
113 103 94.03
113 104 28.79
113 105 50.33
113 106 36.77
113 107 77.49
113 108 59.24
113 109 19.24
113 110 23.71
113 111 28.84
113 112 86.7
113 114 93.19
113 115 57.27
113 116 62.13
113 117 78.19
113 118 83.01
113 119 84.01
113 120 75.01
113 121 48.1
113 122 82.23
113 123 58.05
113 124 61.22
113 125 80.99
113 126 40.11
113 127 105.95
113 128 85.23
113 129 85.76
113 130 69.64
113 131 43.93
113 132 109.44
113 133 41.11
113 134 55.79
113 135 33.06
113 136 85.15
113 137 74.25
113 138 68.15
113 139 99.2
113 140 96.05
113 141 68.07
113 142 51.01
113 143 86.98
113 144 29.83
113 145 78.52
113 146 108.5
113 147 102.08
113 148 22.14
113 149 52.47
113 150 49.93
113 151 52.48
113 152 84.97
113 153 17.12
113 154 30.41
113 155 105.65
113 156 73.24
113 157 59.14
113 158 36.24
113 159 110.91
113 160 104.24
113 161 60.67
113 162 65.46
113 163 17.72
113 164 28.86
113 165 14.21
113 166 56.92
113 167 100.6
113 168 42.58
113 169 23.6
113 170 27.31
113 171 30.36
113 172 85.56
113 173 55.76
113 174 34.13
113 175 79.31
113 176 37.12
113 177 72.42
113 178 101.12
113 179 55.04
113 180 22.47
113 181 39.12
113 182 43.93
113 183 34.13
113 184 82.0
113 185 98.33
113 186 66.61
113 187 94.05
113 188 67.68
113 189 41.23
113 190 35.01
113 191 88.14
113 192 37.66
113 193 113.65
113 194 87.92
113 195 112.26
113 196 67.27
113 197 102.61
113 198 71.18
113 199 57.49
113 200 79.63
113 201 33.14
114 0 70.29
114 1 124.79
114 2 115.75
114 3 108.23
114 4 107.2
114 5 46.69
114 6 25.55
114 7 13.0
114 8 39.22
114 9 99.32
114 10 98.99
114 11 79.25
114 12 109.77
114 13 6.08
114 14 95.13
114 15 119.05
114 16 67.45
114 17 70.04
114 18 63.25
114 19 92.66
114 20 113.22
114 21 16.16
114 22 40.82
114 23 71.34
114 24 22.83
114 25 90.05
114 26 51.62
114 27 18.97
114 28 134.53
114 29 110.11
114 30 111.66
114 31 85.73
114 32 6.0
114 33 119.81
114 34 96.94
114 35 144.27
114 36 114.98
114 37 114.35
114 38 23.41
114 39 91.76
114 40 19.24
114 41 75.13
114 42 72.17
114 43 92.02
114 44 31.83
114 45 39.12
114 46 105.8
114 47 83.82
114 48 56.36
114 49 103.32
114 50 52.89
114 51 121.2
114 52 104.96
114 53 68.01
114 54 127.2
114 55 47.51
114 56 88.87
114 57 46.87
114 58 56.72
114 59 122.41
114 60 47.68
114 61 70.86
114 62 109.55
114 63 109.88
114 64 78.01
114 65 91.41
114 66 77.03
114 67 57.45
114 68 9.22
114 69 48.51
114 70 79.4
114 71 60.93
114 72 98.76
114 73 79.7
114 74 102.07
114 75 52.17
114 76 149.2
114 77 80.89
114 78 50.48
114 79 71.45
114 80 69.66
114 81 116.48
114 82 105.55
114 83 104.04
114 84 60.88
114 85 90.24
114 86 55.57
114 87 96.25
114 88 102.12
114 89 63.6
114 90 52.24
114 91 82.3
114 92 73.16
114 93 102.12
114 94 131.82
114 95 15.03
114 96 52.7
114 97 148.66
114 98 99.04
114 99 60.88
114 100 128.0
114 101 57.27
114 102 46.39
114 103 102.0
114 104 117.59
114 105 96.08
114 106 125.26
114 107 25.5
114 108 145.73
114 109 111.02
114 110 116.81
114 111 86.05
114 112 40.79
114 113 93.19
114 115 66.73
114 116 88.89
114 117 133.7
114 118 94.26
114 119 64.2
114 120 104.56
114 121 114.42
114 122 32.06
114 123 89.2
114 124 32.7
114 125 79.03
114 126 75.8
114 127 29.83
114 128 19.03
114 129 96.13
114 130 103.95
114 131 97.25
114 132 91.48
114 133 66.1
114 134 139.6
114 135 123.0
114 136 26.93
114 137 126.65
114 138 29.15
114 139 111.0
114 140 111.04
114 141 67.91
114 142 79.0
114 143 77.16
114 144 89.02
114 145 42.0
114 146 27.78
114 147 101.6
114 148 72.01
114 149 133.54
114 150 51.79
114 151 40.8
114 152 89.02
114 153 86.93
114 154 63.95
114 155 120.02
114 156 20.12
114 157 59.21
114 158 103.0
114 159 21.02
114 160 100.98
114 161 69.58
114 162 126.56
114 163 76.4
114 164 66.6
114 165 106.83
114 166 60.07
114 167 45.65
114 168 56.85
114 169 71.55
114 170 110.49
114 171 64.54
114 172 113.44
114 173 48.17
114 174 63.91
114 175 112.81
114 176 96.69
114 177 156.2
114 178 51.43
114 179 115.0
114 180 91.08
114 181 54.08
114 182 136.82
114 183 59.08
114 184 51.16
114 185 62.3
114 186 43.68
114 187 18.6
114 188 152.4
114 189 112.81
114 190 116.78
114 191 56.89
114 192 113.07
114 193 22.2
114 194 22.56
114 195 102.61
114 196 39.85
114 197 35.61
114 198 107.91
114 199 94.34
114 200 41.01
114 201 70.29
115 0 24.7
115 1 61.52
115 2 67.9
115 3 63.13
115 4 64.01
115 5 60.01
115 6 87.82
115 7 58.86
115 8 52.2
115 9 38.63
115 10 108.19
115 11 95.21
115 12 73.44
115 13 68.03
115 14 83.01
115 15 69.66
115 16 62.24
115 17 69.35
115 18 17.8
115 19 31.02
115 20 88.89
115 21 79.62
115 22 43.97
115 23 15.13
115 24 74.03
115 25 58.82
115 26 76.69
115 27 79.76
115 28 72.25
115 29 54.2
115 30 86.68
115 31 50.7
115 32 68.94
115 33 60.21
115 34 49.09
115 35 82.13
115 36 57.7
115 37 52.63
115 38 43.32
115 39 25.08
115 40 81.88
115 41 12.65
115 42 28.46
115 43 35.23
115 44 59.46
115 45 43.42
115 46 96.9
115 47 17.26
115 48 47.54
115 49 37.22
115 50 82.28
115 51 57.22
115 52 41.87
115 53 40.22
115 54 81.05
115 55 28.46
115 56 22.14
115 57 59.09
115 58 63.81
115 59 60.21
115 60 21.26
115 61 13.04
115 62 48.01
115 63 61.66
115 64 85.04
115 65 27.66
115 66 82.13
115 67 16.12
115 68 71.81
115 69 18.87
115 70 50.99
115 71 46.53
115 72 32.39
115 73 66.61
115 74 47.13
115 75 16.28
115 76 93.91
115 77 19.72
115 78 40.31
115 79 73.66
115 80 23.77
115 81 50.01
115 82 57.43
115 83 83.01
115 84 86.33
115 85 78.77
115 86 43.6
115 87 60.02
115 88 47.43
115 89 59.55
115 90 74.32
115 91 82.07
115 92 12.73
115 93 105.0
115 94 71.85
115 95 52.39
115 96 20.25
115 97 85.56
115 98 86.45
115 99 31.83
115 100 82.04
115 101 47.3
115 102 23.35
115 103 45.28
115 104 67.68
115 105 94.64
115 106 73.38
115 107 41.63
115 108 89.07
115 109 75.54
115 110 77.01
115 111 32.25
115 112 37.8
115 113 57.27
115 114 66.73
115 116 22.36
115 117 67.12
115 118 34.44
115 119 27.02
115 120 39.01
115 121 101.52
115 122 39.2
115 123 96.18
115 124 50.64
115 125 25.61
115 126 74.25
115 127 62.94
115 128 49.65
115 129 37.12
115 130 111.76
115 131 34.21
115 132 53.24
115 133 66.71
115 134 81.63
115 135 89.56
115 136 77.01
115 137 60.01
115 138 38.64
115 139 53.23
115 140 51.62
115 141 90.43
115 142 84.96
115 143 30.41
115 144 33.73
115 145 30.41
115 146 67.21
115 147 50.33
115 148 39.82
115 149 74.63
115 150 61.29
115 151 40.52
115 152 32.8
115 153 64.85
115 154 48.8
115 155 61.85
115 156 54.15
115 157 77.41
115 158 43.83
115 159 75.45
115 160 51.62
115 161 85.98
115 162 61.03
115 163 42.54
115 164 33.84
115 165 65.01
115 166 76.16
115 167 49.65
115 168 23.6
115 169 52.2
115 170 84.2
115 171 34.21
115 172 49.16
115 173 64.47
115 174 55.9
115 175 47.1
115 176 85.76
115 177 96.61
115 178 48.1
115 179 50.33
115 180 72.01
115 181 40.22
115 182 90.61
115 183 40.36
115 184 28.64
115 185 42.19
115 186 23.26
115 187 78.77
115 188 93.74
115 189 95.85
115 190 61.47
115 191 32.76
115 192 55.01
115 193 79.32
115 194 49.09
115 195 58.26
115 196 26.93
115 197 56.22
115 198 114.69
115 199 27.73
115 200 31.83
115 201 24.7
116 0 36.36
116 1 40.8
116 2 63.95
116 3 61.68
116 4 63.57
116 5 79.56
116 6 109.12
116 7 81.22
116 8 72.84
116 9 22.8
116 10 122.41
116 11 111.83
116 12 75.24
116 13 89.89
116 14 93.35
116 15 57.69
116 16 77.52
116 17 84.72
116 18 34.48
116 19 16.55
116 20 94.15
116 21 101.98
116 22 64.63
116 23 26.4
116 24 96.19
116 25 65.6
116 26 96.3
116 27 101.08
116 28 56.36
116 29 39.82
116 30 91.92
116 31 51.09
116 32 90.82
116 33 48.05
116 34 48.85
116 35 65.86
116 36 48.09
116 37 33.62
116 38 65.52
116 39 6.08
116 40 103.37
116 41 19.7
116 42 33.62
116 43 25.0
116 44 78.41
116 45 64.38
116 46 106.89
116 47 5.1
116 48 60.46
116 49 15.0
116 50 102.11
116 51 36.14
116 52 28.44
116 53 53.54
116 54 76.53
116 55 49.25
116 56 3.16
116 57 78.59
116 58 81.71
116 59 40.31
116 60 42.05
116 61 21.21
116 62 35.51
116 63 58.46
116 64 100.5
116 65 11.18
116 66 97.42
116 67 36.22
116 68 94.15
116 69 40.5
116 70 60.83
116 71 57.8
116 72 10.05
116 73 78.87
116 74 41.77
116 75 37.16
116 76 82.46
116 77 14.87
116 78 59.2
116 79 89.19
116 80 35.85
116 81 27.66
116 82 55.08
116 83 90.21
116 84 105.3
116 85 89.83
116 86 61.1
116 87 64.14
116 88 35.36
116 89 75.59
116 90 93.68
116 91 96.02
116 92 18.38
116 93 117.8
116 94 58.19
116 95 74.33
116 96 41.11
116 97 68.24
116 98 96.26
116 99 47.93
116 100 77.52
116 101 59.91
116 102 43.83
116 103 31.91
116 104 62.39
116 105 107.06
116 106 66.0
116 107 63.57
116 108 76.92
116 109 77.47
116 110 76.54
116 111 33.29
116 112 56.4
116 113 62.13
116 114 88.89
116 115 22.36
116 117 45.79
116 118 21.02
116 119 37.44
116 120 17.26
116 121 109.81
116 122 59.94
116 123 110.68
116 124 72.11
116 125 24.74
116 126 88.75
116 127 82.2
116 128 71.31
116 129 23.71
116 130 125.42
116 131 23.02
116 132 51.09
116 133 82.76
116 134 68.96
116 135 90.82
116 136 99.05
116 137 38.59
116 138 61.0
116 139 37.48
116 140 34.71
116 141 108.63
116 142 100.17
116 143 32.02
116 144 32.65
116 145 50.25
116 146 86.84
116 147 40.31
116 148 51.4
116 149 61.68
116 150 80.01
116 151 61.4
116 152 24.33
116 153 74.28
116 154 64.01
116 155 44.82
116 156 76.42
116 157 95.86
116 158 35.06
116 159 96.25
116 160 42.72
116 161 103.37
116 162 41.77
116 163 52.4
116 164 47.51
116 165 65.19
116 166 94.34
116 167 65.8
116 168 42.2
116 169 65.22
116 170 89.19
116 171 48.76
116 172 28.16
116 173 83.93
116 174 71.59
116 175 25.02
116 176 96.18
116 177 81.86
116 178 62.63
116 179 33.12
116 180 81.39
116 181 58.19
116 182 85.15
116 183 56.86
116 184 45.34
116 185 52.84
116 186 45.22
116 187 101.12
116 188 79.85
116 189 103.23
116 190 53.01
116 191 46.23
116 192 45.1
116 193 100.24
116 194 70.21
116 195 51.24
116 196 49.04
116 197 74.52
116 198 127.91
116 199 8.54
116 200 51.62
116 201 36.36
117 0 70.18
117 1 36.0
117 2 63.41
117 3 66.89
117 4 69.97
117 5 116.07
117 6 154.77
117 7 124.92
117 8 111.76
117 9 48.88
117 10 146.11
117 11 140.81
117 12 82.38
117 13 135.15
117 14 112.54
117 15 72.34
117 16 107.06
117 17 113.6
117 18 73.35
117 19 50.45
117 20 104.01
117 21 145.8
117 22 104.09
117 23 64.33
117 24 138.29
117 25 83.82
117 26 132.0
117 27 146.71
117 28 29.07
117 29 56.75
117 30 102.08
117 31 85.96
117 32 136.06
117 33 37.01
117 34 61.68
117 35 33.54
117 36 43.27
117 37 42.2
117 38 110.31
117 39 42.05
117 40 148.92
117 41 59.2
117 42 75.69
117 43 57.69
117 44 124.04
117 45 104.39
117 46 123.88
117 47 50.61
117 48 103.95
117 49 33.94
117 50 138.0
117 51 33.24
117 52 34.23
117 53 84.15
117 54 70.77
117 55 90.03
117 56 45.18
117 57 115.07
117 58 115.16
117 59 40.05
117 60 87.71
117 61 66.61
117 62 34.79
117 63 61.59
117 64 128.1
117 65 48.08
117 66 124.95
117 67 77.62
117 68 138.19
117 69 85.87
117 70 84.93
117 71 100.5
117 72 37.01
117 73 103.32
117 74 49.98
117 75 82.76
117 76 59.14
117 77 58.14
117 78 96.33
117 79 117.89
117 80 70.26
117 81 21.63
117 82 61.29
117 83 104.24
117 84 139.29
117 85 110.72
117 86 96.02
117 87 78.39
117 88 59.24
117 89 106.57
117 90 129.02
117 91 121.3
117 92 63.82
117 93 139.09
117 94 36.89
117 95 119.51
117 96 82.71
117 97 32.0
117 98 114.13
117 99 83.15
117 100 71.51
117 101 103.25
117 102 89.55
117 103 55.54
117 104 59.67
117 105 128.51
117 106 57.31
117 107 108.75
117 108 53.14
117 109 84.31
117 110 79.03
117 111 57.14
117 112 102.08
117 113 78.19
117 114 133.7
117 115 67.12
117 116 45.79
117 118 52.43
117 119 81.39
117 120 34.83
117 121 123.31
117 122 105.68
117 123 135.72
117 124 112.79
117 125 65.8
117 126 115.73
117 127 127.88
117 128 116.73
117 129 53.0
117 130 147.83
117 131 40.01
117 132 83.19
117 133 113.0
117 134 46.1
117 135 93.61
117 136 140.62
117 137 7.21
117 138 105.0
117 139 52.63
117 140 48.76
117 141 140.91
117 142 127.35
117 143 72.35
117 144 54.23
117 145 96.04
117 146 132.57
117 147 65.19
117 148 80.31
117 149 40.82
117 150 115.0
117 151 101.43
117 152 59.41
117 153 94.87
117 154 95.26
117 155 52.15
117 156 119.37
117 157 129.31
117 158 42.45
117 159 142.02
117 160 68.35
117 161 134.35
117 162 13.04
117 163 78.77
117 164 80.0
117 165 72.2
117 166 127.39
117 167 110.63
117 168 81.22
117 169 93.06
117 170 99.32
117 171 82.01
117 172 34.18
117 173 120.02
117 174 102.49
117 175 28.65
117 176 115.16
117 177 50.16
117 178 106.83
117 179 23.54
117 180 100.66
117 181 94.13
117 182 75.21
117 183 91.01
117 184 90.8
117 185 95.52
117 186 90.38
117 187 144.37
117 188 50.8
117 189 115.76
117 190 47.8
117 191 90.69
117 192 41.68
117 193 145.99
117 194 115.88
117 195 76.84
117 196 94.02
117 197 120.0
117 198 149.31
117 199 39.4
117 200 97.42
117 201 70.18
118 0 55.17
118 1 30.81
118 2 84.4
118 3 82.54
118 4 84.5
118 5 94.43
118 6 110.86
118 7 89.14
118 8 86.38
118 9 5.1
118 10 141.23
118 11 129.25
118 12 96.25
118 13 93.9
118 14 113.45
118 15 37.01
118 16 95.6
118 17 102.8
118 18 51.04
118 19 4.47
118 20 115.1
118 21 109.0
118 22 78.19
118 23 44.6
118 24 105.8
118 25 86.27
118 26 111.09
118 27 103.08
118 28 71.06
118 29 20.0
118 30 112.87
118 31 34.18
118 32 94.89
118 33 66.01
118 34 69.86
118 35 79.7
118 36 67.27
118 37 20.1
118 38 72.01
118 39 26.25
118 40 105.76
118 41 38.18
118 42 25.06
118 43 5.39
118 44 76.69
118 45 77.49
118 46 127.14
118 47 22.8
118 48 53.01
118 49 19.92
118 50 116.62
118 51 27.86
118 52 47.17
118 53 72.25
118 54 96.69
118 55 62.77
118 56 24.17
118 57 93.52
118 58 98.11
118 59 28.16
118 60 47.01
118 61 24.33
118 62 54.08
118 63 79.12
118 64 118.6
118 65 9.85
118 66 115.6
118 67 50.54
118 68 101.0
118 69 47.27
118 70 80.81
118 71 49.04
118 72 20.02
118 73 98.29
118 74 62.36
118 75 43.19
118 76 99.61
118 77 14.87
118 78 74.71
118 79 107.2
118 80 54.49
118 81 30.81
118 82 75.89
118 83 110.94
118 84 120.77
118 85 109.71
118 86 77.7
118 87 85.09
118 88 14.42
118 89 93.23
118 90 108.75
118 91 114.87
118 92 22.8
118 93 137.21
118 94 74.67
118 95 79.23
118 96 54.63
118 97 80.78
118 98 116.52
118 99 65.22
118 100 97.67
118 101 52.2
118 102 48.01
118 103 11.31
118 104 82.57
118 105 126.57
118 106 85.48
118 107 69.03
118 108 93.77
118 109 98.49
118 110 97.41
118 111 54.2
118 112 56.04
118 113 83.01
118 114 94.26
118 115 34.44
118 116 21.02
118 117 52.43
118 119 32.31
118 120 17.89
118 121 130.43
118 122 62.65
118 123 129.32
118 124 84.2
118 125 15.81
118 126 107.3
118 127 80.78
118 128 75.43
118 129 2.83
118 130 144.5
118 131 43.17
118 132 32.56
118 133 100.44
118 134 85.71
118 135 111.79
118 136 109.18
118 137 45.79
118 138 69.46
118 139 18.79
118 140 17.46
118 141 124.82
118 142 118.41
118 143 20.81
118 144 53.67
118 145 52.47
118 146 85.8
118 147 19.31
118 148 70.71
118 149 78.52
118 150 95.71
118 151 74.67
118 152 7.07
118 153 94.49
118 154 82.01
118 155 27.51
118 156 85.71
118 157 111.83
118 158 55.11
118 159 97.12
118 160 21.84
118 161 120.22
118 162 53.49
118 163 72.25
118 164 65.95
118 165 86.16
118 166 110.54
118 167 61.29
118 168 57.8
118 169 84.22
118 170 110.15
118 171 66.84
118 172 21.1
118 173 98.9
118 174 89.4
118 175 24.08
118 176 116.28
118 177 96.57
118 178 56.6
118 179 48.51
118 180 101.67
118 181 74.43
118 182 104.94
118 183 74.06
118 184 44.38
118 185 44.2
118 186 52.24
118 187 109.07
118 188 95.34
118 189 123.98
118 190 72.44
118 191 41.63
118 192 64.28
118 193 101.24
118 194 72.99
118 195 30.59
118 196 56.22
118 197 72.09
118 198 147.19
118 199 27.66
118 200 53.6
118 201 55.17
119 0 50.99
119 1 62.94
119 2 94.53
119 3 90.05
119 4 91.0
119 5 75.74
119 6 78.85
119 7 61.4
119 8 66.07
119 9 37.34
119 10 129.2
119 11 113.9
119 12 100.4
119 13 63.01
119 14 107.42
119 15 55.66
119 16 83.76
119 17 90.44
119 18 42.72
119 19 32.25
119 20 115.21
119 21 79.76
119 22 58.73
119 23 42.11
119 24 79.06
119 25 85.15
119 26 91.21
119 27 71.2
119 28 93.65
119 29 46.0
119 30 113.03
119 31 26.91
119 32 64.01
119 33 83.93
119 34 76.03
119 35 103.25
119 36 82.57
119 37 51.92
119 38 43.97
119 39 43.05
119 40 73.98
119 41 39.12
119 42 8.0
119 43 28.86
119 44 44.38
119 45 57.38
119 46 121.25
119 47 34.0
119 48 23.02
119 49 47.51
119 50 96.02
119 51 60.17
119 52 64.47
119 53 64.62
119 54 107.67
119 55 45.61
119 56 39.45
119 57 75.01
119 58 82.13
119 59 59.91
119 60 21.4
119 61 17.09
119 62 71.31
119 63 88.36
119 64 105.42
119 65 33.42
119 66 102.8
119 67 38.08
119 68 71.85
119 69 24.04
119 70 76.54
119 71 20.62
119 72 44.55
119 73 90.34
119 74 73.16
119 75 20.62
119 76 118.33
119 77 23.35
119 78 59.2
119 79 94.4
119 80 50.01
119 81 60.61
119 82 84.21
119 83 108.81
119 84 101.67
119 85 102.88
119 86 64.07
119 87 86.83
119 88 38.0
119 89 80.45
119 90 89.5
119 91 104.01
119 92 19.7
119 93 127.32
119 94 94.85
119 95 49.37
119 96 39.45
119 97 105.68
119 98 111.09
119 99 55.04
119 100 108.66
119 101 22.47
119 102 21.1
119 103 38.21
119 104 94.05
119 105 117.48
119 106 99.25
119 107 40.26
119 108 113.09
119 109 102.49
119 110 104.02
119 111 59.08
119 112 24.19
119 113 84.01
119 114 64.2
119 115 27.02
119 116 37.44
119 117 81.39
119 118 32.31
119 120 47.2
119 121 126.65
119 122 32.14
119 123 117.2
119 124 61.85
119 125 16.55
119 126 95.96
119 127 48.47
119 128 45.18
119 129 33.53
119 130 133.22
119 131 57.58
119 132 31.24
119 133 87.2
119 134 105.31
119 135 116.52
119 136 82.87
119 137 74.28
119 138 43.83
119 139 47.17
119 140 47.68
119 141 106.96
119 142 105.6
119 143 13.0
119 144 60.3
119 145 22.56
119 146 53.49
119 147 37.48
119 148 65.15
119 149 98.09
119 150 78.49
119 151 55.17
119 152 25.96
119 153 90.14
119 154 71.2
119 155 56.08
119 156 59.62
119 157 94.11
119 158 68.68
119 159 65.0
119 160 37.11
119 161 103.95
119 162 79.03
119 163 68.41
119 164 58.52
119 165 92.02
119 166 93.35
119 167 29.41
119 168 45.62
119 169 76.06
119 170 110.63
119 171 58.31
119 172 53.23
119 173 80.06
119 174 77.39
119 175 54.92
119 176 110.07
119 177 119.0
119 178 25.46
119 179 70.49
119 180 97.14
119 181 60.46
119 182 117.1
119 183 62.27
119 184 13.04
119 185 15.81
119 186 27.8
119 187 80.6
119 188 116.73
119 189 121.43
119 190 86.83
119 191 9.43
119 192 79.7
119 193 69.12
119 194 42.0
119 195 40.25
119 196 31.06
119 197 39.81
119 198 136.48
119 199 45.79
119 200 23.35
119 201 50.99
120 0 52.8
120 1 23.77
120 2 71.69
120 3 71.2
120 4 73.57
120 5 96.77
120 6 123.49
120 7 97.62
120 8 90.09
120 9 15.3
120 10 138.13
120 11 128.38
120 12 85.98
120 13 105.08
120 14 107.81
120 15 47.43
120 16 93.91
120 17 101.07
120 18 51.66
120 19 15.62
120 20 106.21
120 21 118.23
120 22 81.88
120 23 43.32
120 24 113.04
120 25 79.21
120 26 113.51
120 27 115.52
120 28 53.76
120 29 29.12
120 30 104.02
120 31 52.0
120 32 106.04
120 33 50.49
120 34 60.0
120 35 62.1
120 36 52.89
120 37 18.44
120 38 81.39
120 39 18.36
120 40 117.99
120 41 36.69
120 42 41.04
120 43 23.26
120 44 90.92
120 45 81.61
120 46 121.02
120 47 22.09
120 48 69.35
120 49 3.61
120 50 119.33
120 51 18.97
120 52 33.24
120 53 69.77
120 54 83.17
120 55 66.48
120 56 18.97
120 57 95.8
120 58 98.68
120 59 23.85
120 60 57.01
120 61 34.18
120 62 39.56
120 63 67.08
120 64 116.76
120 65 13.89
120 66 113.65
120 67 53.46
120 68 110.32
120 69 56.09
120 70 75.8
120 71 65.76
120 72 8.06
120 73 94.3
120 74 50.61
120 75 52.39
120 76 83.05
120 77 24.6
120 78 76.4
120 79 105.55
120 80 52.39
120 81 13.45
120 82 64.5
120 83 103.32
120 84 122.41
120 85 104.64
120 86 78.11
120 87 76.58
120 88 28.0
120 89 92.2
120 90 110.86
120 91 111.83
120 92 31.62
120 93 133.0
120 94 58.03
120 95 89.74
120 96 58.31
120 97 62.97
120 98 110.45
120 99 64.85
120 100 84.12
120 101 68.62
120 102 58.52
120 103 24.0
120 104 69.29
120 105 122.2
120 106 71.06
120 107 79.08
120 108 77.1
120 109 88.2
120 110 85.88
120 111 46.75
120 112 69.32
120 113 75.01
120 114 104.56
120 115 39.01
120 116 17.26
120 117 34.83
120 118 17.89
120 119 47.2
120 121 123.11
120 122 74.33
120 123 126.57
120 124 89.27
120 125 31.14
120 126 104.81
120 127 94.89
120 128 86.4
120 129 18.97
120 130 140.91
120 131 31.62
120 132 50.0
120 133 99.32
120 134 69.07
120 135 100.72
120 136 116.0
120 137 28.02
120 138 77.41
120 139 25.63
120 140 21.93
120 141 125.59
120 142 116.36
120 143 37.54
120 144 45.25
120 145 64.26
120 146 99.76
120 147 34.01
120 148 67.23
120 149 62.01
120 150 97.12
120 151 78.64
120 152 24.7
120 153 88.73
120 154 80.53
120 155 30.81
120 156 93.13
120 157 112.89
120 158 42.49
120 159 110.17
120 160 37.05
120 161 120.15
120 162 35.74
120 163 67.68
120 164 63.98
120 165 75.47
120 166 111.33
120 167 76.61
120 168 59.44
120 169 81.12
120 170 101.21
120 171 65.39
120 172 11.18
120 173 101.14
120 174 88.14
120 175 8.25
120 176 110.63
120 177 79.08
120 178 72.47
120 179 32.02
120 180 95.67
120 181 75.29
120 182 90.71
120 183 73.74
120 184 57.71
120 185 60.81
120 186 61.0
120 187 117.61
120 188 78.09
120 189 116.18
120 190 58.24
120 191 56.61
120 192 50.0
120 193 114.24
120 194 84.76
120 195 46.04
120 196 64.94
120 197 86.61
120 198 143.22
120 199 17.8
120 200 65.55
120 201 52.8
121 0 76.94
121 1 145.04
121 2 60.93
121 3 56.44
121 4 53.34
121 5 67.74
121 6 138.51
121 7 101.83
121 8 76.16
121 9 132.61
121 10 35.34
121 11 47.42
121 12 41.15
121 13 120.21
121 14 20.1
121 15 167.41
121 16 48.0
121 17 44.41
121 18 84.17
121 19 126.02
121 20 19.92
121 21 111.97
121 22 78.06
121 23 87.32
121 24 97.42
121 25 44.2
121 26 67.23
121 27 133.18
121 28 100.09
121 29 149.63
121 30 21.54
121 31 152.12
121 32 120.35
121 33 86.77
121 34 63.78
121 35 104.4
121 36 80.13
121 37 141.53
121 38 105.08
121 39 105.76
121 40 132.77
121 41 92.96
121 42 129.77
121 43 133.41
121 44 135.09
121 45 80.06
121 46 9.43
121 47 107.65
121 48 140.92
121 49 119.55
121 50 69.77
121 51 140.07
121 52 93.09
121 53 62.03
121 54 59.03
121 55 83.95
121 56 106.83
121 57 67.6
121 58 57.71
121 59 146.37
121 60 108.93
121 61 114.49
121 62 89.63
121 63 61.77
121 64 39.82
121 65 120.8
121 66 39.4
121 67 88.6
121 68 109.88
121 69 105.08
121 70 50.54
121 71 142.17
121 72 115.43
121 73 37.48
121 74 74.81
121 75 107.21
121 76 87.28
121 77 118.51
121 78 71.7
121 79 43.17
121 80 77.83
121 81 124.08
121 82 62.13
121 83 19.8
121 84 63.29
121 85 25.08
121 86 65.76
121 87 46.69
121 88 144.84
121 89 52.0
121 90 65.19
121 91 32.89
121 92 113.65
121 93 25.5
121 94 91.76
121 95 112.04
121 96 87.93
121 97 110.44
121 98 16.12
121 99 71.78
121 100 58.86
121 101 141.16
121 102 110.6
121 103 141.61
121 104 65.0
121 105 22.02
121 106 70.21
121 107 108.23
121 108 88.96
121 109 39.4
121 110 46.17
121 111 76.69
121 112 122.98
121 113 48.1
121 114 114.42
121 115 101.52
121 116 109.81
121 117 123.31
121 118 130.43
121 119 126.65
121 120 123.11
121 122 115.85
121 123 33.94
121 124 83.15
121 125 126.66
121 126 38.64
121 127 136.0
121 128 114.0
121 129 133.22
121 130 33.53
121 131 91.93
121 132 154.74
121 133 48.37
121 134 89.5
121 135 35.06
121 136 95.52
121 137 120.37
121 138 98.25
121 139 147.12
121 140 144.05
121 141 58.01
121 142 38.47
121 143 131.93
121 144 77.9
121 145 115.52
121 146 137.06
121 147 149.21
121 148 61.74
121 149 89.49
121 150 62.65
121 151 80.22
121 152 131.76
121 153 36.67
121 154 57.07
121 155 153.72
121 156 95.43
121 157 58.69
121 158 83.24
121 159 135.07
121 160 151.17
121 161 51.62
121 162 110.28
121 163 59.06
121 164 68.15
121 165 51.11
121 166 57.01
121 167 136.78
121 168 81.27
121 169 50.96
121 170 24.17
121 171 68.35
121 172 133.65
121 173 66.49
121 174 53.15
121 175 127.31
121 176 18.0
121 177 102.83
121 178 138.85
121 179 101.26
121 180 29.55
121 181 69.05
121 182 62.03
121 183 65.73
121 184 121.56
121 185 139.18
121 186 103.81
121 187 107.21
121 188 97.87
121 189 7.62
121 190 76.03
121 191 128.74
121 192 81.63
121 193 136.62
121 194 118.07
121 195 158.81
121 196 102.96
121 197 135.37
121 198 32.56
121 199 105.55
121 200 116.3
121 201 76.94
122 0 51.89
122 1 93.38
122 2 100.22
122 3 93.78
122 4 93.64
122 5 53.67
122 6 49.24
122 7 30.41
122 8 43.38
122 9 67.74
122 10 110.07
122 11 92.28
122 12 99.69
122 13 31.26
122 14 95.75
122 15 87.32
122 16 68.45
122 17 73.76
122 18 42.94
122 19 61.39
122 20 109.11
122 21 47.68
122 22 38.6
122 23 48.6
122 24 48.3
122 25 81.05
122 26 66.4
122 27 41.23
122 28 111.02
122 29 78.06
122 30 107.17
122 31 55.04
122 32 32.25
122 33 97.95
122 34 80.53
122 35 120.92
122 36 94.4
122 37 82.73
122 38 14.14
122 39 63.81
122 40 43.66
122 41 50.21
122 42 40.11
122 43 60.13
122 44 21.93
122 45 36.69
122 46 108.67
122 47 55.07
122 48 29.07
122 49 73.54
122 50 70.18
122 51 90.03
122 52 80.62
122 53 57.56
122 54 112.92
122 55 33.24
122 56 60.54
122 57 53.23
122 58 62.39
122 59 90.8
122 60 18.03
122 61 40.16
122 62 86.31
122 63 93.94
122 64 86.54
122 65 60.73
122 66 84.5
122 67 36.24
122 68 39.81
122 69 20.52
122 70 70.58
122 71 32.56
122 72 69.35
122 73 78.41
122 74 82.38
122 75 23.02
122 76 130.36
122 77 50.0
122 78 44.18
122 79 76.84
122 80 50.99
122 81 86.93
122 82 89.47
122 83 101.0
122 84 77.01
122 85 90.8
122 86 50.16
122 87 85.38
122 88 70.06
122 89 64.54
122 90 65.46
122 91 87.64
122 92 42.72
122 93 110.39
122 94 109.88
122 95 17.26
122 96 33.24
122 97 124.58
122 98 99.72
122 99 47.85
122 100 113.85
122 101 29.73
122 102 16.12
122 103 70.01
122 104 101.07
122 105 101.92
122 106 107.91
122 107 9.9
122 108 126.02
122 109 101.41
122 110 105.36
122 111 66.04
122 112 10.0
122 113 82.23
122 114 32.06
122 115 39.2
122 116 59.94
122 117 105.68
122 118 62.65
122 119 32.14
122 120 74.33
122 121 115.85
122 123 98.62
122 124 37.22
122 125 47.17
122 126 79.81
122 127 24.7
122 128 13.04
122 129 64.38
122 130 114.63
122 131 72.84
122 132 60.54
122 133 69.92
122 134 119.02
122 135 114.93
122 136 52.35
122 137 98.49
122 138 18.38
122 139 79.01
122 140 79.16
122 141 83.23
122 142 87.09
122 143 45.1
122 144 68.51
122 145 10.2
122 146 28.43
122 147 69.58
122 148 60.21
122 149 112.29
122 150 57.78
122 151 35.9
122 152 57.14
122 153 82.02
122 154 59.08
122 155 88.0
122 156 30.48
122 157 71.34
122 158 81.06
122 159 36.36
122 160 69.05
122 161 81.99
122 162 100.21
122 163 64.54
122 164 53.37
122 165 93.92
122 166 71.2
122 167 21.54
122 168 39.85
122 169 66.0
122 170 105.3
122 171 51.97
122 172 82.46
122 173 57.31
122 174 62.8
122 175 82.54
122 176 98.01
122 177 134.71
122 178 25.24
122 179 89.5
122 180 88.02
122 181 47.04
122 182 122.77
122 183 51.01
122 184 19.1
122 185 32.45
122 186 17.2
122 187 48.76
122 188 131.5
122 189 112.22
122 190 97.35
122 191 25.3
122 192 92.01
122 193 40.31
122 194 10.44
122 195 71.17
122 196 15.23
122 197 20.4
122 198 118.31
122 199 66.57
122 200 9.06
122 201 51.89
123 0 74.4
123 1 150.08
123 2 80.0
123 3 73.11
123 4 70.06
123 5 45.22
123 6 111.22
123 7 77.78
123 8 55.36
123 9 132.61
123 10 12.04
123 11 13.6
123 12 61.29
123 13 95.26
123 14 26.31
123 15 165.68
123 16 33.94
123 17 26.91
123 18 78.57
123 19 125.25
123 20 46.62
123 21 83.49
123 22 60.37
123 23 84.81
123 24 69.18
123 25 52.17
123 26 38.05
123 27 107.0
123 28 117.72
123 29 149.31
123 30 46.82
123 31 144.01
123 32 95.19
123 33 102.26
123 34 74.22
123 35 124.15
123 36 95.19
123 37 144.22
123 38 85.7
123 39 108.23
123 40 106.04
123 41 91.4
123 42 122.15
123 43 131.05
123 44 114.73
123 45 62.17
123 46 24.84
123 47 107.2
123 48 126.56
123 49 123.31
123 50 38.83
123 51 145.12
123 52 102.18
123 53 57.2
123 54 83.02
123 55 71.61
123 56 108.17
123 57 45.54
123 58 36.25
123 59 150.42
123 60 96.8
123 61 108.9
123 62 100.96
123 63 78.23
123 64 12.08
123 65 120.6
123 66 14.42
123 67 80.66
123 68 83.01
123 69 93.48
123 70 51.48
123 71 128.89
123 72 118.51
123 73 32.7
123 74 85.87
123 75 96.61
123 76 112.29
123 77 115.43
123 78 58.01
123 79 22.8
123 80 75.0
123 81 131.05
123 82 76.66
123 83 39.29
123 84 31.32
123 85 26.02
123 86 53.26
123 87 58.55
123 88 143.18
123 89 36.88
123 90 37.01
123 91 14.76
123 92 108.9
123 93 13.04
123 94 110.29
123 95 90.47
123 96 78.1
123 97 130.19
123 98 27.2
123 99 64.38
123 100 83.19
123 101 127.02
123 102 97.94
123 103 140.58
123 104 84.01
123 105 12.21
123 106 91.05
123 107 89.54
123 108 112.54
123 109 60.53
123 110 68.73
123 111 80.96
123 112 107.35
123 113 58.05
123 114 89.2
123 115 96.18
123 116 110.68
123 117 135.72
123 118 129.32
123 119 117.2
123 120 126.57
123 121 33.94
123 122 98.62
123 124 61.98
123 125 121.63
123 126 22.02
123 127 114.76
123 128 93.41
123 129 132.14
123 130 16.12
123 131 98.49
123 132 147.76
123 133 30.0
123 134 111.04
123 135 62.97
123 136 66.48
123 137 131.24
123 138 80.23
123 139 147.61
123 140 145.21
123 141 25.08
123 142 11.66
123 143 125.4
123 144 83.26
123 145 101.12
123 146 114.76
123 147 146.45
123 148 59.36
123 149 109.07
123 150 40.85
123 151 63.53
123 152 128.82
123 153 41.0
123 154 47.42
123 155 155.43
123 156 72.57
123 157 30.02
123 158 93.3
123 159 110.22
123 160 147.8
123 161 20.22
123 162 123.23
123 163 59.06
123 164 63.41
123 165 68.03
123 166 29.15
123 167 120.15
123 168 72.86
123 169 45.49
123 170 48.08
123 171 62.48
123 172 137.71
123 173 42.2
123 174 40.31
123 175 132.48
123 176 24.74
123 177 126.48
123 178 123.48
123 179 112.27
123 180 36.12
123 181 56.85
123 182 88.77
123 183 55.87
123 184 109.08
123 185 126.91
123 186 90.74
123 187 78.52
123 188 121.5
123 189 37.44
123 190 92.54
123 191 116.81
123 192 95.71
123 193 111.04
123 194 98.08
123 195 154.21
123 196 88.68
123 197 116.09
123 198 19.7
123 199 108.91
123 200 101.53
123 201 74.4
124 0 43.66
124 1 112.15
124 2 84.86
124 3 77.08
124 4 75.74
124 5 16.76
124 6 58.14
124 7 19.7
124 8 7.0
124 9 88.77
124 10 73.16
124 11 55.07
124 12 77.39
124 13 37.95
124 14 63.39
124 15 116.28
124 16 35.36
124 17 39.01
124 18 39.46
124 19 81.25
124 20 80.65
124 21 36.88
124 22 9.43
124 23 48.51
124 24 26.0
124 25 57.69
124 26 29.7
124 27 51.62
124 28 108.26
124 29 103.12
124 30 79.06
124 31 88.24
124 32 38.28
124 33 92.59
124 34 67.01
124 35 117.62
124 36 86.95
124 37 103.16
124 38 23.77
124 39 73.03
124 40 51.89
124 41 54.15
124 42 68.6
124 43 83.82
124 44 52.95
124 45 8.54
124 46 75.0
124 47 67.19
124 48 66.03
124 49 87.09
124 50 34.21
124 51 107.79
124 52 80.65
124 53 36.8
124 54 95.67
124 55 23.02
124 56 71.01
124 57 16.49
124 58 26.31
124 59 110.82
124 60 40.5
124 61 60.08
124 62 83.93
124 63 79.31
124 64 50.0
124 65 78.26
124 66 48.27
124 67 36.0
124 68 31.24
124 69 38.47
124 70 47.2
124 71 69.03
124 72 82.05
124 73 47.3
124 74 73.93
124 75 42.49
124 76 119.33
124 77 69.38
124 78 19.21
124 79 41.3
124 80 43.32
124 81 99.02
124 82 75.17
124 83 71.57
124 84 40.31
124 85 58.42
124 86 23.43
124 87 64.2
124 88 95.63
124 89 31.4
124 90 28.43
124 91 52.35
124 92 61.4
124 93 74.22
124 94 104.32
124 95 29.07
124 96 31.02
124 97 122.58
124 98 67.36
124 99 31.76
124 100 96.43
124 101 66.61
124 102 40.8
124 103 94.24
124 104 87.11
124 105 66.61
124 106 95.02
124 107 27.73
124 108 116.4
124 109 78.55
124 110 84.63
124 111 59.09
124 112 46.62
124 113 61.22
124 114 32.7
124 115 50.64
124 116 72.11
124 117 112.79
124 118 84.2
124 119 61.85
124 120 89.27
124 121 83.15
124 122 37.22
124 123 61.98
124 125 71.69
124 126 45.04
124 127 53.34
124 128 31.58
124 129 86.68
124 130 77.83
124 131 73.5
124 132 93.01
124 133 35.01
124 134 110.94
124 135 90.34
124 136 27.89
124 137 106.21
124 138 19.21
124 139 102.79
124 140 101.65
124 141 46.23
124 142 50.7
124 143 72.95
124 144 62.24
124 145 41.73
124 146 54.01
124 147 97.08
124 148 41.11
124 149 105.48
124 150 21.38
124 151 11.4
124 152 80.99
124 153 54.23
124 154 31.38
124 155 111.68
124 156 12.65
124 157 34.13
124 158 76.56
124 159 52.39
124 160 97.49
124 161 44.78
124 162 103.58
124 163 45.28
124 164 36.89
124 165 75.17
124 166 34.0
124 167 58.59
124 168 31.58
124 169 38.95
124 170 77.83
124 171 34.67
124 172 99.72
124 173 20.12
124 174 31.32
124 175 97.13
124 176 65.19
124 177 127.86
124 178 62.43
124 179 91.48
124 180 58.52
124 181 22.67
124 182 105.12
124 183 27.59
124 184 50.99
124 185 67.94
124 186 34.13
124 187 33.84
124 188 123.71
124 189 80.89
124 190 87.92
124 191 58.73
124 192 85.48
124 193 54.41
124 194 36.14
124 195 101.87
124 196 30.81
124 197 54.12
124 198 81.6
124 199 75.11
124 200 41.77
124 201 43.66
125 0 49.74
125 1 46.57
125 2 87.14
125 3 83.86
125 4 85.33
125 5 83.53
125 6 95.08
125 7 74.67
125 8 74.71
125 9 20.88
125 10 133.66
125 11 120.1
125 12 96.05
125 13 78.41
125 14 108.45
125 15 44.94
125 16 87.69
125 17 94.75
125 18 43.42
125 19 15.81
125 20 113.09
125 21 94.09
125 22 66.73
125 23 39.36
125 24 91.78
125 25 83.26
125 26 99.85
125 27 87.32
125 28 80.62
125 29 31.78
125 30 110.86
125 31 27.17
125 32 79.4
125 33 72.78
125 34 70.21
125 35 89.9
125 36 72.56
125 37 35.69
125 38 57.31
125 39 30.81
125 40 90.03
125 41 34.18
125 42 9.9
125 43 13.0
125 44 60.93
125 45 65.76
125 46 122.33
125 47 23.02
125 48 38.21
125 49 31.89
125 50 105.12
125 51 43.66
125 52 53.15
125 53 65.8
125 54 100.04
125 55 51.87
125 56 27.46
125 57 82.68
125 58 88.41
125 59 43.74
125 60 32.56
125 61 12.73
125 62 60.21
125 63 81.3
125 64 110.34
125 65 17.8
125 66 107.49
125 67 41.04
125 68 86.09
125 69 33.53
125 70 76.16
125 71 34.71
125 72 29.68
125 73 92.2
125 74 65.03
125 75 29.41
125 76 107.2
125 77 10.05
125 78 64.82
125 79 99.01
125 80 48.88
125 81 44.6
125 82 77.52
125 83 107.79
125 84 109.93
125 85 104.29
125 86 68.68
125 87 83.49
125 88 24.04
125 89 84.86
125 90 97.75
125 91 107.63
125 92 13.04
125 93 130.6
125 94 82.86
125 95 64.01
125 96 44.2
125 97 91.79
125 98 111.83
125 99 57.38
125 100 101.04
125 101 37.48
125 102 33.24
125 103 23.19
125 104 86.01
125 105 120.25
125 106 90.2
125 107 54.08
125 108 101.65
125 109 98.23
125 110 98.48
125 111 53.37
125 112 40.26
125 113 80.99
125 114 79.03
125 115 25.61
125 116 24.74
125 117 65.8
125 118 15.81
125 119 16.55
125 120 31.14
125 121 126.66
125 122 47.17
125 123 121.63
125 124 71.69
125 126 99.76
125 127 65.0
125 128 60.07
125 129 17.26
125 130 137.3
125 131 47.27
125 132 28.46
125 133 91.97
125 134 93.68
125 135 112.06
125 136 95.34
125 137 58.8
125 138 55.54
125 139 32.14
125 140 32.02
125 141 114.55
125 142 110.32
125 143 7.28
125 144 53.76
125 145 37.05
125 146 70.01
125 147 25.55
125 148 65.19
125 149 86.4
125 150 85.45
125 151 63.13
125 152 10.0
125 153 90.05
125 154 74.33
125 155 41.19
125 156 71.81
125 157 101.51
125 158 59.14
125 159 81.32
125 160 26.4
125 161 110.6
125 162 64.66
125 163 67.6
125 164 59.41
125 165 86.68
125 166 100.44
125 167 45.79
125 168 48.8
125 169 77.8
125 170 108.27
125 171 59.82
125 172 36.67
125 173 87.98
125 174 81.32
125 175 38.6
125 176 111.22
125 177 106.23
125 178 41.4
125 179 57.38
125 180 97.25
125 181 65.19
125 182 109.0
125 183 65.76
125 184 28.64
125 185 29.73
125 186 38.33
125 187 94.43
125 188 104.4
125 189 120.75
125 190 77.32
125 191 25.94
125 192 69.58
125 193 85.44
125 194 57.43
125 195 32.65
125 196 42.2
125 197 56.36
125 198 140.26
125 199 33.24
125 200 38.12
125 201 49.74
126 0 52.43
126 1 128.41
126 2 64.54
126 3 56.89
126 4 54.13
126 5 29.15
126 6 99.92
126 7 63.29
126 8 38.05
126 9 110.6
126 10 33.97
126 11 25.18
126 12 48.33
126 13 81.61
126 14 20.12
126 15 143.68
126 16 12.21
126 17 6.08
126 18 56.59
126 19 103.23
126 20 41.23
126 21 73.74
126 22 41.23
126 23 62.8
126 24 59.24
126 25 34.13
126 26 30.61
126 27 94.54
126 28 100.0
126 29 127.28
126 30 40.36
126 31 122.64
126 32 81.74
126 33 84.02
126 34 55.15
126 35 107.3
126 36 77.01
126 37 122.33
126 38 67.9
126 39 86.45
126 40 94.15
126 41 69.4
126 42 100.6
126 43 109.04
126 44 97.74
126 45 43.17
126 46 30.07
126 47 85.21
126 48 106.78
126 49 101.6
126 50 34.66
126 51 123.47
126 52 81.74
126 53 35.23
126 54 70.38
126 55 50.61
126 56 86.28
126 57 29.07
126 58 19.1
126 59 128.63
126 60 76.06
126 61 87.05
126 62 81.22
126 63 61.52
126 64 12.37
126 65 98.6
126 66 9.22
126 67 58.9
126 68 71.31
126 69 72.56
126 70 30.81
126 71 108.75
126 72 96.75
126 73 13.04
126 74 66.48
126 75 75.47
126 76 98.98
126 77 93.43
126 78 37.12
126 79 5.0
126 80 53.01
126 81 109.77
126 82 59.14
126 83 31.89
126 84 30.53
126 85 15.81
126 86 31.91
126 87 41.44
126 88 121.17
126 89 15.65
126 90 28.02
126 91 8.06
126 92 86.98
126 93 31.38
126 94 93.19
126 95 74.11
126 96 56.61
126 97 113.22
126 98 23.77
126 99 42.43
126 100 70.77
126 101 107.15
126 102 77.37
126 103 118.56
126 104 68.25
126 105 22.14
126 106 75.93
126 107 71.39
126 108 98.23
126 109 48.3
126 110 56.36
126 111 59.81
126 112 87.92
126 113 40.11
126 114 75.8
126 115 74.25
126 116 88.75
126 117 115.73
126 118 107.3
126 119 95.96
126 120 104.81
126 121 38.64
126 122 79.81
126 123 22.02
126 124 45.04
126 125 99.76
126 127 98.33
126 128 76.42
126 129 110.11
126 130 37.54
126 131 77.49
126 132 126.21
126 133 10.05
126 134 95.52
126 135 55.32
126 136 57.7
126 137 110.86
126 138 61.61
126 139 125.6
126 140 123.22
126 141 28.46
126 142 11.7
126 143 103.71
126 144 62.3
126 145 81.15
126 146 99.05
126 147 124.48
126 148 37.59
126 149 92.54
126 150 24.08
126 151 43.97
126 152 106.83
126 153 23.54
126 154 25.46
126 155 133.45
126 156 57.04
126 157 22.63
126 158 73.35
126 159 96.52
126 160 125.87
126 161 20.88
126 162 103.58
126 163 37.7
126 164 41.4
126 165 52.39
126 166 20.52
126 167 101.24
126 168 51.09
126 169 23.71
126 170 40.31
126 171 40.46
126 172 115.97
126 173 27.89
126 174 18.6
126 175 110.91
126 176 21.19
126 177 111.83
126 178 104.06
126 179 92.2
126 180 21.95
126 181 35.51
126 182 77.83
126 183 34.06
126 184 88.55
126 185 106.44
126 186 70.21
126 187 69.08
126 188 106.96
126 189 37.7
126 190 75.11
126 191 96.18
126 192 77.1
126 193 98.01
126 194 80.75
126 195 132.38
126 196 68.54
126 197 98.48
126 198 40.61
126 199 87.24
126 200 81.71
126 201 52.43
127 0 76.48
127 1 111.33
127 2 124.78
127 3 118.19
127 4 117.92
127 5 69.87
127 6 32.02
127 7 37.7
127 8 60.3
127 9 85.8
127 10 125.42
127 11 106.25
127 12 123.37
127 13 24.76
127 14 116.0
127 15 98.01
127 16 88.01
127 17 92.27
127 18 67.6
127 19 80.53
127 20 131.24
127 21 44.69
127 22 58.03
127 23 73.24
127 24 52.43
127 25 104.29
127 26 78.77
127 27 25.5
127 28 135.15
127 29 92.76
127 30 129.4
127 31 63.03
127 32 25.5
127 33 122.44
127 34 105.1
127 35 145.04
127 36 119.04
127 37 100.24
127 38 31.14
127 39 86.68
127 40 28.64
127 41 74.52
127 42 55.97
127 43 77.16
127 44 4.12
127 45 56.04
127 46 128.14
127 47 77.62
127 48 32.02
127 49 94.67
127 50 81.02
127 51 108.63
127 52 104.74
127 53 80.78
127 54 137.38
127 55 56.61
127 56 83.24
127 57 69.72
127 58 79.63
127 59 108.16
127 60 41.77
127 61 61.29
127 62 110.63
127 63 118.51
127 64 102.96
127 65 81.01
127 66 101.43
127 67 60.9
127 68 38.95
127 69 44.82
127 70 93.62
127 71 37.01
127 72 90.97
127 73 99.13
127 74 107.07
127 75 46.69
127 76 155.04
127 77 70.33
127 78 65.62
127 79 94.64
127 80 75.59
127 81 108.05
127 82 114.04
127 83 122.69
127 84 88.77
127 85 111.0
127 86 71.57
127 87 109.11
127 88 84.93
127 89 84.01
127 90 78.75
127 91 105.68
127 92 64.07
127 93 127.28
127 94 134.32
127 95 24.33
127 96 57.7
127 97 148.49
127 98 120.0
127 99 71.47
127 100 138.29
127 101 33.02
127 102 39.62
127 103 85.87
127 104 125.71
127 105 119.94
127 106 132.59
127 107 28.64
127 108 150.66
127 109 125.0
127 110 129.36
127 111 90.74
127 112 25.81
127 113 105.95
127 114 29.83
127 115 62.94
127 116 82.2
127 117 127.88
127 118 80.78
127 119 48.47
127 120 94.89
127 121 136.0
127 122 24.7
127 123 114.76
127 124 53.34
127 125 65.0
127 126 98.33
127 128 22.0
127 129 81.93
127 130 130.25
127 131 97.0
127 132 69.03
127 133 88.28
127 134 143.6
127 135 138.25
127 136 56.61
127 137 120.67
127 138 38.47
127 139 94.59
127 140 95.6
127 141 95.63
127 142 103.75
127 143 60.73
127 144 93.19
127 145 32.53
127 146 5.1
127 147 82.87
127 148 83.82
127 149 136.82
127 150 74.67
127 151 56.22
127 152 74.33
127 153 104.09
127 154 80.62
127 155 103.16
127 156 42.2
127 157 85.44
127 158 105.6
127 159 18.11
127 160 81.5
127 161 96.17
127 162 123.43
127 163 88.23
127 164 77.16
127 165 118.11
127 166 85.87
127 167 21.02
127 168 64.08
127 169 87.97
127 170 127.74
127 171 75.58
127 172 101.64
127 173 72.57
127 174 83.05
127 175 102.88
127 176 118.0
127 177 159.15
127 178 27.0
127 179 113.17
127 180 109.55
127 181 68.88
127 182 147.23
127 183 73.35
127 184 37.22
127 185 40.11
127 186 41.88
127 187 48.08
127 188 156.03
127 189 133.14
127 190 122.04
127 191 39.22
127 192 116.61
127 193 22.02
127 194 18.25
127 195 81.0
127 196 39.82
127 197 9.06
127 198 134.12
127 199 89.5
127 200 31.11
127 201 76.48
128 0 57.8
128 1 106.07
128 2 105.48
128 3 98.49
128 4 97.95
128 5 48.27
128 6 38.28
128 7 19.1
128 8 38.47
128 9 80.5
128 10 104.36
128 11 85.62
128 12 102.53
128 13 18.68
128 14 94.01
128 15 100.22
128 16 66.01
128 17 70.35
128 18 49.58
128 19 73.98
128 20 109.49
128 21 34.71
128 22 36.06
128 23 56.64
128 24 36.62
128 25 83.17
128 26 58.59
128 27 30.23
128 28 119.97
128 29 91.09
128 30 107.69
128 31 67.42
128 32 19.65
128 33 106.08
128 34 85.98
128 35 129.83
128 36 101.91
128 37 95.52
128 38 9.49
128 39 74.69
128 40 32.25
128 41 59.41
128 42 53.15
128 43 73.06
128 44 21.38
128 45 34.06
128 46 106.17
128 47 66.31
128 48 39.41
128 49 85.38
128 50 61.59
128 51 102.59
128 52 89.81
128 53 59.81
128 54 117.72
128 55 36.24
128 56 71.59
128 57 48.05
128 58 57.87
128 59 103.59
128 60 29.41
128 61 52.39
128 62 95.02
128 63 99.32
128 64 81.49
128 65 73.01
128 66 79.83
128 67 43.14
128 68 26.93
128 69 30.87
128 70 72.42
128 71 43.57
128 72 80.99
128 73 77.16
128 74 89.38
128 75 34.18
128 76 137.28
128 77 62.37
128 78 43.93
128 79 72.84
128 80 57.01
128 81 98.68
128 82 94.87
128 83 100.84
128 84 68.96
128 85 89.01
128 86 49.82
128 87 88.39
128 88 83.1
128 89 62.01
128 90 58.18
128 91 83.86
128 92 54.82
128 93 105.76
128 94 118.11
128 95 4.47
128 96 39.05
128 97 133.84
128 98 98.01
128 99 50.99
128 100 118.6
128 101 40.22
128 102 27.89
128 103 83.0
128 104 106.78
128 105 98.15
128 106 114.04
128 107 8.49
128 108 133.3
128 109 104.06
128 110 108.85
128 111 73.0
128 112 22.14
128 113 85.23
128 114 19.03
128 115 49.65
128 116 71.31
128 117 116.73
128 118 75.43
128 119 45.18
128 120 86.4
128 121 114.0
128 122 13.04
128 123 93.41
128 124 31.58
128 125 60.07
128 126 76.42
128 127 22.0
128 129 77.23
128 130 109.11
128 131 82.01
128 132 73.05
128 133 66.37
128 134 126.67
128 135 117.05
128 136 40.8
128 137 109.59
128 138 17.09
128 139 92.0
128 140 92.09
128 141 75.59
128 142 82.23
128 143 58.14
128 144 75.74
128 145 23.02
128 146 23.54
128 147 82.61
128 148 63.16
128 149 120.22
128 150 52.95
128 151 34.37
128 152 70.06
128 153 82.38
128 154 58.86
128 155 101.0
128 156 21.47
128 157 64.62
128 158 89.11
128 159 26.91
128 160 82.04
128 161 75.39
128 162 110.45
128 163 67.62
128 164 56.8
128 165 97.94
128 166 64.85
128 167 29.7
128 168 44.65
128 169 66.29
128 170 106.1
128 171 55.04
128 172 94.92
128 173 51.24
128 174 61.07
128 175 94.64
128 176 96.01
128 177 142.84
128 178 34.83
128 179 99.3
128 180 87.69
128 181 47.3
128 182 127.53
128 183 51.92
128 184 32.14
128 185 44.28
128 186 26.42
128 187 36.06
128 188 139.34
128 189 111.16
128 190 104.35
128 191 38.08
128 192 99.72
128 193 30.41
128 194 5.0
128 195 83.93
128 196 23.02
128 197 22.85
128 198 112.93
128 199 77.37
128 200 22.0
128 201 57.8
129 0 58.0
129 1 29.41
129 2 86.83
129 3 85.09
129 4 87.09
129 5 97.08
129 6 112.29
129 7 91.27
129 8 88.96
129 9 4.24
129 10 144.05
129 11 132.02
129 12 98.9
129 13 95.63
129 14 116.28
129 15 34.21
129 16 98.41
129 17 105.6
129 18 53.82
129 19 7.21
129 20 117.83
129 21 111.0
129 22 80.78
129 23 47.42
129 24 108.05
129 25 89.05
129 26 113.72
129 27 104.56
129 28 72.57
129 29 17.2
129 30 115.6
129 31 33.11
129 32 96.63
129 33 68.01
129 34 72.5
129 35 81.04
129 36 69.46
129 37 18.44
129 38 74.06
129 39 28.79
129 40 107.28
129 41 41.01
129 42 26.0
129 43 5.0
129 44 77.83
129 45 80.06
129 46 129.96
129 47 25.61
129 48 53.54
129 49 21.38
129 50 119.23
129 51 26.83
129 52 49.37
129 53 75.07
129 54 99.04
129 55 65.39
129 56 26.83
129 57 96.18
129 58 100.85
129 59 26.48
129 60 49.09
129 61 26.68
129 62 56.22
129 63 81.61
129 64 121.4
129 65 12.53
129 66 118.41
129 67 53.24
129 68 103.0
129 69 49.5
129 70 83.63
129 71 49.41
129 72 22.02
129 73 101.12
129 74 64.85
129 75 45.4
129 76 101.4
129 77 17.46
129 78 77.41
129 79 110.0
129 80 57.31
129 81 31.38
129 82 78.43
129 83 113.72
129 84 123.44
129 85 112.54
129 86 80.45
129 87 87.82
129 88 11.66
129 89 96.02
129 90 111.4
129 91 117.69
129 92 25.3
129 93 140.04
129 94 76.42
129 95 81.1
129 96 57.27
129 97 81.93
129 98 119.33
129 99 68.01
129 100 100.02
129 101 52.7
129 102 50.01
129 103 8.49
129 104 84.93
129 105 129.4
129 106 87.69
129 107 71.0
129 108 95.52
129 109 101.13
129 110 99.96
129 111 56.94
129 112 57.49
129 113 85.76
129 114 96.13
129 115 37.12
129 116 23.71
129 117 53.0
129 118 2.83
129 119 33.53
129 120 18.97
129 121 133.22
129 122 64.38
129 123 132.14
129 124 86.68
129 125 17.26
129 126 110.11
129 127 81.93
129 128 77.23
129 130 147.32
129 131 45.61
129 132 31.05
129 133 103.23
129 134 87.46
129 135 114.39
129 136 111.46
129 137 46.53
129 138 71.7
129 139 16.16
129 140 15.13
129 141 127.53
129 142 121.21
129 143 21.47
129 144 56.36
129 145 54.23
129 146 86.98
129 147 16.76
129 148 73.54
129 149 80.31
129 150 98.41
129 151 77.25
129 152 7.62
129 153 97.31
129 154 84.81
129 155 25.0
129 156 87.97
129 157 114.53
129 158 57.49
129 159 98.49
129 160 19.42
129 161 122.97
129 162 54.71
129 163 75.07
129 164 68.77
129 165 88.77
129 166 113.25
129 167 62.17
129 168 60.54
129 169 87.05
129 170 112.87
129 171 69.66
129 172 20.62
129 173 101.55
129 174 92.2
129 175 24.41
129 176 119.1
129 177 97.98
129 178 57.31
129 179 50.25
129 180 104.48
129 181 77.18
129 182 107.2
129 183 76.84
129 184 45.89
129 185 44.65
129 186 54.45
129 187 111.16
129 188 96.88
129 189 126.75
129 190 74.67
129 191 42.72
129 192 66.48
129 193 102.62
129 194 74.67
129 195 28.28
129 196 58.42
129 197 73.16
129 198 150.01
129 199 30.08
129 200 55.33
129 201 58.0
130 0 89.38
130 1 164.21
130 2 89.11
130 3 82.98
130 4 79.83
130 5 61.1
130 6 125.0
130 7 92.96
130 8 71.31
130 9 147.63
130 10 5.0
130 11 25.0
130 12 69.46
130 13 110.03
130 14 35.44
130 15 181.07
130 16 49.68
130 17 42.8
130 18 94.05
130 19 140.36
130 20 51.16
130 21 97.01
130 22 76.48
130 23 99.9
130 24 83.05
130 25 64.08
130 26 52.35
130 27 121.26
130 28 127.88
130 29 164.44
130 30 52.04
130 31 160.0
130 32 109.9
130 33 113.05
130 34 86.16
130 35 133.51
130 36 106.04
130 37 158.81
130 38 101.59
130 39 122.64
130 40 120.1
130 41 106.4
130 42 138.06
130 43 146.41
130 44 130.36
130 45 78.26
130 46 27.07
130 47 122.15
130 48 142.67
130 49 137.57
130 50 52.0
130 51 159.22
130 52 114.97
130 53 72.25
130 54 90.01
130 55 87.66
130 56 122.8
130 57 61.47
130 58 52.33
130 59 164.76
130 60 112.9
130 61 124.58
130 62 113.09
130 63 88.29
130 64 28.18
130 65 135.59
130 66 30.53
130 67 96.43
130 68 97.25
130 69 109.55
130 70 65.19
130 71 145.01
130 72 132.88
130 73 46.62
130 74 97.86
130 75 112.65
130 76 119.04
130 77 130.83
130 78 74.06
130 79 38.83
130 80 90.03
130 81 144.63
130 82 87.36
130 83 46.17
130 84 44.01
130 85 37.16
130 86 69.2
130 87 69.57
130 88 158.49
130 89 52.8
130 90 51.79
130 91 29.7
130 92 124.48
130 93 9.06
130 94 120.03
130 95 106.04
130 96 94.02
130 97 139.59
130 98 34.53
130 99 79.93
130 100 90.0
130 101 143.13
130 102 114.06
130 103 155.79
130 104 93.21
130 105 19.31
130 106 99.61
130 107 105.48
130 108 120.04
130 109 68.26
130 110 76.11
130 111 94.67
130 112 123.44
130 113 69.64
130 114 103.95
130 115 111.76
130 116 125.42
130 117 147.83
130 118 144.5
130 119 133.22
130 120 140.91
130 121 33.53
130 122 114.63
130 123 16.12
130 124 77.83
130 125 137.3
130 126 37.54
130 127 130.25
130 128 109.11
130 129 147.32
130 131 111.89
130 132 163.67
130 133 46.04
130 134 119.51
130 135 67.48
130 136 80.0
130 137 143.78
130 138 96.25
130 139 162.61
130 140 160.08
130 141 37.05
130 142 27.78
130 143 141.23
130 144 96.75
130 145 117.24
130 146 130.05
130 147 161.93
130 148 74.03
130 149 118.38
130 150 56.86
130 151 79.65
130 152 144.26
130 153 53.23
130 154 62.97
130 155 170.24
130 156 88.06
130 157 44.91
130 158 105.7
130 159 124.9
130 160 163.36
130 161 34.37
130 162 135.07
130 163 73.24
130 164 78.57
130 165 77.67
130 166 44.38
130 167 136.17
130 168 88.62
130 169 60.31
130 170 54.0
130 171 77.79
130 172 151.99
130 173 57.87
130 174 56.08
130 175 146.49
130 176 32.98
130 177 134.03
130 178 139.56
130 179 124.62
130 180 47.17
130 181 72.8
130 182 94.34
130 183 71.59
130 184 125.2
130 185 143.03
130 186 106.85
130 187 92.01
130 188 129.03
130 189 39.62
130 190 102.84
130 191 132.92
130 192 106.9
130 193 125.48
130 194 113.84
130 195 169.92
130 196 104.81
130 197 131.87
130 198 4.0
130 199 123.15
130 200 117.65
130 201 89.38
131 0 30.27
131 1 53.15
131 2 41.23
131 3 39.81
131 4 42.06
131 5 76.06
131 6 120.21
131 7 87.24
131 8 72.01
131 9 43.66
131 10 109.57
131 11 102.2
131 12 54.38
131 13 99.57
131 14 77.67
131 15 78.29
131 16 67.91
131 17 74.73
131 18 34.54
131 19 38.83
131 20 74.65
131 21 107.94
131 22 64.54
131 23 25.94
131 24 99.33
131 25 48.6
131 26 92.02
131 27 112.2
131 28 38.18
131 29 59.93
131 30 72.47
131 31 74.03
131 32 100.4
131 33 26.4
131 34 28.43
131 35 48.08
131 36 25.32
131 37 50.0
131 38 74.33
131 39 17.12
131 40 114.04
131 41 22.67
131 42 55.32
131 43 47.68
131 44 93.61
131 45 65.0
131 46 90.43
131 47 24.33
131 48 80.11
131 49 28.02
131 50 98.02
131 51 48.17
131 52 7.81
131 53 44.41
131 54 53.6
131 55 51.26
131 56 20.0
131 57 75.06
131 58 75.33
131 59 54.45
131 60 55.23
131 61 40.5
131 62 13.89
131 63 36.06
131 64 89.81
131 65 33.54
131 66 86.65
131 67 39.82
131 68 100.65
131 69 52.33
131 70 47.01
131 71 78.19
131 72 24.6
131 73 65.8
131 74 19.31
131 75 50.33
131 76 60.75
131 77 37.22
131 78 56.44
131 79 79.12
131 80 30.41
131 81 32.76
131 82 33.11
131 83 72.14
131 84 99.5
131 85 74.95
131 86 56.01
131 87 45.25
131 88 56.92
131 89 67.08
131 90 89.05
131 91 83.77
131 92 37.95
131 93 103.59
131 94 37.74
131 95 84.05
131 96 44.72
131 97 51.86
131 98 80.0
131 99 43.19
131 100 54.59
131 101 79.71
131 102 57.38
131 103 53.14
131 104 39.46
131 105 92.78
131 106 43.01
131 107 73.6
131 108 55.54
131 109 56.6
131 110 54.63
131 111 17.72
131 112 72.01
131 113 43.93
131 114 97.25
131 115 34.21
131 116 23.02
131 117 40.01
131 118 43.17
131 119 57.58
131 120 31.62
131 121 91.93
131 122 72.84
131 123 98.49
131 124 73.5
131 125 47.27
131 126 77.49
131 127 97.0
131 128 82.01
131 129 45.61
131 130 111.89
131 132 74.11
131 133 73.76
131 134 47.85
131 135 69.32
131 136 101.39
131 137 34.13
131 138 68.1
131 139 56.82
131 140 53.34
131 141 101.43
131 142 89.2
131 143 54.45
131 144 15.23
131 145 64.54
131 146 101.14
131 147 62.36
131 148 40.79
131 149 40.71
131 150 75.03
131 151 62.1
131 152 47.27
131 153 58.83
131 154 55.58
131 155 62.43
131 156 81.15
131 157 89.56
131 158 12.04
131 159 108.58
131 160 65.0
131 161 95.13
131 162 30.08
131 163 39.85
131 164 40.01
131 165 43.91
131 166 87.69
131 167 83.53
131 168 42.06
131 169 54.12
131 170 69.66
131 171 42.0
131 172 41.77
131 173 80.01
131 174 62.97
131 175 35.38
131 176 80.45
131 177 62.43
131 178 81.41
131 179 18.03
131 180 65.46
131 181 54.15
131 182 62.13
131 183 51.0
131 184 62.43
131 185 73.39
131 186 55.97
131 187 106.04
131 188 59.68
131 189 84.86
131 190 30.07
131 191 65.31
131 192 22.36
131 193 112.29
131 194 82.22
131 195 73.76
131 196 59.03
131 197 90.43
131 198 113.88
131 199 15.52
131 200 65.95
131 201 30.27
132 0 77.82
132 1 53.08
132 2 114.86
132 3 111.99
132 4 113.56
132 5 106.96
132 6 101.04
132 7 90.87
132 8 97.31
132 9 34.79
132 10 159.79
132 11 144.96
132 12 124.45
132 13 89.05
132 14 136.19
132 15 29.15
132 16 114.02
132 17 120.88
132 18 70.83
132 19 36.22
132 20 141.51
132 21 107.56
132 22 89.94
132 23 67.62
132 24 108.75
132 25 111.62
132 26 122.44
132 27 94.26
132 28 103.59
132 29 29.73
132 30 139.28
132 31 6.0
132 32 90.03
132 33 98.25
132 34 98.49
132 35 112.09
132 36 99.0
132 37 42.8
132 38 73.79
132 39 57.04
132 40 97.33
132 41 62.63
132 42 25.61
132 43 27.29
132 44 65.07
132 45 88.62
132 46 150.08
132 47 50.64
132 48 37.01
132 49 52.39
132 50 127.2
132 51 52.8
132 52 79.03
132 53 93.3
132 54 127.57
132 55 76.42
132 56 54.15
132 57 106.22
132 58 113.15
132 59 48.8
132 60 52.63
132 61 40.25
132 62 86.05
132 63 109.18
132 64 136.12
132 65 41.05
132 66 133.42
132 67 67.42
132 68 99.93
132 69 55.23
132 70 104.2
132 71 32.02
132 72 52.47
132 73 119.57
132 74 92.66
132 75 51.62
132 76 132.1
132 77 37.85
132 78 89.94
132 79 124.96
132 80 76.92
132 81 61.85
132 82 105.55
132 83 136.06
132 84 132.91
132 85 131.88
132 86 94.49
132 87 111.95
132 88 24.41
132 89 110.89
132 90 120.74
132 91 134.2
132 92 41.23
132 93 157.41
132 94 107.2
132 95 77.49
132 96 69.66
132 97 112.89
132 98 139.67
132 99 84.31
132 100 128.56
132 101 36.01
132 102 52.2
132 103 27.78
132 104 113.44
132 105 147.3
132 106 117.04
132 107 69.78
132 108 126.29
132 109 126.65
132 110 126.7
132 111 81.74
132 112 50.92
132 113 109.44
132 114 91.48
132 115 53.24
132 116 51.09
132 117 83.19
132 118 32.56
132 119 31.24
132 120 50.0
132 121 154.74
132 122 60.54
132 123 147.76
132 124 93.01
132 125 28.46
132 126 126.21
132 127 69.03
132 128 73.05
132 129 31.05
132 130 163.67
132 131 74.11
132 133 117.8
132 134 118.23
132 135 140.43
132 136 112.73
132 137 77.08
132 138 74.63
132 139 33.24
132 140 36.24
132 141 138.19
132 142 136.24
132 143 22.83
132 144 82.0
132 145 52.35
132 146 74.01
132 147 19.1
132 148 93.06
132 149 111.02
132 150 109.62
132 151 86.37
132 152 27.02
132 153 118.07
132 154 101.02
132 155 39.41
132 156 89.94
132 157 125.32
132 158 86.15
132 159 87.09
132 160 16.28
132 161 135.07
132 162 85.73
132 163 95.71
132 164 86.95
132 165 114.98
132 166 124.52
132 167 48.09
132 168 75.21
132 169 105.15
132 170 136.7
132 171 87.13
132 172 49.24
132 173 111.29
132 174 107.62
132 175 54.63
132 176 138.92
132 177 129.03
132 178 42.05
132 179 81.05
132 180 125.24
132 181 90.91
132 182 136.24
132 183 92.2
132 184 42.54
132 185 29.43
132 186 59.03
132 187 109.11
132 188 127.88
132 189 148.98
132 190 104.02
132 191 35.34
132 192 96.0
132 193 91.05
132 194 68.96
132 195 12.17
132 196 62.2
132 197 60.07
132 198 166.82
132 199 59.0
132 200 52.77
132 201 77.82
133 0 46.52
133 1 123.07
133 2 66.48
133 3 58.52
133 4 56.08
133 5 19.42
133 6 90.52
133 7 53.46
133 8 28.02
133 9 104.01
133 10 42.01
133 11 29.07
133 12 52.43
133 13 71.85
133 14 29.12
133 15 136.36
133 16 6.0
133 17 4.0
133 18 49.41
133 19 96.52
133 20 48.88
133 21 64.88
133 22 31.32
133 23 56.44
133 24 50.54
133 25 35.47
133 26 24.41
133 27 84.93
133 28 99.61
133 29 120.43
133 30 47.71
133 31 114.02
133 32 72.01
133 33 83.38
133 34 54.33
133 35 107.52
133 36 76.53
133 37 116.36
133 38 57.87
133 39 81.02
133 40 84.65
133 41 63.13
133 42 92.2
133 43 101.83
133 44 87.69
133 45 33.24
133 46 40.01
133 47 78.89
133 48 97.17
133 49 96.25
133 50 29.53
133 51 118.19
133 52 78.77
133 53 29.73
133 54 73.93
133 55 41.62
133 56 80.5
133 57 19.24
133 58 9.49
133 59 122.98
133 60 66.89
133 61 79.25
133 62 79.1
133 63 62.64
133 64 18.38
133 65 92.11
133 66 15.62
133 67 50.93
133 68 61.98
133 69 63.51
133 70 29.15
133 71 99.28
133 72 91.29
133 73 16.28
133 74 65.03
133 75 66.61
133 76 101.64
133 77 86.21
133 78 28.02
133 79 7.21
133 80 46.96
133 81 105.3
133 82 59.67
133 83 39.45
133 84 27.66
133 85 24.35
133 86 23.35
133 87 43.08
133 88 114.02
133 89 7.21
133 90 21.4
133 91 17.72
133 92 79.4
133 93 40.72
133 94 93.38
133 95 64.07
133 96 48.17
133 97 113.28
133 98 32.98
133 99 35.23
133 100 74.43
133 101 97.58
133 102 68.1
133 103 111.61
133 104 69.89
133 105 32.02
133 106 77.83
133 107 61.39
133 108 100.3
133 109 52.8
133 110 60.46
133 111 56.09
133 112 78.19
133 113 41.11
133 114 66.1
133 115 66.71
133 116 82.76
133 117 113.0
133 118 100.44
133 119 87.2
133 120 99.32
133 121 48.37
133 122 69.92
133 123 30.0
133 124 35.01
133 125 91.97
133 126 10.05
133 127 88.28
133 128 66.37
133 129 103.23
133 130 46.04
133 131 73.76
133 132 117.8
133 134 96.84
133 135 61.62
133 136 49.4
133 137 107.69
133 138 51.66
133 139 118.98
133 140 116.81
133 141 28.02
133 142 18.44
133 143 95.52
133 144 58.86
133 145 71.59
133 146 89.02
133 147 117.03
133 148 32.98
133 149 93.17
133 150 14.32
133 151 34.18
133 152 99.49
133 153 26.63
133 154 18.79
133 155 127.09
133 156 47.1
133 157 18.03
133 158 71.11
133 159 86.7
133 160 118.26
133 161 21.38
133 162 101.32
133 163 34.23
133 164 35.34
133 165 54.63
133 166 15.81
133 167 91.39
133 168 43.19
133 169 20.02
133 170 47.2
133 171 34.0
133 172 110.49
133 173 18.79
133 174 11.18
133 175 105.85
133 176 30.59
133 177 113.53
133 178 94.34
133 179 89.56
133 180 27.66
133 181 26.91
133 182 82.1
133 183 26.4
133 184 79.26
133 185 97.13
133 186 60.9
133 187 60.37
133 188 108.78
133 189 46.84
133 190 75.31
133 191 86.95
133 192 76.24
133 193 88.28
133 194 70.71
133 195 124.45
133 196 59.03
133 197 88.46
133 198 49.4
133 199 82.08
133 200 72.09
133 201 46.52
134 0 69.35
134 1 80.28
134 2 31.14
134 3 38.64
134 4 41.44
134 5 107.35
134 6 164.07
134 7 128.06
134 8 107.19
134 9 84.21
134 10 119.15
134 11 119.82
134 12 50.09
134 13 142.9
134 14 85.01
134 15 114.63
134 16 91.09
134 17 95.8
134 18 77.1
134 19 82.04
134 20 69.63
134 21 147.63
134 22 101.51
134 23 70.43
134 24 136.53
134 25 61.61
134 26 120.21
134 27 156.27
134 28 17.09
134 29 97.13
134 30 68.25
134 31 119.24
134 32 143.63
134 33 21.47
134 34 44.29
134 35 15.81
134 36 24.76
134 37 83.49
134 38 118.09
134 39 62.94
134 40 157.72
134 41 69.34
134 42 102.46
134 43 90.93
134 44 140.43
134 45 102.65
134 46 92.91
134 47 71.51
134 48 127.95
134 49 66.19
134 50 125.87
134 51 76.49
134 52 40.85
134 53 74.79
134 54 30.68
134 55 92.1
134 56 66.41
134 57 106.45
134 58 102.53
134 59 83.74
134 60 102.08
134 61 88.24
134 62 34.01
134 63 34.21
134 64 106.92
134 65 77.47
134 66 104.09
134 67 83.55
134 68 141.21
134 69 98.81
134 70 68.35
134 71 125.92
134 72 65.76
134 73 82.57
134 74 37.54
134 75 97.35
134 76 14.0
134 77 83.82
134 78 91.81
134 79 99.25
134 80 70.04
134 81 60.41
134 82 37.34
134 83 73.33
134 84 124.45
134 85 85.09
134 86 88.68
134 87 54.13
134 88 97.05
134 89 92.36
134 90 117.05
134 91 98.51
134 92 85.62
134 93 110.45
134 94 11.05
134 95 127.99
134 96 87.69
134 97 21.47
134 98 85.15
134 99 79.4
134 100 31.02
134 101 127.53
134 102 104.29
134 103 93.05
134 104 27.29
134 105 101.08
134 106 20.0
134 107 118.19
134 108 8.06
134 109 51.24
134 110 43.57
134 111 53.74
134 112 119.27
134 113 55.79
134 114 139.6
134 115 81.63
134 116 68.96
134 117 46.1
134 118 85.71
134 119 105.31
134 120 69.07
134 121 89.5
134 122 119.02
134 123 111.04
134 124 110.94
134 125 93.68
134 126 95.52
134 127 143.6
134 128 126.67
134 129 87.46
134 130 119.51
134 131 47.85
134 132 118.23
134 133 96.84
134 135 55.36
134 136 137.56
134 137 47.8
134 138 111.04
134 139 93.19
134 140 89.2
134 141 123.76
134 142 105.8
134 143 100.96
134 144 50.93
134 145 111.5
134 146 147.43
134 147 103.08
134 148 70.33
134 149 7.28
134 150 104.39
134 151 100.21
134 152 91.41
134 153 72.01
134 154 83.67
134 155 95.19
134 156 121.21
134 157 114.84
134 158 38.01
134 159 153.57
134 160 106.12
134 161 116.3
134 162 35.9
134 163 66.65
134 164 74.06
134 165 43.29
134 166 112.64
134 167 131.23
134 168 82.81
134 169 78.19
134 170 65.92
134 171 76.28
134 172 74.33
134 173 110.17
134 174 88.96
134 175 67.19
134 176 87.05
134 177 17.0
134 178 129.25
134 179 37.22
134 180 75.24
134 181 88.51
134 182 31.4
134 183 83.86
134 184 110.15
134 185 121.08
134 186 101.83
134 187 144.78
134 188 12.81
134 189 82.0
134 190 23.02
134 191 113.16
134 192 27.02
134 193 157.04
134 194 127.66
134 195 115.11
134 196 104.35
134 197 137.57
134 198 119.94
134 199 60.44
134 200 112.89
134 201 69.35
135 0 66.01
135 1 120.21
135 2 30.41
135 3 29.53
135 4 27.31
135 5 79.06
135 6 148.48
135 7 110.02
135 8 84.12
135 9 112.81
135 10 68.25
135 11 74.69
135 12 16.12
135 13 128.04
135 14 37.59
135 15 147.6
135 16 57.8
135 17 58.69
135 18 75.01
135 19 107.34
135 20 16.49
135 21 125.1
135 22 82.46
135 23 74.43
135 24 111.25
135 25 33.96
135 26 85.56
135 27 141.85
135 28 67.74
135 29 129.25
135 30 16.16
135 31 139.06
135 32 128.44
135 33 56.64
135 34 42.06
135 35 70.77
135 36 50.93
135 37 118.85
135 38 107.56
135 39 85.62
135 40 142.23
135 41 78.26
135 42 117.55
135 43 115.77
135 44 136.34
135 45 84.31
135 46 40.45
135 47 90.14
135 48 135.01
135 49 97.13
135 50 89.94
135 51 115.43
135 52 67.96
135 53 57.49
135 54 24.7
135 55 81.79
135 56 87.66
135 57 78.49
135 58 70.43
135 59 122.32
135 60 103.17
135 61 101.43
135 62 62.8
135 63 33.84
135 64 63.29
135 65 101.95
135 66 61.29
135 67 81.1
135 68 120.93
135 69 99.18
135 70 44.64
135 71 135.03
135 72 93.91
135 73 45.45
135 74 50.12
135 75 100.02
135 76 52.24
135 77 102.62
135 78 73.39
135 79 60.21
135 80 67.01
135 81 98.6
135 82 36.24
135 83 24.19
135 84 85.6
135 85 40.22
135 86 67.78
135 87 30.02
135 88 125.92
135 89 61.03
135 90 82.73
135 91 54.38
135 92 99.82
135 93 58.69
135 94 59.17
135 95 116.38
135 96 82.49
135 97 76.69
135 98 35.85
135 99 67.08
135 100 24.35
135 101 135.0
135 102 105.23
135 103 122.25
135 104 33.97
135 105 51.24
135 106 37.22
135 107 109.64
135 108 54.13
135 109 14.04
135 110 15.0
135 111 58.69
135 112 119.71
135 113 33.06
135 114 123.0
135 115 89.56
135 116 90.82
135 117 93.61
135 118 111.79
135 119 116.52
135 120 100.72
135 121 35.06
135 122 114.93
135 123 62.97
135 124 90.34
135 125 112.06
135 126 55.32
135 127 138.25
135 128 117.05
135 129 114.39
135 130 67.48
135 131 69.32
135 132 140.43
135 133 61.62
135 134 55.36
135 136 110.6
135 137 91.92
135 138 100.0
135 139 126.13
135 140 122.59
135 141 82.38
135 142 61.91
135 143 118.46
135 144 58.52
135 145 111.54
135 146 140.52
135 147 131.1
135 148 54.74
135 149 56.36
135 150 74.4
135 151 83.22
135 152 114.79
135 153 36.36
135 154 59.09
135 155 131.37
135 156 102.88
135 157 77.9
135 158 58.31
135 159 141.87
135 160 133.54
135 161 74.89
135 162 80.72
135 163 50.49
135 164 61.66
135 165 25.63
135 166 75.74
135 167 133.63
135 168 75.54
135 169 51.48
135 170 15.26
135 171 62.97
135 172 110.14
135 173 79.81
135 174 59.68
135 175 103.17
135 176 38.48
135 177 67.9
135 178 134.18
135 179 73.76
135 180 33.97
135 181 69.89
135 182 27.0
135 183 65.15
135 184 115.02
135 185 131.14
135 186 99.61
135 187 120.93
135 188 62.97
135 189 28.02
135 190 45.97
135 191 121.04
135 192 53.15
135 193 144.31
135 194 120.07
135 195 142.0
135 196 100.13
135 197 135.33
135 198 67.12
135 199 84.58
135 200 112.64
135 201 66.01
136 0 71.47
136 1 138.29
136 2 110.0
136 3 102.0
136 4 100.26
136 5 31.83
136 6 45.01
136 7 21.95
136 8 30.41
136 9 113.99
136 10 75.0
136 11 55.0
136 12 99.72
136 13 32.65
136 14 77.82
136 15 138.51
136 16 52.8
136 17 52.84
136 18 67.27
136 19 106.68
136 20 98.27
136 21 17.03
136 22 37.0
136 23 76.3
136 24 4.24
136 25 80.66
136 26 28.64
136 27 41.77
136 28 135.77
136 29 127.12
136 30 97.1
136 31 107.33
136 32 32.2
136 33 119.92
136 34 93.3
136 35 145.0
136 36 114.04
136 37 128.76
136 38 39.0
136 39 100.4
136 40 40.31
136 41 81.74
136 42 90.44
136 43 108.06
136 44 58.26
136 45 36.4
136 46 86.33
136 47 94.02
136 48 80.21
136 49 114.04
136 50 28.0
136 51 134.13
136 52 108.52
136 53 62.77
136 54 119.75
136 55 50.64
136 56 98.18
136 57 32.53
136 58 40.22
136 59 136.62
136 60 62.82
136 61 84.85
136 62 111.66
136 63 104.86
136 64 56.52
136 65 104.24
136 66 56.32
136 67 63.39
136 68 18.38
136 69 61.98
136 70 71.06
136 71 84.31
136 72 109.07
136 73 65.22
136 74 101.08
136 75 66.1
136 76 145.09
136 77 94.64
136 78 46.1
136 79 52.8
136 80 71.17
136 81 126.32
136 82 100.96
136 83 88.84
136 84 36.01
136 85 73.36
136 86 48.88
136 87 87.86
136 88 119.33
136 89 49.68
136 90 30.36
136 91 62.63
136 92 86.58
136 93 79.51
136 94 131.48
136 95 36.4
136 96 58.31
136 97 150.08
136 98 81.44
136 99 59.24
136 100 120.42
136 101 81.02
136 102 62.36
136 103 118.46
136 104 112.65
136 105 75.19
136 106 120.67
136 107 42.95
136 108 142.58
136 109 100.5
136 110 107.48
136 111 86.73
136 112 62.27
136 113 85.15
136 114 26.93
136 115 77.01
136 116 99.05
136 117 140.62
136 118 109.18
136 119 82.87
136 120 116.0
136 121 95.52
136 122 52.35
136 123 66.48
136 124 27.89
136 125 95.34
136 126 57.7
136 127 56.61
136 128 40.8
136 129 111.46
136 130 80.0
136 131 101.39
136 132 112.73
136 133 49.4
136 134 137.56
136 135 110.6
136 137 133.99
136 138 39.81
136 139 127.28
136 140 126.59
136 141 43.05
136 142 57.72
136 143 95.21
136 144 89.89
136 145 60.54
136 146 54.71
136 147 119.92
136 148 67.23
136 149 132.41
136 150 36.24
136 151 39.29
136 152 105.12
136 153 74.52
136 154 54.82
136 155 136.31
136 156 23.54
136 157 37.11
136 158 104.18
136 159 46.49
136 160 119.85
136 161 46.27
136 162 131.47
136 163 71.02
136 164 63.98
136 165 99.36
136 166 38.6
136 167 70.29
136 168 59.44
136 169 61.62
136 170 96.52
136 171 61.74
136 172 126.1
136 173 30.81
136 174 51.62
136 175 124.02
136 176 78.79
136 177 154.55
136 178 75.6
136 179 119.37
136 180 76.84
136 181 49.19
136 182 128.76
136 183 53.71
136 184 70.38
136 185 84.72
136 186 57.07
136 187 12.04
136 188 150.23
136 189 95.34
136 190 114.61
136 191 77.39
136 192 112.73
136 193 46.32
136 194 45.61
136 195 122.93
136 196 53.15
136 197 61.55
136 198 84.0
136 199 102.59
136 200 60.01
136 201 71.47
137 0 64.01
137 1 32.56
137 2 61.52
137 3 64.2
137 4 67.2
137 5 110.0
137 6 147.6
137 7 118.0
137 8 105.39
137 9 42.49
137 10 141.87
137 11 135.82
137 12 79.81
137 13 128.04
137 14 108.69
137 15 68.01
137 16 101.79
137 17 108.47
137 18 66.75
137 19 43.6
137 20 101.4
137 21 138.88
137 22 97.62
137 23 57.71
137 24 131.59
137 25 79.71
137 26 126.1
137 27 139.54
137 28 30.81
137 29 51.62
137 30 99.4
137 31 79.61
137 32 128.95
137 33 35.47
137 34 57.7
137 35 37.0
137 36 41.04
137 37 37.22
137 38 103.25
137 39 34.93
137 40 141.77
137 41 52.39
137 42 68.68
137 43 51.11
137 44 116.83
137 45 97.87
137 46 120.44
137 47 43.42
137 48 96.9
137 49 26.91
137 50 132.09
137 51 29.07
137 52 29.12
137 53 78.52
137 54 70.0
137 55 83.36
137 56 38.01
137 57 109.0
137 58 109.46
137 59 36.22
137 60 80.53
137 61 59.41
137 62 30.89
137 63 59.03
137 64 123.23
137 65 41.04
137 66 120.07
137 67 70.83
137 68 131.24
137 69 78.72
137 70 80.08
137 71 93.51
137 72 29.83
137 73 98.67
137 74 46.07
137 75 75.59
137 76 61.39
137 77 50.99
137 78 90.09
137 79 112.81
137 80 64.03
137 81 15.23
137 82 58.25
137 83 101.02
137 84 133.63
137 85 106.62
137 86 90.02
137 87 74.71
137 88 53.45
137 89 101.12
137 90 123.15
137 91 116.69
137 92 56.61
137 93 135.15
137 94 37.7
137 95 112.4
137 96 75.93
137 97 36.5
137 98 110.48
137 99 77.01
137 100 70.8
137 101 96.21
137 102 82.37
137 103 49.65
137 104 58.0
137 105 124.48
137 106 56.61
137 107 101.64
137 108 55.32
137 109 81.84
137 110 77.1
137 111 51.62
137 112 94.87
137 113 74.25
137 114 126.65
137 115 60.01
137 116 38.59
137 117 7.21
137 118 45.79
137 119 74.28
137 120 28.02
137 121 120.37
137 122 98.49
137 123 131.24
137 124 106.21
137 125 58.8
137 126 110.86
137 127 120.67
137 128 109.59
137 129 46.53
137 130 143.78
137 131 34.13
137 132 77.08
137 133 107.69
137 134 47.8
137 135 91.92
137 136 133.99
137 138 98.03
137 139 47.52
137 140 43.57
137 141 135.48
137 142 122.53
137 143 65.44
137 144 48.84
137 145 88.84
137 146 125.36
137 147 59.48
137 148 74.81
137 149 41.79
137 150 109.11
137 151 94.89
137 152 52.7
137 153 90.62
137 154 89.68
137 155 48.04
137 156 112.54
137 157 123.69
137 158 38.08
137 159 134.83
137 160 62.64
137 161 129.07
137 162 12.08
137 163 73.55
137 164 74.11
137 165 69.4
137 166 121.81
137 167 103.48
137 168 74.67
137 169 87.86
137 170 96.61
137 171 76.06
137 172 28.64
137 173 114.02
137 174 97.02
137 175 22.47
137 176 111.36
137 177 54.04
137 178 99.72
137 179 19.24
137 180 96.66
137 181 88.01
137 182 75.29
137 183 85.05
137 184 83.6
137 185 88.53
137 186 83.26
137 187 137.53
137 188 54.08
137 189 112.89
137 190 45.97
137 191 83.55
137 192 39.05
137 193 138.8
137 194 108.71
137 195 71.31
137 196 86.93
137 197 112.8
137 198 145.41
137 199 32.31
137 200 90.21
137 201 64.01
138 0 41.73
138 1 99.01
138 2 88.75
138 3 81.63
138 4 81.01
138 5 35.36
138 6 53.04
138 7 20.22
138 8 25.06
138 9 74.33
138 10 91.71
138 11 74.09
138 12 85.44
138 13 31.89
138 14 78.16
138 15 99.16
138 16 50.49
138 17 55.54
138 18 34.21
138 19 67.12
138 20 92.78
138 21 41.0
138 22 20.4
138 23 42.19
138 24 36.35
138 25 66.1
138 26 48.84
138 27 45.28
138 28 105.44
138 29 87.32
138 30 90.93
138 31 69.63
138 32 32.65
138 33 90.91
138 34 69.4
138 35 115.21
138 36 86.31
138 37 89.2
138 38 7.62
138 39 63.32
138 40 46.69
138 41 46.1
138 42 51.08
138 43 68.25
138 44 37.05
138 45 18.44
138 46 90.8
138 47 55.9
138 48 46.87
138 49 75.8
138 50 53.08
138 51 95.02
138 52 75.8
138 53 42.72
138 54 100.85
138 55 19.42
138 56 60.64
138 57 34.89
138 58 44.01
138 59 97.13
138 60 23.09
138 61 45.18
138 62 80.45
138 63 82.66
138 64 68.15
138 65 65.01
138 66 66.13
138 67 28.3
138 68 33.24
138 69 22.2
138 70 55.36
138 71 49.82
138 72 71.02
138 73 61.01
138 74 73.54
138 75 26.31
138 76 121.17
138 77 55.08
138 78 27.17
138 79 58.52
138 80 41.01
138 81 88.65
138 82 78.24
138 83 84.29
138 84 59.46
138 85 73.17
138 86 33.14
138 87 71.31
138 88 79.56
138 89 46.53
138 90 47.63
138 91 69.38
138 92 47.04
138 93 92.03
138 94 102.94
138 95 17.2
138 96 23.6
138 97 119.54
138 98 82.15
138 99 34.0
138 100 101.71
138 101 47.43
138 102 22.85
138 103 78.64
138 104 90.21
138 105 83.68
138 106 97.62
138 107 10.0
138 108 117.41
138 109 86.98
138 110 91.79
138 111 57.31
138 112 27.46
138 113 68.15
138 114 29.15
138 115 38.64
138 116 61.0
138 117 105.0
138 118 69.46
138 119 43.83
138 120 77.41
138 121 98.25
138 122 18.38
138 123 80.23
138 124 19.21
138 125 55.54
138 126 61.61
138 127 38.47
138 128 17.09
138 129 71.7
138 130 96.25
138 131 68.1
138 132 74.63
138 133 51.66
138 134 111.04
138 135 100.0
138 136 39.81
138 137 98.03
138 139 87.48
138 140 86.83
138 141 65.44
138 142 68.71
138 143 55.71
138 144 60.21
138 145 22.67
138 146 40.52
138 147 80.32
138 148 46.1
138 149 104.8
138 150 39.4
138 151 18.03
138 152 65.31
138 153 65.62
138 154 42.19
138 155 96.51
138 156 16.28
138 157 53.25
138 158 74.03
138 159 43.27
138 160 80.41
138 161 63.81
138 162 97.51
138 163 50.57
138 164 39.82
138 165 80.95
138 166 53.0
138 167 39.92
138 168 28.32
138 169 49.5
138 170 89.27
138 171 38.01
138 172 87.05
138 173 39.12
138 174 45.1
138 175 85.59
138 176 80.31
138 177 127.48
138 178 43.42
138 179 85.88
138 180 71.18
138 181 30.41
138 182 110.64
138 183 34.93
138 184 32.2
138 185 48.8
138 186 17.26
138 187 40.2
138 188 123.79
138 189 95.0
138 190 88.41
138 191 39.82
138 192 84.29
138 193 46.4
138 194 20.22
138 195 84.08
138 196 13.34
138 197 37.12
138 198 99.92
138 199 65.8
138 200 22.63
138 201 41.73
139 0 73.25
139 1 19.85
139 2 97.31
139 3 96.6
139 4 98.88
139 5 113.22
139 6 125.77
139 7 106.79
139 8 105.11
139 9 15.0
139 10 159.46
139 11 147.87
139 12 111.14
139 13 110.11
139 14 130.83
139 15 21.84
139 16 114.04
139 17 121.25
139 18 69.64
139 19 22.47
139 20 130.92
139 21 126.19
139 22 96.93
139 23 62.8
139 24 123.79
139 25 102.94
139 26 129.87
139 27 118.23
139 28 77.0
139 29 4.12
139 30 128.71
139 31 37.64
139 32 111.11
139 33 75.71
139 34 84.91
139 35 84.29
139 36 78.45
139 37 10.44
139 38 89.45
139 39 41.4
139 40 121.06
139 41 56.22
139 42 39.2
139 43 19.24
139 44 90.47
139 45 96.21
139 46 144.36
139 47 40.46
139 48 64.26
139 49 29.15
139 50 135.38
139 51 20.12
139 52 58.87
139 53 90.43
139 54 108.78
139 55 81.54
139 56 40.36
139 57 112.31
139 58 116.85
139 59 15.56
139 60 64.63
139 61 42.72
139 62 65.15
139 63 92.61
139 64 137.06
139 65 27.02
139 66 134.03
139 67 69.32
139 68 118.21
139 69 65.31
139 70 98.29
139 71 59.62
139 72 32.25
139 73 116.18
139 74 76.03
139 75 61.19
139 76 107.17
139 77 33.62
139 78 93.48
139 79 125.67
139 80 72.62
139 81 33.02
139 82 89.89
139 83 127.44
139 84 139.56
139 85 127.29
139 86 96.38
139 87 101.02
139 88 9.85
139 89 111.77
139 90 127.53
139 91 133.06
139 92 41.44
139 93 155.13
139 94 82.3
139 95 96.02
139 96 73.41
139 97 84.01
139 98 133.73
139 99 83.76
139 100 109.73
139 101 63.32
139 102 65.38
139 103 9.0
139 104 94.92
139 105 144.42
139 106 96.57
139 107 86.21
139 108 101.12
139 109 113.37
139 110 111.36
139 111 70.43
139 112 71.34
139 113 99.2
139 114 111.0
139 115 53.23
139 116 37.48
139 117 52.63
139 118 18.79
139 119 47.17
139 120 25.63
139 121 147.12
139 122 79.01
139 123 147.61
139 124 102.79
139 125 32.14
139 126 125.6
139 127 94.59
139 128 92.0
139 129 16.16
139 130 162.61
139 131 56.82
139 132 33.24
139 133 118.98
139 134 93.19
139 135 126.13
139 136 127.28
139 137 47.52
139 138 87.48
139 140 4.0
139 141 143.59
139 142 136.82
139 143 34.23
139 144 69.4
139 145 69.01
139 146 99.69
139 147 14.14
139 148 88.62
139 149 86.37
139 150 114.49
139 151 93.41
139 152 22.2
139 153 111.76
139 154 100.44
139 155 9.06
139 156 103.75
139 157 130.6
139 158 68.03
139 159 111.8
139 160 17.03
139 161 138.92
139 162 58.03
139 163 89.83
139 164 84.2
139 165 100.72
139 166 129.29
139 167 74.04
139 168 76.54
139 169 102.3
139 170 125.92
139 171 85.21
139 172 19.03
139 173 117.69
139 174 107.9
139 175 26.02
139 176 133.66
139 177 101.4
139 178 68.62
139 179 56.89
139 180 118.87
139 181 93.15
139 182 116.21
139 183 92.65
139 184 60.07
139 185 55.36
139 186 70.21
139 187 126.57
139 188 101.08
139 189 140.42
139 190 83.82
139 191 55.73
139 192 75.58
139 193 115.92
139 194 89.09
139 195 24.6
139 196 74.15
139 197 85.62
139 198 165.19
139 199 41.88
139 200 70.0
139 201 73.25
140 0 70.8
140 1 17.03
140 2 93.62
140 3 93.06
140 4 95.38
140 5 111.62
140 6 126.5
140 7 106.38
140 8 103.73
140 9 13.0
140 10 157.0
140 11 145.77
140 12 107.7
140 13 110.37
140 14 127.99
140 15 25.71
140 16 111.77
140 17 118.98
140 18 67.6
140 19 20.62
140 20 127.64
140 21 126.04
140 22 95.52
140 23 60.46
140 24 123.18
140 25 99.9
140 26 128.32
140 27 118.87
140 28 73.0
140 29 8.06
140 30 125.43
140 31 40.31
140 32 111.36
140 33 71.81
140 34 81.54
140 35 80.31
140 36 74.63
140 37 6.71
140 38 89.14
140 39 38.29
140 40 121.66
140 41 53.82
140 42 39.81
140 43 19.03
140 44 91.48
140 45 94.87
140 46 141.45
140 47 38.01
140 48 65.8
140 49 25.5
140 50 133.9
140 51 16.64
140 52 55.15
140 53 88.01
140 54 105.0
140 55 80.06
140 56 37.48
140 57 110.69
140 58 114.95
140 59 13.04
140 60 64.2
140 61 41.77
140 62 61.35
140 63 89.0
140 64 134.79
140 65 24.7
140 66 131.75
140 67 67.62
140 68 118.04
140 69 64.63
140 70 95.52
140 71 61.27
140 72 28.84
140 73 113.57
140 74 72.47
140 75 60.53
140 76 103.17
140 77 32.28
140 78 91.71
140 79 123.42
140 80 70.21
140 81 29.02
140 82 86.35
140 83 124.33
140 84 137.88
140 85 124.52
140 86 94.41
140 87 97.8
140 88 12.04
140 89 109.6
140 90 125.92
140 91 130.6
140 92 40.26
140 93 152.5
140 94 78.31
140 95 96.02
140 96 71.87
140 97 80.06
140 98 130.83
140 99 81.63
140 100 105.95
140 101 64.88
140 102 65.07
140 103 9.85
140 104 91.18
140 105 141.77
140 106 92.72
140 107 86.02
140 108 97.13
140 109 109.93
140 110 107.78
140 111 67.36
140 112 71.85
140 113 96.05
140 114 111.04
140 115 51.62
140 116 34.71
140 117 48.76
140 118 17.46
140 119 47.68
140 120 21.93
140 121 144.05
140 122 79.16
140 123 145.21
140 124 101.65
140 125 32.02
140 126 123.22
140 127 95.6
140 128 92.09
140 129 15.13
140 130 160.08
140 131 53.34
140 132 36.24
140 133 116.81
140 134 89.2
140 135 122.59
140 136 126.59
140 137 43.57
140 138 86.83
140 139 4.0
140 141 141.77
140 142 134.53
140 143 34.93
140 144 66.22
140 145 69.07
140 146 100.69
140 147 17.2
140 148 86.05
140 149 82.39
140 150 112.73
140 151 92.03
140 152 22.02
140 153 108.89
140 154 98.18
140 155 10.3
140 156 103.1
140 157 128.81
140 158 64.4
140 159 112.59
140 160 20.25
140 161 136.95
140 162 54.04
140 163 87.11
140 164 81.84
140 165 97.25
140 166 127.46
140 167 75.27
140 168 74.69
140 169 99.81
140 170 122.64
140 171 82.93
140 172 15.03
140 173 116.08
140 174 105.69
140 175 22.02
140 176 130.82
140 177 97.42
140 178 70.01
140 179 52.95
140 180 115.97
140 181 91.24
140 182 112.36
140 183 90.55
140 184 60.41
140 185 56.86
140 186 69.58
140 187 126.25
140 188 97.08
140 189 137.28
140 190 80.01
140 191 56.52
140 192 71.78
140 193 116.71
140 194 89.36
140 195 28.23
140 196 73.55
140 197 86.68
140 198 162.61
140 199 38.6
140 200 70.11
140 201 70.8
141 0 73.08
141 1 149.35
141 2 92.89
141 3 85.15
141 4 82.46
141 5 31.24
141 6 88.05
141 7 57.94
141 8 41.01
141 9 128.8
141 10 32.06
141 11 12.17
141 12 76.69
141 13 73.98
141 14 45.0
141 15 159.48
141 16 34.01
141 17 28.16
141 18 74.32
141 19 121.2
141 20 67.01
141 21 60.01
141 22 48.27
141 23 82.28
141 24 46.27
141 25 62.17
141 26 17.0
141 27 84.59
141 28 127.39
141 29 144.63
141 30 66.61
141 31 133.73
141 32 73.76
141 33 111.22
141 34 82.15
141 35 135.07
141 36 104.31
141 37 141.95
141 38 69.34
141 39 107.52
141 40 83.29
141 41 88.96
141 42 113.07
141 43 125.54
141 44 96.25
141 45 49.58
141 46 48.6
141 47 104.39
141 48 112.2
141 49 122.7
141 50 15.13
141 51 144.56
141 52 106.68
141 53 57.07
141 54 98.79
141 55 62.68
141 56 106.63
141 57 32.02
141 58 26.93
141 59 148.93
141 60 85.63
141 61 102.08
141 62 107.12
141 63 89.63
141 64 19.21
141 65 117.2
141 66 21.1
141 67 74.3
141 68 60.67
141 69 82.98
141 70 57.04
141 71 115.26
141 72 117.65
141 73 41.23
141 74 93.01
141 75 86.68
141 76 127.44
141 77 110.15
141 78 50.12
141 79 24.52
141 80 73.38
141 81 132.44
141 82 86.98
141 83 58.25
141 84 7.07
141 85 42.19
141 86 47.54
141 87 69.63
141 88 137.71
141 89 34.37
141 90 17.8
141 91 28.02
141 92 102.73
141 93 37.64
141 94 120.93
141 95 72.01
141 96 70.49
141 97 140.91
141 98 47.51
141 99 60.75
141 100 99.16
141 101 112.8
141 102 86.28
141 103 135.69
141 104 96.54
141 105 36.06
141 106 104.29
141 107 73.5
141 108 126.65
141 109 76.56
141 110 84.69
141 111 83.86
141 112 92.8
141 113 68.07
141 114 67.91
141 115 90.43
141 116 108.63
141 117 140.91
141 118 124.82
141 119 106.96
141 120 125.59
141 121 58.01
141 122 83.23
141 123 25.08
141 124 46.23
141 125 114.55
141 126 28.46
141 127 95.63
141 128 75.59
141 129 127.53
141 130 37.05
141 131 101.43
141 132 138.19
141 133 28.02
141 134 123.76
141 135 82.38
141 136 43.05
141 137 135.48
141 138 65.44
141 139 143.59
141 140 141.77
141 142 20.62
141 143 117.0
141 144 86.7
141 145 87.86
141 146 94.87
141 147 140.06
141 148 60.67
141 149 120.51
141 150 29.15
141 151 51.86
141 152 122.97
141 153 51.92
141 154 45.89
141 155 152.05
141 156 54.12
141 157 13.04
141 158 99.13
141 159 88.65
141 160 140.91
141 161 7.62
141 162 129.31
141 163 62.2
141 164 62.1
141 165 80.78
141 166 14.32
141 167 104.31
141 168 67.08
141 169 48.04
141 170 67.12
141 171 60.44
141 172 136.7
141 173 26.91
141 174 38.47
141 175 132.5
141 176 44.69
141 177 140.19
141 178 108.47
141 179 117.52
141 180 50.16
141 181 50.57
141 182 106.02
141 183 51.87
141 184 96.9
141 185 114.11
141 186 79.25
141 187 55.01
141 188 135.34
141 189 60.14
141 190 102.83
141 191 104.69
141 192 104.12
141 193 88.96
141 194 80.53
141 195 146.21
141 196 76.37
141 197 98.39
141 198 41.05
141 199 108.81
141 200 87.97
141 201 73.08
142 0 63.81
142 1 140.0
142 2 74.67
142 3 67.27
142 4 64.38
142 5 33.96
142 6 101.83
142 7 67.19
142 8 43.97
142 9 121.83
142 10 23.6
142 11 14.04
142 12 57.28
142 13 85.01
142 14 24.41
142 15 154.56
142 16 22.8
142 17 15.62
142 18 67.48
142 19 114.4
142 20 46.4
142 21 74.53
142 22 48.75
142 23 74.06
142 24 60.02
142 25 45.01
142 26 29.12
142 27 97.19
142 28 111.04
142 29 138.41
142 30 46.04
142 31 132.44
142 32 85.0
142 33 95.19
142 34 66.48
142 35 118.07
142 36 88.14
142 37 133.78
142 38 74.33
142 39 98.01
142 40 96.42
142 41 80.71
142 42 110.63
142 43 119.97
142 44 103.59
142 45 50.57
142 46 29.07
142 47 96.52
142 48 114.93
142 49 113.18
142 50 31.3
142 51 135.07
142 52 93.41
142 53 46.65
142 54 79.4
142 55 60.0
142 56 97.75
142 57 34.21
142 58 24.7
142 59 140.16
142 60 85.15
142 61 97.59
142 62 92.76
142 63 72.11
142 64 1.41
142 65 109.86
142 66 2.83
142 67 69.3
142 68 73.33
142 69 81.84
142 70 42.45
142 71 117.24
142 72 108.3
142 73 24.19
142 74 77.93
142 75 85.0
142 76 108.42
142 77 104.35
142 78 46.4
142 79 11.31
142 80 64.35
142 81 121.46
142 82 70.0
142 83 37.74
142 84 25.0
142 85 21.93
142 86 41.77
142 87 52.04
142 88 132.14
142 89 25.46
142 90 27.46
142 91 7.62
142 92 97.67
142 93 23.54
142 94 104.02
142 95 79.43
142 96 66.6
142 97 124.04
142 98 26.91
142 99 53.26
142 100 79.7
142 101 115.38
142 102 86.28
142 103 129.63
142 104 78.52
142 105 17.46
142 106 85.99
142 107 78.11
142 108 108.06
142 109 56.92
142 110 65.15
142 111 71.51
142 112 95.75
142 113 51.01
142 114 79.0
142 115 84.96
142 116 100.17
142 117 127.35
142 118 118.41
142 119 105.6
142 120 116.36
142 121 38.47
142 122 87.09
142 123 11.66
142 124 50.7
142 125 110.32
142 126 11.7
142 127 103.75
142 128 82.23
142 129 121.21
142 130 27.78
142 131 89.2
142 132 136.24
142 133 18.44
142 134 105.8
142 135 61.91
142 136 57.72
142 137 122.53
142 138 68.71
142 139 136.82
142 140 134.53
142 141 20.62
142 143 113.95
142 144 74.0
142 145 89.47
142 146 103.95
142 147 135.28
142 148 49.19
142 149 103.17
142 150 29.41
142 151 51.88
142 152 117.69
142 153 34.01
142 154 36.4
142 155 144.78
142 156 61.66
142 157 20.62
142 158 84.93
142 159 100.0
142 160 136.56
142 161 13.45
142 162 115.12
142 163 49.4
142 164 52.7
142 165 62.51
142 166 19.24
142 167 108.63
142 168 61.52
142 169 35.34
142 170 46.65
142 171 51.61
142 172 127.53
142 173 31.26
142 174 29.07
142 175 122.54
142 176 24.08
142 177 121.82
142 178 111.89
142 179 103.81
142 180 30.81
142 181 45.34
142 182 86.16
142 183 44.6
142 184 97.42
142 185 115.25
142 186 79.08
142 187 69.63
142 188 116.9
142 189 39.82
142 190 86.0
142 191 105.15
142 192 88.36
142 193 101.04
142 194 86.83
142 195 142.84
142 196 77.03
142 197 104.81
142 198 31.3
142 199 98.84
142 200 89.89
142 201 63.81
143 0 55.04
143 1 50.7
143 2 94.05
143 3 90.55
143 4 91.92
143 5 85.8
143 6 91.59
143 7 73.98
143 8 76.55
143 9 25.55
143 10 137.44
143 11 123.17
143 12 102.39
143 13 76.01
143 14 113.37
143 15 43.46
143 16 91.55
143 17 98.49
143 18 48.02
143 19 21.93
143 20 118.93
143 21 92.66
143 22 68.82
143 23 44.94
143 24 91.48
143 25 88.96
143 26 101.79
143 27 84.01
143 28 87.85
143 29 33.0
143 30 116.71
143 31 20.62
143 32 77.01
143 33 80.05
143 34 76.79
143 35 97.08
143 36 79.76
143 37 39.56
143 38 56.52
143 39 38.08
143 40 86.83
143 41 40.26
143 42 5.0
143 43 16.55
143 44 56.61
143 45 67.68
143 46 127.26
143 47 30.15
143 48 32.2
143 49 38.6
143 50 106.85
143 51 48.3
143 52 60.42
143 53 70.49
143 54 107.0
143 55 54.56
143 56 34.71
143 57 85.0
143 58 91.35
143 59 47.43
143 60 32.7
143 61 17.46
143 62 67.47
143 63 88.14
143 64 113.9
143 65 24.7
143 66 111.13
143 67 44.82
143 68 84.72
143 69 34.48
143 70 81.39
143 71 28.32
143 72 36.72
143 73 96.8
143 74 72.0
143 75 30.53
143 76 114.48
143 77 17.26
143 78 67.9
143 79 102.65
143 80 54.13
143 81 50.93
143 82 84.29
143 83 113.32
143 84 112.07
143 85 109.08
143 86 72.18
143 87 89.56
143 88 25.0
143 89 88.53
143 90 99.86
143 91 111.66
143 92 18.68
143 93 134.81
143 94 90.14
143 95 62.29
143 96 47.38
143 97 98.88
143 98 116.85
143 99 61.61
143 100 108.0
143 101 31.4
143 102 32.89
143 103 25.32
143 104 93.01
143 105 124.62
143 106 97.33
143 107 52.95
143 108 108.93
143 109 104.56
143 110 105.08
143 111 59.84
143 112 37.12
143 113 86.98
143 114 77.16
143 115 30.41
143 116 32.02
143 117 72.35
143 118 20.81
143 119 13.0
143 120 37.54
143 121 131.93
143 122 45.1
143 123 125.4
143 124 72.95
143 125 7.28
143 126 103.71
143 127 60.73
143 128 58.14
143 129 21.47
143 130 141.23
143 131 54.45
143 132 22.83
143 133 95.52
143 134 100.96
143 135 118.46
143 136 95.21
143 137 65.44
143 138 55.71
143 139 34.23
143 140 34.93
143 141 117.0
143 142 113.95
143 144 60.41
143 145 35.36
143 146 65.8
143 147 24.74
143 148 70.24
143 149 93.68
143 150 88.09
143 151 65.22
143 152 13.89
143 153 95.26
143 154 78.41
143 155 43.1
143 156 71.78
143 157 104.02
143 158 66.27
143 159 77.67
143 160 24.7
143 161 113.45
143 162 71.69
143 163 72.92
143 164 64.14
143 165 93.21
143 166 103.08
143 167 40.72
143 168 52.63
143 169 82.38
143 170 114.16
143 171 64.35
143 172 41.88
143 173 90.21
143 174 85.15
143 175 44.6
143 176 116.11
143 177 113.46
143 178 35.85
143 179 64.62
143 180 102.42
143 181 68.62
143 182 116.04
143 183 69.66
143 184 26.02
143 185 23.43
143 186 38.91
143 187 93.38
143 188 111.66
143 189 126.21
143 190 84.48
143 191 21.59
143 192 76.79
143 193 81.79
143 194 55.0
143 195 29.21
143 196 42.54
143 197 51.87
143 198 144.31
143 199 40.52
143 200 36.22
143 201 55.04
144 0 18.87
144 1 67.8
144 2 34.23
144 3 30.15
144 4 31.58
144 5 62.65
144 6 113.22
144 7 77.94
144 8 59.77
144 9 55.23
144 10 94.37
144 11 87.09
144 12 42.72
144 13 92.1
144 14 62.8
144 15 90.21
144 16 52.95
144 17 59.67
144 18 26.17
144 19 49.19
144 20 61.59
144 21 98.11
144 22 52.92
144 23 20.12
144 24 88.24
144 25 33.97
144 26 78.1
144 27 105.38
144 28 46.07
144 29 72.11
144 30 59.36
144 31 80.89
144 32 92.85
144 33 30.81
144 34 16.49
144 35 55.57
144 36 26.17
144 37 63.66
144 38 67.18
144 39 28.02
144 40 106.89
144 41 21.21
144 42 60.03
144 43 57.38
144 44 90.21
144 45 53.71
144 46 75.82
144 47 31.62
144 48 81.25
144 49 41.73
144 50 84.1
144 51 62.8
144 52 20.02
144 53 30.0
144 54 47.38
144 55 41.62
144 56 29.53
144 57 61.66
144 58 61.01
144 59 68.77
144 60 52.33
144 61 44.0
144 62 21.84
144 63 28.07
144 64 74.63
144 65 43.83
144 66 71.47
144 67 32.65
144 68 91.27
144 69 48.76
144 70 31.78
144 71 80.23
144 72 37.54
144 73 50.57
144 74 13.89
144 75 47.93
144 76 61.85
144 77 44.15
144 78 43.97
144 79 64.03
144 80 19.42
144 81 47.89
144 82 24.0
144 83 58.14
144 84 85.09
144 85 59.91
144 86 42.58
144 87 31.62
144 88 68.0
144 89 52.35
144 90 75.06
144 91 68.54
144 92 42.05
144 93 88.51
144 94 42.8
144 95 77.08
144 96 36.77
144 97 60.37
144 98 65.3
144 99 30.68
144 100 48.37
144 101 81.02
144 102 54.56
144 103 64.5
144 104 33.96
144 105 77.7
144 106 39.92
144 107 67.27
144 108 57.63
144 109 44.94
144 110 44.72
144 111 3.16
144 112 69.78
144 113 29.83
144 114 89.02
144 115 33.73
144 116 32.65
144 117 54.23
144 118 53.67
144 119 60.3
144 120 45.25
144 121 77.9
144 122 68.51
144 123 83.26
144 124 62.24
144 125 53.76
144 126 62.3
144 127 93.19
144 128 75.74
144 129 56.36
144 130 96.75
144 131 15.23
144 132 82.0
144 133 58.86
144 134 50.93
144 135 58.52
144 136 89.89
144 137 48.84
144 138 60.21
144 139 69.4
144 140 66.22
144 141 86.7
144 142 74.0
144 143 60.41
144 145 61.72
144 146 96.83
144 147 72.92
144 148 26.08
144 149 44.6
144 150 61.13
144 151 50.99
144 152 56.3
144 153 43.83
144 154 41.05
144 155 75.82
144 156 71.34
144 157 75.11
144 158 14.32
144 159 102.65
144 160 75.24
144 161 80.23
144 162 43.05
144 163 24.74
144 164 26.48
144 165 32.98
144 166 73.17
144 167 82.64
144 168 32.2
144 169 39.05
144 170 56.6
144 171 28.64
144 172 55.97
144 173 66.37
144 174 48.26
144 175 50.0
144 176 65.6
144 177 67.27
144 178 81.61
144 179 31.0
144 180 50.61
144 181 41.23
144 182 56.89
144 183 37.48
144 184 61.98
144 185 75.8
144 186 51.31
144 187 95.71
144 188 63.64
144 189 71.06
144 190 28.84
144 191 66.49
144 192 24.08
144 193 106.1
144 194 76.84
144 195 83.57
144 196 53.6
144 197 87.71
144 198 98.79
144 199 27.66
144 200 63.06
144 201 18.87
145 0 46.57
145 1 83.19
145 2 94.58
145 3 88.6
145 4 88.77
145 5 57.2
145 6 59.24
145 7 38.9
145 8 47.01
145 9 57.56
145 10 112.87
145 11 96.02
145 12 95.89
145 13 41.44
145 14 95.57
145 15 78.16
145 16 69.29
145 17 75.24
145 18 37.36
145 19 51.2
145 20 107.12
145 21 57.31
145 22 40.82
145 23 41.59
145 24 56.65
145 25 78.06
145 26 71.42
145 27 51.26
145 28 102.65
145 29 68.18
145 30 105.08
145 31 47.17
145 32 42.43
145 33 90.21
145 34 74.95
145 35 112.54
145 36 87.13
145 37 72.56
145 38 21.54
145 39 54.41
145 40 53.76
145 41 42.2
145 42 30.41
145 43 50.04
145 44 29.07
145 45 39.12
145 46 108.93
145 47 45.49
145 48 25.63
145 49 63.56
145 50 75.74
145 51 79.83
145 52 72.25
145 53 55.04
145 54 107.52
145 55 31.58
145 56 51.04
145 57 56.61
145 58 65.0
145 59 80.62
145 60 9.43
145 61 30.08
145 62 78.24
145 63 88.26
145 64 89.07
145 65 50.6
145 66 86.77
145 67 30.81
145 68 49.37
145 69 13.0
145 70 68.01
145 71 27.78
145 72 59.48
145 73 78.1
145 74 75.59
145 75 14.21
145 76 123.31
145 77 39.85
145 78 44.27
145 79 78.72
145 80 45.61
145 81 76.97
145 82 83.82
145 83 99.5
145 84 82.04
145 85 90.71
145 86 50.0
145 87 81.61
145 88 60.21
145 89 65.55
145 90 70.09
145 91 89.16
145 92 32.7
145 93 112.31
145 94 102.0
145 95 27.02
145 96 29.07
145 97 115.97
145 98 99.46
145 99 45.01
145 100 108.47
145 101 26.0
145 102 7.21
145 103 60.01
145 104 95.08
145 105 103.25
145 106 101.55
145 107 17.72
145 108 118.73
145 109 97.74
145 110 101.0
145 111 59.51
145 112 8.25
145 113 78.52
145 114 42.0
145 115 30.41
145 116 50.25
145 117 96.04
145 118 52.47
145 119 22.56
145 120 64.26
145 121 115.52
145 122 10.2
145 123 101.12
145 124 41.73
145 125 37.05
145 126 81.15
145 127 32.53
145 128 23.02
145 129 54.23
145 130 117.24
145 131 64.54
145 132 52.35
145 133 71.59
145 134 111.5
145 135 111.54
145 136 60.54
145 137 88.84
145 138 22.67
145 139 69.01
145 140 69.07
145 141 87.86
145 142 89.47
145 143 35.36
145 144 61.72
145 146 36.88
145 147 60.02
145 148 57.04
145 149 104.62
145 150 60.75
145 151 37.59
145 152 47.04
145 153 80.4
145 154 58.46
145 155 78.03
145 156 37.59
145 157 75.43
145 158 73.5
145 159 46.07
145 160 59.67
145 161 85.8
145 162 91.05
145 163 61.13
145 164 50.04
145 165 89.27
145 166 75.0
145 167 22.09
145 168 36.06
145 169 64.78
145 170 103.02
145 171 49.0
145 172 72.28
145 173 61.22
145 174 63.25
145 175 72.45
145 176 97.98
145 177 126.82
145 178 23.35
145 179 80.66
145 180 86.83
145 181 46.57
145 182 117.32
145 183 49.82
145 184 9.85
145 185 26.25
145 186 12.0
145 187 58.05
145 188 123.81
145 189 111.31
145 190 90.43
145 191 17.2
145 192 84.6
145 193 50.09
145 194 20.62
145 195 62.39
145 196 12.65
145 197 26.08
145 198 120.77
145 199 57.2
145 200 1.41
145 201 46.57
146 0 79.76
146 1 116.38
146 2 127.94
146 3 121.2
146 4 120.83
146 5 70.26
146 6 27.07
146 7 37.11
146 8 61.01
146 9 90.82
146 10 125.17
146 11 105.77
146 12 125.87
146 13 22.2
146 14 117.15
146 15 103.02
146 16 89.09
146 17 93.02
146 18 71.02
146 19 85.49
146 20 133.0
146 21 41.73
146 22 59.41
146 23 77.01
146 24 50.61
146 25 106.61
146 26 78.16
146 27 20.88
146 28 139.32
146 29 97.86
146 30 131.21
146 31 68.01
146 32 22.8
146 33 126.37
146 34 108.3
146 35 149.21
146 36 122.8
146 37 105.3
146 38 32.98
146 39 91.21
146 40 24.04
146 41 78.57
146 42 61.03
146 43 82.22
146 44 9.22
146 45 57.43
146 46 129.0
146 47 82.2
146 48 37.0
146 49 99.48
146 50 80.06
146 51 113.65
146 52 108.9
146 53 83.17
146 54 140.43
146 55 59.24
146 56 87.8
146 57 70.18
146 58 80.16
146 59 113.23
146 60 45.97
146 61 66.04
146 62 114.69
146 63 121.71
146 64 103.1
146 65 85.88
146 66 101.71
146 67 64.35
146 68 36.62
146 69 48.84
146 70 95.88
146 71 42.0
146 72 95.72
146 73 100.5
146 74 110.68
146 75 50.93
146 76 158.69
146 77 75.18
146 78 67.47
146 79 95.19
146 80 78.89
146 81 112.87
146 82 117.24
146 83 124.31
146 84 87.92
146 85 112.16
146 86 73.35
146 87 111.66
146 88 90.03
146 89 85.09
146 90 78.34
146 91 106.23
146 92 68.8
146 93 127.42
146 94 138.29
146 95 25.02
146 96 60.9
146 97 152.76
146 98 121.15
146 99 74.09
146 100 141.33
146 101 38.0
146 102 43.86
146 103 90.96
146 104 129.0
146 105 120.42
146 106 136.0
146 107 31.02
146 108 154.4
146 109 127.44
146 110 132.03
146 111 94.3
146 112 30.53
146 113 108.5
146 114 27.78
146 115 67.21
146 116 86.84
146 117 132.57
146 118 85.8
146 119 53.49
146 120 99.76
146 121 137.06
146 122 28.43
146 123 114.76
146 124 54.01
146 125 70.01
146 126 99.05
146 127 5.1
146 128 23.54
146 129 86.98
146 130 130.05
146 131 101.14
146 132 74.01
146 133 89.02
146 134 147.43
146 135 140.52
146 136 54.71
146 137 125.36
146 138 40.52
146 139 99.69
146 140 100.69
146 141 94.87
146 142 103.95
146 143 65.8
146 144 96.83
146 145 36.88
146 147 87.97
146 148 86.38
146 149 140.72
146 150 75.17
146 151 57.87
146 152 79.38
146 153 105.91
146 154 82.38
146 155 108.26
146 156 42.3
146 157 85.15
146 158 109.48
146 159 13.34
146 160 86.58
146 161 95.8
146 162 127.91
146 163 90.82
146 164 79.85
146 165 120.93
146 166 85.7
146 167 26.08
146 168 67.08
146 169 89.82
146 170 129.63
146 171 78.19
146 172 106.62
146 173 72.69
146 174 84.38
146 175 107.78
146 176 119.07
146 177 163.13
146 178 32.02
146 179 117.52
146 180 111.16
146 181 70.83
146 182 150.27
146 183 75.43
146 184 42.06
146 185 45.18
146 186 45.61
146 187 45.45
146 188 159.93
146 189 134.45
146 190 125.67
146 191 44.27
146 192 120.42
146 193 17.12
146 194 20.62
146 195 86.01
146 196 43.27
146 197 14.14
146 198 133.96
146 199 94.02
146 200 35.47
146 201 79.76
147 0 73.11
147 1 33.97
147 2 103.58
147 3 101.84
147 4 103.82
147 5 109.08
147 6 114.53
147 7 98.72
147 8 100.24
147 9 19.1
147 10 158.45
147 11 145.42
147 12 115.55
147 13 100.12
147 14 131.82
147 15 19.42
147 16 112.54
147 17 119.67
147 18 67.9
147 19 23.77
147 20 134.24
147 21 117.24
147 22 92.28
147 23 62.48
147 24 116.21
147 25 105.15
147 26 125.4
147 27 107.23
147 28 87.57
147 29 10.82
147 30 132.0
147 31 23.6
147 32 101.12
147 33 84.21
147 34 89.16
147 35 95.52
147 36 85.99
147 37 23.85
147 38 81.25
147 39 45.54
147 40 110.16
147 41 56.4
147 42 29.61
147 43 15.81
147 44 78.77
147 45 91.3
147 46 145.6
147 47 41.68
147 48 51.66
147 49 37.01
147 50 130.65
147 51 33.84
147 52 65.92
147 53 89.87
147 54 115.73
147 55 77.39
147 56 43.46
147 57 108.23
147 58 113.81
147 59 29.7
147 60 57.25
147 61 38.01
147 62 72.69
147 63 98.37
147 64 135.37
147 65 29.15
147 66 132.46
147 67 66.22
147 68 109.33
147 69 58.69
147 70 99.2
147 71 46.84
147 72 38.47
147 73 116.18
147 74 81.61
147 75 54.63
147 76 117.07
147 77 31.14
147 78 90.21
147 79 123.99
147 80 72.35
147 81 44.38
147 82 95.19
147 83 129.85
147 84 135.48
147 85 127.91
147 86 93.86
147 87 104.24
147 88 6.08
147 89 109.88
147 90 123.31
147 91 132.23
147 92 37.64
147 93 154.94
147 94 92.05
147 95 86.83
147 96 69.63
147 97 95.8
147 98 135.0
147 99 82.07
147 100 116.71
147 101 50.7
147 102 57.57
147 103 10.05
147 104 101.64
147 105 144.42
147 106 104.24
147 107 77.67
147 108 111.11
147 109 117.78
147 110 116.71
147 111 73.36
147 112 61.07
147 113 102.08
147 114 101.6
147 115 50.33
147 116 40.31
147 117 65.19
147 118 19.31
147 119 37.48
147 120 34.01
147 121 149.21
147 122 69.58
147 123 146.45
147 124 97.08
147 125 25.55
147 126 124.48
147 127 82.87
147 128 82.61
147 129 16.76
147 130 161.93
147 131 62.36
147 132 19.1
147 133 117.03
147 134 103.08
147 135 131.1
147 136 119.92
147 137 59.48
147 138 80.32
147 139 14.14
147 140 17.2
147 141 140.06
147 142 135.28
147 143 24.74
147 144 72.92
147 145 60.02
147 146 87.97
147 148 88.73
147 149 96.02
147 150 110.94
147 151 88.68
147 152 17.69
147 153 113.0
147 154 99.04
147 155 21.02
147 156 96.46
147 157 127.03
147 158 74.22
147 159 100.5
147 160 3.16
147 161 136.01
147 162 69.05
147 163 90.6
147 164 83.49
147 165 105.48
147 166 125.92
147 167 61.98
147 168 73.88
147 169 101.91
147 170 129.29
147 171 84.15
147 172 31.02
147 173 113.53
147 174 106.22
147 175 37.11
147 176 134.63
147 177 112.61
147 178 56.29
147 179 66.0
147 180 120.21
147 181 90.43
147 182 123.79
147 183 90.69
147 184 50.49
147 185 42.95
147 186 63.32
147 187 118.07
147 188 111.88
147 189 142.89
147 190 91.24
147 191 45.01
147 192 83.02
147 193 104.58
147 194 79.23
147 195 12.04
147 196 67.07
147 197 73.82
147 198 164.77
147 199 46.84
147 200 60.83
147 201 73.11
148 0 15.62
148 1 90.82
148 2 43.86
148 3 36.24
148 4 35.23
148 5 37.64
148 6 97.42
148 7 59.55
148 8 36.89
148 9 73.66
148 10 71.03
148 11 61.68
148 12 39.56
148 13 76.28
148 14 43.27
148 15 107.56
148 16 27.2
148 17 34.18
148 18 22.47
148 19 66.48
148 20 50.49
148 21 77.99
148 22 31.83
148 23 26.25
148 24 66.29
148 25 21.02
148 26 52.35
148 27 90.14
148 28 69.64
148 29 90.55
148 30 48.37
148 31 90.38
148 32 76.84
148 33 53.45
148 34 26.08
148 35 78.43
148 36 47.17
148 37 84.88
148 38 53.71
148 39 48.88
148 40 91.02
148 41 32.53
148 42 68.03
148 43 73.0
148 44 81.74
148 45 33.24
148 46 57.14
148 47 48.17
148 48 81.3
148 49 64.01
148 50 58.31
148 51 85.88
148 52 46.1
148 53 4.47
148 54 55.22
148 55 27.2
148 56 48.83
148 57 36.69
148 58 35.01
148 59 91.07
148 60 49.09
148 61 52.84
148 62 47.17
148 63 38.21
148 64 49.66
148 65 61.62
148 66 46.52
148 67 27.46
148 68 72.12
148 69 45.1
148 70 11.4
148 71 81.88
148 72 59.17
148 73 27.59
148 74 34.48
148 75 46.53
148 76 78.24
148 77 57.63
148 78 21.93
148 79 38.63
148 80 16.4
148 81 72.45
148 82 34.06
148 83 43.68
148 84 59.03
148 85 39.2
148 86 18.36
148 87 25.3
148 88 84.9
148 89 26.31
148 90 49.25
148 91 44.65
148 92 52.15
148 93 66.53
148 94 64.62
148 95 63.06
148 96 28.0
148 97 83.82
148 98 46.65
148 99 12.37
148 100 56.04
148 101 81.39
148 102 51.04
148 103 82.02
148 104 46.01
148 105 55.87
148 106 53.91
148 107 55.36
148 108 75.45
148 109 41.23
148 110 45.69
148 111 23.19
148 112 65.12
148 113 22.14
148 114 72.01
148 115 39.82
148 116 51.4
148 117 80.31
148 118 70.71
148 119 65.15
148 120 67.23
148 121 61.74
148 122 60.21
148 123 59.36
148 124 41.11
148 125 65.19
148 126 37.59
148 127 83.82
148 128 63.16
148 129 73.54
148 130 74.03
148 131 40.79
148 132 93.06
148 133 32.98
148 134 70.33
148 135 54.74
148 136 67.23
148 137 74.81
148 138 46.1
148 139 88.62
148 140 86.05
148 141 60.67
148 142 49.19
148 143 70.24
148 144 26.08
148 145 57.04
148 146 86.38
148 147 88.73
148 149 65.31
148 150 35.51
148 151 31.24
148 152 71.06
148 153 25.08
148 154 15.0
148 155 96.21
148 156 52.4
148 157 49.04
148 158 39.2
148 159 89.07
148 160 90.43
148 161 54.34
148 162 69.0
148 163 4.47
148 164 7.0
148 165 34.99
148 166 47.1
148 167 79.1
148 168 21.0
148 169 13.89
148 170 46.17
148 171 8.25
148 172 78.39
148 173 41.0
148 174 22.2
148 175 73.35
148 176 46.04
148 177 87.32
148 178 80.02
148 179 57.04
148 180 32.2
148 181 18.44
148 182 64.9
148 183 13.6
148 184 61.4
148 185 78.45
148 186 45.04
148 187 74.81
148 188 83.01
148 189 56.3
148 190 47.41
148 191 68.07
148 192 46.17
148 193 91.92
148 194 65.79
148 195 97.65
148 196 45.4
148 197 80.6
148 198 76.58
148 199 49.65
148 200 58.08
148 201 15.62
149 0 63.25
149 1 74.04
149 2 29.27
149 3 36.0
149 4 39.01
149 5 102.69
149 6 157.81
149 7 122.2
149 8 102.0
149 9 77.1
149 10 117.72
149 11 117.21
149 12 49.03
149 13 136.69
149 14 83.38
149 15 107.91
149 16 87.32
149 17 92.4
149 18 70.72
149 19 74.81
149 20 69.57
149 21 142.0
149 22 96.04
149 23 63.78
149 24 131.23
149 25 58.42
149 26 116.09
149 27 149.97
149 28 12.04
149 29 90.27
149 30 68.01
149 31 111.99
149 32 137.44
149 33 14.42
149 34 39.56
149 35 15.13
149 36 18.6
149 37 76.79
149 38 111.76
149 39 55.66
149 40 151.49
149 41 62.43
149 42 95.19
149 43 83.73
149 44 133.6
149 45 97.1
149 46 92.2
149 47 64.26
149 48 120.77
149 49 59.08
149 50 121.84
149 51 70.09
149 52 33.62
149 53 69.78
149 54 31.91
149 55 86.05
149 56 59.14
149 57 101.77
149 58 98.37
149 59 77.37
149 60 95.21
149 61 81.02
149 62 26.83
149 63 31.06
149 64 104.24
149 65 70.21
149 66 101.32
149 67 77.08
149 68 135.43
149 69 92.01
149 70 64.29
149 71 118.7
149 72 58.55
149 73 79.51
149 74 31.62
149 75 90.44
149 76 21.1
149 77 76.54
149 78 86.45
149 79 96.03
149 80 63.89
149 81 53.76
149 82 33.54
149 83 72.37
149 84 120.83
149 85 83.05
149 86 83.63
149 87 51.16
149 88 90.01
149 89 88.32
149 90 112.93
149 91 96.05
149 92 78.39
149 93 109.33
149 94 4.12
149 95 121.66
149 96 81.34
149 97 21.21
149 98 83.86
149 99 73.78
149 100 32.45
149 101 120.34
149 102 97.42
149 103 86.01
149 104 25.18
149 105 99.61
149 106 19.31
149 107 111.73
149 108 15.3
149 109 50.45
149 110 43.32
149 111 47.51
149 112 112.33
149 113 52.47
149 114 133.54
149 115 74.63
149 116 61.68
149 117 40.82
149 118 78.52
149 119 98.09
149 120 62.01
149 121 89.49
149 122 112.29
149 123 109.07
149 124 105.48
149 125 86.4
149 126 92.54
149 127 136.82
149 128 120.22
149 129 80.31
149 130 118.38
149 131 40.71
149 132 111.02
149 133 93.17
149 134 7.28
149 135 56.36
149 136 132.41
149 137 41.79
149 138 104.8
149 139 86.37
149 140 82.39
149 141 120.51
149 142 103.17
149 143 93.68
149 144 44.6
149 145 104.62
149 146 140.72
149 147 96.02
149 148 65.31
149 150 99.96
149 151 94.58
149 152 84.17
149 153 69.18
149 154 79.12
149 155 88.65
149 156 115.43
149 157 111.09
149 158 31.24
149 159 147.11
149 160 99.05
149 161 113.14
149 162 29.73
149 163 61.85
149 164 68.6
149 165 41.05
149 166 108.91
149 167 124.17
149 168 76.69
149 169 74.04
149 170 65.52
149 171 70.83
149 172 67.6
149 173 105.69
149 174 84.77
149 175 60.41
149 176 85.59
149 177 22.67
149 178 122.12
149 179 30.07
149 180 73.01
149 181 83.24
149 182 34.71
149 183 78.71
149 184 103.08
149 185 113.85
149 186 95.13
149 187 139.28
149 188 19.21
149 189 81.91
149 190 18.03
149 191 105.99
149 192 20.52
149 193 150.62
149 194 121.08
149 195 108.04
149 196 97.74
149 197 130.67
149 198 119.05
149 199 53.16
149 200 106.02
149 201 63.25
150 0 45.4
150 1 120.81
150 2 75.29
150 3 67.23
150 4 65.19
150 5 5.1
150 6 76.24
150 7 39.2
150 8 14.56
150 9 99.74
150 10 52.33
150 11 35.47
150 12 63.66
150 13 57.56
150 14 43.42
150 15 130.36
150 16 16.64
150 17 18.25
150 18 45.54
150 19 92.14
150 20 62.61
150 21 51.0
150 22 20.0
150 23 53.85
150 24 36.89
150 25 45.0
150 26 17.0
150 27 70.61
150 28 105.02
150 29 115.49
150 30 61.29
150 31 105.38
150 32 57.71
150 33 88.77
150 34 60.41
150 35 113.6
150 36 82.28
150 37 113.09
150 38 44.92
150 39 79.31
150 40 70.34
150 41 60.44
150 42 84.29
150 43 96.38
150 44 74.33
150 45 21.63
150 46 54.15
150 47 75.61
150 48 85.96
150 49 94.37
150 50 23.0
150 51 116.09
150 52 81.06
150 53 31.26
150 54 84.2
150 55 33.6
150 56 78.16
150 57 5.0
150 58 5.0
150 59 120.21
150 60 57.38
150 61 72.95
150 62 82.61
150 63 70.66
150 64 28.79
150 65 88.24
150 66 26.93
150 67 45.18
150 68 47.76
150 69 54.45
150 70 36.24
150 71 88.51
150 72 89.29
150 73 29.15
150 74 69.86
150 75 58.0
150 76 110.64
150 77 81.01
150 78 21.02
150 79 20.02
150 80 45.54
150 81 104.74
150 82 67.12
150 83 53.23
150 84 25.3
150 85 38.6
150 86 19.24
150 87 52.43
150 88 108.56
150 89 13.45
150 90 14.04
150 91 31.06
150 92 73.57
150 93 52.89
150 94 99.62
150 95 50.36
150 96 41.34
150 97 119.1
150 98 47.3
150 99 32.56
150 100 84.81
150 101 86.45
150 102 58.26
150 103 106.55
150 104 78.29
150 105 45.28
150 106 86.35
150 107 48.7
150 108 108.67
150 109 64.35
150 110 71.51
150 111 58.08
150 112 66.65
150 113 49.93
150 114 51.79
150 115 61.29
150 116 80.01
150 117 115.0
150 118 95.71
150 119 78.49
150 120 97.12
150 121 62.65
150 122 57.78
150 123 40.85
150 124 21.38
150 125 85.45
150 126 24.08
150 127 74.67
150 128 52.95
150 129 98.41
150 130 56.86
150 131 75.03
150 132 109.62
150 133 14.32
150 134 104.39
150 135 74.4
150 136 36.24
150 137 109.11
150 138 39.4
150 139 114.49
150 140 112.73
150 141 29.15
150 142 29.41
150 143 88.09
150 144 61.13
150 145 60.75
150 146 75.17
150 147 110.94
150 148 35.51
150 149 99.96
150 151 23.43
150 152 93.81
150 153 38.29
150 154 20.88
150 155 123.0
150 156 33.0
150 157 16.12
150 158 74.67
150 159 72.44
150 160 111.83
150 161 25.46
150 162 104.17
150 163 38.33
150 164 35.01
150 165 64.07
150 166 15.0
150 167 79.31
150 168 38.08
150 169 26.42
150 170 60.54
150 171 33.06
150 172 108.16
150 173 5.83
150 174 15.81
150 175 104.29
150 176 44.91
150 177 121.33
150 178 82.73
150 179 92.09
150 180 40.82
150 181 21.84
150 182 92.96
150 183 24.08
150 184 69.2
150 185 86.84
150 186 51.09
150 187 46.65
150 188 116.78
150 189 61.13
150 190 81.93
150 191 77.01
150 192 81.49
150 193 73.98
150 194 57.49
150 195 117.29
150 196 48.6
150 197 75.43
150 198 60.54
150 199 80.81
150 200 61.06
150 201 45.4
151 0 32.31
151 1 101.79
151 2 75.07
151 3 67.48
151 4 66.4
151 5 20.62
151 6 66.29
151 7 28.32
151 8 11.7
151 9 79.06
151 10 75.29
151 11 58.9
151 12 69.32
151 13 45.28
151 14 60.13
151 15 108.05
151 16 32.56
151 17 37.95
151 18 28.16
151 19 71.47
151 20 75.13
151 21 47.43
151 22 3.61
151 23 37.22
151 24 37.34
151 25 49.66
151 26 36.72
151 27 59.17
151 28 97.05
151 29 94.02
151 30 73.35
151 31 82.02
151 32 45.79
151 33 81.49
151 34 56.64
151 35 106.47
151 36 76.01
151 37 93.15
151 38 25.08
151 39 62.01
151 40 59.91
151 41 43.01
151 42 61.22
151 43 74.73
151 44 55.01
151 45 3.0
151 46 72.84
151 47 56.57
151 48 63.07
151 49 76.32
151 50 42.05
151 51 97.32
151 52 69.26
151 53 27.2
151 54 86.4
151 55 12.17
151 56 60.13
151 57 19.85
151 58 27.46
151 59 100.66
151 60 33.97
151 61 50.99
151 62 72.62
151 63 69.31
151 64 51.48
151 65 68.15
151 66 49.19
151 67 25.18
151 68 41.11
151 69 31.14
151 70 38.91
151 71 65.37
151 72 71.25
151 73 43.0
151 74 62.97
151 75 34.83
151 76 109.04
151 77 59.81
151 78 9.85
151 79 41.23
151 80 31.95
151 81 88.01
151 82 65.05
151 83 66.48
151 84 46.87
151 85 55.15
151 86 15.52
151 87 55.57
151 88 86.76
151 89 28.64
151 90 34.67
151 91 51.87
151 92 52.0
151 93 74.85
151 94 93.3
151 95 33.24
151 96 20.4
151 97 111.36
151 98 64.12
151 99 20.81
151 100 87.2
151 101 63.51
151 102 34.83
151 103 85.09
151 104 77.08
151 105 66.1
151 106 84.86
151 107 28.02
151 108 105.89
151 109 70.68
151 110 76.16
151 111 47.85
151 112 44.01
151 113 52.48
151 114 40.8
151 115 40.52
151 116 61.4
151 117 101.43
151 118 74.67
151 119 55.17
151 120 78.64
151 121 80.22
151 122 35.9
151 123 63.53
151 124 11.4
151 125 63.13
151 126 43.97
151 127 56.22
151 128 34.37
151 129 77.25
151 130 79.65
151 131 62.1
151 132 86.37
151 133 34.18
151 134 100.21
151 135 83.22
151 136 39.29
151 137 94.89
151 138 18.03
151 139 93.41
151 140 92.03
151 141 51.86
151 142 51.88
151 143 65.22
151 144 50.99
151 145 37.59
151 146 57.87
151 147 88.68
151 148 31.24
151 149 94.58
151 150 23.43
151 152 72.01
151 153 48.05
151 154 24.52
151 155 102.18
151 156 21.21
151 157 38.95
151 158 65.31
151 159 58.69
151 160 89.36
151 161 48.84
151 162 92.18
151 163 35.61
151 164 26.25
151 165 66.03
151 166 38.18
151 167 57.28
151 168 20.22
151 169 32.02
151 170 71.81
151 171 24.08
151 172 89.27
151 173 25.0
151 174 27.07
151 175 86.37
151 176 62.29
151 177 117.07
151 178 60.17
151 179 80.08
151 180 53.34
151 181 13.42
151 182 96.02
151 183 18.36
151 184 45.8
151 185 63.51
151 186 27.66
151 187 44.78
151 188 113.0
151 189 77.01
151 190 77.2
151 191 53.6
151 192 74.43
151 193 61.27
151 194 38.05
151 195 94.4
151 196 25.24
151 197 55.15
151 198 83.19
151 199 64.01
151 200 38.01
151 201 32.31
152 0 55.44
152 1 37.0
152 2 88.28
152 3 85.87
152 4 87.64
152 5 92.18
152 6 104.79
152 7 84.59
152 8 83.67
152 9 11.66
152 10 140.8
152 11 128.0
152 12 99.02
152 13 88.36
152 14 114.2
152 15 36.88
152 16 94.92
152 17 102.07
152 18 50.25
152 19 9.49
152 20 117.17
152 21 104.08
152 22 75.58
152 23 44.82
152 24 101.61
152 25 87.82
152 26 108.67
152 27 97.08
152 28 77.2
152 29 22.14
152 30 114.93
152 31 27.89
152 32 89.36
152 33 71.25
152 34 72.73
152 35 86.03
152 36 72.01
152 37 25.96
152 38 67.27
152 39 30.15
152 40 99.82
152 41 38.83
152 42 18.38
152 43 3.0
152 44 70.23
152 45 74.73
152 46 128.0
152 47 24.7
152 48 46.04
152 49 26.4
152 50 114.06
152 51 34.44
152 52 52.01
152 53 72.18
152 54 100.84
152 55 60.42
152 56 27.46
152 57 91.3
152 58 96.52
152 59 33.96
152 60 42.43
152 61 21.02
152 62 59.03
152 63 82.76
152 64 117.8
152 65 14.04
152 66 114.87
152 67 48.83
152 68 96.08
152 69 43.17
152 70 81.61
152 71 42.01
152 72 25.71
152 73 98.49
152 74 66.1
152 75 39.05
152 76 105.22
152 77 13.45
152 78 72.95
152 79 106.4
152 80 54.67
152 81 37.8
152 82 79.31
152 83 112.51
152 84 118.6
152 85 110.26
152 86 76.4
152 87 87.24
152 88 14.76
152 89 92.31
152 90 106.47
152 91 114.56
152 92 20.25
152 93 137.24
152 94 80.41
152 95 74.01
152 96 52.48
152 97 87.32
152 98 117.41
152 99 64.44
152 100 101.83
152 101 45.22
152 102 43.19
152 103 13.34
152 104 86.7
152 105 126.73
152 106 90.09
152 107 64.07
152 108 99.46
152 109 101.24
152 110 100.69
152 111 56.46
152 112 50.01
152 113 84.97
152 114 89.02
152 115 32.8
152 116 24.33
152 117 59.41
152 118 7.07
152 119 25.96
152 120 24.7
152 121 131.76
152 122 57.14
152 123 128.82
152 124 80.99
152 125 10.0
152 126 106.83
152 127 74.33
152 128 70.06
152 129 7.62
152 130 144.26
152 131 47.27
152 132 27.02
152 133 99.49
152 134 91.41
152 135 114.79
152 136 105.12
152 137 52.7
152 138 65.31
152 139 22.2
152 140 22.02
152 141 122.97
152 142 117.69
152 143 13.89
152 144 56.3
152 145 47.04
152 146 79.38
152 147 17.69
152 148 71.06
152 149 84.17
152 150 93.81
152 151 72.01
152 153 95.44
152 154 81.39
152 155 31.26
152 156 81.58
152 157 109.93
152 158 59.3
152 159 90.96
152 160 19.42
152 161 118.71
152 162 60.01
152 163 73.01
152 164 65.8
152 165 89.19
152 166 108.76
152 167 54.56
152 168 56.4
152 169 84.22
152 170 112.26
152 171 66.47
152 172 28.02
152 173 96.65
152 174 88.62
152 175 31.14
152 176 117.0
152 177 102.79
152 178 49.74
152 179 54.34
152 180 102.65
152 181 73.01
152 182 109.37
152 183 73.11
152 184 38.47
152 185 37.2
152 186 48.05
152 187 104.39
152 188 101.39
152 189 125.54
152 190 77.06
152 191 35.11
152 192 69.01
152 193 95.08
152 194 67.36
152 195 27.31
152 196 51.97
152 197 65.55
152 198 147.09
152 199 32.02
152 200 48.09
152 201 55.44
153 0 40.31
153 1 111.61
153 2 41.0
153 3 33.38
153 4 30.59
153 5 42.8
153 6 112.31
153 7 73.93
153 8 47.85
153 9 97.0
153 10 51.26
153 11 48.04
153 12 25.81
153 13 92.11
153 14 19.1
153 15 131.5
153 16 21.93
153 17 24.6
153 18 47.54
153 19 90.14
153 20 27.17
153 21 88.75
153 22 46.84
153 23 50.77
153 24 75.0
153 25 11.18
153 26 51.04
153 27 105.85
153 28 77.1
153 29 114.02
153 30 25.32
153 31 115.45
153 32 92.48
153 33 61.4
153 34 33.24
153 35 84.05
153 36 54.33
153 37 106.96
153 38 72.99
153 39 70.77
153 40 106.1
153 41 56.61
153 42 93.11
153 43 97.2
153 44 102.59
153 45 48.76
153 46 32.65
153 47 71.7
153 48 105.38
153 49 85.28
153 50 56.08
153 51 106.61
153 52 61.74
153 53 25.71
153 54 47.41
153 55 49.04
153 56 71.42
153 57 42.2
153 58 34.66
153 59 112.45
153 60 73.16
153 61 77.83
153 62 60.08
153 63 38.12
153 64 35.06
153 65 85.04
153 66 32.14
153 67 52.2
153 68 84.6
153 69 69.23
153 70 13.89
153 71 106.3
153 72 80.81
153 73 10.77
153 74 44.92
153 75 71.06
153 76 75.61
153 77 82.1
153 78 38.47
153 79 27.51
153 80 41.18
153 81 91.59
153 82 36.01
153 83 19.1
153 84 53.31
153 85 16.12
153 86 32.56
153 87 18.03
153 88 108.85
153 89 24.84
153 90 48.01
153 91 27.07
153 92 77.03
153 93 44.78
153 94 70.01
153 95 81.25
153 96 51.97
153 97 90.02
153 98 22.02
153 99 35.69
153 100 47.89
153 101 105.55
153 102 74.97
153 103 105.76
153 104 44.72
153 105 34.0
153 106 52.39
153 107 75.54
153 108 74.73
153 109 26.25
153 110 33.84
153 111 42.01
153 112 88.2
153 113 17.12
153 114 86.93
153 115 64.85
153 116 74.28
153 117 94.87
153 118 94.49
153 119 90.14
153 120 88.73
153 121 36.67
153 122 82.02
153 123 41.0
153 124 54.23
153 125 90.05
153 126 23.54
153 127 104.09
153 128 82.38
153 129 97.31
153 130 53.23
153 131 58.83
153 132 118.07
153 133 26.63
153 134 72.01
153 135 36.36
153 136 74.52
153 137 90.62
153 138 65.62
153 139 111.76
153 140 108.89
153 141 51.92
153 142 34.01
153 143 95.26
153 144 43.83
153 145 80.4
153 146 105.91
153 147 113.0
153 148 25.08
153 149 69.18
153 150 38.29
153 151 48.05
153 152 95.44
153 154 23.54
153 155 118.83
153 156 66.85
153 157 44.29
153 158 52.55
153 159 106.25
153 160 114.86
153 161 44.38
153 162 82.28
153 163 22.47
153 164 31.62
153 165 28.86
153 166 42.06
153 167 102.18
153 168 45.12
153 169 16.12
153 170 23.77
153 171 32.02
153 172 99.64
153 173 43.86
153 174 23.32
153 175 93.81
153 176 21.93
153 177 88.29
153 178 103.7
153 179 71.51
153 180 7.21
153 181 35.23
153 182 55.47
153 183 31.02
153 184 85.7
153 185 103.08
153 186 68.47
153 187 84.63
153 188 83.43
153 189 31.32
153 190 52.01
153 191 92.65
153 192 54.74
153 193 108.5
153 194 85.84
153 195 122.33
153 196 68.12
153 197 102.18
153 198 55.07
153 199 70.94
153 200 81.3
153 201 40.31
154 0 27.73
154 1 104.28
154 2 55.22
154 3 47.2
154 4 45.45
154 5 23.71
154 6 89.47
154 7 51.0
154 8 25.61
154 9 85.45
154 10 59.41
154 11 47.85
154 12 46.04
154 13 68.94
154 14 37.11
154 15 118.26
154 16 13.6
154 17 20.81
154 18 31.14
154 19 78.01
154 20 50.64
154 21 67.36
154 22 23.41
154 23 37.74
154 24 54.49
154 25 26.4
154 26 37.48
154 27 82.76
154 28 84.17
154 29 102.0
154 30 48.84
154 31 97.64
154 32 69.35
154 33 67.91
154 34 39.56
154 35 92.72
154 36 61.4
154 37 97.62
154 38 49.5
154 39 62.24
154 40 83.19
154 41 44.42
154 42 75.45
154 43 83.63
154 44 79.23
154 45 25.3
154 46 50.6
154 47 60.21
154 48 83.93
154 49 77.47
154 50 43.42
154 51 99.4
154 52 61.07
154 53 11.18
154 54 65.07
154 55 26.93
154 56 61.72
154 57 22.83
154 58 20.02
154 59 104.2
154 60 52.2
154 61 61.62
154 62 62.13
154 63 50.25
154 64 36.62
154 65 73.5
154 66 33.6
154 67 33.6
154 68 62.43
154 69 48.47
154 70 16.28
154 71 85.38
154 72 72.5
154 73 19.65
154 74 49.03
154 75 50.99
154 76 90.43
154 77 68.01
154 78 15.03
154 79 25.24
154 80 28.18
154 81 86.68
154 82 46.53
154 83 42.11
154 84 44.05
154 85 32.28
154 86 9.06
154 87 33.24
154 88 95.78
154 89 11.7
154 90 34.37
154 91 33.3
154 92 61.52
154 93 56.4
154 94 78.75
154 95 57.72
154 96 31.76
154 97 98.23
154 98 41.0
154 99 16.97
154 100 65.76
154 101 84.2
154 102 53.76
154 103 93.24
154 104 57.98
154 105 46.32
154 106 66.04
154 107 52.15
154 108 88.19
154 109 47.17
154 110 53.41
154 111 38.12
154 112 65.92
154 113 30.41
154 114 63.95
154 115 48.8
154 116 64.01
154 117 95.26
154 118 82.01
154 119 71.2
154 120 80.53
154 121 57.07
154 122 59.08
154 123 47.42
154 124 31.38
154 125 74.33
154 126 25.46
154 127 80.62
154 128 58.86
154 129 84.81
154 130 62.97
154 131 55.58
154 132 101.02
154 133 18.79
154 134 83.67
154 135 59.09
154 136 54.82
154 137 89.68
154 138 42.19
154 139 100.44
154 140 98.18
154 141 45.89
154 142 36.4
154 143 78.41
154 144 41.05
154 145 58.46
154 146 82.38
154 147 99.04
154 148 15.0
154 149 79.12
154 150 20.88
154 151 24.52
154 152 81.39
154 153 23.54
154 155 108.45
154 156 43.83
154 157 34.06
154 158 54.15
154 159 82.87
154 160 100.41
154 161 39.85
154 162 84.0
154 163 17.46
154 164 16.55
154 165 44.6
154 166 32.14
154 167 79.76
154 168 25.81
154 169 7.62
154 170 47.3
154 171 15.26
154 172 91.71
154 173 26.57
154 174 7.62
154 175 87.09
154 176 39.56
154 177 100.65
154 178 81.79
154 179 72.03
154 180 29.02
154 181 12.04
154 182 74.28
154 183 8.94
154 184 64.85
154 185 82.64
154 186 46.84
154 187 63.66
154 188 96.15
154 189 53.15
154 190 61.1
154 191 72.24
154 192 60.64
154 193 85.23
154 194 62.39
154 195 106.96
154 196 45.89
154 197 79.01
154 198 65.95
154 199 63.32
154 200 59.23
154 201 27.73
155 0 81.02
155 1 16.49
155 2 101.97
155 3 101.87
155 4 104.31
155 5 121.85
155 6 134.5
155 7 115.85
155 8 113.89
155 9 23.26
155 10 167.2
155 11 156.06
155 12 116.76
155 13 119.07
155 14 137.93
155 15 20.22
155 16 122.04
155 17 129.25
155 18 77.9
155 19 30.87
155 20 137.0
155 21 135.24
155 22 105.69
155 23 70.72
155 24 132.83
155 25 109.66
155 26 138.54
155 27 127.01
155 28 78.52
155 29 10.44
155 30 134.81
155 31 44.42
155 32 120.07
155 33 79.06
155 34 90.8
155 35 85.02
155 36 82.46
155 37 12.53
155 38 98.51
155 39 48.08
155 40 129.87
155 41 64.07
155 42 48.09
155 43 28.28
155 44 99.04
155 45 105.0
155 46 151.32
155 47 48.26
155 48 72.42
155 49 34.41
155 50 144.1
155 51 19.0
155 52 63.53
155 53 98.23
155 54 112.92
155 55 90.25
155 56 47.51
155 57 120.93
155 58 125.24
155 59 12.17
155 60 73.68
155 61 51.66
155 62 69.35
155 63 97.62
155 64 145.06
155 65 34.99
155 66 142.0
155 67 77.88
155 68 127.25
155 69 74.33
155 70 105.55
155 71 67.68
155 72 38.29
155 73 123.69
155 74 81.3
155 75 70.21
155 76 109.04
155 77 42.38
155 78 101.98
155 79 133.69
155 80 80.45
155 81 34.93
155 82 95.19
155 83 133.96
155 84 148.14
155 85 134.54
155 86 104.71
155 87 107.3
155 88 18.25
155 89 119.89
155 90 136.17
155 91 140.8
155 92 50.29
155 93 162.61
155 94 84.53
155 95 105.04
155 96 82.08
155 97 84.1
155 98 140.72
155 99 91.92
155 100 113.85
155 101 71.47
155 102 74.43
155 103 18.03
155 104 99.32
155 105 151.86
155 106 100.3
155 107 95.26
155 108 102.96
155 109 118.98
155 110 116.47
155 111 77.1
155 112 80.22
155 113 105.65
155 114 120.02
155 115 61.85
155 116 44.82
155 117 52.15
155 118 27.51
155 119 56.08
155 120 30.81
155 121 153.72
155 122 88.0
155 123 155.43
155 124 111.68
155 125 41.19
155 126 133.45
155 127 103.16
155 128 101.0
155 129 25.0
155 130 170.24
155 131 62.43
155 132 39.41
155 133 127.09
155 134 95.19
155 135 131.37
155 136 136.31
155 137 48.04
155 138 96.51
155 139 9.06
155 140 10.3
155 141 152.05
155 142 144.78
155 143 43.1
155 144 75.82
155 145 78.03
155 146 108.26
155 147 21.02
155 148 96.21
155 149 88.65
155 150 123.0
155 151 102.18
155 152 31.26
155 153 118.83
155 154 108.45
155 156 112.79
155 157 139.09
155 158 73.06
155 159 120.51
155 160 23.32
155 161 147.25
155 162 59.41
155 163 97.19
155 164 92.09
155 165 106.23
155 166 137.74
155 167 82.46
155 168 84.97
155 169 110.0
155 170 132.0
155 171 93.19
155 172 21.54
155 173 126.32
155 174 115.97
155 175 28.79
155 176 140.76
155 177 102.0
155 178 76.92
155 179 60.08
155 180 125.87
155 181 101.53
155 182 119.87
155 183 100.85
155 184 69.03
155 185 63.6
155 186 79.25
155 187 135.62
155 188 102.12
155 189 146.86
155 190 87.85
155 191 64.5
155 192 79.71
155 193 124.62
155 194 98.05
155 195 29.0
155 196 83.19
155 197 94.15
155 198 172.73
155 199 48.17
155 200 79.01
155 201 81.02
156 0 52.48
156 1 115.07
156 2 96.26
156 3 88.62
156 4 87.46
156 5 28.02
156 6 45.65
156 7 7.21
156 8 19.42
156 9 90.55
156 10 83.24
156 11 64.26
156 12 89.69
156 13 25.3
156 14 75.8
156 15 115.17
156 16 47.85
156 17 51.09
156 18 46.62
156 19 83.29
156 20 93.3
156 21 26.83
156 22 20.81
156 23 55.36
156 24 20.1
156 25 69.97
156 26 37.12
156 27 39.0
156 28 117.34
156 29 103.59
156 30 91.71
156 31 84.72
156 32 25.63
156 33 102.08
156 34 77.83
156 35 126.91
156 36 96.83
156 37 105.39
156 38 16.4
156 39 78.26
156 40 39.36
156 41 60.17
156 42 67.07
156 43 84.53
156 44 42.38
156 45 19.21
156 46 87.09
156 47 71.34
156 48 59.4
156 49 91.35
156 50 40.22
156 51 111.0
156 52 88.64
156 53 48.27
156 54 107.45
156 55 29.97
156 56 75.8
156 57 28.0
156 58 38.0
156 59 113.28
156 60 39.29
156 61 61.4
156 62 92.59
156 63 90.52
156 64 60.83
156 65 81.02
156 66 59.41
156 67 41.76
156 68 20.0
156 69 38.47
156 70 59.36
156 71 63.03
156 72 86.47
156 73 59.91
156 74 83.82
156 75 42.58
156 76 130.23
156 77 71.25
156 78 30.61
156 79 53.01
156 80 51.97
156 81 103.95
156 82 86.27
156 83 84.2
156 84 47.51
156 85 70.86
156 86 35.51
156 87 76.28
156 88 95.8
156 89 43.93
156 90 36.77
156 91 64.03
156 92 63.2
156 93 85.16
156 94 113.99
156 95 18.03
156 96 36.69
156 97 131.61
156 98 79.76
156 99 41.87
156 100 108.23
156 101 60.11
156 102 38.9
156 103 94.92
156 104 98.29
156 105 78.16
156 106 106.08
156 107 20.62
156 108 127.02
156 109 90.92
156 110 96.8
156 111 68.26
156 112 40.46
156 113 73.24
156 114 20.12
156 115 54.15
156 116 76.42
156 117 119.37
156 118 85.71
156 119 59.62
156 120 93.13
156 121 95.43
156 122 30.48
156 123 72.57
156 124 12.65
156 125 71.81
156 126 57.04
156 127 42.2
156 128 21.47
156 129 87.97
156 130 88.06
156 131 81.15
156 132 89.94
156 133 47.1
156 134 121.21
156 135 102.88
156 136 23.54
156 137 112.54
156 138 16.28
156 139 103.75
156 140 103.1
156 141 54.12
156 142 61.66
156 143 71.78
156 144 71.34
156 145 37.59
156 146 42.3
156 147 96.46
156 148 52.4
156 149 115.43
156 150 33.0
156 151 21.21
156 152 81.58
156 153 66.85
156 154 43.83
156 155 112.79
156 157 43.32
156 158 85.59
156 159 39.81
156 160 96.46
156 161 54.08
156 162 111.07
156 163 56.73
156 164 47.42
156 165 87.01
156 166 43.68
156 167 50.61
156 168 39.36
156 169 51.43
156 170 90.48
156 171 45.28
156 172 103.0
156 173 30.41
156 174 43.97
156 175 101.24
156 176 77.52
156 177 138.0
156 178 55.23
156 179 99.16
156 180 71.17
156 181 34.21
156 182 117.0
156 183 39.2
156 184 47.41
156 185 62.8
156 186 33.54
156 187 25.0
156 188 134.01
156 189 93.38
156 190 98.23
156 191 54.71
156 192 95.13
156 193 41.76
156 194 26.42
156 195 99.81
156 196 29.61
156 197 44.28
156 198 91.92
156 199 80.6
156 200 37.22
156 201 52.48
157 0 60.64
157 1 136.62
157 2 84.5
157 3 76.55
157 4 74.09
157 5 18.38
157 6 81.39
157 7 48.05
157 8 28.43
157 9 115.83
157 10 40.02
157 11 21.02
157 12 69.97
157 13 65.28
157 14 42.2
157 15 146.44
157 16 23.77
157 17 19.72
157 18 61.47
157 19 108.23
157 20 63.78
157 21 53.94
157 22 35.38
157 23 69.57
157 24 39.46
157 25 53.49
157 26 8.54
157 27 77.01
157 28 117.24
157 29 131.61
157 30 62.97
157 31 120.93
157 32 65.19
157 33 100.98
157 34 72.01
157 35 125.32
157 36 94.2
157 37 129.08
157 38 57.71
157 39 94.92
157 40 76.11
157 41 76.22
157 42 100.12
157 43 112.51
157 44 85.7
157 45 36.77
157 46 49.4
157 47 91.55
157 48 100.12
157 49 110.06
157 50 12.04
157 51 131.87
157 52 95.13
157 53 45.18
157 54 91.71
157 55 49.65
157 56 93.92
157 57 19.1
157 58 14.32
157 59 136.12
157 60 72.84
157 61 89.04
157 62 96.02
157 63 80.65
157 64 19.42
157 65 104.28
157 66 19.31
157 67 61.29
157 68 53.04
157 69 70.09
157 70 46.87
157 71 103.0
157 72 105.0
157 73 33.62
157 74 82.39
157 75 73.76
157 76 119.62
157 77 97.13
157 78 37.12
157 79 17.69
157 80 60.88
157 81 120.07
157 82 77.62
157 83 54.49
157 84 10.0
157 85 38.29
157 86 34.79
157 87 61.1
157 88 124.68
157 89 23.09
157 90 7.0
157 91 25.94
157 92 89.69
157 93 43.0
157 94 111.2
157 95 61.35
157 96 57.45
157 97 131.03
157 98 45.49
157 99 48.08
157 100 92.18
157 101 100.69
157 102 73.55
157 103 122.67
157 104 87.92
157 105 38.08
157 106 95.86
157 107 61.77
157 108 118.33
157 109 70.18
157 110 78.03
157 111 72.17
157 112 80.71
157 113 59.14
157 114 59.21
157 115 77.41
157 116 95.86
157 117 129.31
157 118 111.83
157 119 94.11
157 120 112.89
157 121 58.69
157 122 71.34
157 123 30.02
157 124 34.13
157 125 101.51
157 126 22.63
157 127 85.44
157 128 64.62
157 129 114.53
157 130 44.91
157 131 89.56
157 132 125.32
157 133 18.03
157 134 114.84
157 135 77.9
157 136 37.11
157 137 123.69
157 138 53.25
157 139 130.6
157 140 128.81
157 141 13.04
157 142 20.62
157 143 104.02
157 144 75.11
157 145 75.43
157 146 85.15
157 147 127.03
157 148 49.04
157 149 111.09
157 150 16.12
157 151 38.95
157 152 109.93
157 153 44.29
157 154 34.06
157 155 139.09
157 156 43.32
157 158 88.02
157 159 80.22
157 160 127.88
157 161 10.77
157 162 118.02
157 163 51.04
157 164 49.82
157 165 72.62
157 166 2.24
157 167 92.66
157 168 54.13
157 169 37.34
157 170 62.94
157 171 48.05
157 172 123.98
157 173 14.21
157 174 27.02
157 175 119.92
157 176 42.72
157 177 131.55
157 178 96.57
157 179 106.08
157 180 44.2
157 181 37.7
157 182 99.64
157 183 39.29
157 184 84.29
157 185 101.67
157 186 66.47
157 187 49.03
157 188 126.81
157 189 59.17
157 190 93.17
157 191 92.1
157 192 93.77
157 193 81.02
157 194 69.46
157 195 133.23
157 196 63.7
157 197 87.46
157 198 48.84
157 199 96.3
157 200 75.6
157 201 60.64
158 0 33.12
158 1 62.37
158 2 29.41
158 3 28.84
158 4 31.4
158 5 76.49
158 6 126.91
158 7 92.11
158 8 74.0
158 9 55.36
158 10 103.82
158 11 98.48
158 12 44.05
158 13 105.89
158 14 70.66
158 15 89.69
158 16 65.12
158 17 71.45
158 18 39.82
158 19 50.8
158 20 65.05
158 21 112.38
158 22 67.23
158 23 32.56
158 24 102.55
158 25 41.63
158 26 91.55
158 27 119.0
158 28 31.76
158 29 71.31
158 30 62.94
158 31 86.01
158 32 106.67
158 33 16.97
158 34 19.72
158 35 41.34
158 36 13.93
158 37 60.54
158 38 80.81
158 39 29.15
158 40 120.62
158 41 31.38
158 42 66.91
158 43 59.68
158 44 102.42
158 45 68.03
158 46 82.68
158 47 36.12
158 48 90.82
158 49 38.91
158 50 97.51
158 51 57.49
158 52 9.9
158 53 43.42
158 54 41.59
158 55 55.76
158 56 32.02
158 57 75.5
158 58 74.17
158 59 64.2
158 60 64.07
158 61 51.66
158 62 8.0
158 63 24.6
158 64 85.7
158 65 45.54
158 66 82.57
158 67 46.01
158 68 105.48
158 69 60.8
158 70 42.58
158 71 89.19
158 72 36.06
158 73 60.88
158 74 8.49
158 75 59.36
158 76 50.09
158 77 49.09
158 78 58.19
158 79 75.66
158 80 33.62
158 81 41.01
158 82 22.2
158 83 63.6
158 84 98.02
158 85 68.54
158 86 56.52
158 87 36.89
158 88 68.68
158 89 65.0
158 90 88.46
158 91 78.85
158 92 49.24
158 93 97.08
158 94 29.0
158 95 90.69
158 96 50.45
158 97 46.07
158 98 72.56
158 99 44.94
158 100 42.58
158 101 90.48
158 102 66.29
158 103 64.85
158 104 27.46
158 105 86.41
158 106 31.06
158 107 80.62
158 108 45.28
158 109 46.23
158 110 43.42
158 111 17.46
158 112 81.3
158 113 36.24
158 114 103.0
158 115 43.83
158 116 35.06
158 117 42.45
158 118 55.11
158 119 68.68
158 120 42.49
158 121 83.24
158 122 81.06
158 123 93.3
158 124 76.56
158 125 59.14
158 126 73.35
158 127 105.6
158 128 89.11
158 129 57.49
158 130 105.7
158 131 12.04
158 132 86.15
158 133 71.11
158 134 38.01
158 135 58.31
158 136 104.18
158 137 38.08
158 138 74.03
158 139 68.03
158 140 64.4
158 141 99.13
158 142 84.93
158 143 66.27
158 144 14.32
158 145 73.5
158 146 109.48
158 147 74.22
158 148 39.2
158 149 31.24
158 150 74.67
158 151 65.31
158 152 59.3
158 153 52.55
158 154 54.15
158 155 73.06
158 156 85.59
158 157 88.02
158 159 115.97
158 160 76.9
158 161 92.35
158 162 30.27
158 163 37.0
158 164 40.52
158 165 33.42
158 166 86.01
158 167 93.48
158 168 46.32
158 169 51.09
158 170 60.11
158 171 42.72
158 172 51.87
158 173 80.06
158 174 61.01
158 175 45.0
158 176 73.36
158 177 53.76
158 178 91.79
158 179 18.97
158 180 58.6
158 181 55.36
158 182 50.09
158 183 51.42
158 184 72.45
158 185 84.48
158 186 63.89
158 187 110.02
158 188 50.45
158 189 75.93
158 190 18.25
158 191 75.96
158 192 11.18
158 193 119.52
158 194 89.87
158 195 85.7
158 196 66.53
158 197 99.57
158 198 107.35
158 199 27.46
158 200 74.89
158 201 33.12
159 0 84.65
159 1 127.88
159 2 132.02
159 3 124.87
159 4 124.17
159 5 67.36
159 6 14.04
159 7 33.24
159 8 59.23
159 9 102.2
159 10 119.94
159 11 100.13
159 12 127.95
159 13 15.0
159 14 115.57
159 15 116.0
159 16 87.66
159 17 90.67
159 18 76.49
159 19 96.46
159 20 132.97
159 21 31.38
159 22 59.46
159 23 83.45
159 24 42.72
159 25 108.34
159 26 72.56
159 27 7.62
159 28 146.66
159 29 110.17
159 30 131.32
159 31 81.1
159 32 15.03
159 33 132.94
159 34 112.65
159 35 156.54
159 36 128.82
159 37 116.91
159 38 35.81
159 39 100.17
159 40 10.77
159 41 85.91
159 42 72.78
159 43 93.86
159 44 22.02
159 45 57.58
159 46 126.57
159 47 91.42
159 48 50.09
159 49 109.59
159 50 73.55
159 51 124.92
159 52 116.39
159 53 85.42
159 54 144.06
159 55 62.68
159 56 96.9
159 57 67.48
159 58 77.41
159 59 124.91
159 60 54.38
159 61 76.06
159 62 121.75
159 63 125.92
159 64 99.02
159 65 96.38
159 66 98.01
159 67 70.04
159 68 28.16
159 69 56.61
159 70 97.58
159 71 55.08
159 72 105.55
159 73 99.69
159 74 116.28
159 75 59.36
159 76 164.15
159 77 85.62
159 78 68.54
159 79 92.27
159 80 83.87
159 81 123.0
159 82 121.49
159 83 123.94
159 84 81.58
159 85 110.64
159 86 74.09
159 87 114.04
159 88 102.26
159 89 83.74
159 90 73.25
159 91 103.17
159 92 78.72
159 93 123.15
159 94 144.96
159 95 26.08
159 96 65.95
159 97 160.43
159 98 119.52
159 99 77.18
159 100 144.92
159 101 51.09
159 102 52.48
159 103 102.96
159 104 133.45
159 105 117.04
159 106 140.8
159 107 35.38
159 108 160.21
159 109 129.36
159 110 134.61
159 111 99.9
159 112 41.11
159 113 110.91
159 114 21.02
159 115 75.45
159 116 96.25
159 117 142.02
159 118 97.12
159 119 65.0
159 120 110.17
159 121 135.07
159 122 36.36
159 123 110.22
159 124 52.39
159 125 81.32
159 126 96.52
159 127 18.11
159 128 26.91
159 129 98.49
159 130 124.9
159 131 108.58
159 132 87.09
159 133 86.7
159 134 153.57
159 135 141.87
159 136 46.49
159 137 134.83
159 138 43.27
159 139 111.8
159 140 112.59
159 141 88.65
159 142 100.0
159 143 77.67
159 144 102.65
159 145 46.07
159 146 13.34
159 147 100.5
159 148 89.07
159 149 147.11
159 150 72.44
159 151 58.69
159 152 90.96
159 153 106.25
159 154 82.87
159 155 120.51
159 156 39.81
159 157 80.22
159 158 115.97
159 160 99.25
159 161 90.55
159 162 136.48
159 163 93.54
159 164 83.01
159 165 124.04
159 166 81.1
159 167 39.01
159 168 71.4
159 169 90.48
159 170 129.99
159 171 81.12
159 172 117.65
159 173 69.07
159 174 83.68
159 175 118.31
159 176 117.24
159 177 169.71
159 178 45.04
159 179 125.6
159 180 110.86
159 181 72.09
159 182 153.83
159 183 76.97
159 184 52.81
159 185 58.01
159 186 52.63
159 187 35.78
159 188 166.24
159 189 133.18
159 190 131.24
159 191 56.09
159 192 126.62
159 193 4.12
159 194 26.4
159 195 99.02
159 196 49.58
159 197 27.02
159 198 128.88
159 199 102.93
159 200 44.72
159 201 84.65
160 0 74.81
160 1 36.88
160 2 106.23
160 3 104.36
160 4 106.28
160 5 109.84
160 6 113.28
160 7 98.49
160 8 100.85
160 9 22.02
160 10 159.81
160 11 146.49
160 12 117.92
160 13 99.32
160 14 133.6
160 15 18.79
160 16 113.86
160 17 120.97
160 18 69.31
160 19 26.25
160 20 136.42
160 21 116.73
160 22 92.96
160 23 64.2
160 24 116.09
160 25 107.19
160 26 126.05
160 27 106.08
160 28 90.67
160 29 13.45
160 30 134.18
160 31 21.1
160 32 100.32
160 33 87.14
160 34 91.55
160 35 98.66
160 36 88.81
160 37 26.93
160 38 81.04
160 39 48.08
160 40 109.04
160 41 58.25
160 42 29.41
160 43 17.89
160 44 77.41
160 45 91.92
160 46 147.41
160 47 43.83
160 48 50.01
160 49 40.0
160 50 131.23
160 51 36.89
160 52 68.73
160 53 91.44
160 54 118.46
160 55 78.24
160 56 45.88
160 57 109.0
160 58 114.81
160 59 32.56
160 60 57.38
160 61 39.05
160 62 75.54
160 63 100.96
160 64 136.62
160 65 31.62
160 66 133.73
160 67 67.36
160 68 108.85
160 69 59.03
160 70 101.02
160 71 45.12
160 72 41.3
160 73 117.8
160 74 84.2
160 75 55.01
160 76 120.1
160 77 32.8
160 78 91.21
160 79 125.26
160 80 74.03
160 81 47.54
160 82 97.72
160 83 131.88
160 84 136.21
160 85 129.63
160 86 95.02
160 87 106.44
160 88 9.22
160 89 111.13
160 90 124.02
160 91 133.66
160 92 38.9
160 93 156.46
160 94 95.08
160 95 86.31
160 96 70.6
160 97 98.95
160 98 136.82
160 99 83.44
160 100 119.44
160 101 49.03
160 102 57.58
160 103 13.15
160 104 104.35
160 105 146.0
160 106 107.06
160 107 77.37
160 108 114.16
160 109 120.15
160 110 119.22
160 111 75.58
160 112 60.3
160 113 104.24
160 114 100.98
160 115 51.62
160 116 42.72
160 117 68.35
160 118 21.84
160 119 37.11
160 120 37.05
160 121 151.17
160 122 69.05
160 123 147.8
160 124 97.49
160 125 26.4
160 126 125.87
160 127 81.5
160 128 82.04
160 129 19.42
160 130 163.36
160 131 65.0
160 132 16.28
160 133 118.26
160 134 106.12
160 135 133.54
160 136 119.85
160 137 62.64
160 138 80.41
160 139 17.03
160 140 20.25
160 141 140.91
160 142 136.56
160 143 24.7
160 144 75.24
160 145 59.67
160 146 86.58
160 147 3.16
160 148 90.43
160 149 99.05
160 150 111.83
160 151 89.36
160 152 19.42
160 153 114.86
160 154 100.41
160 155 23.32
160 156 96.46
160 157 127.88
160 158 76.9
160 159 99.25
160 161 137.0
160 162 72.18
160 163 92.42
160 164 85.04
160 165 107.91
160 166 126.83
160 167 60.53
160 168 75.07
160 169 103.48
160 170 131.49
160 171 85.63
160 172 34.18
160 173 114.28
160 174 107.52
160 175 40.26
160 176 136.4
160 177 115.74
160 178 54.74
160 179 69.01
160 180 122.07
160 181 91.55
160 182 126.59
160 183 91.97
160 184 50.01
160 185 41.44
160 186 63.56
160 187 117.69
160 188 114.98
160 189 144.92
160 190 94.05
160 191 44.18
160 192 85.84
160 193 103.31
160 194 78.52
160 195 9.0
160 196 67.23
160 197 72.44
160 198 166.24
160 199 49.48
160 200 60.42
160 201 74.81
161 0 67.42
161 1 143.92
161 2 85.38
161 3 77.67
161 4 74.95
161 5 28.6
161 6 91.09
161 7 58.69
161 8 38.83
161 9 124.04
161 10 29.43
161 11 10.3
161 12 69.08
161 13 75.66
161 14 37.64
161 15 155.43
161 16 27.29
161 17 21.0
161 18 69.35
161 19 116.47
161 20 59.67
161 21 63.29
161 22 45.34
161 23 76.97
161 24 49.04
161 25 54.74
161 26 18.03
161 27 87.05
161 28 120.2
161 29 140.13
161 30 59.2
161 31 130.83
161 32 75.54
161 33 104.08
161 34 75.03
161 35 127.77
161 36 97.13
161 37 136.85
161 38 68.43
161 39 101.95
161 40 86.0
161 41 83.67
161 42 109.71
161 43 121.2
161 44 96.46
161 45 46.86
161 46 42.19
161 47 99.28
161 48 110.68
161 49 117.18
161 50 18.68
161 51 139.09
161 52 100.13
161 53 50.96
161 54 91.18
161 55 58.9
161 56 101.24
161 57 29.21
161 58 22.2
161 59 143.67
161 60 82.81
161 61 98.01
161 62 100.32
161 63 82.2
161 64 12.04
161 65 112.29
161 66 13.6
161 67 69.89
161 68 63.03
161 69 79.91
161 70 50.01
161 71 113.46
161 72 112.16
161 73 33.73
161 74 86.02
161 75 83.45
161 76 119.85
161 77 105.69
161 78 45.8
161 79 17.12
161 80 67.78
161 81 126.53
161 82 79.63
161 83 50.8
161 84 11.66
161 85 34.67
161 86 42.54
161 87 62.17
161 88 133.41
161 89 28.16
161 90 17.46
161 91 20.62
161 92 98.47
161 93 33.24
161 94 113.64
161 95 72.11
161 96 66.4
161 97 133.63
161 98 40.31
161 99 55.46
161 100 91.55
161 101 111.22
161 102 83.63
161 103 131.23
161 104 89.05
161 105 29.97
161 106 96.77
161 107 72.47
161 108 119.1
161 109 68.94
161 110 77.08
161 111 77.47
161 112 91.27
161 113 60.67
161 114 69.58
161 115 85.98
161 116 103.37
161 117 134.35
161 118 120.22
161 119 103.95
161 120 120.15
161 121 51.62
161 122 81.99
161 123 20.22
161 124 44.78
161 125 110.6
161 126 20.88
161 127 96.17
161 128 75.39
161 129 122.97
161 130 34.37
161 131 95.13
161 132 135.07
161 133 21.38
161 134 116.3
161 135 74.89
161 136 46.27
161 137 129.07
161 138 63.81
161 139 138.92
161 140 136.95
161 141 7.62
161 142 13.45
161 143 113.45
161 144 80.23
161 145 85.8
161 146 95.8
161 147 136.01
161 148 54.34
161 149 113.14
161 150 25.46
161 151 48.84
161 152 118.71
161 153 44.38
161 154 39.85
161 155 147.25
161 156 54.08
161 157 10.77
161 158 92.35
161 159 90.55
161 160 137.0
161 162 122.59
161 163 55.58
161 164 56.3
161 165 73.25
161 166 10.82
161 167 103.35
161 168 62.43
161 169 41.3
161 170 59.64
161 171 54.78
161 172 131.31
161 173 24.7
161 174 32.28
161 175 126.87
161 176 37.48
161 177 132.67
161 178 107.19
161 179 110.89
161 180 42.54
161 181 45.79
161 182 98.41
161 183 46.52
161 184 94.49
161 185 112.0
161 186 76.49
161 187 58.31
161 188 127.82
161 189 53.26
161 190 95.52
161 191 102.3
161 192 97.02
161 193 91.2
161 194 80.23
161 195 142.64
161 196 73.88
161 197 98.23
161 198 38.33
161 199 103.12
161 200 86.02
161 201 67.42
162 0 60.21
162 1 44.38
162 2 50.45
162 3 53.85
162 4 56.94
162 5 105.57
162 6 148.72
162 7 117.0
162 8 101.98
162 9 50.96
162 10 133.45
162 11 128.72
162 12 69.34
162 13 128.5
162 14 99.72
162 15 79.1
162 16 95.34
162 17 101.71
162 18 64.51
162 19 50.57
162 20 90.97
162 21 137.79
162 22 94.59
162 23 55.71
162 24 129.4
162 25 71.17
162 26 121.15
162 27 140.66
162 28 19.1
162 29 62.07
162 30 89.04
162 31 87.66
162 32 129.38
162 33 24.08
162 34 49.04
162 35 26.48
162 36 30.23
162 37 48.01
162 38 103.35
162 39 36.8
162 40 142.69
162 41 51.43
162 42 74.33
162 43 58.87
162 44 119.75
162 45 95.08
162 46 110.92
162 47 45.97
162 48 102.0
162 49 33.62
162 50 127.14
162 51 40.61
162 52 23.19
162 53 73.03
162 54 58.26
162 55 81.27
162 56 40.31
162 57 104.58
162 58 104.0
162 59 47.85
162 60 82.2
162 61 62.97
162 62 22.36
162 63 48.55
162 64 115.92
162 65 47.01
162 66 112.79
162 67 69.46
162 68 130.39
162 69 79.88
162 70 72.84
162 71 99.05
162 72 34.99
162 73 91.01
162 74 37.36
162 75 77.2
162 76 49.65
162 77 55.8
162 78 86.31
162 79 105.93
162 80 60.42
162 81 25.02
162 82 48.3
162 83 91.24
162 84 128.02
162 85 98.03
162 86 85.48
162 87 65.55
162 88 62.97
162 89 95.08
162 90 118.11
162 91 108.91
162 92 60.14
162 93 126.29
162 94 25.63
162 95 112.87
162 96 74.46
162 97 27.31
162 98 101.24
162 99 72.99
162 100 59.03
162 101 101.4
162 102 84.2
162 103 59.03
162 104 46.75
162 105 115.77
162 106 44.82
162 107 102.22
162 108 43.57
162 109 71.28
162 110 66.07
162 111 46.1
162 112 97.74
162 113 65.46
162 114 126.56
162 115 61.03
162 116 41.77
162 117 13.04
162 118 53.49
162 119 79.03
162 120 35.74
162 121 110.28
162 122 100.21
162 123 123.23
162 124 103.58
162 125 64.66
162 126 103.58
162 127 123.43
162 128 110.45
162 129 54.71
162 130 135.07
162 131 30.08
162 132 85.73
162 133 101.32
162 134 35.9
162 135 80.72
162 136 131.47
162 137 12.08
162 138 97.51
162 139 58.03
162 140 54.04
162 141 129.31
162 142 115.12
162 143 71.69
162 144 43.05
162 145 91.05
162 146 127.91
162 147 69.05
162 148 69.0
162 149 29.73
162 150 104.17
162 151 92.18
162 152 60.01
162 153 82.28
162 154 84.0
162 155 59.41
162 156 111.07
162 157 118.02
162 158 30.27
162 159 136.48
162 160 72.18
162 161 122.59
162 163 67.12
162 164 69.35
162 165 59.17
162 166 116.04
162 167 107.56
162 168 72.12
162 169 81.3
162 170 86.28
162 171 71.45
162 172 39.01
162 173 109.37
162 174 91.05
162 175 32.14
162 176 102.32
162 177 43.57
162 178 104.35
162 179 12.17
162 180 87.92
162 181 83.86
162 182 63.29
162 183 80.4
162 184 86.98
162 185 94.05
162 186 84.06
162 187 136.01
162 188 43.05
162 189 102.73
162 190 34.83
162 191 87.97
162 192 28.65
162 193 140.35
162 194 110.11
162 195 81.05
162 196 87.46
162 197 116.04
162 198 136.49
162 199 33.97
162 200 92.46
162 201 60.21
163 0 17.89
163 1 91.07
163 2 39.6
163 3 31.89
163 4 30.81
163 5 40.85
163 6 101.83
163 7 63.89
163 8 40.8
163 9 74.95
163 10 70.49
163 11 62.36
163 12 35.17
163 13 80.71
163 14 41.23
163 15 109.22
163 16 28.28
163 17 34.93
163 18 25.71
163 19 67.94
163 20 46.87
163 21 82.13
163 22 36.07
163 23 28.3
163 24 70.21
163 25 17.03
163 26 54.92
163 27 94.58
163 28 66.71
163 29 91.93
163 30 44.72
163 31 93.23
163 32 81.27
163 33 50.45
163 34 22.36
163 35 75.29
163 36 43.97
163 37 85.6
163 38 58.18
163 39 49.41
163 40 95.44
163 41 34.21
163 42 70.94
163 43 74.81
163 44 86.13
163 45 37.54
163 46 55.0
163 47 49.52
163 48 85.15
163 49 64.35
163 50 60.83
163 51 86.09
163 52 44.55
163 53 8.49
163 54 50.8
163 55 31.62
163 56 49.68
163 57 39.92
163 58 37.34
163 59 91.53
163 60 53.01
163 61 55.46
163 62 45.0
163 63 34.06
163 64 49.98
163 65 62.94
163 66 46.82
163 67 31.14
163 68 76.38
163 69 49.01
163 70 8.6
163 71 85.59
163 72 59.64
163 73 26.63
163 74 31.58
163 75 50.25
163 76 74.2
163 77 59.64
163 78 26.17
163 79 39.29
163 80 18.79
163 81 72.09
163 82 30.0
163 83 40.5
163 84 61.03
163 85 37.48
163 86 22.2
163 87 20.88
163 88 86.56
163 89 28.0
163 90 51.79
163 91 44.29
163 92 54.59
163 93 65.44
163 94 61.35
163 95 67.54
163 96 32.06
163 97 80.78
163 98 44.41
163 99 16.76
163 100 51.61
163 101 85.21
163 102 55.0
163 103 83.55
163 104 41.87
163 105 54.67
163 106 49.82
163 107 59.81
163 108 71.56
163 109 36.88
163 110 41.23
163 111 22.14
163 112 69.26
163 113 17.72
163 114 76.4
163 115 42.54
163 116 52.4
163 117 78.77
163 118 72.25
163 119 68.41
163 120 67.68
163 121 59.06
163 122 64.54
163 123 59.06
163 124 45.28
163 125 67.6
163 126 37.7
163 127 88.23
163 128 67.62
163 129 75.07
163 130 73.24
163 131 39.85
163 132 95.71
163 133 34.23
163 134 66.65
163 135 50.49
163 136 71.02
163 137 73.55
163 138 50.57
163 139 89.83
163 140 87.11
163 141 62.2
163 142 49.4
163 143 72.92
163 144 24.74
163 145 61.13
163 146 90.82
163 147 90.6
163 148 4.47
163 149 61.85
163 150 38.33
163 151 35.61
163 152 73.01
163 153 22.47
163 154 17.46
163 155 97.19
163 156 56.73
163 157 51.04
163 158 37.0
163 159 93.54
163 160 92.42
163 161 55.58
163 162 67.12
163 164 11.18
163 165 30.53
163 166 49.01
163 167 83.22
163 168 25.08
163 169 14.32
163 170 42.43
163 171 12.65
163 172 78.77
163 173 43.97
163 174 24.02
163 175 73.43
163 176 44.05
163 177 83.65
163 178 84.0
163 179 55.33
163 180 29.68
163 181 22.63
163 182 60.46
163 183 17.69
163 184 65.19
163 185 82.04
163 186 49.16
163 187 78.87
163 188 79.26
163 189 53.31
163 190 43.86
163 191 71.7
163 192 43.17
163 193 96.38
163 194 70.23
163 195 99.86
163 196 49.65
163 197 84.93
163 198 75.6
163 199 49.93
163 200 62.2
163 201 17.89
164 0 11.18
164 1 87.73
164 2 49.2
164 3 41.88
164 4 41.18
164 5 36.22
164 6 91.83
164 7 54.45
164 8 33.62
164 9 69.2
164 10 75.29
164 11 64.4
164 12 46.32
164 13 70.6
164 14 49.24
164 15 102.53
164 16 30.02
164 17 37.22
164 18 16.12
164 19 61.85
164 20 57.43
164 21 73.6
164 22 27.46
164 23 21.4
164 24 62.65
164 25 28.02
164 26 52.01
164 27 84.4
164 28 71.87
164 29 85.91
164 30 55.33
164 31 84.08
164 32 71.22
164 33 55.95
164 34 30.41
164 35 81.02
164 36 50.12
164 37 81.12
164 38 47.41
164 39 45.69
164 40 85.43
164 41 28.02
164 42 61.72
164 43 67.88
164 44 75.0
164 45 28.6
164 46 63.13
164 47 43.83
164 48 74.33
164 49 60.93
164 50 58.01
164 51 82.86
164 52 46.17
164 53 6.4
164 54 61.06
164 55 20.62
164 56 45.18
164 57 35.23
164 58 35.51
164 59 87.66
164 60 42.11
164 61 46.87
164 62 48.27
164 63 43.28
164 64 53.0
164 65 57.2
164 66 49.93
164 67 20.62
164 68 67.36
164 69 38.12
164 70 18.25
164 71 74.97
164 72 55.95
164 73 32.8
164 74 37.12
164 75 39.62
164 76 82.81
164 77 52.35
164 78 17.89
164 79 41.68
164 80 11.66
164 81 70.34
164 82 38.95
164 83 50.45
164 84 59.68
164 85 44.94
164 86 16.12
164 87 32.02
164 88 79.93
164 89 28.23
164 90 49.04
164 91 48.92
164 92 46.4
164 93 71.45
164 94 67.54
164 95 56.94
164 96 21.0
164 97 86.16
164 98 52.77
164 99 5.83
164 100 61.91
164 101 74.43
164 102 44.05
164 103 77.23
164 104 50.99
164 105 60.96
164 106 58.69
164 107 48.85
164 108 79.65
164 109 48.05
164 110 52.2
164 111 23.35
164 112 58.14
164 113 28.86
164 114 66.6
164 115 33.84
164 116 47.51
164 117 80.0
164 118 65.95
164 119 58.52
164 120 63.98
164 121 68.15
164 122 53.37
164 123 63.41
164 124 36.89
164 125 59.41
164 126 41.4
164 127 77.16
164 128 56.8
164 129 68.77
164 130 78.57
164 131 40.01
164 132 86.95
164 133 35.34
164 134 74.06
164 135 61.66
164 136 63.98
164 137 74.11
164 138 39.82
164 139 84.2
164 140 81.84
164 141 62.1
164 142 52.7
164 143 64.14
164 144 26.48
164 145 50.04
164 146 79.85
164 147 83.49
164 148 7.0
164 149 68.6
164 150 35.01
164 151 26.25
164 152 65.8
164 153 31.62
164 154 16.55
164 155 92.09
164 156 47.42
164 157 49.82
164 158 40.52
164 159 83.01
164 160 85.04
164 161 56.3
164 162 69.35
164 163 11.18
164 165 41.15
164 166 48.05
164 167 72.11
164 168 14.0
164 169 18.44
164 170 53.15
164 171 2.24
164 172 75.15
164 173 40.05
164 174 24.17
164 175 70.58
164 176 51.97
164 177 90.97
164 178 73.03
164 179 57.22
164 180 38.63
164 181 14.87
164 182 70.83
164 183 11.05
164 184 54.45
164 185 71.59
164 186 38.05
164 187 70.72
164 188 86.84
164 189 62.94
164 190 51.04
164 191 61.19
164 192 48.75
164 193 85.98
164 194 59.24
164 195 92.01
164 196 38.47
164 197 73.76
164 198 81.32
164 199 46.82
164 200 51.09
164 201 11.18
165 0 42.76
165 1 95.78
165 2 12.17
165 3 5.39
165 4 2.24
165 5 67.8
165 6 132.31
165 7 94.2
165 8 70.01
165 9 87.24
165 10 76.79
165 11 76.53
165 12 10.63
165 13 111.22
165 14 42.43
165 15 122.09
165 16 49.19
165 17 53.14
165 18 51.97
165 19 81.71
165 20 32.02
165 21 111.76
165 22 66.22
165 23 50.01
165 24 99.09
165 25 19.24
165 26 78.71
165 27 125.1
165 28 50.22
165 29 103.77
165 30 30.0
165 31 113.77
165 32 111.77
165 33 35.85
165 34 16.49
165 35 56.14
165 36 29.07
165 37 93.74
165 38 88.55
165 39 60.01
165 40 125.92
165 41 53.24
165 42 92.54
165 43 90.14
165 44 115.77
165 45 67.8
165 46 52.2
165 47 64.56
165 48 111.54
165 49 71.87
165 50 84.1
165 51 90.91
165 52 43.28
165 53 38.83
165 54 20.52
165 55 61.74
165 56 62.03
165 57 67.01
165 58 61.4
165 59 97.62
165 60 80.41
165 61 76.42
165 62 38.95
165 63 10.77
165 64 63.64
165 65 76.32
165 66 60.83
165 67 58.46
165 68 106.4
165 69 76.49
165 70 28.32
165 71 111.16
165 72 68.48
165 73 39.56
165 74 25.0
165 75 76.79
165 76 47.01
165 77 77.13
165 78 56.4
165 79 56.32
165 80 43.74
165 81 74.33
165 82 11.31
165 83 32.31
165 84 81.93
165 85 42.01
165 86 51.74
165 87 11.66
165 88 100.32
165 89 51.11
165 90 75.59
165 91 55.23
165 92 74.67
165 93 68.66
165 94 42.43
165 95 98.01
165 96 60.73
165 97 62.2
165 98 43.17
165 99 46.96
165 100 21.26
165 101 111.45
165 102 82.57
165 103 96.66
165 104 16.03
165 105 58.69
165 106 23.54
165 107 89.96
165 108 45.88
165 109 12.81
165 110 12.0
165 111 33.38
165 112 97.51
165 113 14.21
165 114 106.83
165 115 65.01
165 116 65.19
165 117 72.2
165 118 86.16
165 119 92.02
165 120 75.47
165 121 51.11
165 122 93.92
165 123 68.03
165 124 75.17
165 125 86.68
165 126 52.39
165 127 118.11
165 128 97.94
165 129 88.77
165 130 77.67
165 131 43.91
165 132 114.98
165 133 54.63
165 134 43.29
165 135 25.63
165 136 99.36
165 137 69.4
165 138 80.95
165 139 100.72
165 140 97.25
165 141 80.78
165 142 62.51
165 143 93.21
165 144 32.98
165 145 89.27
165 146 120.93
165 147 105.48
165 148 34.99
165 149 41.05
165 150 64.07
165 151 66.03
165 152 89.19
165 153 28.86
165 154 44.6
165 155 106.23
165 156 87.01
165 157 72.62
165 158 33.42
165 159 124.04
165 160 107.91
165 161 73.25
165 162 59.17
165 163 30.53
165 164 41.15
165 166 70.38
165 167 111.2
165 168 54.08
165 169 37.8
165 170 27.2
165 171 42.94
165 172 85.21
165 173 69.89
165 174 48.26
165 175 78.41
165 176 44.72
165 177 59.44
165 178 111.16
165 179 50.45
165 180 32.02
165 181 52.8
165 182 30.0
165 183 47.8
165 184 91.66
165 185 107.04
165 186 77.62
165 187 108.19
165 188 54.57
165 189 43.57
165 190 25.3
165 191 97.19
165 192 30.53
165 193 126.91
165 194 100.32
165 195 116.38
165 196 78.75
165 197 114.18
165 198 78.59
165 199 59.03
165 200 90.47
165 201 42.76
166 0 58.94
166 1 135.07
166 2 82.28
166 3 74.33
166 4 71.87
166 5 17.8
166 6 82.61
166 7 48.66
166 8 28.02
166 9 114.49
166 10 39.56
166 11 21.1
166 12 67.74
166 13 66.12
166 14 40.22
166 15 145.34
166 16 21.59
166 17 17.49
166 18 60.01
166 19 106.89
166 20 61.72
166 21 55.32
166 22 34.66
166 23 68.01
166 24 40.79
166 25 51.26
166 26 10.3
166 27 78.06
166 28 115.12
166 29 130.36
166 30 60.88
166 31 120.21
166 32 66.07
166 33 98.86
166 34 69.87
166 35 123.17
166 36 92.07
166 37 127.63
166 38 57.7
166 39 93.3
166 40 77.23
166 41 74.67
166 42 99.25
166 43 111.31
166 44 86.02
166 45 36.12
166 46 47.76
166 47 90.08
166 48 99.86
166 49 108.47
166 50 14.21
166 51 130.3
166 52 93.19
166 53 43.29
166 54 89.47
166 55 48.6
166 56 92.36
166 57 18.44
166 58 12.65
166 59 134.63
166 60 72.14
166 61 87.92
166 62 94.01
166 63 78.45
166 64 18.11
166 65 102.88
166 66 17.72
166 67 60.03
166 68 54.15
166 69 69.31
166 70 44.72
166 71 102.65
166 72 103.41
166 73 31.38
166 74 80.31
166 75 72.92
166 76 117.39
166 77 95.88
166 78 35.85
166 79 15.56
166 80 59.2
166 81 118.36
166 82 75.43
166 83 52.4
166 84 12.04
166 85 36.24
166 86 33.24
166 87 58.87
166 88 123.49
166 89 21.02
166 90 8.25
166 91 24.17
166 92 88.51
166 93 42.05
166 94 109.04
166 95 61.68
166 96 56.3
166 97 128.89
166 98 43.57
166 99 46.49
166 100 89.94
166 101 100.4
166 102 72.92
166 103 121.43
166 104 85.7
166 105 36.67
166 106 93.64
166 107 61.72
166 108 116.11
166 109 67.96
166 110 75.8
166 111 70.26
166 112 80.45
166 113 56.92
166 114 60.07
166 115 76.16
166 116 94.34
166 117 127.39
166 118 110.54
166 119 93.35
166 120 111.33
166 121 57.01
166 122 71.2
166 123 29.15
166 124 34.0
166 125 100.44
166 126 20.52
166 127 85.87
166 128 64.85
166 129 113.25
166 130 44.38
166 131 87.69
166 132 124.52
166 133 15.81
166 134 112.64
166 135 75.74
166 136 38.6
166 137 121.81
166 138 53.0
166 139 129.29
166 140 127.46
166 141 14.32
166 142 19.24
166 143 103.08
166 144 73.17
166 145 75.0
166 146 85.7
166 147 125.92
166 148 47.1
166 149 108.91
166 150 15.0
166 151 38.18
166 152 108.76
166 153 42.06
166 154 32.14
166 155 137.74
166 156 43.68
166 157 2.24
166 158 86.01
166 159 81.1
166 160 126.83
166 161 10.82
166 162 116.04
166 163 49.01
166 164 48.05
166 165 70.38
166 167 92.59
166 168 52.77
166 169 35.23
166 170 60.81
166 171 46.32
166 172 122.43
166 173 13.89
166 174 25.0
166 175 118.3
166 176 40.82
166 177 129.34
166 178 96.38
166 179 104.12
166 180 42.01
166 181 36.25
166 182 97.42
166 183 37.64
166 184 83.74
166 185 101.21
166 186 65.8
166 187 50.45
166 188 124.6
166 189 57.31
166 190 91.01
166 191 91.55
166 192 91.66
166 193 82.0
166 194 69.64
166 195 132.28
166 196 63.13
166 197 87.66
166 198 48.27
166 199 94.64
166 200 75.21
166 201 58.94
167 0 68.45
167 1 91.39
167 2 116.09
167 3 110.35
167 4 110.63
167 5 75.15
167 6 53.0
167 7 48.8
167 8 64.88
167 9 66.19
167 10 131.59
167 11 113.65
167 12 117.96
167 13 42.15
167 14 116.73
167 15 77.0
167 16 89.74
167 17 95.21
167 18 59.23
167 19 61.59
167 20 129.03
167 21 61.72
167 22 60.08
167 23 62.63
167 24 66.07
167 25 100.12
167 26 87.37
167 27 46.17
167 28 121.02
167 29 72.03
167 30 127.02
167 31 42.11
167 32 43.08
167 33 109.77
167 34 96.57
167 35 130.8
167 36 107.33
167 37 80.23
167 38 34.99
167 39 70.94
167 40 49.25
167 41 62.17
167 42 36.24
167 43 57.27
167 44 17.0
167 45 58.19
167 46 129.84
167 47 61.72
167 48 11.18
167 49 76.84
167 50 90.8
167 51 89.0
167 52 90.97
167 53 77.0
167 54 129.12
167 55 53.15
167 56 67.36
167 57 74.73
167 58 83.93
167 59 88.02
167 60 30.81
167 61 44.6
167 62 97.42
167 63 109.77
167 64 108.08
167 65 62.8
167 66 106.04
167 67 52.77
167 68 54.71
167 69 34.71
167 70 90.01
167 71 16.12
167 72 73.66
167 73 99.3
167 74 96.38
167 75 34.79
167 76 143.56
167 77 52.5
167 78 65.12
167 79 98.35
167 80 67.47
167 81 90.0
167 82 105.36
167 83 121.26
167 84 97.91
167 85 111.8
167 86 71.02
167 87 103.7
167 88 64.29
167 89 85.87
167 90 86.61
167 91 109.11
167 92 47.42
167 93 131.91
167 94 121.26
167 95 33.97
167 96 51.16
167 97 133.69
167 98 120.67
167 99 67.01
167 100 130.08
167 101 12.17
167 102 28.64
167 103 65.46
167 104 116.38
167 105 123.37
167 106 122.56
167 107 30.89
167 108 138.71
167 109 119.82
167 110 122.98
167 111 80.65
167 112 14.0
167 113 100.6
167 114 45.65
167 115 49.65
167 116 65.8
167 117 110.63
167 118 61.29
167 119 29.41
167 120 76.61
167 121 136.78
167 122 21.54
167 123 120.15
167 124 58.59
167 125 45.79
167 126 101.24
167 127 21.02
167 128 29.7
167 129 62.17
167 130 136.17
167 131 83.53
167 132 48.09
167 133 91.39
167 134 131.23
167 135 133.63
167 136 70.29
167 137 103.48
167 138 39.92
167 139 74.04
167 140 75.27
167 141 104.31
167 142 108.63
167 143 40.72
167 144 82.64
167 145 22.09
167 146 26.08
167 147 61.98
167 148 79.1
167 149 124.17
167 150 79.31
167 151 57.28
167 152 54.56
167 153 102.18
167 154 79.76
167 155 82.46
167 156 50.61
167 157 92.66
167 158 93.48
167 159 39.01
167 160 60.53
167 161 103.35
167 162 107.56
167 163 83.22
167 164 72.11
167 165 111.2
167 166 92.59
167 168 58.14
167 169 86.37
167 170 125.0
167 171 71.03
167 172 82.37
167 173 78.71
167 174 83.95
167 175 84.31
167 176 119.05
167 177 145.89
167 178 6.08
167 179 98.23
167 180 108.46
167 181 67.74
167 182 138.88
167 183 71.34
167 184 21.1
167 185 19.1
167 186 34.06
167 187 64.14
167 188 143.21
167 189 132.85
167 190 110.98
167 191 20.0
167 192 104.66
167 193 43.0
167 194 24.76
167 195 60.01
167 196 34.06
167 197 12.0
167 198 139.85
167 199 73.76
167 200 21.02
167 201 68.45
168 0 13.45
168 1 82.97
168 2 60.9
168 3 54.13
168 4 53.85
168 5 37.36
168 6 81.32
168 7 45.79
168 8 31.02
168 9 61.72
168 10 84.9
168 11 71.61
168 12 60.02
168 13 60.11
168 14 61.85
168 15 93.24
168 16 38.95
168 17 45.97
168 18 8.0
168 19 54.12
168 20 71.34
168 21 66.19
168 22 23.02
168 23 17.03
168 24 57.28
168 25 42.01
168 26 54.12
168 27 73.59
168 28 78.03
168 29 77.7
168 30 69.26
168 31 71.87
168 32 60.83
168 33 63.01
168 34 41.34
168 35 87.66
168 36 58.14
168 37 75.03
168 38 35.61
168 39 42.19
168 40 74.95
168 41 23.09
168 42 49.65
168 43 58.82
168 44 61.68
168 45 23.19
168 46 75.64
168 47 37.64
168 48 60.41
168 49 56.89
168 50 59.91
168 51 78.34
168 52 49.4
168 53 19.42
168 54 73.35
168 55 9.43
168 56 40.61
168 57 36.4
168 58 40.31
168 59 82.22
168 60 28.16
168 61 36.07
168 62 53.24
168 63 54.71
168 64 61.55
168 65 50.16
168 66 58.69
168 67 7.81
168 68 59.17
168 69 24.19
168 70 32.14
168 71 61.19
168 72 51.79
168 73 44.72
168 74 45.28
168 75 25.96
168 76 92.85
168 77 43.27
168 78 17.09
168 79 50.21
168 80 12.81
168 81 68.12
168 82 50.25
168 83 64.13
168 84 63.32
168 85 57.27
168 86 20.0
168 87 45.71
168 88 71.03
168 89 36.07
168 90 51.55
168 91 59.03
168 92 36.24
168 93 82.2
168 94 75.0
168 95 45.45
168 96 7.0
168 97 92.28
168 98 65.55
168 99 9.49
168 100 74.25
168 101 60.53
168 102 30.07
168 103 68.8
168 104 62.13
168 105 72.11
168 106 69.4
168 107 36.36
168 108 89.11
168 109 61.81
168 110 65.52
168 111 29.21
168 112 44.18
168 113 42.58
168 114 56.85
168 115 23.6
168 116 42.2
168 117 81.22
168 118 57.8
168 119 45.62
168 120 59.44
168 121 81.27
168 122 39.85
168 123 72.86
168 124 31.58
168 125 48.8
168 126 51.09
168 127 64.08
168 128 44.65
168 129 60.54
168 130 88.62
168 131 42.06
168 132 75.21
168 133 43.19
168 134 82.81
168 135 75.54
168 136 59.44
168 137 74.67
168 138 28.32
168 139 76.54
168 140 74.69
168 141 67.08
168 142 61.52
168 143 52.63
168 144 32.2
168 145 36.06
168 146 67.08
168 147 73.88
168 148 21.0
168 149 76.69
168 150 38.08
168 151 20.22
168 152 56.4
168 153 45.12
168 154 25.81
168 155 84.97
168 156 39.36
168 157 54.13
168 158 46.32
168 159 71.4
168 160 75.07
168 161 62.43
168 162 72.12
168 163 25.08
168 164 14.0
168 165 54.08
168 166 52.77
168 167 58.14
168 169 30.46
168 170 67.12
168 171 13.15
168 172 70.34
168 173 41.76
168 174 32.56
168 175 66.91
168 176 64.47
168 177 99.36
168 178 59.03
168 179 60.08
168 180 51.92
168 181 16.64
168 182 83.19
168 183 17.03
168 184 40.61
168 185 57.97
168 186 24.08
168 187 64.08
168 188 95.59
168 189 76.4
168 190 60.11
168 191 47.54
168 192 56.22
168 193 74.65
168 194 46.53
168 195 81.34
168 196 24.74
168 197 60.17
168 198 91.68
168 199 44.05
168 200 37.12
168 201 13.45
169 0 29.07
169 1 104.71
169 2 48.88
169 3 40.82
169 4 38.83
169 5 30.0
169 6 97.06
169 7 58.59
169 8 33.02
169 9 87.32
169 10 57.2
169 11 48.08
169 12 38.6
169 13 76.56
169 14 31.38
169 15 120.92
169 16 14.04
169 17 20.62
169 18 34.41
169 19 80.06
169 20 43.29
169 21 74.65
169 22 31.02
169 23 39.62
169 24 61.52
169 25 19.1
169 26 42.06
169 27 90.38
169 28 79.91
169 29 104.14
169 30 41.44
169 31 102.08
169 32 76.97
169 33 63.64
169 34 34.71
169 35 88.07
169 36 56.89
169 37 98.74
169 38 56.89
169 39 62.77
169 40 90.79
169 41 46.1
169 42 79.76
169 43 86.28
169 44 86.47
169 45 32.89
169 46 45.19
169 47 61.85
169 48 90.03
169 49 77.9
169 50 47.8
169 51 99.76
169 52 58.86
169 53 12.04
169 54 58.14
169 55 33.24
169 56 62.68
169 57 29.21
169 58 24.35
169 59 104.96
169 60 57.97
169 61 65.22
169 62 59.08
169 63 44.28
169 64 35.85
169 65 75.29
169 66 32.7
169 67 38.01
169 68 69.89
169 69 54.12
169 70 9.85
169 71 91.21
169 72 73.06
169 73 14.42
169 74 45.1
169 75 56.3
169 76 84.22
169 77 70.77
169 78 22.36
169 79 25.0
169 80 29.73
169 81 86.16
169 82 40.85
169 83 35.0
169 84 47.27
169 85 26.83
169 86 16.49
169 87 26.25
169 88 98.29
169 89 14.32
169 90 38.9
169 91 30.81
169 92 64.82
169 93 53.04
169 94 73.98
169 95 65.25
169 96 37.0
169 97 93.74
169 98 35.11
169 99 21.02
169 100 58.8
169 101 90.24
169 102 59.67
169 103 95.52
169 104 51.88
169 105 42.52
169 106 59.94
169 107 59.41
169 108 82.29
169 109 39.66
169 110 46.1
169 111 36.4
169 112 72.44
169 113 23.6
169 114 71.55
169 115 52.2
169 116 65.22
169 117 93.06
169 118 84.22
169 119 76.06
169 120 81.12
169 121 50.96
169 122 66.0
169 123 45.49
169 124 38.95
169 125 77.8
169 126 23.71
169 127 87.97
169 128 66.29
169 129 87.05
169 130 60.31
169 131 54.12
169 132 105.15
169 133 20.02
169 134 78.19
169 135 51.48
169 136 61.62
169 137 87.86
169 138 49.5
169 139 102.3
169 140 99.81
169 141 48.04
169 142 35.34
169 143 82.38
169 144 39.05
169 145 64.78
169 146 89.82
169 147 101.91
169 148 13.89
169 149 74.04
169 150 26.42
169 151 32.02
169 152 84.22
169 153 16.12
169 154 7.62
169 155 110.0
169 156 51.43
169 157 37.34
169 158 51.09
169 159 90.48
169 160 103.48
169 161 41.3
169 162 81.3
169 163 14.32
169 164 18.44
169 165 37.8
169 166 35.23
169 167 86.37
169 168 30.46
169 170 39.81
169 171 18.03
169 172 92.28
169 173 32.25
169 174 10.77
169 175 87.21
169 176 34.01
169 177 95.08
169 178 88.12
169 179 69.58
169 180 22.09
169 181 19.1
169 182 67.18
169 183 15.03
169 184 70.6
169 185 88.23
169 186 52.95
169 187 70.84
169 188 90.47
169 189 46.53
169 190 56.04
169 191 77.79
169 192 56.44
169 193 92.85
169 194 69.72
169 195 110.42
169 196 52.35
169 197 86.09
169 198 62.97
169 199 63.53
169 200 65.62
169 201 29.07
170 0 59.67
170 1 122.38
170 2 36.77
170 3 32.45
170 4 29.41
170 5 65.37
170 6 135.77
170 7 97.5
170 8 71.31
170 9 111.83
170 10 54.23
170 11 59.51
170 12 17.0
170 13 115.77
170 14 22.36
170 15 146.81
170 16 43.91
170 17 44.05
170 18 68.07
170 19 105.68
170 20 5.0
170 21 111.51
170 22 70.6
170 23 69.26
170 24 97.42
170 25 25.5
170 26 70.77
170 27 129.45
170 28 75.96
170 29 128.7
170 30 2.83
170 31 134.71
170 32 116.11
170 33 62.65
170 34 41.23
170 35 80.52
170 36 56.08
170 37 119.63
170 38 96.69
170 39 84.6
170 40 129.62
170 41 74.09
170 42 112.64
170 43 113.6
170 44 126.15
170 45 72.53
170 46 27.07
170 47 87.66
170 48 127.48
170 49 97.62
170 50 74.97
170 51 117.46
170 52 70.01
170 53 48.0
170 54 36.01
170 55 72.11
170 56 86.09
170 57 64.88
170 58 56.3
170 59 123.99
170 60 95.26
170 61 96.77
170 62 66.07
170 63 37.74
170 64 48.02
170 65 100.34
170 66 46.04
170 67 73.55
170 68 107.79
170 69 91.27
170 70 35.01
170 71 128.0
170 72 93.81
170 73 31.38
170 74 51.62
170 75 92.66
170 76 65.07
170 77 99.4
170 78 62.17
170 79 45.25
170 80 60.64
170 81 101.12
170 82 38.42
170 83 8.94
170 84 70.43
170 85 25.0
170 86 56.29
170 87 25.06
170 88 124.53
170 89 47.41
170 90 68.01
170 91 39.12
170 92 95.52
170 93 45.01
170 94 67.68
170 95 105.02
170 96 74.11
170 97 86.59
170 98 20.88
170 99 58.01
170 100 36.0
170 101 127.57
170 102 97.19
170 103 121.08
170 104 40.85
170 105 36.67
170 106 46.32
170 107 99.14
170 108 66.07
170 109 15.23
170 110 22.36
170 111 55.95
170 112 111.0
170 113 27.31
170 114 110.49
170 115 84.2
170 116 89.19
170 117 99.32
170 118 110.15
170 119 110.63
170 120 101.21
170 121 24.17
170 122 105.3
170 123 48.08
170 124 77.83
170 125 108.27
170 126 40.31
170 127 127.74
170 128 106.1
170 129 112.87
170 130 54.0
170 131 69.66
170 132 136.7
170 133 47.2
170 134 65.92
170 135 15.26
170 136 96.52
170 137 96.61
170 138 89.27
170 139 125.92
170 140 122.64
170 141 67.12
170 142 46.65
170 143 114.16
170 144 56.6
170 145 103.02
170 146 129.63
170 147 129.29
170 148 46.17
170 149 65.52
170 150 60.54
170 151 71.81
170 152 112.26
170 153 23.77
170 154 47.3
170 155 132.0
170 156 90.48
170 157 62.94
170 158 60.11
170 159 129.99
170 160 131.49
170 161 59.64
170 162 86.28
170 163 42.43
170 164 53.15
170 165 27.2
170 166 60.81
170 167 125.0
170 168 67.12
170 169 39.81
170 171 54.04
170 172 111.4
170 173 65.73
170 174 46.62
170 175 104.8
170 176 23.41
170 177 80.06
170 178 126.14
170 179 77.62
170 180 19.72
170 181 58.86
170 182 40.79
170 183 54.45
170 184 107.56
170 185 124.46
170 186 91.02
170 187 107.19
170 188 75.06
170 189 16.55
170 190 51.88
170 191 114.13
170 192 57.69
170 193 132.19
170 194 109.49
170 195 139.56
170 196 91.02
170 197 125.57
170 198 54.15
170 199 84.05
170 200 104.0
170 201 59.67
171 0 12.65
171 1 89.16
171 2 51.22
171 3 43.83
171 4 43.05
171 5 34.13
171 6 89.81
171 7 52.33
171 8 31.38
171 9 70.21
171 10 74.41
171 11 63.06
171 12 47.8
171 13 68.6
171 14 49.19
171 15 103.28
171 16 28.84
171 17 36.06
171 18 16.4
171 19 62.8
171 20 58.22
171 21 71.4
171 22 25.24
171 23 22.47
171 24 60.42
171 25 29.15
171 26 50.04
171 27 82.42
171 28 74.09
171 29 86.83
171 30 56.14
171 31 84.12
171 32 69.2
171 33 58.18
171 34 32.56
171 35 83.26
171 36 52.35
171 37 82.37
171 38 45.62
171 39 47.17
171 40 83.41
171 41 29.15
171 42 61.77
171 43 68.62
171 44 73.5
171 45 26.4
171 46 63.06
171 47 44.94
171 48 73.55
171 49 62.39
171 50 56.04
171 51 84.31
171 52 48.26
171 53 6.32
171 54 62.97
171 55 18.97
171 56 46.52
171 57 33.14
171 58 33.73
171 59 89.0
171 60 41.3
171 61 47.2
171 62 50.45
171 63 45.34
171 64 51.87
171 65 58.25
171 66 48.83
171 67 20.25
171 68 65.19
171 69 37.34
171 70 19.03
171 71 74.33
171 72 57.38
171 73 32.45
171 74 39.36
171 75 39.05
171 76 84.96
171 77 53.04
171 78 15.65
171 79 40.5
171 80 13.0
171 81 72.03
171 82 41.04
171 83 50.99
171 84 57.87
171 85 44.78
171 86 14.04
171 87 33.53
171 88 80.72
171 89 26.83
171 90 47.1
171 91 48.1
171 92 46.86
171 93 70.84
171 94 69.77
171 95 55.07
171 96 20.1
171 97 88.39
171 98 52.8
171 99 4.12
171 100 63.81
171 101 73.68
171 102 43.19
171 103 78.1
171 104 53.08
171 105 60.44
171 106 60.81
171 107 47.17
171 108 81.84
171 109 49.48
171 110 53.85
171 111 25.5
171 112 57.04
171 113 30.36
171 114 64.54
171 115 34.21
171 116 48.76
171 117 82.01
171 118 66.84
171 119 58.31
171 120 65.39
171 121 68.35
171 122 51.97
171 123 62.48
171 124 34.67
171 125 59.82
171 126 40.46
171 127 75.58
171 128 55.04
171 129 69.66
171 130 77.79
171 131 42.0
171 132 87.13
171 133 34.0
171 134 76.28
171 135 62.97
171 136 61.74
171 137 76.06
171 138 38.01
171 139 85.21
171 140 82.93
171 141 60.44
171 142 51.61
171 143 64.35
171 144 28.64
171 145 49.0
171 146 78.19
171 147 84.15
171 148 8.25
171 149 70.83
171 150 33.06
171 151 24.08
171 152 66.47
171 153 32.02
171 154 15.26
171 155 93.19
171 156 45.28
171 157 48.05
171 158 42.72
171 159 81.12
171 160 85.63
171 161 54.78
171 162 71.45
171 163 12.65
171 164 2.24
171 165 42.94
171 166 46.32
171 167 71.03
171 168 13.15
171 169 18.03
171 170 54.04
171 172 76.56
171 173 38.01
171 174 22.83
171 175 72.11
171 176 51.88
171 177 93.19
171 178 72.11
171 179 59.3
171 180 38.9
171 181 12.65
171 182 72.72
171 183 9.0
171 184 53.76
171 185 71.06
171 186 37.0
171 187 68.51
171 188 89.05
171 189 63.32
171 190 53.25
171 191 60.64
171 192 50.99
171 193 84.06
171 194 57.58
171 195 92.46
171 196 37.22
171 197 72.37
171 198 80.62
171 199 48.38
171 200 50.01
171 201 12.65
172 0 63.98
172 1 12.65
172 2 80.53
172 3 80.71
172 4 83.23
172 5 107.7
172 6 131.24
172 7 107.17
172 8 100.81
172 9 16.4
172 10 149.25
172 11 139.56
172 12 95.8
172 13 113.56
172 14 118.7
172 15 40.31
172 16 105.1
172 17 112.25
172 18 62.64
172 19 21.19
172 20 116.39
172 21 127.57
172 22 92.57
172 23 54.42
172 24 123.02
172 25 89.94
172 26 124.45
172 27 123.37
172 28 58.01
172 29 23.09
172 30 114.21
172 31 52.43
172 32 114.54
172 33 57.57
172 34 70.18
172 35 65.28
172 36 60.93
172 37 9.22
172 38 90.55
172 39 29.53
172 40 125.96
172 41 47.76
172 42 46.14
172 43 25.61
172 44 97.58
172 45 92.23
172 46 131.8
172 47 32.76
172 48 74.06
172 49 14.42
172 50 130.25
172 51 8.06
172 52 42.19
172 53 80.95
172 54 91.39
172 55 77.1
172 56 30.08
172 57 106.74
172 58 109.79
172 59 12.81
172 60 65.76
172 61 42.58
172 62 47.85
172 63 76.32
172 64 127.94
172 65 22.09
172 66 124.82
172 67 64.13
172 68 119.6
172 69 65.28
172 70 86.84
172 71 70.0
172 72 19.24
172 73 105.39
172 74 60.22
172 75 61.4
172 76 88.28
172 77 32.56
172 78 87.36
172 79 116.73
172 80 63.56
172 81 14.0
172 82 74.06
172 83 113.85
172 84 133.45
172 85 115.6
172 86 89.2
172 87 87.0
172 88 25.08
172 89 103.37
172 90 121.84
172 91 122.97
172 92 40.31
172 93 144.03
172 94 63.51
172 95 98.48
172 96 68.88
172 97 65.12
172 98 121.26
172 99 75.96
172 100 92.31
172 101 73.24
172 102 67.08
172 103 21.47
172 104 77.82
172 105 133.22
172 106 78.77
172 107 87.97
172 108 82.22
172 109 98.01
172 110 95.19
172 111 57.63
172 112 76.55
172 113 85.56
172 114 113.44
172 115 49.16
172 116 28.16
172 117 34.18
172 118 21.1
172 119 53.23
172 120 11.18
172 121 133.65
172 122 82.46
172 123 137.71
172 124 99.72
172 125 36.67
172 126 115.97
172 127 101.64
172 128 94.92
172 129 20.62
172 130 151.99
172 131 41.77
172 132 49.24
172 133 110.49
172 134 74.33
172 135 110.14
172 136 126.1
172 137 28.64
172 138 87.05
172 139 19.03
172 140 15.03
172 141 136.7
172 142 127.53
172 143 41.88
172 144 55.97
172 145 72.28
172 146 106.62
172 147 31.02
172 148 78.39
172 149 67.6
172 150 108.16
172 151 89.27
172 152 28.02
172 153 99.64
172 154 91.71
172 155 21.54
172 156 103.0
172 157 123.98
172 158 51.87
172 159 117.65
172 160 34.18
172 161 131.31
172 162 39.01
172 163 78.77
172 164 75.15
172 165 85.21
172 166 122.43
172 167 82.37
172 168 70.34
172 169 92.28
172 170 111.4
172 171 76.56
172 173 112.09
172 174 99.32
172 175 7.28
172 176 121.51
172 177 82.39
172 178 77.7
172 179 38.6
172 180 106.53
172 181 86.33
172 182 98.35
172 183 84.86
172 184 64.85
172 185 65.22
172 186 70.26
172 187 127.19
172 188 82.05
172 189 126.62
172 190 66.31
172 191 62.61
172 192 58.18
172 193 121.76
172 194 92.89
172 195 42.72
172 196 74.24
172 197 93.04
172 198 154.26
172 199 28.84
172 200 73.5
172 201 63.98
173 0 50.09
173 1 124.72
173 2 81.12
173 3 73.06
173 4 71.02
173 5 4.47
173 6 72.03
173 7 36.01
173 8 14.21
173 9 103.08
173 10 53.14
173 11 34.99
173 12 69.35
173 13 54.08
173 14 47.76
173 15 132.92
173 16 22.02
173 17 22.47
173 18 49.48
173 19 95.46
173 20 67.6
173 21 46.1
173 22 21.4
173 23 58.05
173 24 31.76
173 25 50.8
173 26 12.37
173 27 66.75
173 28 110.6
173 29 118.51
173 30 66.37
173 31 106.83
173 32 54.15
173 33 94.37
173 34 66.13
173 35 119.25
173 36 87.93
173 37 116.71
173 38 43.86
173 39 83.55
173 40 66.29
173 41 64.54
173 42 86.21
173 43 99.3
173 44 72.53
173 45 22.67
173 46 57.71
173 47 79.4
173 48 85.98
173 49 98.49
173 50 18.25
173 51 120.07
173 52 86.21
173 53 36.67
173 54 90.0
173 55 36.24
173 56 82.23
173 57 5.39
173 58 9.43
173 59 123.97
173 60 58.73
173 61 75.66
173 62 87.97
173 63 76.48
173 64 30.41
173 65 91.76
173 66 29.07
173 67 48.47
173 68 43.42
173 69 56.08
173 70 42.06
173 71 88.81
173 72 93.39
173 73 34.41
173 74 75.43
173 75 59.82
173 76 116.47
173 77 84.1
173 78 24.74
173 79 23.35
173 80 50.16
173 81 109.18
173 82 72.92
173 83 58.18
173 84 21.95
173 85 43.08
173 86 24.0
173 87 58.25
173 88 111.41
173 89 19.1
173 90 9.85
173 91 34.13
173 92 76.48
173 93 54.74
173 94 105.3
173 95 48.27
173 96 44.28
173 97 124.72
173 98 51.55
173 99 37.12
173 100 90.6
173 101 86.53
173 102 59.4
173 103 109.57
173 104 84.12
173 105 48.0
173 106 92.18
173 107 47.85
173 108 114.49
173 109 70.01
173 110 77.23
173 111 63.29
173 112 66.57
173 113 55.76
173 114 48.17
173 115 64.47
173 116 83.93
173 117 120.02
173 118 98.9
173 119 80.06
173 120 101.14
173 121 66.49
173 122 57.31
173 123 42.2
173 124 20.12
173 125 87.98
173 126 27.89
173 127 72.57
173 128 51.24
173 129 101.55
173 130 57.87
173 131 80.01
173 132 111.29
173 133 18.79
173 134 110.17
173 135 79.81
173 136 30.81
173 137 114.02
173 138 39.12
173 139 117.69
173 140 116.08
173 141 26.91
173 142 31.26
173 143 90.21
173 144 66.37
173 145 61.22
173 146 72.69
173 147 113.53
173 148 41.0
173 149 105.69
173 150 5.83
173 151 25.0
173 152 96.65
173 153 43.86
173 154 26.57
173 155 126.32
173 156 30.41
173 157 14.21
173 158 80.06
173 159 69.07
173 160 114.28
173 161 24.7
173 162 109.37
173 163 43.97
173 164 40.05
173 165 69.89
173 166 13.89
173 167 78.71
173 168 41.76
173 169 32.25
173 170 65.73
173 171 38.01
173 172 112.09
173 174 21.63
173 175 108.47
173 176 49.04
173 177 127.12
173 178 82.49
173 179 97.25
173 180 46.04
173 181 26.17
173 182 98.72
173 183 29.02
173 184 70.09
173 185 87.46
173 186 52.35
173 187 41.59
173 188 122.58
173 189 65.46
173 190 87.66
173 191 77.9
173 192 87.09
173 193 70.35
173 194 55.97
173 195 119.4
173 196 49.52
173 197 74.0
173 198 61.68
173 199 85.16
173 200 61.4
173 201 50.09
174 0 35.34
174 1 111.89
174 2 59.54
174 3 51.48
174 4 49.4
174 5 19.8
174 6 89.16
174 7 50.92
174 8 24.7
174 9 92.91
174 10 52.35
174 11 40.25
174 12 48.1
174 13 69.26
174 14 33.06
174 15 125.5
174 16 6.4
174 17 13.45
174 18 38.42
174 19 85.45
174 20 49.34
174 21 65.46
174 22 25.02
174 23 45.28
174 24 51.86
174 25 29.21
174 26 31.32
174 27 82.87
174 28 90.43
174 29 109.4
174 30 47.76
174 31 104.04
174 32 69.57
174 33 74.15
174 34 45.35
174 35 98.72
174 36 67.47
174 37 105.19
174 38 52.0
174 39 69.86
174 40 83.01
174 41 51.97
174 42 82.01
174 43 90.91
174 44 82.01
174 45 27.02
174 46 45.89
174 47 67.74
174 48 88.87
174 49 85.09
174 50 37.11
174 51 107.02
174 52 68.26
174 53 18.68
174 54 68.41
174 55 32.2
174 56 69.32
174 57 19.1
174 58 13.6
174 59 111.8
174 60 57.7
174 61 68.59
174 62 69.01
174 63 55.04
174 64 29.21
174 65 80.99
174 66 26.25
174 67 40.36
174 68 61.29
174 69 54.12
174 70 20.62
174 71 90.62
174 72 80.11
174 73 16.12
174 74 55.44
174 75 56.94
174 76 94.89
174 77 75.29
174 78 18.97
174 79 17.8
174 80 35.78
174 81 94.25
174 82 51.62
174 83 40.26
174 84 37.01
174 85 28.07
174 86 13.42
174 87 36.62
174 88 103.08
174 89 4.12
174 90 28.16
174 91 26.63
174 92 68.62
174 93 49.93
174 94 84.65
174 95 59.41
174 96 38.01
174 97 104.35
174 98 37.05
174 99 24.21
174 100 69.03
174 101 89.2
174 102 59.09
174 103 100.6
174 104 62.61
174 105 40.25
174 106 70.66
174 107 55.08
174 108 93.04
174 109 48.92
174 110 55.87
174 111 45.4
174 112 70.34
174 113 34.13
174 114 63.91
174 115 55.9
174 116 71.59
174 117 102.49
174 118 89.4
174 119 77.39
174 120 88.14
174 121 53.15
174 122 62.8
174 123 40.31
174 124 31.32
174 125 81.32
174 126 18.6
174 127 83.05
174 128 61.07
174 129 92.2
174 130 56.08
174 131 62.97
174 132 107.62
174 133 11.18
174 134 88.96
174 135 59.68
174 136 51.62
174 137 97.02
174 138 45.1
174 139 107.9
174 140 105.69
174 141 38.47
174 142 29.07
174 143 85.15
174 144 48.26
174 145 63.25
174 146 84.38
174 147 106.22
174 148 22.2
174 149 84.77
174 150 15.81
174 151 27.07
174 152 88.62
174 153 23.32
174 154 7.62
174 155 115.97
174 156 43.97
174 157 27.02
174 158 61.01
174 159 83.68
174 160 107.52
174 161 32.28
174 162 91.05
174 163 24.02
174 164 24.17
174 165 48.26
174 166 25.0
174 167 83.95
174 168 32.56
174 169 10.77
174 170 46.62
174 171 22.83
174 172 99.32
174 173 21.63
174 175 94.7
174 176 35.23
174 177 105.85
174 178 86.4
174 179 79.16
174 180 27.2
174 181 17.0
174 182 77.23
174 183 15.56
174 184 70.26
174 185 88.14
174 186 52.0
174 187 61.4
174 188 101.24
174 189 50.09
174 190 66.76
174 191 77.82
174 192 66.91
174 193 85.73
174 194 65.0
174 195 113.9
174 196 50.6
174 197 82.22
174 198 59.2
174 199 70.94
174 200 63.89
174 201 35.34
175 0 59.46
175 1 17.8
175 2 73.43
175 3 73.82
175 4 76.4
175 5 104.14
175 6 131.67
175 7 105.8
175 8 97.74
175 9 20.25
175 10 143.89
175 11 134.85
175 12 89.02
175 13 113.32
175 14 112.8
175 15 47.52
175 16 100.32
175 17 107.42
175 18 59.03
175 19 22.8
175 20 109.79
175 21 126.44
175 22 89.56
175 23 50.45
175 24 121.1
175 25 83.87
175 26 120.83
175 27 123.71
175 28 51.01
175 29 30.0
175 30 107.63
175 31 57.31
175 32 114.28
175 33 50.29
175 34 63.66
175 35 58.55
175 36 53.71
175 37 16.49
175 38 89.63
175 39 25.0
175 40 126.19
175 41 43.93
175 42 48.41
175 43 29.21
175 44 98.88
175 45 89.36
175 46 125.73
175 47 30.0
175 48 76.69
175 49 10.05
175 50 126.7
175 51 12.81
175 52 35.23
175 53 76.16
175 54 84.17
175 55 74.24
175 56 26.31
175 57 103.16
175 58 105.65
175 59 19.21
175 60 65.25
175 61 42.38
175 62 40.71
175 63 69.34
175 64 123.0
175 65 21.93
175 66 119.87
175 67 61.2
175 68 118.53
175 69 64.33
175 70 81.3
175 71 72.92
175 72 15.13
175 73 99.98
175 74 53.41
175 75 60.64
175 76 81.15
175 77 32.7
175 78 83.74
175 79 111.89
175 80 59.14
175 81 7.28
175 82 67.2
175 83 107.52
175 84 129.54
175 85 109.86
175 86 85.16
175 87 80.62
175 88 31.05
175 89 98.79
175 90 118.13
175 91 117.72
175 92 39.85
175 93 138.4
175 94 56.32
175 95 97.98
175 96 66.12
175 97 58.69
175 98 115.26
175 99 71.84
175 100 85.09
175 101 75.93
175 102 66.76
175 103 27.2
175 104 70.66
175 105 127.58
175 106 71.51
175 107 87.32
175 108 75.11
175 109 91.21
175 110 88.2
175 111 51.87
175 112 77.39
175 113 79.31
175 114 112.81
175 115 47.1
175 116 25.02
175 117 28.65
175 118 24.08
175 119 54.92
175 120 8.25
175 121 127.31
175 122 82.54
175 123 132.48
175 124 97.13
175 125 38.6
175 126 110.91
175 127 102.88
175 128 94.64
175 129 24.41
175 130 146.49
175 131 35.38
175 132 54.63
175 133 105.85
175 134 67.19
175 135 103.17
175 136 124.02
175 137 22.47
175 138 85.59
175 139 26.02
175 140 22.02
175 141 132.5
175 142 122.54
175 143 44.6
175 144 50.0
175 145 72.45
175 146 107.78
175 147 37.11
175 148 73.35
175 149 60.41
175 150 104.29
175 151 86.37
175 152 31.14
175 153 93.81
175 154 87.09
175 155 28.79
175 156 101.24
175 157 119.92
175 158 45.0
175 159 118.31
175 160 40.26
175 161 126.87
175 162 32.14
175 163 73.43
175 164 70.58
175 165 78.41
175 166 118.3
175 167 84.31
175 168 66.91
175 169 87.21
175 170 104.8
175 171 72.11
175 172 7.28
175 173 108.47
175 174 94.7
175 176 115.6
175 177 75.66
175 178 80.0
175 179 31.32
175 180 100.6
175 181 82.46
175 182 91.08
175 183 80.65
175 184 65.74
175 185 68.01
175 186 69.23
175 187 125.78
175 188 75.17
175 189 120.21
175 190 59.09
175 191 64.35
175 192 50.99
175 193 122.38
175 194 92.97
175 195 49.03
175 196 73.16
175 197 94.51
175 198 148.66
175 199 23.77
175 200 73.74
175 201 59.46
176 0 61.61
176 1 133.41
176 2 56.32
176 3 50.01
176 4 46.87
176 5 50.01
176 6 121.04
176 7 84.01
176 8 58.22
176 9 118.87
176 10 32.14
176 11 36.24
176 12 37.0
176 13 102.42
176 14 2.83
176 15 153.26
176 16 30.0
176 17 26.68
176 18 68.1
176 19 111.95
176 20 22.47
176 21 94.92
176 22 60.07
176 23 72.2
176 24 80.41
176 25 31.91
176 26 51.11
176 27 115.52
176 28 94.92
176 29 135.88
176 30 22.36
176 31 136.0
176 32 102.59
176 33 80.08
176 34 53.67
176 35 100.72
176 36 73.08
176 37 128.89
176 38 87.09
176 39 92.7
176 40 115.21
176 41 78.24
176 42 113.65
176 43 118.85
176 44 117.11
176 45 62.07
176 46 11.18
176 47 93.51
176 48 123.49
176 49 107.17
176 50 54.41
176 51 128.41
176 52 82.86
176 53 45.65
176 54 58.42
176 55 66.48
176 56 93.34
176 57 49.82
176 58 40.02
176 59 134.32
176 60 91.71
176 61 98.79
176 62 80.53
176 63 55.32
176 64 25.5
176 65 106.89
176 66 24.08
176 67 72.01
176 68 92.44
176 69 87.92
176 70 35.47
176 71 124.92
176 72 102.73
176 73 19.92
176 74 65.31
176 75 90.25
176 76 87.69
176 77 103.6
176 78 53.94
176 79 26.0
176 80 62.43
176 81 113.16
176 82 54.41
176 83 14.56
176 84 48.84
176 85 7.28
176 86 48.05
176 87 36.77
176 88 130.6
176 89 34.0
176 90 48.76
176 91 17.03
176 92 98.18
176 93 24.04
176 94 87.13
176 95 94.05
176 96 70.94
176 97 106.79
176 98 2.83
176 99 55.04
176 100 58.55
176 101 123.76
176 102 93.3
176 103 127.56
176 104 60.41
176 105 14.04
176 106 67.07
176 107 90.27
176 108 88.14
176 109 36.06
176 110 44.18
176 111 63.89
176 112 105.32
176 113 37.12
176 114 96.69
176 115 85.76
176 116 96.18
176 117 115.16
176 118 116.28
176 119 110.07
176 120 110.63
176 121 18.0
176 122 98.01
176 123 24.74
176 124 65.19
176 125 111.22
176 126 21.19
176 127 118.0
176 128 96.01
176 129 119.1
176 130 32.98
176 131 80.45
176 132 138.92
176 133 30.59
176 134 87.05
176 135 38.48
176 136 78.79
176 137 111.36
176 138 80.31
176 139 133.66
176 140 130.82
176 141 44.69
176 142 24.08
176 143 116.11
176 144 65.6
176 145 97.98
176 146 119.07
176 147 134.63
176 148 46.04
176 149 85.59
176 150 44.91
176 151 62.29
176 152 117.0
176 153 21.93
176 154 39.56
176 155 140.76
176 156 77.52
176 157 42.72
176 158 73.36
176 159 117.24
176 160 136.4
176 161 37.48
176 162 102.32
176 163 44.05
176 164 51.97
176 165 44.72
176 166 40.82
176 167 119.05
176 168 64.47
176 169 34.01
176 170 23.41
176 171 51.88
176 172 121.51
176 173 49.04
176 174 35.23
176 175 115.6
176 177 102.12
176 178 121.28
176 179 92.14
176 180 15.0
176 181 51.42
176 182 64.03
176 183 48.38
176 184 104.36
176 185 122.09
176 186 86.4
176 187 90.25
176 188 97.13
176 189 16.55
176 190 69.86
176 191 111.66
176 192 74.0
176 193 118.87
176 194 100.08
176 195 143.69
176 196 85.38
176 197 117.43
176 198 34.18
176 199 92.85
176 200 98.72
176 201 61.61
177 0 85.91
177 1 86.09
177 2 47.3
177 3 55.08
177 4 57.72
177 5 124.34
177 6 180.48
177 7 144.81
177 8 124.17
177 9 94.37
177 10 134.01
177 11 135.79
177 12 65.19
177 13 159.36
177 14 100.24
177 15 122.04
177 16 107.84
177 17 112.36
177 18 93.38
177 19 93.3
177 20 83.29
177 21 164.5
177 22 118.43
177 23 86.31
177 24 153.5
177 25 78.16
177 26 137.06
177 27 172.63
177 28 25.63
177 29 105.48
177 30 82.15
177 31 130.65
177 32 160.11
177 33 36.8
177 34 61.29
177 35 17.12
177 36 41.23
177 37 91.2
177 38 134.42
177 39 76.03
177 40 174.16
177 41 84.65
177 42 115.45
177 43 101.92
177 44 155.86
177 45 119.54
177 46 107.12
177 47 85.0
177 48 141.9
177 49 76.66
177 50 142.68
177 51 83.0
177 52 54.92
177 53 91.79
177 54 44.05
177 55 108.71
177 56 79.61
177 57 123.44
177 58 119.4
177 59 90.02
177 60 117.44
177 61 102.08
177 62 48.6
177 63 50.92
177 64 122.98
177 65 89.2
177 66 120.22
177 67 99.7
177 68 158.0
177 69 114.34
177 70 85.23
177 71 139.54
177 72 77.16
177 73 98.95
177 74 54.2
177 75 112.61
177 76 16.16
177 77 96.66
177 78 108.76
177 79 115.69
177 80 86.56
177 81 68.47
177 82 54.23
177 83 88.01
177 84 141.09
177 85 100.72
177 86 105.68
177 87 70.6
177 88 106.53
177 89 109.2
177 90 133.9
177 91 114.42
177 92 99.36
177 93 125.02
177 94 24.84
177 95 144.31
177 96 104.0
177 97 18.44
177 98 100.04
177 99 96.26
177 100 44.1
177 101 141.42
177 102 119.63
177 103 102.59
177 104 43.68
177 105 116.07
177 106 35.9
177 107 134.35
177 108 14.0
177 109 66.07
177 110 58.01
177 111 70.18
177 112 134.4
177 113 72.42
177 114 156.2
177 115 96.61
177 116 81.86
177 117 50.16
177 118 96.57
177 119 119.0
177 120 79.08
177 121 102.83
177 122 134.71
177 123 126.48
177 124 127.86
177 125 106.23
177 126 111.83
177 127 159.15
177 128 142.84
177 129 97.98
177 130 134.03
177 131 62.43
177 132 129.03
177 133 113.53
177 134 17.0
177 135 67.9
177 136 154.55
177 137 54.04
177 138 127.48
177 139 101.4
177 140 97.42
177 141 140.19
177 142 121.82
177 143 113.46
177 144 67.27
177 145 126.82
177 146 163.13
177 147 112.61
177 148 87.32
177 149 22.67
177 150 121.33
177 151 117.07
177 152 102.79
177 153 88.29
177 154 100.65
177 155 102.0
177 156 138.0
177 157 131.55
177 158 53.76
177 159 169.71
177 160 115.74
177 161 132.67
177 162 43.57
177 163 83.65
177 164 90.97
177 165 59.44
177 166 129.34
177 167 145.89
177 168 99.36
177 169 95.08
177 170 80.06
177 171 93.19
177 172 82.39
177 173 127.12
177 174 105.85
177 175 75.66
177 176 102.12
177 178 143.54
177 179 48.85
177 180 91.08
177 181 105.48
177 182 41.48
177 183 100.85
177 184 124.81
177 185 134.61
177 186 117.59
177 187 161.7
177 188 5.0
177 189 95.52
177 190 39.96
177 191 127.26
177 192 43.19
177 193 173.24
177 194 143.63
177 195 124.62
177 196 120.28
177 197 152.8
177 198 134.18
177 199 73.35
177 200 128.23
177 201 85.91
178 0 68.47
178 1 86.33
178 2 115.45
178 3 110.02
178 4 110.48
178 5 78.77
178 6 59.01
178 7 53.91
178 8 68.48
178 9 61.4
178 10 135.06
178 11 117.48
178 12 118.34
178 13 48.1
178 14 118.88
178 15 71.01
178 16 92.35
178 17 98.08
178 18 59.3
178 19 57.2
178 20 130.31
178 21 67.54
178 22 63.16
178 23 61.85
178 24 71.4
178 25 101.0
178 26 91.61
178 27 52.24
178 28 118.43
178 29 66.48
178 30 128.25
178 31 36.06
178 32 49.04
178 33 107.78
178 34 96.1
178 35 128.14
178 36 105.7
178 37 75.15
178 38 39.2
178 39 68.01
178 40 55.33
178 41 60.75
178 42 31.62
178 43 52.35
178 44 23.02
178 45 61.33
178 46 132.19
178 47 58.82
178 48 5.1
178 49 72.92
178 50 95.27
178 51 84.12
178 52 88.68
178 53 78.23
178 54 128.55
178 55 54.92
178 56 64.4
178 57 78.29
178 58 87.24
178 59 82.86
178 60 31.02
178 61 41.62
178 62 95.29
178 63 109.14
178 64 111.4
178 65 58.8
178 66 109.25
178 67 53.08
178 68 60.42
178 69 35.01
178 70 91.14
178 71 10.05
178 72 70.01
178 73 101.41
178 74 95.19
178 75 34.37
178 76 141.85
178 77 48.8
178 78 67.45
178 79 101.39
178 80 67.48
178 81 85.91
178 82 104.79
178 83 122.8
178 84 102.2
178 85 114.0
178 86 73.25
178 87 104.17
178 88 58.82
178 89 88.54
178 90 90.7
178 91 112.01
178 92 44.41
178 93 135.0
178 94 119.08
178 95 39.2
178 96 52.04
178 97 130.8
178 98 122.78
178 99 68.18
178 100 129.52
178 101 6.08
178 102 29.0
178 103 60.17
178 104 115.52
178 105 126.19
178 106 121.43
178 107 35.0
178 108 136.85
178 109 120.27
178 110 123.04
178 111 79.81
178 112 16.16
178 113 101.12
178 114 51.43
178 115 48.1
178 116 62.63
178 117 106.83
178 118 56.6
178 119 25.46
178 120 72.47
178 121 138.85
178 122 25.24
178 123 123.48
178 124 62.43
178 125 41.4
178 126 104.06
178 127 27.0
178 128 34.83
178 129 57.31
178 130 139.56
178 131 81.41
178 132 42.05
178 133 94.34
178 134 129.25
178 135 134.18
178 136 75.6
178 137 99.72
178 138 43.42
178 139 68.62
178 140 70.01
178 141 108.47
178 142 111.89
178 143 35.85
178 144 81.61
178 145 23.35
178 146 32.02
178 147 56.29
178 148 80.02
178 149 122.12
178 150 82.73
178 151 60.17
178 152 49.74
178 153 103.7
178 154 81.79
178 155 76.92
178 156 55.23
178 157 96.57
178 158 91.79
178 159 45.04
178 160 54.74
178 161 107.19
178 162 104.35
178 163 84.0
178 164 73.03
178 165 111.16
178 166 96.38
178 167 6.08
178 168 59.03
178 169 88.12
178 170 126.14
178 171 72.11
178 172 77.7
178 173 82.49
178 174 86.4
178 175 80.0
178 176 121.28
178 177 143.54
178 179 95.44
178 180 110.17
178 181 69.86
178 182 138.25
178 183 73.16
178 184 19.65
178 185 13.34
178 186 35.23
178 187 69.84
178 188 141.03
178 189 134.65
178 190 109.56
178 191 16.4
178 192 102.96
178 193 49.01
178 194 30.0
178 195 54.0
178 196 35.9
178 197 18.03
178 198 143.18
178 199 70.8
178 200 22.56
178 201 68.47
179 0 48.05
179 1 47.01
179 2 43.42
179 3 45.34
179 4 48.27
179 5 93.43
179 6 137.57
179 7 105.19
179 8 89.82
179 9 47.04
179 10 122.78
179 11 117.28
179 12 60.96
179 13 117.14
179 14 89.47
179 15 78.64
179 16 83.6
179 17 90.09
179 18 52.55
179 19 44.91
179 20 82.46
179 21 125.92
179 22 82.46
179 23 43.86
179 24 117.34
179 25 60.54
179 26 109.07
179 27 129.53
179 28 23.26
179 29 60.67
179 30 80.43
179 31 82.23
179 32 117.99
179 33 18.97
179 34 38.48
179 35 32.76
179 36 23.02
179 37 47.8
179 38 91.92
179 39 27.46
179 40 131.47
179 41 39.96
179 42 66.64
179 43 53.76
179 44 109.6
179 45 82.97
179 46 101.21
179 47 36.62
179 48 93.49
179 49 29.02
179 50 115.07
179 51 42.49
179 52 11.05
179 53 61.0
179 54 53.24
179 55 69.29
179 56 31.06
179 57 92.44
179 58 92.01
179 59 49.66
179 60 71.59
179 61 53.82
179 62 11.66
179 63 40.31
179 64 104.56
179 65 40.52
179 66 101.41
179 67 57.7
179 68 118.6
179 69 69.03
179 70 61.39
179 71 90.92
179 72 28.64
179 73 79.81
179 74 26.83
179 75 66.6
179 76 51.16
179 77 47.85
179 78 74.15
179 79 94.37
179 80 48.27
179 81 25.5
179 82 39.2
179 83 81.84
179 84 116.07
179 85 87.46
179 86 73.33
179 87 55.47
179 88 60.01
179 89 83.22
179 90 106.04
179 91 97.8
179 92 51.04
179 93 115.95
179 94 26.17
179 95 101.55
179 96 62.65
179 97 35.47
179 98 91.24
179 99 60.83
179 100 54.12
179 101 92.96
179 102 73.66
179 103 56.01
179 104 40.22
179 105 105.31
179 106 40.31
179 107 90.97
179 108 45.28
179 109 63.03
179 110 58.8
179 111 34.01
179 112 87.69
179 113 55.04
179 114 115.0
179 115 50.33
179 116 33.12
179 117 23.54
179 118 48.51
179 119 70.49
179 120 32.02
179 121 101.26
179 122 89.5
179 123 112.27
179 124 91.48
179 125 57.38
179 126 92.2
179 127 113.17
179 128 99.3
179 129 50.25
179 130 124.62
179 131 18.03
179 132 81.05
179 133 89.56
179 134 37.22
179 135 73.76
179 136 119.37
179 137 19.24
179 138 85.88
179 139 56.89
179 140 52.95
179 141 117.52
179 142 103.81
179 143 64.62
179 144 31.0
179 145 80.66
179 146 117.52
179 147 66.0
179 148 57.04
179 149 30.07
179 150 92.09
179 151 80.08
179 152 54.34
179 153 71.51
179 154 72.03
179 155 60.08
179 156 99.16
179 157 106.08
179 158 18.97
179 159 125.6
179 160 69.01
179 161 110.89
179 162 12.17
179 163 55.33
179 164 57.22
179 165 50.45
179 166 104.12
179 167 98.23
179 168 60.08
179 169 69.58
179 170 77.62
179 171 59.3
179 172 38.6
179 173 97.25
179 174 79.16
179 175 31.32
179 176 92.14
179 177 48.85
179 178 95.44
179 180 77.47
179 181 71.7
179 182 59.81
179 183 68.26
179 184 77.34
179 185 85.96
179 186 73.01
179 187 124.06
179 188 47.13
179 189 93.81
179 190 28.3
179 191 79.06
179 192 20.62
179 193 129.4
179 194 99.2
179 195 78.01
179 196 76.28
179 197 106.1
179 198 126.21
179 199 24.7
179 200 82.07
179 201 48.05
180 0 47.51
180 1 118.41
180 2 44.1
180 3 37.01
180 4 34.0
180 5 45.65
180 6 116.25
180 7 78.11
180 8 51.87
180 9 104.14
180 10 45.61
180 11 44.72
180 12 26.57
180 13 96.46
180 14 12.21
180 15 138.68
180 16 24.19
180 17 24.76
180 18 54.63
180 19 97.31
180 20 22.14
180 21 91.79
180 22 51.79
180 23 57.98
180 24 77.7
180 25 17.0
180 26 51.66
180 27 110.05
180 28 81.61
180 29 121.17
180 30 20.62
180 31 122.58
180 32 96.77
180 33 66.29
180 34 39.0
180 35 88.05
180 36 59.23
180 37 113.95
180 38 78.41
180 39 77.79
180 40 110.14
180 41 63.82
180 42 100.22
180 43 104.4
180 44 108.23
180 45 53.76
180 46 25.5
180 47 78.87
180 48 111.99
180 49 92.2
180 50 56.22
180 51 113.41
180 52 68.0
180 53 32.57
180 54 48.7
180 55 55.33
180 56 78.52
180 57 45.18
180 58 36.62
180 59 119.33
180 60 79.83
180 61 85.0
180 62 65.92
180 63 42.11
180 64 32.02
180 65 92.2
180 66 29.41
180 67 59.14
180 68 88.14
180 69 75.93
180 70 21.1
180 71 113.03
180 72 87.78
180 73 11.66
180 74 50.7
180 75 77.88
180 76 77.62
180 77 89.31
180 78 44.05
180 79 26.63
180 80 48.37
180 81 98.18
180 82 40.61
180 83 13.15
180 84 52.48
180 85 10.2
180 86 38.05
180 87 22.56
180 88 116.04
180 89 27.73
180 90 48.8
180 91 23.35
180 92 84.22
180 93 38.48
180 94 74.17
180 95 86.31
180 96 58.69
180 97 94.09
180 98 14.87
180 99 42.45
180 100 49.04
180 101 112.18
180 102 81.58
180 103 112.93
180 104 48.04
180 105 27.86
180 106 55.33
180 107 81.15
180 108 77.28
180 109 26.4
180 110 34.54
180 111 48.92
180 112 94.53
180 113 22.47
180 114 91.08
180 115 72.01
180 116 81.39
180 117 100.66
180 118 101.67
180 119 97.14
180 120 95.67
180 121 29.55
180 122 88.02
180 123 36.12
180 124 58.52
180 125 97.25
180 126 21.95
180 127 109.55
180 128 87.69
180 129 104.48
180 130 47.17
180 131 65.46
180 132 125.24
180 133 27.66
180 134 75.24
180 135 33.97
180 136 76.84
180 137 96.66
180 138 71.18
180 139 118.87
180 140 115.97
180 141 50.16
180 142 30.81
180 143 102.42
180 144 50.61
180 145 86.83
180 146 111.16
180 147 120.21
180 148 32.2
180 149 73.01
180 150 40.82
180 151 53.34
180 152 102.65
180 153 7.21
180 154 29.02
180 155 125.87
180 156 71.17
180 157 44.2
180 158 58.6
180 159 110.86
180 160 122.07
180 161 42.54
180 162 87.92
180 163 29.68
180 164 38.63
180 165 32.02
180 166 42.01
180 167 108.46
180 168 51.92
180 169 22.09
180 170 19.72
180 171 38.9
180 172 106.53
180 173 46.04
180 174 27.2
180 175 100.6
180 176 15.0
180 177 91.08
180 178 110.17
180 179 77.47
180 181 41.0
180 182 55.9
180 183 37.12
180 184 92.42
180 185 109.9
180 186 74.97
180 187 87.46
180 188 86.15
180 189 24.52
180 190 56.44
180 191 99.46
180 192 59.91
180 193 112.93
180 194 91.35
180 195 129.54
180 196 74.43
180 197 108.02
180 198 48.75
180 199 77.9
180 200 87.69
180 201 47.51
181 0 24.0
181 1 98.98
181 2 62.23
181 3 54.49
181 4 53.26
181 5 22.02
181 6 79.61
181 7 41.4
181 8 18.79
181 9 78.29
181 10 68.88
181 11 55.0
181 12 55.9
181 13 58.67
181 14 49.03
181 15 109.81
181 16 23.32
181 17 30.0
181 18 23.77
181 19 70.71
181 20 62.39
181 21 59.55
181 22 13.45
181 23 32.02
181 24 48.02
181 25 36.25
181 26 38.47
181 27 72.56
181 28 86.73
181 29 94.34
181 30 60.53
181 31 87.2
181 32 59.17
181 33 70.77
181 34 44.41
181 35 95.85
181 36 64.85
181 37 91.39
181 38 37.85
181 39 57.49
181 40 73.25
181 41 38.6
181 42 65.3
181 43 75.45
181 44 67.36
181 45 15.0
181 46 62.36
181 47 53.85
181 48 72.12
181 49 72.53
181 50 44.41
181 51 94.25
181 52 60.67
181 53 14.14
181 54 73.25
181 55 15.23
181 56 56.32
181 57 21.02
181 58 23.71
181 59 98.43
181 60 40.72
181 61 52.5
181 62 63.06
181 63 56.64
181 64 45.28
181 65 66.64
181 66 42.52
181 67 24.21
181 68 53.76
181 69 37.12
181 70 25.5
181 71 73.74
181 72 67.45
181 73 31.58
181 74 51.89
181 75 39.96
181 76 96.67
181 77 59.91
181 78 3.61
181 79 34.06
181 80 24.02
181 81 83.02
181 82 52.5
181 83 54.04
181 84 47.13
181 85 44.15
181 86 3.61
181 87 42.19
181 88 87.66
181 89 20.0
181 90 35.69
181 91 43.57
181 92 52.8
181 93 66.89
181 94 82.29
181 95 46.49
181 96 21.26
181 97 101.02
181 98 52.95
181 99 11.0
181 100 74.03
181 101 72.42
181 102 42.15
181 103 85.44
181 104 64.44
181 105 57.25
181 106 72.35
181 107 40.31
181 108 93.81
181 109 57.27
181 110 62.77
181 111 38.08
181 112 53.94
181 113 39.12
181 114 54.08
181 115 40.22
181 116 58.19
181 117 94.13
181 118 74.43
181 119 60.46
181 120 75.29
181 121 69.05
181 122 47.04
181 123 56.85
181 124 22.67
181 125 65.19
181 126 35.51
181 127 68.88
181 128 47.3
181 129 77.18
181 130 72.8
181 131 54.15
181 132 90.91
181 133 26.91
181 134 88.51
181 135 69.89
181 136 49.19
181 137 88.01
181 138 30.41
181 139 93.15
181 140 91.24
181 141 50.57
181 142 45.34
181 143 68.62
181 144 41.23
181 145 46.57
181 146 70.83
181 147 90.43
181 148 18.44
181 149 83.24
181 150 21.84
181 151 13.42
181 152 73.01
181 153 35.23
181 154 12.04
181 155 101.53
181 156 34.21
181 157 37.7
181 158 55.36
181 159 72.09
181 160 91.55
181 161 45.79
181 162 83.86
181 163 22.63
181 164 14.87
181 165 52.8
181 166 36.25
181 167 67.74
181 168 16.64
181 169 19.1
181 170 58.86
181 171 12.65
181 172 86.33
181 173 26.17
181 174 17.0
181 175 82.46
181 176 51.42
181 177 105.48
181 178 69.86
181 179 71.7
181 180 41.0
181 182 82.8
181 183 5.0
181 184 53.31
181 185 71.18
181 186 35.11
181 187 56.4
181 188 101.24
181 189 65.19
181 190 65.51
181 191 60.84
181 192 63.56
181 193 74.69
181 194 50.64
181 195 97.59
181 196 33.96
181 197 67.03
181 198 76.03
181 199 59.03
181 200 47.3
181 201 24.0
182 0 70.94
182 1 106.51
182 2 22.8
182 3 29.07
182 4 29.68
182 5 97.0
182 6 162.29
182 7 124.2
182 8 99.82
182 9 104.74
182 10 94.89
182 11 99.62
182 12 29.68
182 13 141.17
182 14 62.64
182 15 138.05
182 16 77.2
182 17 79.92
182 18 80.06
182 19 100.72
182 20 43.19
182 21 141.6
182 22 96.21
182 23 76.4
182 24 128.69
182 25 48.1
182 26 106.51
182 27 155.04
182 28 46.75
182 29 119.82
182 30 42.43
182 31 136.01
182 32 141.74
182 33 40.85
182 34 42.38
182 35 47.2
182 36 37.85
182 37 107.52
182 38 118.21
182 39 79.23
182 40 155.9
182 41 78.09
182 42 116.28
182 43 109.66
182 44 144.7
182 45 97.8
182 46 67.27
182 47 86.0
182 48 138.08
182 49 87.32
182 50 111.52
182 51 102.16
182 52 57.87
182 53 68.82
182 54 9.85
182 55 91.3
182 56 82.1
182 57 96.26
182 58 89.81
182 59 109.38
182 60 108.16
182 61 100.5
182 62 51.2
182 63 29.12
182 64 87.46
182 65 95.52
182 66 85.09
182 67 86.73
182 68 136.36
182 69 104.36
182 70 58.05
182 71 137.12
182 72 85.33
182 73 66.04
182 74 44.1
182 75 104.12
182 76 25.5
182 77 99.0
182 78 86.4
182 79 82.37
182 80 71.87
182 81 85.23
182 82 33.53
182 83 49.48
182 84 108.3
182 85 64.26
182 86 81.69
182 87 41.04
182 88 118.07
182 89 79.65
182 90 103.47
182 91 78.55
182 92 98.33
182 93 85.48
182 94 38.42
182 95 127.77
182 96 89.55
182 97 52.7
182 98 61.61
182 99 76.66
182 100 8.94
182 101 137.87
182 102 110.37
182 103 114.14
182 104 23.09
182 105 77.47
182 106 19.65
182 107 119.42
182 108 28.23
182 109 29.53
182 110 21.63
182 111 58.46
182 112 125.54
182 113 43.93
182 114 136.82
182 115 90.61
182 116 85.15
182 117 75.21
182 118 104.94
182 119 117.1
182 120 90.71
182 121 62.03
182 122 122.77
182 123 88.77
182 124 105.12
182 125 109.0
182 126 77.83
182 127 147.23
182 128 127.53
182 129 107.2
182 130 94.34
182 131 62.13
182 132 136.24
182 133 82.1
182 134 31.4
182 135 27.0
182 136 128.76
182 137 75.29
182 138 110.64
182 139 116.21
182 140 112.36
182 141 106.02
182 142 86.16
182 143 116.04
182 144 56.89
182 145 117.32
182 146 150.27
182 147 123.79
182 148 64.9
182 149 34.71
182 150 92.96
182 151 96.02
182 152 109.37
182 153 55.47
182 154 74.28
182 155 119.87
182 156 117.0
182 157 99.64
182 158 50.09
182 159 153.83
182 160 126.59
182 161 98.41
182 162 63.29
182 163 60.46
182 164 70.83
182 165 30.0
182 166 97.42
182 167 138.88
182 168 83.19
182 169 67.18
182 170 40.79
182 171 72.72
182 172 98.35
182 173 98.72
182 174 77.23
182 175 91.08
182 176 64.03
182 177 41.48
182 178 138.25
182 179 59.81
182 180 55.9
182 181 82.8
182 183 77.8
182 184 118.6
182 185 132.67
182 186 106.04
182 187 137.93
182 188 36.69
182 189 55.01
182 190 32.56
182 191 123.36
182 192 40.79
182 193 156.77
182 194 129.69
182 195 135.48
182 196 107.54
182 197 142.8
182 198 94.09
182 199 77.41
182 200 118.6
182 201 70.94
183 0 21.38
183 1 97.5
183 2 57.28
183 3 49.52
183 4 48.27
183 5 25.18
183 6 84.6
183 7 46.4
183 8 23.32
183 9 77.7
183 10 67.9
183 11 55.23
183 12 50.99
183 13 63.63
183 14 45.88
183 15 109.99
183 16 21.93
183 17 29.0
183 18 23.02
183 19 70.18
183 20 58.14
183 21 64.44
183 22 18.44
183 23 30.46
183 24 52.7
183 25 31.38
183 26 41.05
183 27 77.52
183 28 82.54
183 29 94.05
183 30 56.22
183 31 88.75
183 32 64.14
183 33 66.48
183 34 39.66
183 35 91.55
183 36 60.42
183 37 90.34
183 38 42.45
183 39 55.66
183 40 78.23
183 41 37.16
183 42 66.61
183 43 75.43
183 44 71.7
183 45 20.0
183 46 59.46
183 47 52.77
183 48 75.19
183 49 70.84
183 50 47.04
183 51 92.7
183 52 57.22
183 53 9.22
183 54 68.25
183 55 18.25
183 56 54.78
183 57 24.19
183 58 25.0
183 59 97.17
183 60 43.32
183 61 53.04
183 62 59.23
183 63 51.74
183 64 44.69
183 65 65.86
183 66 41.77
183 67 24.84
183 68 58.73
183 69 39.56
183 70 20.62
183 71 76.54
183 72 65.79
183 73 28.46
183 74 47.54
183 75 42.05
183 76 91.83
183 77 59.82
183 78 8.6
183 79 33.3
183 80 21.59
183 81 80.81
183 82 47.63
183 83 50.01
183 84 49.03
183 85 41.11
183 86 5.1
183 87 37.22
183 88 87.62
183 89 19.21
183 90 38.12
183 91 42.01
183 92 53.08
183 93 65.22
183 94 77.88
183 95 51.26
183 96 22.83
183 97 96.8
183 98 49.73
183 99 8.94
183 100 69.03
183 101 75.43
183 102 44.92
183 103 85.21
183 104 59.55
183 105 55.23
183 106 67.48
183 107 44.72
183 108 89.05
183 109 52.39
183 110 57.8
183 111 34.37
183 112 57.43
183 113 34.13
183 114 59.08
183 115 40.36
183 116 56.86
183 117 91.01
183 118 74.06
183 119 62.27
183 120 73.74
183 121 65.73
183 122 51.01
183 123 55.87
183 124 27.59
183 125 65.76
183 126 34.06
183 127 73.35
183 128 51.92
183 129 76.84
183 130 71.59
183 131 51.0
183 132 92.2
183 133 26.4
183 134 83.86
183 135 65.15
183 136 53.71
183 137 85.05
183 138 34.93
183 139 92.65
183 140 90.55
183 141 51.87
183 142 44.6
183 143 69.66
183 144 37.48
183 145 49.82
183 146 75.43
183 147 90.69
183 148 13.6
183 149 78.71
183 150 24.08
183 151 18.36
183 152 73.11
183 153 31.02
183 154 8.94
183 155 100.85
183 156 39.2
183 157 39.29
183 158 51.42
183 159 76.97
183 160 91.97
183 161 46.52
183 162 80.4
183 163 17.69
183 164 11.05
183 165 47.8
183 166 37.64
183 167 71.34
183 168 17.03
183 169 15.03
183 170 54.45
183 171 9.0
183 172 84.86
183 173 29.02
183 174 15.56
183 175 80.65
183 176 48.38
183 177 100.85
183 178 73.16
183 179 68.26
183 180 37.12
183 181 5.0
183 182 77.8
183 184 55.97
183 185 73.74
183 186 38.08
183 187 61.22
183 188 96.57
183 189 61.52
183 190 60.9
183 191 63.32
183 192 59.24
183 193 79.61
183 194 55.11
183 195 98.35
183 196 37.34
183 197 71.18
183 198 74.65
183 199 57.01
183 200 50.64
183 201 21.38
184 0 49.09
184 1 75.19
184 2 95.8
184 3 90.43
184 4 90.93
184 5 65.95
184 6 66.48
184 7 48.7
184 8 55.9
184 9 49.48
184 10 120.95
184 11 104.64
184 12 99.08
184 13 50.04
184 14 101.83
184 15 68.41
184 16 76.49
184 17 82.76
184 18 40.01
184 19 43.66
184 20 111.88
184 21 66.75
184 22 49.2
184 23 42.2
184 24 66.48
184 25 82.22
184 26 80.66
184 27 58.69
184 28 100.0
184 29 59.01
184 30 109.77
184 31 37.44
184 32 51.04
184 33 88.68
184 34 76.49
184 35 109.81
184 36 86.33
184 37 64.33
184 38 31.38
184 39 50.21
184 40 61.39
184 41 41.23
184 42 21.02
184 43 41.44
184 44 33.29
184 45 47.63
184 46 115.43
184 47 41.01
184 48 20.0
184 49 57.45
184 50 85.15
184 51 72.12
184 52 69.89
184 53 60.02
184 54 108.91
184 55 38.08
184 56 46.67
184 57 65.3
184 58 73.24
184 59 72.37
184 60 12.65
184 61 24.21
184 62 76.32
184 63 89.5
184 64 97.1
184 65 43.83
184 66 94.67
184 67 34.06
184 68 58.86
184 69 16.49
184 70 72.69
184 71 20.62
184 72 53.82
184 73 84.43
184 74 75.61
184 75 15.0
184 76 122.54
184 77 33.12
184 78 51.43
184 79 86.45
184 80 48.09
184 81 70.83
184 82 85.15
184 83 104.74
184 84 91.24
184 85 97.08
184 86 56.86
184 87 85.01
184 88 51.01
184 89 72.9
184 90 79.2
184 91 96.6
184 92 27.02
184 93 119.88
184 94 100.17
184 95 36.35
184 96 33.73
184 97 112.81
184 98 105.65
184 99 50.01
184 100 109.88
184 101 20.02
184 102 11.18
184 103 51.09
184 104 95.88
184 105 110.49
184 106 101.84
184 107 27.51
184 108 117.65
184 109 101.04
184 110 103.59
184 111 60.17
184 112 11.7
184 113 82.0
184 114 51.16
184 115 28.64
184 116 45.34
184 117 90.8
184 118 44.38
184 119 13.04
184 120 57.71
184 121 121.56
184 122 19.1
184 123 109.08
184 124 50.99
184 125 28.64
184 126 88.55
184 127 37.22
184 128 32.14
184 129 45.89
184 130 125.2
184 131 62.43
184 132 42.54
184 133 79.26
184 134 110.15
184 135 115.02
184 136 70.38
184 137 83.6
184 138 32.2
184 139 60.07
184 140 60.41
184 141 96.9
184 142 97.42
184 143 26.02
184 144 61.98
184 145 9.85
184 146 42.06
184 147 50.49
184 148 61.4
184 149 103.08
184 150 69.2
184 151 45.8
184 152 38.47
184 153 85.7
184 154 64.85
184 155 69.03
184 156 47.41
184 157 84.29
184 158 72.45
184 159 52.81
184 160 50.01
184 161 94.49
184 162 86.98
184 163 65.19
184 164 54.45
184 165 91.66
184 166 83.74
184 167 21.1
184 168 40.61
184 169 70.6
184 170 107.56
184 171 53.76
184 172 64.85
184 173 70.09
184 174 70.26
184 175 65.74
184 176 104.36
184 177 124.81
184 178 19.65
184 179 77.34
184 180 92.42
184 181 53.31
184 182 118.6
184 183 55.97
184 185 17.89
184 186 18.36
184 187 67.68
184 188 122.11
184 189 116.93
184 190 90.08
184 191 7.81
184 192 83.63
184 193 56.92
184 194 29.02
184 195 52.55
184 196 20.62
184 197 29.21
184 198 128.63
184 199 53.04
184 200 10.44
184 201 49.09
185 0 65.19
185 1 73.36
185 2 110.03
185 3 105.3
185 4 106.12
185 5 83.41
185 6 72.03
185 7 62.77
185 8 73.25
185 9 48.83
185 10 138.76
185 11 122.2
185 12 115.07
185 13 59.67
185 14 119.54
185 15 58.03
185 16 94.37
185 17 100.65
185 18 56.44
185 19 45.28
185 20 128.89
185 21 78.43
185 22 66.85
185 23 57.04
185 24 80.62
185 25 98.99
185 26 97.62
185 27 65.03
185 28 109.18
185 29 53.16
185 30 126.75
185 31 23.54
185 32 60.64
185 33 99.72
185 34 91.27
185 35 118.7
185 36 98.37
185 37 62.18
185 38 46.4
185 39 58.59
185 40 68.07
185 41 54.59
185 42 19.85
185 43 39.66
185 44 36.06
185 45 65.22
185 46 133.2
185 47 49.66
185 48 8.94
185 49 61.62
185 50 101.83
185 51 71.34
185 52 80.23
185 53 77.37
185 54 123.18
185 55 55.95
185 56 55.01
185 57 82.8
185 58 90.97
185 59 69.78
185 60 30.46
185 61 32.89
185 62 87.09
185 63 103.82
185 64 114.91
185 65 47.51
185 66 112.51
185 67 50.99
185 68 70.94
185 69 34.18
185 70 89.82
185 71 5.0
185 72 59.2
185 73 102.18
185 74 88.84
185 75 32.02
185 76 134.13
185 77 38.28
185 78 69.32
185 79 104.32
185 80 64.2
185 81 74.25
185 82 99.61
185 83 122.02
185 84 108.25
185 85 114.83
185 86 74.73
185 87 101.24
185 88 45.54
185 89 90.79
185 90 96.33
185 91 114.49
185 92 35.47
185 93 137.77
185 94 110.57
185 95 48.75
185 96 51.24
185 97 120.95
185 98 123.33
185 99 67.45
185 100 124.17
185 101 8.06
185 102 29.07
185 103 47.01
185 104 109.66
185 105 128.38
185 106 114.98
185 107 42.2
185 108 128.88
185 109 117.11
185 110 119.04
185 111 74.43
185 112 22.47
185 113 98.33
185 114 62.3
185 115 42.19
185 116 52.84
185 117 95.52
185 118 44.2
185 119 15.81
185 120 60.81
185 121 139.18
185 122 32.45
185 123 126.91
185 124 67.94
185 125 29.73
185 126 106.44
185 127 40.11
185 128 44.28
185 129 44.65
185 130 143.03
185 131 73.39
185 132 29.43
185 133 97.13
185 134 121.08
185 135 131.14
185 136 84.72
185 137 88.53
185 138 48.8
185 139 55.36
185 140 56.86
185 141 114.11
185 142 115.25
185 143 23.43
185 144 75.8
185 145 26.25
185 146 45.18
185 147 42.95
185 148 78.45
185 149 113.85
185 150 86.84
185 151 63.51
185 152 37.2
185 153 103.08
185 154 82.64
185 155 63.6
185 156 62.8
185 157 101.67
185 158 84.48
185 159 58.01
185 160 41.44
185 161 112.0
185 162 94.05
185 163 82.04
185 164 71.59
185 165 107.04
185 166 101.21
185 167 19.1
185 168 57.97
185 169 88.23
185 170 124.46
185 171 71.06
185 172 65.22
185 173 87.46
185 174 88.14
185 175 68.01
185 176 122.09
185 177 134.61
185 178 13.34
185 179 85.96
185 180 109.9
185 181 71.18
185 182 132.67
185 183 73.74
185 184 17.89
185 186 36.24
185 187 80.23
185 188 132.42
185 189 134.37
185 190 102.62
185 191 10.44
185 192 95.51
185 193 62.03
185 194 39.92
185 195 41.11
185 196 38.28
185 197 31.06
185 198 146.49
185 199 61.29
185 200 26.17
185 201 65.19
186 0 35.11
186 1 82.02
186 2 83.38
186 3 77.16
186 4 77.2
186 5 48.08
186 6 64.66
186 7 37.0
186 8 38.29
186 9 57.14
186 10 102.63
186 11 86.56
186 12 84.01
186 13 44.78
186 14 83.93
186 15 82.35
186 16 58.18
186 17 64.41
186 18 26.0
186 19 50.01
186 20 95.13
186 21 57.31
186 22 31.14
186 23 31.4
186 24 53.6
186 25 66.07
186 26 63.41
186 27 56.6
186 28 94.11
186 29 70.09
186 30 93.09
186 31 54.49
186 32 45.69
186 33 80.81
186 34 63.69
186 35 104.0
186 36 77.2
186 37 72.06
186 38 20.4
186 39 48.33
186 40 58.67
186 41 33.3
186 42 34.48
186 43 50.99
186 44 38.95
186 45 29.7
186 46 97.42
186 47 40.16
186 48 37.11
186 49 59.67
186 50 68.24
186 51 78.16
186 52 63.78
186 53 43.05
186 54 96.21
186 55 19.92
186 56 45.31
186 57 47.38
186 58 55.0
186 59 80.02
186 60 6.4
186 61 28.02
186 62 69.3
186 63 77.08
186 64 78.77
186 65 48.17
186 66 76.32
186 67 19.31
186 68 49.37
186 69 5.0
186 70 56.01
186 71 38.63
186 72 55.08
186 73 66.48
186 74 65.19
186 75 9.06
186 76 113.16
186 77 38.0
186 78 33.11
186 79 68.1
186 80 34.18
186 81 72.8
186 82 72.62
186 83 87.57
186 84 73.88
186 85 79.12
186 86 38.63
186 87 69.72
186 88 62.36
186 89 54.56
186 90 61.72
186 91 78.26
186 92 30.02
186 93 101.53
186 94 92.76
186 95 29.15
186 96 17.12
186 97 107.81
186 98 87.8
186 99 33.02
186 100 97.14
186 101 37.36
186 102 7.21
186 103 61.39
186 104 84.1
186 105 92.2
186 106 90.82
186 107 18.38
186 108 108.81
186 109 85.84
186 110 89.27
186 111 48.88
186 112 20.1
186 113 66.61
186 114 43.68
186 115 23.26
186 116 45.22
186 117 90.38
186 118 52.24
186 119 27.8
186 120 61.0
186 121 103.81
186 122 17.2
186 123 90.74
186 124 34.13
186 125 38.33
186 126 70.21
186 127 41.88
186 128 26.42
186 129 54.45
186 130 106.85
186 131 55.97
186 132 59.03
186 133 60.9
186 134 101.83
186 135 99.61
186 136 57.07
186 137 83.26
186 138 17.26
186 139 70.21
186 140 69.58
186 141 79.25
186 142 79.08
186 143 38.91
186 144 51.31
186 145 12.0
186 146 45.61
186 147 63.32
186 148 45.04
186 149 95.13
186 150 51.09
186 151 27.66
186 152 48.05
186 153 68.47
186 154 46.84
186 155 79.25
186 156 33.54
186 157 66.47
186 158 63.89
186 159 52.63
186 160 63.56
186 161 76.49
186 162 84.06
186 163 49.16
186 164 38.05
186 165 77.62
186 166 65.8
186 167 34.06
186 168 24.08
186 169 52.95
186 170 91.02
186 171 37.0
186 172 70.26
186 173 52.35
186 174 52.0
186 175 69.23
186 176 86.4
186 177 117.59
186 178 35.23
186 179 73.01
186 180 74.97
186 181 35.11
186 182 106.04
186 183 38.08
186 184 18.36
186 185 36.24
186 187 57.01
186 188 114.34
186 189 99.46
186 190 80.16
186 191 26.08
186 192 74.81
186 193 56.4
186 194 26.25
186 195 67.74
186 196 4.0
186 197 36.77
186 198 110.28
186 199 50.99
186 200 13.04
186 201 35.11
187 0 76.92
187 1 139.03
187 2 118.34
187 3 110.45
187 4 108.93
187 5 41.88
187 6 33.06
187 7 20.02
187 8 38.21
187 9 114.04
187 10 87.01
187 11 67.01
187 12 109.34
187 13 23.35
187 14 89.16
187 15 136.06
187 16 63.29
187 17 63.98
187 18 71.51
187 19 107.0
187 20 109.18
187 21 5.0
187 22 43.27
187 23 80.32
187 24 9.85
187 25 89.94
187 26 40.61
187 27 30.36
187 28 141.78
187 29 126.02
187 30 107.91
187 31 103.46
187 32 22.67
187 33 126.27
187 34 100.8
187 35 151.24
187 36 120.74
187 37 129.02
187 38 37.12
187 39 103.16
187 40 28.64
187 41 85.16
187 42 88.46
187 43 107.38
187 44 50.33
187 45 42.19
187 46 98.08
187 47 96.03
187 48 74.71
187 49 115.97
187 50 40.01
187 51 135.13
187 52 113.46
187 53 70.43
187 54 128.69
187 55 54.78
187 56 100.62
187 57 42.44
187 58 51.0
187 59 137.0
187 60 62.07
187 61 85.0
187 62 117.2
187 63 112.93
187 64 68.45
187 65 105.12
187 66 68.15
187 67 66.76
187 68 9.43
187 69 62.01
187 70 79.91
187 71 79.16
187 72 111.16
187 73 75.8
187 74 107.7
187 75 66.0
187 76 153.05
187 77 95.01
187 78 53.01
187 79 64.26
187 80 76.49
187 81 128.72
187 82 108.85
187 83 99.76
187 84 48.0
187 85 84.58
187 86 56.73
187 87 96.9
187 88 118.09
187 89 59.91
187 90 42.2
187 91 74.33
187 92 87.02
187 93 91.55
187 94 138.06
187 95 31.62
187 96 61.68
187 97 156.08
187 98 92.85
187 99 65.51
187 100 129.4
187 101 75.59
187 102 61.2
187 103 117.61
187 104 120.74
187 105 87.1
187 106 128.69
187 107 40.45
187 108 150.21
187 109 110.26
187 110 116.93
187 111 92.59
187 112 58.19
187 113 94.05
187 114 18.6
187 115 78.77
187 116 101.12
187 117 144.37
187 118 109.07
187 119 80.6
187 120 117.61
187 121 107.21
187 122 48.76
187 123 78.52
187 124 33.84
187 125 94.43
187 126 69.08
187 127 48.08
187 128 36.06
187 129 111.16
187 130 92.01
187 131 106.04
187 132 109.11
187 133 60.37
187 134 144.78
187 135 120.93
187 136 12.04
187 137 137.53
187 138 40.2
187 139 126.57
187 140 126.25
187 141 55.01
187 142 69.63
187 143 93.38
187 144 95.71
187 145 58.05
187 146 45.45
187 147 118.07
187 148 74.81
187 149 139.28
187 150 46.65
187 151 44.78
187 152 104.39
187 153 84.63
187 154 63.66
187 155 135.62
187 156 25.0
187 157 49.03
187 158 110.02
187 159 35.78
187 160 117.69
187 161 58.31
187 162 136.01
187 163 78.87
187 164 70.72
187 165 108.19
187 166 50.45
187 167 64.14
187 168 64.08
187 169 70.84
187 170 107.19
187 171 68.51
187 172 127.19
187 173 41.59
187 174 61.4
187 175 125.78
187 176 90.25
187 177 161.7
187 178 69.84
187 179 124.06
187 180 87.46
187 181 56.4
187 182 137.93
187 183 61.22
187 184 67.68
187 185 80.23
187 186 57.01
187 188 157.55
187 189 106.78
187 190 121.76
187 191 74.04
187 192 119.2
187 193 35.11
187 194 40.31
187 195 119.92
187 196 53.01
187 197 54.2
187 198 96.01
187 199 105.54
187 200 57.27
187 201 76.92
188 0 82.13
188 1 86.47
188 2 42.45
188 3 50.29
188 4 52.89
188 5 119.85
188 6 176.83
188 7 140.87
188 8 119.89
188 9 93.38
188 10 129.02
188 11 130.86
188 12 60.21
188 13 155.67
188 14 95.26
188 15 122.02
188 16 103.12
188 17 107.56
188 18 89.81
188 19 91.92
188 20 78.31
188 21 160.42
188 22 114.28
188 23 82.98
188 24 149.25
188 25 73.38
188 26 132.4
188 27 169.01
188 28 24.33
188 29 105.12
188 30 77.16
188 31 129.28
188 32 156.4
188 33 33.6
188 34 56.94
188 35 17.26
188 36 37.48
188 37 91.01
188 38 130.82
188 39 73.93
188 40 170.48
188 41 81.61
188 42 113.46
188 43 100.66
188 44 152.8
188 45 115.43
188 46 102.12
188 47 82.76
188 48 139.54
188 49 75.5
188 50 137.99
188 51 83.15
188 52 52.35
188 53 87.46
188 54 39.05
188 55 104.89
188 56 77.47
188 57 118.96
188 58 114.77
188 59 90.27
188 60 114.4
188 61 99.73
188 62 45.79
188 63 46.24
188 64 118.07
188 65 87.64
188 66 115.32
188 67 96.21
188 68 154.01
188 69 111.21
188 70 80.62
188 71 137.32
188 72 75.69
188 73 94.11
188 74 50.33
188 75 109.62
188 76 11.66
188 77 94.7
188 78 104.56
188 79 110.86
188 80 82.81
188 81 68.07
188 82 49.66
188 83 83.01
188 84 136.31
188 85 95.75
188 86 101.36
188 87 65.8
188 88 105.8
188 89 104.55
188 90 129.24
188 91 109.49
188 92 97.05
188 93 120.02
188 94 21.95
188 95 140.72
188 96 100.41
188 97 20.12
188 98 95.05
188 99 92.2
188 100 39.12
188 101 139.09
188 102 116.61
188 103 101.83
188 104 38.9
188 105 111.07
188 106 31.05
188 107 130.86
188 108 9.0
188 109 61.07
188 110 53.01
188 111 66.48
188 112 131.49
188 113 67.68
188 114 152.4
188 115 93.74
188 116 79.85
188 117 50.8
188 118 95.34
188 119 116.73
188 120 78.09
188 121 97.87
188 122 131.5
188 123 121.5
188 124 123.71
188 125 104.4
188 126 106.96
188 127 156.03
188 128 139.34
188 129 96.88
188 130 129.03
188 131 59.68
188 132 127.88
188 133 108.78
188 134 12.81
188 135 62.97
188 136 150.23
188 137 54.08
188 138 123.79
188 139 101.08
188 140 97.08
188 141 135.34
188 142 116.9
188 143 111.66
188 144 63.64
188 145 123.81
188 146 159.93
188 147 111.88
188 148 83.01
188 149 19.21
188 150 116.78
188 151 113.0
188 152 101.39
188 153 83.43
188 154 96.15
188 155 102.12
188 156 134.01
188 157 126.81
188 158 50.45
188 159 166.24
188 160 114.98
188 161 127.82
188 162 43.05
188 163 79.26
188 164 86.84
188 165 54.57
188 166 124.6
188 167 143.21
188 168 95.59
188 169 90.47
188 170 75.06
188 171 89.05
188 172 82.05
188 173 122.58
188 174 101.24
188 175 75.17
188 176 97.13
188 177 5.0
188 178 141.03
188 179 47.13
188 180 86.15
188 181 101.24
188 182 36.69
188 183 96.57
188 184 122.11
188 185 132.42
188 186 114.34
188 187 157.55
188 189 90.55
188 190 35.81
188 191 124.82
188 192 39.62
188 193 169.73
188 194 140.26
188 195 123.91
188 196 116.93
188 197 149.84
188 198 129.19
188 199 71.31
188 200 125.21
188 201 82.13
189 0 71.18
189 1 137.9
189 2 53.31
189 3 48.88
189 4 45.79
189 5 66.22
189 6 137.36
189 7 100.02
189 8 73.98
189 9 126.02
189 10 40.8
189 11 50.45
189 12 33.54
189 13 118.46
189 14 17.72
189 15 160.9
189 16 45.54
189 17 43.01
189 18 78.77
189 19 119.54
189 20 12.37
189 21 111.43
189 22 75.11
189 23 81.39
189 24 96.93
189 25 37.74
189 26 67.6
189 27 131.7
189 28 92.48
189 29 143.0
189 30 13.93
189 31 146.54
189 32 118.66
189 33 79.18
189 34 56.59
189 35 96.84
189 36 72.56
189 37 134.62
189 38 102.04
189 39 99.02
189 40 131.47
189 41 86.83
189 42 124.23
189 43 127.09
189 44 132.02
189 45 77.1
189 46 13.0
189 47 101.24
189 48 136.5
189 49 112.61
189 50 70.72
189 51 132.94
189 52 85.8
189 53 57.01
189 54 51.62
189 55 79.76
189 56 100.21
189 57 65.97
189 58 56.32
189 59 139.32
189 60 104.35
189 61 108.75
189 62 82.2
189 63 54.2
189 64 41.23
189 65 114.28
189 66 40.22
189 67 83.52
189 68 108.81
189 69 100.44
189 70 44.94
189 71 137.54
189 72 108.58
189 73 34.01
189 74 67.48
189 75 102.36
189 76 80.1
189 77 112.38
189 78 68.07
189 79 42.54
189 80 72.09
189 81 116.85
189 82 54.64
189 83 13.04
189 84 64.82
189 85 22.56
189 86 62.07
189 87 39.62
189 88 138.4
189 89 49.5
189 90 65.3
189 91 33.29
189 92 107.79
189 93 31.05
189 94 84.15
189 95 109.46
189 96 83.2
189 97 102.88
189 98 13.93
189 99 66.94
189 100 51.48
189 101 136.69
189 102 106.1
189 103 135.09
189 104 57.38
189 105 25.24
189 106 62.64
189 107 105.0
189 108 81.61
189 109 31.78
189 110 38.6
189 111 70.0
189 112 118.95
189 113 41.23
189 114 112.81
189 115 95.85
189 116 103.23
189 117 115.76
189 118 123.98
189 119 121.43
189 120 116.18
189 121 7.62
189 122 112.22
189 123 37.44
189 124 80.89
189 125 120.75
189 126 37.7
189 127 133.14
189 128 111.16
189 129 126.75
189 130 39.62
189 131 84.86
189 132 148.98
189 133 46.84
189 134 82.0
189 135 28.02
189 136 95.34
189 137 112.89
189 138 95.0
189 139 140.42
189 140 137.28
189 141 60.14
189 142 39.82
189 143 126.21
189 144 71.06
189 145 111.31
189 146 134.45
189 147 142.89
189 148 56.3
189 149 81.91
189 150 61.13
189 151 77.01
189 152 125.54
189 153 31.32
189 154 53.15
189 155 146.86
189 156 93.38
189 157 59.17
189 158 75.93
189 159 133.18
189 160 144.92
189 161 53.26
189 162 102.73
189 163 53.31
189 164 62.94
189 165 43.57
189 166 57.31
189 167 132.85
189 168 76.4
189 169 46.53
189 170 16.55
189 171 63.32
189 172 126.62
189 173 65.46
189 174 50.09
189 175 120.21
189 176 16.55
189 177 95.52
189 178 134.65
189 179 93.81
189 180 24.52
189 181 65.19
189 182 55.01
189 183 61.52
189 184 116.93
189 185 134.37
189 186 99.46
189 187 106.78
189 188 90.55
189 190 68.43
189 191 123.94
189 192 74.09
189 193 134.94
189 194 115.04
189 195 152.69
189 196 98.86
189 197 132.03
189 198 39.12
189 199 98.72
189 200 112.15
189 201 71.18
190 0 46.69
190 1 75.29
190 2 15.62
190 3 19.92
190 4 23.09
190 5 84.69
190 6 141.43
190 7 105.12
190 8 84.22
190 9 72.18
190 10 101.79
190 11 100.0
190 12 34.89
190 13 120.21
190 14 67.47
190 15 105.65
190 16 69.43
190 17 74.67
190 18 54.82
190 19 68.26
190 20 56.44
190 21 124.62
190 22 78.49
190 23 48.88
190 24 113.53
190 25 41.01
190 26 98.08
190 27 133.69
190 28 25.18
190 29 87.36
190 30 54.59
190 31 104.08
190 32 120.92
190 33 10.82
190 34 21.54
190 35 32.25
190 36 5.39
190 37 75.39
190 38 95.59
190 39 47.0
190 40 135.06
190 41 48.85
190 42 85.16
190 43 77.23
190 44 119.04
190 45 79.63
190 46 77.49
190 47 54.33
190 48 108.78
190 49 54.82
190 50 103.85
190 51 70.71
190 52 25.32
190 53 51.88
190 54 25.08
190 55 69.31
190 56 50.04
190 57 83.77
190 58 80.36
190 59 77.83
190 60 81.01
190 61 69.86
190 62 18.68
190 63 14.56
190 64 87.01
190 65 63.13
190 66 84.02
190 67 61.4
190 68 118.23
190 69 77.52
190 70 46.32
190 71 107.28
190 72 52.77
190 73 62.07
190 74 15.0
190 75 76.48
190 76 33.02
190 77 67.27
190 78 68.8
190 79 78.41
190 80 47.42
190 81 53.71
190 82 16.0
190 83 57.58
190 84 102.96
190 85 66.61
190 86 65.76
190 87 34.06
190 88 85.51
190 89 70.34
190 90 94.92
190 91 79.06
190 92 67.47
190 93 93.86
190 94 18.11
190 95 105.48
190 96 65.3
190 97 38.12
190 98 68.41
190 99 56.4
190 100 26.0
190 101 108.47
190 102 83.24
190 103 81.58
190 104 12.04
190 105 83.74
190 106 13.04
190 107 95.9
190 108 29.0
190 109 36.72
190 110 31.24
190 111 31.4
190 112 98.41
190 113 35.01
190 114 116.78
190 115 61.47
190 116 53.01
190 117 47.8
190 118 72.44
190 119 86.83
190 120 58.24
190 121 76.03
190 122 97.35
190 123 92.54
190 124 87.92
190 125 77.32
190 126 75.11
190 127 122.04
190 128 104.35
190 129 74.67
190 130 102.84
190 131 30.07
190 132 104.02
190 133 75.31
190 134 23.02
190 135 45.97
190 136 114.61
190 137 45.97
190 138 88.41
190 139 83.82
190 140 80.01
190 141 102.83
190 142 86.0
190 143 84.48
190 144 28.84
190 145 90.43
190 146 125.67
190 147 91.24
190 148 47.41
190 149 18.03
190 150 81.93
190 151 77.2
190 152 77.06
190 153 52.01
190 154 61.1
190 155 87.85
190 156 98.23
190 157 93.17
190 158 18.25
190 159 131.24
190 160 94.05
190 161 95.52
190 162 34.83
190 163 43.86
190 164 51.04
190 165 25.3
190 166 91.01
190 167 110.98
190 168 60.11
190 169 56.04
190 170 51.88
190 171 53.25
190 172 66.31
190 173 87.66
190 174 66.76
190 175 59.09
190 176 69.86
190 177 39.96
190 178 109.56
190 179 28.3
190 180 56.44
190 181 65.51
190 182 32.56
190 183 60.9
190 184 90.08
190 185 102.62
190 186 80.16
190 187 121.76
190 188 35.81
190 189 68.43
190 191 93.92
190 192 8.25
190 193 134.62
190 194 105.6
190 195 102.96
190 196 82.42
190 197 116.47
190 198 103.85
190 199 45.04
190 200 91.79
190 201 46.69
191 0 55.04
191 1 72.11
191 2 100.62
191 3 95.63
191 4 96.33
191 5 73.76
191 6 70.04
191 7 55.54
191 8 63.7
191 9 46.62
191 10 128.7
191 11 112.45
191 12 105.0
191 13 55.15
191 14 109.11
191 15 62.17
191 16 84.08
191 17 90.43
191 18 46.17
191 19 41.68
191 20 118.53
191 21 72.78
191 22 57.01
191 23 47.27
191 24 73.41
191 25 88.68
191 26 88.41
191 27 62.51
191 28 102.08
191 29 54.23
191 30 116.4
191 31 30.02
191 32 56.14
191 33 91.71
191 34 81.61
191 35 111.77
191 36 89.89
191 37 61.03
191 38 38.47
191 39 51.61
191 40 65.38
191 41 45.35
191 42 16.76
191 43 37.95
191 44 35.11
191 45 55.44
191 46 122.78
191 47 42.44
191 48 14.87
191 49 56.85
191 50 92.85
191 51 69.46
191 52 72.47
191 53 66.94
191 54 113.77
191 55 45.62
191 56 48.01
191 57 73.11
191 58 81.02
191 59 68.96
191 60 20.12
191 61 25.24
191 62 79.16
191 63 94.37
191 64 104.85
191 65 42.8
191 66 102.4
191 67 40.61
191 68 65.0
191 69 23.77
191 70 79.43
191 71 14.0
191 72 53.76
191 73 91.76
191 74 79.81
191 75 21.59
191 76 125.92
191 77 32.56
191 78 59.06
191 79 94.15
191 80 54.04
191 81 70.0
191 82 90.09
191 83 111.61
191 84 99.01
191 85 104.4
191 86 64.4
191 87 91.09
191 88 46.27
191 89 80.53
191 90 86.98
191 91 104.24
191 92 28.02
191 93 127.53
191 94 102.88
191 95 42.45
191 96 40.8
191 97 114.4
191 98 112.89
191 99 57.01
191 100 114.76
191 101 14.56
191 102 18.87
191 103 46.87
191 104 100.44
191 105 118.07
191 106 106.04
191 107 34.44
191 108 120.83
191 109 107.02
191 110 109.17
191 111 64.94
191 112 16.12
191 113 88.14
191 114 56.89
191 115 32.76
191 116 46.23
191 117 90.69
191 118 41.63
191 119 9.43
191 120 56.61
191 121 128.74
191 122 25.3
191 123 116.81
191 124 58.73
191 125 25.94
191 126 96.18
191 127 39.22
191 128 38.08
191 129 42.72
191 130 132.92
191 131 65.31
191 132 35.34
191 133 86.95
191 134 113.16
191 135 121.04
191 136 77.39
191 137 83.55
191 138 39.82
191 139 55.73
191 140 56.52
191 141 104.69
191 142 105.15
191 143 21.59
191 144 66.49
191 145 17.2
191 146 44.27
191 147 45.01
191 148 68.07
191 149 105.99
191 150 77.01
191 151 53.6
191 152 35.11
191 153 92.65
191 154 72.24
191 155 64.5
191 156 54.71
191 157 92.1
191 158 75.96
191 159 56.09
191 160 44.18
191 161 102.3
191 162 87.97
191 163 71.7
191 164 61.19
191 165 97.19
191 166 91.55
191 167 20.0
191 168 47.54
191 169 77.79
191 170 114.13
191 171 60.64
191 172 62.61
191 173 77.9
191 174 77.82
191 175 64.35
191 176 111.66
191 177 127.26
191 178 16.4
191 179 79.06
191 180 99.46
191 181 60.84
191 182 123.36
191 183 63.32
191 184 7.81
191 185 10.44
191 186 26.08
191 187 74.04
191 188 124.82
191 189 123.94
191 190 93.92
191 192 87.09
191 193 60.21
191 194 34.37
191 195 45.88
191 196 28.43
191 197 30.46
191 198 136.34
191 199 54.41
191 200 17.49
191 201 55.04
192 0 42.8
192 1 67.42
192 2 22.8
192 3 25.24
192 4 28.3
192 5 83.82
192 6 137.3
192 7 101.83
192 8 82.35
192 9 63.95
192 10 105.51
192 11 102.24
192 12 40.8
192 13 116.18
192 14 71.47
192 15 97.42
192 16 70.26
192 17 76.03
192 18 50.21
192 19 60.13
192 20 62.43
192 21 121.79
192 22 76.06
192 23 43.42
192 24 111.36
192 25 43.57
192 26 98.06
192 27 129.45
192 28 23.54
192 29 79.12
192 30 60.46
192 31 96.19
192 32 116.93
192 33 7.28
192 34 22.0
192 35 32.31
192 36 3.0
192 37 67.23
192 38 91.24
192 39 39.05
192 40 130.97
192 41 42.54
192 42 77.67
192 43 69.12
192 44 113.46
192 45 77.03
192 46 82.35
192 47 46.69
192 48 101.95
192 49 46.57
192 50 103.94
192 51 62.77
192 52 17.12
192 53 50.6
192 54 33.24
192 55 65.6
192 56 42.19
192 57 82.86
192 58 80.41
192 59 69.84
192 60 75.17
192 61 62.64
192 62 10.44
192 63 20.0
192 64 89.27
192 65 55.04
192 66 86.21
192 67 56.59
192 68 115.11
192 69 71.85
192 70 47.1
192 71 100.24
192 72 44.55
192 73 64.2
192 74 11.7
192 75 70.49
192 76 38.91
192 77 59.54
192 78 66.64
192 79 80.0
192 80 43.42
192 81 45.79
192 82 19.7
192 83 62.61
192 84 103.7
192 85 70.09
192 86 64.26
192 87 37.36
192 88 77.28
192 89 70.71
192 90 94.92
192 91 81.74
192 92 60.17
192 93 98.03
192 94 18.87
192 95 101.14
192 96 60.83
192 97 37.64
192 98 72.8
192 99 53.71
192 100 34.18
192 101 101.59
192 102 77.39
192 103 73.35
192 104 19.72
192 105 87.64
192 106 21.21
192 107 91.24
192 108 34.13
192 109 42.8
192 110 38.21
192 111 27.02
192 112 92.44
192 113 37.66
192 114 113.07
192 115 55.01
192 116 45.1
192 117 41.68
192 118 64.28
192 119 79.7
192 120 50.0
192 121 81.63
192 122 92.01
192 123 95.71
192 124 85.48
192 125 69.58
192 126 77.1
192 127 116.61
192 128 99.72
192 129 66.48
192 130 106.9
192 131 22.36
192 132 96.0
192 133 76.24
192 134 27.02
192 135 53.15
192 136 112.73
192 137 39.05
192 138 84.29
192 139 75.58
192 140 71.78
192 141 104.12
192 142 88.36
192 143 76.79
192 144 24.08
192 145 84.6
192 146 120.42
192 147 83.02
192 148 46.17
192 149 20.52
192 150 81.49
192 151 74.43
192 152 69.01
192 153 54.74
192 154 60.64
192 155 79.71
192 156 95.13
192 157 93.77
192 158 11.18
192 159 126.62
192 160 85.84
192 161 97.02
192 162 28.65
192 163 43.17
192 164 48.75
192 165 30.53
192 166 91.66
192 167 104.66
192 168 56.22
192 169 56.44
192 170 57.69
192 171 50.99
192 172 58.18
192 173 87.09
192 174 66.91
192 175 50.99
192 176 74.0
192 177 43.19
192 178 102.96
192 179 20.62
192 180 59.91
192 181 63.56
192 182 40.79
192 183 59.24
192 184 83.63
192 185 95.51
192 186 74.81
192 187 119.2
192 188 39.62
192 189 74.09
192 190 8.25
192 191 87.09
192 193 130.12
192 194 100.66
192 195 94.76
192 196 77.34
192 197 110.68
192 198 108.17
192 199 37.0
192 200 85.98
192 201 42.8
193 0 87.97
193 1 132.0
193 2 135.09
193 3 127.86
193 4 127.09
193 5 68.88
193 6 10.0
193 7 34.93
193 8 61.13
193 9 106.32
193 10 120.5
193 11 100.6
193 12 130.59
193 13 16.49
193 14 117.28
193 15 120.0
193 16 89.5
193 17 92.23
193 18 79.93
193 19 100.57
193 20 135.06
193 21 30.46
193 22 61.85
193 23 87.05
193 24 42.76
193 25 110.92
193 26 73.17
193 27 5.0
193 28 150.33
193 29 114.27
193 30 133.45
193 31 85.05
193 32 16.28
193 33 136.49
193 34 115.8
193 35 160.21
193 36 132.28
193 37 121.04
193 38 39.05
193 39 104.1
193 40 7.81
193 41 89.64
193 42 76.9
193 43 97.98
193 44 26.0
193 45 60.01
193 46 128.0
193 47 95.38
193 48 54.04
193 49 113.64
193 50 73.82
193 51 129.03
193 52 120.1
193 53 88.19
193 54 147.03
193 55 65.8
193 56 100.85
193 57 69.05
193 58 78.92
193 59 129.03
193 60 58.31
193 61 80.11
193 62 125.4
193 63 129.03
193 64 100.02
193 65 100.46
193 66 99.13
193 67 73.54
193 68 28.28
193 69 60.46
193 70 100.18
193 71 59.03
193 72 109.57
193 73 101.65
193 74 119.67
193 75 63.29
193 76 167.48
193 77 89.69
193 78 71.11
193 79 93.65
193 80 87.21
193 81 127.05
193 82 124.62
193 83 125.96
193 84 81.88
193 85 112.38
193 86 76.56
193 87 116.76
193 88 106.37
193 89 85.62
193 90 74.03
193 91 104.48
193 92 82.76
193 93 124.02
193 94 148.52
193 95 29.21
193 96 69.35
193 97 164.15
193 98 121.2
193 99 80.16
193 100 147.87
193 101 55.04
193 102 56.44
193 103 107.08
193 104 136.61
193 105 118.21
193 106 144.01
193 107 38.9
193 108 163.6
193 109 131.95
193 110 137.35
193 111 103.32
193 112 45.22
193 113 113.65
193 114 22.2
193 115 79.32
193 116 100.24
193 117 145.99
193 118 101.24
193 119 69.12
193 120 114.24
193 121 136.62
193 122 40.31
193 123 111.04
193 124 54.41
193 125 85.44
193 126 98.01
193 127 22.02
193 128 30.41
193 129 102.62
193 130 125.48
193 131 112.29
193 132 91.05
193 133 88.28
193 134 157.04
193 135 144.31
193 136 46.32
193 137 138.8
193 138 46.4
193 139 115.92
193 140 116.71
193 141 88.96
193 142 101.04
193 143 81.79
193 144 106.1
193 145 50.09
193 146 17.12
193 147 104.58
193 148 91.92
193 149 150.62
193 150 73.98
193 151 61.27
193 152 95.08
193 153 108.5
193 154 85.23
193 155 124.62
193 156 41.76
193 157 81.02
193 158 119.52
193 159 4.12
193 160 103.31
193 161 91.2
193 162 140.35
193 163 96.38
193 164 85.98
193 165 126.91
193 166 82.0
193 167 43.0
193 168 74.65
193 169 92.85
193 170 132.19
193 171 84.06
193 172 121.76
193 173 70.35
193 174 85.73
193 175 122.38
193 176 118.87
193 177 173.24
193 178 49.01
193 179 129.4
193 180 112.93
193 181 74.69
193 182 156.77
193 183 79.61
193 184 56.92
193 185 62.03
193 186 56.4
193 187 35.11
193 188 169.73
193 189 134.94
193 190 134.62
193 191 60.21
193 192 130.12
193 194 30.23
193 195 103.0
193 196 53.26
193 197 31.0
193 198 129.47
193 199 106.85
193 200 48.75
193 201 87.97
194 0 59.36
194 1 103.75
194 2 107.42
194 3 100.62
194 4 100.22
194 5 52.89
194 6 38.91
194 7 24.04
194 8 42.95
194 9 78.09
194 10 109.11
194 11 90.47
194 12 105.3
194 13 21.02
194 14 98.02
194 15 96.51
194 16 70.11
194 17 74.67
194 18 50.8
194 19 71.81
194 20 113.0
194 21 38.6
194 22 40.01
194 23 57.31
194 24 41.4
194 25 86.13
194 26 63.53
194 27 30.87
194 28 120.34
194 29 88.0
194 30 111.16
194 31 63.25
194 32 22.02
194 33 106.83
194 34 87.82
194 35 130.23
194 36 102.94
194 37 93.06
194 38 13.0
194 39 73.93
194 40 33.24
194 41 59.55
194 42 50.0
194 43 70.35
194 44 17.03
194 45 38.01
194 46 110.37
194 47 65.3
194 48 34.67
194 49 83.93
194 50 66.57
194 51 100.44
194 52 90.03
194 53 62.64
194 54 119.85
194 55 38.63
194 56 70.71
194 57 52.63
194 58 62.37
194 59 101.12
194 60 28.18
194 61 50.6
194 62 95.48
194 63 101.21
194 64 86.13
194 65 71.17
194 66 84.4
194 67 44.2
194 68 31.02
194 69 30.23
194 70 75.43
194 71 38.95
194 72 79.71
194 73 81.02
194 74 90.6
194 75 33.12
194 76 138.6
194 77 60.44
194 78 47.38
194 79 77.28
194 80 58.52
194 81 97.31
194 82 96.75
194 83 104.48
194 84 73.93
194 85 93.02
194 86 53.34
194 87 91.08
194 88 80.0
194 89 66.12
194 90 63.07
194 91 88.28
194 92 53.14
194 93 110.35
194 94 118.83
194 95 9.22
194 96 40.5
194 97 134.06
194 98 102.02
194 99 53.49
194 100 120.75
194 101 35.51
194 102 26.4
194 103 80.1
194 104 108.56
194 105 102.59
194 106 115.66
194 107 10.44
194 108 134.47
194 109 106.9
194 110 111.43
194 111 74.2
194 112 18.25
194 113 87.92
194 114 22.56
194 115 49.09
194 116 70.21
194 117 115.88
194 118 72.99
194 119 42.0
194 120 84.76
194 121 118.07
194 122 10.44
194 123 98.08
194 124 36.14
194 125 57.43
194 126 80.75
194 127 18.25
194 128 5.0
194 129 74.67
194 130 113.84
194 131 82.22
194 132 68.96
194 133 70.71
194 134 127.66
194 135 120.07
194 136 45.61
194 137 108.71
194 138 20.22
194 139 89.09
194 140 89.36
194 141 80.53
194 142 86.83
194 143 55.0
194 144 76.84
194 145 20.62
194 146 20.62
194 147 79.23
194 148 65.79
194 149 121.08
194 150 57.49
194 151 38.05
194 152 67.36
194 153 85.84
194 154 62.39
194 155 98.05
194 156 26.42
194 157 69.46
194 158 89.87
194 159 26.4
194 160 78.52
194 161 80.23
194 162 110.11
194 163 70.23
194 164 59.24
194 165 100.32
194 166 69.64
194 167 24.76
194 168 46.53
194 169 69.72
194 170 109.49
194 171 57.58
194 172 92.89
194 173 55.97
194 174 65.0
194 175 92.97
194 176 100.08
194 177 143.63
194 178 30.0
194 179 99.2
194 180 91.35
194 181 50.64
194 182 129.69
194 183 55.11
194 184 29.02
194 185 39.92
194 186 26.25
194 187 40.31
194 188 140.26
194 189 115.04
194 190 105.6
194 191 34.37
194 192 100.66
194 193 30.23
194 195 80.05
194 196 23.35
194 197 18.03
194 198 117.64
194 199 76.66
194 200 19.42
194 201 59.36
195 0 82.1
195 1 44.1
195 2 114.98
195 3 112.93
195 4 114.79
195 5 115.0
195 6 113.0
195 7 101.24
195 8 105.68
195 9 31.02
195 10 166.24
195 11 152.31
195 12 126.29
195 13 100.45
195 14 140.91
195 15 17.03
195 16 120.28
195 17 127.31
195 18 76.06
195 19 34.93
195 20 144.46
195 21 118.6
195 22 98.01
195 23 71.56
195 24 119.04
195 25 115.0
195 26 130.92
195 27 106.12
195 28 99.61
195 29 20.59
195 30 142.23
195 31 18.11
195 32 101.43
195 33 96.13
195 34 99.96
195 35 107.52
195 36 97.74
195 37 34.93
195 38 83.93
195 39 56.75
195 40 109.17
195 41 65.86
195 42 33.29
195 43 26.25
195 44 77.01
195 45 96.83
195 46 154.77
195 47 52.0
195 48 49.01
195 49 49.0
195 50 135.91
195 51 44.72
195 52 77.65
195 53 98.41
195 54 127.28
195 55 83.74
195 56 54.41
195 57 114.2
195 58 120.51
195 59 39.66
195 60 61.4
195 61 45.34
195 62 84.48
195 63 109.64
195 64 142.84
195 65 40.26
195 66 140.01
195 67 73.55
195 68 110.86
195 69 63.51
195 70 108.45
195 71 44.01
195 72 50.25
195 73 124.81
195 74 92.89
195 75 59.64
195 76 129.1
195 77 40.31
195 78 97.0
195 79 131.53
195 80 81.27
195 81 56.29
195 82 106.32
195 83 139.67
195 84 141.24
195 85 136.82
195 86 101.12
195 87 114.54
195 88 18.11
195 89 117.39
195 90 129.03
195 91 140.26
195 92 45.61
195 93 163.25
195 94 104.08
195 95 88.32
195 96 76.42
195 97 107.71
195 98 144.22
195 99 90.03
195 100 128.27
195 101 48.01
195 102 61.29
195 103 22.09
195 104 113.16
195 105 152.9
195 106 115.97
195 107 80.06
195 108 123.15
195 109 128.51
195 110 127.78
195 111 83.77
195 112 61.85
195 113 112.26
195 114 102.61
195 115 58.26
195 116 51.24
195 117 76.84
195 118 30.59
195 119 40.25
195 120 46.04
195 121 158.81
195 122 71.17
195 123 154.21
195 124 101.87
195 125 32.65
195 126 132.38
195 127 81.0
195 128 83.93
195 129 28.28
195 130 169.92
195 131 73.76
195 132 12.17
195 133 124.45
195 134 115.11
195 135 142.0
195 136 122.93
195 137 71.31
195 138 84.08
195 139 24.6
195 140 28.23
195 141 146.21
195 142 142.84
195 143 29.21
195 144 83.57
195 145 62.39
195 146 86.01
195 147 12.04
195 148 97.65
195 149 108.04
195 150 117.29
195 151 94.4
195 152 27.31
195 153 122.33
195 154 106.96
195 155 29.0
195 156 99.81
195 157 133.23
195 158 85.7
195 159 99.02
195 160 9.0
195 161 142.64
195 162 81.05
195 163 99.86
195 164 92.01
195 165 116.38
195 166 132.28
195 167 60.01
195 168 81.34
195 169 110.42
195 170 139.56
195 171 92.46
195 172 42.72
195 173 119.4
195 174 113.9
195 175 49.03
195 176 143.69
195 177 124.62
195 178 54.0
195 179 78.01
195 180 129.54
195 181 97.59
195 182 135.48
195 183 98.35
195 184 52.55
195 185 41.11
195 186 67.74
195 187 119.92
195 188 123.91
195 189 152.69
195 190 102.96
195 191 45.88
195 192 94.76
195 193 103.0
195 194 80.05
195 196 71.2
195 197 72.01
195 198 172.9
195 199 58.25
195 200 62.97
195 201 82.1
196 0 36.67
196 1 86.02
196 2 85.0
196 3 78.55
196 4 78.43
196 5 45.34
196 6 61.29
196 7 33.0
196 8 35.36
196 9 61.13
196 10 100.5
196 11 84.02
196 12 84.72
196 13 41.15
196 14 82.98
196 15 86.01
196 16 56.65
196 17 62.65
196 18 27.78
196 19 54.01
196 20 95.01
196 21 53.34
196 22 28.6
196 23 33.97
196 24 49.65
196 25 66.37
196 26 60.31
196 27 53.25
196 28 97.08
196 29 73.98
196 30 93.0
196 31 57.49
196 32 42.05
196 33 83.49
196 34 65.31
196 35 106.96
196 36 79.65
196 37 76.06
196 38 16.49
196 39 52.0
196 40 55.23
196 41 36.4
196 42 38.01
196 43 54.92
196 44 37.16
196 45 27.02
196 46 96.3
196 47 43.97
196 48 38.28
196 49 63.56
196 50 65.0
196 51 82.15
196 52 66.84
196 53 43.05
196 54 97.69
196 55 19.1
196 56 49.04
196 57 44.69
196 58 52.7
196 59 84.02
196 60 9.85
196 61 32.02
196 62 72.18
196 63 78.72
196 64 76.66
196 65 52.15
196 66 74.3
196 67 21.1
196 68 45.4
196 69 9.0
196 70 56.08
196 71 40.25
196 72 58.94
196 73 65.51
196 74 67.42
196 75 13.04
196 76 115.43
196 77 42.0
196 78 31.62
196 79 66.19
196 80 35.78
196 81 76.66
196 82 74.25
196 83 87.21
196 84 70.84
196 85 78.1
196 86 37.36
196 87 70.41
196 88 66.22
196 89 52.92
196 90 58.73
196 91 76.56
196 92 34.01
196 93 99.74
196 94 95.48
196 95 25.5
196 96 18.03
196 97 110.89
196 98 86.88
196 99 33.14
196 100 98.62
196 101 38.63
196 102 10.0
196 103 65.31
196 104 85.88
196 105 90.62
196 106 92.78
196 107 14.76
196 108 111.21
196 109 86.49
196 110 90.25
196 111 51.04
196 112 20.1
196 113 67.27
196 114 39.85
196 115 26.93
196 116 49.04
196 117 94.02
196 118 56.22
196 119 31.06
196 120 64.94
196 121 102.96
196 122 15.23
196 123 88.68
196 124 30.81
196 125 42.2
196 126 68.54
196 127 39.82
196 128 23.02
196 129 58.42
196 130 104.81
196 131 59.03
196 132 62.2
196 133 59.03
196 134 104.35
196 135 100.13
196 136 53.15
196 137 86.93
196 138 13.34
196 139 74.15
196 140 73.55
196 141 76.37
196 142 77.03
196 143 42.54
196 144 53.6
196 145 12.65
196 146 43.27
196 147 67.07
196 148 45.4
196 149 97.74
196 150 48.6
196 151 25.24
196 152 51.97
196 153 68.12
196 154 45.89
196 155 83.19
196 156 29.61
196 157 63.7
196 158 66.53
196 159 49.58
196 160 67.23
196 161 73.88
196 162 87.46
196 163 49.65
196 164 38.47
196 165 78.75
196 166 63.13
196 167 34.06
196 168 24.74
196 169 52.35
196 170 91.02
196 171 37.22
196 172 74.24
196 173 49.52
196 174 50.6
196 175 73.16
196 176 85.38
196 177 120.28
196 178 35.9
196 179 76.28
196 180 74.43
196 181 33.96
196 182 107.54
196 183 37.34
196 184 20.62
196 185 38.28
196 186 4.0
196 187 53.01
196 188 116.93
196 189 98.86
196 190 82.42
196 191 28.43
196 192 77.34
196 193 53.26
196 194 23.35
196 195 71.2
196 197 35.44
196 198 108.3
196 199 54.63
196 200 13.34
196 201 36.67
197 0 71.87
197 1 102.53
197 2 120.15
197 3 113.89
197 4 113.84
197 5 70.88
197 6 41.0
197 7 41.05
197 8 60.88
197 9 77.08
197 10 127.14
197 11 108.46
197 12 120.07
197 13 31.38
197 14 115.28
197 15 89.0
197 16 87.57
197 17 92.4
197 18 62.77
197 19 72.01
197 20 129.31
197 21 51.31
197 22 57.43
197 23 67.6
197 24 57.31
197 25 101.43
197 26 81.39
197 27 34.23
197 28 128.43
197 29 83.74
197 30 127.39
197 31 54.08
197 32 32.25
197 33 116.25
197 34 100.46
197 35 138.29
197 36 113.21
197 37 91.42
197 38 30.59
197 39 79.25
197 40 37.34
197 41 68.24
197 42 47.17
197 43 68.35
197 44 5.0
197 45 55.44
197 46 127.88
197 47 70.09
197 48 23.09
197 49 86.53
197 50 84.22
197 51 99.92
197 52 98.08
197 53 77.93
197 54 132.97
197 55 53.6
197 56 75.74
197 57 70.6
197 58 80.28
197 59 99.3
197 60 35.51
197 61 53.41
197 62 104.2
197 63 113.85
197 64 104.12
197 65 72.72
197 66 102.36
197 67 56.08
197 68 44.82
197 69 38.95
197 70 90.93
197 71 28.07
197 72 83.01
197 73 98.08
197 74 101.6
197 75 40.22
197 76 149.38
197 77 62.13
197 78 64.0
197 79 95.13
197 80 70.94
197 81 99.86
197 82 109.38
197 83 121.07
197 84 91.71
197 85 110.29
197 86 70.0
197 87 105.76
197 88 75.93
197 89 83.6
197 90 81.02
197 91 106.1
197 92 56.22
197 93 128.32
197 94 128.0
197 95 26.42
197 96 53.45
197 97 141.53
197 98 119.27
197 99 68.25
197 100 133.9
197 101 24.08
197 102 33.29
197 103 76.92
197 104 120.83
197 105 120.42
197 106 127.46
197 107 27.17
197 108 144.8
197 109 121.81
197 110 125.69
197 111 85.42
197 112 18.44
197 113 102.61
197 114 35.61
197 115 56.22
197 116 74.52
197 117 120.0
197 118 72.09
197 119 39.81
197 120 86.61
197 121 135.37
197 122 20.4
197 123 116.09
197 124 54.12
197 125 56.36
197 126 98.48
197 127 9.06
197 128 22.85
197 129 73.16
197 130 131.87
197 131 90.43
197 132 60.07
197 133 88.46
197 134 137.57
197 135 135.33
197 136 61.55
197 137 112.8
197 138 37.12
197 139 85.62
197 140 86.68
197 141 98.39
197 142 104.81
197 143 51.87
197 144 87.71
197 145 26.08
197 146 14.14
197 147 73.82
197 148 80.6
197 149 130.67
197 150 75.43
197 151 55.15
197 152 65.55
197 153 102.18
197 154 79.01
197 155 94.15
197 156 44.28
197 157 87.46
197 158 99.57
197 159 27.02
197 160 72.44
197 161 98.23
197 162 116.04
197 163 84.93
197 164 73.76
197 165 114.18
197 166 87.66
197 167 12.0
197 168 60.17
197 169 86.09
197 170 125.57
197 171 72.37
197 172 93.04
197 173 74.0
197 174 82.22
197 175 94.51
197 176 117.43
197 177 152.8
197 178 18.03
197 179 106.1
197 180 108.02
197 181 67.03
197 182 142.8
197 183 71.18
197 184 29.21
197 185 31.06
197 186 36.77
197 187 54.2
197 188 149.84
197 189 132.03
197 190 116.47
197 191 30.46
197 192 110.68
197 193 31.0
197 194 18.03
197 195 72.01
197 196 35.44
197 198 135.67
197 199 82.07
197 200 24.7
197 201 71.87
198 0 92.02
198 1 166.41
198 2 89.82
198 3 83.93
198 4 80.78
198 5 64.85
198 6 129.0
198 7 96.88
198 8 75.03
198 9 150.23
198 10 9.0
198 11 29.0
198 12 70.04
198 13 113.99
198 14 36.77
198 15 183.85
198 16 52.8
198 17 46.04
198 18 96.94
198 19 143.01
198 20 51.0
198 21 101.0
198 22 80.06
198 23 102.59
198 24 87.05
198 25 65.74
198 26 56.32
198 27 125.26
198 28 128.79
198 29 167.09
198 30 52.04
198 31 163.22
198 32 113.86
198 33 114.18
198 34 87.73
198 35 134.16
198 36 107.21
198 37 161.21
198 38 105.34
198 39 125.0
198 40 124.1
198 41 109.04
198 42 141.21
198 43 149.2
198 44 134.2
198 45 81.86
198 46 27.07
198 47 124.74
198 48 146.24
198 49 139.85
198 50 56.0
198 51 161.42
198 52 116.73
198 53 74.97
198 54 90.14
198 55 90.97
198 56 125.25
198 57 65.19
198 58 55.95
198 59 167.05
198 60 116.28
198 61 127.56
198 62 114.63
198 63 89.29
198 64 31.78
198 65 138.19
198 66 34.0
198 67 99.49
198 68 101.24
198 69 112.9
198 70 67.42
198 71 148.53
198 72 135.21
198 73 49.04
198 74 99.4
198 75 115.94
198 76 119.0
198 77 133.65
198 78 77.39
198 79 42.19
198 80 92.7
198 81 146.63
198 82 88.54
198 83 46.69
198 84 48.01
198 85 38.95
198 86 72.42
198 87 70.94
198 88 161.25
198 89 56.04
198 90 55.73
198 91 32.65
198 92 127.4
198 93 10.3
198 94 120.83
198 95 109.9
198 96 97.2
198 97 140.25
198 98 35.44
198 99 82.88
198 100 90.09
198 101 146.69
198 102 117.48
198 103 158.49
198 104 93.94
198 105 21.1
198 106 100.13
198 107 109.2
198 108 120.2
198 109 68.73
198 110 76.42
198 111 96.8
198 112 127.05
198 113 71.18
198 114 107.91
198 115 114.69
198 116 127.91
198 117 149.31
198 118 147.19
198 119 136.48
198 120 143.22
198 121 32.56
198 122 118.31
198 123 19.7
198 124 81.6
198 125 140.26
198 126 40.61
198 127 134.12
198 128 112.93
198 129 150.01
198 130 4.0
198 131 113.88
198 132 166.82
198 133 49.4
198 134 119.94
198 135 67.12
198 136 84.0
198 137 145.41
198 138 99.92
198 139 165.19
198 140 162.61
198 141 41.05
198 142 31.3
198 143 144.31
198 144 98.79
198 145 120.77
198 146 133.96
198 147 164.77
198 148 76.58
198 149 119.05
198 150 60.54
198 151 83.19
198 152 147.09
198 153 55.07
198 154 65.95
198 155 172.73
198 156 91.92
198 157 48.84
198 158 107.35
198 159 128.88
198 160 166.24
198 161 38.33
198 162 136.49
198 163 75.6
198 164 81.32
198 165 78.59
198 166 48.27
198 167 139.85
198 168 91.68
198 169 62.97
198 170 54.15
198 171 80.62
198 172 154.26
198 173 61.68
198 174 59.2
198 175 148.66
198 176 34.18
198 177 134.18
198 178 143.18
198 179 126.21
198 180 48.75
198 181 76.03
198 182 94.09
198 183 74.65
198 184 128.63
198 185 146.49
198 186 110.28
198 187 96.01
198 188 129.19
198 189 39.12
198 190 103.85
198 191 136.34
198 192 108.17
198 193 129.47
198 194 117.64
198 195 172.9
198 196 108.3
198 197 135.67
198 199 125.43
198 200 121.2
198 201 92.02
199 0 35.74
199 1 41.18
199 2 56.75
199 3 55.15
199 4 57.27
199 5 80.89
199 6 115.49
199 7 85.87
199 8 75.06
199 9 28.23
199 10 120.42
199 11 111.09
199 12 69.35
199 13 95.75
199 14 90.03
199 15 63.06
199 16 76.56
199 17 83.67
199 18 36.06
199 19 23.35
199 20 89.05
199 21 106.74
199 22 67.01
199 23 27.17
199 24 99.98
199 25 61.52
199 26 97.49
199 27 107.42
199 28 47.89
199 29 44.78
199 30 86.84
199 31 59.3
199 32 96.66
199 33 39.62
199 34 43.05
199 35 57.45
199 36 40.0
199 37 36.07
199 38 70.94
199 39 2.83
199 40 109.59
199 41 21.0
199 42 42.15
199 43 32.25
199 44 85.8
199 45 67.01
199 46 103.28
199 47 12.04
199 48 68.8
199 49 14.42
199 50 103.41
199 51 36.24
199 52 20.1
199 53 52.39
199 54 69.05
199 55 52.09
199 56 6.4
199 57 79.91
199 58 82.01
199 59 41.62
199 60 48.55
199 61 29.21
199 62 27.17
199 63 51.55
199 64 99.28
199 65 18.11
199 66 96.15
199 67 39.2
199 68 99.04
199 69 46.53
199 70 58.01
199 71 66.24
199 72 9.9
199 73 76.55
199 74 34.79
199 75 43.57
199 76 73.98
199 77 23.41
199 78 60.53
199 79 88.14
199 80 35.44
199 81 24.08
199 82 48.47
199 83 85.8
199 84 105.99
199 85 86.83
199 86 61.61
199 87 59.2
199 88 41.44
199 89 75.03
199 90 94.73
199 91 94.15
199 92 26.4
199 93 115.21
199 94 49.65
199 95 80.11
199 96 44.28
199 97 60.0
199 98 92.7
199 99 48.27
199 100 70.04
199 101 68.26
199 102 50.48
199 103 37.7
199 104 54.92
199 105 104.4
199 106 58.08
199 107 69.35
199 108 68.41
199 109 71.59
199 110 70.01
199 111 29.0
199 112 63.78
199 113 57.49
199 114 94.34
199 115 27.73
199 116 8.54
199 117 39.4
199 118 27.66
199 119 45.79
199 120 17.8
199 121 105.55
199 122 66.57
199 123 108.91
199 124 75.11
199 125 33.24
199 126 87.24
199 127 89.5
199 128 77.37
199 129 30.08
199 130 123.15
199 131 15.52
199 132 59.0
199 133 82.08
199 134 60.44
199 135 84.58
199 136 102.59
199 137 32.31
199 138 65.8
199 139 41.88
199 140 38.6
199 141 108.81
199 142 98.84
199 143 40.52
199 144 27.66
199 145 57.2
199 146 94.02
199 147 46.84
199 148 49.65
199 149 53.16
199 150 80.81
199 151 64.01
199 152 32.02
199 153 70.94
199 154 63.32
199 155 48.17
199 156 80.6
199 157 96.3
199 158 27.46
199 159 102.93
199 160 49.48
199 161 103.12
199 162 33.97
199 163 49.93
199 164 46.82
199 165 59.03
199 166 94.64
199 167 73.76
199 168 44.05
199 169 63.53
199 170 84.05
199 171 48.38
199 172 28.84
199 173 85.16
199 174 70.94
199 175 23.77
199 176 92.85
199 177 73.35
199 178 70.8
199 179 24.7
199 180 77.9
199 181 59.03
199 182 77.41
199 183 57.01
199 184 53.04
199 185 61.29
199 186 50.99
199 187 105.54
199 188 71.31
199 189 98.72
199 190 45.04
199 191 54.41
199 192 37.0
199 193 106.85
199 194 76.66
199 195 58.25
199 196 54.63
199 197 82.07
199 198 125.43
199 200 58.6
199 201 35.74
200 0 47.8
200 1 84.34
200 2 95.86
200 3 89.84
200 4 89.99
200 5 57.43
200 6 57.94
200 7 38.28
200 8 47.2
200 9 58.69
200 10 113.25
200 11 96.26
200 12 97.02
200 13 40.31
200 14 96.32
200 15 78.85
200 16 69.89
200 17 75.77
200 18 38.6
200 19 52.39
200 20 108.07
200 21 56.44
200 22 41.18
200 23 42.94
200 24 56.08
200 25 79.1
200 26 71.45
200 27 49.98
200 28 104.06
200 29 69.12
200 30 106.04
200 31 47.51
200 32 41.3
200 33 91.61
200 34 76.22
200 35 113.95
200 36 88.51
200 37 73.68
200 38 21.02
200 39 55.8
200 40 52.5
200 41 43.6
200 42 31.26
200 43 51.09
200 44 27.66
200 45 39.45
200 46 109.64
200 47 46.87
200 48 25.08
200 49 64.88
200 50 75.69
200 51 81.02
200 52 73.66
200 53 56.01
200 54 108.78
200 55 32.39
200 56 52.43
200 57 56.86
200 58 65.37
200 59 81.74
200 60 10.82
200 61 31.38
200 62 79.65
200 63 89.54
200 64 89.47
200 65 51.87
200 66 87.21
200 67 32.02
200 68 48.51
200 69 14.32
200 70 69.0
200 71 27.46
200 72 60.83
200 73 78.85
200 74 76.94
200 75 15.62
200 76 124.68
200 77 41.11
200 78 44.92
200 79 79.2
200 80 46.84
200 81 78.29
200 82 85.09
200 83 100.4
200 84 82.07
200 85 91.44
200 86 50.7
200 87 82.73
200 88 61.13
200 89 66.13
200 90 70.18
200 91 89.69
200 92 34.01
200 93 112.81
200 94 103.41
200 95 26.08
200 96 30.15
200 97 117.38
200 98 100.22
200 99 46.0
200 100 109.73
200 101 25.5
200 102 8.6
200 103 61.0
200 104 96.38
200 105 103.82
200 106 102.88
200 107 17.09
200 108 120.11
200 109 98.86
200 110 102.18
200 111 60.84
200 112 7.07
200 113 79.63
200 114 41.01
200 115 31.83
200 116 51.62
200 117 97.42
200 118 53.6
200 119 23.35
200 120 65.55
200 121 116.3
200 122 9.06
200 123 101.53
200 124 41.77
200 125 38.12
200 126 81.71
200 127 31.11
200 128 22.0
200 129 55.33
200 130 117.65
200 131 65.95
200 132 52.77
200 133 72.09
200 134 112.89
200 135 112.64
200 136 60.01
200 137 90.21
200 138 22.63
200 139 70.0
200 140 70.11
200 141 87.97
200 142 89.89
200 143 36.22
200 144 63.06
200 145 1.41
200 146 35.47
200 147 60.83
200 148 58.08
200 149 106.02
200 150 61.06
200 151 38.01
200 152 48.09
200 153 81.3
200 154 59.23
200 155 79.01
200 156 37.22
200 157 75.6
200 158 74.89
200 159 44.72
200 160 60.42
200 161 86.02
200 162 92.46
200 163 62.2
200 164 51.09
200 165 90.47
200 166 75.21
200 167 21.02
200 168 37.12
200 169 65.62
200 170 104.0
200 171 50.01
200 172 73.5
200 173 61.4
200 174 63.89
200 175 73.74
200 176 98.72
200 177 128.23
200 178 22.56
200 179 82.07
200 180 87.69
200 181 47.3
200 182 118.6
200 183 50.64
200 184 10.44
200 185 26.17
200 186 13.04
200 187 57.27
200 188 125.21
200 189 112.15
200 190 91.79
200 191 17.49
200 192 85.98
200 193 48.75
200 194 19.42
200 195 62.97
200 196 13.34
200 197 24.7
200 198 121.2
200 199 58.6
200 201 47.8
201 0 0.0
201 1 76.56
201 2 48.33
201 3 42.06
201 4 42.2
201 5 46.01
201 6 94.75
201 7 59.08
201 8 41.77
201 9 58.26
201 10 86.21
201 11 75.58
201 12 50.01
201 13 73.55
201 14 58.82
201 15 91.97
201 16 41.18
201 17 48.37
201 18 9.22
201 19 50.99
201 20 64.29
201 21 79.26
201 22 34.48
201 23 10.63
201 24 69.64
201 25 34.21
201 26 62.29
201 27 87.0
201 28 64.88
201 29 75.07
201 30 62.1
201 31 75.39
201 32 74.28
201 33 49.65
201 34 28.64
201 35 74.43
201 36 44.69
201 37 69.97
201 38 48.92
201 39 34.54
201 40 88.39
201 41 17.03
201 42 53.14
201 43 57.38
201 44 73.82
201 45 35.11
201 46 72.67
201 47 32.8
201 48 69.07
201 49 49.77
201 50 68.26
201 51 71.69
201 52 37.11
201 53 17.2
201 54 61.1
201 55 22.8
201 56 34.0
201 57 45.01
201 58 46.32
201 59 76.48
201 60 37.66
201 61 37.58
201 62 40.31
201 63 42.05
201 64 64.14
201 65 46.23
201 66 61.06
201 67 15.81
201 68 72.4
201 69 33.73
201 70 26.42
201 71 69.03
201 72 44.78
201 73 43.14
201 74 31.83
201 75 34.13
201 76 79.51
201 77 42.01
201 78 26.17
201 79 52.84
201 80 1.0
201 81 59.44
201 82 37.58
201 83 58.31
201 84 70.41
201 85 54.82
201 86 26.17
201 87 36.06
201 88 69.31
201 89 39.4
201 90 59.41
201 91 59.82
201 92 36.72
201 93 82.04
201 94 61.61
201 95 58.8
201 96 18.87
201 97 79.18
201 98 62.13
201 99 13.0
201 100 62.03
201 101 69.03
201 102 39.81
201 103 66.48
201 104 49.24
201 105 71.42
201 106 56.3
201 107 49.41
201 108 75.69
201 109 52.0
201 110 54.59
201 111 15.81
201 112 54.82
201 113 33.14
201 114 70.29
201 115 24.7
201 116 36.36
201 117 70.18
201 118 55.17
201 119 50.99
201 120 52.8
201 121 76.94
201 122 51.89
201 123 74.4
201 124 43.66
201 125 49.74
201 126 52.43
201 127 76.48
201 128 57.8
201 129 58.0
201 130 89.38
201 131 30.27
201 132 77.82
201 133 46.52
201 134 69.35
201 135 66.01
201 136 71.47
201 137 64.01
201 138 41.73
201 139 73.25
201 140 70.8
201 141 73.08
201 142 63.81
201 143 55.04
201 144 18.87
201 145 46.57
201 146 79.76
201 147 73.11
201 148 15.62
201 149 63.25
201 150 45.4
201 151 32.31
201 152 55.44
201 153 40.31
201 154 27.73
201 155 81.02
201 156 52.48
201 157 60.64
201 158 33.12
201 159 84.65
201 160 74.81
201 161 67.42
201 162 60.21
201 163 17.89
201 164 11.18
201 165 42.76
201 166 58.94
201 167 68.45
201 168 13.45
201 169 29.07
201 170 59.67
201 171 12.65
201 172 63.98
201 173 50.09
201 174 35.34
201 175 59.46
201 176 61.61
201 177 85.91
201 178 68.47
201 179 48.05
201 180 47.51
201 181 24.0
201 182 70.94
201 183 21.38
201 184 49.09
201 185 65.19
201 186 35.11
201 187 76.92
201 188 82.13
201 189 71.18
201 190 46.69
201 191 55.04
201 192 42.8
201 193 87.97
201 194 59.36
201 195 82.1
201 196 36.67
201 197 71.87
201 198 92.02
201 199 35.74
201 200 47.8
;
