o:= 0;
s:= 201;

POI:= 1 2 3 4 5 6 7 8 9 10 11 12 13 14 15 16 17 18 19 20 21 22 23 24 25 26 27 28 29 30 31 32 33 34 35 36 37 38 39 40 41 42 43 44 45 46 47 48 49 50 51 52 53 54 55 56 57 58 59 60 61 62 63 64 65 66 67 68 69 70 71 72 73 74 75 76 77 78 79 80 81 82 83 84 85 86 87 88 89 90 91 92 93 94 95 96 97 98 99 100 101 102 103 104 105 106 107 108 109 110 111 112 113 114 115 116 117 118 119 120 121 122 123 124 125 126 127 128 129 130 131 132 133 134 135 136 137 138 139 140 141 142 143 144 145 146 147 148 149 150 151 152 153 154 155 156 157 158 159 160 161 162 163 164 165 166 167 168 169 170 171 172 173 174 175 176 177 178 179 180 181 182 183 184 185 186 187 188 189 190 191 192 193 194 195 196 197 198 199 200;
M:= 1 2;
Z:= 1 2 3;

TM:= 2535;

E:=
1 57
2 43
3 29
;

e:=
0 1 0 0 2 0 0 3 0
1 1 1 1 2 0 1 3 0
2 1 0 2 2 0 2 3 1
3 1 1 3 2 0 3 3 0
4 1 0 4 2 0 4 3 1
5 1 1 5 2 0 5 3 0
6 1 0 6 2 1 6 3 0
7 1 1 7 2 0 7 3 0
8 1 1 8 2 0 8 3 0
9 1 1 9 2 0 9 3 0
10 1 1 10 2 0 10 3 0
11 1 0 11 2 1 11 3 0
12 1 0 12 2 1 12 3 0
13 1 0 13 2 1 13 3 0
14 1 1 14 2 0 14 3 0
15 1 0 15 2 1 15 3 0
16 1 0 16 2 1 16 3 0
17 1 1 17 2 0 17 3 0
18 1 0 18 2 1 18 3 0
19 1 1 19 2 0 19 3 0
20 1 1 20 2 0 20 3 0
21 1 0 21 2 1 21 3 0
22 1 1 22 2 0 22 3 0
23 1 1 23 2 0 23 3 0
24 1 0 24 2 1 24 3 0
25 1 0 25 2 0 25 3 1
26 1 0 26 2 1 26 3 0
27 1 1 27 2 0 27 3 0
28 1 1 28 2 0 28 3 0
29 1 1 29 2 0 29 3 0
30 1 0 30 2 0 30 3 1
31 1 1 31 2 0 31 3 0
32 1 0 32 2 1 32 3 0
33 1 1 33 2 0 33 3 0
34 1 1 34 2 0 34 3 0
35 1 0 35 2 1 35 3 0
36 1 1 36 2 0 36 3 0
37 1 1 37 2 0 37 3 0
38 1 0 38 2 0 38 3 1
39 1 1 39 2 0 39 3 0
40 1 0 40 2 0 40 3 1
41 1 0 41 2 0 41 3 1
42 1 1 42 2 0 42 3 0
43 1 1 43 2 0 43 3 0
44 1 0 44 2 1 44 3 0
45 1 0 45 2 1 45 3 0
46 1 1 46 2 0 46 3 0
47 1 0 47 2 1 47 3 0
48 1 1 48 2 0 48 3 0
49 1 1 49 2 0 49 3 0
50 1 1 50 2 0 50 3 0
51 1 1 51 2 0 51 3 0
52 1 1 52 2 0 52 3 0
53 1 1 53 2 0 53 3 0
54 1 0 54 2 1 54 3 0
55 1 1 55 2 0 55 3 0
56 1 1 56 2 0 56 3 0
57 1 0 57 2 1 57 3 0
58 1 0 58 2 0 58 3 1
59 1 1 59 2 0 59 3 0
60 1 1 60 2 0 60 3 0
61 1 1 61 2 0 61 3 0
62 1 1 62 2 0 62 3 0
63 1 0 63 2 1 63 3 0
64 1 0 64 2 0 64 3 1
65 1 0 65 2 1 65 3 0
66 1 1 66 2 0 66 3 0
67 1 0 67 2 1 67 3 0
68 1 1 68 2 0 68 3 0
69 1 1 69 2 0 69 3 0
70 1 0 70 2 0 70 3 1
71 1 0 71 2 1 71 3 0
72 1 0 72 2 0 72 3 1
73 1 1 73 2 0 73 3 0
74 1 1 74 2 0 74 3 0
75 1 0 75 2 1 75 3 0
76 1 1 76 2 0 76 3 0
77 1 1 77 2 0 77 3 0
78 1 1 78 2 0 78 3 0
79 1 1 79 2 0 79 3 0
80 1 0 80 2 0 80 3 1
81 1 1 81 2 0 81 3 0
82 1 0 82 2 1 82 3 0
83 1 1 83 2 0 83 3 0
84 1 0 84 2 1 84 3 0
85 1 0 85 2 1 85 3 0
86 1 1 86 2 0 86 3 0
87 1 1 87 2 0 87 3 0
88 1 0 88 2 1 88 3 0
89 1 0 89 2 1 89 3 0
90 1 0 90 2 0 90 3 1
91 1 1 91 2 0 91 3 0
92 1 1 92 2 0 92 3 0
93 1 0 93 2 1 93 3 0
94 1 1 94 2 0 94 3 0
95 1 0 95 2 1 95 3 0
96 1 1 96 2 0 96 3 0
97 1 1 97 2 0 97 3 0
98 1 0 98 2 0 98 3 1
99 1 1 99 2 0 99 3 0
100 1 1 100 2 0 100 3 0
101 1 0 101 2 0 101 3 1
102 1 1 102 2 0 102 3 0
103 1 1 103 2 0 103 3 0
104 1 0 104 2 0 104 3 1
105 1 1 105 2 0 105 3 0
106 1 1 106 2 0 106 3 0
107 1 0 107 2 1 107 3 0
108 1 0 108 2 1 108 3 0
109 1 0 109 2 0 109 3 1
110 1 0 110 2 1 110 3 0
111 1 0 111 2 0 111 3 1
112 1 0 112 2 1 112 3 0
113 1 1 113 2 0 113 3 0
114 1 1 114 2 0 114 3 0
115 1 0 115 2 1 115 3 0
116 1 0 116 2 1 116 3 0
117 1 0 117 2 1 117 3 0
118 1 0 118 2 1 118 3 0
119 1 0 119 2 1 119 3 0
120 1 1 120 2 0 120 3 0
121 1 1 121 2 0 121 3 0
122 1 1 122 2 0 122 3 0
123 1 1 123 2 0 123 3 0
124 1 1 124 2 0 124 3 0
125 1 0 125 2 1 125 3 0
126 1 0 126 2 1 126 3 0
127 1 1 127 2 0 127 3 0
128 1 1 128 2 0 128 3 0
129 1 1 129 2 0 129 3 0
130 1 1 130 2 0 130 3 0
131 1 1 131 2 0 131 3 0
132 1 1 132 2 0 132 3 0
133 1 1 133 2 0 133 3 0
134 1 0 134 2 1 134 3 0
135 1 0 135 2 0 135 3 1
136 1 0 136 2 1 136 3 0
137 1 1 137 2 0 137 3 0
138 1 0 138 2 0 138 3 1
139 1 0 139 2 1 139 3 0
140 1 1 140 2 0 140 3 0
141 1 1 141 2 0 141 3 0
142 1 0 142 2 1 142 3 0
143 1 1 143 2 0 143 3 0
144 1 1 144 2 0 144 3 0
145 1 1 145 2 0 145 3 0
146 1 1 146 2 0 146 3 0
147 1 0 147 2 1 147 3 0
148 1 1 148 2 0 148 3 0
149 1 1 149 2 0 149 3 0
150 1 1 150 2 0 150 3 0
151 1 0 151 2 1 151 3 0
152 1 0 152 2 1 152 3 0
153 1 1 153 2 0 153 3 0
154 1 1 154 2 0 154 3 0
155 1 1 155 2 0 155 3 0
156 1 1 156 2 0 156 3 0
157 1 1 157 2 0 157 3 0
158 1 1 158 2 0 158 3 0
159 1 0 159 2 0 159 3 1
160 1 0 160 2 0 160 3 1
161 1 1 161 2 0 161 3 0
162 1 0 162 2 0 162 3 1
163 1 1 163 2 0 163 3 0
164 1 0 164 2 1 164 3 0
165 1 1 165 2 0 165 3 0
166 1 0 166 2 0 166 3 1
167 1 1 167 2 0 167 3 0
168 1 1 168 2 0 168 3 0
169 1 1 169 2 0 169 3 0
170 1 0 170 2 1 170 3 0
171 1 0 171 2 1 171 3 0
172 1 1 172 2 0 172 3 0
173 1 1 173 2 0 173 3 0
174 1 0 174 2 0 174 3 1
175 1 0 175 2 1 175 3 0
176 1 1 176 2 0 176 3 0
177 1 0 177 2 1 177 3 0
178 1 0 178 2 0 178 3 1
179 1 0 179 2 1 179 3 0
180 1 0 180 2 1 180 3 0
181 1 1 181 2 0 181 3 0
182 1 1 182 2 0 182 3 0
183 1 1 183 2 0 183 3 0
184 1 1 184 2 0 184 3 0
185 1 1 185 2 0 185 3 0
186 1 1 186 2 0 186 3 0
187 1 0 187 2 1 187 3 0
188 1 1 188 2 0 188 3 0
189 1 0 189 2 1 189 3 0
190 1 0 190 2 0 190 3 1
191 1 1 191 2 0 191 3 0
192 1 0 192 2 0 192 3 1
193 1 1 193 2 0 193 3 0
194 1 1 194 2 0 194 3 0
195 1 1 195 2 0 195 3 0
196 1 1 196 2 0 196 3 0
197 1 0 197 2 0 197 3 1
198 1 1 198 2 0 198 3 0
199 1 1 199 2 0 199 3 0
200 1 0 200 2 1 200 3 0
201 1 0 201 2 0 201 3 0
;

SCORE:=
0 0
1 14
2 15
3 10
4 22
5 20
6 10
7 10
8 10
9 20
10 10
11 10
12 20
13 18
14 20
15 30
16 10
17 25
18 30
19 2
20 20
21 10
22 20
23 10
24 6
25 10
26 30
27 36
28 10
29 10
30 35
31 9
32 20
33 18
34 13
35 10
36 33
37 10
38 10
39 7
40 20
41 21
42 10
43 20
44 10
45 20
46 10
47 20
48 20
49 10
50 9
51 32
52 12
53 27
54 32
55 25
56 20
57 20
58 10
59 10
60 17
61 13
62 20
63 9
64 23
65 8
66 15
67 27
68 40
69 10
70 3
71 34
72 30
73 12
74 19
75 21
76 26
77 10
78 10
79 9
80 13
81 21
82 16
83 9
84 10
85 20
86 10
87 18
88 27
89 18
90 29
91 13
92 37
93 20
94 10
95 1
96 15
97 20
98 20
99 30
100 20
101 28
102 10
103 8
104 10
105 20
106 43
107 17
108 20
109 20
110 18
111 40
112 21
113 10
114 30
115 18
116 13
117 20
118 10
119 10
120 5
121 21
122 40
123 10
124 20
125 10
126 4
127 20
128 30
129 30
130 10
131 23
132 20
133 20
134 20
135 20
136 20
137 16
138 10
139 20
140 16
141 24
142 19
143 30
144 5
145 20
146 20
147 10
148 27
149 13
150 20
151 20
152 12
153 10
154 21
155 8
156 20
157 11
158 27
159 30
160 20
161 30
162 19
163 20
164 30
165 10
166 20
167 9
168 20
169 13
170 23
171 20
172 20
173 10
174 1
175 21
176 10
177 20
178 15
179 20
180 10
181 20
182 30
183 20
184 30
185 15
186 20
187 20
188 10
189 20
190 18
191 20
192 13
193 10
194 19
195 34
196 9
197 10
198 1
199 40
200 16
201 0
;

OT:=
0 0
1 1402
2 1344
3 167
4 9
5 84
6 18
7 51
8 1195
9 39
10 281
11 1134
12 41
13 1107
14 30
15 49
16 90
17 1041
18 89
19 1401
20 265
21 381
22 528
23 299
24 32
25 230
26 173
27 336
28 14
29 273
30 1700
31 71
32 243
33 1096
34 1272
35 79
36 1881
37 35
38 199
39 1650
40 43
41 711
42 53
43 74
44 585
45 66
46 313
47 30
48 35
49 21
50 788
51 311
52 437
53 159
54 24
55 892
56 101
57 39
58 449
59 47
60 1365
61 162
62 128
63 42
64 1686
65 212
66 1248
67 1764
68 52
69 245
70 1115
71 695
72 300
73 1050
74 526
75 1731
76 1324
77 336
78 137
79 885
80 855
81 971
82 1185
83 1752
84 51
85 65
86 459
87 687
88 52
89 177
90 681
91 814
92 15
93 1263
94 218
95 655
96 1248
97 1543
98 136
99 174
100 32
101 542
102 43
103 92
104 177
105 185
106 569
107 956
108 147
109 372
110 520
111 383
112 359
113 348
114 405
115 999
116 955
117 347
118 103
119 180
120 1511
121 906
122 384
123 925
124 39
125 467
126 956
127 55
128 78
129 478
130 246
131 36
132 88
133 42
134 501
135 1167
136 219
137 805
138 357
139 329
140 21
141 1422
142 10
143 93
144 599
145 794
146 1690
147 43
148 1855
149 44
150 357
151 267
152 42
153 15
154 1258
155 62
156 41
157 1404
158 1065
159 219
160 320
161 237
162 31
163 14
164 125
165 65
166 446
167 55
168 122
169 37
170 163
171 192
172 55
173 165
174 1031
175 1889
176 296
177 72
178 964
179 49
180 118
181 77
182 33
183 142
184 205
185 1442
186 406
187 302
188 229
189 418
190 143
191 397
192 649
193 1360
194 791
195 37
196 63
197 59
198 462
199 56
200 48
201 0
;

TT:=
0 0
1 10
2 10
3 10
4 10
5 10
6 10
7 10
8 10
9 10
10 10
11 10
12 10
13 10
14 10
15 10
16 10
17 10
18 10
19 10
20 10
21 10
22 10
23 10
24 10
25 10
26 10
27 10
28 10
29 10
30 10
31 10
32 10
33 10
34 10
35 10
36 10
37 10
38 10
39 10
40 10
41 10
42 10
43 10
44 10
45 10
46 10
47 10
48 10
49 10
50 10
51 10
52 10
53 10
54 10
55 10
56 10
57 10
58 10
59 10
60 10
61 10
62 10
63 10
64 10
65 10
66 10
67 10
68 10
69 10
70 10
71 10
72 10
73 10
74 10
75 10
76 10
77 10
78 10
79 10
80 10
81 10
82 10
83 10
84 10
85 10
86 10
87 10
88 10
89 10
90 10
91 10
92 10
93 10
94 10
95 10
96 10
97 10
98 10
99 10
100 10
101 10
102 10
103 10
104 10
105 10
106 10
107 10
108 10
109 10
110 10
111 10
112 10
113 10
114 10
115 10
116 10
117 10
118 10
119 10
120 10
121 10
122 10
123 10
124 10
125 10
126 10
127 10
128 10
129 10
130 10
131 10
132 10
133 10
134 10
135 10
136 10
137 10
138 10
139 10
140 10
141 10
142 10
143 10
144 10
145 10
146 10
147 10
148 10
149 10
150 10
151 10
152 10
153 10
154 10
155 10
156 10
157 10
158 10
159 10
160 10
161 10
162 10
163 10
164 10
165 10
166 10
167 10
168 10
169 10
170 10
171 10
172 10
173 10
174 10
175 10
176 10
177 10
178 10
179 10
180 10
181 10
182 10
183 10
184 10
185 10
186 10
187 10
188 10
189 10
190 10
191 10
192 10
193 10
194 10
195 10
196 10
197 10
198 10
199 10
200 10
201 0
;

CT:=
0 2535
1 2002
2 1944
3 767
4 609
5 684
6 618
7 651
8 1795
9 639
10 881
11 1734
12 641
13 1707
14 630
15 649
16 690
17 1641
18 689
19 2001
20 865
21 981
22 1128
23 899
24 632
25 830
26 773
27 936
28 614
29 873
30 2300
31 671
32 843
33 1696
34 1872
35 679
36 2481
37 635
38 799
39 2250
40 643
41 1311
42 653
43 674
44 1185
45 666
46 913
47 630
48 635
49 621
50 1388
51 911
52 1037
53 759
54 624
55 1492
56 701
57 639
58 1049
59 647
60 1965
61 762
62 728
63 642
64 2286
65 812
66 1848
67 2364
68 652
69 845
70 1715
71 1295
72 900
73 1650
74 1126
75 2331
76 1924
77 936
78 737
79 1485
80 1455
81 1571
82 1785
83 2352
84 651
85 665
86 1059
87 1287
88 652
89 777
90 1281
91 1414
92 615
93 1863
94 818
95 1255
96 1848
97 2143
98 736
99 774
100 632
101 1142
102 643
103 692
104 777
105 785
106 1169
107 1556
108 747
109 972
110 1120
111 983
112 959
113 948
114 1005
115 1599
116 1555
117 947
118 703
119 780
120 2111
121 1506
122 984
123 1525
124 639
125 1067
126 1556
127 655
128 678
129 1078
130 846
131 636
132 688
133 642
134 1101
135 1767
136 819
137 1405
138 957
139 929
140 621
141 2022
142 610
143 693
144 1199
145 1394
146 2290
147 643
148 2455
149 644
150 957
151 867
152 642
153 615
154 1858
155 662
156 641
157 2004
158 1665
159 819
160 920
161 837
162 631
163 614
164 725
165 665
166 1046
167 655
168 722
169 637
170 763
171 792
172 655
173 765
174 1631
175 2489
176 896
177 672
178 1564
179 649
180 718
181 677
182 633
183 742
184 805
185 2042
186 1006
187 902
188 829
189 1018
190 743
191 997
192 1249
193 1960
194 1391
195 637
196 663
197 659
198 1062
199 656
200 648
201 2535
;

t:=
0 1 62.1
0 2 54.59
0 3 36.77
0 4 9.22
0 5 62.27
0 6 18.36
0 7 51.11
0 8 58.31
0 9 39.0
0 10 78.24
0 11 64.14
0 12 41.63
0 13 62.13
0 14 23.77
0 15 49.09
0 16 42.11
0 17 41.18
0 18 51.04
0 19 82.13
0 20 60.75
0 21 36.89
0 22 55.04
0 23 68.51
0 24 32.8
0 25 81.02
0 26 62.43
0 27 57.38
0 28 14.76
0 29 41.62
0 30 27.73
0 31 71.87
0 32 70.8
0 33 59.08
0 34 50.01
0 35 79.92
0 36 44.78
0 37 35.78
0 38 70.0
0 39 37.11
0 40 43.01
0 41 39.81
0 42 53.71
0 43 37.58
0 44 63.98
0 45 66.07
0 46 59.68
0 47 30.27
0 48 35.36
0 49 21.19
0 50 73.55
0 51 66.48
0 52 73.82
0 53 94.75
0 54 24.0
0 55 51.89
0 56 67.48
0 57 39.01
0 58 47.42
0 59 43.42
0 60 64.29
0 61 75.39
0 62 62.77
0 63 42.8
0 64 17.2
0 65 79.26
0 66 34.48
0 67 12.65
0 68 52.7
0 69 52.35
0 70 65.19
0 71 63.81
0 72 33.53
0 73 63.25
0 74 79.76
0 75 72.67
0 76 52.0
0 77 78.23
0 78 21.4
0 79 33.12
0 80 58.26
0 81 49.41
0 82 22.8
0 83 76.56
0 84 51.04
0 85 65.86
0 86 61.22
0 87 46.52
0 88 52.84
0 89 32.31
0 90 59.44
0 91 73.11
0 92 15.81
0 93 64.88
0 94 82.8
0 95 76.48
0 96 37.58
0 97 40.31
0 98 41.19
0 99 82.2
0 100 32.2
0 101 87.97
0 102 43.01
0 103 64.01
0 104 82.93
0 105 57.31
0 106 68.47
0 107 41.73
0 108 67.62
0 109 77.47
0 110 52.8
0 111 91.97
0 112 74.28
0 113 49.52
0 114 64.82
0 115 70.41
0 116 69.97
0 117 66.85
0 118 66.53
0 119 40.2
0 120 46.69
0 121 60.64
0 122 77.18
0 123 92.02
0 124 39.36
0 125 77.2
0 126 49.74
0 127 55.97
0 128 78.24
0 129 47.8
0 130 17.03
0 131 36.36
0 132 21.1
0 133 42.01
0 134 45.45
0 135 56.3
0 136 34.01
0 137 71.42
0 138 58.83
0 139 39.45
0 140 21.38
0 141 70.94
0 142 10.63
0 143 43.05
0 144 75.58
0 145 75.07
0 146 79.18
0 147 43.01
0 148 70.8
0 149 44.69
0 150 10.82
0 151 81.84
0 152 42.01
0 153 15.3
0 154 18.87
0 155 62.29
0 156 41.05
0 157 70.29
0 158 35.11
0 159 61.06
0 160 80.16
0 161 37.66
0 162 31.83
0 163 14.42
0 164 82.15
0 165 65.12
0 166 32.65
0 167 55.44
0 168 84.63
0 169 37.58
0 170 85.91
0 171 17.8
0 172 55.47
0 173 46.86
0 174 26.42
0 175 36.06
0 176 52.35
0 177 72.4
0 178 49.77
0 179 49.93
0 180 36.67
0 181 77.83
0 182 33.02
0 183 48.01
0 184 48.84
0 185 61.1
0 186 57.69
0 187 14.21
0 188 42.44
0 189 77.62
0 190 55.17
0 191 48.8
0 192 87.0
0 193 75.69
0 194 36.67
0 195 37.66
0 196 46.23
0 197 59.48
0 198 77.82
0 199 56.22
0 200 48.05
0 201 0.0
1 0 62.1
1 2 24.74
1 3 89.31
1 4 70.41
1 5 47.38
1 6 60.21
1 7 104.86
1 8 8.49
1 9 77.62
1 10 61.13
1 11 47.43
1 12 80.08
1 13 19.7
1 14 63.6
1 15 104.01
1 16 103.75
1 17 44.72
1 18 106.23
1 19 77.16
1 20 49.82
1 21 81.39
1 22 116.4
1 23 119.05
1 24 90.35
1 25 63.29
1 26 49.5
1 27 116.3
1 28 60.42
1 29 85.91
1 30 48.84
1 31 127.39
1 32 119.85
1 33 98.68
1 34 19.72
1 35 58.55
1 36 96.61
1 37 77.67
1 38 118.88
1 39 72.84
1 40 104.39
1 41 99.32
1 42 39.56
1 43 90.97
1 44 114.21
1 45 114.0
1 46 47.85
1 47 72.47
1 48 90.21
1 49 64.07
1 50 117.0
1 51 123.82
1 52 127.88
1 53 136.86
1 54 60.53
1 55 107.17
1 56 115.21
1 57 100.13
1 58 29.68
1 59 83.93
1 60 2.24
1 61 137.24
1 62 48.37
1 63 60.46
1 64 50.04
1 65 112.29
1 66 72.03
1 67 56.14
1 68 107.34
1 69 32.56
1 70 126.75
1 71 46.04
1 72 95.6
1 73 68.01
1 74 131.21
1 75 25.0
1 76 17.89
1 77 58.31
1 78 57.43
1 79 62.94
1 80 114.59
1 81 100.84
1 82 74.03
1 83 125.21
1 84 22.2
1 85 112.54
1 86 110.22
1 87 47.71
1 88 45.34
1 89 73.35
1 90 103.95
1 91 132.0
1 92 75.8
1 93 78.55
1 94 120.83
1 95 126.81
1 96 41.23
1 97 25.32
1 98 102.96
1 99 119.92
1 100 75.13
1 101 133.45
1 102 99.13
1 103 99.4
1 104 62.65
1 105 33.42
1 106 128.25
1 107 90.93
1 108 115.95
1 109 117.55
1 110 104.02
1 111 149.57
1 112 117.32
1 113 30.0
1 114 113.56
1 115 70.18
1 116 122.44
1 117 117.09
1 118 31.02
1 119 101.98
1 120 54.59
1 121 62.97
1 122 56.32
1 123 52.04
1 124 93.19
1 125 115.55
1 126 110.86
1 127 27.66
1 128 115.45
1 129 106.04
1 130 54.2
1 131 91.92
1 132 59.64
1 133 103.1
1 134 28.18
1 135 48.76
1 136 87.66
1 137 35.17
1 138 48.05
1 139 82.0
1 140 56.22
1 141 42.43
1 142 71.78
1 143 84.65
1 144 58.59
1 145 131.47
1 146 89.02
1 147 104.09
1 148 125.43
1 149 58.83
1 150 59.51
1 151 120.93
1 152 102.04
1 153 64.88
1 154 76.24
1 155 70.94
1 156 96.9
1 157 111.66
1 158 93.09
1 159 48.66
1 160 120.7
1 161 99.69
1 162 54.45
1 163 59.06
1 164 59.84
1 165 111.57
1 166 81.5
1 167 114.93
1 168 121.2
1 169 99.3
1 170 82.15
1 171 57.45
1 172 43.42
1 173 92.2
1 174 37.12
1 175 27.78
1 176 29.73
1 177 108.75
1 178 100.42
1 179 104.56
1 180 90.43
1 181 52.77
1 182 94.54
1 183 103.77
1 184 106.55
1 185 38.12
1 186 49.48
1 187 57.71
1 188 86.12
1 189 117.0
1 190 112.87
1 191 32.2
1 192 130.63
1 193 68.18
1 194 93.0
1 195 97.42
1 196 103.08
1 197 43.57
1 198 139.28
1 199 24.84
1 200 80.43
1 201 62.1
2 0 54.59
2 1 24.74
2 3 72.8
2 4 63.79
2 5 23.0
2 6 45.71
2 7 87.73
2 8 30.0
2 9 81.84
2 10 38.33
2 11 66.41
2 12 84.6
2 13 42.05
2 14 47.13
2 15 87.46
2 16 96.13
2 17 55.61
2 18 89.69
2 19 53.01
2 20 25.18
2 21 83.65
2 22 109.17
2 23 120.15
2 24 76.16
2 25 40.8
2 26 25.02
2 27 101.53
2 28 47.27
2 29 88.59
2 30 53.41
2 31 125.69
2 32 121.74
2 33 104.01
2 34 8.06
2 35 36.77
2 36 79.2
2 37 80.62
2 38 120.83
2 39 53.0
2 40 97.25
2 41 94.37
2 42 14.87
2 43 74.67
2 44 95.19
2 45 116.3
2 46 23.19
2 47 54.63
2 48 74.63
2 49 48.51
2 50 121.43
2 51 107.7
2 52 127.13
2 53 142.36
2 54 62.77
2 55 105.36
2 56 117.63
2 57 93.43
2 58 44.28
2 59 87.98
2 60 26.25
2 61 125.6
2 62 24.0
2 63 38.21
2 64 49.19
2 65 120.74
2 66 76.01
2 67 53.85
2 68 90.47
2 69 49.4
2 70 119.04
2 71 65.15
2 72 86.02
2 73 43.32
2 74 132.03
2 75 49.37
2 76 8.25
2 77 36.06
2 78 41.98
2 79 43.42
2 80 98.23
2 81 101.02
2 82 72.8
2 83 105.21
2 84 38.9
2 85 115.38
2 86 111.89
2 87 60.46
2 88 60.83
2 89 76.16
2 90 83.6
2 91 116.71
2 92 70.21
2 93 54.13
2 94 127.64
2 95 107.34
2 96 21.54
2 97 33.84
2 98 95.08
2 99 126.83
2 100 77.41
2 101 137.35
2 102 83.49
2 103 77.1
2 104 40.85
2 105 52.2
2 106 123.04
2 107 91.79
2 108 118.11
2 109 123.42
2 110 85.88
2 111 132.91
2 112 121.94
2 113 45.69
2 114 115.45
2 115 86.77
2 116 103.94
2 117 118.31
2 118 53.24
2 119 94.09
2 120 31.24
2 121 78.03
2 122 34.18
2 123 76.42
2 124 76.9
2 125 122.07
2 126 98.48
2 127 46.57
2 128 122.41
2 129 102.18
2 130 41.11
2 131 76.54
2 132 44.15
2 133 96.42
2 134 41.59
2 135 24.04
2 136 71.78
2 137 58.08
2 138 23.35
2 139 85.09
2 140 57.8
2 141 21.63
2 142 62.01
2 143 88.32
2 144 78.85
2 145 114.54
2 146 64.29
2 147 97.42
2 148 107.78
2 149 36.07
2 150 48.01
2 151 127.31
2 152 88.84
2 153 51.48
2 154 72.28
2 155 84.88
2 156 81.27
2 157 116.81
2 158 89.27
2 159 24.08
2 160 126.48
2 161 91.01
2 162 35.34
2 163 46.17
2 164 38.48
2 165 114.49
2 166 81.94
2 167 100.69
2 168 128.6
2 169 88.36
2 170 58.01
2 171 43.42
2 172 18.68
2 173 94.83
2 174 37.44
2 175 20.59
2 176 46.82
2 177 115.8
2 178 82.3
2 179 87.85
2 180 74.33
2 181 31.76
2 182 87.28
2 183 87.66
2 184 91.39
2 185 14.32
2 186 24.74
2 187 45.1
2 188 89.07
2 189 123.15
2 190 97.41
2 191 47.42
2 192 135.33
2 193 44.01
2 194 90.25
2 195 92.23
2 196 87.6
2 197 19.03
2 198 126.7
2 199 44.15
2 200 58.8
2 201 54.59
3 0 36.77
3 1 89.31
3 2 72.8
3 4 36.35
3 5 68.07
3 6 29.21
3 7 15.62
3 8 88.09
3 9 70.01
3 10 78.77
3 11 100.65
3 12 72.06
3 13 94.76
3 14 25.94
3 15 14.76
3 16 41.77
3 17 77.82
3 18 17.0
3 19 74.09
3 20 65.01
3 21 65.28
3 22 52.01
3 23 83.86
3 24 10.0
3 25 81.05
3 26 67.01
3 27 29.27
3 28 29.7
3 29 68.73
3 30 64.47
3 31 80.06
3 32 87.32
3 33 85.15
3 34 72.01
3 35 82.39
3 36 8.06
3 37 66.03
3 38 86.83
3 39 23.09
3 40 43.93
3 41 48.88
3 42 64.13
3 43 2.0
3 44 27.29
3 45 84.53
3 46 65.07
3 47 18.44
3 48 4.24
3 49 25.24
3 50 94.54
3 51 34.93
3 52 83.87
3 53 114.06
3 54 59.67
3 55 65.0
3 56 85.87
3 57 43.01
3 58 82.2
3 59 72.34
3 60 91.53
3 61 56.32
3 62 68.03
3 63 40.0
3 64 53.67
3 65 105.99
3 66 67.12
3 67 49.4
3 68 18.03
3 69 87.66
3 70 58.67
3 71 100.24
3 72 30.0
3 73 56.04
3 74 92.2
3 75 105.36
3 76 74.24
3 77 80.4
3 78 31.91
3 79 30.41
3 80 25.5
3 81 68.15
3 82 52.0
3 83 39.81
3 84 84.29
3 85 85.49
3 86 79.62
3 87 83.26
3 88 89.44
3 89 64.03
3 90 24.02
3 91 43.97
3 92 39.01
3 93 50.54
3 94 106.28
3 95 39.96
3 96 51.26
3 97 72.92
3 98 40.36
3 99 105.95
3 100 63.0
3 101 105.31
3 102 11.05
3 103 33.54
3 104 83.86
3 105 92.66
3 106 68.41
3 107 65.0
3 108 85.42
3 109 100.3
3 110 16.12
3 111 60.42
3 112 95.46
3 113 84.4
3 114 82.73
3 115 106.74
3 116 34.06
3 117 82.86
3 118 101.04
3 119 39.7
3 120 48.04
3 121 97.12
3 122 80.22
3 123 127.2
3 124 4.12
3 125 101.19
3 126 30.36
3 127 90.43
3 128 102.79
3 129 56.86
3 130 35.47
3 131 5.83
3 132 29.68
3 133 44.82
3 134 79.81
3 135 61.07
3 136 3.0
3 137 106.21
3 138 64.07
3 139 68.26
3 140 57.87
3 141 80.4
3 142 27.66
3 143 71.45
3 144 112.31
3 145 42.19
3 146 62.43
3 147 45.45
3 148 36.24
3 149 43.0
3 150 32.02
3 151 104.75
3 152 20.62
3 153 25.5
3 154 44.05
3 155 98.06
3 156 9.0
3 157 93.3
3 158 49.77
3 159 66.03
3 160 102.32
3 161 35.47
3 162 37.64
3 163 31.11
3 164 84.48
3 165 85.09
3 166 59.41
3 167 29.02
3 168 108.78
3 169 26.91
3 170 76.06
3 171 32.02
3 172 63.51
3 173 71.81
3 174 59.82
3 175 61.61
3 176 87.2
3 177 98.23
3 178 13.0
3 179 15.26
3 180 2.24
3 181 83.02
3 182 38.08
3 183 14.87
3 184 19.1
3 185 72.01
3 186 62.03
3 187 32.53
3 188 69.72
3 189 100.9
3 190 24.74
3 191 84.05
3 192 106.0
3 193 71.31
3 194 53.49
3 195 47.01
3 196 15.13
3 197 67.36
3 198 56.0
3 199 90.14
3 200 27.29
3 201 36.77
4 0 9.22
4 1 70.41
4 2 63.79
4 3 36.35
4 5 71.12
4 6 25.46
4 7 49.04
4 8 66.1
4 9 34.53
4 10 86.82
4 11 67.62
4 12 36.88
4 13 68.88
4 14 30.0
4 15 46.62
4 16 33.38
4 17 44.69
4 18 48.33
4 19 89.81
4 20 69.46
4 21 31.02
4 22 46.17
4 23 60.0
4 24 30.08
4 25 89.59
4 26 71.2
4 27 52.5
4 28 21.93
4 29 35.34
4 30 31.14
4 31 62.77
4 32 62.48
4 33 52.77
4 34 59.08
4 35 88.68
4 36 43.93
4 37 30.81
4 38 61.72
4 39 42.05
4 40 34.13
4 41 30.59
4 42 62.77
4 43 36.67
4 44 62.64
4 45 58.0
4 46 68.48
4 47 34.54
4 48 33.96
4 49 27.2
4 50 66.07
4 51 62.2
4 52 64.85
4 53 87.11
4 54 23.77
4 55 42.94
4 56 59.41
4 57 30.02
4 58 53.25
4 59 37.95
4 60 72.57
4 61 67.98
4 62 71.59
4 63 50.21
4 64 22.47
4 65 73.41
4 66 31.02
4 67 16.4
4 68 50.16
4 69 57.63
4 70 56.44
4 71 67.48
4 72 25.94
4 73 70.72
4 74 71.02
4 75 79.26
4 76 61.03
4 77 86.95
4 78 29.07
4 79 39.82
4 80 54.71
4 81 41.11
4 82 16.76
4 83 75.29
4 84 57.71
4 85 58.0
4 86 53.08
4 87 49.41
4 88 56.22
4 89 28.16
4 90 60.13
4 91 67.9
4 92 6.71
4 93 71.28
4 94 76.01
4 95 74.67
4 96 46.62
4 97 47.54
4 98 32.56
4 99 75.47
4 100 27.46
4 101 79.93
4 102 40.31
4 103 66.75
4 104 91.59
4 105 62.48
4 106 59.3
4 107 34.21
4 108 59.46
4 109 70.46
4 110 51.66
4 111 87.11
4 112 66.84
4 113 55.22
4 114 56.64
4 115 70.84
4 116 67.62
4 117 58.41
4 118 72.2
4 119 31.58
4 120 54.82
4 121 61.47
4 122 85.96
4 123 96.94
4 124 38.08
4 125 70.49
4 126 43.42
4 127 61.85
4 128 71.69
4 129 38.6
4 130 25.55
4 131 34.48
4 132 28.28
4 133 33.02
4 134 51.62
4 135 65.0
4 136 33.38
4 137 76.84
4 138 67.6
4 139 33.84
4 140 23.02
4 141 80.06
4 142 9.06
4 143 37.34
4 144 78.23
4 145 71.03
4 146 85.44
4 147 34.01
4 148 67.6
4 149 52.35
4 150 18.6
4 151 74.89
4 152 36.88
4 153 20.81
4 154 10.63
4 155 61.85
4 156 38.63
4 157 63.25
4 158 26.0
4 159 69.84
4 160 73.01
4 161 29.41
4 162 39.82
4 163 22.02
4 164 90.92
4 165 57.31
4 166 25.94
4 167 50.25
4 168 78.03
4 169 30.81
4 170 93.38
4 171 25.61
4 172 64.4
4 173 39.96
4 174 33.84
4 175 45.0
4 176 58.01
4 177 66.19
4 178 49.03
4 179 47.54
4 180 35.69
4 181 86.76
4 182 24.19
4 183 45.19
4 184 44.94
4 185 70.23
4 186 66.37
4 187 22.2
4 188 36.25
4 189 70.72
4 190 51.04
4 191 54.2
4 192 79.25
4 193 83.74
4 194 27.78
4 195 28.44
4 196 42.94
4 197 68.45
4 198 70.83
4 199 62.43
4 200 52.55
4 201 9.22
5 0 62.27
5 1 47.38
5 2 23.0
5 3 68.07
5 4 71.12
5 6 47.43
5 7 81.05
5 8 53.0
5 9 96.18
5 10 17.2
5 11 88.53
5 12 99.01
5 13 65.03
5 14 45.89
5 15 81.61
5 16 100.0
5 17 75.13
5 18 83.73
5 19 30.02
5 20 3.61
5 21 96.54
5 22 112.79
5 23 130.7
5 24 74.17
5 25 20.0
5 26 2.24
5 27 97.25
5 28 50.33
5 29 101.53
5 30 70.0
5 31 133.75
5 32 132.85
5 33 118.19
5 34 30.27
5 35 17.8
5 36 72.69
5 37 94.18
5 38 132.02
5 39 45.28
5 40 101.53
5 41 100.85
5 42 10.3
5 43 70.06
5 44 85.38
5 45 127.88
5 46 3.0
5 47 50.01
5 48 71.0
5 49 48.27
5 50 134.47
5 51 101.43
5 52 135.96
5 53 155.71
5 54 77.08
5 55 114.06
5 56 129.27
5 57 98.35
5 58 65.8
5 59 101.91
5 60 48.66
5 61 124.04
5 62 1.0
5 63 28.16
5 64 62.94
5 65 136.56
5 66 90.51
5 67 65.95
5 68 84.01
5 69 71.31
5 70 121.81
5 71 87.32
5 72 88.53
5 73 22.8
5 74 142.02
5 75 72.25
5 76 31.06
5 77 16.28
5 78 43.32
5 79 38.05
5 80 92.07
5 81 111.52
5 82 83.82
5 83 93.52
5 84 61.19
5 85 127.41
5 86 123.15
5 87 80.53
5 88 81.93
5 89 89.87
5 90 72.24
5 91 111.16
5 92 77.83
5 93 34.71
5 94 142.21
5 95 96.38
5 96 25.0
5 97 54.42
5 98 98.76
5 99 141.48
5 100 90.69
5 101 149.62
5 102 79.1
5 103 62.43
5 104 21.21
5 105 74.53
5 106 128.08
5 107 103.23
5 108 129.53
5 109 137.44
5 110 77.88
5 111 125.16
5 112 135.09
5 113 67.45
5 114 126.75
5 115 107.7
5 116 94.56
5 117 129.0
5 118 76.16
5 119 97.8
5 120 20.02
5 121 98.49
5 122 15.0
5 123 99.32
5 124 72.11
5 125 136.56
5 126 97.19
5 127 69.05
5 128 137.21
5 129 109.25
5 130 45.62
5 131 73.0
5 132 44.92
5 133 101.19
5 134 62.94
5 135 7.0
5 136 68.0
5 137 81.06
5 138 4.0
5 139 98.49
5 140 72.14
5 141 13.0
5 142 66.48
5 143 101.98
5 144 101.2
5 145 106.96
5 146 42.54
5 147 102.14
5 148 99.46
5 149 25.18
5 150 52.8
5 151 141.6
5 152 87.14
5 153 53.45
5 154 81.12
5 155 104.66
5 156 77.06
5 157 130.48
5 158 97.05
5 159 2.24
5 160 140.36
5 161 94.11
5 162 32.98
5 163 49.77
5 164 20.0
5 165 126.61
5 166 93.6
5 167 97.08
5 168 143.56
5 169 89.27
5 170 35.01
5 171 46.24
5 172 7.07
5 173 107.45
5 174 53.82
5 175 37.59
5 176 68.88
5 177 130.82
5 178 74.53
5 179 81.74
5 180 70.03
5 181 15.81
5 182 92.03
5 183 82.39
5 184 87.14
5 185 9.49
5 186 6.08
5 187 49.24
5 188 102.18
5 189 137.36
5 190 92.44
5 191 68.96
5 192 148.22
5 193 21.02
5 194 98.88
5 195 98.62
5 196 83.15
5 197 4.12
5 198 124.04
5 199 66.75
5 200 46.82
5 201 62.27
6 0 18.36
6 1 60.21
6 2 45.71
6 3 29.21
6 4 25.46
6 5 47.43
6 7 44.82
6 8 58.9
6 9 57.27
6 10 62.18
6 11 74.95
6 12 59.93
6 13 65.95
6 14 6.0
6 15 43.83
6 16 52.63
6 17 53.15
6 18 46.04
6 19 64.35
6 20 45.31
6 21 55.23
6 22 65.51
6 23 85.28
6 24 30.68
6 25 64.88
6 26 47.17
6 27 56.46
6 28 3.61
6 29 59.91
6 30 41.11
6 31 86.83
6 32 87.86
6 33 77.39
6 34 43.66
6 35 64.47
6 36 36.8
6 37 54.12
6 38 87.11
6 39 20.0
6 40 54.12
6 41 53.67
6 42 40.45
6 43 30.81
6 44 55.32
6 45 83.45
6 46 44.6
6 47 14.87
6 48 30.02
6 49 4.47
6 50 91.44
6 51 63.63
6 52 89.36
6 53 112.54
6 54 41.0
6 55 67.68
6 56 84.86
6 57 50.92
6 58 54.59
6 59 61.77
6 60 62.43
6 61 79.91
6 62 47.76
6 63 24.76
6 64 30.02
6 65 97.62
6 66 52.55
6 67 28.44
6 68 47.2
6 69 60.37
6 70 74.81
6 71 74.33
6 72 41.44
6 73 45.28
6 74 96.02
6 75 76.49
6 76 45.88
6 77 62.65
6 78 4.12
6 79 14.76
6 80 54.38
6 81 66.53
6 82 41.05
6 83 67.2
6 84 55.8
6 85 83.45
6 86 78.52
6 87 59.03
6 88 64.29
6 89 50.57
6 90 47.41
6 91 72.01
6 92 31.89
6 93 46.53
6 94 101.02
6 95 68.12
6 96 25.0
6 97 44.41
6 98 51.42
6 99 100.44
6 100 50.54
6 101 105.38
6 102 38.95
6 103 48.66
6 104 67.08
6 105 65.3
6 106 80.65
6 107 59.55
6 108 84.9
6 109 95.6
6 110 44.55
6 111 89.36
6 112 92.2
6 113 56.82
6 114 82.07
6 115 85.15
6 116 62.94
6 117 83.74
6 118 72.95
6 119 50.45
6 120 29.68
6 121 75.17
6 122 61.85
6 123 99.32
6 124 33.02
6 125 95.44
6 126 52.77
6 127 62.43
6 128 96.52
6 129 62.18
6 130 6.4
6 131 31.76
6 132 2.83
6 133 53.76
6 134 51.97
6 135 40.85
6 136 27.46
6 137 78.23
6 138 43.66
6 139 57.8
6 140 37.34
6 141 57.87
6 142 19.24
6 143 61.4
6 144 87.36
6 145 71.28
6 146 60.83
6 147 54.71
6 148 65.44
6 149 26.91
6 150 7.62
6 151 100.0
6 152 43.17
6 153 6.08
6 154 36.07
6 155 78.06
6 156 36.72
6 157 88.41
6 158 50.48
6 159 45.88
6 160 98.23
6 161 46.87
6 162 14.76
6 163 4.12
6 164 66.71
6 165 82.76
6 166 50.8
6 167 55.36
6 168 102.9
6 169 43.0
6 170 67.94
6 171 2.83
6 172 41.23
6 173 65.0
6 174 32.2
6 175 32.45
6 176 59.54
6 177 90.74
6 178 41.04
6 179 44.41
6 180 30.23
6 181 63.25
6 182 44.6
6 183 43.57
6 184 46.52
6 185 48.37
6 186 42.15
6 187 5.0
6 188 60.75
6 189 95.8
6 190 52.77
6 191 56.8
6 192 104.69
6 193 58.41
6 194 52.8
6 195 51.43
6 196 42.94
6 197 45.35
6 198 81.02
6 199 61.85
6 200 31.02
6 201 18.36
7 0 51.11
7 1 104.86
7 2 87.73
7 3 15.62
7 4 49.04
7 5 81.05
7 6 44.82
7 8 103.71
7 9 80.75
7 10 90.01
7 11 115.25
7 12 82.49
7 13 110.31
7 14 41.34
7 15 3.16
7 16 44.01
7 17 92.28
7 18 3.61
7 19 82.76
7 20 77.78
7 21 75.24
7 22 51.04
7 23 87.66
7 24 18.97
7 25 92.05
7 26 79.76
7 27 18.03
7 28 45.28
7 29 78.03
7 30 78.77
7 31 81.12
7 32 91.42
7 33 93.26
7 34 87.32
7 35 94.02
7 36 8.54
7 37 76.66
7 38 91.08
7 39 35.9
7 40 46.24
7 41 53.6
7 42 78.16
7 43 14.14
7 44 14.04
7 45 89.56
7 46 78.09
7 47 33.11
7 48 15.81
7 49 40.8
7 50 100.17
7 51 20.4
7 52 85.48
7 53 118.33
7 54 72.8
7 55 69.26
7 56 90.8
7 57 46.84
7 58 97.45
7 59 82.15
7 60 107.07
7 61 46.82
7 62 80.89
7 63 52.95
7 64 68.26
7 65 113.75
7 66 78.64
7 67 63.53
7 68 3.0
7 69 102.8
7 70 55.15
7 71 114.91
7 72 34.53
7 73 66.19
7 74 94.37
7 75 120.92
7 76 89.55
7 77 92.02
7 78 47.43
7 79 44.6
7 80 11.05
7 81 74.33
7 82 63.15
7 83 26.48
7 84 99.76
7 85 90.96
7 86 84.9
7 87 97.53
7 88 103.94
7 89 75.31
7 90 19.1
7 91 30.15
7 92 50.22
7 93 58.46
7 94 112.59
7 95 25.63
7 96 66.21
7 97 88.41
7 98 42.72
7 99 112.38
7 100 73.98
7 101 109.0
7 102 9.06
7 103 33.6
7 104 95.02
7 105 107.8
7 106 66.84
7 107 73.11
7 108 90.14
7 109 106.51
7 110 5.66
7 111 45.19
7 112 101.14
7 113 99.64
7 114 87.64
7 115 119.87
7 116 18.87
7 117 86.98
7 118 116.39
7 119 42.38
7 120 61.19
7 121 110.49
7 122 92.09
7 123 142.44
7 124 12.04
7 125 107.87
7 126 25.5
7 127 105.76
7 128 109.66
7 129 60.41
7 130 51.09
7 131 14.76
7 132 45.22
7 133 47.76
7 134 95.13
7 135 74.15
7 136 17.69
7 137 121.51
7 138 77.1
7 139 78.23
7 140 71.59
7 141 93.74
7 142 41.15
7 143 81.1
7 144 126.59
7 145 26.83
7 146 68.15
7 147 48.1
7 148 20.62
7 149 55.9
7 150 47.42
7 151 110.86
7 152 19.31
7 153 41.01
7 154 54.92
7 155 110.72
7 156 10.44
7 157 99.82
7 158 56.44
7 159 78.92
7 160 108.17
7 161 38.6
7 162 52.39
7 163 46.69
7 164 96.01
7 165 90.71
7 166 69.18
7 167 19.24
7 168 115.32
7 169 29.12
7 170 83.93
7 171 47.63
7 172 77.13
7 173 80.1
7 174 75.17
7 175 77.2
7 176 102.45
7 177 105.8
7 178 7.28
7 179 2.24
7 180 14.87
7 181 95.34
7 182 43.57
7 183 5.39
7 184 10.63
7 185 85.87
7 186 74.97
7 187 48.1
7 188 79.03
7 189 107.28
7 190 12.65
7 191 99.2
7 192 110.39
7 193 81.39
7 194 60.41
7 195 52.17
7 196 8.54
7 197 80.81
7 198 45.12
7 199 105.55
7 200 36.12
7 201 51.11
8 0 58.31
8 1 8.49
8 2 30.0
8 3 88.09
8 4 66.1
8 5 53.0
8 6 58.9
8 7 103.71
8 9 70.41
8 10 67.74
8 11 39.12
8 12 72.78
8 13 12.17
8 14 62.94
8 15 102.62
8 16 99.2
8 17 36.77
8 18 104.81
8 19 83.01
8 20 55.08
8 21 74.55
8 22 111.61
8 23 112.15
8 24 88.2
8 25 70.04
8 26 55.01
8 27 114.06
8 28 58.6
8 29 78.92
8 30 42.11
8 31 121.07
8 32 112.79
8 33 91.09
8 34 23.35
8 35 65.51
8 36 95.67
8 37 70.71
8 38 111.8
8 39 73.41
8 40 99.69
8 41 94.05
8 42 44.28
8 43 89.64
8 44 113.85
8 45 106.89
8 46 53.08
8 47 72.14
8 48 88.6
8 49 63.03
8 50 109.48
8 51 122.07
8 52 121.33
8 53 129.1
8 54 54.04
8 55 101.0
8 56 108.06
8 57 95.34
8 58 21.47
8 59 76.69
8 60 9.43
8 61 133.7
8 62 54.0
8 63 62.61
8 64 44.72
8 65 104.2
8 66 64.94
8 67 50.99
8 68 106.04
8 69 24.08
8 70 122.02
8 71 37.74
8 72 91.76
8 73 72.37
8 74 124.31
8 75 19.92
8 76 22.09
8 77 65.12
8 78 56.59
8 79 63.6
8 80 113.0
8 81 94.26
8 82 68.12
8 83 125.26
8 84 13.89
8 85 105.32
8 86 103.25
8 87 39.45
8 88 36.88
8 89 66.48
8 90 104.35
8 91 129.85
8 92 71.06
8 93 82.28
8 94 112.92
8 95 126.57
8 96 42.94
8 97 19.1
8 98 98.49
8 99 112.0
8 100 68.36
8 101 125.96
8 102 97.42
8 103 101.02
8 104 69.63
8 105 25.0
8 106 122.8
8 107 84.29
8 108 108.85
8 109 109.79
8 110 103.32
8 111 147.87
8 112 109.77
8 113 21.63
8 114 106.53
8 115 61.72
8 116 121.75
8 117 110.17
8 118 23.54
8 119 97.53
8 120 57.58
8 121 54.49
8 122 63.15
8 123 46.69
8 124 91.83
8 125 107.7
8 126 107.79
8 127 19.21
8 128 107.54
8 129 100.4
8 130 52.63
8 131 90.21
8 132 58.73
8 133 98.27
8 134 20.25
8 135 53.46
8 136 86.21
8 137 28.16
8 138 53.15
8 139 74.97
8 140 50.01
8 141 49.48
8 142 68.45
8 143 77.47
8 144 50.57
8 145 130.0
8 146 93.56
8 147 99.25
8 148 124.33
8 149 61.33
8 150 57.14
8 151 113.09
8 152 99.36
8 153 63.01
8 154 71.02
8 155 62.48
8 156 95.21
8 157 104.04
8 158 87.57
8 159 54.04
8 160 112.95
8 161 95.51
8 162 55.22
8 163 57.2
8 164 66.94
8 165 104.35
8 166 75.06
8 167 112.51
8 168 113.22
8 169 95.85
8 170 88.01
8 171 56.08
8 172 48.26
8 173 85.16
8 174 32.28
8 175 26.91
8 176 21.26
8 177 100.85
8 178 99.76
8 179 103.23
8 180 89.02
8 181 59.91
8 182 89.99
8 183 102.2
8 184 104.56
8 185 44.1
8 186 54.33
8 187 55.8
8 188 79.08
8 189 109.2
8 190 110.94
8 191 23.85
8 192 123.02
8 193 74.01
8 194 87.21
8 195 92.23
8 196 101.26
8 197 49.01
8 198 136.06
8 199 16.4
8 200 81.84
8 201 58.31
9 0 39.0
9 1 77.62
9 2 81.84
9 3 70.01
9 4 34.53
9 5 96.18
9 6 57.27
9 7 80.75
9 8 70.41
9 10 113.15
9 11 51.62
9 12 2.83
9 13 67.03
9 14 62.77
9 15 77.93
9 16 47.43
9 17 35.0
9 18 79.25
9 19 119.62
9 20 95.48
9 21 7.07
9 22 55.17
9 23 42.05
9 24 62.2
9 25 115.97
9 26 96.88
9 27 79.12
9 28 53.71
9 29 9.22
9 30 29.15
9 31 52.95
9 32 42.43
9 33 22.2
9 34 74.79
9 35 113.9
9 36 77.06
9 37 4.12
9 38 41.44
9 39 75.89
9 40 46.4
9 41 36.88
9 42 86.37
9 43 70.01
9 44 94.76
9 45 36.5
9 46 94.05
9 47 68.68
9 48 67.03
9 49 60.17
9 50 39.81
9 51 89.54
9 52 52.24
9 53 60.54
9 54 19.21
9 55 34.93
9 56 37.66
9 57 42.44
9 58 50.16
9 59 6.32
9 60 79.31
9 61 84.39
9 62 96.88
9 63 81.12
9 64 33.3
9 65 40.8
9 66 5.83
9 67 30.61
9 68 81.22
9 69 51.04
9 70 64.66
9 71 52.2
9 72 49.04
9 73 101.24
9 74 54.15
9 75 75.17
9 76 76.06
9 77 112.45
9 78 59.94
9 79 72.01
9 80 83.93
9 81 25.96
9 82 18.03
9 83 107.2
9 84 57.43
9 85 34.93
9 86 33.06
9 87 35.51
9 88 42.2
9 89 6.71
9 90 94.02
9 91 92.57
9 92 31.0
9 93 103.75
9 94 46.1
9 95 105.91
9 96 71.45
9 97 52.5
9 98 47.71
9 99 45.34
9 100 7.07
9 101 56.08
9 102 71.7
9 103 101.27
9 104 117.39
9 105 54.33
9 106 59.94
9 107 16.55
9 108 38.47
9 109 41.62
9 110 84.29
9 111 111.83
9 112 40.25
9 113 51.04
9 114 36.22
9 115 43.93
9 116 98.27
9 117 40.05
9 118 64.63
9 119 47.17
9 120 83.82
9 121 37.01
9 122 111.07
9 123 83.38
9 124 71.06
9 125 40.46
9 126 67.12
9 127 57.01
9 128 41.04
9 129 38.6
9 130 54.71
9 131 67.12
9 132 59.93
9 133 44.2
9 134 50.49
9 135 91.29
9 136 67.01
9 137 67.47
9 138 93.35
9 139 5.39
9 140 24.21
9 141 102.0
9 142 43.57
9 143 7.07
9 144 57.69
9 145 98.43
9 146 118.07
9 147 44.82
9 148 96.84
9 149 82.68
9 150 49.66
9 151 45.61
9 152 64.56
9 153 54.08
9 154 26.02
9 155 33.42
9 156 70.46
9 157 34.99
9 158 30.0
9 159 95.46
9 160 44.65
9 161 48.3
9 162 69.64
9 163 53.23
9 164 116.04
9 165 33.96
9 166 12.53
9 167 76.32
9 168 47.38
9 169 55.36
9 170 123.71
9 171 56.36
9 172 89.11
9 173 15.0
9 174 44.42
9 175 61.29
9 176 53.0
9 177 34.66
9 178 82.1
9 179 78.92
9 180 69.01
9 181 110.63
9 182 41.15
9 183 76.12
9 184 74.22
9 185 92.46
9 186 92.7
9 187 52.77
9 188 9.06
9 189 41.4
9 190 79.4
9 191 49.01
9 192 53.67
9 193 112.45
9 194 26.91
9 195 36.4
9 196 73.35
9 197 92.7
9 198 89.02
9 199 59.01
9 200 86.68
9 201 39.0
10 0 78.24
10 1 61.13
10 2 38.33
10 3 78.77
10 4 86.82
10 5 17.2
10 6 62.18
10 7 90.01
10 8 67.74
10 9 113.15
10 11 104.69
10 12 115.97
10 13 79.91
10 14 59.62
10 15 91.09
10 16 114.02
10 17 92.18
10 18 93.05
10 19 18.36
10 20 17.69
10 21 113.28
10 22 126.53
10 23 146.73
10 24 86.12
10 25 2.83
10 26 16.28
10 27 107.23
10 28 65.37
10 29 118.26
10 30 87.2
10 31 149.0
10 32 149.03
10 33 135.07
10 34 46.17
10 35 5.0
10 36 82.1
10 37 111.04
10 38 148.22
10 39 55.73
10 40 115.69
10 41 115.84
10 42 27.46
10 43 80.75
10 44 91.92
10 45 144.2
10 46 19.1
10 47 61.85
10 48 82.2
10 49 62.24
10 50 151.09
10 51 110.04
10 52 151.45
10 53 172.35
10 54 94.11
10 55 129.65
10 56 145.6
10 57 112.81
10 58 82.28
10 59 118.8
10 60 62.03
10 61 135.07
10 62 16.4
10 63 39.56
10 64 79.98
10 65 153.64
10 66 107.52
10 67 82.76
10 68 93.01
10 69 87.6
10 70 135.06
10 71 103.45
10 72 102.18
10 73 24.33
10 74 157.84
10 75 86.09
10 76 46.57
10 77 3.61
10 78 58.18
10 79 50.6
10 80 101.0
10 81 127.64
10 82 100.26
10 83 98.23
10 84 77.2
10 85 143.84
10 86 139.4
10 87 97.49
10 88 98.62
10 89 106.78
10 90 78.09
10 91 120.02
10 92 93.49
10 93 35.11
10 94 159.11
10 95 101.64
10 96 41.73
10 97 71.18
10 98 112.72
10 99 158.4
10 100 107.52
10 101 166.03
10 102 89.56
10 103 65.8
10 104 5.1
10 105 90.52
10 106 142.24
10 107 119.63
10 108 145.8
10 109 154.25
10 110 86.05
10 111 132.23
10 112 151.74
10 113 83.82
10 114 143.0
10 115 124.48
10 116 101.12
10 117 145.09
10 118 91.24
10 119 111.79
10 120 32.7
10 121 115.39
10 122 5.39
10 123 113.02
10 124 82.61
10 125 153.46
10 126 108.85
10 127 84.9
10 128 154.15
10 129 124.35
10 130 61.29
10 131 84.17
10 132 59.48
10 133 115.55
10 134 79.48
10 135 22.02
10 136 79.25
10 137 95.89
10 138 19.8
10 139 115.31
10 140 89.2
10 141 19.1
10 142 81.41
10 143 118.83
10 144 117.18
10 145 114.53
10 146 36.8
10 147 116.47
10 148 106.68
10 149 36.69
10 150 68.26
10 151 158.45
10 152 98.84
10 153 67.98
10 154 97.08
10 155 121.71
10 156 87.69
10 157 147.25
10 158 112.51
10 159 17.69
10 160 157.14
10 161 107.91
10 162 47.41
10 163 65.0
10 164 6.32
10 165 143.06
10 166 110.11
10 167 107.47
10 168 160.51
10 169 102.2
10 170 22.85
10 171 61.4
10 172 24.21
10 173 124.08
10 174 71.03
10 175 54.71
10 176 85.07
10 177 147.8
10 178 83.01
10 179 91.05
10 180 80.89
10 181 10.3
10 182 106.51
10 183 92.2
10 184 97.42
10 185 24.04
10 186 20.62
10 187 64.66
10 188 118.93
10 189 154.21
10 190 102.12
10 191 85.44
10 192 164.78
10 193 11.4
10 194 114.59
10 195 113.6
10 196 93.43
10 197 21.1
10 198 134.45
10 199 82.46
10 200 54.04
10 201 78.24
11 0 64.14
11 1 47.43
11 2 66.41
11 3 100.65
11 4 67.62
11 5 88.53
11 6 74.95
11 7 115.25
11 8 39.12
11 9 51.62
11 10 104.69
11 12 52.81
11 13 28.32
11 14 80.65
11 15 113.21
11 16 94.81
11 17 23.02
11 18 115.12
11 19 118.07
11 20 89.82
11 21 58.18
11 22 104.85
11 23 91.59
11 24 96.8
11 25 107.21
11 26 90.24
11 27 120.1
11 28 72.8
11 29 60.75
11 30 36.62
11 31 104.12
11 32 90.93
11 33 66.27
11 34 58.52
11 35 103.12
11 36 108.71
11 37 54.13
11 38 89.94
11 39 94.11
11 40 94.4
11 41 85.98
11 42 78.64
11 43 101.6
11 44 127.94
11 45 85.0
11 46 87.86
11 47 89.81
11 48 99.48
11 49 79.38
11 50 84.02
11 51 129.81
11 52 102.84
11 53 100.72
11 54 45.28
11 55 86.54
11 56 85.84
11 57 90.0
11 58 23.09
11 59 56.61
11 60 47.8
11 61 132.28
11 62 89.5
11 63 89.27
11 64 47.01
11 65 73.35
11 66 48.3
11 67 51.87
11 68 116.81
11 69 17.26
11 70 114.91
11 71 1.41
11 72 91.92
11 73 104.24
11 74 103.1
11 75 30.41
11 76 58.19
11 77 102.46
11 78 74.73
11 79 85.7
11 80 122.07
11 81 77.49
11 82 59.82
11 83 140.43
11 84 27.51
11 85 82.73
11 86 82.76
11 87 18.38
11 88 11.4
11 89 51.48
11 90 122.0
11 91 135.37
11 92 69.31
11 93 112.02
11 94 83.73
11 95 140.55
11 96 71.01
11 97 35.06
11 98 94.64
11 99 82.73
11 100 53.71
11 101 100.02
11 102 107.07
11 103 123.23
11 104 107.22
11 105 14.32
11 106 111.4
11 107 68.15
11 108 86.98
11 109 82.15
11 110 116.76
11 111 154.67
11 112 84.01
11 113 21.21
11 114 85.33
11 115 23.6
11 116 134.11
11 117 89.63
11 118 18.87
11 119 93.86
11 120 87.01
11 121 19.42
11 122 100.57
11 123 31.78
11 124 103.45
11 125 79.31
11 126 110.34
11 127 20.12
11 128 78.52
11 129 89.47
11 130 68.96
11 131 100.5
11 132 76.24
11 133 92.42
11 134 26.08
11 135 87.13
11 136 98.01
11 137 18.68
11 138 87.66
11 139 57.01
11 140 44.69
11 141 87.46
11 142 74.33
11 143 57.87
11 144 13.0
11 145 138.6
11 146 125.06
11 147 93.23
11 148 134.79
11 149 89.09
11 150 69.46
11 151 84.48
11 152 104.48
11 153 76.16
11 154 66.53
11 155 27.89
11 156 105.15
11 157 78.01
11 158 78.77
11 159 89.05
11 160 85.21
11 161 93.51
11 162 78.77
11 163 71.51
11 164 104.75
11 165 81.74
11 166 61.77
11 167 117.8
11 168 83.19
11 169 97.62
11 170 122.98
11 171 72.42
11 172 82.57
11 173 65.8
11 174 43.17
11 175 53.08
11 176 19.65
11 177 72.25
11 178 113.6
11 179 114.06
11 180 100.72
11 181 97.86
11 182 86.56
11 183 112.06
11 184 112.41
11 185 80.65
11 186 88.28
11 187 70.23
11 188 60.41
11 189 81.22
11 190 118.6
11 191 20.02
11 192 96.13
11 193 109.24
11 194 76.66
11 195 84.88
11 196 110.11
11 197 84.4
11 198 136.12
11 199 22.83
11 200 104.56
11 201 64.14
12 0 41.63
12 1 80.08
12 2 84.6
12 3 72.06
12 4 36.88
12 5 99.01
12 6 59.93
12 7 82.49
12 8 72.78
12 9 2.83
12 10 115.97
12 11 52.81
12 13 69.12
12 14 65.39
12 15 79.63
12 16 48.02
12 17 37.05
12 18 80.89
12 19 122.41
12 20 98.31
12 21 7.62
12 22 55.17
12 23 40.0
12 24 64.07
12 25 118.8
12 26 99.7
12 27 80.32
12 28 56.36
12 29 8.06
12 30 31.78
12 31 51.42
12 32 40.2
12 33 19.42
12 34 77.52
12 35 116.73
12 36 79.01
12 37 6.08
12 38 39.2
12 39 78.43
12 40 46.87
12 41 37.2
12 42 89.2
12 43 72.01
12 44 96.52
12 45 34.23
12 46 96.88
12 47 71.17
12 48 69.0
12 49 62.77
12 50 37.16
12 51 90.76
12 52 50.49
12 53 57.8
12 54 22.02
12 55 34.0
12 56 35.36
12 57 43.05
12 58 52.35
12 59 4.0
12 60 81.74
12 61 84.65
12 62 99.7
12 63 83.86
12 64 36.12
12 65 38.01
12 66 8.6
12 67 33.42
12 68 82.87
12 69 53.0
12 70 64.44
12 71 53.45
12 72 50.29
12 73 104.01
12 74 52.04
12 75 77.06
12 76 78.77
12 77 115.28
12 78 62.65
12 79 74.69
12 80 85.38
12 81 24.7
12 82 20.22
12 83 108.9
12 84 59.68
12 85 32.56
12 86 31.0
12 87 37.22
12 88 43.74
12 89 9.43
12 90 96.08
12 91 93.52
12 92 33.06
12 93 106.44
12 94 43.28
12 95 107.52
12 96 74.28
12 97 55.03
12 98 48.37
12 99 42.52
12 100 9.49
12 101 53.49
12 102 73.44
12 103 103.58
12 104 120.22
12 105 56.14
12 106 59.17
12 107 15.81
12 108 36.22
12 109 38.83
12 110 86.15
12 111 112.7
12 112 37.58
12 113 53.15
12 114 34.06
12 115 43.84
12 116 99.82
12 117 38.0
12 118 66.37
12 119 47.89
12 120 86.61
12 121 37.44
12 122 113.9
12 123 84.5
12 124 73.01
12 125 37.64
12 126 68.15
12 127 59.01
12 128 38.21
12 129 38.29
12 130 57.45
12 131 69.03
12 132 62.61
12 133 44.65
12 134 52.77
12 135 94.11
12 136 69.07
12 137 69.05
12 138 96.18
12 139 5.0
12 140 27.02
12 141 104.81
12 142 45.89
12 143 5.1
12 144 58.31
12 145 99.62
12 146 120.75
12 147 45.22
12 148 98.23
12 149 85.44
12 150 52.33
12 151 42.8
12 152 65.97
12 153 56.65
12 154 28.02
12 155 33.24
12 156 72.25
12 157 32.25
12 158 30.53
12 159 98.29
12 160 41.88
12 161 49.24
12 162 72.4
12 163 55.9
12 164 118.87
12 165 31.58
12 166 13.6
12 167 77.49
12 168 44.55
12 169 56.61
12 170 126.49
12 171 59.06
12 172 91.93
12 173 13.15
12 174 47.17
12 175 64.07
12 176 55.04
12 177 31.83
12 178 84.02
12 179 80.62
12 180 71.01
12 181 113.45
12 182 42.15
12 183 77.78
12 184 75.71
12 185 95.27
12 186 95.52
12 187 55.47
12 188 7.62
12 189 38.6
12 190 80.78
12 191 51.09
12 192 50.99
12 193 115.26
12 194 27.2
12 195 36.89
12 196 74.97
12 197 95.52
12 198 89.4
12 199 61.07
12 200 89.19
12 201 41.63
13 0 62.13
13 1 19.7
13 2 42.05
13 3 94.76
13 4 68.88
13 5 65.03
13 6 65.95
13 7 110.31
13 8 12.17
13 9 67.03
13 10 79.91
13 11 28.32
13 12 69.12
13 14 70.6
13 15 108.93
13 16 101.02
13 17 32.06
13 18 111.07
13 19 95.05
13 20 67.01
13 21 72.06
13 22 112.89
13 23 109.07
13 24 93.72
13 25 82.2
13 26 67.01
13 27 119.2
13 28 65.07
13 29 76.0
13 30 41.0
13 31 119.27
13 32 109.29
13 33 86.31
13 34 35.06
13 35 77.67
13 36 102.59
13 37 68.03
13 38 108.3
13 39 82.15
13 40 101.24
13 41 94.64
13 42 56.08
13 43 96.17
13 44 121.26
13 45 103.31
13 46 65.01
13 47 80.0
13 48 94.79
13 49 70.29
13 50 104.74
13 51 127.78
13 52 119.04
13 53 123.49
13 54 52.95
13 55 99.72
13 56 104.39
13 57 96.8
13 58 17.12
13 59 73.11
13 60 19.72
13 61 136.85
13 62 66.03
13 63 72.8
13 64 46.52
13 65 97.5
13 66 62.01
13 67 52.8
13 68 112.45
13 69 16.49
13 70 123.33
13 71 26.91
13 72 94.83
13 73 83.86
13 74 121.15
13 75 10.63
13 76 34.0
13 77 77.28
13 78 64.2
13 79 72.56
13 80 119.0
13 81 92.14
13 82 67.91
13 83 133.06
13 84 11.18
13 85 101.49
13 86 100.08
13 87 32.98
13 88 28.64
13 89 64.12
13 90 112.65
13 91 135.0
13 92 73.01
13 93 93.39
13 94 106.9
13 95 134.06
13 96 53.14
13 97 22.02
13 98 100.46
13 99 105.95
13 100 66.19
13 101 121.2
13 102 103.39
13 103 110.48
13 104 81.79
13 105 15.26
13 106 122.78
13 107 82.15
13 108 105.3
13 109 104.29
13 110 110.45
13 111 153.53
13 112 104.92
13 113 16.0
13 114 103.17
13 115 51.66
13 116 128.76
13 117 107.07
13 118 11.4
13 119 99.54
13 120 68.41
13 121 45.49
13 122 75.31
13 123 35.44
13 124 98.29
13 125 101.92
13 126 111.83
13 127 10.44
13 128 101.53
13 129 100.22
13 130 59.55
13 131 96.26
13 132 66.22
13 133 99.62
13 134 17.72
13 135 65.19
13 136 92.63
13 137 16.03
13 138 65.03
13 139 72.0
13 140 49.73
13 141 61.61
13 142 72.67
13 143 74.06
13 144 38.95
13 145 136.03
13 146 105.08
13 147 100.57
13 148 130.83
13 149 71.78
13 150 62.97
13 151 107.28
13 152 104.04
13 153 69.3
13 154 72.11
13 155 53.85
13 156 101.24
13 157 99.04
13 158 87.8
13 159 66.0
13 160 107.45
13 161 97.99
13 162 64.41
13 163 63.66
13 164 79.08
13 165 100.5
13 166 73.55
13 167 117.41
13 168 106.89
13 169 99.48
13 170 100.04
13 171 63.13
13 172 60.07
13 173 82.02
13 174 35.81
13 175 35.78
13 176 14.14
13 177 94.92
13 178 106.96
13 179 109.62
13 180 95.46
13 181 72.03
13 182 91.92
13 183 108.3
13 184 110.11
13 185 56.22
13 186 66.12
13 187 62.24
13 188 76.01
13 189 103.58
13 190 116.52
13 191 18.03
13 192 117.9
13 193 86.05
13 194 86.88
13 195 93.01
13 196 107.06
13 197 61.01
13 198 139.67
13 199 8.06
13 200 91.24
13 201 62.13
14 0 23.77
14 1 63.6
14 2 47.13
14 3 25.94
14 4 30.0
14 5 45.89
14 6 6.0
14 7 41.34
14 8 62.94
14 9 62.77
14 10 59.62
14 11 80.65
14 12 65.39
14 13 70.6
14 15 40.71
14 16 54.42
14 17 59.03
14 18 42.94
14 19 60.31
14 20 43.42
14 21 60.42
14 22 67.05
14 23 89.2
14 24 29.27
14 25 62.24
14 26 45.35
14 27 54.41
14 28 9.22
14 29 65.0
14 30 47.1
14 31 89.89
14 32 91.93
14 33 82.49
14 34 46.07
14 35 62.3
14 36 33.02
14 37 59.51
14 38 91.22
14 39 14.0
14 40 56.08
14 41 56.6
14 42 40.0
14 43 27.73
14 44 50.91
14 45 87.73
14 46 42.95
14 47 9.43
14 48 27.51
14 49 2.83
14 50 96.05
14 51 60.84
14 52 92.66
14 53 117.03
14 54 46.87
14 55 71.22
14 56 89.14
14 57 53.23
14 58 59.93
14 59 67.08
14 60 65.8
14 61 79.23
14 62 46.1
14 63 20.81
14 64 36.01
14 65 102.88
14 66 58.19
14 67 34.37
14 68 43.91
14 69 65.8
14 70 75.93
14 71 80.01
14 72 42.72
14 73 41.11
14 74 99.64
14 75 81.06
14 76 48.3
14 77 60.41
14 78 6.4
14 79 9.9
14 80 51.43
14 81 70.72
14 82 46.14
14 83 62.48
14 84 60.75
14 85 87.86
14 86 82.76
14 87 64.94
14 88 70.09
14 89 56.08
14 90 42.19
14 91 69.64
14 92 36.12
14 93 41.34
14 94 105.95
14 95 63.66
14 96 25.71
14 97 49.4
14 98 53.14
14 99 105.39
14 100 55.95
14 101 109.62
14 102 36.4
14 103 42.76
14 104 64.62
14 105 70.68
14 106 82.64
14 107 64.2
14 108 89.11
14 109 100.44
14 110 40.46
14 111 86.35
14 112 96.83
14 113 62.17
14 114 86.28
14 115 91.14
14 116 58.9
14 117 87.73
14 118 78.03
14 119 52.2
14 120 26.93
14 121 81.15
14 122 59.77
14 123 104.45
14 124 29.97
14 125 100.4
14 126 52.09
14 127 67.6
14 128 101.55
14 129 65.19
14 130 11.7
14 131 29.41
14 132 4.47
14 133 55.95
14 134 57.25
14 135 39.05
14 136 24.7
14 137 83.35
14 138 41.98
14 139 63.06
14 140 43.29
14 141 57.14
14 142 22.67
14 143 66.65
14 144 93.15
14 145 68.1
14 146 55.57
14 147 56.86
14 148 61.85
14 149 23.32
14 150 13.34
14 151 104.86
14 152 42.19
14 153 9.22
14 154 40.61
14 155 84.05
14 156 34.18
14 157 93.23
14 158 54.04
14 159 44.15
14 160 103.0
14 161 48.38
14 162 13.04
14 163 10.05
14 164 64.51
14 165 87.21
14 166 55.76
14 167 53.6
14 168 107.91
14 169 43.42
14 170 63.66
14 171 8.25
14 172 40.2
14 173 69.89
14 174 37.7
14 175 36.12
14 176 64.85
14 177 95.88
14 178 36.88
14 179 41.18
14 180 27.31
14 181 61.61
14 182 46.96
14 183 40.72
14 184 44.27
14 185 48.0
14 186 40.26
14 187 11.0
14 188 65.86
14 189 100.69
14 190 50.33
14 191 62.24
14 192 109.12
14 193 54.92
14 194 56.64
14 195 54.38
14 196 40.5
14 197 44.28
14 198 79.91
14 199 66.89
14 200 25.02
14 201 23.77
15 0 49.09
15 1 104.01
15 2 87.46
15 3 14.76
15 4 46.62
15 5 81.61
15 6 43.83
15 7 3.16
15 8 102.62
15 9 77.93
15 10 91.09
15 11 113.21
15 12 79.63
15 13 108.93
15 14 40.71
15 16 40.85
15 17 90.21
15 18 2.24
15 19 84.4
15 20 78.41
15 21 72.34
15 22 48.01
15 23 84.5
15 24 16.55
15 25 93.19
15 26 80.4
15 27 16.28
15 28 44.05
15 29 75.06
15 30 76.66
15 31 78.03
15 32 88.26
15 33 90.2
15 34 86.77
15 35 95.01
15 36 9.0
15 37 73.82
15 38 87.92
15 39 36.35
15 40 43.08
15 41 50.45
15 42 78.34
15 43 13.04
15 44 17.0
15 45 86.4
15 46 78.64
15 47 32.89
15 48 14.14
15 49 39.96
15 50 97.02
15 51 20.25
15 52 82.37
15 53 115.17
15 54 70.38
15 55 66.1
15 56 87.64
15 57 43.68
15 58 95.78
15 59 79.23
15 60 106.23
15 61 44.92
15 62 81.5
15 63 53.46
15 64 66.29
15 65 110.65
15 66 75.93
15 67 61.4
15 68 3.61
15 69 101.04
15 70 52.35
15 71 112.9
15 72 31.4
15 73 67.48
15 74 91.24
15 75 119.55
15 76 89.01
15 77 93.01
15 78 46.65
15 79 44.64
15 80 10.77
15 81 71.2
15 82 60.42
15 83 29.27
15 84 98.29
15 85 87.8
15 86 81.74
15 87 95.38
15 88 101.87
15 89 72.57
15 90 22.02
15 91 29.61
15 92 47.54
15 93 60.17
15 94 109.44
15 95 28.16
15 96 65.92
15 97 86.98
15 98 39.56
15 99 109.24
15 100 71.2
15 101 105.85
15 102 6.32
15 103 36.24
15 104 96.13
15 105 106.04
15 106 63.89
15 107 70.06
15 108 86.98
15 109 103.37
15 110 8.6
15 111 45.65
15 112 97.98
15 113 97.95
15 114 84.48
15 115 117.39
15 116 21.02
15 117 83.82
15 118 114.77
15 119 39.22
15 120 61.66
15 121 108.08
15 122 93.01
15 123 140.72
15 124 10.82
15 125 104.74
15 126 22.63
15 127 104.14
15 128 106.53
15 129 57.25
15 130 50.0
15 131 12.81
15 132 44.42
15 133 44.6
15 134 93.51
15 135 74.67
15 136 16.4
15 137 119.85
15 138 77.65
15 139 75.33
15 140 69.32
15 141 94.2
15 142 38.95
15 143 78.16
15 144 124.42
15 145 27.46
15 146 70.26
15 147 44.94
15 148 21.93
15 149 56.44
15 150 45.97
15 151 107.71
15 152 16.16
15 153 39.7
15 154 52.17
15 155 108.16
15 156 8.06
15 157 96.69
15 158 53.34
15 159 79.51
15 160 105.02
15 161 35.44
15 162 52.2
15 163 45.45
15 164 97.02
15 165 87.56
15 166 66.27
15 167 17.09
15 168 112.18
15 169 25.96
15 170 85.73
15 171 46.62
15 172 77.47
15 173 77.06
15 174 73.59
15 175 76.28
15 176 100.77
15 177 102.7
15 178 9.43
15 179 1.0
15 180 13.6
15 181 96.13
15 182 40.45
15 183 2.24
15 184 7.81
15 185 86.12
15 186 75.54
15 187 46.86
15 188 76.06
15 189 104.14
15 190 11.05
15 191 97.45
15 192 107.22
15 193 82.73
15 194 57.31
15 195 49.03
15 196 5.39
15 197 81.22
15 198 43.57
15 199 104.0
15 200 37.48
15 201 49.09
16 0 42.11
16 1 103.75
16 2 96.13
16 3 41.77
16 4 33.38
16 5 100.0
16 6 52.63
16 7 44.01
16 8 99.2
16 9 47.43
16 10 114.02
16 11 94.81
16 12 48.02
16 13 101.02
16 14 54.42
16 15 40.85
16 17 73.25
16 18 41.11
16 19 113.02
16 20 97.72
16 21 40.5
16 22 13.04
16 23 43.66
16 24 31.83
16 25 116.62
16 26 99.62
16 27 35.01
16 28 50.01
16 29 41.15
16 30 60.83
16 31 38.29
16 32 47.43
16 33 52.77
16 34 92.02
16 35 116.71
16 36 44.94
16 37 43.6
16 38 47.13
16 39 60.75
16 40 2.24
16 41 11.4
16 42 92.96
16 43 40.46
16 44 57.01
16 45 45.89
16 46 97.12
16 47 53.34
16 48 37.54
16 49 51.87
16 50 56.72
16 51 45.18
16 52 42.2
16 53 74.33
16 54 49.93
16 55 25.5
16 56 47.07
16 57 5.0
16 58 84.58
16 59 46.07
16 60 105.91
16 61 37.54
16 62 100.28
16 63 74.73
16 64 54.71
16 65 72.06
16 66 48.17
16 67 48.38
16 68 43.01
16 69 88.12
16 70 23.09
16 71 95.0
16 72 12.21
16 73 94.02
16 74 50.77
16 75 111.09
16 76 94.05
16 77 114.83
16 78 56.75
16 79 63.56
16 80 42.3
16 81 32.06
16 82 35.0
16 83 67.9
16 84 89.89
16 85 47.52
16 86 41.44
16 87 76.61
16 88 83.82
16 89 44.6
16 90 62.18
16 91 46.17
16 92 28.16
16 93 90.8
16 94 69.46
16 95 65.38
16 96 77.1
16 97 80.36
16 98 1.41
16 99 69.35
16 100 42.52
16 101 65.0
16 102 36.24
16 103 74.63
16 104 119.04
16 105 92.66
16 106 28.23
16 107 34.18
16 108 46.32
16 109 63.39
16 110 49.24
16 111 65.0
16 112 57.71
16 113 86.33
16 114 43.93
16 115 91.21
16 116 57.31
16 117 43.01
16 118 102.88
16 119 2.24
16 120 81.34
16 121 83.55
16 122 114.16
16 123 125.92
16 124 40.0
16 125 65.12
16 126 22.02
16 127 93.04
16 128 67.07
16 129 16.49
16 130 55.58
16 131 36.24
16 132 55.08
16 133 4.0
16 134 83.38
16 135 93.3
16 136 39.6
16 137 107.04
16 138 96.17
16 139 43.05
16 140 51.88
16 141 110.42
16 142 34.23
16 143 44.72
16 144 103.28
16 145 53.6
16 146 103.59
16 147 4.12
16 148 54.0
16 149 77.47
16 150 48.37
16 151 67.6
16 152 24.7
16 153 46.57
16 154 29.07
16 155 80.8
16 156 36.36
16 157 57.08
16 158 17.49
16 159 98.37
16 160 64.78
16 161 6.4
16 162 67.05
16 163 50.8
16 164 118.93
16 165 47.38
16 166 35.0
16 167 32.02
16 168 72.34
16 169 15.26
16 170 115.66
16 171 54.13
16 172 93.86
16 173 40.8
16 174 66.94
16 175 78.16
16 176 89.0
16 177 64.07
16 178 48.76
16 179 41.79
16 180 39.7
16 181 115.8
16 182 9.22
16 183 38.63
16 184 34.21
16 185 100.81
16 186 94.56
16 187 51.62
16 188 42.05
16 189 64.28
16 190 37.22
16 191 84.97
16 192 66.41
16 193 108.67
16 194 21.02
16 195 11.18
16 196 35.47
16 197 97.98
16 198 41.77
16 199 94.02
16 200 68.12
16 201 42.11
17 0 41.18
17 1 44.72
17 2 55.61
17 3 77.82
17 4 44.69
17 5 75.13
17 6 53.15
17 7 92.28
17 8 36.77
17 9 35.0
17 10 92.18
17 11 23.02
17 12 37.05
17 13 32.06
17 14 59.03
17 15 90.21
17 16 73.25
17 18 92.11
17 19 103.12
17 20 75.64
17 21 40.31
17 22 84.08
17 23 77.03
17 24 73.78
17 25 94.89
17 26 76.49
17 27 97.19
17 28 50.7
17 29 44.05
17 30 13.6
17 31 87.57
17 32 77.23
17 33 54.57
17 34 47.63
17 35 91.59
17 36 85.87
17 37 36.22
17 38 76.24
17 39 72.84
17 40 73.06
17 41 65.31
17 42 64.85
17 43 78.71
17 44 105.1
17 45 71.25
17 46 73.82
17 47 67.91
17 48 76.54
17 49 57.49
17 50 73.01
17 51 106.83
17 52 87.14
17 53 92.36
17 54 23.32
17 55 68.45
17 56 72.34
17 57 68.6
17 58 15.52
17 59 41.05
17 60 46.1
17 61 110.44
17 62 76.03
17 63 70.26
17 64 24.17
17 65 67.6
17 66 30.15
17 67 28.84
17 68 93.81
17 69 16.12
17 70 94.37
17 71 22.8
17 72 69.43
17 73 87.32
17 74 89.09
17 75 40.31
17 76 48.17
17 77 90.55
17 78 53.46
17 79 65.12
17 80 99.05
17 81 60.41
17 82 38.47
17 83 117.63
17 84 23.09
17 85 69.46
17 86 68.03
17 87 6.0
17 88 11.66
17 89 32.56
17 90 99.62
17 91 112.54
17 92 46.75
17 93 93.65
17 94 76.16
17 95 117.65
17 96 53.85
17 97 21.93
17 98 72.95
17 99 75.24
17 100 34.71
17 101 89.5
17 102 84.06
17 103 101.79
17 104 95.52
17 105 19.92
17 106 92.35
17 107 50.49
17 108 73.25
17 109 73.05
17 110 93.91
17 111 131.8
17 112 73.25
17 113 16.12
17 114 71.11
17 115 33.54
17 116 111.14
17 117 75.03
17 118 30.36
17 119 72.11
17 120 69.43
17 121 23.77
17 122 88.84
17 123 52.8
17 124 80.53
17 125 70.94
17 126 87.69
17 127 22.02
17 128 70.77
17 129 69.89
17 130 47.52
17 131 77.52
17 132 54.74
17 133 71.2
17 134 16.55
17 135 72.24
17 136 75.13
17 137 34.01
17 138 73.41
17 139 40.05
17 140 21.93
17 141 77.2
17 142 51.31
17 143 42.01
17 144 34.54
17 145 115.6
17 146 107.35
17 147 72.07
17 148 111.77
17 149 70.58
17 150 47.13
17 151 76.32
17 152 81.57
17 153 53.76
17 154 44.41
17 155 29.53
17 156 82.15
17 157 67.45
17 158 58.18
17 159 75.15
17 160 76.22
17 161 71.4
17 162 59.03
17 163 49.48
17 164 93.49
17 165 68.47
17 166 42.45
17 167 94.92
17 168 76.49
17 169 74.97
17 170 107.84
17 171 50.8
17 172 68.45
17 173 50.0
17 174 23.19
17 175 37.58
17 176 18.0
17 177 64.08
17 178 90.8
17 179 91.07
17 180 77.83
17 181 87.09
17 182 64.64
17 183 89.04
17 184 89.4
17 185 68.8
17 186 73.54
17 187 48.27
17 188 44.01
17 189 72.45
17 190 95.6
17 191 14.04
17 192 86.4
17 193 94.7
17 194 56.65
17 195 63.95
17 196 87.09
17 197 71.12
17 198 114.02
17 199 24.02
17 200 83.6
17 201 41.18
18 0 51.04
18 1 106.23
18 2 89.69
18 3 17.0
18 4 48.33
18 5 83.73
18 6 46.04
18 7 3.61
18 8 104.81
18 9 79.25
18 10 93.05
18 11 115.12
18 12 80.89
18 13 111.07
18 14 42.94
18 15 2.24
18 16 41.11
18 17 92.11
18 19 86.12
18 20 80.5
18 21 73.55
18 22 47.71
18 23 84.76
18 24 18.36
18 25 95.13
18 26 82.49
18 27 14.56
18 28 46.23
18 29 76.16
18 30 78.55
18 31 77.9
18 32 88.54
18 33 91.09
18 34 89.01
18 35 97.0
18 36 11.05
18 37 75.13
18 38 88.23
18 39 38.47
18 40 43.32
18 41 50.99
18 42 80.52
18 43 15.26
18 44 16.12
18 45 86.83
18 46 80.75
18 47 35.11
18 48 16.28
18 49 42.19
18 50 97.51
18 51 18.03
18 52 82.3
18 53 115.43
18 54 72.09
18 55 66.48
18 56 88.06
18 57 44.15
18 58 97.84
18 59 80.4
18 60 108.45
18 61 43.32
18 62 83.6
18 63 55.58
18 64 68.24
18 65 111.45
18 66 77.37
18 67 63.29
18 68 2.0
18 69 103.08
18 70 51.62
18 71 114.83
18 72 32.14
18 73 69.35
18 74 91.24
18 75 121.7
18 76 91.24
18 77 95.0
18 78 48.88
18 79 46.84
18 80 8.54
18 81 71.85
18 82 61.85
18 83 28.07
18 84 100.41
18 85 88.29
18 86 82.23
18 87 97.25
18 88 103.77
18 89 73.98
18 90 22.63
18 91 27.46
18 92 49.04
18 93 61.85
18 94 110.02
18 95 26.68
18 96 68.15
18 97 89.11
18 98 39.85
18 99 109.84
18 100 72.57
18 101 106.04
18 102 8.06
18 103 37.2
18 104 98.08
18 105 108.07
18 106 63.41
18 107 71.01
18 108 87.36
18 109 103.94
18 110 9.22
18 111 43.42
18 112 98.49
18 113 100.0
18 114 84.9
18 115 119.04
18 116 19.31
18 117 84.12
18 118 116.85
18 119 39.56
18 120 63.79
18 121 109.77
18 122 95.02
18 123 142.76
18 124 13.04
18 125 105.38
18 126 22.02
18 127 106.22
18 128 107.2
18 129 57.57
18 130 52.2
18 131 14.87
18 132 46.65
18 133 44.92
18 134 95.59
18 135 76.79
18 136 18.6
18 137 121.92
18 138 79.76
18 139 76.53
18 140 71.12
18 141 96.34
18 142 40.82
18 143 79.31
18 144 126.27
18 145 25.24
18 146 71.69
18 147 45.22
18 148 19.85
18 149 58.55
18 150 48.1
18 151 108.26
18 152 16.49
18 153 41.87
18 154 53.6
18 155 109.73
18 156 10.0
18 157 97.32
18 158 54.15
18 159 81.61
18 160 105.54
18 161 35.9
18 162 54.42
18 163 47.63
18 164 99.01
18 165 88.07
18 166 67.48
18 167 15.65
18 168 112.79
18 169 26.48
18 170 87.36
18 171 48.83
18 172 79.62
18 173 78.01
18 174 75.69
18 175 78.49
18 176 102.83
18 177 103.48
18 178 10.77
18 179 2.0
18 180 15.81
18 181 98.18
18 182 41.19
18 183 3.16
18 184 7.21
18 185 88.29
18 186 77.65
18 187 49.04
18 188 77.16
18 189 104.74
18 190 9.22
18 191 99.49
18 192 107.52
18 193 84.59
18 194 58.14
18 195 49.65
18 196 6.0
18 197 83.36
18 198 41.77
18 199 106.1
18 200 39.32
18 201 51.04
19 0 82.13
19 1 77.16
19 2 53.01
19 3 74.09
19 4 89.81
19 5 30.02
19 6 64.35
19 7 82.76
19 8 83.01
19 9 119.62
19 10 18.36
19 11 118.07
19 12 122.41
19 13 95.05
19 14 60.31
19 15 84.4
19 16 113.02
19 17 103.12
19 18 86.12
19 20 28.28
19 21 118.7
19 22 124.82
19 23 149.48
19 24 82.76
19 25 17.8
19 26 28.07
19 27 100.66
19 28 67.88
19 29 123.56
19 30 96.15
19 31 149.84
19 32 152.16
19 33 140.87
19 34 60.21
19 35 23.02
19 36 75.69
19 37 117.0
19 38 151.43
19 39 52.35
19 40 114.91
19 41 116.61
19 42 39.46
19 43 75.96
19 44 82.05
19 45 147.8
19 46 30.27
19 47 59.68
19 48 78.0
19 49 63.13
19 50 155.67
19 51 101.83
19 52 152.8
19 53 176.83
19 54 101.24
19 55 131.5
19 56 149.21
19 57 112.61
19 58 95.13
19 59 124.81
19 60 78.31
19 61 129.28
19 62 29.02
19 63 39.62
19 64 87.46
19 65 160.42
19 66 114.28
19 67 89.05
19 68 85.7
19 69 100.81
19 70 132.42
19 71 116.9
19 72 100.85
19 73 19.21
19 74 159.93
19 75 102.12
19 76 61.07
19 77 21.95
19 78 60.83
19 79 50.45
19 80 93.38
19 81 130.86
19 82 104.89
19 83 86.47
19 84 90.93
19 85 147.79
19 86 142.86
19 87 108.78
19 88 110.86
19 89 113.0
19 90 68.07
19 91 111.88
19 92 96.21
19 93 24.33
19 94 164.78
19 95 90.27
19 96 49.66
19 97 83.43
19 98 111.65
19 99 164.15
19 100 113.41
19 101 169.73
19 102 84.12
19 103 54.08
19 104 20.52
19 105 104.24
19 106 141.03
19 107 123.79
19 108 149.24
19 109 159.55
19 110 78.09
19 111 122.02
19 112 156.4
19 113 96.88
19 114 146.41
19 115 136.31
19 116 91.01
19 117 147.99
19 118 106.17
19 119 110.79
19 120 35.81
19 121 126.81
19 122 23.71
19 123 129.19
19 124 77.49
19 125 159.15
19 126 104.4
19 127 98.86
19 128 160.08
19 129 125.21
19 130 65.3
19 131 79.85
19 132 61.52
19 133 115.12
19 134 92.2
19 135 31.05
19 136 75.24
19 137 111.07
19 138 30.41
19 139 121.04
19 140 96.57
19 141 36.69
19 142 82.98
19 143 124.63
19 144 130.86
19 145 105.12
19 146 20.12
19 147 115.97
19 148 97.08
19 149 37.48
19 150 71.45
19 151 163.89
19 152 94.7
19 153 69.43
19 154 100.41
19 155 132.4
19 156 82.54
19 157 152.4
19 158 114.34
19 159 29.15
19 160 162.27
19 161 106.68
19 162 50.33
19 163 67.9
19 164 23.43
19 165 147.09
19 166 114.77
19 167 101.39
19 168 166.48
19 169 99.73
19 170 5.0
19 171 64.38
19 172 35.51
19 173 128.97
19 174 80.62
19 175 65.8
19 176 98.48
19 177 154.01
19 178 75.5
19 179 84.17
19 180 76.32
19 181 28.65
19 182 106.51
19 183 85.87
19 184 91.48
19 185 39.05
19 186 29.83
19 187 67.94
19 188 124.33
19 189 159.67
19 190 95.34
19 191 98.27
19 192 169.01
19 193 9.0
19 194 116.93
19 195 114.4
19 196 87.64
19 197 34.06
19 198 127.88
19 199 96.63
19 200 47.13
19 201 82.13
20 0 60.75
20 1 49.82
20 2 25.18
20 3 65.01
20 4 69.46
20 5 3.61
20 6 45.31
20 7 77.78
20 8 55.08
20 9 95.48
20 10 17.69
20 11 89.82
20 12 98.31
20 13 67.01
20 14 43.42
20 15 78.41
20 16 97.72
20 17 75.64
20 18 80.5
20 19 28.28
20 21 95.59
20 22 110.44
20 23 129.25
20 24 71.34
20 25 20.52
20 26 2.0
20 27 94.13
20 28 48.33
20 29 100.57
20 30 69.89
20 31 131.93
20 32 131.49
20 33 117.39
20 34 32.02
20 35 19.24
20 36 69.46
20 37 93.35
20 38 130.67
20 39 42.11
20 40 99.3
20 41 98.9
20 42 11.18
20 43 67.01
20 44 81.91
20 45 126.61
20 46 2.0
20 47 47.1
20 48 68.03
20 49 45.88
20 50 133.42
20 51 98.15
20 52 134.24
20 53 154.67
20 54 76.49
20 55 112.38
20 56 128.0
20 57 96.21
20 58 66.94
20 59 101.12
20 60 51.2
20 61 121.1
20 62 3.16
20 63 25.02
20 64 62.37
20 65 136.03
20 66 89.87
20 67 65.07
20 68 80.75
20 69 72.57
20 70 119.33
20 71 88.65
20 72 86.13
20 73 19.42
20 74 140.46
20 75 74.55
20 76 33.02
20 77 17.49
20 78 41.23
20 79 35.23
20 80 88.81
20 81 110.11
20 82 82.62
20 83 89.96
20 84 62.65
20 85 126.21
20 86 121.83
20 87 81.15
20 88 82.86
20 89 89.1
20 90 68.71
20 91 107.91
20 92 76.16
20 93 31.24
20 94 141.43
20 95 92.85
20 96 24.04
20 97 55.36
20 98 96.46
20 99 140.72
20 100 89.83
20 101 148.4
20 102 76.03
20 103 58.83
20 104 22.2
20 105 75.95
20 106 125.87
20 107 102.0
20 108 128.22
20 109 136.56
20 110 74.53
20 111 121.75
20 112 134.06
20 113 68.66
20 114 125.43
20 115 108.5
20 116 91.09
20 117 127.58
20 118 78.03
20 119 95.51
20 120 17.03
20 121 99.16
20 122 16.55
20 123 101.6
20 124 69.03
20 125 135.77
20 126 94.34
20 127 70.58
20 128 136.47
20 129 107.35
20 130 43.91
20 131 70.03
20 132 42.72
20 133 99.02
20 134 64.03
20 135 4.47
20 136 65.03
20 137 83.0
20 138 2.24
20 139 97.62
20 140 71.59
20 141 16.55
20 142 64.47
20 143 101.14
20 144 102.59
20 145 103.59
20 146 39.56
20 147 99.96
20 148 96.05
20 149 22.02
20 150 51.0
20 151 140.76
20 152 84.29
20 153 51.26
20 154 79.61
20 155 105.12
20 156 74.01
20 157 129.56
20 158 95.29
20 159 1.41
20 160 139.45
20 161 91.76
20 162 30.68
20 163 47.85
20 164 21.47
20 165 125.42
20 166 92.46
20 167 94.02
20 168 142.84
20 169 86.68
20 170 33.24
20 171 44.28
20 172 7.28
20 173 106.4
20 174 53.85
20 175 38.08
20 176 70.21
20 177 130.14
20 178 71.2
20 179 78.52
20 180 67.0
20 181 18.25
20 182 89.89
20 183 79.23
20 184 84.05
20 185 12.53
20 186 3.16
20 187 47.41
20 188 101.24
20 189 136.52
20 190 89.27
20 191 70.09
20 192 147.12
20 193 19.42
20 194 97.25
20 195 96.66
20 196 80.06
20 197 6.32
20 198 121.0
20 199 68.36
20 200 43.32
20 201 60.75
21 0 36.89
21 1 81.39
21 2 83.65
21 3 65.28
21 4 31.02
21 5 96.54
21 6 55.23
21 7 75.24
21 8 74.55
21 9 7.07
21 10 113.28
21 11 58.18
21 12 7.62
21 13 72.06
21 14 60.42
21 15 72.34
21 16 40.5
21 17 40.31
21 18 73.55
21 19 118.7
21 20 95.59
21 22 48.1
21 23 37.66
21 24 57.0
21 25 116.1
21 26 97.08
21 27 72.73
21 28 51.62
21 29 5.0
21 30 32.56
21 31 47.27
21 32 38.6
21 33 22.2
21 34 76.97
21 35 114.34
21 36 72.03
21 37 4.12
21 38 37.64
21 39 73.01
21 40 39.41
21 41 29.83
21 42 87.01
21 43 65.12
21 44 89.27
21 45 32.89
21 46 94.26
21 47 65.55
21 48 62.07
21 49 57.71
21 50 38.01
21 51 83.17
21 52 47.0
21 53 59.2
21 54 21.19
21 55 28.46
21 56 34.18
21 57 35.51
21 58 55.01
21 59 7.07
21 60 83.19
21 61 77.34
21 62 97.19
21 63 79.63
21 64 34.48
21 65 42.49
21 66 10.2
21 67 30.61
21 68 75.54
21 69 56.44
21 70 57.63
21 71 58.69
21 72 42.72
21 73 100.0
21 74 49.82
21 75 80.62
21 76 78.39
21 77 112.81
21 78 58.25
21 79 69.97
21 80 77.88
21 81 20.1
21 82 14.32
21 83 101.6
21 84 62.03
21 85 31.78
21 86 28.86
21 87 41.48
21 88 48.38
21 89 8.06
21 90 89.27
21 91 85.91
21 92 26.48
21 93 101.71
21 94 46.1
21 95 100.13
21 96 71.59
21 97 56.09
21 98 40.82
21 99 45.45
21 100 6.32
21 101 53.71
21 102 66.19
21 103 97.29
21 104 117.69
21 105 60.02
21 106 53.23
21 107 10.2
21 108 34.79
21 109 41.01
21 110 79.03
21 111 105.1
21 112 38.6
21 113 56.08
21 114 32.28
21 115 50.99
21 116 92.4
21 117 35.69
21 118 70.41
21 119 40.31
21 120 82.98
21 121 44.05
21 122 111.52
21 123 89.96
21 124 66.03
21 125 40.46
21 126 60.54
21 127 62.29
21 128 41.4
21 129 31.62
21 130 53.41
21 131 62.01
21 132 57.98
21 133 37.2
21 134 55.04
21 135 91.29
21 136 62.29
21 137 73.5
21 138 93.51
21 139 3.0
21 140 26.0
21 141 103.17
21 142 39.85
21 143 6.32
21 144 64.64
21 145 92.03
21 146 115.97
21 147 37.8
21 148 90.71
21 149 81.4
21 150 47.71
21 151 45.28
21 152 58.46
21 153 51.43
21 154 21.38
21 155 40.46
21 156 65.07
21 157 33.97
21 158 23.02
21 159 95.67
21 160 43.86
21 161 41.63
21 162 68.41
21 163 51.31
21 164 116.52
21 165 30.87
21 166 6.08
21 167 69.89
21 168 47.8
21 169 49.04
21 170 122.61
21 171 54.64
21 172 89.5
21 173 11.18
21 174 46.62
21 175 63.06
21 176 58.22
21 177 35.51
21 178 77.01
21 179 73.33
21 180 64.12
21 181 111.4
21 182 34.54
21 183 70.46
21 184 68.25
21 185 93.48
21 186 92.7
21 187 51.04
21 188 5.66
21 189 41.04
21 190 73.25
21 191 54.15
21 192 51.87
21 193 111.87
21 194 19.85
21 195 29.41
21 196 67.6
21 197 93.24
21 198 82.01
21 199 64.12
21 200 83.57
21 201 36.89
22 0 55.04
22 1 116.4
22 2 109.17
22 3 52.01
22 4 46.17
22 5 112.79
22 6 65.51
22 7 51.04
22 8 111.61
22 9 55.17
22 10 126.53
22 11 104.85
22 12 55.17
22 13 112.89
22 14 67.05
22 15 48.01
22 16 13.04
22 17 84.08
22 18 47.71
22 19 124.82
22 20 110.44
22 21 48.1
22 23 40.05
22 24 42.44
22 25 129.1
22 26 112.36
22 27 37.95
22 28 62.97
22 29 47.51
22 30 72.24
22 31 30.46
22 32 44.05
22 33 55.54
22 34 105.0
22 35 129.34
22 36 53.76
22 37 51.74
22 38 44.01
22 39 72.47
22 40 12.04
22 41 18.87
22 42 105.91
22 43 50.45
22 44 62.61
22 45 44.18
22 46 109.9
22 47 65.31
22 48 47.8
22 49 64.56
22 50 55.15
22 51 46.87
22 52 35.11
22 53 70.04
22 54 60.84
22 55 25.3
22 56 45.1
22 57 16.28
22 58 96.21
22 59 52.5
22 60 118.53
22 61 30.02
22 62 113.05
22 63 87.09
22 64 66.94
22 65 72.78
22 66 57.01
22 67 60.64
22 68 49.4
22 69 99.4
22 70 10.44
22 71 105.15
22 72 24.35
22 73 105.99
22 74 44.27
22 75 122.78
22 76 107.02
22 77 127.44
22 78 69.63
22 79 75.96
22 80 46.62
22 81 34.44
22 82 45.62
22 83 72.11
22 84 101.83
22 85 46.39
22 86 40.61
22 87 86.95
22 88 94.15
22 89 53.6
22 90 70.0
22 91 45.01
22 92 40.61
22 93 102.08
22 94 68.18
22 95 68.96
22 96 90.09
22 97 92.65
22 98 14.14
22 99 68.26
22 100 51.4
22 101 60.21
22 102 44.6
22 103 83.55
22 104 131.58
22 105 103.79
22 106 16.4
22 107 39.82
22 108 44.05
22 109 62.29
22 110 56.61
22 111 62.17
22 112 56.14
22 113 97.86
22 114 42.19
22 115 99.01
22 116 61.03
22 117 40.0
22 118 114.13
22 119 15.13
22 120 93.92
22 121 92.1
22 122 126.83
22 123 136.34
22 124 49.58
22 125 64.63
22 126 25.94
22 127 104.55
22 128 66.75
22 129 17.49
22 130 68.59
22 131 46.23
22 132 67.91
22 133 13.34
22 134 95.19
22 135 106.04
22 136 50.22
22 137 118.07
22 138 108.93
22 139 50.21
22 140 63.32
22 141 123.36
22 142 47.27
22 143 51.09
22 144 112.45
22 145 54.23
22 146 114.4
22 147 12.37
22 148 56.52
22 149 89.89
22 150 61.4
22 151 66.12
22 152 32.56
22 153 59.44
22 154 40.8
22 155 88.41
22 156 45.25
22 157 56.89
22 158 26.08
22 159 111.13
22 160 63.07
22 161 18.68
22 162 79.81
22 163 63.79
22 164 131.55
22 165 46.53
22 166 43.42
22 167 35.11
22 168 71.25
22 169 25.24
22 170 127.26
22 171 67.08
22 172 106.73
22 173 45.49
22 174 79.43
22 175 91.09
22 176 100.46
22 177 65.0
22 178 56.85
22 179 48.83
22 180 49.82
22 181 128.58
22 182 22.02
22 183 45.8
22 184 40.5
22 185 113.77
22 186 107.28
22 187 64.63
22 188 48.27
22 189 63.39
22 190 41.63
22 191 96.38
22 192 62.51
22 193 120.83
22 194 28.43
22 195 20.12
22 196 42.8
22 197 110.86
22 198 35.34
22 199 105.69
22 200 79.06
22 201 55.04
23 0 68.51
23 1 119.05
23 2 120.15
23 3 83.86
23 4 60.0
23 5 130.7
23 6 85.28
23 7 87.66
23 8 112.15
23 9 42.05
23 10 146.73
23 11 91.59
23 12 40.0
23 13 109.07
23 14 89.2
23 15 84.5
23 16 43.66
23 17 77.03
23 18 84.76
23 19 149.48
23 20 129.25
23 21 37.66
23 22 40.05
23 24 73.93
23 25 149.51
23 26 130.92
23 27 77.28
23 28 81.84
23 29 33.24
23 30 70.21
23 31 15.62
23 32 4.0
23 33 26.4
23 34 113.89
23 35 148.41
23 36 88.1
23 37 41.44
23 38 4.12
23 39 99.16
23 40 41.44
23 41 34.99
23 42 121.8
23 43 82.86
23 44 100.58
23 45 7.21
23 46 128.16
23 47 91.35
23 48 79.76
23 49 86.37
23 50 16.16
23 51 86.7
23 52 12.21
23 53 30.68
23 54 58.69
23 55 18.87
23 56 7.07
23 57 41.15
23 58 92.2
23 59 36.0
23 60 120.84
23 61 67.27
23 62 131.23
23 63 109.88
23 64 71.17
23 65 35.85
23 66 47.27
23 67 66.31
23 68 86.65
23 69 93.0
23 70 43.74
23 71 92.4
23 72 54.12
23 73 130.3
23 74 12.17
23 75 117.04
23 76 115.43
23 77 146.73
23 78 89.02
23 79 99.09
23 80 85.38
23 81 19.24
23 82 47.42
23 83 111.09
23 84 99.41
23 85 10.0
23 86 9.0
23 87 77.1
23 88 83.38
23 89 45.71
23 90 105.6
23 91 85.01
23 92 53.41
23 93 129.5
23 94 28.86
23 95 108.26
23 96 105.82
23 97 93.74
23 98 44.94
23 99 29.12
23 100 43.93
23 101 21.47
23 102 79.71
23 103 117.34
23 104 151.43
23 105 96.08
23 106 31.95
23 107 28.46
23 108 5.66
23 109 23.41
23 110 92.85
23 111 101.49
23 112 17.09
23 113 93.09
23 114 6.32
23 115 77.47
23 116 100.22
23 117 2.0
23 118 106.23
23 119 45.31
23 120 114.81
23 121 74.04
23 122 145.65
23 123 122.72
23 124 82.76
23 125 26.4
23 126 64.54
23 127 99.01
23 128 28.64
23 129 27.31
23 130 85.45
23 131 78.77
23 132 88.09
23 133 39.92
23 134 92.44
23 135 124.81
23 136 81.3
23 137 108.66
23 138 127.32
23 139 37.22
23 140 63.32
23 141 138.65
23 142 66.53
23 143 35.01
23 144 94.87
23 145 94.26
23 146 143.18
23 147 39.56
23 148 96.18
23 149 112.16
23 150 78.6
23 151 26.68
23 152 68.35
23 153 80.06
23 154 49.65
23 155 67.42
23 156 79.62
23 157 20.0
23 158 35.38
23 159 129.54
23 160 23.54
23 161 49.24
23 162 99.81
23 163 82.01
23 164 150.63
23 165 10.82
23 166 38.28
23 167 74.33
23 168 32.02
23 169 58.69
23 170 152.84
23 171 85.6
23 172 123.82
23 173 27.07
23 174 83.82
23 175 99.72
23 176 95.02
23 177 29.21
23 178 92.2
23 179 85.44
23 180 81.99
23 181 146.12
23 182 45.79
23 183 82.28
23 184 77.79
23 185 128.83
23 186 126.19
23 187 82.2
23 188 33.14
23 189 24.7
23 190 80.28
23 191 91.05
23 192 22.8
23 193 143.68
23 194 32.56
23 195 36.89
23 196 79.12
23 197 127.77
23 198 73.16
23 199 101.04
23 200 108.23
23 201 68.51
24 0 32.8
24 1 90.35
24 2 76.16
24 3 10.0
24 4 30.08
24 5 74.17
24 6 30.68
24 7 18.97
24 8 88.2
24 9 62.2
24 10 86.12
24 11 96.8
24 12 64.07
24 13 93.72
24 14 29.27
24 15 16.55
24 16 31.83
24 17 73.78
24 18 18.36
24 19 82.76
24 20 71.34
24 21 57.0
24 22 42.44
24 23 73.93
24 25 88.53
24 26 73.33
24 27 25.94
24 28 29.97
24 29 60.13
24 30 60.21
24 31 70.09
24 32 77.41
24 33 76.12
24 34 74.33
24 35 89.44
24 36 15.13
24 37 58.14
24 38 76.94
24 39 30.68
24 40 33.97
24 41 38.95
24 42 69.12
24 43 8.94
24 44 32.76
24 45 74.73
24 46 71.18
24 47 24.33
24 48 5.83
24 49 27.66
24 50 84.86
24 51 34.06
24 52 73.88
24 53 104.2
24 54 53.85
24 55 55.07
24 56 76.06
24 57 33.02
24 58 79.93
24 59 64.01
24 60 92.59
24 61 50.04
24 62 74.24
24 63 46.69
24 64 50.0
24 65 96.88
24 66 59.84
24 67 44.94
24 68 20.12
24 69 85.04
24 70 49.66
24 71 96.52
24 72 20.0
24 73 64.26
24 74 82.2
24 75 104.35
24 76 76.55
24 77 87.48
24 78 34.21
24 79 36.12
24 80 25.5
24 81 58.52
24 82 44.41
24 83 45.35
24 84 82.88
24 85 75.77
24 86 69.86
24 87 78.89
24 88 85.44
24 89 56.57
24 90 32.76
24 91 41.68
24 92 31.4
24 93 59.68
24 94 96.77
24 95 44.6
24 96 54.92
24 97 71.7
24 98 30.41
24 99 96.46
24 100 55.33
24 101 95.38
24 102 10.3
24 103 43.42
24 104 91.22
24 105 90.03
24 106 58.82
24 107 55.9
24 108 75.58
24 109 90.76
24 110 22.09
24 111 59.82
24 112 85.8
24 113 82.07
24 114 72.92
24 115 100.9
24 116 37.58
24 117 72.95
24 118 99.01
24 119 29.73
24 120 54.33
24 121 91.55
24 122 87.13
24 123 124.74
24 124 9.22
24 125 91.76
24 126 23.02
24 127 88.39
24 128 93.41
24 129 46.87
24 130 36.25
24 131 5.1
24 132 32.02
24 133 34.83
24 134 77.78
24 135 67.19
24 136 7.81
24 137 104.0
24 138 70.18
24 139 60.0
24 140 52.77
24 141 86.0
24 142 22.47
24 143 63.03
24 144 107.91
24 145 42.43
24 146 72.01
24 147 35.47
24 148 38.01
24 149 49.65
24 150 31.06
24 151 95.19
24 152 13.0
24 153 25.5
24 154 36.22
24 155 91.76
24 156 8.54
24 157 83.82
24 158 40.16
24 159 72.25
24 160 92.7
24 161 25.5
24 162 42.11
24 163 31.3
24 164 91.59
24 165 75.39
24 166 51.01
24 167 24.7
24 168 99.33
24 169 17.2
24 170 85.0
24 171 33.24
24 172 69.0
24 173 62.8
24 174 58.05
24 175 62.61
24 176 84.9
24 177 89.05
24 178 20.02
24 179 17.46
24 180 8.06
24 181 89.56
24 182 28.18
24 183 15.26
24 184 16.4
24 185 77.1
24 186 68.26
24 187 32.65
24 188 61.13
24 189 91.39
24 190 22.8
24 191 81.47
24 192 96.15
24 193 79.38
24 194 43.97
24 195 37.12
24 196 13.45
24 197 73.01
24 198 50.64
24 199 88.41
24 200 36.62
24 201 32.8
25 0 81.02
25 1 63.29
25 2 40.8
25 3 81.05
25 4 89.59
25 5 20.0
25 6 64.88
25 7 92.05
25 8 70.04
25 9 115.97
25 10 2.83
25 11 107.21
25 12 118.8
25 13 82.2
25 14 62.24
25 15 93.19
25 16 116.62
25 17 94.89
25 18 95.13
25 19 17.8
25 20 20.52
25 21 116.1
25 22 129.1
25 23 149.51
25 24 88.53
25 26 19.1
25 27 109.37
25 28 68.1
25 29 121.08
25 30 90.0
25 31 151.72
25 32 151.82
25 33 137.9
25 34 48.7
25 35 5.39
25 36 84.21
25 37 113.86
25 38 151.01
25 39 58.05
25 40 118.31
25 41 118.53
25 42 30.23
25 43 83.02
25 44 93.65
25 45 147.0
25 46 21.93
25 47 64.29
25 48 84.53
25 49 64.88
25 50 153.91
25 51 112.0
25 52 154.18
25 53 175.17
25 54 96.94
25 55 132.4
25 56 148.4
25 57 115.45
25 58 84.86
25 59 121.63
25 60 64.12
25 61 137.32
25 62 19.21
25 63 42.06
25 64 82.81
25 65 156.46
25 66 110.34
25 67 85.59
25 68 95.05
25 69 90.14
25 70 137.57
25 71 105.95
25 72 104.75
25 73 26.08
25 74 160.61
25 75 88.2
25 76 49.04
25 77 5.0
25 78 60.9
25 79 53.14
25 80 103.02
25 81 130.43
25 82 103.08
25 83 99.69
25 84 79.7
25 85 146.65
25 86 142.2
25 87 100.18
25 88 101.24
25 89 109.6
25 90 79.76
25 91 122.0
25 92 96.25
25 93 36.4
25 94 161.94
25 95 103.16
25 96 44.55
25 97 73.82
25 98 115.32
25 99 161.23
25 100 110.34
25 101 168.83
25 102 91.79
25 103 67.19
25 104 3.16
25 105 93.01
25 106 144.85
25 107 122.44
25 108 148.6
25 109 157.08
25 110 88.01
25 111 133.96
25 112 154.56
25 113 86.38
25 114 145.8
25 115 127.12
25 116 102.83
25 117 147.87
25 118 93.56
25 119 114.39
25 120 35.34
25 121 118.07
25 122 7.0
25 123 115.07
25 124 84.85
25 125 156.28
25 126 111.2
25 127 87.36
25 128 156.98
25 129 127.06
25 130 64.07
25 131 86.49
25 132 62.18
25 133 118.19
25 134 82.08
25 135 24.84
25 136 81.58
25 137 98.15
25 138 22.63
25 139 118.14
25 140 92.02
25 141 21.0
25 142 84.12
25 143 121.66
25 144 119.64
25 145 116.35
25 146 37.01
25 147 119.1
25 148 108.46
25 149 39.22
25 150 71.02
25 151 161.28
25 152 101.2
25 153 70.66
25 154 99.86
25 155 124.42
25 156 89.94
25 157 150.07
25 158 115.25
25 159 20.52
25 160 159.96
25 161 110.49
25 162 50.12
25 163 67.74
25 164 5.66
25 165 145.87
25 166 112.93
25 167 109.66
25 168 163.34
25 169 104.69
25 170 21.95
25 171 64.14
25 172 27.02
25 173 126.91
25 174 73.82
25 175 57.45
25 176 87.6
25 177 150.63
25 178 85.01
25 179 93.13
25 180 83.19
25 181 11.4
25 182 109.17
25 183 94.34
25 184 99.61
25 185 26.57
25 186 23.43
25 187 67.42
25 188 121.75
25 189 157.04
25 190 104.24
25 191 88.02
25 192 167.6
25 193 12.08
25 194 117.35
25 195 116.3
25 196 95.63
25 197 23.85
25 198 136.62
25 199 84.9
25 200 56.0
25 201 81.02
26 0 62.43
26 1 49.5
26 2 25.02
26 3 67.01
26 4 71.2
26 5 2.24
26 6 47.17
26 7 79.76
26 8 55.01
26 9 96.88
26 10 16.28
26 11 90.24
26 12 99.7
26 13 67.01
26 14 45.35
26 15 80.4
26 16 99.62
26 17 76.49
26 18 82.49
26 19 28.07
26 20 2.0
26 21 97.08
26 22 112.36
26 23 130.92
26 24 73.33
26 25 19.1
26 27 96.13
26 28 50.16
26 29 102.07
26 30 71.03
26 31 133.72
26 32 133.14
26 33 118.83
26 34 32.14
26 35 17.49
26 36 71.45
26 37 94.79
26 38 132.31
26 39 44.1
26 40 101.19
26 41 100.72
26 42 11.7
26 43 69.01
26 44 83.82
26 45 128.22
26 46 2.83
26 47 49.09
26 48 70.03
26 49 47.8
26 50 134.95
26 51 100.13
26 52 136.0
26 53 156.2
26 54 77.83
26 55 114.13
26 56 129.62
26 57 98.08
26 58 67.45
26 59 102.55
26 60 50.8
26 61 123.1
26 62 1.41
26 63 27.02
26 64 63.7
26 65 137.36
26 66 91.24
26 67 66.53
26 68 82.73
26 69 73.01
26 70 121.28
26 71 89.05
26 72 88.06
26 73 20.62
26 74 142.17
26 75 74.33
26 76 33.02
26 77 15.81
26 78 43.08
26 79 37.22
26 80 90.8
26 81 111.77
26 82 84.2
26 83 91.79
26 84 62.97
26 85 127.8
26 86 123.46
26 87 81.94
26 88 83.49
26 89 90.52
26 90 70.58
26 91 109.9
26 92 77.9
26 93 32.56
26 94 142.86
26 95 94.7
26 96 25.5
26 97 55.97
26 98 98.37
26 99 142.14
26 100 91.29
26 101 150.0
26 102 78.03
26 103 60.54
26 104 20.62
26 105 76.3
26 106 127.76
26 107 103.6
26 108 129.85
26 109 138.03
26 110 76.49
26 111 123.69
26 112 135.59
26 113 69.12
26 114 127.06
26 115 109.2
26 116 93.01
26 117 129.25
26 118 78.1
26 119 97.42
26 120 19.03
26 121 99.92
26 122 14.76
26 123 101.4
26 124 71.03
26 125 137.21
26 126 96.33
26 127 70.86
26 128 137.89
26 129 109.17
26 130 45.65
26 131 72.03
26 132 44.6
26 133 100.9
26 134 64.56
26 135 6.32
26 136 67.03
26 137 83.02
26 138 3.61
26 139 99.09
26 140 72.92
26 141 14.76
26 142 66.31
26 143 102.59
26 144 102.96
26 145 105.54
26 146 40.31
26 147 101.84
26 148 97.98
26 149 24.02
26 150 52.77
26 151 142.21
26 152 86.28
26 153 53.14
26 154 81.3
26 155 105.99
26 156 76.01
26 157 131.05
26 158 97.06
26 159 1.41
26 160 140.93
26 161 93.68
26 162 32.57
26 163 49.66
26 164 19.72
26 165 127.0
26 166 94.02
26 167 96.02
26 168 144.25
26 169 88.65
26 170 33.06
26 171 46.1
26 172 8.06
26 173 107.94
26 174 54.92
26 175 38.91
26 176 70.61
26 177 131.53
26 178 73.16
26 179 80.5
26 180 69.0
26 181 16.28
26 182 91.76
26 183 81.22
26 184 86.05
26 185 11.7
26 186 5.1
26 187 49.19
26 188 102.73
26 189 137.97
26 190 91.27
26 191 70.6
26 192 148.68
26 193 19.1
26 194 98.98
26 195 98.49
26 196 82.05
26 197 6.0
26 198 123.0
26 199 68.59
26 200 45.22
26 201 62.43
27 0 57.38
27 1 116.3
27 2 101.53
27 3 29.27
27 4 52.5
27 5 97.25
27 6 56.46
27 7 18.03
27 8 114.06
27 9 79.12
27 10 107.23
27 11 120.1
27 12 80.32
27 13 119.2
27 14 54.41
27 15 16.28
27 16 35.01
27 17 97.19
27 18 14.56
27 19 100.66
27 20 94.13
27 21 72.73
27 22 37.95
27 23 77.28
27 24 25.94
27 25 109.37
27 26 96.13
27 28 55.9
27 29 74.46
27 30 83.63
27 31 68.35
27 32 81.22
27 33 87.57
27 34 100.09
27 35 111.07
27 36 25.18
27 37 75.03
27 38 81.05
27 39 52.04
27 40 37.0
27 41 46.17
27 42 93.38
27 43 27.29
27 44 25.61
27 45 80.4
27 46 94.26
27 47 47.68
27 48 26.93
27 49 53.14
27 50 91.35
27 51 10.44
27 52 73.05
27 53 107.71
27 54 75.45
27 55 60.13
27 56 81.5
27 57 39.2
27 58 104.8
27 59 79.12
27 60 118.53
27 61 28.79
27 62 97.19
27 63 69.12
27 64 74.25
27 65 107.07
27 66 78.29
27 67 68.62
27 68 15.23
27 69 109.62
27 70 39.66
27 71 119.97
27 72 30.08
27 73 83.73
27 74 82.22
27 75 129.81
27 76 102.32
27 77 109.07
27 78 59.81
27 79 59.68
27 80 9.22
27 81 67.07
27 82 63.06
27 83 34.18
27 84 108.23
27 85 82.22
27 86 76.16
27 87 101.83
27 88 108.71
27 89 74.73
27 90 36.06
27 91 15.81
27 92 51.31
27 93 76.4
27 94 104.24
27 95 31.05
27 96 80.08
27 97 97.2
27 98 34.06
27 99 104.17
27 100 73.01
27 101 97.98
27 102 18.25
27 103 51.11
27 104 112.29
27 105 114.56
27 106 52.35
27 107 68.25
27 108 80.62
27 109 98.18
27 110 23.26
27 111 34.66
27 112 92.35
27 113 106.89
27 114 78.41
27 115 121.24
27 116 23.09
27 117 76.94
27 118 123.91
27 119 34.13
27 120 77.23
27 121 112.51
27 122 109.02
27 123 149.2
27 124 25.18
27 125 100.04
27 126 13.0
27 127 113.36
27 128 102.02
27 129 51.09
27 130 62.17
27 131 25.0
27 132 57.58
27 133 39.01
27 134 102.83
27 135 90.27
27 136 29.83
27 137 128.76
27 138 93.26
27 139 75.58
27 140 75.43
27 141 109.66
27 142 46.75
27 143 77.88
27 144 130.43
27 145 19.31
27 146 86.16
27 147 39.0
27 148 19.03
27 149 72.11
27 150 56.94
27 151 102.31
27 152 15.62
27 153 51.43
27 154 55.07
27 155 111.36
27 156 20.4
27 157 92.02
27 158 50.99
27 159 95.19
27 160 99.41
27 161 31.58
27 162 66.71
27 163 57.25
27 164 113.11
27 165 82.15
27 166 66.73
27 167 3.0
27 168 107.17
27 169 23.77
27 170 101.92
27 171 59.09
27 172 92.78
27 173 75.13
27 174 83.41
27 175 88.55
27 176 109.71
27 177 99.08
27 178 25.3
27 179 16.49
27 180 27.46
27 181 112.02
27 182 38.33
27 183 15.03
27 184 10.2
27 185 101.27
27 186 91.2
27 187 58.59
27 188 75.43
27 189 99.13
27 190 5.39
27 191 106.1
27 192 100.02
27 193 98.99
27 194 54.92
27 195 45.4
27 196 14.14
27 197 96.63
27 198 27.29
27 199 113.57
27 200 53.76
27 201 57.38
28 0 14.76
28 1 60.42
28 2 47.27
28 3 29.7
28 4 21.93
28 5 50.33
28 6 3.61
28 7 45.28
28 8 58.6
28 9 53.71
28 10 65.37
28 11 72.8
28 12 56.36
28 13 65.07
28 14 9.22
28 15 44.05
28 16 50.01
28 17 50.7
28 18 46.23
28 19 67.88
28 20 48.33
28 21 51.62
28 22 62.97
28 23 81.84
28 24 29.97
28 25 68.1
28 26 50.16
28 27 55.9
28 29 56.3
28 30 38.33
28 31 83.65
28 32 84.39
28 33 73.78
28 34 44.64
28 35 67.54
28 36 37.54
28 37 50.54
28 38 83.63
28 39 23.09
28 40 51.42
28 41 50.57
28 42 42.95
28 43 31.14
28 44 56.4
28 45 79.93
28 46 47.54
28 47 17.26
28 48 30.0
28 49 7.0
28 50 87.86
28 51 63.51
28 52 86.09
28 53 108.98
28 54 37.66
28 55 64.35
28 56 81.34
28 57 48.08
28 58 53.0
28 59 58.18
28 60 62.65
28 61 78.45
28 62 50.7
28 63 28.32
28 64 27.17
28 65 94.02
28 66 49.04
28 67 25.18
28 68 47.51
28 69 58.67
28 70 72.44
28 71 72.24
28 72 39.12
28 73 48.84
28 74 92.66
28 75 75.66
28 76 46.84
28 77 65.74
28 78 7.21
28 79 18.36
28 80 54.41
28 81 63.03
28 82 37.44
28 83 68.51
28 84 54.67
28 85 79.91
28 86 75.01
28 87 56.52
28 88 61.98
28 89 47.01
28 90 49.24
28 91 71.59
28 92 28.43
28 93 50.12
28 94 97.42
28 95 69.2
28 96 27.17
28 97 43.28
28 98 48.84
28 99 96.83
28 100 46.96
28 101 101.86
28 102 38.83
28 103 51.35
28 104 70.24
28 105 63.63
28 106 77.88
28 107 55.97
28 108 81.39
28 109 92.01
28 110 45.45
28 111 89.31
28 112 88.62
28 113 55.23
28 114 78.57
28 115 82.3
28 116 63.7
28 117 80.28
28 118 71.61
28 119 47.85
28 120 33.02
28 121 72.34
28 122 64.88
28 123 97.91
28 124 33.3
28 125 91.84
28 126 51.42
28 127 61.03
28 128 92.91
28 129 59.03
28 130 6.32
28 131 31.62
28 132 6.4
28 133 50.96
28 134 50.48
28 135 43.86
28 136 27.66
28 137 76.84
28 138 46.62
28 139 54.2
28 140 34.13
28 141 60.42
28 142 16.16
28 143 57.8
28 144 85.07
28 145 71.4
28 146 64.41
28 147 51.92
28 148 65.86
28 149 30.41
28 150 4.12
28 151 96.4
28 152 42.06
28 153 4.47
28 154 32.53
28 155 75.01
28 156 36.62
28 157 84.81
28 158 47.17
28 159 48.85
28 160 94.64
28 161 44.41
28 162 18.03
28 163 1.41
28 164 69.78
28 165 79.21
28 166 47.2
28 167 54.63
28 168 99.3
28 169 41.11
28 170 71.51
28 171 4.12
28 172 43.97
28 173 61.4
28 174 30.53
28 175 32.65
28 176 57.98
28 177 87.13
28 178 42.01
28 179 44.69
28 180 30.48
28 181 66.13
28 182 41.76
28 183 43.6
28 184 46.14
28 185 50.8
28 186 45.19
28 187 2.83
28 188 57.14
28 189 92.2
28 190 52.48
28 191 55.07
28 192 101.14
28 193 61.85
28 194 49.41
28 195 48.33
28 196 42.72
28 197 48.08
28 198 79.81
28 199 60.61
28 200 34.13
28 201 14.76
29 0 41.62
29 1 85.91
29 2 88.59
29 3 68.73
29 4 35.34
29 5 101.53
29 6 59.91
29 7 78.03
29 8 78.92
29 9 9.22
29 10 118.26
29 11 60.75
29 12 8.06
29 13 76.0
29 14 65.0
29 15 75.06
29 16 41.15
29 17 44.05
29 18 76.16
29 19 123.56
29 20 100.57
29 21 5.0
29 22 47.51
29 23 33.24
29 24 60.13
29 25 121.08
29 26 102.07
29 27 74.46
29 28 56.3
29 30 37.11
29 31 43.74
29 32 33.96
29 33 17.49
29 34 81.86
29 35 119.33
29 36 75.24
29 37 8.25
29 38 32.98
29 39 77.39
29 40 39.82
29 41 30.02
29 42 92.01
29 43 68.47
29 44 92.05
29 45 28.16
29 46 99.25
29 47 69.86
29 48 65.38
29 49 62.27
29 50 33.02
29 51 84.9
29 52 43.1
29 53 54.2
29 54 26.0
29 55 25.94
29 56 29.41
29 57 36.25
29 58 59.03
29 59 5.0
29 60 87.66
29 61 77.2
29 62 102.18
29 63 84.4
29 64 39.45
29 65 38.08
29 66 14.04
29 67 35.61
29 68 78.16
29 69 60.13
29 70 56.59
29 71 61.35
29 72 44.72
29 73 104.81
29 74 45.4
29 75 84.29
29 76 83.26
29 77 117.8
29 78 63.01
29 79 74.63
29 80 80.06
29 81 16.76
29 82 18.87
29 83 104.24
29 84 66.19
29 85 26.93
29 86 24.33
29 87 44.72
29 88 51.42
29 89 12.65
29 90 92.66
29 91 87.09
29 92 30.36
29 93 106.33
29 94 41.23
29 95 102.59
29 96 76.58
29 97 60.64
29 98 41.63
29 99 40.61
29 100 11.18
29 101 48.76
29 102 69.01
29 103 101.14
29 104 122.67
29 105 63.51
29 106 51.11
29 107 7.81
29 108 30.08
29 109 36.07
29 110 82.02
29 111 106.1
29 112 33.6
29 113 60.0
29 114 27.66
29 115 51.66
29 116 94.76
29 117 31.26
29 118 73.82
29 119 41.23
29 120 87.86
29 121 45.49
29 122 116.52
29 123 92.48
29 124 69.26
29 125 35.61
29 126 61.98
29 127 66.07
29 128 36.62
29 129 30.41
29 130 58.26
29 131 65.19
29 132 62.68
29 133 37.59
29 134 59.21
29 135 96.26
29 136 65.76
29 137 76.69
29 138 98.49
29 139 4.0
29 140 30.87
29 141 108.17
29 142 44.01
29 143 3.61
29 144 66.37
29 145 93.68
29 146 120.57
29 147 38.08
29 148 92.76
29 149 86.21
29 150 52.43
29 151 40.36
29 152 60.67
29 153 55.95
29 154 25.3
29 155 41.04
29 156 68.01
29 157 29.0
29 158 23.77
29 159 100.66
29 160 38.9
29 161 43.01
29 162 73.25
29 163 56.04
29 164 121.51
29 165 26.0
29 166 9.49
29 167 71.57
29 168 43.01
29 169 50.99
29 170 127.44
29 171 59.41
29 172 94.49
29 173 6.32
29 174 51.48
29 175 68.0
29 176 62.03
29 177 30.89
29 178 80.16
29 179 76.06
29 180 67.48
29 181 116.4
29 182 36.14
29 183 73.11
29 184 70.58
29 185 98.47
29 186 97.67
29 187 55.8
29 188 1.0
29 189 36.12
29 190 75.31
29 191 58.01
29 192 46.87
29 193 116.78
29 194 20.12
29 195 29.97
29 196 70.18
29 197 98.23
29 198 82.1
29 199 68.01
29 200 87.85
29 201 41.62
30 0 27.73
30 1 48.84
30 2 53.41
30 3 64.47
30 4 31.14
30 5 70.0
30 6 41.11
30 7 78.77
30 8 42.11
30 9 29.15
30 10 87.2
30 11 36.62
30 12 31.78
30 13 41.0
30 14 47.1
30 15 76.66
30 16 60.83
30 17 13.6
30 18 78.55
30 19 96.15
30 20 69.89
30 21 32.56
30 22 72.24
30 23 70.21
30 24 60.21
30 25 90.0
30 26 71.03
30 27 83.63
30 28 38.33
30 29 37.11
30 31 79.01
30 32 71.06
30 33 51.0
30 34 46.04
30 35 87.32
30 36 72.5
30 37 28.86
30 38 70.09
30 39 61.07
30 40 60.84
30 41 53.76
30 42 59.82
30 43 65.31
30 44 91.71
30 45 65.25
30 46 68.24
30 47 55.58
30 48 63.06
30 49 45.28
30 50 68.94
30 51 93.24
30 52 79.23
30 53 89.47
30 54 12.04
30 55 59.08
30 56 66.48
30 57 56.36
30 58 24.04
30 59 35.47
30 60 50.64
30 61 97.64
30 62 70.8
30 63 60.64
30 64 11.18
30 65 67.36
30 66 23.41
30 67 15.26
30 68 80.26
30 69 27.29
30 70 82.64
30 71 36.4
30 72 56.22
30 73 79.12
30 74 82.38
30 75 50.6
30 76 47.17
30 77 86.05
30 78 42.01
30 79 54.15
30 80 85.45
30 81 52.15
30 82 26.93
30 83 104.28
30 84 30.27
30 85 63.89
30 86 61.39
30 87 18.79
30 88 25.24
30 89 24.52
30 90 86.68
30 91 99.04
30 92 33.6
30 93 84.17
30 94 74.33
30 95 104.2
30 96 46.53
30 97 23.54
30 98 60.42
30 99 73.5
30 100 26.31
30 101 85.23
30 102 70.49
30 103 89.68
30 104 91.05
30 105 31.91
30 106 81.79
30 107 42.19
30 108 67.19
30 109 70.33
30 110 80.53
30 111 118.26
30 112 69.35
30 113 25.63
30 114 64.76
30 115 44.05
30 116 97.62
30 117 68.25
30 118 42.06
30 119 59.54
30 120 61.1
30 121 34.06
30 122 84.5
30 123 65.95
30 124 67.08
30 125 68.8
30 126 74.33
30 127 32.31
30 128 69.07
30 129 59.23
30 130 36.01
30 131 64.01
30 132 43.01
30 133 59.09
30 134 23.35
30 135 66.04
30 136 61.74
30 137 46.32
30 138 67.68
30 139 33.24
30 140 8.94
30 141 74.28
30 142 37.74
30 143 36.06
30 144 47.85
30 145 102.0
30 146 98.23
30 147 60.01
30 148 98.18
30 149 61.4
30 150 34.53
30 151 74.09
30 152 68.01
30 153 41.0
30 154 31.76
30 155 37.48
30 156 68.6
30 157 63.95
30 158 46.84
30 159 69.63
30 160 73.43
30 161 58.52
30 162 49.03
30 163 37.22
30 164 89.38
30 165 62.94
30 166 33.0
30 167 81.39
30 168 75.21
30 169 61.62
30 170 100.65
30 171 39.01
30 172 63.01
30 173 43.42
30 174 16.28
30 175 33.24
30 176 28.23
30 177 62.43
30 178 77.47
30 179 77.52
30 180 64.4
30 181 83.49
30 182 51.97
30 183 75.47
30 184 75.8
30 185 65.07
30 186 67.42
30 187 36.12
30 188 37.36
30 189 69.97
30 190 82.01
30 191 24.17
30 192 82.76
30 193 88.19
30 194 45.89
30 195 52.2
30 196 73.5
30 197 66.22
30 198 101.02
30 199 33.53
30 200 72.03
30 201 27.73
31 0 71.87
31 1 127.39
31 2 125.69
31 3 80.06
31 4 62.77
31 5 133.75
31 6 86.83
31 7 81.12
31 8 121.07
31 9 52.95
31 10 149.0
31 11 104.12
31 12 51.42
31 13 119.27
31 14 89.89
31 15 78.03
31 16 38.29
31 17 87.57
31 18 77.9
31 19 149.84
31 20 131.93
31 21 47.27
31 22 30.46
31 23 15.62
31 24 70.09
31 25 151.72
31 26 133.72
31 27 68.35
31 28 83.65
31 29 43.74
31 30 79.01
31 32 18.87
31 33 41.05
31 34 120.07
31 35 151.16
31 36 83.01
31 37 51.35
31 38 19.42
31 39 98.08
31 40 36.12
31 41 33.29
31 42 125.54
31 43 78.75
31 44 93.04
31 45 22.63
31 46 131.05
31 47 90.43
31 48 75.82
31 49 87.13
31 50 31.38
31 51 76.92
31 52 5.0
31 53 41.0
31 54 67.03
31 55 20.4
31 56 22.67
31 57 37.54
31 58 102.18
31 59 47.54
31 60 129.31
31 61 54.08
31 62 134.18
31 63 110.68
31 64 77.93
31 65 51.31
31 66 57.43
31 67 72.37
31 68 79.65
31 69 103.7
31 70 31.06
31 71 104.81
31 72 50.21
31 73 130.67
31 74 14.14
31 75 127.88
31 76 121.81
31 77 149.38
31 78 90.82
31 79 99.57
31 80 77.08
31 81 27.17
31 82 53.6
31 83 102.53
31 84 109.04
31 85 25.46
31 86 22.47
31 87 88.46
31 88 95.13
31 89 55.15
31 90 99.86
31 91 73.82
31 92 56.08
31 93 128.43
31 94 43.46
31 95 99.3
31 96 109.38
31 97 102.18
31 98 39.7
31 99 43.86
31 100 53.08
31 101 31.0
31 102 74.06
31 103 112.8
31 104 153.88
31 105 107.2
31 106 18.03
31 107 37.12
31 108 21.26
31 109 38.47
31 110 86.61
31 111 89.0
31 112 32.25
31 113 103.31
31 114 21.26
31 115 91.71
31 116 91.42
31 117 16.97
31 118 117.55
31 119 40.36
31 120 116.47
31 121 87.46
31 122 148.48
31 123 135.67
31 124 78.24
31 125 41.68
31 126 56.36
31 127 109.55
31 128 43.91
31 129 24.7
31 130 88.14
31 131 74.52
31 132 89.55
31 133 35.36
31 134 102.04
31 135 127.46
31 136 77.83
31 137 120.42
31 138 130.15
31 139 47.68
31 140 71.18
31 141 142.8
31 142 67.6
31 143 46.32
31 144 108.46
31 145 83.74
31 146 141.53
31 147 34.66
31 148 86.68
31 149 113.21
31 150 80.96
31 151 41.23
31 152 62.13
31 153 81.12
31 154 53.45
31 155 81.39
31 156 74.4
31 157 35.61
31 158 36.77
31 159 132.38
31 160 38.08
31 161 44.6
31 162 101.6
31 163 84.08
31 164 153.39
31 165 26.17
31 166 46.01
31 167 65.55
31 168 46.62
31 169 53.41
31 170 152.8
31 171 87.66
31 172 127.12
31 173 38.33
31 174 90.93
31 175 105.76
31 176 105.48
31 177 44.82
31 178 86.53
31 179 78.89
31 180 77.99
31 181 149.47
31 182 43.42
31 183 75.8
31 184 70.71
31 185 132.97
31 186 128.8
31 187 84.53
31 188 43.93
31 189 39.82
31 190 72.09
31 191 101.4
31 192 34.23
31 193 144.8
31 194 35.44
31 195 35.51
31 196 72.72
31 197 131.18
31 198 60.07
31 199 111.36
31 200 106.1
31 201 71.87
32 0 70.8
32 1 119.85
32 2 121.74
32 3 87.32
32 4 62.48
32 5 132.85
32 6 87.86
32 7 91.42
32 8 112.79
32 9 42.43
32 10 149.03
32 11 90.93
32 12 40.2
32 13 109.29
32 14 91.93
32 15 88.26
32 16 47.43
32 17 77.23
32 18 88.54
32 19 152.16
32 20 131.49
32 21 38.6
32 22 44.05
32 23 4.0
32 24 77.41
32 25 151.82
32 26 133.14
32 27 81.22
32 28 84.39
32 29 33.96
32 30 71.06
32 31 18.87
32 33 25.0
32 34 115.32
32 35 150.6
32 36 91.71
32 37 42.2
32 38 1.0
32 39 102.18
32 40 45.22
32 41 38.47
32 42 123.82
32 43 86.35
32 44 104.4
32 45 6.0
32 46 130.36
32 47 94.37
32 48 83.24
32 49 89.11
32 50 12.53
32 51 90.67
32 52 14.87
32 53 26.93
32 54 59.77
32 55 22.36
32 56 5.1
32 57 44.78
32 58 92.54
32 59 36.22
32 60 121.6
32 61 71.2
32 62 133.41
32 63 112.54
32 64 72.62
32 65 32.45
32 66 47.85
32 67 67.98
32 68 90.44
32 69 93.09
32 70 47.68
32 71 91.79
32 72 57.7
32 73 133.0
32 74 12.17
32 75 117.0
32 76 116.81
32 77 148.95
32 78 91.55
32 79 101.83
32 80 89.27
32 81 21.4
32 82 49.24
32 83 114.98
32 84 99.85
32 85 8.25
32 86 9.85
32 87 77.0
32 88 83.1
32 89 46.57
32 90 109.25
32 91 89.01
32 92 55.97
32 93 132.46
32 94 25.0
32 95 112.18
32 96 107.91
32 97 94.59
32 98 48.7
32 99 25.3
32 100 44.92
32 101 18.03
32 102 83.38
32 103 120.83
32 104 153.69
32 105 96.0
32 106 35.74
32 107 29.97
32 108 4.0
32 109 19.7
32 110 96.57
32 111 105.48
32 112 13.42
32 113 93.34
32 114 6.32
32 115 75.96
32 116 104.14
32 117 4.47
32 118 106.04
32 119 49.04
32 120 117.29
32 121 73.01
32 122 147.83
32 123 121.81
32 124 86.31
32 125 22.83
32 126 68.45
32 127 99.13
32 128 25.06
32 129 31.02
32 130 87.8
32 131 82.3
32 132 90.69
32 133 43.66
32 134 92.91
32 135 127.06
32 136 84.72
32 137 108.3
32 138 129.53
32 139 37.85
32 140 64.51
32 141 140.55
32 142 69.3
32 143 35.36
32 144 93.68
32 145 98.25
32 146 146.22
32 147 43.32
32 148 100.13
32 149 114.77
32 150 81.06
32 151 22.8
32 152 72.11
32 153 82.76
32 154 52.01
32 155 66.1
32 156 83.26
32 157 16.97
32 158 38.42
32 159 131.75
32 160 19.65
32 161 52.92
32 162 102.3
32 163 84.5
32 164 152.82
32 165 9.22
32 166 39.81
32 167 78.26
32 168 28.16
32 169 62.39
32 170 155.59
32 171 88.09
32 172 125.94
32 173 27.66
32 174 85.09
32 175 101.24
32 176 95.19
32 177 26.17
32 178 95.85
32 179 89.2
32 180 85.48
32 181 148.19
32 182 49.24
32 183 86.03
32 184 81.61
32 185 130.74
32 186 128.46
32 187 84.65
32 188 33.73
32 189 21.02
32 190 84.17
32 191 91.27
32 192 18.97
32 193 146.22
32 194 35.38
32 195 40.31
32 196 82.87
32 197 129.85
32 198 77.1
32 199 101.24
32 200 111.4
32 201 70.8
33 0 59.08
33 1 98.68
33 2 104.01
33 3 85.15
33 4 52.77
33 5 118.19
33 6 77.39
33 7 93.26
33 8 91.09
33 9 22.2
33 10 135.07
33 11 66.27
33 12 19.42
33 13 86.31
33 14 82.49
33 15 90.2
33 16 52.77
33 17 54.57
33 18 91.09
33 19 140.87
33 20 117.39
33 21 22.2
33 22 55.54
33 23 26.4
33 24 76.12
33 25 137.9
33 26 118.83
33 27 87.57
33 28 73.78
33 29 17.49
33 30 51.0
33 31 41.05
33 32 25.0
33 34 96.9
33 35 135.95
33 36 91.24
33 37 24.04
33 38 24.04
33 39 94.81
33 40 50.99
33 41 41.44
33 42 108.47
33 43 84.72
33 44 107.17
33 45 19.31
33 46 116.0
33 47 87.24
33 48 81.58
33 49 79.76
33 50 18.44
33 51 97.87
33 52 38.47
33 53 38.47
33 54 41.4
33 55 30.41
33 56 19.92
33 57 48.37
33 58 70.09
33 59 16.28
33 60 100.24
33 61 85.43
33 62 118.87
33 63 101.83
33 64 55.44
33 65 20.88
33 66 28.02
33 67 52.33
33 68 93.09
33 69 69.87
33 70 62.77
33 71 67.19
33 72 59.01
33 73 122.2
33 74 37.11
33 75 93.34
33 76 98.11
33 77 134.47
33 78 80.45
33 79 92.11
33 80 94.09
33 81 21.19
33 82 36.36
33 83 119.02
33 84 77.62
33 85 16.76
33 86 18.6
33 87 53.46
33 88 59.08
33 89 28.32
33 90 108.85
33 91 98.72
33 92 47.54
33 93 123.82
33 94 24.04
33 95 117.02
33 96 93.35
33 97 73.93
33 98 53.6
33 99 23.35
33 100 27.59
33 101 34.93
33 102 84.38
33 103 118.0
33 104 139.39
33 105 72.34
33 106 53.91
33 107 20.22
33 108 21.19
33 109 19.42
33 110 97.62
33 111 117.05
33 112 18.68
33 113 70.61
33 114 20.12
33 115 51.08
33 116 109.04
33 117 24.6
33 118 82.1
33 119 53.46
33 120 105.12
33 121 48.05
33 122 133.12
33 123 96.88
33 124 85.33
33 125 18.38
33 126 74.67
33 127 75.95
33 128 19.21
33 129 38.28
33 130 75.6
33 131 81.22
33 132 80.16
33 133 48.84
33 134 70.88
33 135 113.14
33 136 82.23
33 137 84.01
33 138 115.28
33 139 19.85
33 140 46.4
33 141 124.2
33 142 61.33
33 143 16.28
33 144 68.68
33 145 106.37
33 146 138.06
33 147 49.03
33 148 106.38
33 149 103.6
33 150 69.89
33 151 23.43
33 152 75.0
33 153 73.43
33 154 42.54
33 155 41.11
33 156 83.6
33 157 13.0
33 158 37.0
33 159 117.41
33 160 22.47
33 161 56.14
33 162 90.6
33 163 73.5
33 164 138.11
33 165 15.81
33 166 26.83
33 167 84.59
33 168 25.61
33 169 65.01
33 170 144.81
33 171 76.84
33 172 111.13
33 173 13.34
33 174 66.57
33 175 83.49
33 176 72.18
33 177 13.42
33 178 96.03
33 179 91.2
33 180 83.74
33 181 132.77
33 182 50.0
33 183 88.14
33 184 85.0
33 185 114.63
33 186 114.55
33 187 73.24
33 188 16.64
33 189 19.21
33 190 89.14
33 191 68.45
33 192 31.95
33 193 133.96
33 194 33.0
33 195 42.19
33 196 85.09
33 197 114.77
33 198 90.87
33 199 78.26
33 200 105.19
33 201 59.08
34 0 50.01
34 1 19.72
34 2 8.06
34 3 72.01
34 4 59.08
34 5 30.27
34 6 43.66
34 7 87.32
34 8 23.35
34 9 74.79
34 10 46.17
34 11 58.52
34 12 77.52
34 13 35.06
34 14 46.07
34 15 86.77
34 16 92.02
34 17 47.63
34 18 89.01
34 19 60.21
34 20 32.02
34 21 76.97
34 22 105.0
34 23 113.89
34 24 74.33
34 25 48.7
34 26 32.14
34 27 100.09
34 28 44.64
34 29 81.86
34 30 46.04
34 31 120.07
34 32 115.32
34 33 96.9
34 35 44.78
34 36 78.89
34 37 73.79
34 38 114.39
34 39 53.91
34 40 93.0
34 41 89.45
34 42 21.02
34 43 73.79
34 44 95.8
34 45 109.77
34 46 30.02
34 47 54.38
34 48 73.41
34 49 47.01
34 50 114.53
34 51 106.89
34 52 121.3
34 53 135.33
34 54 55.9
34 55 99.69
34 56 111.09
34 57 89.02
34 58 36.25
34 59 81.01
34 60 21.63
34 61 123.0
34 62 31.26
34 63 40.8
34 64 42.72
34 65 113.23
34 66 68.96
34 67 47.8
34 68 89.94
34 69 41.44
34 70 115.07
34 71 57.28
34 72 82.49
34 73 49.03
34 74 125.87
34 75 43.17
34 76 2.24
34 77 44.01
34 78 40.31
34 79 44.05
34 80 97.49
34 81 94.87
34 82 66.76
34 83 106.4
34 84 31.05
34 85 108.75
34 86 105.48
34 87 52.43
34 88 52.77
34 89 69.32
34 90 84.96
34 91 115.55
34 92 65.28
34 93 59.14
34 94 120.37
34 95 108.23
34 96 21.93
34 97 25.81
34 98 91.05
34 99 119.54
34 100 70.68
34 101 130.59
34 102 82.35
34 103 79.81
34 104 48.85
34 105 44.38
34 106 118.34
34 107 85.44
34 108 111.62
34 109 116.28
34 110 85.98
34 111 132.41
34 112 115.0
34 113 37.7
34 114 109.0
34 115 78.71
34 116 104.29
34 117 112.01
34 118 46.01
34 119 90.05
34 120 34.89
34 121 69.97
34 122 42.15
34 123 70.04
34 124 76.03
34 125 114.83
34 126 96.05
34 127 38.83
34 128 115.11
34 129 97.02
34 130 38.33
34 131 75.24
34 132 42.54
34 133 92.02
34 134 33.54
34 135 30.15
34 136 70.68
34 137 51.01
34 138 30.0
34 139 78.26
34 140 50.99
34 141 29.68
34 142 58.31
34 143 81.41
34 144 71.06
34 145 114.13
34 146 70.21
34 147 93.02
34 148 107.7
34 149 39.12
34 150 44.72
34 151 120.11
34 152 86.68
34 153 49.04
34 154 66.91
34 155 76.84
34 156 80.11
34 157 109.77
34 158 84.01
34 159 31.06
34 160 119.36
34 161 87.21
34 162 35.61
34 163 43.42
34 164 46.52
34 165 107.84
34 166 75.61
34 167 99.02
34 168 121.25
34 169 85.33
34 170 65.19
34 171 41.11
34 172 25.02
34 173 88.14
34 174 30.41
34 175 14.32
34 176 38.9
34 177 108.47
34 178 82.38
34 179 87.24
34 180 73.35
34 181 39.82
34 182 83.0
34 183 86.76
34 184 90.08
34 185 22.14
34 186 31.06
34 187 42.2
34 188 82.29
34 189 115.97
34 190 96.25
34 191 39.4
34 192 128.41
34 193 51.24
34 194 84.72
34 195 87.37
34 196 86.41
34 197 26.17
34 198 124.45
34 199 36.5
34 200 60.96
34 201 50.01
35 0 79.92
35 1 58.55
35 2 36.77
35 3 82.39
35 4 88.68
35 5 17.8
35 6 64.47
35 7 94.02
35 8 65.51
35 9 113.9
35 10 5.0
35 11 103.12
35 12 116.73
35 13 77.67
35 14 62.3
35 15 95.01
35 16 116.71
35 17 91.59
35 18 97.0
35 19 23.02
35 20 19.24
35 21 114.34
35 22 129.34
35 23 148.41
35 24 89.44
35 25 5.39
35 26 17.49
35 27 111.07
35 28 67.54
35 29 119.33
35 30 87.32
35 31 151.16
35 32 150.6
35 33 135.95
35 34 44.78
35 36 86.01
35 37 111.95
35 38 149.77
35 39 59.3
35 40 118.33
35 41 118.11
35 42 27.59
35 43 84.38
35 44 96.34
35 45 145.66
35 46 20.25
35 47 65.12
35 48 85.71
35 49 64.85
35 50 152.27
35 51 114.16
35 52 153.47
35 53 173.51
35 54 94.76
35 55 131.61
35 56 147.05
35 57 115.32
35 58 81.02
35 59 119.67
35 60 59.3
35 61 138.71
35 62 17.2
35 63 42.76
35 64 80.62
35 65 154.18
35 66 108.21
35 67 83.74
35 68 97.02
35 69 86.16
35 70 138.05
35 71 101.84
35 72 105.0
35 73 28.86
35 74 159.67
35 75 83.38
35 76 44.94
35 77 2.0
35 78 60.42
35 79 53.6
35 80 105.04
35 81 129.25
35 82 101.61
35 83 102.88
35 84 75.61
35 85 145.21
35 86 140.91
35 87 96.75
35 88 97.51
35 89 107.63
35 90 82.57
35 91 124.1
35 92 95.38
35 93 39.92
35 94 159.96
35 95 106.23
35 96 42.8
35 97 70.24
35 98 115.43
35 99 159.23
35 100 108.47
35 101 167.41
35 102 93.26
35 103 70.52
35 104 4.12
35 105 88.87
35 106 144.9
35 107 121.02
35 108 147.3
35 109 155.22
35 110 90.2
35 111 136.62
35 112 152.9
35 113 82.46
35 114 144.52
35 115 123.44
35 116 105.55
35 117 146.73
35 118 89.05
35 119 114.49
35 120 35.44
35 121 114.53
35 122 2.83
35 123 110.16
35 124 86.28
35 125 154.31
35 126 112.29
35 127 83.17
35 128 154.94
35 129 126.57
35 130 63.13
35 131 87.69
35 132 61.85
35 133 118.11
35 134 78.29
35 135 23.71
35 136 82.73
35 137 93.56
35 138 21.1
35 139 116.28
35 140 89.81
35 141 16.12
35 142 83.67
35 143 119.75
35 144 115.43
35 145 118.83
35 146 41.77
35 147 119.04
35 148 111.02
35 149 39.81
35 150 70.24
35 151 159.36
35 152 102.26
35 153 70.38
35 154 98.79
35 155 121.08
35 156 91.35
35 157 148.27
35 158 114.53
35 159 18.87
35 160 158.14
35 161 110.68
35 162 49.77
35 163 67.08
35 164 2.24
35 165 144.4
35 166 111.4
35 167 111.22
35 168 161.28
35 169 105.26
35 170 27.29
35 171 63.51
35 172 24.84
35 173 125.25
35 174 71.06
35 175 54.41
35 176 83.57
35 177 148.52
35 178 87.09
35 179 95.0
35 180 84.48
35 181 6.08
35 182 109.0
35 183 96.05
35 184 101.18
35 185 22.83
35 186 22.36
35 187 66.65
35 188 119.97
35 189 155.13
35 190 106.02
35 191 84.17
35 192 166.03
35 193 16.4
35 194 116.47
35 195 115.87
35 196 97.19
35 197 21.21
35 198 138.23
35 199 80.65
35 200 58.22
35 201 79.92
36 0 44.78
36 1 96.61
36 2 79.2
36 3 8.06
36 4 43.93
36 5 72.69
36 6 36.8
36 7 8.54
36 8 95.67
36 9 77.06
36 10 82.1
36 11 108.71
36 12 79.01
36 13 102.59
36 14 33.02
36 15 9.0
36 16 44.94
36 17 85.87
36 18 11.05
36 19 75.69
36 20 69.46
36 21 72.03
36 22 53.76
36 23 88.1
36 24 15.13
36 25 84.21
36 26 71.45
36 27 25.18
36 28 37.54
36 29 75.24
36 30 72.5
36 31 83.01
36 32 91.71
36 33 91.24
36 34 78.89
36 35 86.01
36 37 73.03
36 38 91.29
36 39 27.46
36 40 47.17
36 41 53.31
36 42 69.64
36 43 7.28
36 44 19.24
36 45 89.32
36 46 69.72
36 47 24.6
36 48 10.05
36 49 32.65
36 50 99.62
36 51 28.86
36 52 87.09
36 53 118.6
36 54 67.45
36 55 69.35
36 56 90.62
36 57 46.96
36 58 90.21
36 59 79.06
36 60 98.81
36 61 53.6
36 62 72.56
36 63 44.55
36 64 61.72
36 65 111.99
36 66 74.43
36 67 57.38
36 68 11.4
36 69 95.69
36 70 59.2
36 71 108.3
36 72 34.01
36 73 58.55
36 74 95.72
36 75 113.17
36 76 81.12
36 77 84.01
36 78 39.2
36 79 36.06
36 80 19.42
36 81 73.38
36 82 59.14
36 83 31.78
36 84 92.2
36 85 90.48
36 86 84.5
36 87 91.29
36 88 97.49
36 89 71.25
36 90 17.72
36 91 38.47
36 92 46.1
36 93 51.55
36 94 111.68
36 95 31.91
36 96 57.7
36 97 80.81
36 98 43.57
36 99 111.4
36 100 70.11
36 101 109.57
36 102 9.22
36 103 29.83
36 104 87.14
36 105 100.69
36 106 70.01
36 107 71.02
36 108 90.08
36 109 105.65
36 110 8.06
36 111 53.71
36 112 100.57
36 113 92.42
36 114 87.46
36 115 114.56
36 116 26.17
36 117 87.24
36 118 109.02
36 119 43.05
36 120 52.77
36 121 105.0
36 122 84.01
36 123 135.21
36 124 6.0
36 125 106.74
36 126 29.68
36 127 98.41
36 128 108.42
36 129 60.83
36 130 43.14
36 131 10.05
36 132 37.01
36 133 48.37
36 134 87.8
36 135 65.76
36 136 10.77
36 137 114.2
36 138 68.73
36 139 75.03
36 140 65.79
36 141 85.33
36 142 35.44
36 143 78.1
36 144 120.34
36 145 35.34
36 146 62.18
36 147 48.88
36 148 28.84
36 149 47.52
36 150 40.0
36 151 110.06
36 152 21.21
36 153 33.42
36 154 51.04
36 155 105.76
36 156 8.6
36 157 98.76
36 158 55.08
36 159 70.58
36 160 107.52
36 161 38.95
36 162 43.86
36 163 38.95
36 164 88.02
36 165 90.14
36 166 66.07
36 167 25.71
36 168 114.28
36 169 29.68
36 170 77.16
36 171 39.62
36 172 68.66
36 173 77.93
36 174 67.8
36 175 69.03
36 176 95.21
36 177 104.14
36 178 5.1
36 179 9.06
36 180 8.25
36 181 87.14
36 182 42.72
36 183 10.2
36 184 15.81
36 185 77.37
36 186 66.61
36 187 40.36
36 188 76.24
36 189 106.32
36 190 20.02
36 191 92.09
36 192 110.57
36 193 73.82
36 194 58.94
36 195 51.62
36 196 12.08
36 197 72.37
36 198 52.47
36 199 98.08
36 200 28.64
36 201 44.78
37 0 35.78
37 1 77.67
37 2 80.62
37 3 66.03
37 4 30.81
37 5 94.18
37 6 54.12
37 7 76.66
37 8 70.71
37 9 4.12
37 10 111.04
37 11 54.13
37 12 6.08
37 13 68.03
37 14 59.51
37 15 73.82
37 16 43.6
37 17 36.22
37 18 75.13
37 19 117.0
37 20 93.35
37 21 4.12
37 22 51.74
37 23 41.44
37 24 58.14
37 25 113.86
37 26 94.79
37 27 75.03
37 28 50.54
37 29 8.25
37 30 28.86
37 31 51.35
37 32 42.2
37 33 24.04
37 34 73.79
37 35 111.95
37 36 73.03
37 38 41.23
37 39 72.45
37 40 42.64
37 41 33.24
37 42 84.5
37 43 66.0
37 44 90.67
37 45 36.4
37 46 91.97
37 47 65.15
37 48 63.01
37 49 56.86
37 50 40.82
37 51 85.44
37 52 51.01
37 53 61.85
37 54 17.89
37 55 32.57
37 56 37.64
37 57 38.6
37 58 51.0
37 59 7.81
37 60 79.43
37 61 80.72
37 62 94.85
37 63 78.23
37 64 31.62
37 65 43.57
37 66 6.08
37 67 28.28
37 68 77.1
37 69 52.35
37 70 61.4
37 71 54.63
37 72 44.94
37 73 98.47
37 74 53.6
37 75 76.53
37 76 75.15
37 77 110.45
37 78 56.94
37 79 68.88
37 80 79.81
37 81 24.19
37 82 14.14
37 83 103.1
37 84 58.08
37 85 35.11
37 86 32.56
37 87 37.36
37 88 44.27
37 89 4.47
37 90 90.05
37 91 88.55
37 92 27.02
37 93 100.65
37 94 48.08
37 95 101.79
37 96 69.31
37 97 52.39
37 98 43.83
37 99 47.38
37 100 3.61
37 101 56.8
37 102 67.6
37 103 97.49
37 104 115.36
37 105 55.9
37 106 57.27
37 107 14.32
37 108 38.33
37 109 43.28
37 110 80.22
37 111 107.82
37 112 41.34
37 113 52.04
37 114 35.9
37 115 47.63
37 116 94.15
37 117 39.46
37 118 66.29
37 119 43.27
37 120 81.22
37 121 40.36
37 122 109.12
37 123 85.91
37 124 67.03
37 125 42.43
37 126 63.07
37 127 58.22
37 128 43.19
37 129 35.51
37 130 51.87
37 131 63.07
37 132 56.82
37 133 40.46
37 134 51.09
37 135 89.1
37 136 63.03
37 137 69.38
37 138 91.24
37 139 4.47
37 140 22.83
37 141 100.44
37 142 39.81
37 143 7.81
37 144 60.8
37 145 94.34
37 146 114.95
37 147 41.11
37 148 92.72
37 149 79.88
37 150 46.53
37 151 47.42
37 152 60.44
37 153 50.7
37 154 22.0
37 155 37.2
37 156 66.37
37 157 36.4
37 158 26.25
37 159 93.38
37 160 46.23
37 161 44.29
37 162 66.85
37 163 50.12
37 164 114.11
37 165 34.18
37 166 8.6
37 167 72.24
37 168 49.58
37 169 51.26
37 170 121.02
37 171 53.34
37 172 87.11
37 173 14.56
37 174 43.38
37 175 60.03
37 176 54.15
37 177 37.01
37 178 78.06
37 179 74.81
37 180 65.0
37 181 108.85
37 182 37.12
37 183 72.01
37 184 70.09
37 185 90.8
37 186 90.51
37 187 49.74
37 188 8.54
37 189 43.19
37 190 75.29
37 191 50.09
37 192 54.71
37 193 109.99
37 194 23.35
37 195 32.65
37 196 69.23
37 197 90.79
37 198 85.28
37 199 60.07
37 200 83.17
37 201 35.78
38 0 70.0
38 1 118.88
38 2 120.83
38 3 86.83
38 4 61.72
38 5 132.02
38 6 87.11
38 7 91.08
38 8 111.8
38 9 41.44
38 10 148.22
38 11 89.94
38 12 39.2
38 13 108.3
38 14 91.22
38 15 87.92
38 16 47.13
38 17 76.24
38 18 88.23
38 19 151.43
38 20 130.67
38 21 37.64
38 22 44.01
38 23 4.12
38 24 76.94
38 25 151.01
38 26 132.31
38 27 81.05
38 28 83.63
38 29 32.98
38 30 70.09
38 31 19.42
38 32 1.0
38 33 24.04
38 34 114.39
38 35 149.77
38 36 91.29
38 37 41.23
38 39 101.53
38 40 44.92
38 41 38.01
38 42 122.97
38 43 85.88
38 44 104.12
38 45 5.0
38 46 129.53
38 47 93.72
38 48 82.76
38 49 88.39
38 50 12.08
38 51 90.55
38 52 15.56
38 53 27.31
38 54 58.82
38 55 21.93
38 56 4.12
38 57 44.38
38 58 91.55
38 59 35.23
38 60 120.62
38 61 71.39
38 62 132.57
38 63 111.8
38 64 71.69
38 65 31.91
38 66 46.87
38 67 67.08
38 68 90.14
38 69 92.09
38 70 47.85
38 71 90.8
38 72 57.27
38 73 132.28
38 74 13.15
38 75 116.0
38 76 115.88
38 77 148.12
38 78 90.79
38 79 101.12
38 80 89.05
38 81 20.62
38 82 48.37
38 83 114.76
38 84 98.86
38 85 7.28
38 86 8.94
38 87 76.0
38 88 82.1
38 89 45.61
38 90 108.85
38 91 89.0
38 92 55.23
38 93 131.8
38 94 24.74
38 95 111.99
38 96 107.07
38 97 93.62
38 98 48.38
38 99 25.0
38 100 43.97
38 101 18.6
38 102 83.01
38 103 120.35
38 104 152.87
38 105 95.0
38 106 36.06
38 107 29.07
38 108 3.0
38 109 19.31
38 110 96.21
38 111 105.57
38 112 13.0
38 113 92.35
38 114 5.39
38 115 75.03
38 116 103.94
38 117 4.12
38 118 105.04
38 119 48.7
38 120 116.52
38 121 72.03
38 122 147.0
38 123 120.83
38 124 85.87
38 125 22.36
38 126 68.25
38 127 98.13
38 128 24.6
38 129 30.68
38 130 87.01
38 131 81.84
38 132 89.94
38 133 43.32
38 134 91.92
38 135 126.25
38 136 84.22
38 137 107.3
38 138 128.71
38 139 36.88
38 140 63.57
38 141 139.67
38 142 68.59
38 143 34.37
38 144 92.72
38 145 98.18
38 146 145.58
38 147 43.01
38 148 99.98
38 149 114.02
38 150 80.28
38 151 22.56
38 152 71.78
38 153 82.04
38 154 51.22
38 155 65.15
38 156 82.86
38 157 16.28
38 158 37.8
38 159 130.92
38 160 19.42
38 161 52.55
38 162 101.53
38 163 83.74
38 164 151.99
38 165 8.25
38 166 38.91
38 167 78.09
38 168 27.89
38 169 62.03
38 170 154.87
38 171 87.32
38 172 125.1
38 173 26.68
38 174 84.15
38 175 100.32
38 176 94.19
38 177 25.5
38 178 95.46
38 179 88.87
38 180 85.0
38 181 147.34
38 182 48.76
38 183 85.7
38 184 81.32
38 185 129.87
38 186 127.64
38 187 83.87
38 188 32.76
38 189 20.62
38 190 83.95
38 191 90.27
38 192 19.31
38 193 145.45
38 194 34.71
38 195 39.82
38 196 82.54
38 197 129.0
38 198 77.28
38 199 100.24
38 200 110.8
38 201 70.0
39 0 37.11
39 1 72.84
39 2 53.0
39 3 23.09
39 4 42.05
39 5 45.28
39 6 20.0
39 7 35.9
39 8 73.41
39 9 75.89
39 10 55.73
39 11 94.11
39 12 78.43
39 13 82.15
39 14 14.0
39 15 36.35
39 16 60.75
39 17 72.84
39 18 38.47
39 19 52.35
39 20 42.11
39 21 73.01
39 22 72.47
39 23 99.16
39 24 30.68
39 25 58.05
39 26 44.1
39 27 52.04
39 28 23.09
39 29 77.39
39 30 61.07
39 31 98.08
39 32 102.18
39 33 94.81
39 34 53.91
39 35 59.3
39 36 27.46
39 37 72.45
39 38 101.53
39 40 62.68
39 41 65.12
39 42 42.38
39 43 25.08
39 44 42.19
39 45 98.41
39 46 42.3
39 47 7.81
39 48 26.48
39 49 16.12
39 50 107.34
39 51 56.29
39 52 101.32
39 53 128.0
39 54 60.67
39 55 80.62
39 56 99.81
39 57 60.61
39 58 72.8
39 59 79.85
39 60 74.95
39 61 79.4
39 62 45.18
39 63 17.12
39 64 50.01
39 65 115.45
39 66 71.57
39 67 48.26
39 68 38.83
39 69 78.77
39 70 80.23
39 71 93.41
39 72 48.55
39 73 33.62
39 74 108.9
39 75 92.36
39 76 56.08
39 77 57.31
39 78 19.42
39 79 9.9
39 80 46.87
39 81 81.4
39 82 58.69
39 83 52.5
39 84 72.9
39 85 98.81
39 86 93.41
39 87 78.77
39 88 83.74
39 89 69.26
39 90 31.11
39 91 65.92
39 92 47.51
39 93 30.41
39 94 117.83
39 95 54.41
39 96 32.02
39 97 61.74
39 98 59.36
39 99 117.34
39 100 68.95
39 101 120.1
39 102 34.01
39 103 29.12
39 104 60.83
39 105 83.57
39 106 88.68
39 107 75.8
39 108 99.64
39 109 112.16
39 110 33.24
39 111 80.65
39 112 108.17
39 113 75.03
39 114 96.83
39 115 105.12
39 116 51.0
39 117 97.84
39 118 90.34
39 119 58.52
39 120 25.32
39 121 95.13
39 122 57.14
39 123 116.73
39 124 27.02
39 125 112.38
39 126 53.15
39 127 80.11
39 128 113.65
39 129 73.66
39 130 25.32
39 131 28.44
39 132 18.11
39 133 63.01
39 134 70.01
39 135 38.33
39 136 23.54
39 137 95.71
39 138 41.3
39 139 75.77
39 140 57.22
39 141 57.87
39 142 33.62
39 143 79.31
39 144 106.73
39 145 62.3
39 146 44.05
39 147 63.82
39 148 55.15
39 149 20.1
39 150 27.17
39 151 116.62
39 152 43.17
39 153 21.84
39 154 52.35
39 155 98.05
39 156 32.06
39 157 104.96
39 158 63.78
39 159 43.19
39 160 114.59
39 161 54.38
39 162 18.38
39 163 24.02
39 164 61.4
39 165 98.23
39 166 67.98
39 167 52.01
39 168 119.95
39 169 47.42
39 170 54.92
39 171 22.09
39 172 41.23
39 173 81.88
39 174 50.96
39 175 46.62
39 176 77.62
39 177 108.23
39 178 29.73
39 179 36.5
39 180 25.18
39 181 60.0
39 182 54.67
39 183 37.12
39 184 42.0
39 185 50.0
39 186 39.2
39 187 25.0
39 188 78.29
39 189 112.51
39 190 47.17
39 191 75.27
39 192 120.0
39 193 48.7
39 194 66.84
39 195 62.97
39 196 38.0
39 197 44.91
39 198 79.03
39 199 79.16
39 200 11.05
39 201 37.11
40 0 43.01
40 1 104.39
40 2 97.25
40 3 43.93
40 4 34.13
40 5 101.53
40 6 54.12
40 7 46.24
40 8 99.69
40 9 46.4
40 10 115.69
40 11 94.4
40 12 46.87
40 13 101.24
40 14 56.08
40 15 43.08
40 16 2.24
40 17 73.06
40 18 43.32
40 19 114.91
40 20 99.3
40 21 39.41
40 22 12.04
40 23 41.44
40 24 33.97
40 25 118.31
40 26 101.19
40 27 37.0
40 28 51.42
40 29 39.82
40 30 60.84
40 31 36.12
40 32 45.22
40 33 50.99
40 34 93.0
40 35 118.33
40 36 47.17
40 37 42.64
40 38 44.92
40 39 62.68
40 41 9.85
40 42 94.37
40 43 42.64
40 44 59.2
40 45 43.74
40 46 98.67
40 47 55.23
40 48 39.7
40 49 53.49
40 50 54.59
40 51 47.1
40 52 40.0
40 53 72.11
40 54 49.74
40 55 23.35
40 56 44.91
40 57 4.47
40 58 84.69
40 59 44.78
40 60 106.53
40 61 38.18
40 62 101.83
40 63 76.49
40 64 55.08
40 65 70.11
40 66 47.38
40 67 48.76
40 68 45.22
40 69 88.1
40 70 22.36
40 71 94.63
40 72 14.21
40 73 95.88
40 74 48.55
40 75 111.23
40 76 95.01
40 77 116.46
40 78 58.24
40 79 65.31
40 80 44.41
40 81 30.15
40 82 34.67
40 83 70.04
40 84 90.14
40 85 45.4
40 86 39.32
40 87 76.28
40 88 83.49
40 89 43.84
40 90 64.41
40 91 47.8
40 92 28.64
40 93 92.8
40 94 67.36
40 95 67.48
40 96 78.45
40 97 80.78
40 98 3.61
40 99 67.27
40 100 41.73
40 101 62.77
40 102 38.47
40 103 76.84
40 104 120.7
40 105 92.59
40 106 26.57
40 107 32.7
40 108 44.15
40 109 61.29
40 110 51.48
40 111 66.48
40 112 55.58
40 113 86.41
40 114 41.77
40 115 90.27
40 116 59.41
40 117 40.8
40 118 102.86
40 119 4.24
40 120 83.01
40 121 82.76
40 122 115.77
40 123 125.64
40 124 42.2
40 125 63.07
40 126 24.0
40 127 93.11
40 128 65.03
40 129 14.32
40 130 56.89
40 131 38.42
40 132 56.61
40 133 2.24
40 134 83.57
40 135 94.87
40 136 41.73
40 137 106.94
40 138 97.72
40 139 41.88
40 140 51.89
40 141 111.83
40 142 35.51
40 143 43.42
40 144 102.65
40 145 55.44
40 146 105.65
40 147 2.0
40 148 56.01
40 149 79.2
40 150 49.65
40 151 65.49
40 152 26.93
40 153 48.08
40 154 29.15
40 155 79.81
40 156 38.59
40 157 55.04
40 158 16.4
40 159 99.93
40 160 62.65
40 161 8.49
40 162 68.62
40 163 52.17
40 164 120.55
40 165 45.28
40 166 34.06
40 167 34.0
40 168 70.26
40 169 17.49
40 170 117.6
40 171 55.54
40 172 95.34
40 173 39.22
40 174 67.47
40 175 79.06
40 176 89.05
40 177 62.13
40 178 51.0
40 179 44.01
40 180 41.87
40 181 117.34
40 182 10.0
40 183 40.85
40 184 36.4
40 185 102.18
40 186 96.14
40 187 52.95
40 188 40.71
40 189 62.2
40 190 39.32
40 191 85.0
40 192 64.2
40 193 110.48
40 194 19.72
40 195 10.0
40 196 37.7
40 197 99.46
40 198 42.64
40 199 94.15
40 200 70.18
40 201 43.01
41 0 39.81
41 1 99.32
41 2 94.37
41 3 48.88
41 4 30.59
41 5 100.85
41 6 53.67
41 7 53.6
41 8 94.05
41 9 36.88
41 10 115.84
41 11 85.98
41 12 37.2
41 13 94.64
41 14 56.6
41 15 50.45
41 16 11.4
41 17 65.31
41 18 50.99
41 19 116.61
41 20 98.9
41 21 29.83
41 22 18.87
41 23 34.99
41 24 38.95
41 25 118.53
41 26 100.72
41 27 46.17
41 28 50.57
41 29 30.02
41 30 53.76
41 31 33.29
41 32 38.47
41 33 41.44
41 34 89.45
41 35 118.11
41 36 53.31
41 37 33.24
41 38 38.01
41 39 65.12
41 40 9.85
41 42 92.97
41 43 47.89
41 44 67.08
41 45 36.06
41 46 98.09
41 47 57.38
41 48 44.78
41 49 53.85
41 50 46.57
41 51 56.44
41 52 36.24
41 53 65.31
41 54 42.15
41 55 16.12
41 56 37.34
41 57 7.0
41 58 77.79
41 59 34.99
41 60 101.4
41 61 47.51
41 62 101.24
41 63 77.39
41 64 49.37
41 65 61.0
41 66 38.29
41 67 43.19
41 68 52.95
41 69 80.78
41 70 29.07
41 71 86.28
41 72 19.31
41 73 97.42
41 74 43.86
41 75 104.36
41 76 91.35
41 77 116.3
41 78 57.7
41 79 66.29
41 80 53.04
41 81 21.02
41 82 26.93
41 83 78.41
41 84 83.68
41 85 37.36
41 86 31.32
41 87 68.1
41 88 75.29
41 89 34.83
41 90 70.94
41 91 57.57
41 92 24.19
41 93 95.52
41 94 59.03
41 95 76.11
41 96 76.84
41 97 74.97
41 98 12.17
41 99 58.86
41 100 32.65
41 101 56.44
41 102 45.22
41 103 82.37
41 104 120.75
41 105 85.09
41 106 29.0
41 107 22.85
41 108 36.77
41 109 52.95
41 110 58.52
41 111 76.32
41 112 47.54
41 113 79.38
41 114 34.18
41 115 80.81
41 116 68.07
41 117 34.0
41 118 95.46
41 119 12.04
41 120 83.24
41 121 73.55
41 122 115.45
41 123 117.48
41 124 47.85
41 125 54.45
41 126 33.24
41 127 86.03
41 128 56.32
41 129 8.6
41 130 55.36
41 131 43.83
41 132 56.36
41 133 7.62
41 134 76.92
41 135 94.43
41 136 46.32
41 137 99.32
41 138 97.17
41 139 32.2
41 140 44.92
41 141 110.37
41 142 34.44
41 143 33.62
41 144 93.72
41 145 64.94
41 146 108.9
41 147 8.06
41 148 65.07
41 149 79.92
41 150 48.1
41 151 57.27
41 152 34.53
41 153 47.89
41 154 23.09
41 155 70.29
41 156 44.94
41 157 46.39
41 158 7.21
41 159 99.4
41 160 54.57
41 161 15.13
41 162 68.43
41 163 51.08
41 164 120.34
41 165 37.11
41 166 24.76
41 167 43.19
41 168 61.81
41 169 24.52
41 170 119.63
41 171 54.63
41 172 94.34
41 173 29.41
41 174 62.2
41 175 75.24
41 176 81.93
41 177 53.0
41 178 57.58
41 179 51.42
41 180 47.01
41 181 116.62
41 182 10.82
41 183 48.27
41 184 44.41
41 185 100.58
41 186 95.75
41 187 51.62
41 188 30.89
41 189 53.76
41 190 48.01
41 191 77.83
41 192 57.27
41 193 111.52
41 194 10.0
41 195 2.24
41 196 45.12
41 197 98.43
41 198 52.2
41 199 87.28
41 200 73.66
41 201 39.81
42 0 53.71
42 1 39.56
42 2 14.87
42 3 64.13
42 4 62.77
42 5 10.3
42 6 40.45
42 7 78.16
42 8 44.28
42 9 86.37
42 10 27.46
42 11 78.64
42 12 89.2
42 13 56.08
42 14 40.0
42 15 78.34
42 16 92.96
42 17 64.85
42 18 80.52
42 19 39.46
42 20 11.18
42 21 87.01
42 22 105.91
42 23 121.8
42 24 69.12
42 25 30.23
42 26 11.7
42 27 93.38
42 28 42.95
42 29 92.01
42 30 59.82
42 31 125.54
42 32 123.82
42 33 108.47
42 34 21.02
42 35 27.59
42 36 69.64
42 37 84.5
42 38 122.97
42 39 42.38
42 40 94.37
42 41 92.97
42 43 66.1
42 44 84.1
42 45 118.73
42 46 9.22
42 47 45.71
42 48 66.61
42 49 42.05
42 50 125.0
42 51 98.49
42 52 127.53
42 53 146.21
42 54 67.21
42 55 105.6
42 56 120.11
42 57 90.96
42 58 55.79
42 59 92.2
42 60 41.11
42 61 119.15
42 62 11.18
42 63 25.94
42 64 53.08
42 65 126.59
42 66 80.66
42 67 56.4
42 68 81.04
42 69 61.39
42 70 115.26
42 71 77.47
42 72 81.88
42 73 28.46
42 74 133.3
42 75 63.95
42 76 22.2
42 77 26.25
42 78 36.35
42 79 33.73
42 80 89.02
42 81 102.58
42 82 74.63
42 83 93.3
42 84 51.48
42 85 118.15
42 86 114.06
42 87 70.26
42 88 71.78
42 89 80.16
42 90 71.69
42 91 107.94
42 92 69.46
42 93 39.36
42 94 132.46
42 95 95.77
42 96 16.16
42 97 44.27
42 98 91.78
42 99 131.71
42 100 81.06
42 101 140.35
42 102 75.13
42 103 63.78
42 104 31.24
42 105 64.78
42 106 120.78
42 107 94.03
42 108 120.42
42 109 127.78
42 110 75.61
42 111 123.03
42 112 125.6
42 113 57.49
42 114 117.66
42 115 97.5
42 116 93.11
42 117 120.07
42 118 67.0
42 119 90.8
42 120 18.03
42 121 88.24
42 122 24.76
42 123 90.93
42 124 68.25
42 125 126.81
42 126 92.05
42 127 59.41
42 128 127.4
42 129 101.24
42 130 37.64
42 131 68.59
42 132 38.21
42 133 93.86
42 134 52.89
42 135 9.22
42 136 63.64
42 137 72.03
42 138 9.06
42 139 88.87
42 140 62.24
42 141 17.46
42 142 58.94
42 143 92.31
42 144 91.41
42 145 104.68
42 146 49.48
42 147 94.83
42 148 97.5
42 149 23.32
42 150 44.92
42 151 131.89
42 152 82.1
42 153 46.53
42 154 72.45
42 155 94.37
42 156 72.99
42 157 120.88
42 158 88.77
42 159 10.44
42 160 130.73
42 161 87.3
42 162 27.02
42 163 42.2
42 164 29.7
42 165 117.32
42 166 84.31
42 167 92.91
42 168 133.73
42 169 83.22
42 170 44.41
42 171 38.83
42 172 4.0
42 173 98.01
42 174 43.6
42 175 27.29
42 176 59.03
42 177 120.97
42 178 72.11
42 179 78.59
42 180 65.92
42 181 24.41
42 182 84.65
42 183 78.85
42 184 83.19
42 185 8.0
42 186 10.05
42 187 41.48
42 188 92.62
42 189 127.66
42 190 88.84
42 191 58.94
42 192 138.81
42 193 30.59
42 194 90.38
42 195 90.76
42 196 79.25
42 197 6.4
42 198 119.6
42 199 57.22
42 200 46.32
42 201 53.71
43 0 37.58
43 1 90.97
43 2 74.67
43 3 2.0
43 4 36.67
43 5 70.06
43 6 30.81
43 7 14.14
43 8 89.64
43 9 70.01
43 10 80.75
43 11 101.6
43 12 72.01
43 13 96.17
43 14 27.73
43 15 13.04
43 16 40.46
43 17 78.71
43 18 15.26
43 19 75.96
43 20 67.01
43 21 65.12
43 22 50.45
43 23 82.86
43 24 8.94
43 25 83.02
43 26 69.01
43 27 27.29
43 28 31.14
43 29 68.47
43 30 65.31
43 31 78.75
43 32 86.35
43 33 84.72
43 34 73.79
43 35 84.38
43 36 7.28
43 37 66.0
43 38 85.88
43 39 25.08
43 40 42.64
43 41 47.89
43 42 66.1
43 44 26.4
43 45 83.67
43 46 67.07
43 47 20.4
43 48 3.16
43 49 26.93
43 50 93.78
43 51 33.11
43 52 82.62
43 53 113.15
43 54 60.17
43 55 64.01
43 56 85.0
43 57 41.88
43 58 83.41
43 59 72.17
43 60 93.19
43 61 54.33
43 62 70.03
43 63 42.0
43 64 54.59
43 65 105.54
43 66 67.27
43 67 50.16
43 68 16.4
43 69 88.81
43 70 56.94
43 71 101.21
43 72 28.84
43 73 57.97
43 74 91.02
43 75 106.78
43 76 76.03
43 77 82.39
43 78 33.62
43 79 32.39
43 80 23.71
43 81 67.42
43 82 52.04
43 83 39.0
43 84 85.63
43 85 84.69
43 86 78.79
43 87 84.1
43 88 90.35
43 89 64.12
43 90 24.19
43 91 42.06
43 92 39.01
43 93 52.33
43 94 105.62
43 95 38.95
43 96 53.14
43 97 74.28
43 98 39.05
43 99 105.3
43 100 63.03
43 101 104.32
43 102 9.06
43 103 34.48
43 104 85.84
43 105 93.81
43 106 66.84
43 107 64.54
43 108 84.53
43 109 99.62
43 110 15.23
43 111 58.67
43 112 94.7
43 113 85.6
43 114 81.86
43 115 107.28
43 116 32.8
43 117 81.88
43 118 102.3
43 119 38.42
43 120 50.04
43 121 97.72
43 122 82.22
43 123 128.41
43 124 2.24
43 125 100.58
43 126 28.46
43 127 91.68
43 128 102.2
43 129 55.76
43 130 37.01
43 131 4.24
43 132 31.38
43 133 43.6
43 134 81.06
43 135 63.07
43 136 3.61
43 137 107.45
43 138 66.07
43 139 68.12
43 140 58.52
43 141 82.39
43 142 28.16
43 143 71.25
43 144 113.16
43 145 40.5
43 146 64.07
43 147 44.2
43 148 34.71
43 149 45.0
43 150 33.3
43 151 104.06
43 152 18.79
43 153 26.87
43 154 44.0
43 155 98.49
43 156 7.0
43 157 92.66
43 158 49.04
43 159 68.03
43 160 101.59
43 161 34.21
43 162 39.56
43 163 32.56
43 164 86.47
43 165 84.31
43 166 59.21
43 167 27.02
43 168 108.16
43 169 25.46
43 170 77.88
43 171 33.6
43 172 65.49
43 173 71.39
43 174 61.07
43 175 63.25
43 176 88.41
43 177 97.74
43 178 12.37
43 179 13.6
43 180 1.0
43 181 85.02
43 182 37.12
43 183 13.0
43 184 17.12
43 185 73.98
43 186 64.03
43 187 33.97
43 188 69.46
43 189 100.24
43 190 22.8
43 191 85.21
43 192 105.1
43 193 73.25
43 194 52.81
43 195 46.07
43 196 13.15
43 197 69.35
43 198 54.0
43 199 91.44
43 200 29.07
43 201 37.58
44 0 63.98
44 1 114.21
44 2 95.19
44 3 27.29
44 4 62.64
44 5 85.38
44 6 55.32
44 7 14.04
44 8 113.85
44 9 94.76
44 10 91.92
44 11 127.94
44 12 96.52
44 13 121.26
44 14 50.91
44 15 17.0
44 16 57.01
44 17 105.1
44 18 16.12
44 19 82.05
44 20 81.91
44 21 89.27
44 22 62.61
44 23 100.58
44 24 32.76
44 25 93.65
44 26 83.82
44 27 25.61
44 28 56.4
44 29 92.05
44 30 91.71
44 31 93.04
44 32 104.4
44 33 107.17
44 34 95.8
44 35 96.34
44 36 19.24
44 37 90.67
44 38 104.12
44 39 42.19
44 40 59.2
44 41 67.08
44 42 84.1
44 43 26.4
44 45 102.84
44 46 82.54
44 47 41.77
44 48 28.79
44 49 50.99
44 50 113.56
44 51 21.47
44 52 97.58
44 53 131.24
44 54 86.33
44 55 82.46
44 56 104.05
44 57 60.21
44 58 109.29
44 59 96.19
44 60 116.39
44 61 52.43
44 62 85.07
44 63 58.18
44 64 80.95
44 65 127.57
44 66 92.57
44 67 76.56
44 68 14.14
44 69 114.83
44 70 65.22
44 71 127.53
44 72 48.26
44 73 67.6
44 74 106.62
44 75 131.8
44 76 98.01
44 77 94.37
44 78 57.28
44 79 51.87
44 80 16.4
44 81 87.97
44 82 77.1
44 83 12.65
44 84 111.04
44 85 104.35
44 86 98.27
44 87 110.49
44 88 116.73
44 89 89.27
44 90 14.0
44 91 31.02
44 92 64.13
44 93 58.01
44 94 126.12
44 95 12.81
44 96 74.06
44 97 99.64
44 98 55.79
44 99 125.94
44 100 87.97
44 101 121.76
44 102 23.09
44 103 28.64
44 104 96.75
44 105 119.82
44 106 77.7
44 107 87.05
44 108 103.32
44 109 120.03
44 110 11.18
44 111 40.31
44 112 114.54
44 113 111.5
44 114 100.9
44 115 133.45
44 116 9.22
44 117 100.0
44 118 128.0
44 119 55.54
44 120 66.31
44 121 123.98
44 122 94.73
44 123 154.26
44 124 24.7
44 125 121.49
44 126 36.67
44 127 117.41
44 128 123.32
44 129 73.5
44 130 61.72
44 131 28.16
44 132 55.17
44 133 60.88
44 134 106.83
44 135 78.77
44 136 29.97
44 137 133.22
44 138 81.6
44 139 92.27
44 140 84.86
44 141 98.35
44 142 54.42
44 143 95.13
44 144 139.56
44 145 23.09
44 146 65.12
44 147 61.13
44 148 15.03
44 149 60.93
44 150 59.08
44 151 124.34
44 152 32.56
44 153 52.43
44 154 68.88
44 155 124.45
44 156 24.33
44 157 113.44
44 158 70.26
44 159 83.17
44 160 121.6
44 161 51.97
44 162 60.22
44 163 57.8
44 164 98.15
44 165 104.14
44 166 83.22
44 167 28.02
44 168 128.89
44 169 42.58
44 170 82.39
44 171 58.14
44 172 82.46
44 173 94.05
44 174 86.84
44 175 87.0
44 176 114.28
44 177 119.6
44 178 14.42
44 179 16.0
44 180 27.31
44 181 98.49
44 182 57.31
44 183 19.03
44 184 22.8
44 185 91.39
44 186 79.38
44 187 59.2
44 188 93.05
44 189 120.84
44 190 21.1
44 191 111.22
44 192 123.37
44 193 82.22
44 194 74.24
44 195 65.76
44 196 22.09
44 197 85.8
44 198 49.24
44 199 117.0
44 200 38.6
44 201 63.98
45 0 66.07
45 1 114.0
45 2 116.3
45 3 84.53
45 4 58.0
45 5 127.88
45 6 83.45
45 7 89.56
45 8 106.89
45 9 36.5
45 10 144.2
45 11 85.0
45 12 34.23
45 13 103.31
45 14 87.73
45 15 86.4
45 16 45.89
45 17 71.25
45 18 86.83
45 19 147.8
45 20 126.61
45 21 32.89
45 22 44.18
45 23 7.21
45 24 74.73
45 25 147.0
45 26 128.22
45 27 80.4
45 28 79.93
45 29 28.16
45 30 65.25
45 31 22.63
45 32 6.0
45 33 19.31
45 34 109.77
45 35 145.66
45 36 89.32
45 37 36.4
45 38 5.0
45 39 98.41
45 40 43.74
45 41 36.06
45 42 118.73
45 43 83.67
45 44 102.84
45 46 125.43
45 47 90.6
45 48 80.53
45 49 84.9
45 50 11.0
45 51 90.14
45 52 19.42
45 53 29.68
45 54 54.08
45 55 20.4
45 56 1.41
45 57 42.72
45 58 86.58
45 59 30.27
45 60 115.73
45 61 72.53
45 62 128.46
45 63 108.19
45 64 67.12
45 65 29.55
45 66 41.98
45 67 62.65
45 68 88.77
45 69 87.09
45 70 49.04
45 71 85.84
45 72 55.36
45 73 128.69
45 74 18.11
45 75 111.0
45 76 111.23
45 77 144.03
45 78 87.05
45 79 97.62
45 80 88.12
45 81 17.03
45 82 44.1
45 83 113.77
45 84 93.9
45 85 2.83
45 86 5.0
45 87 71.0
45 88 77.1
45 89 40.8
45 90 106.98
45 91 89.14
45 92 51.62
45 93 128.55
45 94 24.02
45 95 111.16
45 96 102.9
45 97 88.77
45 98 47.07
45 99 24.08
45 100 39.22
45 101 21.93
45 102 81.27
45 103 118.07
45 104 148.81
45 105 90.0
45 106 38.01
45 107 24.7
45 108 2.0
45 109 18.11
45 110 94.56
45 111 106.21
45 112 12.0
45 113 87.37
45 114 2.0
45 115 70.38
45 116 103.1
45 117 5.66
45 118 100.04
45 119 47.3
45 120 112.7
45 121 67.19
45 122 142.87
45 123 115.95
45 124 83.77
45 125 20.62
45 126 67.48
45 127 93.13
45 128 22.8
45 129 29.43
45 130 83.1
45 131 79.71
45 132 86.28
45 133 41.98
45 134 86.98
45 135 122.2
45 136 81.84
45 137 102.31
45 138 124.62
45 139 32.02
45 140 58.87
45 141 135.33
45 142 65.19
45 143 29.43
45 144 87.93
45 145 98.01
45 146 142.44
45 147 41.77
45 148 99.41
45 149 110.34
45 150 76.49
45 151 22.0
45 152 70.34
45 153 78.52
45 154 47.42
45 155 60.41
45 156 80.99
45 157 13.42
45 158 34.99
45 159 126.83
45 160 19.03
45 161 50.96
45 162 97.74
45 163 79.98
45 164 147.87
45 165 3.61
45 166 34.48
45 167 77.41
45 168 27.07
45 169 60.44
45 170 151.33
45 171 83.55
45 172 120.93
45 173 21.84
45 174 79.48
45 175 95.75
45 176 89.2
45 177 22.47
45 178 93.64
45 179 87.36
45 180 82.76
45 181 143.12
45 182 46.62
45 183 84.2
45 184 80.05
45 185 125.54
45 186 123.6
45 187 80.06
45 188 27.89
45 189 19.24
45 190 83.02
45 191 85.29
45 192 21.63
45 193 141.68
45 194 31.62
45 195 37.7
45 196 81.04
45 197 124.81
45 198 78.34
45 199 95.26
45 200 107.9
45 201 66.07
46 0 59.68
46 1 47.85
46 2 23.19
46 3 65.07
46 4 68.48
46 5 3.0
46 6 44.6
46 7 78.09
46 8 53.08
46 9 94.05
46 10 19.1
46 11 87.86
46 12 96.88
46 13 65.01
46 14 42.95
46 15 78.64
46 16 97.12
46 17 73.82
46 18 80.75
46 19 30.27
46 20 2.0
46 21 94.26
46 22 109.9
46 23 128.16
46 24 71.18
46 25 21.93
46 26 2.83
46 27 94.26
46 28 47.54
46 29 99.25
46 30 68.24
46 31 131.05
46 32 130.36
46 33 116.0
46 34 30.02
46 35 20.25
46 36 69.72
46 37 91.97
46 38 129.53
46 39 42.3
46 40 98.67
46 41 98.09
46 42 9.22
46 43 67.07
46 44 82.54
46 45 125.43
46 47 47.01
46 48 68.0
46 49 45.35
46 50 132.14
46 51 98.48
46 52 133.3
46 53 153.39
46 54 75.01
46 55 111.41
46 56 126.83
46 57 95.52
46 58 65.0
46 59 99.72
46 60 49.24
46 61 121.04
46 62 3.16
46 63 25.18
46 64 60.88
46 65 134.54
46 66 88.41
46 67 63.7
46 68 81.05
46 69 70.61
46 70 118.88
46 71 86.68
46 72 85.62
46 73 21.1
46 74 139.43
46 75 72.56
46 76 31.02
46 77 18.6
46 78 40.5
46 79 35.06
46 80 89.11
46 81 109.0
46 82 81.4
46 83 90.8
46 84 60.67
46 85 125.0
46 86 120.67
46 87 79.31
46 88 80.96
46 89 87.69
46 90 69.46
46 91 108.19
46 92 75.18
46 93 32.8
46 94 140.04
46 95 93.62
46 96 22.67
46 97 53.45
46 98 95.88
46 99 139.32
46 100 88.46
46 101 147.2
46 102 76.11
46 103 59.91
46 104 23.43
46 105 73.98
46 106 125.23
46 107 100.8
46 108 127.06
46 109 135.21
46 110 74.95
46 111 122.26
46 112 132.77
46 113 66.71
46 114 124.28
46 115 106.63
46 116 91.71
46 117 126.48
46 118 76.03
46 119 94.92
46 120 17.03
46 121 97.31
46 122 17.49
46 123 99.61
46 124 69.12
46 125 134.38
46 126 94.19
46 127 68.59
46 128 135.06
46 129 106.51
46 130 42.94
46 131 70.0
46 132 42.06
46 133 98.35
46 134 62.1
46 135 4.0
46 136 65.0
46 137 81.0
46 138 1.0
46 139 96.26
46 140 70.09
46 141 15.81
46 142 63.69
46 143 99.76
46 144 100.62
46 145 104.05
46 146 41.44
46 147 99.3
46 148 96.57
46 149 22.2
46 150 50.09
46 151 139.39
46 152 84.15
46 153 50.6
46 154 78.55
46 155 103.32
46 156 74.06
46 157 128.22
46 158 94.37
46 159 1.41
46 160 138.11
46 161 91.21
46 162 30.08
46 163 47.01
46 164 22.47
46 165 124.2
46 166 91.21
46 167 94.09
46 168 141.42
46 169 86.31
46 170 35.23
46 171 43.46
46 172 5.39
46 173 105.12
46 174 52.15
46 175 36.25
46 176 68.25
46 177 128.7
46 178 71.59
46 179 78.77
46 180 67.03
46 181 18.68
46 182 89.2
46 183 79.4
46 184 84.15
46 185 10.82
46 186 3.16
46 187 46.52
46 188 99.9
46 189 135.15
46 190 89.45
46 191 68.15
46 192 145.87
46 193 21.38
46 194 96.25
46 195 95.85
46 196 80.16
46 197 4.47
46 198 121.04
46 199 66.37
46 200 44.01
46 201 59.68
47 0 30.27
47 1 72.47
47 2 54.63
47 3 18.44
47 4 34.54
47 5 50.01
47 6 14.87
47 7 33.11
47 8 72.14
47 9 68.68
47 10 61.85
47 11 89.81
47 12 71.17
47 13 80.0
47 14 9.43
47 15 32.89
47 16 53.34
47 17 67.91
47 18 35.11
47 19 59.68
47 20 47.1
47 21 65.55
47 22 65.31
47 23 91.35
47 24 24.33
47 25 64.29
47 26 49.09
47 27 47.68
47 28 17.26
47 29 69.86
47 30 55.58
47 31 90.43
47 32 94.37
47 33 87.24
47 34 54.38
47 35 65.12
47 36 24.6
47 37 65.15
47 38 93.72
47 39 7.81
47 40 55.23
47 41 57.38
47 42 45.71
47 43 20.4
47 44 41.77
47 45 90.6
47 46 47.01
47 48 21.02
47 49 10.44
47 50 99.57
47 51 53.14
47 52 93.61
47 53 120.21
47 54 54.15
47 55 72.84
47 56 92.01
47 57 53.01
47 58 69.32
47 59 72.45
47 60 74.65
47 61 74.03
47 62 50.04
47 63 22.36
47 64 44.41
47 65 107.94
47 66 64.54
47 67 42.0
47 68 35.85
47 69 75.15
47 70 73.39
47 71 89.2
47 72 41.18
47 73 40.71
47 74 101.14
47 75 90.43
47 76 56.6
47 77 63.15
47 78 15.81
47 79 12.04
47 80 43.66
47 81 73.6
47 82 51.26
47 83 53.15
47 84 70.18
47 85 91.02
47 86 85.6
47 87 73.76
47 88 79.12
47 89 62.1
47 90 32.76
47 91 62.36
47 92 39.82
47 93 38.18
47 94 110.15
47 95 54.45
47 96 33.11
47 97 58.83
47 98 51.97
47 99 109.66
47 100 61.68
47 101 112.29
47 102 29.43
47 103 34.13
47 104 66.94
47 105 80.06
47 106 81.41
47 107 68.1
47 108 91.83
47 109 104.45
47 110 31.62
47 111 78.29
47 112 100.4
47 113 71.55
47 114 89.02
47 115 99.5
47 116 50.0
47 117 90.03
47 118 87.46
47 119 51.11
47 120 30.07
47 121 89.56
47 122 62.8
47 123 113.88
47 124 22.56
47 125 104.71
47 126 47.27
47 127 77.03
47 128 106.0
47 129 65.95
47 130 21.02
47 131 23.02
47 132 13.89
47 133 55.47
47 134 66.65
47 135 43.01
47 136 18.03
47 137 92.78
47 138 46.01
47 139 68.35
47 140 51.0
47 141 62.13
47 142 25.94
47 143 71.87
47 144 102.2
47 145 59.93
47 146 51.86
47 147 56.3
47 148 53.34
47 149 25.32
47 150 21.1
47 151 108.91
47 152 37.22
47 153 15.03
47 154 44.72
47 155 92.02
47 156 27.29
47 157 97.25
47 158 55.97
47 159 48.04
47 160 106.85
47 161 47.01
47 162 19.31
47 163 18.44
47 164 67.27
47 165 90.44
47 166 60.42
47 167 47.27
47 168 112.29
47 169 40.5
47 170 62.43
47 171 17.46
47 172 45.18
47 173 74.24
47 174 47.01
47 175 45.25
47 176 74.24
47 177 100.65
47 178 28.02
47 179 33.24
47 180 20.22
47 181 65.28
47 182 47.01
47 183 33.24
47 184 37.48
47 185 53.6
47 186 44.05
47 187 19.65
47 188 70.77
47 189 104.81
47 190 43.17
47 191 71.59
47 192 112.2
47 193 55.54
47 194 59.03
47 195 55.23
47 196 33.54
47 197 49.09
47 198 74.11
47 199 76.32
47 200 18.03
47 201 30.27
48 0 35.36
48 1 90.21
48 2 74.63
48 3 4.24
48 4 33.96
48 5 71.0
48 6 30.02
48 7 15.81
48 8 88.6
48 9 67.03
48 10 82.2
48 11 99.48
48 12 69.0
48 13 94.79
48 14 27.51
48 15 14.14
48 16 37.54
48 17 76.54
48 18 16.28
48 19 78.0
48 20 68.03
48 21 62.07
48 22 47.8
48 23 79.76
48 24 5.83
48 25 84.53
48 26 70.03
48 27 26.93
48 28 30.0
48 29 65.38
48 30 63.06
48 31 75.82
48 32 83.24
48 33 81.58
48 34 73.41
48 35 85.71
48 36 10.05
48 37 63.01
48 38 82.76
48 39 26.48
48 40 39.7
48 41 44.78
48 42 66.61
48 43 3.16
48 44 28.79
48 45 80.53
48 46 68.0
48 47 21.02
48 49 26.4
48 50 90.62
48 51 33.62
48 52 79.65
48 53 110.02
48 54 57.57
48 55 60.9
48 56 81.86
48 57 38.83
48 58 81.69
48 59 69.12
48 60 92.44
48 61 53.08
48 62 71.01
48 63 43.1
48 64 52.48
48 65 102.39
48 66 64.38
48 67 47.85
48 68 17.69
48 69 87.01
48 70 54.59
48 71 99.13
48 72 25.81
48 73 59.77
48 74 88.01
48 75 105.42
48 76 75.64
48 77 83.73
48 78 33.11
48 79 33.06
48 80 24.41
48 81 64.26
48 82 49.09
48 83 41.44
48 84 84.15
48 85 81.54
48 86 75.64
48 87 81.84
48 88 88.19
48 89 61.2
48 90 27.29
48 91 42.15
48 92 36.06
48 93 54.59
48 94 102.46
48 95 41.15
48 96 53.16
48 97 72.84
48 98 36.12
48 99 102.14
48 100 60.07
48 101 101.21
48 102 8.94
48 103 37.59
48 104 87.3
48 105 92.01
48 106 64.2
48 107 61.39
48 108 81.39
48 109 96.46
48 110 17.72
48 111 59.36
48 112 91.55
48 113 83.87
48 114 78.72
48 115 104.69
48 116 34.67
48 117 78.77
48 118 100.66
48 119 35.47
48 120 51.01
48 121 95.19
48 122 83.49
48 123 126.66
48 124 4.12
48 125 97.42
48 126 26.68
48 127 90.03
48 128 99.04
48 129 52.7
48 130 36.06
48 131 2.0
48 132 30.87
48 133 40.61
48 134 79.4
48 135 64.0
48 136 3.0
48 137 105.76
48 138 67.0
48 139 65.07
48 140 56.08
48 141 83.15
48 142 25.63
48 143 68.18
48 144 110.91
48 145 41.4
48 146 66.61
48 147 41.23
48 148 36.07
48 149 46.1
48 150 31.83
48 151 100.9
48 152 16.76
48 153 25.61
48 154 41.01
48 155 95.8
48 156 6.71
48 157 89.49
48 158 45.88
48 159 69.01
48 160 98.43
48 161 31.24
48 162 39.81
48 163 31.4
48 164 87.82
48 165 81.15
48 166 56.14
48 167 26.31
48 168 105.0
48 169 22.67
48 170 80.06
48 171 32.76
48 172 66.19
48 173 68.25
48 174 59.46
48 175 62.43
48 176 86.68
48 177 94.59
48 178 15.13
48 179 14.87
48 180 2.24
48 181 86.15
48 182 34.0
48 183 13.6
48 184 16.76
48 185 74.55
48 186 65.01
48 187 32.8
48 188 66.37
48 189 97.08
48 190 22.85
48 191 83.41
48 192 101.97
48 193 75.0
48 194 49.65
48 195 42.94
48 196 13.0
48 197 70.11
48 198 53.08
48 199 89.87
48 200 31.38
48 201 35.36
49 0 21.19
49 1 64.07
49 2 48.51
49 3 25.24
49 4 27.2
49 5 48.27
49 6 4.47
49 7 40.8
49 8 63.03
49 9 60.17
49 10 62.24
49 11 79.38
49 12 62.77
49 13 70.29
49 14 2.83
49 15 39.96
49 16 51.87
49 17 57.49
49 18 42.19
49 19 63.13
49 20 45.88
49 21 57.71
49 22 64.56
49 23 86.37
49 24 27.66
49 25 64.88
49 26 47.8
49 27 53.14
49 28 7.0
49 29 62.27
49 30 45.28
49 31 87.13
49 32 89.11
49 33 79.76
49 34 47.01
49 35 64.85
49 36 32.65
49 37 56.86
49 38 88.39
49 39 16.12
49 40 53.49
49 41 53.85
49 42 42.05
49 43 26.93
49 44 50.99
49 45 84.9
49 46 45.35
49 47 10.44
49 48 26.4
49 50 93.24
49 51 59.94
49 52 89.87
49 53 114.21
49 54 44.55
49 55 68.41
49 56 86.31
49 57 50.57
49 58 59.06
49 59 64.4
49 60 66.29
49 61 77.41
49 62 48.51
49 63 23.6
49 64 34.13
49 65 100.18
49 66 55.66
49 67 32.14
49 68 43.27
49 69 64.85
49 70 73.55
49 71 78.77
49 72 40.26
49 73 43.93
49 74 96.83
49 75 80.81
49 76 49.24
49 77 62.97
49 78 6.71
49 79 12.73
49 80 50.61
49 81 67.9
49 82 43.42
49 83 62.8
49 84 60.22
49 85 85.04
49 86 79.93
49 87 63.35
49 88 68.68
49 89 53.49
49 90 42.94
49 91 68.54
49 92 33.3
49 93 44.1
49 94 103.17
49 95 63.78
49 96 27.29
49 97 48.83
49 98 50.6
49 99 102.63
49 100 53.31
49 101 106.79
49 102 35.34
49 103 44.41
49 104 67.23
49 105 69.77
49 106 80.06
49 107 61.4
49 108 86.28
49 109 97.65
49 110 40.31
49 111 85.59
49 112 94.02
49 113 61.29
49 114 83.45
49 115 89.27
49 116 58.73
49 117 84.9
49 118 77.39
49 119 49.65
49 120 29.55
49 121 79.31
49 122 62.3
49 123 103.77
49 124 29.15
49 125 97.64
49 126 50.25
49 127 66.89
49 128 98.79
49 129 62.43
49 130 10.82
49 131 28.23
49 132 4.47
49 133 53.31
49 134 56.44
49 135 41.48
49 136 23.71
49 137 82.68
49 138 44.38
49 139 60.37
49 140 41.11
49 141 59.3
49 142 19.85
49 143 63.95
49 144 91.76
49 145 67.42
49 146 58.31
49 147 54.23
49 148 61.4
49 149 26.08
49 150 11.05
49 151 102.08
49 152 40.45
49 153 6.4
49 154 37.8
49 155 82.01
49 156 33.11
49 157 90.44
49 158 51.22
49 159 46.57
49 160 100.21
49 161 45.88
49 162 15.3
49 163 8.06
49 164 67.07
49 165 84.39
49 166 53.0
49 167 52.2
49 168 105.15
49 169 41.19
49 170 66.48
49 171 7.21
49 172 42.43
49 173 67.12
49 174 36.67
49 175 36.4
49 176 64.01
49 177 93.15
49 178 36.77
49 179 40.5
49 180 26.42
49 181 64.03
49 182 44.28
49 183 39.82
49 184 43.08
49 185 50.04
49 186 42.72
49 187 9.22
49 188 63.13
49 189 97.91
49 190 49.24
49 191 61.27
49 192 106.3
49 193 57.69
49 194 53.81
49 195 51.62
49 196 39.4
49 197 46.53
49 198 78.26
49 199 66.29
49 200 27.17
49 201 21.19
50 0 73.55
50 1 117.0
50 2 121.43
50 3 94.54
50 4 66.07
50 5 134.47
50 6 91.44
50 7 100.17
50 8 109.48
50 9 39.81
50 10 151.09
50 11 84.02
50 12 37.16
50 13 104.74
50 14 96.05
50 15 97.02
50 16 56.72
50 17 73.01
50 18 97.51
50 19 155.67
50 20 133.42
50 21 38.01
50 22 55.15
50 23 16.16
50 24 84.86
50 25 153.91
50 26 134.95
50 27 91.35
50 28 87.86
50 29 33.02
50 30 68.94
50 31 31.38
50 32 12.53
50 33 18.44
50 34 114.53
50 35 152.27
50 36 99.62
50 37 40.82
50 38 12.08
50 39 107.34
50 40 54.59
50 41 46.57
50 42 125.0
50 43 93.78
50 44 113.56
50 45 11.0
50 46 132.14
50 47 99.57
50 48 90.62
50 49 93.24
50 51 101.12
50 52 27.2
50 53 21.26
50 54 58.67
50 55 31.26
50 56 10.05
50 57 53.37
50 58 88.53
50 59 33.54
50 60 118.6
50 61 83.2
50 62 135.09
50 63 116.18
50 64 72.4
50 65 20.0
50 66 45.62
50 67 68.6
50 68 99.46
50 69 88.28
50 70 59.67
50 71 85.01
50 72 65.8
50 73 136.69
50 74 22.2
50 75 111.65
50 76 115.84
50 77 150.71
50 78 94.85
50 79 105.89
50 80 98.99
50 81 26.4
50 82 50.93
50 83 124.62
50 84 96.05
50 85 9.22
50 86 15.3
50 87 71.85
50 88 77.32
50 89 45.28
50 90 117.32
50 91 100.12
50 92 60.0
50 93 137.2
50 94 13.04
50 95 122.05
50 96 109.48
50 97 92.11
50 98 57.87
50 99 13.15
50 100 44.1
50 101 16.49
50 102 91.76
50 103 128.04
50 104 155.57
50 105 90.67
50 106 48.1
50 107 31.89
50 108 11.18
50 109 7.28
50 110 105.08
50 111 117.1
50 112 1.0
50 113 89.05
50 114 13.0
50 115 66.94
50 116 113.99
50 117 15.52
50 118 100.32
50 119 58.05
50 120 120.21
50 121 65.28
50 122 149.46
50 123 113.99
50 124 93.98
50 125 10.3
50 126 78.41
50 127 94.37
50 128 12.53
50 129 40.31
50 130 90.51
50 131 89.89
50 132 94.26
50 133 52.77
50 134 89.29
50 135 129.07
50 136 91.79
50 137 102.04
50 138 131.37
50 139 36.36
50 140 63.63
50 141 141.17
50 142 73.82
50 143 33.12
50 144 85.33
50 145 109.0
50 146 151.24
50 147 52.61
50 148 110.37
50 149 118.19
50 150 84.22
50 151 11.0
50 152 81.02
50 153 86.83
50 154 55.44
50 155 57.71
50 156 91.39
50 157 6.08
50 158 44.78
50 159 133.54
50 160 8.06
50 161 61.61
50 162 105.38
50 163 87.78
50 164 154.46
50 165 9.49
50 166 41.04
50 167 88.36
50 168 16.12
50 169 71.06
50 170 159.36
50 171 91.29
50 172 127.44
50 173 27.02
50 174 84.12
50 175 100.85
50 176 90.61
50 177 14.42
50 178 104.04
50 179 97.98
50 180 92.85
50 181 149.4
50 182 56.92
50 183 94.83
50 184 90.8
50 185 131.49
50 186 130.48
50 187 87.73
50 188 32.45
50 189 8.54
50 190 93.9
50 191 86.88
50 192 13.89
50 193 149.2
50 194 41.15
50 195 48.08
50 196 91.68
50 197 131.21
50 198 89.05
50 199 96.69
50 200 117.14
50 201 73.55
51 0 66.48
51 1 123.82
51 2 107.7
51 3 34.93
51 4 62.2
51 5 101.43
51 6 63.63
51 7 20.4
51 8 122.07
51 9 89.54
51 10 110.04
51 11 129.81
51 12 90.76
51 13 127.78
51 14 60.84
51 15 20.25
51 16 45.18
51 17 106.83
51 18 18.03
51 19 101.83
51 20 98.15
51 21 83.17
51 22 46.87
51 23 86.7
51 24 34.06
51 25 112.0
51 26 100.13
51 27 10.44
51 28 63.51
51 29 84.9
51 30 93.24
51 31 76.92
51 32 90.67
51 33 97.87
51 34 106.89
51 35 114.16
51 36 28.86
51 37 85.44
51 38 90.55
51 39 56.29
51 40 47.1
51 41 56.44
51 42 98.49
51 43 33.11
51 44 21.47
51 45 90.14
51 46 98.48
51 47 53.14
51 48 33.62
51 49 59.94
51 50 101.12
51 52 81.74
51 53 116.9
51 54 85.44
51 55 70.01
51 56 91.2
51 57 49.5
51 58 113.85
51 59 89.56
51 60 126.05
51 61 31.24
51 62 101.27
51 63 73.35
51 64 83.55
51 65 117.21
51 66 88.64
51 67 78.1
51 68 17.46
51 69 118.83
51 70 47.01
51 71 129.63
51 72 40.5
51 73 86.01
51 74 90.96
51 75 138.41
51 76 109.12
51 77 112.16
51 78 66.65
51 79 64.85
51 80 9.49
51 81 77.23
51 82 73.35
51 83 26.63
51 84 116.93
51 85 92.05
51 86 86.02
51 87 111.61
51 88 118.41
51 89 85.09
51 90 34.48
51 91 10.05
51 92 61.4
51 93 77.52
51 94 114.07
51 95 22.83
51 96 86.16
51 97 105.76
51 98 44.28
51 99 114.04
51 100 83.38
51 101 107.08
51 102 24.7
51 103 49.65
51 104 115.02
51 105 123.79
51 106 60.17
51 107 78.64
51 108 90.27
51 109 108.04
51 110 24.0
51 111 25.81
51 112 102.12
51 113 115.97
51 114 88.14
51 115 131.49
51 116 15.62
51 117 86.47
51 118 132.94
51 119 44.41
51 120 81.58
51 121 122.67
51 122 112.29
51 123 158.49
51 124 30.87
51 125 110.0
51 126 23.19
51 127 122.35
51 128 112.0
51 129 61.0
51 130 69.64
51 131 31.91
51 132 64.41
51 133 49.16
51 134 111.76
51 135 94.54
51 136 36.24
51 137 137.89
51 138 97.49
51 139 86.02
51 140 85.21
51 141 114.14
51 142 55.9
51 143 88.32
51 144 140.35
51 145 8.94
51 146 85.87
51 147 49.09
51 148 9.85
51 149 76.3
51 150 65.0
51 151 112.11
51 152 25.55
51 153 59.08
51 154 65.3
51 155 121.67
51 156 26.93
51 157 102.0
51 158 61.39
51 159 99.3
51 160 109.17
51 161 41.98
51 162 72.45
51 163 64.9
51 164 116.11
51 165 92.02
51 166 77.16
51 167 13.34
51 168 117.04
51 169 34.18
51 170 102.59
51 171 66.37
51 172 97.51
51 173 85.51
51 174 92.1
51 175 96.04
51 176 118.79
51 177 109.22
51 178 27.07
51 179 19.92
51 180 33.54
51 181 115.62
51 182 48.76
51 183 20.12
51 184 17.69
51 185 106.23
51 186 95.35
51 187 66.29
51 188 85.87
51 189 109.02
51 190 11.31
51 191 115.28
51 192 109.33
51 193 101.08
51 194 65.31
51 195 55.73
51 196 20.81
51 197 101.2
51 198 27.78
51 199 122.43
51 200 56.01
51 201 66.48
52 0 73.82
52 1 127.88
52 2 127.13
52 3 83.87
52 4 64.85
52 5 135.96
52 6 89.36
52 7 85.48
52 8 121.33
52 9 52.24
52 10 151.45
52 11 102.84
52 12 50.49
52 13 119.04
52 14 92.66
52 15 82.37
52 16 42.2
52 17 87.14
52 18 82.3
52 19 152.8
52 20 134.24
52 21 47.0
52 22 35.11
52 23 12.21
52 24 73.88
52 25 154.18
52 26 136.0
52 27 73.05
52 28 86.09
52 29 43.1
52 30 79.23
52 31 5.0
52 32 14.87
52 33 38.47
52 34 121.3
52 35 153.47
52 36 87.09
52 37 51.01
52 38 15.56
52 39 101.32
52 40 40.0
52 41 36.24
52 42 127.53
52 43 82.62
52 44 97.58
52 45 19.42
52 46 133.3
52 47 93.61
52 48 79.65
52 49 89.87
52 50 27.2
52 51 81.74
52 53 36.0
52 54 67.36
52 55 21.93
52 56 19.21
52 57 41.04
52 58 102.0
52 59 46.53
52 60 129.76
52 61 59.08
52 62 136.42
52 63 113.46
52 64 78.85
52 65 47.2
52 66 57.04
52 67 73.5
52 68 84.08
52 69 103.24
52 70 36.06
52 71 103.59
52 72 53.91
52 73 133.6
52 74 9.22
52 75 127.39
52 76 122.97
52 77 151.72
52 78 93.3
52 79 102.42
52 80 81.71
52 81 27.07
52 82 54.57
52 83 107.22
52 84 109.02
52 85 22.2
52 86 20.25
52 87 87.69
52 88 94.2
52 89 55.01
52 90 104.1
52 91 78.77
52 92 58.14
52 93 131.71
52 94 38.91
52 95 104.04
52 96 111.4
52 97 102.59
52 98 43.6
52 99 39.36
52 100 53.04
52 101 26.0
52 102 78.23
52 103 116.83
52 104 156.28
52 105 106.57
52 106 23.02
52 107 37.05
52 108 17.8
52 109 34.13
52 110 90.92
52 111 94.0
52 112 28.02
52 113 103.04
52 114 18.36
52 115 89.47
52 116 96.14
52 117 13.89
52 118 116.84
52 119 44.2
52 120 119.04
52 121 85.7
52 122 150.76
52 123 134.2
52 124 82.2
52 125 37.44
52 126 60.93
52 127 109.17
52 128 39.66
52 129 27.66
52 130 90.35
52 131 78.41
52 132 92.11
52 133 39.05
52 134 102.02
52 135 129.77
52 136 81.57
52 137 119.52
52 138 132.41
52 139 47.1
52 140 71.7
52 141 144.7
52 142 70.18
52 143 45.4
52 144 106.63
52 145 88.65
52 146 144.97
52 147 38.42
52 148 91.48
52 149 115.94
52 150 83.24
52 151 36.67
52 152 66.37
52 153 83.76
52 154 55.15
52 155 79.31
52 156 78.49
52 157 31.83
52 158 38.95
52 159 134.65
52 160 33.54
52 161 48.41
52 162 104.1
52 163 86.45
52 164 155.71
52 165 23.02
52 166 46.39
52 167 70.23
52 168 42.05
52 169 57.43
52 170 155.86
52 171 90.05
52 172 129.25
52 173 37.34
52 174 91.78
52 175 107.0
52 176 105.12
52 177 41.04
52 178 90.74
52 179 83.24
52 180 81.84
52 181 151.61
52 182 46.69
52 183 80.13
52 184 75.13
52 185 134.85
52 186 131.13
52 187 86.83
52 188 43.19
52 189 35.51
52 190 76.69
52 191 101.08
52 192 29.27
52 193 147.56
52 194 37.16
52 195 38.42
52 196 77.03
52 197 133.28
52 198 65.07
52 199 111.07
52 200 109.6
52 201 73.82
53 0 94.75
53 1 136.86
53 2 142.36
53 3 114.06
53 4 87.11
53 5 155.71
53 6 112.54
53 7 118.33
53 8 129.1
53 9 60.54
53 10 172.35
53 11 100.72
53 12 57.8
53 13 123.49
53 14 117.03
53 15 115.17
53 16 74.33
53 17 92.36
53 18 115.43
53 19 176.83
53 20 154.67
53 21 59.2
53 22 70.04
53 23 30.68
53 24 104.2
53 25 175.17
53 26 156.2
53 27 107.71
53 28 108.98
53 29 54.2
53 30 89.47
53 31 41.0
53 32 26.93
53 33 38.47
53 34 135.33
53 35 173.51
53 36 118.6
53 37 61.85
53 38 27.31
53 39 128.0
53 40 72.11
53 41 65.31
53 42 146.21
53 43 113.15
53 44 131.24
53 45 29.68
53 46 153.39
53 47 120.21
53 48 110.02
53 49 114.21
53 50 21.26
53 51 116.9
53 52 36.0
53 54 79.61
53 55 49.24
53 56 28.3
53 57 71.69
53 58 107.84
53 59 54.38
53 60 138.35
53 61 95.05
53 62 156.34
53 63 137.3
53 64 93.48
53 65 28.07
53 66 66.37
53 67 89.81
53 68 117.32
53 69 107.0
53 70 72.03
53 71 101.83
53 72 84.58
53 73 157.81
53 74 27.07
53 75 129.63
53 76 136.57
53 77 171.96
53 78 116.0
53 79 126.91
53 80 115.95
53 81 46.62
53 82 72.18
53 83 141.65
53 84 115.43
53 85 29.21
53 86 34.67
53 87 90.52
53 88 95.34
53 89 66.29
53 90 136.17
53 91 114.53
53 92 80.92
53 93 158.05
53 94 17.03
53 95 138.74
53 96 130.73
53 97 112.31
53 98 75.61
53 99 18.03
53 100 65.22
53 101 10.0
53 102 110.31
53 103 147.6
53 104 176.82
53 105 108.91
53 106 59.01
53 107 53.04
53 108 28.65
53 109 19.31
53 110 123.49
53 111 130.0
53 112 20.62
53 113 108.16
53 114 31.38
53 115 81.02
53 116 130.73
53 117 31.38
53 118 118.07
53 119 75.96
53 120 141.43
53 121 81.39
53 122 170.7
53 123 129.0
53 124 113.16
53 125 21.59
53 126 95.08
53 127 113.05
53 128 22.2
53 129 57.94
53 130 111.73
53 131 109.12
53 132 115.36
53 133 70.58
53 134 108.85
53 135 150.33
53 136 111.41
53 137 119.22
53 138 152.62
53 139 57.43
53 140 84.6
53 141 162.29
53 142 94.64
53 143 54.08
53 144 100.0
53 145 124.17
53 146 172.0
53 147 70.23
53 148 126.5
53 149 139.34
53 150 105.38
53 151 16.28
53 152 99.02
53 153 107.81
53 154 76.49
53 155 73.17
53 156 110.17
53 157 25.55
53 158 64.66
53 159 154.8
53 160 16.16
53 161 79.85
53 162 126.57
53 163 108.93
53 164 175.7
53 165 29.83
53 166 62.29
53 167 104.79
53 168 18.11
53 169 89.32
53 170 180.48
53 171 112.45
53 172 148.68
53 173 48.27
53 174 104.96
53 175 121.79
53 176 109.48
53 177 28.64
53 178 122.77
53 179 116.11
53 180 112.25
53 181 170.6
53 182 76.03
53 183 112.95
53 184 108.47
53 185 152.63
53 186 151.74
53 187 108.9
53 188 53.6
53 189 19.92
53 190 110.86
53 191 105.95
53 192 8.06
53 193 170.43
53 194 61.29
53 195 67.08
53 196 109.79
53 197 152.43
53 198 101.04
53 199 115.52
53 200 137.57
53 201 94.75
54 0 24.0
54 1 60.53
54 2 62.77
54 3 59.67
54 4 23.77
54 5 77.08
54 6 41.0
54 7 72.8
54 8 54.04
54 9 19.21
54 10 94.11
54 11 45.28
54 12 22.02
54 13 52.95
54 14 46.87
54 15 70.38
54 16 49.93
54 17 23.32
54 18 72.09
54 19 101.24
54 20 76.49
54 21 21.19
54 22 60.84
54 23 58.69
54 24 53.85
54 25 96.94
54 26 77.83
54 27 75.45
54 28 37.66
54 29 26.0
54 30 12.04
54 31 67.03
54 32 59.77
54 33 41.4
54 34 55.9
54 35 94.76
54 36 67.45
54 37 17.89
54 38 58.82
54 39 60.67
54 40 49.74
54 41 42.15
54 42 67.21
54 43 60.17
54 44 86.33
54 45 54.08
54 46 75.01
54 47 54.15
54 48 57.57
54 49 44.55
54 50 58.67
54 51 85.44
54 52 67.36
54 53 79.61
54 55 47.04
54 56 55.36
54 57 45.28
54 58 35.9
54 59 25.24
54 60 62.39
54 61 87.2
54 62 77.79
54 63 63.56
54 64 14.14
54 65 59.55
54 66 13.45
54 67 12.65
54 68 73.93
54 69 38.63
54 70 71.18
54 71 45.34
54 72 46.69
54 73 83.24
54 74 70.83
54 75 62.36
54 76 57.27
54 77 93.34
54 78 43.01
54 79 55.36
54 80 78.29
54 81 40.31
54 82 15.23
54 83 98.98
54 84 42.3
54 85 52.92
54 86 50.0
54 87 26.91
54 88 34.06
54 89 13.42
54 90 83.02
54 91 90.43
54 92 24.21
54 93 86.73
54 94 65.3
54 95 98.43
54 96 52.5
54 97 35.23
54 98 49.65
54 99 64.54
54 100 14.87
54 101 74.69
54 102 64.08
54 103 88.01
54 104 98.29
54 105 42.95
54 106 69.86
54 107 30.41
54 108 55.97
54 109 60.8
54 110 75.29
54 111 109.81
54 112 59.17
54 113 37.36
54 114 53.45
54 115 47.13
54 116 91.39
54 117 56.75
54 118 53.31
54 119 48.83
54 120 65.51
54 121 37.7
54 122 91.93
54 123 76.03
54 124 61.68
54 125 59.67
54 126 65.19
54 127 43.97
54 128 60.21
54 129 47.3
54 130 37.34
54 131 58.19
54 132 43.42
54 133 47.89
54 134 35.36
54 135 72.35
54 136 56.75
54 137 57.25
54 138 74.33
54 139 22.36
54 140 5.0
54 141 82.8
54 142 32.02
54 143 25.55
54 144 55.0
54 145 94.34
54 146 101.02
54 147 48.76
54 148 91.24
54 149 64.85
54 150 33.54
54 151 64.82
54 152 59.91
54 153 39.12
54 154 21.26
54 155 38.47
54 156 62.39
54 157 54.08
54 158 35.11
54 159 76.42
54 160 63.82
54 161 48.27
54 162 51.89
54 163 36.88
54 164 96.9
54 165 52.0
54 166 21.02
54 167 73.01
54 168 66.53
54 169 52.5
54 170 105.48
54 171 39.56
54 172 70.01
54 173 32.31
54 174 25.5
54 175 42.19
54 176 39.85
54 177 53.76
54 178 72.53
54 179 71.31
54 180 59.2
54 181 91.44
54 182 41.4
54 183 68.94
54 184 68.48
54 185 73.25
54 186 73.76
54 187 36.14
54 188 26.4
54 189 60.61
54 190 74.43
54 191 35.74
54 192 72.56
54 193 93.81
54 194 33.96
54 195 40.72
54 196 66.64
54 197 73.55
54 198 90.91
54 199 45.35
54 200 71.7
54 201 24.0
55 0 51.89
55 1 107.17
55 2 105.36
55 3 65.0
55 4 42.94
55 5 114.06
55 6 67.68
55 7 69.26
55 8 101.0
55 9 34.93
55 10 129.65
55 11 86.54
55 12 34.0
55 13 99.72
55 14 71.22
55 15 66.1
55 16 25.5
55 17 68.45
55 18 66.48
55 19 131.5
55 20 112.38
55 21 28.46
55 22 25.3
55 23 18.87
55 24 55.07
55 25 132.4
55 26 114.13
55 27 60.13
55 28 64.35
55 29 25.94
55 30 59.08
55 31 20.4
55 32 22.36
55 33 30.41
55 34 99.69
55 35 131.61
55 36 69.35
55 37 32.57
55 38 21.93
55 39 80.62
55 40 23.35
55 41 16.12
55 42 105.6
55 43 64.01
55 44 82.46
55 45 20.4
55 46 111.41
55 47 72.84
55 48 60.9
55 49 68.41
55 50 31.26
55 51 70.01
55 52 21.93
55 53 49.24
55 54 47.04
55 56 21.59
55 57 22.47
55 58 82.61
55 59 30.53
55 60 109.11
55 61 55.04
55 62 114.53
55 63 92.01
55 64 57.56
55 65 47.68
55 66 38.6
55 67 51.97
55 68 68.41
55 69 84.53
55 70 32.45
55 71 87.09
55 72 35.34
55 73 112.29
55 74 28.43
55 75 108.67
55 76 101.41
55 77 129.87
55 78 71.56
55 79 81.06
55 80 67.74
55 81 9.9
55 82 33.24
55 83 93.38
55 84 89.27
55 85 22.09
55 86 16.03
55 87 69.92
55 88 76.84
55 89 35.9
55 90 86.93
55 91 69.58
55 92 36.24
55 93 111.02
55 94 44.1
55 95 90.8
55 96 89.47
55 97 82.02
55 98 26.68
55 99 44.05
55 100 33.73
55 101 40.31
55 102 61.1
55 103 98.49
55 104 134.46
55 105 88.29
55 106 25.24
55 107 18.38
55 108 20.88
55 109 38.05
55 110 74.33
55 111 87.32
55 112 32.25
55 113 83.86
55 114 18.44
55 115 77.01
55 116 82.73
55 117 17.89
55 118 98.72
55 119 26.93
55 120 97.35
55 121 71.34
55 122 128.89
55 123 118.31
55 124 63.95
55 125 40.01
55 126 47.17
55 127 90.26
55 128 42.05
55 129 9.06
55 130 68.48
55 131 59.94
55 132 70.46
55 133 21.59
55 134 82.3
55 135 107.91
55 136 62.43
55 137 101.92
55 138 110.54
55 139 29.55
55 140 51.01
55 141 122.77
55 142 48.6
55 143 29.15
55 144 92.28
55 145 78.06
55 146 124.58
55 147 21.38
55 148 79.16
55 149 94.4
55 150 61.4
55 151 42.19
55 152 50.0
55 153 62.2
55 154 33.24
55 155 66.4
55 156 60.93
55 157 32.06
55 158 17.2
55 159 112.77
55 160 39.32
55 161 30.68
55 162 82.38
55 163 64.66
55 164 133.84
55 165 22.02
55 166 26.17
55 167 57.14
55 168 47.04
55 169 40.16
55 170 134.71
55 171 68.26
55 172 107.33
55 173 22.02
55 174 70.58
55 175 85.38
55 176 86.15
55 177 39.81
55 178 73.54
55 179 67.05
55 180 63.13
55 181 129.69
55 182 26.93
55 183 63.89
55 184 59.67
55 185 112.92
55 186 109.27
55 187 65.0
55 188 26.42
55 189 39.01
55 190 62.65
55 191 82.04
55 192 41.23
55 193 126.02
55 194 15.23
55 195 18.03
55 196 60.73
55 197 111.36
55 198 60.54
55 199 91.92
55 200 89.5
55 201 51.89
56 0 67.48
56 1 115.21
56 2 117.63
56 3 85.87
56 4 59.41
56 5 129.27
56 6 84.86
56 7 90.8
56 8 108.06
56 9 37.66
56 10 145.6
56 11 85.84
56 12 35.36
56 13 104.39
56 14 89.14
56 15 87.64
56 16 47.07
56 17 72.34
56 18 88.06
56 19 149.21
56 20 128.0
56 21 34.18
56 22 45.1
56 23 7.07
56 24 76.06
56 25 148.4
56 26 129.62
56 27 81.5
56 28 81.34
56 29 29.41
56 30 66.48
56 31 22.67
56 32 5.1
56 33 19.92
56 34 111.09
56 35 147.05
56 36 90.62
56 37 37.64
56 38 4.12
56 39 99.81
56 40 44.91
56 41 37.34
56 42 120.11
56 43 85.0
56 44 104.05
56 45 1.41
56 46 126.83
56 47 92.01
56 48 81.86
56 49 86.31
56 50 10.05
56 51 91.2
56 52 19.21
56 53 28.3
56 54 55.36
56 55 21.59
56 57 43.97
56 58 87.69
56 59 31.4
56 60 116.93
56 61 73.25
56 62 129.85
56 63 109.6
56 64 68.45
56 65 29.07
56 66 43.17
56 67 64.01
56 68 89.99
56 69 88.14
56 70 49.73
56 71 86.7
56 72 56.65
56 73 130.11
56 74 17.26
56 75 112.02
56 76 112.54
56 77 145.43
56 78 88.46
56 79 99.04
56 80 89.27
56 81 18.44
56 82 45.49
56 83 114.93
56 84 95.04
56 85 3.16
56 86 6.4
56 87 72.01
56 88 78.06
56 89 42.06
56 90 108.27
56 91 90.09
56 92 53.04
56 93 129.96
56 94 23.09
56 95 112.29
56 96 104.29
56 97 89.99
56 98 48.27
56 99 23.19
56 100 40.5
56 101 20.52
56 102 82.54
56 103 119.41
56 104 150.21
56 105 91.01
56 106 38.48
56 107 26.08
56 108 1.41
56 109 17.26
56 110 95.82
56 111 107.06
56 112 11.05
56 113 88.46
56 114 3.16
56 115 70.94
56 116 104.24
56 117 5.83
56 118 101.02
56 119 48.51
56 120 114.11
56 121 67.91
56 122 144.27
56 123 116.71
56 124 85.09
56 125 19.92
56 126 68.59
56 127 94.19
56 128 22.14
56 129 30.59
56 130 84.5
56 131 81.02
56 132 87.69
56 133 43.17
56 134 88.12
56 135 123.6
56 136 83.19
56 137 103.24
56 138 126.02
56 139 33.24
56 140 60.17
56 141 136.69
56 142 66.6
56 143 30.59
56 144 88.6
56 145 99.02
56 146 143.84
56 147 42.95
56 148 100.5
56 149 111.76
56 150 77.9
56 151 21.02
56 152 71.57
56 153 79.93
56 154 48.84
56 155 61.03
56 156 82.28
56 157 13.04
56 158 36.36
56 159 128.22
56 160 18.0
56 161 52.2
56 162 99.16
56 163 81.39
56 164 149.26
56 165 4.12
56 166 35.85
56 167 78.52
56 168 26.17
56 169 61.68
56 170 152.74
56 171 84.96
56 172 122.32
56 173 23.09
56 174 80.78
56 175 97.08
56 176 90.27
56 177 22.2
56 178 94.92
56 179 88.6
56 180 84.1
56 181 144.51
56 182 47.93
56 183 85.44
56 184 81.25
56 185 126.91
56 186 125.0
56 187 81.47
56 188 29.12
56 189 18.44
56 190 84.17
56 191 86.37
56 192 20.25
56 193 143.09
56 194 33.02
56 195 39.0
56 196 82.28
56 197 126.19
56 198 79.08
56 199 96.33
56 200 109.29
56 201 67.48
57 0 39.01
57 1 100.13
57 2 93.43
57 3 43.01
57 4 30.02
57 5 98.35
57 6 50.92
57 7 46.84
57 8 95.34
57 9 42.44
57 10 112.81
57 11 90.0
57 12 43.05
57 13 96.8
57 14 53.23
57 15 43.68
57 16 5.0
57 17 68.6
57 18 44.15
57 19 112.61
57 20 96.21
57 21 35.51
57 22 16.28
57 23 41.15
57 24 33.02
57 25 115.45
57 26 98.08
57 27 39.2
57 28 48.08
57 29 36.25
57 30 56.36
57 31 37.54
57 32 44.78
57 33 48.37
57 34 89.02
57 35 115.32
57 36 46.96
57 37 38.6
57 38 44.38
57 39 60.61
57 40 4.47
57 41 7.0
57 42 90.96
57 43 41.88
57 44 60.21
57 45 42.72
57 46 95.52
57 47 53.01
57 48 38.83
57 49 50.57
57 50 53.37
57 51 49.5
57 52 41.04
57 53 71.69
57 54 45.28
57 55 22.47
57 56 43.97
57 58 80.23
57 59 41.15
57 60 102.26
57 61 42.45
57 62 98.68
57 63 73.82
57 64 50.7
57 65 68.0
57 66 43.19
57 67 44.38
57 68 46.1
57 69 83.63
57 70 26.68
57 71 90.21
57 72 13.04
57 73 93.49
57 74 49.2
57 75 106.78
57 76 91.01
57 77 113.46
57 78 55.03
57 79 62.65
57 80 46.04
57 81 28.02
57 82 30.23
57 83 71.45
57 84 85.7
57 85 44.15
57 86 38.08
57 87 71.85
57 88 79.06
57 89 39.62
57 90 64.47
57 91 50.92
57 92 24.33
57 93 90.91
57 94 65.92
57 95 69.12
57 96 74.95
57 97 76.4
57 98 5.39
57 99 65.76
57 100 37.54
57 101 62.61
57 102 38.63
57 103 76.32
57 104 117.78
57 105 88.12
57 106 29.83
57 107 29.41
57 108 43.32
57 109 59.84
57 110 51.87
57 111 69.86
57 112 54.34
57 113 81.94
57 114 40.8
57 115 86.21
57 116 61.07
57 117 40.31
57 118 98.39
57 119 5.1
57 120 80.11
57 121 78.57
57 122 112.72
57 123 121.2
57 124 41.68
57 125 61.4
57 126 26.31
57 127 88.64
57 128 63.29
57 129 13.89
57 130 53.37
57 131 37.74
57 132 53.49
57 133 3.0
57 134 79.12
57 135 91.76
57 136 40.61
57 137 102.47
57 138 94.58
57 139 38.08
57 140 47.42
57 141 108.42
57 142 32.02
57 143 39.81
57 144 98.35
57 145 58.05
57 146 104.0
57 147 4.0
57 148 58.08
57 149 76.48
57 150 46.1
57 151 64.13
57 152 27.66
57 153 44.94
57 154 24.7
57 155 75.8
57 156 38.48
57 157 53.34
57 158 12.53
57 159 96.8
57 160 61.39
57 161 8.25
57 162 65.55
57 163 48.76
57 164 117.55
57 165 43.93
57 166 30.0
57 167 36.22
57 168 68.73
57 169 17.72
57 170 115.43
57 171 52.2
57 172 92.05
57 173 36.14
57 174 63.15
57 175 75.01
57 176 84.58
57 177 60.0
57 178 51.08
57 179 44.64
57 180 41.05
57 181 114.16
57 182 6.32
57 183 41.48
57 184 37.48
57 185 98.72
57 186 93.05
57 187 49.48
57 188 37.16
57 189 60.67
57 190 41.01
57 191 80.53
57 192 63.69
57 193 107.91
57 194 16.16
57 195 6.32
57 196 38.33
57 197 96.17
57 198 46.75
57 199 89.69
57 200 68.59
57 201 39.01
58 0 47.42
58 1 29.68
58 2 44.28
58 3 82.2
58 4 53.25
58 5 65.8
58 6 54.59
58 7 97.45
58 8 21.47
58 9 50.16
58 10 82.28
58 11 23.09
58 12 52.35
58 13 17.12
58 14 59.93
58 15 95.78
58 16 84.58
58 17 15.52
58 18 97.84
58 19 95.13
58 20 66.94
58 21 55.01
58 22 96.21
58 23 92.2
58 24 79.93
58 25 84.86
58 26 67.45
58 27 104.8
58 28 53.0
58 29 59.03
58 30 24.04
58 31 102.18
58 32 92.54
58 33 70.09
58 34 36.25
58 35 81.02
58 36 90.21
58 37 51.0
58 38 91.55
58 39 72.8
58 40 84.69
58 41 77.79
58 42 55.79
58 43 83.41
58 44 109.29
58 45 86.58
58 46 65.0
58 47 69.32
58 48 81.69
58 49 59.06
58 50 88.53
58 51 113.85
58 52 102.0
58 53 107.84
58 54 35.9
58 55 82.61
58 56 87.69
58 57 80.23
58 59 56.32
58 60 30.89
58 61 120.93
58 62 66.76
58 63 66.61
58 64 30.81
58 65 82.73
58 66 45.01
58 67 36.89
58 68 99.36
58 69 6.08
58 70 106.63
58 71 22.02
58 72 79.08
58 73 81.15
58 74 104.31
58 75 26.57
58 76 36.24
58 77 80.23
58 78 53.71
58 79 63.89
58 80 105.42
58 81 75.06
58 82 50.96
58 83 121.49
58 84 7.62
58 85 84.85
58 86 83.22
58 87 18.03
58 88 16.64
58 89 47.04
58 90 102.0
58 91 120.51
58 92 56.82
58 93 89.09
58 94 91.55
58 95 122.07
58 96 48.01
58 97 12.0
58 98 84.1
58 99 90.62
58 100 49.09
58 101 105.02
58 102 89.94
58 103 101.84
58 104 85.09
58 105 10.77
58 106 105.76
58 107 65.07
58 108 88.57
58 109 88.54
58 110 98.23
58 111 139.39
58 112 88.77
58 113 2.24
58 114 86.37
58 115 42.54
58 116 116.21
58 117 90.2
58 118 19.1
58 119 83.19
58 120 64.01
58 121 34.21
58 122 78.39
58 123 45.0
58 124 85.43
58 125 86.38
58 126 96.61
58 127 8.6
58 128 86.16
58 129 83.2
58 130 48.3
58 131 82.98
58 132 55.46
58 133 83.01
58 134 3.0
58 135 64.13
58 136 79.81
58 137 24.08
58 138 64.76
58 139 55.04
58 140 32.89
58 141 65.76
58 142 58.05
58 143 57.22
58 144 36.06
58 145 122.35
58 146 102.02
58 147 83.93
58 148 117.69
58 149 66.27
58 150 50.22
58 151 91.76
58 152 89.38
58 153 56.86
58 154 55.54
58 155 41.73
58 156 87.86
58 157 82.97
58 158 70.88
58 159 66.22
58 160 91.71
58 161 81.88
58 162 56.52
58 163 51.62
58 164 82.76
58 165 83.86
58 166 56.44
58 167 102.83
58 168 91.79
58 169 84.05
58 170 100.02
58 171 51.88
58 172 59.67
58 173 65.12
58 174 22.47
58 175 30.02
58 176 5.0
58 177 79.48
58 178 94.87
58 179 96.54
58 180 82.62
58 181 76.03
58 182 75.58
58 183 94.92
58 184 96.17
58 185 58.31
58 186 65.31
58 187 50.25
58 188 59.08
58 189 87.92
58 190 102.53
58 191 3.16
58 192 101.92
58 193 86.35
58 194 69.86
58 195 76.22
58 196 93.38
58 197 61.68
58 198 124.02
58 199 9.49
58 200 82.86
58 201 47.42
59 0 43.42
59 1 83.93
59 2 87.98
59 3 72.34
59 4 37.95
59 5 101.91
59 6 61.77
59 7 82.15
59 8 76.69
59 9 6.32
59 10 118.8
59 11 56.61
59 12 4.0
59 13 73.11
59 14 67.08
59 15 79.23
59 16 46.07
59 17 41.05
59 18 80.4
59 19 124.81
59 20 101.12
59 21 7.07
59 22 52.5
59 23 36.0
59 24 64.01
59 25 121.63
59 26 102.55
59 27 79.12
59 28 58.18
59 29 5.0
59 30 35.47
59 31 47.54
59 32 36.22
59 33 16.28
59 34 81.01
59 35 119.67
59 36 79.06
59 37 7.81
59 38 35.23
59 39 79.85
59 40 44.78
59 41 34.99
59 42 92.2
59 43 72.17
59 44 96.19
59 45 30.27
59 46 99.72
59 47 72.45
59 48 69.12
59 49 64.4
59 50 33.54
59 51 89.56
59 52 46.53
59 53 54.38
59 54 25.24
59 55 30.53
59 56 31.4
59 57 41.15
59 58 56.32
59 60 85.62
59 61 82.2
59 62 102.59
59 63 85.98
59 64 39.2
59 65 35.85
59 66 12.08
59 67 36.07
59 68 82.39
59 69 57.0
59 70 61.52
59 71 57.28
59 72 49.24
59 73 106.25
59 74 48.04
59 75 81.06
59 76 82.3
59 77 118.19
59 78 64.66
59 79 76.54
59 80 84.53
59 81 21.02
59 82 21.19
59 83 108.46
59 84 63.64
59 85 28.64
59 86 27.0
59 87 41.19
59 88 47.68
59 89 12.04
59 90 96.33
59 91 91.92
59 92 33.54
59 93 108.3
59 94 40.31
59 95 106.92
59 96 77.08
59 97 58.82
59 98 46.52
59 99 39.6
59 100 11.4
59 101 49.77
59 102 73.11
59 103 104.35
59 104 123.11
59 105 60.13
59 106 55.76
59 107 12.73
59 108 32.25
59 109 35.61
59 110 86.01
59 111 110.98
59 112 34.0
59 113 57.14
59 114 30.07
59 115 46.75
59 116 99.14
59 117 34.0
59 118 70.35
59 119 46.1
59 120 89.02
59 121 40.82
59 122 116.85
59 123 88.26
59 124 73.06
59 125 34.66
59 126 66.73
59 127 63.01
59 128 35.38
59 129 35.36
59 130 59.64
59 131 69.03
59 132 64.5
59 133 42.54
59 134 56.72
59 135 96.88
59 136 69.35
59 137 72.99
59 138 99.01
59 139 4.12
59 140 30.23
59 141 108.0
59 142 46.84
59 143 1.41
59 144 61.77
59 145 98.37
59 146 122.59
59 147 43.05
59 148 97.29
59 149 87.66
59 150 54.2
59 151 39.7
59 152 65.12
59 153 58.18
59 154 28.44
59 155 36.12
59 156 72.03
59 157 28.84
59 158 28.64
59 159 101.14
59 160 38.6
59 161 47.76
59 162 74.63
59 163 57.8
59 164 121.83
59 165 27.66
59 166 13.0
59 167 76.24
59 168 41.77
59 169 55.54
59 170 128.81
59 171 61.06
59 172 94.85
59 173 9.22
59 174 50.61
59 175 67.42
59 176 59.03
59 177 29.21
59 178 84.02
59 179 80.22
59 180 71.18
59 181 116.52
59 182 40.8
59 183 77.32
59 184 74.97
59 185 98.41
59 186 98.29
59 187 57.45
59 188 4.24
59 189 35.47
59 190 79.83
59 191 55.08
59 192 47.41
59 193 117.8
59 194 25.06
59 195 34.89
59 196 74.43
59 197 98.49
59 198 87.09
59 199 65.07
59 200 90.48
59 201 43.42
60 0 64.29
60 1 2.24
60 2 26.25
60 3 91.53
60 4 72.57
60 5 48.66
60 6 62.43
60 7 107.07
60 8 9.43
60 9 79.31
60 10 62.03
60 11 47.8
60 12 81.74
60 13 19.72
60 14 65.8
60 15 106.23
60 16 105.91
60 17 46.1
60 18 108.45
60 19 78.31
60 20 51.2
60 21 83.19
60 22 118.53
60 23 120.84
60 24 92.59
60 25 64.12
60 26 50.8
60 27 118.53
60 28 62.65
60 29 87.66
60 30 50.64
60 31 129.31
60 32 121.6
60 33 100.24
60 34 21.63
60 35 59.3
60 36 98.81
60 37 79.43
60 38 120.62
60 39 74.95
60 40 106.53
60 41 101.4
60 42 41.11
60 43 93.19
60 44 116.39
60 45 115.73
60 46 49.24
60 47 74.65
60 48 92.44
60 49 66.29
60 50 118.6
60 51 126.05
60 52 129.76
60 53 138.35
60 54 62.39
60 55 109.11
60 56 116.93
60 57 102.26
60 58 30.89
60 59 85.62
60 61 139.46
60 62 49.65
60 63 62.43
60 64 52.09
60 65 113.6
60 66 73.76
60 67 58.22
60 68 109.55
60 69 33.42
60 70 128.89
60 71 46.4
60 72 97.8
60 73 69.57
60 74 133.0
60 75 24.08
60 76 19.72
60 77 59.14
60 78 59.64
60 79 65.05
60 80 116.81
60 81 102.7
60 82 76.01
60 83 127.35
60 84 23.32
60 85 114.24
60 86 111.99
60 87 48.88
60 88 46.23
60 89 75.13
60 90 106.07
60 91 134.24
60 92 77.93
60 93 80.23
60 94 122.25
60 95 128.97
60 96 43.28
60 97 27.17
60 98 105.12
60 99 121.33
60 100 76.94
60 101 135.06
60 102 101.36
60 103 101.4
60 104 63.39
60 105 33.97
60 106 130.31
60 107 92.78
60 108 117.69
60 109 119.04
60 110 106.21
60 111 151.79
60 112 118.9
60 113 31.06
60 114 115.32
60 115 70.77
60 116 124.63
60 117 118.87
60 118 30.87
60 119 104.14
60 120 56.44
60 121 63.78
60 122 57.14
60 123 51.0
60 124 95.41
60 125 117.0
60 126 113.09
60 127 28.28
60 128 116.87
60 129 108.07
60 130 56.44
60 131 94.15
60 132 61.85
60 133 105.22
60 134 29.55
60 135 50.29
60 136 89.89
60 137 34.79
60 138 49.48
60 139 83.74
60 140 58.14
60 141 43.19
60 142 74.0
60 143 86.35
60 144 58.67
60 145 133.69
60 146 90.52
60 147 106.21
60 148 127.64
60 149 60.75
60 150 61.74
60 151 122.38
60 152 104.28
60 153 67.12
60 154 78.31
60 155 71.84
60 156 99.13
60 157 113.22
60 158 95.13
60 159 50.01
60 160 122.2
60 161 101.87
60 162 56.57
60 163 61.29
60 164 60.53
60 165 113.27
60 166 83.38
60 167 117.17
60 168 122.58
60 169 101.51
60 170 83.29
60 171 59.68
60 172 44.92
60 173 93.94
60 174 39.2
60 175 30.02
60 176 30.61
60 177 110.17
60 178 102.62
60 179 106.78
60 180 92.65
60 181 53.46
60 182 96.69
60 183 106.0
60 184 108.78
60 185 39.32
60 186 50.96
60 187 59.94
60 188 87.86
60 189 118.47
60 190 115.1
60 191 33.29
60 192 132.19
60 193 69.35
60 194 95.01
60 195 99.5
60 196 105.31
60 197 44.91
60 198 141.51
60 199 25.46
60 200 82.46
60 201 64.29
61 0 75.39
61 1 137.24
61 2 125.6
61 3 56.32
61 4 67.98
61 5 124.04
61 6 79.91
61 7 46.82
61 8 133.7
61 9 84.39
61 10 135.07
61 11 132.28
61 12 84.65
61 13 136.85
61 14 79.23
61 15 44.92
61 16 37.54
61 17 110.44
61 18 43.32
61 19 129.28
61 20 121.1
61 21 77.34
61 22 30.02
61 23 67.27
61 24 50.04
61 25 137.32
61 26 123.1
61 27 28.79
61 28 78.45
61 29 77.2
61 30 97.64
61 31 54.08
61 32 71.2
61 33 85.43
61 34 123.0
61 35 138.71
61 36 53.6
61 37 80.72
61 38 71.39
61 39 79.4
61 40 38.18
61 41 47.51
61 42 119.15
61 43 54.33
61 44 52.43
61 45 72.53
61 46 121.04
61 47 74.03
61 48 53.08
61 49 77.41
61 50 83.2
61 51 31.24
61 52 59.08
61 53 95.05
61 54 87.2
61 55 55.04
61 56 73.25
61 57 42.45
61 58 120.93
61 59 82.2
61 60 139.46
61 62 124.06
61 63 96.19
61 64 90.35
61 65 101.83
61 66 85.56
61 67 84.12
61 68 44.01
61 69 124.87
61 70 23.54
61 71 132.44
61 72 42.05
61 73 111.99
61 74 68.01
61 75 147.18
61 76 125.17
61 77 136.72
61 78 83.73
61 79 86.01
61 80 37.12
61 81 64.41
61 82 72.47
61 83 57.31
61 84 125.67
61 85 75.0
61 86 69.57
61 87 114.02
61 88 121.21
61 89 82.02
61 90 64.41
61 91 23.6
61 92 64.14
61 93 105.08
61 94 96.1
61 95 53.15
61 96 104.69
61 97 115.45
61 98 37.64
61 99 96.32
61 100 79.91
61 101 85.05
61 102 45.54
61 103 79.61
61 104 140.16
61 105 129.54
61 106 36.06
61 107 69.63
61 108 72.03
61 109 90.47
61 110 52.0
61 111 35.13
61 112 84.17
61 113 122.8
61 114 70.6
61 115 128.32
61 116 46.69
61 117 67.68
61 118 139.61
61 119 38.42
61 120 104.08
61 121 120.93
61 122 136.53
61 123 163.22
61 124 52.47
61 125 93.15
61 126 27.17
61 127 129.5
61 128 95.34
61 129 47.51
61 130 84.72
61 131 51.09
61 132 81.61
61 133 40.31
61 134 119.47
61 135 117.04
61 136 56.08
61 137 143.96
61 138 120.04
61 139 79.65
61 140 88.75
61 141 136.01
61 142 65.46
61 143 80.8
61 144 140.8
61 145 34.41
61 146 114.95
61 147 39.62
61 148 40.31
61 149 99.18
61 150 78.34
61 151 93.94
61 152 37.05
61 153 74.15
61 154 66.03
61 155 117.8
61 156 47.38
61 157 85.73
61 158 54.49
61 159 122.07
61 160 90.8
61 161 39.12
61 162 92.14
61 163 79.62
61 164 140.8
61 165 75.29
61 166 72.18
61 167 27.89
61 168 99.25
61 169 37.95
61 170 130.65
61 171 82.2
61 172 119.02
61 173 75.47
61 174 101.64
61 175 110.16
61 176 125.54
61 177 94.24
61 178 54.08
61 179 45.22
61 180 54.23
61 181 139.23
61 182 45.8
61 183 43.42
61 184 37.85
61 185 127.14
61 186 118.07
61 187 80.81
61 188 78.01
61 189 91.68
61 190 34.18
61 191 121.59
61 192 88.28
61 193 127.28
61 194 57.49
61 195 48.1
61 196 41.77
61 197 123.0
61 198 6.0
61 199 130.25
61 200 82.23
61 201 75.39
62 0 62.77
62 1 48.37
62 2 24.0
62 3 68.03
62 4 71.59
62 5 1.0
62 6 47.76
62 7 80.89
62 8 54.0
62 9 96.88
62 10 16.4
62 11 89.5
62 12 99.7
62 13 66.03
62 14 46.1
62 15 81.5
62 16 100.28
62 17 76.03
62 18 83.6
62 19 29.02
62 20 3.16
62 21 97.19
62 22 113.05
62 23 131.23
62 24 74.24
62 25 19.21
62 26 1.41
62 27 97.19
62 28 50.7
62 29 102.18
62 30 70.8
62 31 134.18
62 32 133.41
62 33 118.87
62 34 31.26
62 35 17.2
62 36 72.56
62 37 94.85
62 38 132.57
62 39 45.18
62 40 101.83
62 41 101.24
62 42 11.18
62 43 70.03
62 44 85.07
62 45 128.46
62 46 3.16
62 47 50.04
62 48 71.01
62 49 48.51
62 50 135.09
62 51 101.27
62 52 136.42
62 53 156.34
62 54 77.79
62 55 114.53
62 56 129.85
62 57 98.68
62 58 66.76
62 59 102.59
62 60 49.65
62 61 124.06
62 63 28.07
62 64 63.66
62 65 137.3
62 66 91.22
62 67 66.6
62 68 83.86
62 69 72.28
62 70 122.02
62 71 88.29
62 72 88.77
62 73 22.02
62 74 142.52
62 75 73.25
62 76 32.06
62 77 15.62
62 78 43.66
62 79 38.12
62 80 91.92
62 81 112.06
62 82 84.4
62 83 93.11
62 84 62.17
62 85 128.0
62 86 123.71
62 87 81.44
62 88 82.87
62 89 90.55
62 90 71.87
62 91 111.02
62 92 78.29
62 93 33.97
62 94 142.9
62 95 96.01
62 96 25.61
62 97 55.36
62 98 99.04
62 99 142.17
62 100 91.35
62 101 150.21
62 102 79.06
62 103 61.91
62 104 20.52
62 105 75.5
62 106 128.39
62 107 103.81
62 108 130.1
62 109 138.11
62 110 77.67
62 111 124.91
62 112 135.72
62 113 68.41
62 114 127.31
62 115 108.63
62 116 94.25
62 117 129.54
62 118 77.16
62 119 98.08
62 120 20.0
62 121 99.4
62 122 14.42
62 123 100.32
62 124 72.06
62 125 137.24
62 126 97.25
62 127 70.04
62 128 137.9
62 129 109.66
62 130 46.07
62 131 73.01
62 132 45.22
62 133 101.51
62 134 63.89
62 135 7.07
62 136 68.01
62 137 82.05
62 138 4.12
62 139 99.16
62 140 72.86
62 141 13.42
62 142 66.85
62 143 102.65
62 144 102.18
62 145 106.73
62 146 41.63
62 147 102.46
62 148 99.2
62 149 25.08
62 150 53.23
62 151 142.27
62 152 87.21
62 153 53.76
62 154 81.63
62 155 105.55
62 156 77.03
62 157 131.14
62 158 97.49
62 159 2.0
62 160 141.01
62 161 94.37
62 162 33.24
62 163 50.16
62 164 19.42
62 165 127.2
62 166 94.2
62 167 97.05
62 168 144.26
62 169 89.44
62 170 34.01
62 171 46.62
62 172 7.81
62 173 108.07
62 174 54.64
62 175 38.47
62 176 69.86
62 177 131.52
62 178 74.33
62 179 81.61
62 180 70.01
62 181 15.52
62 182 92.36
62 183 82.3
62 184 87.09
62 185 10.44
62 186 6.0
62 187 49.66
62 188 102.83
62 189 138.03
62 190 92.35
62 191 69.92
62 192 148.84
62 193 20.02
62 194 99.36
62 195 99.01
62 196 83.1
62 197 5.1
62 198 124.02
62 199 67.74
62 200 46.49
62 201 62.77
63 0 42.8
63 1 60.46
63 2 38.21
63 3 40.0
63 4 50.21
63 5 28.16
63 6 24.76
63 7 52.95
63 8 62.61
63 9 81.12
63 10 39.56
63 11 89.27
63 12 83.86
63 13 72.8
63 14 20.81
63 15 53.46
63 16 74.73
63 17 70.26
63 18 55.58
63 19 39.62
63 20 25.02
63 21 79.63
63 22 87.09
63 23 109.88
63 24 46.69
63 25 42.06
63 26 27.02
63 27 69.12
63 28 28.32
63 29 84.4
63 30 60.64
63 31 110.68
63 32 112.54
63 33 101.83
63 34 40.8
63 35 42.76
63 36 44.55
63 37 78.23
63 38 111.8
63 39 17.12
63 40 76.49
63 41 77.39
63 42 25.94
63 43 42.0
63 44 58.18
63 45 108.19
63 46 25.18
63 47 22.36
63 48 43.1
63 49 23.6
63 50 116.18
63 51 73.35
63 52 113.46
63 53 137.3
63 54 63.56
63 55 92.01
63 56 109.6
63 57 73.82
63 58 66.61
63 59 85.98
63 60 62.43
63 61 96.19
63 62 28.07
63 64 50.6
63 65 121.79
63 66 76.06
63 67 50.99
63 68 55.9
63 69 72.69
63 70 95.51
63 71 88.36
63 72 62.77
63 73 20.52
63 74 120.42
63 75 82.35
63 76 42.8
63 77 40.79
63 78 21.4
63 79 11.18
63 80 63.95
63 81 91.24
63 82 65.6
63 83 67.42
63 84 65.0
63 85 108.21
63 86 103.25
63 87 76.24
63 88 80.0
63 89 74.43
63 90 45.79
63 91 83.02
63 92 56.59
63 93 23.54
63 94 125.6
63 95 69.84
63 96 19.7
63 97 54.74
63 98 73.41
63 99 125.0
63 100 74.63
63 101 130.12
63 102 51.01
63 103 39.05
63 104 44.64
63 105 77.1
63 106 102.96
63 107 84.29
63 108 109.62
63 109 120.25
63 110 50.0
63 111 97.42
63 112 116.93
63 113 68.73
63 114 106.79
63 115 103.7
63 116 67.23
63 117 108.37
63 118 82.28
63 119 72.5
63 120 8.25
63 121 93.77
63 122 40.45
63 123 108.17
63 124 44.01
63 125 120.0
63 126 69.58
63 127 72.78
63 128 121.02
63 129 85.98
63 130 26.42
63 131 45.1
63 132 21.93
63 133 76.48
63 134 63.64
63 135 21.21
63 136 40.11
63 137 87.64
63 138 24.19
63 139 82.1
63 140 59.24
63 141 40.79
63 142 43.42
63 143 85.7
63 144 102.24
63 145 79.12
63 146 37.64
63 147 77.37
63 148 71.78
63 149 3.0
63 150 32.02
63 151 124.63
63 152 59.54
63 153 29.83
63 154 60.83
63 155 98.06
63 156 49.0
63 157 113.07
63 158 74.81
63 159 26.08
63 160 122.92
63 161 68.54
63 162 11.7
63 163 28.43
63 164 44.91
63 165 107.52
63 166 75.43
63 167 69.01
63 168 127.41
63 169 62.64
63 170 43.19
63 171 25.0
63 172 24.35
63 173 89.64
63 174 47.1
63 175 37.36
63 176 71.02
63 177 115.11
63 178 46.57
63 179 53.6
63 180 42.01
63 181 43.05
63 182 67.6
63 183 54.23
63 184 59.03
63 185 33.24
63 186 22.09
63 187 28.6
63 188 85.21
63 189 120.42
63 190 64.28
63 191 69.46
63 192 129.45
63 193 34.13
63 194 77.34
63 195 75.17
63 196 55.04
63 197 27.89
63 198 96.0
63 199 71.31
63 200 20.62
63 201 42.8
64 0 17.2
64 1 50.04
64 2 49.19
64 3 53.67
64 4 22.47
64 5 62.94
64 6 30.02
64 7 68.26
64 8 44.72
64 9 33.3
64 10 79.98
64 11 47.01
64 12 36.12
64 13 46.52
64 14 36.01
64 15 66.29
64 16 54.71
64 17 24.17
64 18 68.24
64 19 87.46
64 20 62.37
64 21 34.48
64 22 66.94
64 23 71.17
64 24 50.0
64 25 82.81
64 26 63.7
64 27 74.25
64 28 27.17
64 29 39.45
64 30 11.18
64 31 77.93
64 32 72.62
64 33 55.44
64 34 42.72
64 35 80.62
64 36 61.72
64 37 31.62
64 38 71.69
64 39 50.01
64 40 55.08
64 41 49.37
64 42 53.08
64 43 54.59
64 44 80.95
64 45 67.12
64 46 60.88
64 47 44.41
64 48 52.48
64 49 34.13
64 50 72.4
64 51 83.55
64 52 78.85
64 53 93.48
64 54 14.14
64 55 57.56
64 56 68.45
64 57 50.7
64 58 30.81
64 59 39.2
64 60 52.09
64 61 90.35
64 62 63.66
64 63 50.6
64 65 73.66
64 66 27.59
64 67 6.32
64 68 69.89
64 69 35.38
64 70 77.37
64 71 46.65
64 72 48.37
64 73 69.78
64 74 83.17
64 75 56.82
64 76 44.27
64 77 79.2
64 78 31.14
64 79 43.42
64 80 75.43
64 81 52.2
64 82 24.33
64 83 93.47
64 84 35.34
64 85 66.19
64 86 62.77
64 87 29.73
64 88 35.78
64 89 27.2
64 90 75.58
64 91 89.87
64 92 26.57
64 93 74.04
64 94 79.4
64 95 93.54
64 96 38.42
64 97 25.71
64 98 54.08
64 99 78.64
64 100 28.3
64 101 88.19
64 102 60.22
64 103 78.52
64 104 84.15
64 105 40.31
64 106 78.23
64 107 42.72
64 108 68.94
64 109 74.81
64 110 69.77
64 111 108.89
64 112 72.95
64 113 32.8
64 114 66.31
64 115 55.15
64 116 87.13
64 117 69.29
64 118 49.82
64 119 53.14
64 120 51.88
64 121 45.18
64 122 77.79
64 123 74.97
64 124 56.44
64 125 73.76
64 126 65.8
64 127 39.41
64 128 74.33
64 129 56.01
64 130 25.18
64 131 53.54
64 132 32.02
64 133 53.6
64 134 29.15
64 135 58.26
64 136 51.0
64 137 54.56
64 138 60.21
64 139 36.06
64 140 9.22
64 141 68.82
64 142 27.66
64 143 39.41
64 144 58.69
64 145 92.2
64 146 88.23
64 147 54.57
64 148 88.01
64 149 51.62
64 150 23.35
64 151 78.87
64 152 58.73
64 153 29.83
64 154 26.31
64 155 48.17
64 156 58.25
64 157 68.01
64 158 43.05
64 159 62.29
64 160 77.8
64 161 51.48
64 162 38.9
64 163 26.08
64 164 82.76
64 165 65.3
64 166 32.89
64 167 72.18
64 168 80.66
64 169 53.25
64 170 91.79
64 171 28.02
64 172 55.87
64 173 45.65
64 174 13.04
64 175 28.64
64 176 35.61
64 177 67.9
64 178 66.64
64 179 67.12
64 180 53.71
64 181 77.34
64 182 45.54
64 183 65.22
64 184 65.95
64 185 59.2
64 186 59.67
64 187 25.02
64 188 39.96
64 189 74.65
64 190 72.25
64 191 31.89
64 192 86.28
64 193 79.88
64 194 43.05
64 195 47.52
64 196 63.41
64 197 59.41
64 198 93.3
64 199 39.96
64 200 61.0
64 201 17.2
65 0 79.26
65 1 112.29
65 2 120.74
65 3 105.99
65 4 73.41
65 5 136.56
65 6 97.62
65 7 113.75
65 8 104.2
65 9 40.8
65 10 153.64
65 11 73.35
65 12 38.01
65 13 97.5
65 14 102.88
65 15 110.65
65 16 72.06
65 17 67.6
65 18 111.45
65 19 160.42
65 20 136.03
65 21 42.49
65 22 72.78
65 23 35.85
65 24 96.88
65 25 156.46
65 26 137.36
65 27 107.07
65 28 94.02
65 29 38.08
65 30 67.36
65 31 51.31
65 32 32.45
65 33 20.88
65 34 113.23
65 35 154.18
65 36 111.99
65 37 43.57
65 38 31.91
65 39 115.45
65 40 70.11
65 41 61.0
65 42 126.59
65 43 105.54
65 44 127.57
65 45 29.55
65 46 134.54
65 47 107.94
65 48 102.39
65 49 100.18
65 50 20.0
65 51 117.21
65 52 47.2
65 53 28.07
65 54 59.55
65 55 47.68
65 56 29.07
65 57 68.0
65 58 82.73
65 59 35.85
65 60 113.6
65 61 101.83
65 62 137.3
65 63 121.79
65 64 73.66
65 66 46.23
65 67 71.4
65 68 113.44
65 69 81.15
65 70 78.43
65 71 74.53
65 72 79.31
65 73 142.0
65 74 41.73
65 75 102.88
65 76 114.2
65 77 152.79
65 78 100.5
65 79 112.38
65 80 114.02
65 81 40.01
65 82 56.8
65 83 139.23
65 84 90.34
65 85 26.93
65 86 32.28
65 87 64.88
65 88 68.95
65 89 47.43
65 90 129.63
65 91 117.24
65 92 68.35
65 93 144.14
65 94 11.4
65 95 137.06
65 96 112.04
65 97 88.75
65 98 73.03
65 99 10.44
65 100 47.17
65 101 30.46
65 102 104.94
65 103 138.88
65 104 157.76
65 105 82.54
65 106 67.54
65 107 41.0
65 108 30.41
65 109 13.45
65 110 118.23
65 111 134.94
65 112 19.21
65 113 82.76
65 114 31.38
65 115 53.0
65 116 129.03
65 117 34.89
65 118 91.21
65 119 73.01
65 120 124.62
65 121 53.94
65 122 151.35
65 123 101.0
65 124 106.1
65 125 9.9
65 126 94.09
65 127 87.09
65 128 7.81
65 129 56.44
65 130 95.41
65 131 101.98
65 132 100.34
65 133 68.07
65 134 84.12
65 135 131.89
65 136 103.08
65 137 91.98
65 138 133.87
65 139 39.82
65 140 64.44
65 141 141.6
65 142 82.08
65 143 36.24
65 144 72.01
65 145 125.48
65 146 158.42
65 147 68.12
65 148 126.04
65 149 123.42
65 150 90.05
65 151 13.0
65 152 95.19
65 153 93.91
65 154 63.32
65 155 45.54
65 156 104.24
65 157 16.16
65 158 57.31
65 159 135.95
65 160 15.26
65 161 76.03
65 162 110.39
65 163 93.65
65 164 156.28
65 165 26.57
65 166 47.54
65 167 104.08
65 168 10.0
65 169 85.15
65 170 164.5
65 171 96.9
65 172 129.5
65 173 34.21
65 174 83.55
65 175 100.57
65 176 83.77
65 177 8.0
65 178 116.73
65 179 111.65
65 180 104.56
65 181 150.63
65 182 70.26
65 183 108.56
65 184 105.17
65 185 132.28
65 186 133.3
65 187 93.3
65 188 37.16
65 189 12.04
65 190 109.0
65 191 80.53
65 192 25.63
65 193 153.22
65 194 53.34
65 195 62.03
65 196 105.48
65 197 132.97
65 198 107.56
65 199 89.69
65 200 125.92
65 201 79.26
66 0 34.48
66 1 72.03
66 2 76.01
66 3 67.12
66 4 31.02
66 5 90.51
66 6 52.55
66 7 78.64
66 8 64.94
66 9 5.83
66 10 107.52
66 11 48.3
66 12 8.6
66 13 62.01
66 14 58.19
66 15 75.93
66 16 48.17
66 17 30.15
66 18 77.37
66 19 114.28
66 20 89.87
66 21 10.2
66 22 57.01
66 23 47.27
66 24 59.84
66 25 110.34
66 26 91.24
66 27 78.29
66 28 49.04
66 29 14.04
66 30 23.41
66 31 57.43
66 32 47.85
66 33 28.02
66 34 68.96
66 35 108.21
66 36 74.43
66 37 6.08
66 38 46.87
66 39 71.57
66 40 47.38
66 41 38.29
66 42 80.66
66 43 67.27
66 44 92.57
66 45 41.98
66 46 88.41
66 47 64.54
66 48 64.38
66 49 55.66
66 50 45.62
66 51 88.64
66 52 57.04
66 53 66.37
66 54 13.45
66 55 38.6
66 56 43.17
66 57 43.19
66 58 45.01
66 59 12.08
66 60 73.76
66 61 85.56
66 62 91.22
66 63 76.06
66 64 27.59
66 65 46.23
66 67 25.24
66 68 79.31
66 69 46.27
66 70 66.85
66 71 48.75
66 72 48.3
66 73 96.04
66 74 59.41
66 75 70.46
66 76 70.24
66 77 106.78
66 78 55.04
66 79 67.23
66 80 82.54
66 81 30.27
66 82 15.52
66 83 105.12
66 84 52.15
66 85 40.52
66 86 38.33
66 87 31.32
66 88 38.28
66 89 3.61
66 90 91.05
66 91 92.28
66 92 28.44
66 93 98.9
66 94 51.86
66 95 104.05
66 96 65.86
66 97 46.84
66 98 48.27
66 99 51.09
66 100 5.66
66 101 61.85
66 102 69.63
66 103 97.62
66 104 111.72
66 105 49.82
66 106 63.16
66 107 20.4
66 108 43.93
66 109 47.43
66 110 81.88
66 111 111.65
66 112 46.07
66 113 46.01
66 114 41.59
66 115 43.27
66 116 96.57
66 117 45.28
66 118 60.21
66 119 47.63
66 120 78.49
66 121 35.38
66 122 105.38
66 123 80.06
66 124 68.47
66 125 46.23
66 126 66.73
66 127 52.15
66 128 46.75
66 129 41.18
66 130 49.65
66 131 64.63
66 132 55.15
66 133 45.25
66 134 45.18
66 135 85.7
66 136 64.12
66 137 63.32
66 138 87.73
66 139 10.05
66 140 18.44
66 141 96.21
66 142 40.05
66 143 12.65
66 144 55.44
66 145 97.58
66 146 113.22
66 147 45.97
66 148 95.52
66 149 77.52
66 150 44.94
66 151 51.4
66 152 63.32
66 153 49.73
66 154 23.77
66 155 33.12
66 156 68.25
66 157 40.82
66 158 31.14
66 159 89.83
66 160 50.48
66 161 48.26
66 162 64.5
66 163 48.47
66 164 110.34
66 165 39.56
66 166 13.6
66 167 75.58
66 168 53.08
66 169 54.56
66 170 118.43
66 171 51.48
66 172 83.44
66 173 20.22
66 174 38.59
66 175 55.47
66 176 48.09
66 177 40.31
66 178 79.51
66 179 76.9
66 180 66.27
66 181 104.89
66 182 41.05
66 183 74.22
66 184 72.73
66 185 86.68
66 186 87.11
66 187 47.93
66 188 14.14
66 189 47.2
66 190 78.19
66 191 44.05
66 192 59.48
66 193 107.0
66 194 28.6
66 195 37.48
66 196 71.57
66 197 87.0
66 198 89.94
66 199 54.04
66 200 82.46
66 201 34.48
67 0 12.65
67 1 56.14
67 2 53.85
67 3 49.4
67 4 16.4
67 5 65.95
67 6 28.44
67 7 63.53
67 8 50.99
67 9 30.61
67 10 82.76
67 11 51.87
67 12 33.42
67 13 52.8
67 14 34.37
67 15 61.4
67 16 48.38
67 17 28.84
67 18 63.29
67 19 89.05
67 20 65.07
67 21 30.61
67 22 60.64
67 23 66.31
67 24 44.94
67 25 85.59
67 26 66.53
67 27 68.62
67 28 25.18
67 29 35.61
67 30 15.26
67 31 72.37
67 32 67.98
67 33 52.33
67 34 47.8
67 35 83.74
67 36 57.38
67 37 28.28
67 38 67.08
67 39 48.26
67 40 48.76
67 41 43.19
67 42 56.4
67 43 50.16
67 44 76.56
67 45 62.65
67 46 63.7
67 47 42.0
67 48 47.85
67 49 32.14
67 50 68.6
67 51 78.1
67 52 73.5
67 53 89.81
67 54 12.65
67 55 51.97
67 56 64.01
67 57 44.38
67 58 36.89
67 59 36.07
67 60 58.22
67 61 84.12
67 62 66.6
67 63 50.99
67 64 6.32
67 65 71.4
67 66 25.24
67 68 65.0
67 69 41.23
67 70 71.06
67 71 51.61
67 72 42.19
67 73 70.83
67 74 78.19
67 75 63.06
67 76 49.48
67 77 82.22
67 78 30.36
67 79 42.72
67 80 70.21
67 81 47.17
67 82 18.97
67 83 89.16
67 84 41.63
67 85 61.91
67 86 58.14
67 87 34.0
67 88 40.5
67 89 24.08
67 90 72.03
67 91 84.15
67 92 20.25
67 93 74.09
67 94 76.37
67 95 89.0
67 96 41.04
67 97 32.02
67 98 47.76
67 99 75.66
67 100 24.76
67 101 84.06
67 102 55.23
67 103 76.06
67 104 87.11
67 105 46.1
67 106 72.11
67 107 38.01
67 108 64.41
67 109 71.51
67 110 65.39
67 111 103.28
67 112 69.2
67 113 38.83
67 114 61.72
67 115 57.87
67 116 82.37
67 117 64.47
67 118 55.8
67 119 46.82
67 120 53.25
67 121 48.05
67 122 80.92
67 123 80.62
67 124 51.89
67 125 70.71
67 126 59.82
67 127 45.49
67 128 71.45
67 129 50.01
67 130 24.7
67 131 48.76
67 132 30.81
67 133 47.3
67 134 35.36
67 135 60.81
67 136 46.62
67 137 60.44
67 138 62.97
67 139 32.56
67 140 9.0
67 141 72.72
67 142 22.47
67 143 36.07
67 144 63.06
67 145 86.83
67 146 88.39
67 147 48.27
67 148 82.93
67 149 52.35
67 150 21.1
67 151 75.69
67 152 53.04
67 153 27.02
67 154 20.1
67 155 50.04
67 156 53.34
67 157 64.54
67 158 37.0
67 159 65.12
67 160 74.41
67 161 45.19
67 162 39.36
67 163 24.33
67 164 85.91
67 165 61.06
67 166 28.18
67 167 66.47
67 168 77.83
67 169 47.2
67 170 93.19
67 171 26.93
67 172 58.9
67 173 41.62
67 174 19.03
67 175 33.53
67 176 41.62
67 177 65.19
67 178 62.39
67 179 62.27
67 180 49.24
67 181 80.8
67 182 39.22
67 183 60.21
67 184 60.61
67 185 62.97
67 186 62.23
67 187 23.54
67 188 36.24
67 189 71.45
67 190 66.84
67 191 37.8
67 192 82.42
67 193 81.84
67 194 37.22
67 195 41.3
67 196 58.25
67 197 62.63
67 198 87.13
67 199 46.14
67 200 59.3
67 201 12.65
68 0 52.7
68 1 107.34
68 2 90.47
68 3 18.03
68 4 50.16
68 5 84.01
68 6 47.2
68 7 3.0
68 8 106.04
68 9 81.22
68 10 93.01
68 11 116.81
68 12 82.87
68 13 112.45
68 14 43.91
68 15 3.61
68 16 43.01
68 17 93.81
68 18 2.0
68 19 85.7
68 20 80.75
68 21 75.54
68 22 49.4
68 23 86.65
68 24 20.12
68 25 95.05
68 26 82.73
68 27 15.23
68 28 47.51
68 29 78.16
68 30 80.26
68 31 79.65
68 32 90.44
68 33 93.09
68 34 89.94
68 35 97.02
68 36 11.4
68 37 77.1
68 38 90.14
68 39 38.83
68 40 45.22
68 41 52.95
68 42 81.04
68 43 16.4
68 44 14.14
68 45 88.77
68 46 81.05
68 47 35.85
68 48 17.69
68 49 43.27
68 50 99.46
68 51 17.46
68 52 84.08
68 53 117.32
68 54 73.93
68 55 68.41
68 56 89.99
68 57 46.1
68 58 99.36
68 59 82.39
68 60 109.55
68 61 44.01
68 62 83.86
68 63 55.9
68 64 69.89
68 65 113.44
68 66 79.31
68 67 65.0
68 69 104.64
68 70 53.08
68 71 116.5
68 72 34.13
68 73 69.18
68 74 93.04
68 75 123.07
68 76 92.18
68 77 95.02
68 78 49.93
68 79 47.43
68 80 8.06
68 81 73.82
68 82 63.79
68 83 26.08
68 84 101.83
68 85 90.24
68 86 84.17
68 87 98.98
68 88 105.48
68 89 75.93
68 90 21.26
68 91 27.17
68 92 50.96
68 93 61.39
68 94 111.99
68 95 24.74
68 96 68.94
68 97 90.51
68 98 41.76
68 99 111.8
68 100 74.53
68 101 107.91
68 102 9.85
68 103 36.06
68 104 98.02
68 105 109.64
68 106 65.0
68 107 73.01
68 108 89.29
68 109 105.91
68 110 8.06
68 111 42.49
68 112 100.44
68 113 101.53
68 114 86.83
68 115 120.9
68 116 17.46
68 117 86.02
68 118 118.34
68 119 41.48
68 120 64.13
68 121 111.62
68 122 95.08
68 123 144.31
68 124 14.21
68 125 107.35
68 126 23.6
68 127 107.71
68 128 109.18
68 129 59.48
68 130 53.41
68 131 16.4
68 132 47.71
68 133 46.84
68 134 97.08
68 135 77.1
68 136 19.85
68 137 123.43
68 138 80.06
68 139 78.52
68 140 72.9
68 141 96.69
68 142 42.54
68 143 81.3
68 144 128.02
68 145 24.19
68 146 70.94
68 147 47.13
68 148 18.38
68 149 58.86
68 150 49.5
68 151 110.22
68 152 18.44
68 153 43.19
68 154 55.54
68 155 111.63
68 156 11.66
68 157 99.3
68 158 56.14
68 159 81.88
68 160 107.49
68 161 37.85
68 162 55.15
68 163 48.92
68 164 99.01
68 165 90.03
68 166 69.46
68 167 16.64
68 168 114.76
68 169 28.44
68 170 86.83
68 171 50.0
68 172 80.05
68 173 80.01
68 174 77.16
68 175 79.63
68 176 104.35
68 177 105.48
68 178 10.2
68 179 2.83
68 180 17.03
68 181 98.33
68 182 43.19
68 183 5.1
68 184 8.94
68 185 88.77
68 186 77.93
68 187 50.33
68 188 79.16
68 189 106.71
68 190 9.85
68 191 101.04
68 192 109.42
68 193 84.38
68 194 60.13
68 195 51.62
68 196 8.0
68 197 83.74
68 198 42.2
68 199 107.56
68 200 39.12
68 201 52.7
69 0 52.35
69 1 32.56
69 2 49.4
69 3 87.66
69 4 57.63
69 5 71.31
69 6 60.37
69 7 102.8
69 8 24.08
69 9 51.04
69 10 87.6
69 11 17.26
69 12 53.0
69 13 16.49
69 14 65.8
69 15 101.04
69 16 88.12
69 17 16.12
69 18 103.08
69 19 100.81
69 20 72.57
69 21 56.44
69 22 99.4
69 23 93.0
69 24 85.04
69 25 90.14
69 26 73.01
69 27 109.62
69 28 58.67
69 29 60.13
69 30 27.29
69 31 103.7
69 32 93.09
69 33 69.87
69 34 41.44
69 35 86.16
69 36 95.69
69 37 52.35
69 38 92.09
69 39 78.77
69 40 88.1
69 41 80.78
69 42 61.39
69 43 88.81
69 44 114.83
69 45 87.09
69 46 70.61
69 47 75.15
69 48 87.01
69 49 64.85
69 50 88.28
69 51 118.83
69 52 103.24
69 53 107.0
69 54 38.63
69 55 84.53
69 56 88.14
69 57 83.63
69 58 6.08
69 59 57.0
69 60 33.42
69 61 124.87
69 62 72.28
69 63 72.69
69 64 35.38
69 65 81.15
69 66 46.27
69 67 41.23
69 68 104.64
69 70 109.77
69 71 16.12
69 72 83.23
69 73 87.09
69 74 105.02
69 75 24.19
69 76 41.23
69 77 85.44
69 78 59.62
69 79 69.92
69 80 110.54
69 81 76.53
69 82 53.85
69 83 127.09
69 84 10.82
69 85 85.21
69 86 84.0
69 87 16.49
69 88 12.81
69 89 48.66
69 90 107.78
69 91 125.26
69 92 60.75
69 93 95.13
69 94 90.44
69 95 127.58
69 96 54.04
69 97 18.03
69 98 87.71
69 99 89.49
69 100 50.8
69 101 104.74
69 102 95.13
69 103 107.84
69 104 90.25
69 105 5.0
69 106 108.24
69 107 66.61
69 108 89.09
69 109 87.8
69 110 103.73
69 111 144.26
69 112 88.46
69 113 4.0
69 114 87.02
69 115 38.01
69 116 121.61
69 117 91.0
69 118 14.76
69 119 86.83
69 120 70.03
69 121 30.41
69 122 83.57
69 123 39.7
69 124 90.8
69 125 85.44
69 126 101.04
69 127 6.08
69 128 85.07
69 129 85.73
69 130 54.13
69 131 88.24
69 132 61.33
69 133 86.33
69 134 9.06
69 135 69.87
69 136 85.21
69 137 19.21
69 138 70.41
69 139 56.14
69 140 36.24
69 141 70.68
69 142 62.94
69 143 58.01
69 144 30.15
69 145 127.4
69 146 108.0
69 147 87.24
69 148 122.92
69 149 72.34
69 150 55.76
69 151 90.8
69 152 94.11
69 153 62.43
69 154 59.06
69 155 38.42
69 156 93.09
69 157 82.57
69 158 73.74
69 159 71.81
69 160 90.96
69 161 85.76
69 162 62.59
69 163 57.31
69 164 87.85
69 165 84.21
69 166 58.46
69 167 107.56
69 168 90.48
69 169 88.41
69 170 105.72
69 171 57.7
69 172 65.31
69 173 66.03
69 174 28.18
69 175 36.0
69 176 2.83
69 177 78.45
69 178 100.4
69 179 101.83
69 180 88.01
69 181 81.02
69 182 79.26
69 183 100.12
69 184 101.18
69 185 63.57
69 186 71.02
69 187 55.95
69 188 60.07
69 189 87.09
69 190 107.52
69 191 3.61
69 192 101.41
69 193 91.98
69 194 72.42
69 195 79.31
69 196 98.49
69 197 67.19
69 198 128.14
69 199 8.54
69 200 88.89
69 201 52.35
70 0 65.19
70 1 126.75
70 2 119.04
70 3 58.67
70 4 56.44
70 5 121.81
70 6 74.81
70 7 55.15
70 8 122.02
70 9 64.66
70 10 135.06
70 11 114.91
70 12 64.44
70 13 123.33
70 14 75.93
70 15 52.35
70 16 23.09
70 17 94.37
70 18 51.62
70 19 132.42
70 20 119.33
70 21 57.63
70 22 10.44
70 23 43.74
70 24 49.66
70 25 137.57
70 26 121.28
70 27 39.66
70 28 72.44
70 29 56.59
70 30 82.64
70 31 31.06
70 32 47.68
70 33 62.77
70 34 115.07
70 35 138.05
70 36 59.2
70 37 61.4
70 38 47.85
70 39 80.23
70 40 22.36
70 41 29.07
70 42 115.26
70 43 56.94
70 44 65.22
70 45 49.04
70 46 118.88
70 47 73.39
70 48 54.59
70 49 73.55
70 50 59.67
70 51 47.01
70 52 36.06
70 53 72.03
70 54 71.18
70 55 32.45
70 56 49.73
70 57 26.68
70 58 106.63
70 59 61.52
70 60 128.89
70 61 23.54
70 62 122.02
70 63 95.51
70 64 77.37
70 65 78.43
70 66 66.85
70 67 71.06
70 68 53.08
70 69 109.77
70 71 115.25
70 72 33.38
70 73 113.85
70 74 45.18
70 75 133.2
70 76 117.11
70 77 136.12
70 78 78.92
70 79 84.48
70 80 48.83
70 81 42.2
70 82 55.95
70 83 73.36
70 84 112.27
70 85 51.55
70 86 46.24
70 87 97.13
70 88 104.32
70 89 63.51
70 90 74.25
70 91 42.95
70 92 50.99
70 93 109.18
70 94 72.57
70 95 69.78
70 96 99.61
70 97 103.08
70 98 24.02
70 99 72.78
70 100 61.29
70 101 62.03
70 102 50.0
70 103 88.53
70 104 140.13
70 105 114.13
70 106 13.34
70 107 48.8
70 108 48.51
70 109 66.94
70 110 60.81
70 111 58.03
70 112 60.64
70 113 108.27
70 114 47.13
70 115 108.25
70 116 62.18
70 117 44.15
70 118 124.48
70 119 25.02
70 120 102.62
70 121 101.67
70 122 135.59
70 123 146.49
70 124 55.76
70 125 69.64
70 126 29.73
70 127 114.95
70 128 71.84
70 129 26.17
70 130 78.23
70 131 52.84
70 132 77.1
70 133 23.77
70 134 105.62
70 135 114.98
70 136 57.25
70 137 128.38
70 138 117.9
70 139 59.55
70 140 73.74
70 141 132.67
70 142 57.04
70 143 60.11
70 144 122.2
70 145 53.16
70 146 120.95
70 147 22.8
70 148 56.86
70 149 98.37
70 150 71.11
70 151 70.41
70 152 38.28
70 153 68.73
70 154 51.24
70 155 97.62
70 156 51.04
70 157 62.3
70 158 36.24
70 159 120.07
70 160 67.27
70 161 28.07
70 162 88.84
70 163 73.33
70 164 140.25
70 165 51.87
70 166 53.25
70 167 37.2
70 168 75.71
70 169 32.89
70 170 134.61
70 171 76.53
70 172 115.92
70 173 53.91
70 174 89.82
70 175 101.24
70 176 110.86
70 177 70.94
70 178 61.62
70 179 53.04
70 180 56.44
70 181 137.54
70 182 32.25
70 183 50.25
70 184 44.55
70 185 123.18
70 186 116.18
70 187 74.24
70 188 57.28
70 189 68.15
70 190 44.2
70 191 106.78
70 192 65.03
70 193 128.88
70 194 38.28
70 195 30.46
70 196 47.51
70 197 120.03
70 198 29.43
70 199 116.11
70 200 85.96
70 201 65.19
71 0 63.81
71 1 46.04
71 2 65.15
71 3 100.24
71 4 67.48
71 5 87.32
71 6 74.33
71 7 114.91
71 8 37.74
71 9 52.2
71 10 103.45
71 11 1.41
71 12 53.45
71 13 26.91
71 14 80.01
71 15 112.9
71 16 95.0
71 17 22.8
71 18 114.83
71 19 116.9
71 20 88.65
71 21 58.69
71 22 105.15
71 23 92.4
71 24 96.52
71 25 105.95
71 26 89.05
71 27 119.97
71 28 72.24
71 29 61.35
71 30 36.4
71 31 104.81
71 32 91.79
71 33 67.19
71 34 57.28
71 35 101.84
71 36 108.3
71 37 54.63
71 38 90.8
71 39 93.41
71 40 94.63
71 41 86.28
71 42 77.47
71 43 101.21
71 44 127.53
71 45 85.84
71 46 86.68
71 47 89.2
71 48 99.13
71 49 78.77
71 50 85.01
71 51 129.63
71 52 103.59
71 53 101.83
71 54 45.34
71 55 87.09
71 56 86.7
71 57 90.21
71 58 22.02
71 59 57.28
71 60 46.4
71 61 132.44
71 62 88.29
71 63 88.36
71 64 46.65
71 65 74.53
71 66 48.75
71 67 51.61
71 68 116.5
71 69 16.12
71 70 115.25
71 72 91.93
71 73 103.17
71 74 103.95
71 75 29.07
71 76 56.92
71 77 101.19
71 78 74.04
71 79 84.93
71 80 121.83
71 81 78.11
71 82 60.0
71 83 140.0
71 84 26.25
71 85 83.6
71 86 83.55
71 87 18.44
71 88 11.31
71 89 51.88
71 90 121.46
71 91 135.28
71 92 69.3
71 93 111.04
71 94 84.85
71 95 140.16
71 96 70.0
71 97 34.01
71 98 94.81
71 99 83.86
71 100 54.12
71 101 101.04
71 102 106.78
71 103 122.53
71 104 105.95
71 105 13.0
71 106 111.89
71 107 68.71
71 108 87.82
71 109 83.22
71 110 116.36
71 111 154.56
71 112 85.0
71 113 20.1
71 114 86.15
71 115 25.0
71 116 133.78
71 117 90.43
71 118 17.49
71 119 94.02
71 120 86.0
71 121 20.62
71 122 99.3
71 123 31.3
71 124 103.08
71 125 80.4
71 126 110.32
71 127 18.79
71 128 79.63
71 129 89.89
71 130 68.31
71 131 100.17
71 132 75.58
71 133 92.66
71 134 25.02
71 135 85.99
71 136 97.62
71 137 17.46
71 138 86.49
71 139 57.58
71 140 44.6
71 141 86.16
71 142 74.06
71 143 58.52
71 144 14.04
71 145 138.41
71 146 124.04
71 147 93.48
71 148 134.53
71 149 88.14
71 150 68.94
71 151 85.59
71 152 104.35
71 153 75.64
71 154 66.6
71 155 29.12
71 156 104.85
71 157 79.0
71 158 79.08
71 159 87.86
71 160 86.28
71 161 93.61
71 162 77.93
71 163 70.94
71 164 103.46
71 165 82.61
71 166 62.18
71 167 117.69
71 168 84.34
71 169 97.59
71 170 121.82
71 171 71.78
71 172 81.39
71 173 66.48
71 174 42.45
71 175 52.04
71 176 18.44
71 177 73.33
71 178 113.18
71 179 113.74
71 180 100.34
71 181 96.57
71 182 86.68
71 183 111.77
71 184 112.2
71 185 79.4
71 186 87.13
71 187 69.64
71 188 61.03
71 189 82.3
71 190 118.41
71 191 19.0
71 192 97.19
71 193 108.06
71 194 77.03
71 195 85.15
71 196 109.86
71 197 83.2
71 198 136.24
71 199 21.47
71 200 103.81
71 201 63.81
72 0 33.53
72 1 95.6
72 2 86.02
72 3 30.0
72 4 25.94
72 5 88.53
72 6 41.44
72 7 34.53
72 8 91.76
72 9 49.04
72 10 102.18
72 11 91.92
72 12 50.29
72 13 94.83
72 14 42.72
72 15 31.4
72 16 12.21
72 17 69.43
72 18 32.14
72 19 100.85
72 20 86.13
72 21 42.72
72 22 24.35
72 23 54.12
72 24 20.0
72 25 104.75
72 26 88.06
72 27 30.08
72 28 39.12
72 29 44.72
72 30 56.22
72 31 50.21
72 32 57.7
72 33 59.01
72 34 82.49
72 35 105.0
72 36 34.01
72 37 44.94
72 38 57.27
72 39 48.55
72 40 14.21
72 41 19.31
72 42 81.88
72 43 28.84
72 44 48.26
72 45 55.36
72 46 85.62
72 47 41.18
72 48 25.81
72 49 40.26
72 50 65.8
72 51 40.5
72 52 53.91
72 53 84.58
72 54 46.69
72 55 35.34
72 56 56.65
72 57 13.04
72 58 79.08
72 59 49.24
72 60 97.8
72 61 42.05
72 62 88.77
72 63 62.77
72 64 48.37
72 65 79.31
72 66 48.3
72 67 42.19
72 68 34.13
72 69 83.23
72 70 33.38
72 71 91.93
72 73 81.88
72 74 62.2
72 75 105.19
72 76 84.59
72 77 103.09
72 78 45.54
72 79 51.62
72 80 35.36
72 81 39.81
72 82 33.29
72 83 60.01
72 84 83.65
72 85 56.61
72 86 50.6
72 87 73.54
72 88 80.62
72 89 44.72
72 90 51.62
72 91 44.1
72 92 22.67
72 93 78.6
72 94 78.1
72 95 58.08
72 96 66.27
72 97 73.41
72 98 10.82
72 99 77.88
72 100 42.95
72 101 75.59
72 102 25.96
72 103 63.29
72 104 107.22
72 105 88.01
72 106 40.25
72 107 39.05
72 108 56.08
72 109 72.03
72 110 39.29
72 111 63.51
72 112 66.76
72 113 80.99
72 114 53.49
72 115 91.42
72 116 50.16
72 117 53.23
72 118 97.91
72 119 10.0
72 120 69.57
72 121 82.93
72 122 102.49
72 123 122.15
72 124 28.65
72 125 73.35
72 126 18.6
72 127 87.66
72 128 75.13
72 129 26.93
72 130 45.01
72 131 24.7
72 132 43.74
72 133 14.87
72 134 77.52
72 135 81.74
72 136 27.66
72 137 102.42
72 138 84.65
72 139 45.61
72 140 47.51
72 141 99.3
72 142 24.19
72 143 48.05
72 144 101.53
72 145 49.4
72 146 91.44
72 147 15.56
72 148 48.05
72 149 65.55
72 150 38.01
72 151 76.4
72 152 16.03
72 153 35.36
72 154 25.61
72 155 81.41
72 156 25.63
72 157 65.31
72 158 22.02
72 159 86.83
72 160 73.76
72 161 5.83
72 162 55.54
72 163 40.05
72 164 107.21
72 165 56.32
72 166 36.69
72 167 27.31
72 168 80.81
72 169 6.32
72 170 103.46
72 171 43.19
72 172 82.57
72 173 46.04
72 174 59.62
72 175 69.05
72 176 83.76
72 177 71.34
72 178 38.28
72 179 32.39
72 180 28.02
72 181 104.29
72 182 9.06
72 183 29.27
72 184 26.02
72 185 89.81
72 186 82.97
72 187 41.01
72 188 45.71
72 189 72.78
72 190 30.59
72 191 79.88
72 192 76.56
72 193 96.61
72 194 26.02
72 195 17.72
72 196 26.17
72 197 86.68
72 198 44.94
72 199 88.32
72 200 55.97
72 201 33.53
73 0 63.25
73 1 68.01
73 2 43.32
73 3 56.04
73 4 70.72
73 5 22.8
73 6 45.28
73 7 66.19
73 8 72.37
73 9 101.24
73 10 24.33
73 11 104.24
73 12 104.01
73 13 83.86
73 14 41.11
73 15 67.48
73 16 94.02
73 17 87.32
73 18 69.35
73 19 19.21
73 20 19.42
73 21 100.0
73 22 105.99
73 23 130.3
73 24 64.26
73 25 26.08
73 26 20.62
73 27 83.73
73 28 48.84
73 29 104.81
73 30 79.12
73 31 130.67
73 32 133.0
73 33 122.2
73 34 49.03
73 35 28.86
73 36 58.55
73 37 98.47
73 38 132.28
73 39 33.62
73 40 95.88
73 41 97.42
73 42 28.46
73 43 57.97
73 44 67.6
73 45 128.69
73 46 21.1
73 47 40.71
73 48 59.77
73 49 43.93
73 50 136.69
73 51 86.01
73 52 133.6
73 53 157.81
73 54 83.24
73 55 112.29
73 56 130.11
73 57 93.49
73 58 81.15
73 59 106.25
73 60 69.57
73 61 111.99
73 62 22.02
73 63 20.52
73 64 69.78
73 65 142.0
73 66 96.04
73 67 70.83
73 68 69.18
73 69 87.09
73 70 113.85
73 71 103.17
73 72 81.88
73 74 140.72
73 75 92.2
73 76 50.45
73 77 26.93
73 78 41.87
73 79 31.24
73 80 77.1
73 81 111.73
73 82 86.05
73 83 74.04
73 84 78.03
73 85 128.72
73 86 123.75
73 87 93.17
73 88 96.03
73 89 94.58
73 90 53.76
73 91 96.02
73 92 77.08
73 93 12.04
73 94 146.03
73 95 77.37
73 96 33.54
73 97 69.18
73 98 92.66
73 99 145.42
73 100 94.87
73 101 150.62
73 102 66.49
73 103 41.79
73 104 29.15
73 105 91.01
73 106 122.12
73 107 104.8
73 108 130.12
73 109 140.72
73 110 62.01
73 111 107.91
73 112 137.44
73 113 83.1
73 114 127.29
73 115 120.83
73 116 76.79
73 117 128.82
73 118 94.43
73 119 91.79
73 120 18.03
73 121 111.09
73 122 27.51
73 123 119.05
73 124 59.67
73 125 140.42
73 126 86.4
73 127 86.02
73 128 141.4
73 129 106.02
73 130 46.62
73 131 61.68
73 132 42.45
73 133 96.04
73 134 78.16
73 135 19.31
73 136 56.92
73 137 99.61
73 138 20.59
73 139 102.42
73 140 78.71
73 141 34.71
73 142 63.78
73 143 106.02
73 144 117.21
73 145 90.27
73 146 21.21
73 147 96.9
73 148 82.39
73 149 18.6
73 150 52.5
73 151 145.09
73 152 76.54
73 153 50.25
73 154 81.34
73 155 116.09
73 156 64.76
73 157 133.54
73 158 95.13
73 159 20.81
73 160 143.4
73 161 87.71
73 162 31.62
73 163 48.92
73 164 30.59
73 165 128.04
73 166 95.9
73 167 84.17
73 168 147.8
73 169 81.02
73 170 22.67
73 171 45.45
73 172 24.7
73 173 110.11
73 174 64.29
73 175 51.16
73 176 85.02
73 177 135.43
73 178 59.08
73 179 67.36
73 180 58.24
73 181 31.78
73 182 87.37
73 183 68.73
73 184 74.15
73 185 31.91
73 186 18.79
73 187 49.04
73 188 105.6
73 189 140.87
73 190 78.52
73 191 84.21
73 192 149.97
73 193 15.3
73 194 97.74
73 195 95.21
73 196 70.21
73 197 25.55
73 198 111.02
73 199 84.1
73 200 30.07
73 201 63.25
74 0 79.76
74 1 131.21
74 2 132.03
74 3 92.2
74 4 71.02
74 5 142.02
74 6 96.02
74 7 94.37
74 8 124.31
74 9 54.15
74 10 157.84
74 11 103.1
74 12 52.04
74 13 121.15
74 14 99.64
74 15 91.24
74 16 50.77
74 17 89.09
74 18 91.24
74 19 159.93
74 20 140.46
74 21 49.82
74 22 44.27
74 23 12.17
74 24 82.2
74 25 160.61
74 26 142.17
74 27 82.22
74 28 92.66
74 29 45.4
74 30 82.38
74 31 14.14
74 32 12.17
74 33 37.11
74 34 125.87
74 35 159.67
74 36 95.72
74 37 53.6
74 38 13.15
74 39 108.9
74 40 48.55
74 41 43.86
74 42 133.3
74 43 91.02
74 44 106.62
74 45 18.11
74 46 139.43
74 47 101.14
74 48 88.01
74 49 96.83
74 50 22.2
74 51 90.96
74 52 9.22
74 53 27.07
74 54 70.83
74 55 28.43
74 56 17.26
74 57 49.2
74 58 104.31
74 59 48.04
74 60 133.0
74 61 68.01
74 62 142.52
74 63 120.42
74 64 83.17
74 65 41.73
74 66 59.41
74 67 78.19
74 68 93.04
74 69 105.02
74 70 45.18
74 71 103.95
74 72 62.2
74 73 140.72
74 75 129.0
74 76 127.44
74 77 157.95
74 78 99.86
74 79 109.48
74 80 90.82
74 81 31.02
74 82 59.24
74 83 116.38
74 84 111.54
74 85 20.4
74 86 21.1
74 87 89.02
74 88 95.19
74 89 57.87
74 90 112.87
74 91 87.97
74 92 64.35
74 93 139.32
74 94 32.2
74 95 113.23
74 96 117.24
74 97 105.91
74 98 52.15
74 99 32.8
74 100 56.09
74 101 17.12
74 102 86.95
74 103 125.36
74 104 162.6
74 105 108.02
74 106 32.02
74 107 40.52
74 108 16.12
74 109 28.28
74 110 99.76
74 111 103.02
74 112 22.8
74 113 105.17
74 114 18.0
74 115 87.92
74 116 105.3
74 117 14.14
74 118 118.11
74 119 52.7
74 120 125.67
74 121 85.15
74 122 156.92
74 123 133.96
74 124 90.7
74 125 31.83
74 126 70.01
74 127 111.04
74 128 33.94
74 129 35.47
74 130 96.57
74 131 86.84
74 132 98.81
74 133 47.43
74 134 104.58
74 135 136.0
74 136 89.81
74 137 120.42
74 138 138.57
74 139 49.37
74 140 75.43
74 141 150.27
74 142 77.01
74 143 47.1
74 144 105.77
74 145 97.86
74 146 152.76
74 147 46.87
74 148 100.69
74 149 122.8
74 150 89.59
74 151 30.0
74 152 75.18
74 153 90.6
74 154 60.9
74 155 78.16
74 156 87.13
74 157 27.78
74 158 45.61
74 159 140.8
74 160 27.02
74 161 56.86
74 162 110.68
74 163 92.91
74 164 161.9
74 165 21.38
74 166 50.29
74 167 79.38
74 168 35.23
74 169 66.04
74 170 163.13
74 171 96.52
74 172 135.2
74 173 39.2
74 174 95.88
74 175 111.66
74 176 107.07
74 177 36.62
74 178 99.48
74 179 92.13
74 180 90.21
74 181 157.54
74 182 54.56
74 183 89.01
74 184 84.1
74 185 140.43
74 186 137.38
74 187 93.19
74 188 45.28
74 189 29.7
74 190 85.8
74 191 103.12
74 192 20.88
74 193 154.4
74 194 43.27
74 195 45.97
74 196 85.88
74 197 139.19
74 198 74.01
74 199 113.11
74 200 117.52
74 201 79.76
75 0 72.67
75 1 25.0
75 2 49.37
75 3 105.36
75 4 79.26
75 5 72.25
75 6 76.49
75 7 120.92
75 8 19.92
75 9 75.17
75 10 86.09
75 11 30.41
75 12 77.06
75 13 10.63
75 14 81.06
75 15 119.55
75 16 111.09
75 17 40.31
75 18 121.7
75 19 102.12
75 20 74.55
75 21 80.62
75 22 122.78
75 23 117.04
75 24 104.35
75 25 88.2
75 26 74.33
75 27 129.81
75 28 75.66
75 29 84.29
75 30 50.6
75 31 127.88
75 32 117.0
75 33 93.34
75 34 43.17
75 35 83.38
75 36 113.17
75 37 76.53
75 38 116.0
75 39 92.36
75 40 111.23
75 41 104.36
75 42 63.95
75 43 106.78
75 44 131.8
75 45 111.0
75 46 72.56
75 47 90.43
75 48 105.42
75 49 80.81
75 50 111.65
75 51 138.41
75 52 127.39
75 53 129.63
75 54 62.36
75 55 108.67
75 56 112.02
75 57 106.78
75 58 26.57
75 59 81.06
75 60 24.08
75 61 147.18
75 62 73.25
75 63 82.35
75 64 56.82
75 65 102.88
75 66 70.46
75 67 63.06
75 68 123.07
75 69 24.19
75 70 133.2
75 71 29.07
75 72 105.19
75 73 92.2
75 74 129.0
75 76 41.77
75 77 83.22
75 78 74.65
75 79 82.68
75 80 129.63
75 81 100.72
75 82 77.49
75 83 143.53
75 84 21.63
75 85 109.04
75 86 108.04
75 87 40.01
75 88 34.37
75 89 72.84
75 90 123.0
75 91 145.6
75 92 83.19
75 93 102.2
75 94 112.81
75 95 144.59
75 96 62.65
75 97 32.65
75 98 110.57
75 99 111.83
75 100 74.97
75 101 128.0
75 102 114.02
75 103 120.44
75 104 87.46
75 105 21.02
75 106 132.19
75 107 90.8
75 108 113.0
75 109 110.64
75 110 121.02
75 111 164.15
75 112 111.76
75 113 25.0
75 114 111.0
75 115 53.85
75 116 139.34
75 117 115.04
75 118 11.7
75 119 109.66
75 120 77.49
75 121 49.4
75 122 81.22
75 123 27.07
75 124 108.9
75 125 108.06
75 126 122.33
75 127 18.44
75 128 107.49
75 129 109.64
75 130 70.09
75 131 106.89
75 132 76.69
75 133 109.56
75 134 27.73
75 135 73.16
75 136 103.25
75 137 12.73
75 138 72.69
75 139 80.31
75 140 59.46
75 141 67.27
75 142 83.23
75 143 82.1
75 144 38.18
75 145 146.66
75 146 113.36
75 147 110.49
75 148 141.45
75 149 81.15
75 150 73.59
75 151 113.36
75 152 114.62
75 153 79.91
75 154 82.08
75 155 57.94
75 156 111.87
75 157 105.8
75 158 97.42
75 159 73.44
75 160 113.77
75 161 108.23
75 162 74.43
75 163 74.25
75 164 84.59
75 165 108.04
75 166 82.57
75 167 128.0
75 168 112.54
75 169 109.93
75 170 107.12
75 171 73.66
75 172 67.9
75 173 90.14
75 174 46.4
75 175 45.79
75 176 22.56
75 177 101.0
75 178 117.52
75 179 120.24
75 180 106.08
75 181 77.52
75 182 102.04
75 183 118.93
75 184 120.74
75 185 63.07
75 186 73.98
75 187 72.84
75 188 84.21
75 189 109.84
75 190 127.14
75 191 26.68
75 192 124.46
75 193 93.13
75 194 96.3
75 195 102.79
75 196 117.69
75 197 68.36
75 198 150.08
75 199 17.09
75 200 101.21
75 201 72.67
76 0 52.0
76 1 17.89
76 2 8.25
76 3 74.24
76 4 61.03
76 5 31.06
76 6 45.88
76 7 89.55
76 8 22.09
76 9 76.06
76 10 46.57
76 11 58.19
76 12 78.77
76 13 34.0
76 14 48.3
76 15 89.01
76 16 94.05
76 17 48.17
76 18 91.24
76 19 61.07
76 20 33.02
76 21 78.39
76 22 107.02
76 23 115.43
76 24 76.55
76 25 49.04
76 26 33.02
76 27 102.32
76 28 46.84
76 29 83.26
76 30 47.17
76 31 121.81
76 32 116.81
76 33 98.11
76 34 2.24
76 35 44.94
76 36 81.12
76 37 75.15
76 38 115.88
76 39 56.08
76 40 95.01
76 41 91.35
76 42 22.2
76 43 76.03
76 44 98.01
76 45 111.23
76 46 31.02
76 47 56.6
76 48 75.64
76 49 49.24
76 50 115.84
76 51 109.12
76 52 122.97
76 53 136.57
76 54 57.27
76 55 101.41
76 56 112.54
76 57 91.01
76 58 36.24
76 59 82.3
76 60 19.72
76 61 125.17
76 62 32.06
76 63 42.8
76 64 44.27
76 65 114.2
76 66 70.24
76 67 49.48
76 68 92.18
76 69 41.23
76 70 117.11
76 71 56.92
76 72 84.59
76 73 50.45
76 74 127.44
76 75 41.77
76 77 44.27
76 78 42.54
76 79 46.23
76 80 99.73
76 81 96.46
76 82 68.41
76 83 108.58
76 84 30.68
76 85 110.17
76 86 106.98
76 87 52.8
76 88 52.84
76 89 70.68
76 90 87.11
76 91 117.78
76 92 67.19
76 93 60.75
76 94 121.49
76 95 110.42
76 96 24.08
76 97 26.25
76 98 93.09
76 99 120.65
76 100 72.09
76 101 131.95
76 102 84.58
76 103 81.84
76 104 49.04
76 105 43.97
76 106 120.27
76 107 86.98
76 108 113.09
76 109 117.48
76 110 88.2
76 111 134.65
76 112 116.3
76 113 37.58
76 114 110.49
76 115 78.77
76 116 106.51
76 117 113.55
76 118 45.1
76 119 92.09
76 120 36.72
76 121 70.18
76 122 42.38
76 123 68.73
76 124 78.26
76 125 115.97
76 126 98.23
76 127 38.33
76 128 116.21
76 129 98.86
76 130 40.52
76 131 77.47
76 132 44.78
76 133 94.01
76 134 33.62
76 135 31.4
76 136 72.92
76 137 50.01
76 138 31.06
76 139 79.62
76 140 52.39
76 141 29.53
76 142 60.41
76 143 82.73
76 144 70.6
76 145 116.36
76 146 71.59
76 147 95.01
76 148 109.93
76 149 41.05
76 150 46.87
76 151 121.26
76 152 88.89
76 153 51.24
76 154 68.73
76 155 77.2
76 156 82.35
76 157 111.02
76 158 85.84
76 159 32.0
76 160 120.57
76 161 89.27
76 162 37.8
76 163 45.61
76 164 46.62
76 165 109.25
76 166 77.16
76 167 101.24
76 168 122.32
76 169 87.48
76 170 66.07
76 171 43.32
76 172 26.17
76 173 89.55
76 174 31.78
76 175 16.12
76 176 38.63
76 177 109.55
76 178 84.6
76 179 89.47
76 180 75.58
76 181 39.81
76 182 85.01
76 183 89.0
76 184 92.31
76 185 22.56
76 186 32.25
76 187 44.38
76 188 83.67
76 189 117.14
76 190 98.49
76 191 39.36
76 192 129.71
76 193 52.09
76 194 86.49
76 195 89.27
76 196 88.64
76 197 27.02
76 198 126.65
76 199 35.9
76 200 63.03
76 201 52.0
77 0 78.23
77 1 58.31
77 2 36.06
77 3 80.4
77 4 86.95
77 5 16.28
77 6 62.65
77 7 92.02
77 8 65.12
77 9 112.45
77 10 3.61
77 11 102.46
77 12 115.28
77 13 77.28
77 14 60.41
77 15 93.01
77 16 114.83
77 17 90.55
77 18 95.0
77 19 21.95
77 20 17.49
77 21 112.81
77 22 127.44
77 23 146.73
77 24 87.48
77 25 5.0
77 26 15.81
77 27 109.07
77 28 65.74
77 29 117.8
77 30 86.05
77 31 149.38
77 32 148.95
77 33 134.47
77 34 44.01
77 35 2.0
77 36 84.01
77 37 110.45
77 38 148.12
77 39 57.31
77 40 116.46
77 41 116.3
77 42 26.25
77 43 82.39
77 44 94.37
77 45 144.03
77 46 18.6
77 47 63.15
77 48 83.73
77 49 62.97
77 50 150.71
77 51 112.16
77 52 151.72
77 53 171.96
77 54 93.34
77 55 129.87
77 56 145.43
77 57 113.46
77 58 80.23
77 59 118.19
77 60 59.14
77 61 136.72
77 62 15.62
77 63 40.79
77 64 79.2
77 65 152.79
77 66 106.78
77 67 82.22
77 68 95.02
77 69 85.44
77 70 136.12
77 71 101.19
77 72 103.09
77 73 26.93
77 74 157.95
77 75 83.22
77 76 44.27
77 78 58.6
77 79 51.66
77 80 103.04
77 81 127.58
77 82 100.0
77 83 100.96
77 84 74.95
77 85 143.6
77 86 139.27
77 87 95.77
77 88 96.66
77 89 106.15
77 90 80.6
77 91 122.1
77 92 93.65
77 93 38.08
77 94 158.49
77 95 104.29
77 96 41.23
77 97 69.32
77 98 113.55
77 99 157.76
77 100 106.96
77 101 165.8
77 102 91.27
77 103 68.62
77 104 5.0
77 105 88.23
77 106 143.02
77 107 119.4
77 108 145.66
77 109 153.72
77 110 88.2
77 111 134.65
77 112 151.34
77 113 81.71
77 114 142.87
77 115 122.58
77 116 103.58
77 117 145.06
77 118 88.65
77 119 112.61
77 120 33.53
77 121 113.6
77 122 2.0
77 123 110.07
77 124 84.29
77 125 152.84
77 126 110.32
77 127 82.57
77 128 153.48
77 129 124.78
77 130 61.4
77 131 85.71
77 132 60.01
77 133 116.25
77 134 77.47
77 135 21.95
77 136 80.75
77 137 93.21
77 138 19.42
77 139 114.77
77 140 88.39
77 141 16.0
77 142 81.86
77 143 118.26
77 144 114.84
77 145 116.84
77 146 40.31
77 147 117.18
77 148 109.04
77 149 37.85
77 150 68.48
77 151 157.88
77 152 100.28
77 153 68.54
77 154 97.1
77 155 120.07
77 156 89.36
77 157 146.75
77 158 112.77
77 159 17.2
77 160 156.63
77 161 108.78
77 162 47.93
77 163 65.3
77 164 4.12
77 165 142.8
77 166 109.81
77 167 109.22
77 168 159.83
77 169 103.32
77 170 26.4
77 171 61.72
77 172 23.35
77 173 123.69
77 174 69.81
77 175 53.25
77 176 82.87
77 177 147.09
77 178 85.09
77 179 93.0
77 180 82.49
77 181 6.71
77 182 107.15
77 183 94.05
77 184 99.18
77 185 21.93
77 186 20.59
77 187 64.88
77 188 118.44
77 189 153.64
77 190 104.02
77 191 83.38
77 192 164.45
77 193 14.87
77 194 114.74
77 195 114.06
77 196 95.19
77 197 19.85
77 198 136.24
77 199 80.08
77 200 56.22
77 201 78.23
78 0 21.4
78 1 57.43
78 2 41.98
78 3 31.91
78 4 29.07
78 5 43.32
78 6 4.12
78 7 47.43
78 8 56.59
78 9 59.94
78 10 58.18
78 11 74.73
78 12 62.65
78 13 64.2
78 14 6.4
78 15 46.65
78 16 56.75
78 17 53.46
78 18 48.88
78 19 60.83
78 20 41.23
78 21 58.25
78 22 69.63
78 23 89.02
78 24 34.21
78 25 60.9
78 26 43.08
78 27 59.81
78 28 7.21
78 29 63.01
78 30 42.01
78 31 90.82
78 32 91.55
78 33 80.45
78 34 40.31
78 35 60.42
78 36 39.2
78 37 56.94
78 38 90.79
78 39 19.42
78 40 58.24
78 41 57.7
78 42 36.35
78 43 33.62
78 44 57.28
78 45 87.05
78 46 40.5
78 47 15.81
78 48 33.11
78 49 6.71
78 50 94.85
78 51 66.65
78 52 93.3
78 53 116.0
78 54 43.01
78 55 71.56
78 56 88.46
78 57 55.03
78 58 53.71
78 59 64.66
78 60 59.64
78 61 83.73
78 62 43.66
78 63 21.4
78 64 31.14
78 65 100.5
78 66 55.04
78 67 30.36
78 68 49.93
78 69 59.62
78 70 78.92
78 71 74.04
78 72 45.54
78 73 41.87
78 74 99.86
78 75 74.65
78 76 42.54
78 77 58.6
78 79 12.37
78 80 57.31
78 81 70.18
78 82 44.2
78 83 68.88
78 84 54.38
78 85 86.98
78 86 82.13
78 87 59.41
78 88 64.33
78 89 53.24
78 90 48.55
78 91 75.24
78 92 35.61
78 93 43.86
78 94 104.2
78 95 70.04
78 96 21.02
78 97 43.05
78 98 55.54
78 99 103.6
78 100 53.34
78 101 108.98
78 102 42.05
78 103 48.51
78 104 63.06
78 105 64.47
78 106 84.77
78 107 62.97
78 108 88.53
78 109 98.86
78 110 46.75
78 111 92.28
78 112 95.59
78 113 55.95
78 114 85.7
78 115 86.01
78 116 65.19
78 117 87.46
78 118 71.69
78 119 54.57
78 120 25.81
78 121 76.01
78 122 57.78
78 123 98.11
78 124 35.85
78 125 98.6
78 126 56.57
78 127 61.29
78 128 99.62
78 129 66.19
78 130 6.0
78 131 34.93
78 132 2.24
78 133 57.87
78 134 50.99
78 135 36.77
78 136 30.41
78 137 77.03
78 138 39.56
78 139 60.75
78 140 39.05
78 141 53.76
78 142 23.26
78 143 64.35
78 144 87.32
78 145 74.09
78 146 58.18
78 147 58.82
78 148 68.01
78 149 23.35
78 150 10.63
78 151 103.23
78 152 46.87
78 153 10.2
78 154 39.62
78 155 79.31
78 156 39.81
78 157 91.68
78 158 54.38
78 159 41.79
78 160 101.53
78 161 50.99
78 162 10.82
78 163 7.07
78 164 62.65
78 165 86.27
78 166 54.04
78 167 58.82
78 168 106.02
78 169 47.01
78 170 64.54
78 171 3.61
78 172 37.11
78 173 68.25
78 174 31.62
78 175 29.83
78 176 58.6
78 177 93.74
78 178 43.19
78 179 47.17
78 180 33.12
78 181 59.14
78 182 48.7
78 183 46.53
78 184 49.77
78 185 44.28
78 186 38.08
78 187 7.21
78 188 63.82
78 189 99.02
78 190 55.95
78 191 56.08
78 192 108.19
78 193 54.67
78 194 56.61
78 195 55.46
78 196 46.1
78 197 41.23
78 198 84.72
78 199 60.54
78 200 30.15
78 201 21.4
79 0 33.12
79 1 62.94
79 2 43.42
79 3 30.41
79 4 39.82
79 5 38.05
79 6 14.76
79 7 44.6
79 8 63.6
79 9 72.01
79 10 50.6
79 11 85.7
79 12 74.69
79 13 72.56
79 14 9.9
79 15 44.64
79 16 63.56
79 17 65.12
79 18 46.84
79 19 50.45
79 20 35.23
79 21 69.97
79 22 75.96
79 23 99.09
79 24 36.12
79 25 53.14
79 26 37.22
79 27 59.68
79 28 18.36
79 29 74.63
79 30 54.15
79 31 99.57
79 32 101.83
79 33 92.11
79 34 44.05
79 35 53.6
79 36 36.06
79 37 68.88
79 38 101.12
79 39 9.9
79 40 65.31
79 41 66.29
79 42 33.73
79 43 32.39
79 44 51.87
79 45 97.62
79 46 35.06
79 47 12.04
79 48 33.06
79 49 12.73
79 50 105.89
79 51 64.85
79 52 102.42
79 53 126.91
79 54 55.36
79 55 81.06
79 56 99.04
79 57 62.65
79 58 63.89
79 59 76.54
79 60 65.05
79 61 86.01
79 62 38.12
79 63 11.18
79 64 43.42
79 65 112.38
79 66 67.23
79 67 42.72
79 68 47.43
79 69 69.92
79 70 84.48
79 71 84.93
79 72 51.62
79 73 31.24
79 74 109.48
79 75 82.68
79 76 46.23
79 77 51.66
79 78 12.37
79 80 55.36
79 81 80.62
79 82 55.76
79 83 62.37
79 84 63.56
79 85 97.74
79 86 92.66
79 87 71.11
79 88 75.66
79 89 65.31
79 90 41.01
79 91 74.22
79 92 46.01
79 93 31.76
79 94 115.68
79 95 64.2
79 96 22.2
79 97 52.55
79 98 62.24
79 99 115.11
79 100 65.3
79 101 119.52
79 102 41.44
79 103 38.08
79 104 55.66
79 105 74.63
79 106 91.79
79 107 74.03
79 108 99.01
79 109 110.21
79 110 42.49
79 111 89.69
79 112 106.67
79 113 66.1
79 114 96.18
79 115 98.02
79 116 60.54
79 117 97.62
79 118 81.02
79 119 61.33
79 120 18.25
79 121 88.02
79 122 51.2
79 123 107.35
79 124 34.53
79 125 110.11
79 126 59.14
79 127 70.94
79 128 111.22
79 129 74.89
79 130 18.25
79 131 35.06
79 132 12.08
79 133 65.3
79 134 61.03
79 135 31.06
79 136 30.07
79 137 86.41
79 138 34.06
79 139 72.56
79 140 51.42
79 141 50.09
79 142 32.56
79 143 76.16
79 144 98.48
79 145 71.31
79 146 46.07
79 147 66.19
79 148 64.4
79 149 13.93
79 150 22.36
79 151 114.62
79 152 49.09
79 153 19.1
79 154 50.45
79 155 91.55
79 156 39.32
79 157 103.0
79 158 63.89
79 159 36.12
79 160 112.8
79 161 57.38
79 162 8.49
79 163 18.79
79 164 55.79
79 165 97.08
79 166 65.46
79 167 59.3
79 168 117.6
79 169 51.66
79 170 53.76
79 171 15.81
79 172 33.14
79 173 79.63
79 174 42.58
79 175 36.89
79 176 68.62
79 177 105.48
79 178 38.91
79 179 44.92
79 180 32.25
79 181 53.46
79 182 56.44
79 183 45.12
79 184 49.5
79 185 41.59
79 186 32.14
79 187 19.31
79 188 75.47
79 189 110.44
79 190 55.11
79 191 66.48
79 192 119.0
79 193 45.28
79 194 66.53
79 195 64.07
79 196 45.54
79 197 37.05
79 198 86.15
79 199 69.86
79 200 18.97
79 201 33.12
80 0 58.26
80 1 114.59
80 2 98.23
80 3 25.5
80 4 54.71
80 5 92.07
80 6 54.38
80 7 11.05
80 8 113.0
80 9 83.93
80 10 101.0
80 11 122.07
80 12 85.38
80 13 119.0
80 14 51.43
80 15 10.77
80 16 42.3
80 17 99.05
80 18 8.54
80 19 93.38
80 20 88.81
80 21 77.88
80 22 46.62
80 23 85.38
80 24 25.5
80 25 103.02
80 26 90.8
80 27 9.22
80 28 54.41
80 29 80.06
80 30 85.45
80 31 77.08
80 32 89.27
80 33 94.09
80 34 97.49
80 35 105.04
80 36 19.42
80 37 79.81
80 38 89.05
80 39 46.87
80 40 44.41
80 41 53.04
80 42 89.02
80 43 23.71
80 44 16.4
80 45 88.12
80 46 89.11
80 47 43.66
80 48 24.41
80 49 50.61
80 50 98.99
80 51 9.49
80 52 81.71
80 53 115.95
80 54 78.29
80 55 67.74
80 56 89.27
80 57 46.04
80 58 105.42
80 59 84.53
80 60 116.81
80 61 37.12
80 62 91.92
80 63 63.95
80 64 75.43
80 65 114.02
80 66 82.54
80 67 70.21
80 68 8.06
80 69 110.54
80 70 48.83
80 71 121.83
80 72 35.36
80 73 77.1
80 74 90.82
80 75 129.63
80 76 99.73
80 77 103.04
80 78 57.31
80 79 55.36
80 81 74.06
80 82 67.07
80 83 25.71
80 84 108.25
80 85 89.81
80 86 83.73
80 87 104.01
80 88 110.68
80 89 79.06
80 90 27.29
80 91 19.1
80 92 54.63
80 93 69.05
80 94 111.76
80 95 23.09
80 96 76.69
80 97 97.0
80 98 41.19
80 99 111.65
80 100 77.49
80 101 106.32
80 102 15.62
80 103 42.49
80 104 106.0
80 105 115.52
80 106 61.4
80 107 74.33
80 108 88.46
80 109 105.68
80 110 15.3
80 111 34.99
80 112 99.98
80 113 107.56
80 114 86.15
80 115 124.89
80 116 15.03
80 117 84.93
80 118 124.48
80 119 41.11
80 120 72.18
80 121 115.83
80 122 103.12
80 123 150.23
80 124 21.47
80 125 107.38
80 126 20.88
80 127 113.86
80 128 109.29
80 129 58.69
80 130 60.46
80 131 22.8
80 132 55.07
80 133 46.27
80 134 103.25
80 135 85.16
80 136 26.93
80 137 129.5
80 138 88.12
80 139 80.81
80 140 77.7
80 141 104.74
80 142 47.8
80 143 83.36
80 144 132.92
80 145 17.03
80 146 78.11
80 147 46.39
80 148 13.0
80 149 66.91
80 150 56.08
80 151 109.9
80 152 19.42
80 153 50.0
80 154 58.87
80 155 115.32
80 156 17.8
80 157 99.32
80 158 57.14
80 159 89.94
80 160 107.06
80 161 38.0
80 162 62.97
80 163 55.8
80 164 107.02
80 165 89.68
80 166 71.81
80 167 11.66
80 168 114.63
80 169 29.15
80 170 94.37
80 171 57.14
80 172 88.07
80 173 81.3
80 174 83.45
80 175 86.82
80 176 110.39
80 177 106.02
80 178 18.03
80 179 10.44
80 180 24.19
80 181 106.38
80 182 44.18
80 183 10.82
80 184 9.85
80 185 96.77
80 186 85.99
80 187 57.2
80 188 81.05
80 189 106.57
80 190 5.1
80 191 106.96
80 192 108.17
80 193 92.27
80 194 61.13
80 195 52.0
80 196 12.04
80 197 91.78
80 198 34.79
80 199 113.85
80 200 47.04
80 201 58.26
81 0 49.41
81 1 100.84
81 2 101.02
81 3 68.15
81 4 41.11
81 5 111.52
81 6 66.53
81 7 74.33
81 8 94.26
81 9 25.96
81 10 127.64
81 11 77.49
81 12 24.7
81 13 92.14
81 14 70.72
81 15 71.2
81 16 32.06
81 17 60.41
81 18 71.85
81 19 130.86
81 20 110.11
81 21 20.1
81 22 34.44
81 23 19.24
81 24 58.52
81 25 130.43
81 26 111.77
81 27 67.07
81 28 63.03
81 29 16.76
81 30 52.15
81 31 27.17
81 32 21.4
81 33 21.19
81 34 94.87
81 35 129.25
81 36 73.38
81 37 24.19
81 38 20.62
81 39 81.4
81 40 30.15
81 41 21.02
81 42 102.58
81 43 67.42
81 44 87.97
81 45 17.03
81 46 109.0
81 47 73.6
81 48 64.26
81 49 67.9
81 50 26.4
81 51 77.23
81 52 27.07
81 53 46.62
81 54 40.31
81 55 9.9
81 56 18.44
81 57 28.02
81 58 75.06
81 59 21.02
81 60 102.7
81 61 64.41
81 62 112.06
81 63 91.24
81 64 52.2
81 65 40.01
81 66 30.27
81 67 47.17
81 68 73.82
81 69 76.53
81 70 42.2
81 71 78.11
81 72 39.81
81 73 111.73
81 74 31.02
81 75 100.72
81 76 96.46
81 77 127.58
81 78 70.18
81 79 80.62
81 80 74.06
81 82 28.23
81 83 99.41
81 84 82.0
81 85 17.49
81 86 12.04
81 87 61.39
81 88 68.15
81 89 28.02
81 90 91.09
81 91 77.67
81 92 34.66
81 93 111.52
81 94 38.33
81 95 97.13
81 96 86.61
81 97 75.54
81 98 33.02
81 99 38.08
81 100 26.0
81 101 38.9
81 102 65.73
81 103 101.64
81 104 132.31
81 105 80.06
81 106 35.0
81 107 10.0
81 108 18.38
81 109 32.28
81 110 79.08
81 111 95.88
81 112 27.31
81 113 76.16
81 114 15.56
81 115 67.2
81 116 89.09
81 117 17.49
81 118 90.43
81 119 33.0
81 120 95.9
81 121 61.77
81 122 126.48
81 123 109.2
81 124 67.68
81 125 33.54
81 126 54.08
81 127 82.39
81 128 35.36
81 129 17.09
81 130 66.4
81 131 63.57
81 132 69.35
81 133 28.07
81 134 75.0
81 135 105.68
81 136 65.39
81 137 93.39
81 138 108.17
81 139 20.62
81 140 44.72
81 141 119.42
81 142 48.17
81 143 19.7
81 144 82.76
81 145 85.59
81 146 125.42
81 147 28.16
81 148 86.02
81 149 93.43
81 150 59.67
81 151 36.69
81 152 55.44
81 153 61.52
81 154 30.61
81 155 56.61
81 156 65.25
81 157 25.5
81 158 18.38
81 159 110.39
81 160 34.18
81 161 36.12
81 162 80.92
81 163 63.13
81 164 131.47
81 165 17.0
81 166 19.42
81 167 64.07
81 168 41.0
81 169 45.4
81 170 134.35
81 171 66.71
81 172 104.62
81 173 12.21
81 174 65.0
81 175 80.65
81 176 78.31
81 177 32.02
81 178 77.88
81 179 72.18
81 180 66.48
81 181 126.91
81 182 30.81
81 183 69.05
81 184 65.38
81 185 109.59
81 186 107.07
81 187 63.25
81 188 17.09
81 189 32.98
81 190 69.03
81 191 74.24
81 192 38.6
81 193 124.84
81 194 14.76
81 195 22.2
81 196 65.92
81 197 108.56
81 198 69.78
81 199 84.21
81 200 90.97
81 201 49.41
82 0 22.8
82 1 74.03
82 2 72.8
82 3 52.0
82 4 16.76
82 5 83.82
82 6 41.05
82 7 63.15
82 8 68.12
82 9 18.03
82 10 100.26
82 11 59.82
82 12 20.22
82 13 67.91
82 14 46.14
82 15 60.42
82 16 35.0
82 17 38.47
82 18 61.85
82 19 104.89
82 20 82.62
82 21 14.32
82 22 45.62
82 23 47.42
82 24 44.41
82 25 103.08
82 26 84.2
82 27 63.06
82 28 37.44
82 29 18.87
82 30 26.93
82 31 53.6
82 32 49.24
82 33 36.36
82 34 66.76
82 35 101.61
82 36 59.14
82 37 14.14
82 38 48.37
82 39 58.69
82 40 34.67
82 41 26.93
82 42 74.63
82 43 52.04
82 44 77.1
82 45 44.1
82 46 81.4
82 47 51.26
82 48 49.09
82 49 43.42
82 50 50.93
82 51 73.35
82 52 54.57
82 53 72.18
82 54 15.23
82 55 33.24
82 56 45.49
82 57 30.23
82 58 50.96
82 59 21.19
82 60 76.01
82 61 72.47
82 62 84.4
82 63 65.6
82 64 24.33
82 65 56.8
82 66 15.52
82 67 18.97
82 68 63.79
82 69 53.85
82 70 55.95
82 71 60.0
82 72 33.29
82 73 86.05
82 74 59.24
82 75 77.49
82 76 68.41
82 77 100.0
82 78 44.2
82 79 55.76
82 80 67.07
82 81 28.23
82 83 89.63
82 84 57.07
82 85 43.6
82 86 39.45
82 87 41.62
82 88 48.83
82 89 12.17
82 90 76.01
82 91 77.39
82 92 13.04
82 93 87.46
82 94 60.0
82 95 88.53
82 96 58.82
82 97 49.04
82 98 34.83
82 99 59.41
82 100 11.0
82 101 65.8
82 102 54.13
82 103 83.36
82 104 104.81
82 105 58.18
82 106 54.92
82 107 19.42
82 108 45.79
82 109 54.67
82 110 66.48
82 111 96.8
82 112 51.62
82 113 52.5
82 114 43.05
82 115 58.18
82 116 81.04
82 117 45.62
82 118 68.54
82 119 34.06
82 120 69.31
82 121 49.65
82 122 98.81
82 123 90.97
82 124 53.15
82 125 54.41
82 126 51.87
82 127 59.14
82 128 55.47
82 129 32.39
82 130 39.62
82 131 49.25
82 132 43.83
82 133 32.76
82 134 50.22
82 135 78.24
82 136 49.0
82 137 72.45
82 138 80.6
82 139 17.09
82 140 18.25
82 141 91.3
82 142 25.71
82 143 20.62
82 144 68.62
82 145 82.29
82 146 101.71
82 147 33.62
82 148 80.06
82 149 67.48
82 150 33.6
82 151 59.03
82 152 47.93
82 153 37.12
82 154 8.25
82 155 48.33
82 156 52.77
82 157 47.51
82 158 19.92
82 159 82.8
82 160 57.38
82 161 33.97
82 162 54.56
82 163 37.2
82 164 103.81
82 165 42.8
82 166 9.9
82 167 60.42
82 168 61.85
82 169 39.45
82 170 108.71
82 171 40.61
82 172 76.84
82 173 24.08
82 174 37.34
82 175 52.5
82 176 55.03
82 177 49.74
82 178 64.2
82 179 61.39
82 180 51.04
82 181 99.02
82 182 26.87
82 183 58.69
82 184 57.25
82 185 81.49
82 186 79.65
82 187 37.01
82 188 19.72
82 189 54.82
82 190 62.77
82 191 50.92
82 192 64.54
82 193 98.29
82 194 19.1
82 195 25.5
82 196 56.04
82 197 80.71
82 198 76.42
82 199 60.44
82 200 69.29
82 201 22.8
83 0 76.56
83 1 125.21
83 2 105.21
83 3 39.81
83 4 75.29
83 5 93.52
83 6 67.2
83 7 26.48
83 8 125.26
83 9 107.2
83 10 98.23
83 11 140.43
83 12 108.9
83 13 133.06
83 14 62.48
83 15 29.27
83 16 67.9
83 17 117.63
83 18 28.07
83 19 86.47
83 20 89.96
83 21 101.6
83 22 72.11
83 23 111.09
83 24 45.35
83 25 99.69
83 26 91.79
83 27 34.18
83 28 68.51
83 29 104.24
83 30 104.28
83 31 102.53
83 32 114.98
83 33 119.02
83 34 106.4
83 35 102.88
83 36 31.78
83 37 103.1
83 38 114.76
83 39 52.5
83 40 70.04
83 41 78.41
83 42 93.3
83 43 39.0
83 44 12.65
83 45 113.77
83 46 90.8
83 47 53.15
83 48 41.44
83 49 62.8
83 50 124.62
83 51 26.63
83 52 107.22
83 53 141.65
83 54 98.98
83 55 93.38
83 56 114.93
83 57 71.45
83 58 121.49
83 59 108.46
83 60 127.35
83 61 57.31
83 62 93.11
83 63 67.42
83 64 93.47
83 65 139.23
83 66 105.12
83 67 89.16
83 68 26.08
83 69 127.09
83 70 73.36
83 71 140.0
83 72 60.01
83 73 74.04
83 74 116.38
83 75 143.53
83 76 108.58
83 77 100.96
83 78 68.88
83 79 62.37
83 80 25.71
83 81 99.41
83 82 89.63
83 84 123.0
83 85 115.41
83 86 109.33
83 87 123.07
83 88 129.25
83 89 101.79
83 90 21.63
83 91 33.97
83 92 76.69
83 93 63.35
83 94 137.32
83 95 4.47
83 96 84.5
83 97 111.61
83 98 66.75
83 99 137.19
83 100 100.45
83 101 132.0
83 102 35.51
83 103 32.56
83 104 102.84
83 105 132.08
83 106 86.33
83 107 99.01
83 108 114.14
83 109 131.24
83 110 23.77
83 111 36.67
83 112 125.6
83 113 123.71
83 114 111.8
83 115 146.1
83 116 11.18
83 117 110.63
83 118 140.09
83 119 66.61
83 120 75.29
83 121 136.62
83 122 101.53
83 123 166.41
83 124 37.34
83 125 132.85
83 126 46.57
83 127 129.53
83 128 134.73
83 129 84.34
83 130 73.6
83 131 40.8
83 132 66.84
83 133 71.85
83 134 118.98
83 135 87.21
83 136 42.54
83 137 145.34
83 138 89.9
83 139 104.58
83 140 97.5
83 141 106.51
83 142 67.07
83 143 107.38
83 144 152.12
83 145 23.6
83 146 68.0
83 147 72.01
83 148 17.03
83 149 69.97
83 150 71.34
83 151 135.48
83 152 44.05
83 153 64.66
83 154 81.39
83 155 137.09
83 156 36.88
83 157 124.79
83 158 82.02
83 159 91.29
83 160 132.67
83 161 63.29
83 162 70.84
83 163 69.89
83 164 104.55
83 165 115.26
83 166 95.52
83 167 37.0
83 168 140.16
83 169 54.08
83 170 86.09
83 171 70.0
83 172 91.3
83 173 106.0
83 174 99.02
83 175 98.35
83 176 126.48
83 177 131.24
83 178 26.83
83 179 28.28
83 180 39.92
83 181 105.62
83 182 69.03
83 183 31.14
83 184 34.06
83 185 100.24
83 186 87.66
83 187 71.28
83 188 105.23
83 189 132.1
83 190 30.81
83 191 123.49
83 192 133.88
83 193 87.86
83 194 86.02
83 195 77.23
83 196 34.06
83 197 94.37
83 198 53.08
83 199 129.03
83 200 47.01
83 201 76.56
84 0 51.04
84 1 22.2
84 2 38.9
84 3 84.29
84 4 57.71
84 5 61.19
84 6 55.8
84 7 99.76
84 8 13.89
84 9 57.43
84 10 77.2
84 11 27.51
84 12 59.68
84 13 11.18
84 14 60.75
84 15 98.29
84 16 89.89
84 17 23.09
84 18 100.41
84 19 90.93
84 20 62.65
84 21 62.03
84 22 101.83
84 23 99.41
84 24 82.88
84 25 79.7
84 26 62.97
84 27 108.23
84 28 54.67
84 29 66.19
84 30 30.27
84 31 109.04
84 32 99.85
84 33 77.62
84 34 31.05
84 35 75.61
84 36 92.2
84 37 58.08
84 38 98.86
84 39 72.9
84 40 90.14
84 41 83.68
84 42 51.48
84 43 85.63
84 44 111.04
84 45 93.9
84 46 60.67
84 47 70.18
84 48 84.15
84 49 60.22
84 50 96.05
84 51 116.93
84 52 109.02
84 53 115.43
84 54 42.3
84 55 89.27
84 56 95.04
84 57 85.7
84 58 7.62
84 59 63.64
84 60 23.32
84 61 125.67
84 62 62.17
84 63 65.0
84 64 35.34
84 65 90.34
84 66 52.15
84 67 41.63
84 68 101.83
84 69 10.82
84 70 112.27
84 71 26.25
84 72 83.65
84 73 78.03
84 74 111.54
84 75 21.63
84 76 30.68
84 77 74.95
84 78 54.38
84 79 63.56
84 80 108.25
84 81 82.0
84 82 57.07
84 83 123.0
84 85 92.23
84 86 90.45
84 87 25.55
84 88 23.35
84 89 54.01
84 90 102.93
84 91 124.02
84 92 61.85
84 93 86.7
84 94 99.16
84 95 123.85
84 96 45.71
84 97 11.4
84 98 89.32
84 99 98.23
84 100 56.0
84 101 112.54
84 102 92.66
84 103 101.64
84 104 79.71
84 105 13.34
84 106 111.99
84 107 72.0
84 108 95.89
84 109 96.14
84 110 100.12
84 111 142.64
84 112 96.3
84 113 7.81
84 114 93.65
84 115 48.83
84 116 118.34
84 117 97.42
84 118 17.46
84 119 88.39
84 120 61.52
84 121 41.04
84 122 73.05
84 123 43.83
84 124 87.73
84 125 93.98
84 126 100.7
84 127 8.0
84 128 93.78
84 129 89.44
84 130 49.41
84 131 85.56
84 132 56.3
84 133 88.54
84 134 7.0
84 135 60.21
84 136 82.07
84 137 22.85
84 138 60.53
84 139 62.2
84 140 38.83
84 141 60.01
84 142 61.61
84 143 64.5
84 144 40.02
84 145 125.26
84 146 99.13
84 147 89.49
84 148 120.22
84 149 64.33
84 150 52.35
84 151 99.37
84 152 93.01
84 153 58.8
84 154 61.03
84 155 48.84
84 156 90.52
84 157 90.52
84 158 76.9
84 159 61.81
84 160 99.3
84 161 86.82
84 162 55.71
84 163 53.26
84 164 77.25
84 165 91.24
84 166 63.13
84 167 106.4
84 168 99.4
84 169 88.32
84 170 95.89
84 171 53.01
84 172 55.44
84 173 72.34
84 174 24.84
84 175 27.66
84 176 8.06
84 177 87.09
84 178 96.67
84 179 99.01
84 180 84.9
84 181 70.38
84 182 80.78
84 183 97.59
84 184 99.25
84 185 53.16
84 186 61.29
84 187 51.86
84 188 66.27
84 189 95.52
84 190 105.65
84 191 10.0
84 192 109.48
84 193 82.04
84 194 76.12
84 195 82.01
84 196 96.26
84 197 57.07
84 198 128.5
84 199 6.32
84 200 82.46
84 201 51.04
85 0 65.86
85 1 112.54
85 2 115.38
85 3 85.49
85 4 58.0
85 5 127.41
85 6 83.45
85 7 90.96
85 8 105.32
85 9 34.93
85 10 143.84
85 11 82.73
85 12 32.56
85 13 101.49
85 14 87.86
85 15 87.8
85 16 47.52
85 17 69.46
85 18 88.29
85 19 147.79
85 20 126.21
85 21 31.78
85 22 46.39
85 23 10.0
85 24 75.77
85 25 146.65
85 26 127.8
85 27 82.22
85 28 79.91
85 29 26.93
85 30 63.89
85 31 25.46
85 32 8.25
85 33 16.76
85 34 108.75
85 35 145.21
85 36 90.48
85 37 35.11
85 38 7.28
85 39 98.81
85 40 45.4
85 41 37.36
85 42 118.15
85 43 84.69
85 44 104.35
85 45 2.83
85 46 125.0
85 47 91.02
85 48 81.54
85 49 85.04
85 50 9.22
85 51 92.05
85 52 22.2
85 53 29.21
85 54 52.92
85 55 22.09
85 56 3.16
85 57 44.15
85 58 84.85
85 59 28.64
85 60 114.24
85 61 75.0
85 62 128.0
85 63 108.21
85 64 66.19
85 65 26.93
85 66 40.52
85 67 61.91
85 68 90.24
85 69 85.21
85 70 51.55
85 71 83.6
85 72 56.61
85 73 128.72
85 74 20.4
85 75 109.04
85 76 110.17
85 77 143.6
85 78 86.98
85 79 97.74
85 80 89.81
85 81 17.49
85 82 43.6
85 83 115.41
85 84 92.23
85 86 6.08
85 87 69.03
85 88 75.03
85 89 39.56
85 90 108.17
85 91 91.27
85 92 51.74
85 93 128.84
85 94 22.02
85 95 112.87
85 96 102.42
85 97 87.36
85 98 48.66
85 99 22.0
85 100 38.08
85 101 22.2
85 102 82.57
85 103 119.01
85 104 148.4
85 105 88.02
85 106 40.71
85 107 24.21
85 108 4.47
85 109 16.0
85 110 95.88
85 111 108.5
85 112 10.2
85 113 85.59
85 114 4.47
85 115 67.78
85 116 104.81
85 117 8.49
85 118 98.01
85 119 48.84
85 120 112.54
85 121 64.76
85 122 142.41
85 123 113.56
85 124 84.86
85 125 18.25
85 126 69.26
85 127 91.27
85 128 20.4
85 129 31.14
85 130 82.88
85 131 80.78
85 132 86.28
85 133 43.57
85 134 85.33
85 135 121.82
85 136 82.76
85 137 100.18
85 138 124.2
85 139 30.68
85 140 57.78
85 141 134.63
85 142 65.44
85 143 27.89
85 144 85.44
85 145 100.0
85 146 142.8
85 147 43.42
85 148 101.24
85 149 110.31
85 150 76.38
85 151 20.1
85 152 71.81
85 153 78.64
85 154 47.38
85 155 57.87
85 156 82.22
85 157 10.77
85 158 35.78
85 159 126.4
85 160 17.26
85 161 52.39
85 162 97.62
85 163 79.91
85 164 147.41
85 165 1.0
85 166 33.84
85 167 79.23
85 168 25.0
85 169 61.85
85 170 151.38
85 171 83.45
85 172 120.43
85 173 20.62
85 174 78.39
85 175 94.81
85 176 87.37
85 177 19.72
85 178 94.87
85 179 88.77
85 180 83.77
85 181 142.56
85 182 47.76
85 183 85.62
85 184 81.58
85 185 124.87
85 186 123.23
85 187 79.93
85 188 26.57
85 189 17.03
85 190 84.72
85 191 83.49
85 192 21.26
85 193 141.53
85 194 32.25
85 195 38.9
85 196 82.46
85 197 124.28
85 198 80.78
85 199 93.43
85 200 108.45
85 201 65.86
86 0 61.22
86 1 110.22
86 2 111.89
86 3 79.62
86 4 53.08
86 5 123.15
86 6 78.52
86 7 84.9
86 8 103.25
86 9 33.06
86 10 139.4
86 11 82.76
86 12 31.0
86 13 100.08
86 14 82.76
86 15 81.74
86 16 41.44
86 17 68.03
86 18 82.23
86 19 142.86
86 20 121.83
86 21 28.86
86 22 40.61
86 23 9.0
86 24 69.86
86 25 142.2
86 26 123.46
86 27 76.16
86 28 75.01
86 29 24.33
86 30 61.39
86 31 22.47
86 32 9.85
86 33 18.6
86 34 105.48
86 35 140.91
86 36 84.5
86 37 32.56
86 38 8.94
86 39 93.41
86 40 39.32
86 41 31.32
86 42 114.06
86 43 78.79
86 44 98.27
86 45 5.0
86 46 120.67
86 47 85.6
86 48 75.64
86 49 79.93
86 50 15.3
86 51 86.02
86 52 20.25
86 53 34.67
86 54 50.0
86 55 16.03
86 56 6.4
86 57 38.08
86 58 83.22
86 59 27.0
86 60 111.99
86 61 69.57
86 62 123.71
86 63 103.25
86 64 62.77
86 65 32.28
86 66 38.33
86 67 58.14
86 68 84.17
86 69 84.0
86 70 46.24
86 71 83.55
86 72 50.6
86 73 123.75
86 74 21.1
86 75 108.04
86 76 106.98
86 77 139.27
86 78 82.13
86 79 92.66
86 80 83.73
86 81 12.04
86 82 39.45
86 83 109.33
86 84 90.45
86 85 6.08
86 87 68.12
86 88 74.43
86 89 36.88
86 90 102.18
86 91 85.38
86 92 46.67
86 93 123.56
86 94 28.07
86 95 106.79
86 96 98.18
86 97 84.93
86 98 42.58
86 99 28.02
86 100 35.17
86 101 26.87
86 102 76.54
86 103 113.16
86 104 144.03
86 105 87.09
86 106 36.06
86 107 20.12
86 108 6.4
86 109 22.02
86 110 89.84
86 111 102.77
86 112 16.28
86 113 84.1
86 114 3.61
86 115 69.32
86 116 98.73
86 117 7.0
86 118 97.25
86 119 42.76
86 120 107.81
86 121 65.46
86 122 138.13
86 123 114.02
86 124 78.92
86 125 24.08
86 126 63.2
86 127 90.01
86 128 26.17
86 129 25.08
86 130 78.24
86 131 74.85
86 132 81.34
86 133 37.48
86 134 83.49
86 135 117.41
86 136 76.92
86 137 99.72
86 138 119.85
86 139 28.28
86 140 54.71
86 141 130.74
86 142 60.21
86 143 26.02
86 144 86.38
86 145 94.02
86 146 137.44
86 147 37.34
86 148 95.19
86 149 105.42
86 150 71.59
86 151 26.17
86 152 65.73
86 153 73.55
86 154 42.52
86 155 59.09
86 156 76.22
86 157 16.28
86 158 30.02
86 159 122.07
86 160 23.35
86 161 46.32
86 162 92.85
86 163 75.07
86 164 143.13
86 165 6.0
86 166 29.97
86 167 73.17
86 168 31.02
86 169 55.79
86 170 146.37
86 171 78.64
86 172 116.21
86 173 18.11
86 174 75.27
86 175 91.39
86 176 86.02
86 177 24.7
86 178 88.87
86 179 82.71
86 180 77.88
86 181 138.44
86 182 41.79
86 183 79.56
86 184 75.5
86 185 120.93
86 186 118.81
86 187 75.17
86 188 24.19
86 189 23.0
86 190 78.64
86 191 82.05
86 192 26.63
86 193 136.78
86 194 26.63
86 195 32.89
86 196 76.4
86 197 120.11
86 198 75.29
86 199 92.05
86 200 102.9
86 201 61.22
87 0 46.52
87 1 47.71
87 2 60.46
87 3 83.26
87 4 49.41
87 5 80.53
87 6 59.03
87 7 97.53
87 8 39.45
87 9 35.51
87 10 97.49
87 11 18.38
87 12 37.22
87 13 32.98
87 14 64.94
87 15 95.38
87 16 76.61
87 17 6.0
87 18 97.25
87 19 108.78
87 20 81.15
87 21 41.48
87 22 86.95
87 23 77.1
87 24 78.89
87 25 100.18
87 26 81.94
87 27 101.83
87 28 56.52
87 29 44.72
87 30 18.79
87 31 88.46
87 32 77.0
87 33 53.46
87 34 52.43
87 35 96.75
87 36 91.29
87 37 37.36
87 38 76.0
87 39 78.77
87 40 76.28
87 41 68.1
87 42 70.26
87 43 84.1
87 44 110.49
87 45 71.0
87 46 79.31
87 47 73.76
87 48 81.84
87 49 63.35
87 50 71.85
87 51 111.61
87 52 87.69
87 53 90.52
87 54 26.91
87 55 69.92
87 56 72.01
87 57 71.85
87 58 18.03
87 59 41.19
87 60 48.88
87 61 114.02
87 62 81.44
87 63 76.24
87 64 29.73
87 65 64.88
87 66 31.32
87 67 34.0
87 68 98.98
87 69 16.49
87 70 97.13
87 71 18.44
87 72 73.54
87 73 93.17
87 74 89.02
87 75 40.01
87 76 52.8
87 77 95.77
87 78 59.41
87 79 71.11
87 80 104.01
87 81 61.39
87 82 41.62
87 83 123.07
87 84 25.55
87 85 69.03
87 86 68.12
87 88 7.21
87 89 34.18
87 90 105.3
87 91 117.03
87 92 50.93
87 93 99.61
87 94 74.0
87 95 122.98
87 96 59.67
87 97 26.63
87 98 76.4
87 99 73.05
87 100 36.4
87 101 88.28
87 102 89.19
87 103 107.69
87 104 100.72
87 105 19.0
87 106 94.34
87 107 51.66
87 108 73.0
87 109 71.31
87 110 99.32
87 111 136.36
87 112 72.01
87 113 17.89
87 114 71.03
87 115 27.66
87 116 116.36
87 117 75.11
87 118 29.15
87 119 75.6
87 120 75.31
87 121 18.03
87 122 94.02
87 123 49.4
87 124 85.87
87 125 68.96
87 126 91.97
87 127 22.56
87 128 68.62
87 129 72.09
87 130 53.46
87 131 82.76
87 132 60.67
87 133 74.33
87 134 19.85
87 135 77.83
87 136 80.53
87 137 32.02
87 138 78.92
87 139 40.79
87 140 26.4
87 141 82.1
87 142 56.44
87 143 42.3
87 144 29.07
87 145 120.43
87 146 113.28
87 147 75.17
87 148 116.81
87 149 76.53
87 150 52.89
87 151 74.33
87 152 86.21
87 153 59.48
87 154 48.17
87 155 24.41
87 156 87.32
87 157 66.1
87 158 60.9
87 159 80.62
87 160 74.46
87 161 75.17
87 162 65.03
87 163 55.32
87 164 98.62
87 165 68.03
87 166 44.38
87 167 99.49
87 168 74.09
87 169 79.25
87 170 113.53
87 171 56.72
87 172 73.93
87 173 50.36
87 174 29.15
87 175 43.08
87 176 18.97
87 177 61.98
87 178 96.25
87 179 96.25
87 180 83.19
87 181 92.11
87 182 68.25
87 183 94.15
87 184 94.3
87 185 73.93
87 186 79.12
87 187 54.13
87 188 44.55
87 189 70.6
87 190 100.44
87 191 15.65
87 192 84.93
87 193 100.3
87 194 59.03
87 195 66.89
87 196 92.11
87 197 76.49
87 198 117.8
87 199 25.0
87 200 89.56
87 201 46.52
88 0 52.84
88 1 45.34
88 2 60.83
88 3 89.44
88 4 56.22
88 5 81.93
88 6 64.29
88 7 103.94
88 8 36.88
88 9 42.2
88 10 98.62
88 11 11.4
88 12 43.74
88 13 28.64
88 14 70.09
88 15 101.87
88 16 83.82
88 17 11.66
88 18 103.77
88 19 110.86
88 20 82.86
88 21 48.38
88 22 94.15
88 23 83.38
88 24 85.44
88 25 101.24
88 26 83.49
88 27 108.71
88 28 61.98
88 29 51.42
88 30 25.24
88 31 95.13
88 32 83.1
88 33 59.08
88 34 52.77
88 35 97.51
88 36 97.49
88 37 44.27
88 38 82.1
88 39 83.74
88 40 83.49
88 41 75.29
88 42 71.78
88 43 90.35
88 44 116.73
88 45 77.1
88 46 80.96
88 47 79.12
88 48 88.19
88 49 68.68
88 50 77.32
88 51 118.41
88 52 94.2
88 53 95.34
88 54 34.06
88 55 76.84
88 56 78.06
88 57 79.06
88 58 16.64
88 59 47.68
88 60 46.23
88 61 121.21
88 62 82.87
88 63 80.0
88 64 35.78
88 65 68.95
88 66 38.28
88 67 40.5
88 68 105.48
88 69 12.81
88 70 104.32
88 71 11.31
88 72 80.62
88 73 96.03
88 74 95.19
88 75 34.37
88 76 52.84
88 77 96.66
88 78 64.33
88 79 75.66
88 80 110.68
88 81 68.15
88 82 48.83
88 83 129.25
88 84 23.35
88 85 75.03
88 86 74.43
88 87 7.21
88 89 41.23
88 90 111.07
88 91 123.99
88 92 57.98
88 93 103.12
88 94 78.59
88 95 129.29
88 96 62.51
88 97 27.51
88 98 83.6
88 99 77.62
88 100 43.46
88 101 93.65
88 102 95.72
88 103 112.81
88 104 101.55
88 105 13.6
88 106 101.39
88 107 58.52
88 108 79.1
88 109 76.3
88 110 105.55
88 111 143.28
88 112 77.41
88 113 15.62
88 114 77.23
88 115 25.94
88 116 122.8
88 117 81.39
88 118 23.02
88 119 82.8
88 120 78.41
88 121 17.69
88 122 94.85
88 123 42.19
88 124 92.18
88 125 73.76
88 126 99.01
88 127 18.36
88 128 73.25
88 129 79.2
88 130 58.46
88 131 89.19
88 132 65.73
88 133 81.54
88 134 19.24
88 135 79.81
88 136 86.77
88 137 25.32
88 138 80.65
88 139 47.54
88 140 33.3
88 141 82.37
88 142 62.97
88 143 48.84
88 144 23.09
88 145 127.2
88 146 116.52
88 147 82.38
88 148 123.42
88 149 80.06
88 150 58.52
88 151 79.08
88 152 93.09
88 153 65.19
88 154 55.32
88 155 25.61
88 156 93.81
88 157 71.45
88 158 68.1
88 159 82.22
88 160 79.43
88 161 82.33
88 162 69.12
88 163 60.73
88 164 99.28
88 165 74.03
88 166 51.48
88 167 106.4
88 168 78.45
88 169 86.28
88 170 115.69
88 171 61.85
88 172 75.58
88 173 56.89
88 174 33.14
88 175 45.12
88 176 15.62
88 177 66.71
88 178 102.42
88 179 102.73
88 180 89.47
88 181 92.59
88 182 75.43
88 183 100.7
88 184 101.02
88 185 74.73
88 186 81.04
88 187 59.48
88 188 51.2
88 189 75.5
88 190 107.2
88 191 13.6
88 192 90.09
88 193 102.2
88 194 66.19
88 195 74.09
88 196 98.74
88 197 77.83
88 198 124.96
88 199 21.1
88 200 94.37
88 201 52.84
89 0 32.31
89 1 73.35
89 2 76.16
89 3 64.03
89 4 28.16
89 5 89.87
89 6 50.57
89 7 75.31
89 8 66.48
89 9 6.71
89 10 106.78
89 11 51.48
89 12 9.43
89 13 64.12
89 14 56.08
89 15 72.57
89 16 44.6
89 17 32.56
89 18 73.98
89 19 113.0
89 20 89.1
89 21 8.06
89 22 53.6
89 23 45.71
89 24 56.57
89 25 109.6
89 26 90.52
89 27 74.73
89 28 47.01
89 29 12.65
89 30 24.52
89 31 55.15
89 32 46.57
89 33 28.32
89 34 69.32
89 35 107.63
89 36 71.25
89 37 4.47
89 38 45.61
89 39 69.26
89 40 43.84
89 41 34.83
89 42 80.16
89 43 64.12
89 44 89.27
89 45 40.8
89 46 87.69
89 47 62.1
89 48 61.2
89 49 53.49
89 50 45.28
89 51 85.09
89 52 55.01
89 53 66.29
89 54 13.42
89 55 35.9
89 56 42.06
89 57 39.62
89 58 47.04
89 59 12.04
89 60 75.13
89 61 82.02
89 62 90.55
89 63 74.43
89 64 27.2
89 65 47.43
89 66 3.61
89 67 24.08
89 68 75.93
89 69 48.66
89 70 63.51
89 71 51.88
89 72 44.72
89 73 94.58
89 74 57.87
89 75 72.84
89 76 70.68
89 77 106.15
89 78 53.24
89 79 65.31
89 80 79.06
89 81 28.02
89 82 12.17
89 83 101.79
89 84 54.01
89 85 39.56
89 86 36.88
89 87 34.18
89 88 41.23
89 90 88.01
89 91 88.68
89 92 25.18
89 93 97.05
89 94 52.35
89 95 100.66
89 96 65.05
89 97 48.05
89 98 44.69
89 99 51.62
89 100 2.24
89 101 61.27
89 102 66.29
89 103 94.89
89 104 111.07
89 105 52.39
89 106 60.17
89 107 18.03
89 108 42.72
89 109 47.63
89 110 78.64
89 111 108.05
89 112 45.79
89 113 48.17
89 114 40.26
89 115 46.87
89 116 93.15
89 117 43.74
89 118 62.82
89 119 44.05
89 120 77.2
89 121 38.95
89 122 104.8
89 123 83.19
89 124 65.28
89 125 46.69
89 126 63.13
89 127 54.45
89 128 47.38
89 129 38.01
89 130 48.02
89 131 61.4
89 132 53.23
89 133 41.73
89 134 47.01
89 135 84.86
89 136 61.03
89 137 66.1
89 138 86.98
89 139 8.94
89 140 18.36
89 141 96.02
89 142 37.22
89 143 12.21
89 144 58.9
89 145 94.02
89 146 111.36
89 147 42.45
89 148 92.03
89 149 76.01
89 150 42.95
89 151 51.74
89 152 59.81
89 153 47.43
89 154 20.4
89 155 36.72
89 156 64.94
89 157 40.8
89 158 27.66
89 159 89.11
89 160 50.61
89 161 44.65
89 162 62.97
89 163 46.52
89 164 109.79
89 165 38.63
89 166 10.3
89 167 72.01
89 168 53.76
89 169 50.99
89 170 117.07
89 171 49.65
89 172 82.81
89 173 18.97
89 174 38.91
89 175 55.57
89 176 50.36
89 177 41.11
89 178 76.32
89 179 73.55
89 180 63.13
89 181 104.48
89 182 37.44
89 183 70.83
89 184 69.26
89 185 86.4
89 186 86.28
89 187 46.07
89 188 13.0
89 189 47.51
89 190 74.67
89 191 46.27
89 192 59.17
89 193 105.89
89 194 25.24
89 195 33.97
89 196 68.15
89 197 86.45
89 198 86.37
89 199 56.22
89 200 80.08
89 201 32.31
90 0 59.44
90 1 103.95
90 2 83.6
90 3 24.02
90 4 60.13
90 5 72.24
90 6 47.41
90 7 19.1
90 8 104.35
90 9 94.02
90 10 78.09
90 11 122.0
90 12 96.08
90 13 112.65
90 14 42.19
90 15 22.02
90 16 62.18
90 17 99.62
90 18 22.63
90 19 68.07
90 20 68.71
90 21 89.27
90 22 70.0
90 23 105.6
90 24 32.76
90 25 79.76
90 26 70.58
90 27 36.06
90 28 49.24
90 29 92.66
90 30 86.68
90 31 99.86
90 32 109.25
90 33 108.85
90 34 84.96
90 35 82.57
90 36 17.72
90 37 90.05
90 38 108.85
90 39 31.11
90 40 64.41
90 41 70.94
90 42 71.69
90 43 24.19
90 44 14.0
90 45 106.98
90 46 69.46
90 47 32.76
90 48 27.29
90 49 42.94
90 50 117.32
90 51 34.48
90 52 104.1
90 53 136.17
90 54 83.02
90 55 86.93
90 56 108.27
90 57 64.47
90 58 102.0
90 59 96.33
90 60 106.07
90 61 64.41
90 62 71.87
90 63 45.79
90 64 75.58
90 65 129.63
90 66 91.05
90 67 72.03
90 68 21.26
90 69 107.78
90 70 74.25
90 71 121.46
90 72 51.62
90 73 53.76
90 74 112.87
90 75 123.0
90 76 87.11
90 77 80.6
90 78 48.55
90 79 41.01
90 80 27.29
90 81 91.09
90 82 76.01
90 83 21.63
90 84 102.93
90 85 108.17
90 86 102.18
90 87 105.3
90 88 111.07
90 89 88.01
90 91 44.38
90 92 63.03
90 93 44.01
90 94 129.4
90 95 24.17
90 96 63.03
90 97 91.59
90 98 60.83
90 99 129.12
90 100 87.01
90 101 127.05
90 102 25.94
90 103 15.23
90 104 82.87
90 105 112.71
90 106 85.91
90 107 88.65
90 108 107.7
90 109 123.37
90 110 13.45
90 111 54.23
90 112 118.27
90 113 104.24
90 114 105.11
90 115 129.84
90 116 23.09
90 117 104.79
90 118 120.22
90 119 60.37
90 120 53.71
90 121 120.07
90 122 81.02
90 123 146.63
90 124 23.54
90 125 124.45
90 126 44.6
90 127 109.77
90 128 126.13
90 129 78.29
90 130 53.71
90 131 27.66
90 132 46.65
90 133 65.74
90 134 99.36
90 135 65.8
90 136 27.02
90 137 125.54
90 138 68.54
90 139 92.27
90 140 80.81
90 141 85.23
90 142 51.24
90 143 95.43
90 144 134.13
90 145 37.05
90 146 51.42
90 147 66.19
90 148 29.02
90 149 48.37
90 150 52.55
90 151 127.78
90 152 37.74
90 153 45.88
90 154 68.07
90 155 121.49
90 156 26.0
90 157 116.48
90 158 72.8
90 159 70.01
90 160 125.23
90 161 56.36
90 162 49.5
90 163 50.57
90 164 84.34
90 165 107.84
90 166 83.38
90 167 37.8
90 168 132.0
90 169 46.96
90 170 68.47
90 171 50.12
90 172 69.77
90 173 95.52
90 174 79.61
90 175 77.47
90 176 106.94
90 177 121.81
90 178 13.42
90 179 21.26
90 180 25.18
90 181 84.9
90 182 60.41
90 183 24.21
90 184 29.73
90 185 78.71
90 186 66.31
90 187 51.89
90 188 93.65
90 189 124.04
90 190 30.81
90 191 104.2
90 192 128.16
90 193 68.26
90 194 76.66
90 195 69.29
90 196 27.2
90 197 72.92
90 198 61.85
90 199 109.08
90 200 25.5
90 201 59.44
91 0 73.11
91 1 132.0
91 2 116.71
91 3 43.97
91 4 67.9
91 5 111.16
91 6 72.01
91 7 30.15
91 8 129.85
91 9 92.57
91 10 120.02
91 11 135.37
91 12 93.52
91 13 135.0
91 14 69.64
91 15 29.61
91 16 46.17
91 17 112.54
91 18 27.46
91 19 111.88
91 20 107.91
91 21 85.91
91 22 45.01
91 23 85.01
91 24 41.68
91 25 122.0
91 26 109.9
91 27 15.81
91 28 71.59
91 29 87.09
91 30 99.04
91 31 73.82
91 32 89.01
91 33 98.72
91 34 115.55
91 35 124.1
91 36 38.47
91 37 88.55
91 38 89.0
91 39 65.92
91 40 47.8
91 41 57.57
91 42 107.94
91 43 42.06
91 44 31.02
91 45 89.14
91 46 108.19
91 47 62.36
91 48 42.15
91 49 68.54
91 50 100.12
91 51 10.05
91 52 78.77
91 53 114.53
91 54 90.43
91 55 69.58
91 56 90.09
91 57 50.92
91 58 120.51
91 59 91.92
91 60 134.24
91 61 23.6
91 62 111.02
91 63 83.02
91 64 89.87
91 65 117.24
91 66 92.28
91 67 84.15
91 68 27.17
91 69 125.26
91 70 42.95
91 71 135.28
91 72 44.1
91 73 96.02
91 74 87.97
91 75 145.6
91 76 117.78
91 77 122.1
91 78 75.24
91 79 74.22
91 80 19.1
91 81 77.67
91 82 77.39
91 83 33.97
91 84 124.02
91 85 91.27
91 86 85.38
91 87 117.03
91 88 123.99
91 89 88.68
91 90 44.38
91 92 66.22
91 93 87.57
91 94 113.16
91 95 29.7
91 96 95.19
91 97 113.0
91 98 45.54
91 99 113.22
91 100 86.83
91 101 104.58
91 102 33.24
91 103 59.48
91 104 125.0
91 105 130.18
91 106 56.29
91 107 80.32
91 108 89.05
91 109 107.23
91 110 34.01
91 111 19.42
91 112 101.12
91 113 122.58
91 114 87.14
91 115 135.48
91 116 23.85
91 117 85.01
91 118 139.6
91 119 45.88
91 120 91.24
91 121 127.03
91 122 122.2
91 123 164.77
91 124 39.85
91 125 109.46
91 126 25.55
91 127 129.07
91 128 111.54
91 129 60.83
91 130 77.83
91 131 40.31
91 132 73.01
91 133 50.0
91 134 118.56
91 135 104.24
91 136 44.94
91 137 144.42
91 138 107.2
91 139 88.64
91 140 90.69
91 141 123.79
91 142 62.48
91 143 90.62
91 144 145.42
91 145 10.82
91 146 95.8
91 147 49.73
91 148 17.2
91 149 85.99
91 150 72.72
91 151 111.11
91 152 31.14
91 153 67.12
91 154 69.63
91 155 125.4
91 156 35.47
91 157 101.6
91 158 63.32
91 159 109.04
91 160 108.07
91 161 44.28
91 162 81.61
91 163 72.95
91 164 126.06
91 165 91.35
91 166 80.06
91 167 17.69
91 168 116.21
91 169 38.01
91 170 112.61
91 171 74.69
91 172 107.08
91 173 86.98
91 174 99.2
91 175 104.24
91 176 125.4
91 177 109.33
91 178 37.01
91 179 29.43
91 180 42.38
91 181 125.48
91 182 51.43
91 183 29.12
91 184 25.5
91 185 115.73
91 186 105.08
91 187 74.3
91 188 88.02
91 189 108.3
91 190 19.31
91 191 121.75
91 192 107.23
91 193 111.11
91 194 67.07
91 195 57.25
91 196 29.15
91 197 110.82
91 198 19.1
91 199 129.32
91 200 66.0
91 201 73.11
92 0 15.81
92 1 75.8
92 2 70.21
92 3 39.01
92 4 6.71
92 5 77.83
92 6 31.89
92 7 50.22
92 8 71.06
92 9 31.0
92 10 93.49
92 11 69.31
92 12 33.06
92 13 73.01
92 14 36.12
92 15 47.54
92 16 28.16
92 17 46.75
92 18 49.04
92 19 96.21
92 20 76.16
92 21 26.48
92 22 40.61
92 23 53.41
92 24 31.4
92 25 96.25
92 26 77.9
92 27 51.31
92 28 28.43
92 29 30.36
92 30 33.6
92 31 56.08
92 32 55.97
92 33 47.54
92 34 65.28
92 35 95.38
92 36 46.1
92 37 27.02
92 38 55.23
92 39 47.51
92 40 28.64
92 41 24.19
92 42 69.46
92 43 39.01
92 44 64.13
92 45 51.62
92 46 75.18
92 47 39.82
92 48 36.06
92 49 33.3
92 50 60.0
92 51 61.4
92 52 58.14
92 53 80.92
92 54 24.21
92 55 36.24
92 56 53.04
92 57 24.33
92 58 56.82
92 59 33.54
92 60 77.93
92 61 64.14
92 62 78.29
92 63 56.59
92 64 26.57
92 65 68.35
92 66 28.44
92 67 20.25
92 68 50.96
92 69 60.75
92 70 50.99
92 71 69.3
92 72 22.67
92 73 77.08
92 74 64.35
92 75 83.19
92 76 67.19
92 77 93.65
92 78 35.61
92 79 46.01
92 80 54.63
92 81 34.66
92 82 13.04
92 83 76.69
92 84 61.85
92 85 51.74
92 86 46.67
92 87 50.93
92 88 57.98
92 89 25.18
92 90 63.03
92 91 66.22
92 93 77.2
92 94 70.33
92 95 75.69
92 96 53.31
92 97 52.2
92 98 27.51
92 99 69.84
92 100 24.02
92 101 73.54
92 102 41.23
92 103 70.83
92 104 98.27
92 105 65.46
92 106 53.08
92 107 28.3
92 108 53.04
92 109 64.66
92 110 53.46
92 111 85.6
92 112 60.8
92 113 58.67
92 114 50.21
92 115 70.26
92 116 68.31
92 117 51.86
92 118 75.47
92 119 26.57
92 120 61.4
92 121 61.29
92 122 92.66
92 123 99.49
92 124 40.11
92 125 64.88
92 126 41.04
92 127 65.37
92 128 66.19
92 129 32.02
92 130 32.25
92 131 36.22
92 132 34.71
92 133 27.29
92 134 55.46
92 135 71.69
92 136 36.01
92 137 79.88
92 138 74.3
92 139 29.43
92 140 24.84
92 141 86.73
92 142 13.89
92 143 32.76
92 144 79.2
92 145 70.33
92 146 91.26
92 147 28.28
92 148 67.62
92 149 58.8
92 150 25.24
92 151 69.12
92 152 35.85
92 153 26.91
92 154 5.1
92 155 60.75
92 156 39.81
92 157 57.45
92 158 19.31
92 159 76.54
92 160 67.12
92 161 25.06
92 162 46.4
92 163 28.6
92 164 97.62
92 165 51.09
92 166 20.88
92 167 48.83
92 168 72.47
92 169 28.32
92 170 99.7
92 171 32.2
92 172 71.11
92 173 34.44
92 174 38.83
92 175 51.09
92 176 61.4
92 177 60.93
92 178 51.16
92 179 48.51
92 180 38.01
92 181 93.47
92 182 18.97
92 183 45.88
92 184 44.78
92 185 76.9
92 186 73.06
92 187 28.84
92 188 31.32
92 189 65.0
92 190 50.54
92 191 57.45
92 192 73.0
92 193 90.27
92 194 21.1
92 195 22.09
92 196 43.32
92 197 75.15
92 198 67.42
92 199 66.19
92 200 57.7
92 201 15.81
93 0 64.88
93 1 78.55
93 2 54.13
93 3 50.54
93 4 71.28
93 5 34.71
93 6 46.53
93 7 58.46
93 8 82.28
93 9 103.75
93 10 35.11
93 11 112.02
93 12 106.44
93 13 93.39
93 14 41.34
93 15 60.17
93 16 90.8
93 17 93.65
93 18 61.85
93 19 24.33
93 20 31.24
93 21 101.71
93 22 102.08
93 23 129.5
93 24 59.68
93 25 36.4
93 26 32.56
93 27 76.4
93 28 50.12
93 29 106.33
93 30 84.17
93 31 128.43
93 32 132.46
93 33 123.82
93 34 59.14
93 35 39.92
93 36 51.55
93 37 100.65
93 38 131.8
93 39 30.41
93 40 92.8
93 41 95.52
93 42 39.36
93 43 52.33
93 44 58.01
93 45 128.55
93 46 32.8
93 47 38.18
93 48 54.59
93 49 44.1
93 50 137.2
93 51 77.52
93 52 131.71
93 53 158.05
93 54 86.73
93 55 111.02
93 56 129.96
93 57 90.91
93 58 89.09
93 59 108.3
93 60 80.23
93 61 105.08
93 62 33.97
93 63 23.54
93 64 74.04
93 65 144.14
93 66 98.9
93 67 74.09
93 68 61.39
93 69 95.13
93 70 109.18
93 71 111.04
93 72 78.6
93 73 12.04
93 74 139.32
93 75 102.2
93 76 60.75
93 77 38.08
93 78 43.86
93 79 31.76
93 80 69.05
93 81 111.52
93 82 87.46
93 83 63.35
93 84 86.7
93 85 128.84
93 86 123.56
93 87 99.61
93 88 103.12
93 89 97.05
93 90 44.01
93 91 87.57
93 92 77.2
93 94 147.28
93 95 66.91
93 96 41.11
93 97 77.1
93 98 89.4
93 99 146.73
93 100 97.06
93 101 150.33
93 102 60.17
93 103 30.81
93 104 39.56
93 105 99.32
93 106 118.43
93 107 105.44
93 108 129.83
93 109 141.74
93 110 53.76
93 111 98.18
93 112 138.0
93 113 91.14
93 114 127.02
93 115 127.14
93 116 67.07
93 117 128.14
93 118 103.58
93 119 88.6
93 120 25.18
93 121 117.24
93 122 38.91
93 123 128.79
93 124 53.71
93 125 141.74
93 126 80.62
93 127 94.64
93 128 142.89
93 129 104.06
93 130 49.4
93 131 56.36
93 132 43.83
93 133 93.24
93 134 86.09
93 135 30.53
93 136 51.97
93 137 108.85
93 138 32.2
93 139 104.32
93 140 82.54
93 141 46.75
93 142 63.41
93 143 107.91
93 144 125.02
93 145 81.01
93 146 14.32
93 147 94.02
93 148 73.0
93 149 23.09
93 150 54.12
93 151 146.17
93 152 71.11
93 153 50.48
93 154 81.84
93 155 121.6
93 156 58.69
93 157 134.53
93 158 94.11
93 159 32.65
93 160 144.27
93 161 84.4
93 162 35.17
93 163 50.54
93 164 41.44
93 165 128.23
93 166 97.1
93 167 77.2
93 168 149.25
93 169 76.85
93 170 25.63
93 171 47.42
93 172 35.85
93 173 111.22
93 174 70.46
93 175 59.21
93 176 93.26
93 177 137.2
93 178 51.2
93 179 59.91
93 180 52.77
93 181 43.42
93 182 85.04
93 183 61.68
93 184 67.36
93 185 43.6
93 186 30.23
93 187 50.99
93 188 107.19
93 189 142.0
93 190 71.06
93 191 92.05
93 192 150.08
93 193 24.52
93 194 97.08
93 195 93.38
93 196 63.57
93 197 37.2
93 198 103.59
93 199 92.91
93 200 23.26
93 201 64.88
94 0 82.8
94 1 120.83
94 2 127.64
94 3 106.28
94 4 76.01
94 5 142.21
94 6 101.02
94 7 112.59
94 8 112.92
94 9 46.1
94 10 159.11
94 11 83.73
94 12 43.28
94 13 106.9
94 14 105.95
94 15 109.44
94 16 69.46
94 17 76.16
94 18 110.02
94 19 164.78
94 20 141.43
94 21 46.1
94 22 68.18
94 23 28.86
94 24 96.77
94 25 161.94
94 26 142.86
94 27 104.24
94 28 97.42
94 29 41.23
94 30 74.33
94 31 43.46
94 32 25.0
94 33 24.04
94 34 120.37
94 35 159.96
94 36 111.68
94 37 48.08
94 38 24.74
94 39 117.83
94 40 67.36
94 41 59.03
94 42 132.46
94 43 105.62
94 44 126.12
94 45 24.02
94 46 140.04
94 47 110.15
94 48 102.46
94 49 103.17
94 50 13.04
94 51 114.07
94 52 38.91
94 53 17.03
94 54 65.3
94 55 44.1
94 56 23.09
94 57 65.92
94 58 91.55
94 59 40.31
94 60 122.25
94 61 96.1
94 62 142.9
94 63 125.6
94 64 79.4
94 65 11.4
94 66 51.86
94 67 76.37
94 68 111.99
94 69 90.44
94 70 72.57
94 71 84.85
94 72 78.1
94 73 146.03
94 74 32.2
94 75 112.81
94 76 121.49
94 77 158.49
94 78 104.2
94 79 115.68
94 80 111.76
94 81 38.33
94 82 60.0
94 83 137.32
94 84 99.16
94 85 22.02
94 86 28.07
94 87 74.0
94 88 78.59
94 89 52.35
94 90 129.4
94 91 113.16
94 92 70.33
94 93 147.28
94 95 134.84
94 96 117.39
94 97 96.65
94 98 70.58
94 99 1.0
94 100 51.62
94 101 19.24
94 102 104.05
94 103 139.65
94 104 163.42
94 105 92.18
94 106 60.73
94 107 42.06
94 108 24.19
94 109 6.08
94 110 117.39
94 111 130.12
94 112 12.04
94 113 91.76
94 114 26.02
94 115 64.07
94 116 126.78
94 117 28.44
94 118 101.2
94 119 70.71
94 120 129.07
94 121 64.38
94 122 157.14
94 123 112.02
94 124 105.95
94 125 5.66
94 126 91.27
94 127 96.46
94 128 5.39
94 129 53.15
94 130 99.49
94 131 101.83
94 132 103.81
94 133 65.49
94 134 92.7
94 135 137.18
94 136 103.46
94 137 102.26
94 138 139.32
94 139 43.86
94 140 70.29
94 141 148.05
94 142 84.22
94 143 40.31
94 144 83.02
94 145 122.0
94 146 161.45
94 147 65.38
94 148 123.26
94 149 127.44
94 150 93.6
94 151 2.24
94 152 93.56
94 153 96.8
94 154 65.51
94 155 56.14
94 156 103.58
94 157 13.0
94 158 56.61
94 159 141.45
94 160 5.39
94 161 74.15
94 162 114.48
94 163 97.2
94 164 162.11
94 165 22.09
94 166 50.22
94 167 101.24
94 168 3.16
94 169 83.55
94 170 168.67
94 171 100.6
94 172 135.15
94 173 36.06
94 174 90.21
94 175 107.2
94 176 92.97
94 177 12.08
94 178 116.21
94 179 110.42
94 180 104.68
94 181 156.73
94 182 69.12
94 183 107.28
94 184 103.41
94 185 138.54
94 186 138.59
94 187 97.01
94 188 40.46
94 189 5.39
94 190 106.68
94 191 89.54
94 192 14.32
94 193 157.95
94 194 52.81
94 195 60.42
94 196 104.14
94 197 138.77
94 198 101.98
94 199 98.98
94 200 127.94
94 201 82.8
95 0 76.48
95 1 126.81
95 2 107.34
95 3 39.96
95 4 74.67
95 5 96.38
95 6 68.12
95 7 25.63
95 8 126.57
95 9 105.91
95 10 101.64
95 11 140.55
95 12 107.52
95 13 134.06
95 14 63.66
95 15 28.16
95 16 65.38
95 17 117.65
95 18 26.68
95 19 90.27
95 20 92.85
95 21 100.13
95 22 68.96
95 23 108.26
95 24 44.6
95 25 103.16
95 26 94.7
95 27 31.05
95 28 69.2
95 29 102.59
95 30 104.2
95 31 99.3
95 32 112.18
95 33 117.02
95 34 108.23
95 35 106.23
95 36 31.91
95 37 101.79
95 38 111.99
95 39 54.41
95 40 67.48
95 41 76.11
95 42 95.77
95 43 38.95
95 44 12.81
95 45 111.16
95 46 93.62
95 47 54.45
95 48 41.15
95 49 63.78
95 50 122.05
95 51 22.83
95 52 104.04
95 53 138.74
95 54 98.43
95 55 90.8
95 56 112.29
95 57 69.12
95 58 122.07
95 59 106.92
95 60 128.97
95 61 53.15
95 62 96.01
95 63 69.84
95 64 93.54
95 65 137.06
95 66 104.05
95 67 89.0
95 68 24.74
95 69 127.58
95 70 69.78
95 71 140.16
95 72 58.08
95 73 77.37
95 74 113.23
95 75 144.59
95 76 110.42
95 77 104.29
95 78 70.04
95 79 64.2
95 80 23.09
95 81 97.13
95 82 88.53
95 83 4.47
95 84 123.85
95 85 112.87
95 86 106.79
95 87 122.98
95 88 129.29
95 89 100.66
95 90 24.17
95 91 29.7
95 92 75.69
95 93 66.91
95 94 134.84
95 96 86.4
95 97 112.45
95 98 64.28
95 99 134.73
95 100 99.25
95 101 129.03
95 102 34.48
95 103 36.22
95 104 106.3
95 105 132.57
95 106 82.86
95 107 97.13
95 108 111.46
95 109 128.76
95 110 23.85
95 111 32.39
95 112 123.04
95 113 124.28
95 114 109.18
95 115 145.5
95 116 8.06
95 117 107.87
95 118 140.8
95 119 64.2
95 120 77.83
95 121 136.12
95 122 104.81
95 123 167.05
95 124 37.12
95 125 130.46
95 126 43.74
95 127 130.21
95 128 132.38
95 129 81.74
95 130 74.52
95 131 40.31
95 132 67.94
95 133 69.35
95 134 119.62
95 135 89.96
95 136 42.54
95 137 146.01
95 138 92.7
95 139 103.1
95 140 97.17
95 141 109.38
95 142 66.71
95 143 105.8
95 144 152.05
95 145 19.21
95 146 72.03
95 147 69.46
95 148 13.04
95 149 72.47
95 150 71.85
95 151 132.97
95 152 42.05
95 153 65.22
95 154 80.28
95 155 136.31
95 156 36.06
95 157 122.41
95 158 80.02
95 159 94.15
95 160 130.12
95 161 61.03
95 162 72.62
95 163 70.6
95 164 107.94
95 165 112.75
95 166 94.05
95 167 33.96
95 168 137.71
95 169 52.01
95 170 90.02
95 171 70.94
95 172 93.91
95 173 104.12
95 174 99.62
95 175 99.7
95 176 127.06
95 177 129.06
95 178 27.2
95 179 27.2
95 180 39.82
95 181 108.81
95 182 67.03
95 183 29.83
95 184 32.06
95 185 102.86
95 186 90.47
95 187 72.01
95 188 103.59
95 189 129.65
95 190 28.16
95 191 123.98
95 192 131.03
95 193 91.41
95 194 84.02
95 195 75.03
95 196 32.56
95 197 97.08
95 198 48.8
95 199 129.81
95 200 49.66
95 201 76.48
96 0 37.58
96 1 41.23
96 2 21.54
96 3 51.26
96 4 46.62
96 5 25.0
96 6 25.0
96 7 66.21
96 8 42.94
96 9 71.45
96 10 41.73
96 11 71.01
96 12 74.28
96 13 53.14
96 14 25.71
96 15 65.92
96 16 77.1
96 17 53.85
96 18 68.15
96 19 49.66
96 20 24.04
96 21 71.59
96 22 90.09
96 23 105.82
96 24 54.92
96 25 44.55
96 26 25.5
96 27 80.08
96 28 27.17
96 29 76.58
96 30 46.53
96 31 109.38
96 32 107.91
96 33 93.35
96 34 21.93
96 35 42.8
96 36 57.7
96 37 69.31
96 38 107.07
96 39 32.02
96 40 78.45
96 41 76.84
96 42 16.16
96 43 53.14
96 44 74.06
96 45 102.9
96 46 22.67
96 47 33.11
96 48 53.16
96 49 27.29
96 50 109.48
96 51 86.16
96 52 111.4
96 53 130.73
96 54 52.5
96 55 89.47
96 56 104.29
96 57 74.95
96 58 48.01
96 59 77.08
96 60 43.28
96 61 104.69
96 62 25.61
96 63 19.7
96 64 38.42
96 65 112.04
96 66 65.86
96 67 41.04
96 68 68.94
96 69 54.04
96 70 99.61
96 71 70.0
96 72 66.27
96 73 33.54
96 74 117.24
96 75 62.65
96 76 24.08
96 77 41.23
96 78 21.02
96 79 22.2
96 80 76.69
96 81 86.61
96 82 58.82
96 83 84.5
96 84 45.71
96 85 102.42
96 86 98.18
96 87 59.67
96 88 62.51
96 89 65.05
96 90 63.03
96 91 95.19
96 92 53.31
96 93 41.11
96 94 117.39
96 95 86.4
96 97 36.01
96 98 75.95
96 99 116.67
96 100 65.8
96 101 124.62
96 102 61.98
96 103 58.25
96 104 46.1
96 105 58.22
96 106 104.79
96 107 78.24
96 108 104.56
96 109 112.54
96 110 64.5
96 111 111.4
96 112 110.11
96 113 50.04
96 114 101.79
96 115 87.32
96 116 82.68
96 117 104.1
96 118 62.82
96 119 74.97
96 120 16.0
96 121 77.62
96 122 40.0
96 123 88.54
96 124 55.36
96 125 111.73
96 126 77.52
96 127 53.6
96 128 112.43
96 129 85.09
96 130 21.59
96 131 55.08
96 132 23.09
96 133 77.88
96 134 45.01
96 135 19.85
96 136 50.29
96 137 68.15
96 138 21.93
96 139 73.59
96 140 47.63
96 141 33.53
96 142 42.95
96 143 77.1
96 144 84.01
96 145 93.04
96 146 54.08
96 147 78.85
96 148 86.35
96 149 18.68
96 150 28.86
96 151 116.73
96 152 67.74
96 153 31.02
96 154 56.36
96 155 82.87
96 156 59.77
96 157 105.55
96 158 72.62
96 159 24.08
96 160 115.43
96 161 71.57
96 162 13.89
96 163 26.31
96 164 45.0
96 165 101.61
96 166 68.6
96 167 79.31
96 168 118.8
96 169 68.0
96 170 54.23
96 171 23.09
96 172 18.03
96 173 82.46
96 174 31.02
96 175 18.11
96 176 52.15
96 177 106.1
96 178 60.9
96 179 66.31
96 180 52.81
96 181 40.31
96 182 68.66
96 183 66.13
96 184 69.92
96 185 23.77
96 186 21.26
96 187 25.5
96 188 77.23
96 189 112.49
96 190 75.89
96 191 51.0
96 192 123.23
96 193 41.68
96 194 74.25
96 195 74.63
96 196 66.1
96 197 21.95
96 198 105.55
96 199 51.97
96 200 39.2
96 201 37.58
97 0 40.31
97 1 25.32
97 2 33.84
97 3 72.92
97 4 47.54
97 5 54.42
97 6 44.41
97 7 88.41
97 8 19.1
97 9 52.5
97 10 71.18
97 11 35.06
97 12 55.03
97 13 22.02
97 14 49.4
97 15 86.98
97 16 80.36
97 17 21.93
97 18 89.11
97 19 83.43
97 20 55.36
97 21 56.09
97 22 92.65
97 23 93.74
97 24 71.7
97 25 73.82
97 26 55.97
97 27 97.2
97 28 43.28
97 29 60.64
97 30 23.54
97 31 102.18
97 32 94.59
97 33 73.93
97 34 25.81
97 35 70.24
97 36 80.81
97 37 52.39
97 38 93.62
97 39 61.74
97 40 80.78
97 41 74.97
97 42 44.27
97 43 74.28
97 44 99.64
97 45 88.77
97 46 53.45
97 47 58.83
97 48 72.84
97 49 48.83
97 50 92.11
97 51 105.76
97 52 102.59
97 53 112.31
97 54 35.23
97 55 82.02
97 56 89.99
97 57 76.4
97 58 12.0
97 59 58.82
97 60 27.17
97 61 115.45
97 62 55.36
97 63 54.74
97 64 25.71
97 65 88.75
97 66 46.84
97 67 32.02
97 68 90.51
97 69 18.03
97 70 103.08
97 71 34.01
97 72 73.41
97 73 69.18
97 74 105.91
97 75 32.65
97 76 26.25
97 77 69.32
97 78 43.05
97 79 52.55
97 80 97.0
97 81 75.54
97 82 49.04
97 83 111.61
97 84 11.4
97 85 87.36
97 86 84.93
97 87 26.63
97 88 27.51
97 89 48.05
97 90 91.59
97 91 113.0
97 92 52.2
97 93 77.1
97 94 96.65
97 95 112.45
97 96 36.01
97 98 79.7
97 99 95.77
97 100 49.82
97 101 108.5
97 102 81.39
97 103 90.62
97 104 74.24
97 105 22.36
97 106 103.7
97 107 65.62
97 108 90.71
97 109 93.04
97 110 88.73
97 111 131.5
97 112 92.48
97 113 14.04
97 114 88.29
97 115 53.31
97 116 106.96
97 117 91.78
97 118 28.65
97 119 78.75
97 120 52.01
97 121 44.29
97 122 67.54
97 123 55.07
97 124 76.38
97 125 91.24
97 126 90.05
97 127 18.38
97 128 91.3
97 129 81.3
97 130 38.01
97 131 74.28
97 132 44.94
97 133 79.31
97 134 9.0
97 135 52.39
97 136 70.72
97 137 34.0
97 138 53.16
97 139 56.75
97 140 31.02
97 141 55.47
97 142 50.77
97 143 59.48
97 144 48.04
97 145 114.02
97 146 90.02
97 147 80.28
97 148 108.89
97 149 54.33
97 150 41.01
97 151 96.6
97 152 82.1
97 153 47.42
97 154 51.97
97 155 51.04
97 156 79.25
97 157 86.93
97 158 68.47
97 159 54.71
97 160 96.18
97 161 76.9
97 162 44.92
97 163 41.87
97 164 72.07
97 165 86.4
97 166 56.22
97 167 95.44
97 168 97.25
97 169 77.83
97 170 88.29
97 171 41.62
97 172 48.08
97 173 66.94
97 174 13.89
97 175 18.03
97 176 16.28
97 177 84.6
97 178 85.28
97 179 87.68
97 180 73.55
97 181 65.51
97 182 71.17
97 183 86.31
97 184 88.09
97 185 47.41
97 186 53.6
97 187 40.46
97 188 60.88
97 189 92.57
97 190 94.49
97 191 15.03
97 192 105.85
97 193 74.73
97 194 68.12
97 195 73.16
97 196 85.04
97 197 50.33
97 198 118.07
97 199 17.49
97 200 71.51
97 201 40.31
98 0 41.19
98 1 102.96
98 2 95.08
98 3 40.36
98 4 32.56
98 5 98.76
98 6 51.42
98 7 42.72
98 8 98.49
98 9 47.71
98 10 112.72
98 11 94.64
98 12 48.37
98 13 100.46
98 14 53.14
98 15 39.56
98 16 1.41
98 17 72.95
98 18 39.85
98 19 111.65
98 20 96.46
98 21 40.82
98 22 14.14
98 23 44.94
98 24 30.41
98 25 115.32
98 26 98.37
98 27 34.06
98 28 48.84
98 29 41.63
98 30 60.42
98 31 39.7
98 32 48.7
98 33 53.6
98 34 91.05
98 35 115.43
98 36 43.57
98 37 43.83
98 38 48.38
98 39 59.36
98 40 3.61
98 41 12.17
98 42 91.78
98 43 39.05
98 44 55.79
98 45 47.07
98 46 95.88
98 47 51.97
98 48 36.12
98 49 50.6
98 50 57.87
98 51 44.28
98 52 43.6
98 53 75.61
98 54 49.65
98 55 26.68
98 56 48.27
98 57 5.39
98 58 84.1
98 59 46.52
98 60 105.12
98 61 37.64
98 62 99.04
98 63 73.41
98 64 54.08
98 65 73.03
98 66 48.27
98 67 47.76
98 68 41.76
98 69 87.71
98 70 24.02
98 71 94.81
98 72 10.82
98 73 92.66
98 74 52.15
98 75 110.57
98 76 93.09
98 77 113.55
98 78 55.54
98 79 62.24
98 80 41.19
98 81 33.02
98 82 34.83
98 83 66.75
98 84 89.32
98 85 48.66
98 86 42.58
98 87 76.4
98 88 83.6
98 89 44.69
98 90 60.83
98 91 45.54
98 92 27.51
98 93 89.4
98 94 70.58
98 95 64.28
98 96 75.95
98 97 79.7
98 99 70.46
98 100 42.64
98 101 66.31
98 102 34.89
98 103 73.24
98 104 117.75
98 105 92.28
98 106 29.55
98 107 34.79
98 108 47.54
98 109 64.5
98 110 47.93
98 111 64.47
98 112 58.86
98 113 85.87
98 114 45.12
98 115 91.4
98 116 56.22
98 117 44.27
98 118 102.47
98 119 1.0
98 120 80.06
98 121 83.63
98 122 112.89
98 123 125.67
98 124 38.6
98 125 66.19
98 126 21.1
98 127 92.57
98 128 68.12
98 129 17.72
98 130 54.45
98 131 34.83
98 132 53.85
98 133 5.1
98 134 82.86
98 135 92.05
98 136 38.18
98 137 106.68
98 138 94.92
98 139 43.42
98 140 51.48
98 141 109.24
98 142 33.14
98 143 45.19
98 144 103.25
98 145 52.77
98 146 102.18
98 147 5.39
98 148 53.01
98 149 76.16
98 150 47.27
98 151 68.73
98 152 23.41
98 153 45.35
98 154 28.65
98 155 81.02
98 156 34.99
98 157 58.14
98 158 17.89
98 159 97.12
98 160 65.92
98 161 5.0
98 162 65.8
98 163 49.65
98 164 117.65
98 165 48.51
98 166 35.23
98 167 31.06
98 168 73.44
98 169 13.89
98 170 114.28
98 171 52.95
98 172 92.65
98 173 41.48
98 174 66.22
98 175 77.23
98 176 88.55
98 177 65.03
98 178 47.41
98 179 40.5
98 180 38.29
98 181 114.56
98 182 8.54
98 183 37.34
98 184 32.98
98 185 99.64
98 186 93.3
98 187 50.49
98 188 42.54
98 189 65.38
98 190 36.12
98 191 84.53
98 192 67.68
98 193 107.33
98 194 21.54
98 195 11.7
98 196 34.18
98 197 96.77
98 198 41.73
98 199 93.52
98 200 66.71
98 201 41.19
99 0 82.2
99 1 119.92
99 2 126.83
99 3 105.95
99 4 75.47
99 5 141.48
99 6 100.44
99 7 112.38
99 8 112.0
99 9 45.34
99 10 158.4
99 11 82.73
99 12 42.52
99 13 105.95
99 14 105.39
99 15 109.24
99 16 69.35
99 17 75.24
99 18 109.84
99 19 164.15
99 20 140.72
99 21 45.45
99 22 68.26
99 23 29.12
99 24 96.46
99 25 161.23
99 26 142.14
99 27 104.17
99 28 96.83
99 29 40.61
99 30 73.5
99 31 43.86
99 32 25.3
99 33 23.35
99 34 119.54
99 35 159.23
99 36 111.4
99 37 47.38
99 38 25.0
99 39 117.34
99 40 67.27
99 41 58.86
99 42 131.71
99 43 105.3
99 44 125.94
99 45 24.08
99 46 139.32
99 47 109.66
99 48 102.14
99 49 102.63
99 50 13.15
99 51 114.04
99 52 39.36
99 53 18.03
99 54 64.54
99 55 44.05
99 56 23.19
99 57 65.76
99 58 90.62
99 59 39.6
99 60 121.33
99 61 96.32
99 62 142.17
99 63 125.0
99 64 78.64
99 65 10.44
99 66 51.09
99 67 75.66
99 68 111.8
99 69 89.49
99 70 72.78
99 71 83.86
99 72 77.88
99 73 145.42
99 74 32.8
99 75 111.83
99 76 120.65
99 77 157.76
99 78 103.6
99 79 115.11
99 80 111.65
99 81 38.08
99 82 59.41
99 83 137.19
99 84 98.23
99 85 22.0
99 86 28.02
99 87 73.05
99 88 77.62
99 89 51.62
99 90 129.12
99 91 113.22
99 92 69.84
99 93 146.73
99 94 1.0
99 95 134.73
99 96 116.67
99 97 95.77
99 98 70.46
99 100 50.93
99 101 20.12
99 102 103.81
99 103 139.28
99 104 162.69
99 105 91.21
99 106 61.03
99 107 41.59
99 108 24.33
99 109 6.0
99 110 117.15
99 111 130.25
99 112 12.17
99 113 90.82
99 114 26.08
99 115 63.07
99 116 126.67
99 117 28.64
99 118 100.22
99 119 70.58
99 120 128.43
99 121 63.39
99 122 156.4
99 123 111.02
99 124 105.65
99 125 5.0
99 126 91.2
99 127 95.51
99 128 4.47
99 129 53.08
99 130 98.86
99 131 101.53
99 132 103.23
99 133 65.38
99 134 91.79
99 135 136.47
99 136 103.12
99 137 101.27
99 138 138.6
99 139 43.19
99 140 69.53
99 141 147.27
99 142 83.73
99 143 39.62
99 144 82.02
99 145 122.0
99 146 160.91
99 147 65.28
99 148 123.2
99 149 126.82
99 150 93.01
99 151 2.83
99 152 93.38
99 153 96.25
99 154 65.0
99 155 55.15
99 156 103.32
99 157 12.65
99 158 56.32
99 159 140.73
99 160 5.83
99 161 73.98
99 162 113.85
99 163 96.61
99 164 161.38
99 165 22.02
99 166 49.65
99 167 101.18
99 168 3.0
99 169 83.36
99 170 168.05
99 171 100.0
99 172 134.42
99 173 35.51
99 174 89.4
99 175 106.4
99 176 92.03
99 177 11.18
99 178 115.95
99 179 110.22
99 180 104.36
99 181 155.97
99 182 68.88
99 183 107.08
99 184 103.25
99 185 137.77
99 186 137.89
99 187 96.4
99 188 39.82
99 189 5.1
99 190 106.57
99 191 88.6
99 192 15.23
99 193 157.29
99 194 52.5
99 195 60.21
99 196 103.94
99 197 138.03
99 198 102.18
99 199 98.03
99 200 127.48
99 201 82.2
100 0 32.2
100 1 75.13
100 2 77.41
100 3 63.0
100 4 27.46
100 5 90.69
100 6 50.54
100 7 73.98
100 8 68.36
100 9 7.07
100 10 107.52
100 11 53.71
100 12 9.49
100 13 66.19
100 14 55.95
100 15 71.2
100 16 42.52
100 17 34.71
100 18 72.57
100 19 113.41
100 20 89.83
100 21 6.32
100 22 51.4
100 23 43.93
100 24 55.33
100 25 110.34
100 26 91.29
100 27 73.01
100 28 46.96
100 29 11.18
100 30 26.31
100 31 53.08
100 32 44.92
100 33 27.59
100 34 70.68
100 35 108.47
100 36 70.11
100 37 3.61
100 38 43.97
100 39 68.95
100 40 41.73
100 41 32.65
100 42 81.06
100 43 63.03
100 44 87.97
100 45 39.22
100 46 88.46
100 47 61.68
100 48 60.07
100 49 53.31
100 50 44.1
100 51 83.38
100 52 53.04
100 53 65.22
100 54 14.87
100 55 33.73
100 56 40.5
100 57 37.54
100 58 49.09
100 59 11.4
100 60 76.94
100 61 79.91
100 62 91.35
100 63 74.63
100 64 28.3
100 65 47.17
100 66 5.66
100 67 24.76
100 68 74.53
100 69 50.8
100 70 61.29
100 71 54.12
100 72 42.95
100 73 94.87
100 74 56.09
100 75 74.97
100 76 72.09
100 77 106.96
100 78 53.34
100 79 65.3
100 80 77.49
100 81 26.0
100 82 11.0
100 83 100.45
100 84 56.0
100 85 38.08
100 86 35.17
100 87 36.4
100 88 43.46
100 89 2.24
100 90 87.01
100 91 86.83
100 92 24.02
100 93 97.06
100 94 51.62
100 95 99.25
100 96 65.8
100 97 49.82
100 98 42.64
100 99 50.93
100 101 59.94
100 102 64.94
100 103 94.2
100 104 111.87
100 105 54.57
100 106 57.94
100 107 16.0
100 108 41.11
100 109 46.75
100 110 77.41
100 111 106.17
100 112 44.65
100 113 50.25
100 114 38.6
100 115 48.83
100 116 91.68
100 117 41.98
100 118 65.0
100 119 42.01
100 120 77.62
100 121 41.04
100 122 105.65
100 123 85.42
100 124 64.12
100 125 45.97
100 126 61.29
100 127 56.57
100 128 46.75
100 129 35.78
100 130 48.26
100 131 60.21
100 132 53.24
100 133 39.6
100 134 49.0
100 135 85.56
100 136 60.0
100 137 68.31
100 138 87.73
100 139 7.81
100 140 19.7
100 141 97.08
100 142 36.5
100 143 11.31
100 144 61.07
100 145 92.31
100 146 111.36
100 147 40.31
100 148 90.44
100 149 76.28
100 150 42.94
100 151 50.93
100 152 58.19
100 153 47.17
100 154 19.1
100 155 38.59
100 156 63.64
100 157 39.82
100 158 25.5
100 159 89.87
100 160 49.68
100 161 42.72
100 162 63.25
100 163 46.53
100 164 110.63
100 165 37.16
100 166 8.06
100 167 70.26
100 168 53.15
100 169 49.24
100 170 117.41
100 171 49.74
100 172 83.63
100 173 17.46
100 174 40.31
100 175 56.82
100 176 52.47
100 177 40.61
100 178 75.17
100 179 72.18
100 180 62.03
100 181 105.42
100 182 35.51
100 183 69.43
100 184 67.72
100 185 87.42
100 186 86.98
100 187 46.14
100 188 11.66
100 189 46.69
100 190 73.05
100 191 48.37
100 192 57.98
100 193 106.4
100 194 23.02
100 195 31.83
100 196 66.71
100 197 87.32
100 198 84.29
100 199 58.31
100 200 79.7
100 201 32.2
101 0 87.97
101 1 133.45
101 2 137.35
101 3 105.31
101 4 79.93
101 5 149.62
101 6 105.38
101 7 109.0
101 8 125.96
101 9 56.08
101 10 166.03
101 11 100.02
101 12 53.49
101 13 121.2
101 14 109.62
101 15 105.85
101 16 65.0
101 17 89.5
101 18 106.04
101 19 169.73
101 20 148.4
101 21 53.71
101 22 60.21
101 23 21.47
101 24 95.38
101 25 168.83
101 26 150.0
101 27 97.98
101 28 101.86
101 29 48.76
101 30 85.23
101 31 31.0
101 32 18.03
101 33 34.93
101 34 130.59
101 35 167.41
101 36 109.57
101 37 56.8
101 38 18.6
101 39 120.1
101 40 62.77
101 41 56.44
101 42 140.35
101 43 104.32
101 44 121.76
101 45 21.93
101 46 147.2
101 47 112.29
101 48 101.21
101 49 106.79
101 50 16.49
101 51 107.08
101 52 26.0
101 53 10.0
101 54 74.69
101 55 40.31
101 56 20.52
101 57 62.61
101 58 105.02
101 59 49.77
101 60 135.06
101 61 85.05
101 62 150.21
101 63 130.12
101 64 88.19
101 65 30.46
101 66 61.85
101 67 84.06
101 68 107.91
101 69 104.74
101 70 62.03
101 71 101.04
101 72 75.59
101 73 150.62
101 74 17.12
101 75 128.0
101 76 131.95
101 77 165.8
101 78 108.98
101 79 119.52
101 80 106.32
101 81 38.9
101 82 65.8
101 83 132.0
101 84 112.54
101 85 22.2
101 86 26.87
101 87 88.28
101 88 93.65
101 89 61.27
101 90 127.05
101 91 104.58
101 92 73.54
101 93 150.33
101 94 19.24
101 95 129.03
101 96 124.62
101 97 108.5
101 98 66.31
101 99 20.12
101 100 59.94
101 102 101.13
101 103 138.8
101 104 170.6
101 105 107.06
101 106 49.01
101 107 46.4
101 108 20.52
101 109 18.25
101 110 114.24
101 111 120.0
101 112 16.28
101 113 105.54
101 114 23.35
101 115 81.88
101 116 121.04
101 117 22.47
101 118 116.62
101 119 66.71
101 120 134.62
101 121 81.02
101 122 164.61
101 123 129.47
101 124 104.24
101 125 21.59
101 126 85.44
101 127 110.82
101 128 23.09
101 129 48.75
101 130 105.0
101 131 100.24
101 132 108.21
101 133 61.33
101 134 105.77
101 135 144.01
101 136 102.73
101 137 118.21
101 138 146.4
101 139 52.33
101 140 79.61
101 141 156.77
101 142 87.05
101 143 49.24
101 144 100.6
101 145 114.27
101 146 164.15
101 147 60.93
101 148 116.71
101 149 132.28
101 150 98.41
101 151 17.46
101 152 89.69
101 153 100.42
101 154 69.35
101 155 73.17
101 156 101.08
101 157 22.2
101 158 56.4
101 159 148.6
101 160 15.52
101 161 70.68
101 162 119.67
101 163 101.91
101 164 169.61
101 165 23.02
101 166 56.04
101 167 95.08
101 168 21.63
101 169 80.11
101 170 173.24
101 171 105.48
101 172 142.64
101 173 42.54
101 174 100.18
101 175 116.76
101 176 107.08
101 177 28.28
101 178 113.64
101 179 106.78
101 180 103.45
101 181 164.76
101 182 67.23
101 183 103.62
101 184 99.02
101 185 147.03
101 186 145.42
101 187 101.98
101 188 48.3
101 189 19.42
101 190 101.24
101 191 103.37
101 192 5.0
101 193 163.6
101 194 53.26
101 195 58.31
101 196 100.46
101 197 146.48
101 198 91.05
101 199 113.16
101 200 129.4
101 201 87.97
102 0 43.01
102 1 99.13
102 2 83.49
102 3 11.05
102 4 40.31
102 5 79.1
102 6 38.95
102 7 9.06
102 8 97.42
102 9 71.7
102 10 89.56
102 11 107.07
102 12 73.44
102 13 103.39
102 14 36.4
102 15 6.32
102 16 36.24
102 17 84.06
102 18 8.06
102 19 84.12
102 20 76.03
102 21 66.19
102 22 44.6
102 23 79.71
102 24 10.3
102 25 91.79
102 26 78.03
102 27 18.25
102 28 38.83
102 29 69.01
102 30 70.49
102 31 74.06
102 32 83.38
102 33 84.38
102 34 82.35
102 35 93.26
102 36 9.22
102 37 67.6
102 38 83.01
102 39 34.01
102 40 38.47
102 41 45.22
102 42 75.13
102 43 9.06
102 44 23.09
102 45 81.27
102 46 76.11
102 47 29.43
102 48 8.94
102 49 35.34
102 50 91.76
102 51 24.7
102 52 78.23
102 53 110.31
102 54 64.08
102 55 61.1
102 56 82.54
102 57 38.63
102 58 89.94
102 59 73.11
102 60 101.36
102 61 45.54
102 62 79.06
102 63 51.01
102 64 60.22
102 65 104.94
102 66 69.63
102 67 55.23
102 68 9.85
102 69 95.13
102 70 50.0
102 71 106.78
102 72 25.96
102 73 66.49
102 74 86.95
102 75 114.02
102 76 84.58
102 77 91.27
102 78 42.05
102 79 41.44
102 80 15.62
102 81 65.73
102 82 54.13
102 83 35.51
102 84 92.66
102 85 82.57
102 86 76.54
102 87 89.19
102 88 95.72
102 89 66.29
102 90 25.94
102 91 33.24
102 92 41.23
102 93 60.17
102 94 104.05
102 95 34.48
102 96 61.98
102 97 81.39
102 98 34.89
102 99 103.81
102 100 64.94
102 101 101.13
102 103 38.95
102 104 94.64
102 105 100.12
102 106 60.81
102 107 64.2
102 108 81.93
102 109 97.98
102 110 13.34
102 111 50.48
102 112 92.72
102 113 92.1
102 114 79.38
102 115 111.07
102 116 27.31
102 117 78.92
102 118 108.98
102 119 34.44
102 120 59.08
102 121 101.77
102 122 91.14
102 123 134.83
102 124 7.0
102 125 99.25
102 126 20.59
102 127 98.35
102 128 101.0
102 129 52.39
102 130 44.94
102 131 7.21
102 132 39.81
102 133 39.81
102 134 87.73
102 135 72.11
102 136 11.7
102 137 114.02
102 138 75.11
102 139 69.18
102 140 63.06
102 141 91.44
102 142 32.76
102 143 72.06
102 144 118.21
102 145 32.65
102 146 71.2
102 147 40.25
102 148 27.8
102 149 54.01
102 150 40.46
102 151 102.36
102 152 12.04
102 153 34.41
102 154 45.89
102 155 101.83
102 156 2.24
102 157 91.22
102 158 47.68
102 159 77.06
102 160 99.72
102 161 30.46
102 162 48.51
102 163 40.22
102 164 95.34
102 165 82.28
102 166 60.13
102 167 18.0
102 168 106.73
102 169 21.02
102 170 85.8
102 171 41.68
102 172 74.55
102 173 71.18
102 174 67.88
102 175 71.34
102 176 94.92
102 177 97.02
102 178 12.53
102 179 7.28
102 180 9.22
102 181 94.01
102 182 34.93
102 183 5.0
102 184 8.06
102 185 83.02
102 186 73.06
102 187 41.62
102 188 70.01
102 189 98.72
102 190 13.93
102 191 91.55
102 192 102.32
102 193 81.79
102 194 51.62
102 195 43.68
102 196 4.12
102 197 78.41
102 198 45.01
102 199 98.29
102 200 37.0
102 201 43.01
103 0 64.01
103 1 99.4
103 2 77.1
103 3 33.54
103 4 66.75
103 5 62.43
103 6 48.66
103 7 33.6
103 8 101.02
103 9 101.27
103 10 65.8
103 11 123.23
103 12 103.58
103 13 110.48
103 14 42.76
103 15 36.24
103 16 74.63
103 17 101.79
103 18 37.2
103 19 54.08
103 20 58.83
103 21 97.29
103 22 83.55
103 23 117.34
103 24 43.42
103 25 67.19
103 26 60.54
103 27 51.11
103 28 51.35
103 29 101.14
103 30 89.68
103 31 112.8
103 32 120.83
103 33 118.0
103 34 79.81
103 35 70.52
103 36 29.83
103 37 97.49
103 38 120.35
103 39 29.12
103 40 76.84
103 41 82.37
103 42 63.78
103 43 34.48
103 44 28.64
103 45 118.07
103 46 59.91
103 47 34.13
103 48 37.59
103 49 44.41
103 50 128.04
103 51 49.65
103 52 116.83
103 53 147.6
103 54 88.01
103 55 98.49
103 56 119.41
103 57 76.32
103 58 101.84
103 59 104.35
103 60 101.4
103 61 79.61
103 62 61.91
103 63 39.05
103 64 78.52
103 65 138.88
103 66 97.62
103 67 76.06
103 68 36.06
103 69 107.84
103 70 88.53
103 71 122.53
103 72 63.29
103 73 41.79
103 74 125.36
103 75 120.44
103 76 81.84
103 77 68.62
103 78 48.51
103 79 38.08
103 80 42.49
103 81 101.64
103 82 83.36
103 83 32.56
103 84 101.64
103 85 119.01
103 86 113.16
103 87 107.69
103 88 112.81
103 89 94.89
103 90 15.23
103 91 59.48
103 92 70.83
103 93 30.81
103 94 139.65
103 95 36.22
103 96 58.25
103 97 90.62
103 98 73.24
103 99 139.28
103 100 94.2
103 101 138.8
103 102 38.95
103 104 70.34
103 105 112.61
103 106 99.72
103 107 98.03
103 108 118.96
103 109 133.7
103 110 28.02
103 111 68.01
103 112 128.95
103 113 104.06
103 114 116.28
103 115 133.63
103 116 37.22
103 117 116.36
103 118 119.1
103 119 72.67
103 120 45.97
103 121 123.69
103 122 69.29
103 123 145.41
103 124 34.67
103 125 134.48
103 126 58.8
103 127 109.0
103 128 136.01
103 129 90.21
103 130 54.34
103 131 38.59
103 132 47.07
103 133 77.94
103 134 99.02
103 135 56.61
103 136 36.25
103 137 124.48
103 138 59.08
103 139 100.22
103 140 85.05
103 141 75.29
103 142 57.71
103 143 103.59
103 144 135.82
103 145 51.62
103 146 36.5
103 147 78.49
103 148 43.57
103 149 41.04
103 150 55.23
103 151 138.16
103 152 50.99
103 153 49.04
103 154 75.93
103 155 126.1
103 156 38.42
103 157 126.65
103 158 83.26
103 159 60.21
103 160 135.77
103 161 68.51
103 162 46.07
103 163 52.47
103 164 72.12
103 165 118.6
103 166 91.68
103 167 52.7
103 168 142.09
103 169 59.41
103 170 54.04
103 171 50.99
103 172 61.22
103 173 104.69
103 174 80.08
103 175 74.71
103 176 106.63
103 177 131.24
103 178 26.91
103 179 35.61
103 180 35.36
103 181 73.54
103 182 71.59
103 183 38.29
103 184 44.05
103 185 70.0
103 186 56.86
103 187 53.6
103 188 102.11
103 189 134.26
103 190 45.79
103 191 104.36
103 192 139.54
103 193 55.32
103 194 86.93
103 195 80.53
103 196 41.04
103 197 63.82
103 198 77.08
103 199 107.94
103 200 19.24
103 201 64.01
104 0 82.93
104 1 62.65
104 2 40.85
104 3 83.86
104 4 91.59
104 5 21.21
104 6 67.08
104 7 95.02
104 8 69.63
104 9 117.39
104 10 5.1
104 11 107.22
104 12 120.22
104 13 81.79
104 14 64.62
104 15 96.13
104 16 119.04
104 17 95.52
104 18 98.08
104 19 20.52
104 20 22.2
104 21 117.69
104 22 131.58
104 23 151.43
104 24 91.22
104 25 3.16
104 26 20.62
104 27 112.29
104 28 70.24
104 29 122.67
104 30 91.05
104 31 153.88
104 32 153.69
104 33 139.39
104 34 48.85
104 35 4.12
104 36 87.14
104 37 115.36
104 38 152.87
104 39 60.83
104 40 120.7
104 41 120.75
104 42 31.24
104 43 85.84
104 44 96.75
104 45 148.81
104 46 23.43
104 47 66.94
104 48 87.3
104 49 67.23
104 50 155.57
104 51 115.02
104 52 156.28
104 53 176.82
104 54 98.29
104 55 134.46
104 56 150.21
104 57 117.78
104 58 85.09
104 59 123.11
104 60 63.39
104 61 140.16
104 62 20.52
104 63 44.64
104 64 84.15
104 65 157.76
104 66 111.72
104 67 87.11
104 68 98.02
104 69 90.25
104 70 140.13
104 71 105.95
104 72 107.22
104 73 29.15
104 74 162.6
104 75 87.46
104 76 49.04
104 77 5.0
104 78 63.06
104 79 55.66
104 80 106.0
104 81 132.31
104 82 104.81
104 83 102.84
104 84 79.71
104 85 148.4
104 86 144.03
104 87 100.72
104 88 101.55
104 89 111.07
104 90 82.87
104 91 125.0
104 92 98.27
104 93 39.56
104 94 163.42
104 95 106.3
104 96 46.1
104 97 74.24
104 98 117.75
104 99 162.69
104 100 111.87
104 101 170.6
104 102 94.64
104 103 70.34
104 105 92.97
104 106 147.26
104 107 124.2
104 108 150.43
104 109 158.62
104 110 91.02
104 111 137.06
104 112 156.2
104 113 86.54
104 114 147.63
104 115 127.48
104 116 105.93
104 117 149.77
104 118 93.17
104 119 116.81
104 120 37.7
104 121 118.53
104 122 6.71
104 123 114.21
104 124 87.69
104 125 157.76
104 126 113.95
104 127 87.28
104 128 158.42
104 129 129.25
104 130 66.04
104 131 89.27
104 132 64.4
104 133 120.54
104 134 82.35
104 135 26.63
104 136 84.34
104 137 97.67
104 138 24.21
104 139 119.67
104 140 93.35
104 141 20.22
104 142 86.31
104 143 123.17
104 144 119.55
104 145 119.42
104 146 40.0
104 147 121.46
104 148 111.54
104 149 41.76
104 150 73.06
104 151 162.79
104 152 103.94
104 153 72.92
104 154 101.79
104 155 125.03
104 156 92.78
104 157 151.64
104 158 117.34
104 159 22.02
104 160 161.52
104 161 112.95
104 162 52.33
104 163 69.84
104 164 3.16
104 165 147.61
104 166 114.63
104 167 112.54
104 168 164.77
104 169 107.28
104 170 24.41
104 171 66.24
104 172 28.28
104 173 128.55
104 174 74.81
104 175 58.25
104 176 87.66
104 177 152.03
104 178 88.0
104 179 96.08
104 180 85.99
104 181 10.0
104 182 111.49
104 183 97.25
104 184 102.49
104 185 26.83
104 186 25.24
104 187 69.46
104 188 123.33
104 189 158.55
104 190 107.17
104 191 88.24
104 192 169.29
104 193 15.23
104 194 119.36
104 195 118.51
104 196 98.51
104 197 24.84
104 198 139.52
104 199 84.77
104 200 59.01
104 201 82.93
105 0 57.31
105 1 33.42
105 2 52.2
105 3 92.66
105 4 62.48
105 5 74.53
105 6 65.3
105 7 107.8
105 8 25.0
105 9 54.33
105 10 90.52
105 11 14.32
105 12 56.14
105 13 15.26
105 14 70.68
105 15 106.04
105 16 92.66
105 17 19.92
105 18 108.07
105 19 104.24
105 20 75.95
105 21 60.02
105 22 103.79
105 23 96.08
105 24 90.03
105 25 93.01
105 26 76.3
105 27 114.56
105 28 63.63
105 29 63.51
105 30 31.91
105 31 107.2
105 32 96.0
105 33 72.34
105 34 44.38
105 35 88.87
105 36 100.69
105 37 55.9
105 38 95.0
105 39 83.57
105 40 92.59
105 41 85.09
105 42 64.78
105 43 93.81
105 44 119.82
105 45 90.0
105 46 73.98
105 47 80.06
105 48 92.01
105 49 69.77
105 50 90.67
105 51 123.79
105 52 106.57
105 53 108.91
105 54 42.95
105 55 88.29
105 56 91.01
105 57 88.12
105 58 10.77
105 59 60.13
105 60 33.97
105 61 129.54
105 62 75.5
105 63 77.1
105 64 40.31
105 65 82.54
105 66 49.82
105 67 46.1
105 68 109.64
105 69 5.0
105 70 114.13
105 71 13.0
105 72 88.01
105 73 91.01
105 74 108.02
105 75 21.02
105 76 43.97
105 77 88.23
105 78 64.47
105 79 74.63
105 80 115.52
105 81 80.06
105 82 58.18
105 83 132.08
105 84 13.34
105 85 88.02
105 86 87.09
105 87 19.0
105 88 13.6
105 89 52.39
105 90 112.71
105 91 130.18
105 92 65.46
105 93 99.32
105 94 92.18
105 95 132.57
105 96 58.22
105 97 22.36
105 98 92.28
105 99 91.21
105 100 54.57
105 101 107.06
105 102 100.12
105 103 112.61
105 104 92.97
105 106 112.27
105 107 70.21
105 108 92.0
105 109 89.82
105 110 108.72
105 111 149.2
105 112 90.8
105 113 8.54
105 114 90.02
105 115 36.8
105 116 126.61
105 117 94.09
105 118 10.44
105 119 91.42
105 120 74.17
105 121 30.23
105 122 86.33
105 123 34.71
105 124 95.8
105 125 87.32
105 126 105.89
105 127 5.83
105 128 86.83
105 129 89.81
105 130 59.03
105 131 93.24
105 132 66.21
105 133 90.79
105 134 13.6
105 135 73.44
105 136 90.21
105 137 14.42
105 138 73.82
105 139 59.54
105 140 40.82
105 141 73.16
105 142 67.9
105 143 61.2
105 144 26.68
105 145 132.38
105 146 112.02
105 147 91.68
105 148 127.91
105 149 76.66
105 150 60.75
105 151 92.65
105 152 99.04
105 153 67.42
105 154 63.63
105 155 38.59
105 156 98.08
105 157 84.85
105 158 78.0
105 159 75.13
105 160 92.96
105 161 90.43
105 162 67.19
105 163 62.27
105 164 90.48
105 165 87.02
105 166 62.36
105 167 112.49
105 168 92.05
105 169 93.24
105 170 109.18
105 171 62.61
105 172 68.73
105 173 69.26
105 174 33.12
105 175 40.11
105 176 6.08
105 177 80.28
105 178 105.39
105 179 106.83
105 180 93.01
105 181 83.57
105 182 83.86
105 183 105.12
105 184 106.15
105 185 66.48
105 186 74.55
105 187 60.9
105 188 63.39
105 189 89.05
105 190 112.49
105 191 8.6
105 192 103.58
105 193 95.35
105 194 76.55
105 195 83.67
105 196 103.48
105 197 70.41
105 198 132.88
105 199 8.6
105 200 93.61
105 201 57.31
106 0 68.47
106 1 128.25
106 2 123.04
106 3 68.41
106 4 59.3
106 5 128.08
106 6 80.65
106 7 66.84
106 8 122.8
106 9 59.94
106 10 142.24
106 11 111.4
106 12 59.17
106 13 122.78
106 14 82.64
106 15 63.89
106 16 28.23
106 17 92.35
106 18 63.41
106 19 141.03
106 20 125.87
106 21 53.23
106 22 16.4
106 23 31.95
106 24 58.82
106 25 144.85
106 26 127.76
106 27 52.35
106 28 77.88
106 29 51.11
106 30 81.79
106 31 18.03
106 32 35.74
106 33 53.91
106 34 118.34
106 35 144.9
106 36 70.01
106 37 57.27
106 38 36.06
106 39 88.68
106 40 26.57
106 41 29.0
106 42 120.78
106 43 66.84
106 44 77.7
106 45 38.01
106 46 125.23
106 47 81.41
106 48 64.2
106 49 80.06
106 50 48.1
106 51 60.17
106 52 23.02
106 53 59.01
106 54 69.86
106 55 25.24
106 56 38.48
106 57 29.83
106 58 105.76
106 59 55.76
106 60 130.31
106 61 36.06
106 62 128.39
106 63 102.96
106 64 78.23
106 65 67.54
106 66 63.16
106 67 72.11
106 68 65.0
106 69 108.24
106 70 13.34
106 71 111.89
106 72 40.25
106 73 122.12
106 74 32.02
106 75 132.19
106 76 120.27
106 77 143.02
106 78 84.77
106 79 91.79
106 80 61.4
106 81 35.0
106 82 54.92
106 83 86.33
106 84 111.99
106 85 40.71
106 86 36.06
106 87 94.34
106 88 101.39
106 89 60.17
106 90 85.91
106 91 56.29
106 92 53.08
106 93 118.43
106 94 60.73
106 95 82.86
106 96 104.79
106 97 103.7
106 98 29.55
106 99 61.03
106 100 57.94
106 101 49.01
106 102 60.81
106 103 99.72
106 104 147.26
106 105 112.27
106 107 43.42
106 108 37.16
106 109 55.36
106 110 72.47
106 111 71.01
106 112 49.04
106 113 107.2
106 114 36.24
106 115 102.2
106 116 75.15
106 117 32.7
106 118 122.71
106 119 30.46
106 120 109.56
106 121 96.57
106 122 142.34
106 123 143.18
106 124 65.95
106 125 58.31
106 126 41.4
106 127 113.76
106 128 60.54
106 129 22.56
106 130 83.2
106 131 62.63
106 132 83.17
106 133 26.93
106 134 105.12
106 135 121.43
106 136 66.61
106 137 126.19
106 138 124.28
106 139 54.59
106 140 73.16
106 141 138.25
106 142 61.85
106 143 54.38
106 144 117.48
106 145 66.48
106 146 130.8
106 147 25.96
106 148 70.01
106 149 105.7
106 150 75.93
106 151 58.52
106 152 48.8
106 153 74.63
106 154 52.04
106 155 91.61
106 156 61.55
106 157 51.43
106 158 35.23
106 159 126.49
106 160 55.36
106 161 34.44
106 162 95.19
106 163 78.59
106 164 147.12
106 165 41.18
106 166 49.98
106 167 49.74
106 168 63.89
106 169 41.62
106 170 143.54
106 171 82.01
106 172 121.84
106 173 47.2
106 174 91.14
106 175 104.17
106 176 109.64
106 177 60.42
106 178 72.92
106 179 64.66
106 180 66.22
106 181 143.89
106 182 36.14
106 183 61.72
106 184 56.22
106 185 128.55
106 186 122.7
106 187 79.31
106 188 51.62
106 189 56.65
106 190 56.6
106 191 105.51
106 192 52.24
106 193 136.85
106 194 35.9
106 195 31.02
106 196 58.8
106 197 125.96
106 198 42.05
106 199 115.21
106 200 95.44
106 201 68.47
107 0 41.73
107 1 90.93
107 2 91.79
107 3 65.0
107 4 34.21
107 5 103.23
107 6 59.55
107 7 73.11
107 8 84.29
107 9 16.55
107 10 119.63
107 11 68.15
107 12 15.81
107 13 82.15
107 14 64.2
107 15 70.06
107 16 34.18
107 17 50.49
107 18 71.01
107 19 123.79
107 20 102.0
107 21 10.2
107 22 39.82
107 23 28.46
107 24 55.9
107 25 122.44
107 26 103.6
107 27 68.25
107 28 55.97
107 29 7.81
107 30 42.19
107 31 37.12
107 32 29.97
107 33 20.22
107 34 85.44
107 35 121.02
107 36 71.02
107 37 14.32
107 38 29.07
107 39 75.8
107 40 32.7
107 41 22.85
107 42 94.03
107 43 64.54
107 44 87.05
107 45 24.7
107 46 100.8
107 47 68.1
107 48 61.39
107 49 61.4
107 50 31.89
107 51 78.64
107 52 37.05
107 53 53.04
107 54 30.41
107 55 18.38
107 56 26.08
107 57 29.41
107 58 65.07
107 59 12.73
107 60 92.78
107 61 69.63
107 62 103.81
107 63 84.29
107 64 42.72
107 65 41.0
107 66 20.4
107 67 38.01
107 68 73.01
107 69 66.61
107 70 48.8
107 71 68.71
107 72 39.05
107 73 104.8
107 74 40.52
107 75 90.8
107 76 86.98
107 77 119.4
107 78 62.97
107 79 74.03
107 80 74.33
107 81 10.0
107 82 19.42
107 83 99.01
107 84 72.0
107 85 24.21
107 86 20.12
107 87 51.66
107 88 58.52
107 89 18.03
107 90 88.65
107 91 80.32
107 92 28.3
107 93 105.44
107 94 42.06
107 95 97.13
107 96 78.24
107 97 65.62
107 98 34.79
107 99 41.59
107 100 16.0
107 101 46.4
107 102 64.2
107 103 98.03
107 104 124.2
107 105 70.21
107 106 43.42
107 108 26.42
107 109 36.36
107 110 77.41
107 111 99.16
107 112 32.65
107 113 66.19
107 114 23.71
107 115 59.46
107 116 89.2
107 117 26.57
107 118 80.6
107 119 34.48
107 120 88.41
107 121 53.25
107 122 118.22
107 123 99.92
107 124 65.12
107 125 36.67
107 126 55.54
107 127 72.44
107 128 38.08
107 129 22.63
107 130 58.73
107 131 61.0
107 132 62.37
107 133 30.46
107 134 65.0
107 135 97.62
107 136 62.1
107 137 83.68
107 138 100.0
107 139 11.18
107 140 34.93
107 141 110.64
107 142 42.19
107 143 11.31
107 144 74.09
107 145 87.32
107 146 119.54
107 147 30.87
107 148 86.83
107 149 86.31
107 150 52.35
107 151 40.82
107 152 55.08
107 153 55.0
107 154 23.6
107 155 48.84
107 156 63.39
107 157 29.15
107 158 17.26
107 159 102.2
107 160 38.83
107 161 36.67
107 162 73.54
107 163 55.9
107 164 123.22
107 165 23.43
107 166 9.85
107 167 65.31
107 168 44.28
107 169 45.18
107 170 127.48
107 171 59.41
107 172 96.26
107 173 7.0
107 174 55.36
107 175 71.31
107 176 68.36
107 177 33.24
107 178 75.8
107 179 71.06
107 180 63.56
107 181 118.43
107 182 30.15
107 183 68.03
107 184 65.07
107 185 100.85
107 186 99.02
107 187 55.87
107 188 8.49
107 189 36.72
107 190 69.46
107 191 64.28
107 192 45.28
107 193 117.41
107 194 13.34
107 195 23.09
107 196 65.01
107 197 100.12
107 198 74.63
107 199 74.24
107 200 85.88
107 201 41.73
108 0 67.62
108 1 115.95
108 2 118.11
108 3 85.42
108 4 59.46
108 5 129.53
108 6 84.9
108 7 90.14
108 8 108.85
108 9 38.47
108 10 145.8
108 11 86.98
108 12 36.22
108 13 105.3
108 14 89.11
108 15 86.98
108 16 46.32
108 17 73.25
108 18 87.36
108 19 149.24
108 20 128.22
108 21 34.79
108 22 44.05
108 23 5.66
108 24 75.58
108 25 148.6
108 26 129.85
108 27 80.62
108 28 81.39
108 29 30.08
108 30 67.19
108 31 21.26
108 32 4.0
108 33 21.19
108 34 111.62
108 35 147.3
108 36 90.08
108 37 38.33
108 38 3.0
108 39 99.64
108 40 44.15
108 41 36.77
108 42 120.42
108 43 84.53
108 44 103.32
108 45 2.0
108 46 127.06
108 47 91.83
108 48 81.39
108 49 86.28
108 50 11.18
108 51 90.27
108 52 17.8
108 53 28.65
108 54 55.97
108 55 20.88
108 56 1.41
108 57 43.32
108 58 88.57
108 59 32.25
108 60 117.69
108 61 72.03
108 62 130.1
108 63 109.62
108 64 68.94
108 65 30.41
108 66 43.93
108 67 64.41
108 68 89.29
108 69 89.09
108 70 48.51
108 71 87.82
108 72 56.08
108 73 130.12
108 74 16.12
108 75 113.0
108 76 113.09
108 77 145.66
108 78 88.53
108 79 99.01
108 80 88.46
108 81 18.38
108 82 45.79
108 83 114.14
108 84 95.89
108 85 4.47
108 86 6.4
108 87 73.0
108 88 79.1
108 89 42.72
108 90 107.7
108 91 89.05
108 92 53.04
108 93 129.83
108 94 24.19
108 95 111.46
108 96 104.56
108 97 90.71
108 98 47.54
108 99 24.33
108 100 41.11
108 101 20.52
108 102 81.93
108 103 118.96
108 104 150.43
108 105 92.0
108 106 37.16
108 107 26.42
108 109 18.44
108 110 95.19
108 111 105.93
108 112 12.17
108 113 89.36
108 114 2.83
108 115 72.24
108 116 103.41
108 117 4.47
108 118 102.04
108 119 47.8
108 120 114.21
108 121 69.12
108 122 144.52
108 123 117.9
108 124 84.58
108 125 21.19
108 126 67.74
108 127 95.13
108 128 23.41
108 129 29.83
108 130 84.65
108 131 80.53
108 132 87.73
108 133 42.45
108 134 88.96
108 135 123.81
108 136 82.76
108 137 104.31
108 138 126.25
108 139 33.96
108 140 60.75
108 141 137.06
108 142 66.53
108 143 31.4
108 144 89.84
108 145 98.05
108 146 143.68
108 147 42.2
108 148 99.61
108 149 111.8
108 150 77.99
108 151 22.09
108 152 70.88
108 153 79.91
108 154 48.92
108 155 62.3
108 156 81.71
108 157 14.42
108 158 36.06
108 159 128.46
108 160 19.03
108 161 51.55
108 162 99.25
108 163 81.47
108 164 149.51
108 165 5.39
108 166 36.24
108 167 77.65
108 168 27.29
108 169 61.03
108 170 152.74
108 171 85.04
108 172 122.59
108 173 23.77
108 174 81.34
108 175 97.58
108 176 91.2
108 177 23.6
108 178 94.34
108 179 87.93
108 180 83.63
108 181 144.8
108 182 47.42
108 183 84.77
108 184 80.52
108 185 127.26
108 186 125.21
108 187 81.57
108 188 29.83
108 189 19.65
108 190 83.36
108 191 87.28
108 192 20.59
108 193 143.18
108 194 32.8
108 195 38.48
108 196 81.61
108 197 126.48
108 198 77.88
108 199 97.25
108 200 109.04
108 201 67.62
109 0 77.47
109 1 117.55
109 2 123.42
109 3 100.3
109 4 70.46
109 5 137.44
109 6 95.6
109 7 106.51
109 8 109.79
109 9 41.62
109 10 154.25
109 11 82.15
109 12 38.83
109 13 104.29
109 14 100.44
109 15 103.37
109 16 63.39
109 17 73.05
109 18 103.94
109 19 159.55
109 20 136.56
109 21 41.01
109 22 62.29
109 23 23.41
109 24 90.76
109 25 157.08
109 26 138.03
109 27 98.18
109 28 92.01
109 29 36.07
109 30 70.33
109 31 38.47
109 32 19.7
109 33 19.42
109 34 116.28
109 35 155.22
109 36 105.65
109 37 43.28
109 38 19.31
109 39 112.16
109 40 61.29
109 41 52.95
109 42 127.78
109 43 99.62
109 44 120.03
109 45 18.11
109 46 135.21
109 47 104.45
109 48 96.46
109 49 97.65
109 50 7.28
109 51 108.04
109 52 34.13
109 53 19.31
109 54 60.8
109 55 38.05
109 56 17.26
109 57 59.84
109 58 88.54
109 59 35.61
109 60 119.04
109 61 90.47
109 62 138.11
109 63 120.25
109 64 74.81
109 65 13.45
109 66 47.43
109 67 71.51
109 68 105.91
109 69 87.8
109 70 66.94
109 71 83.22
109 72 72.03
109 73 140.72
109 74 28.28
109 75 110.64
109 76 117.48
109 77 153.72
109 78 98.86
109 79 110.21
109 80 105.68
109 81 32.28
109 82 54.67
109 83 131.24
109 84 96.14
109 85 16.0
109 86 22.02
109 87 71.31
109 88 76.3
109 89 47.63
109 90 123.37
109 91 107.23
109 92 64.66
109 93 141.74
109 94 6.08
109 95 128.76
109 96 112.54
109 97 93.04
109 98 64.5
109 99 6.0
109 100 46.75
109 101 18.25
109 102 97.98
109 103 133.7
109 104 158.62
109 105 89.82
109 106 55.36
109 107 36.36
109 108 18.44
109 110 111.32
109 111 124.31
109 112 6.32
109 113 88.89
109 114 20.1
109 115 63.64
109 116 120.7
109 117 22.8
109 118 99.14
109 119 64.63
109 120 123.91
109 121 63.01
109 122 152.4
109 123 111.29
109 124 99.93
109 125 3.61
109 126 85.21
109 127 93.86
109 128 5.66
109 129 47.1
109 130 94.26
109 131 95.82
109 132 98.41
109 133 59.41
109 134 89.54
109 135 132.28
109 136 97.5
109 137 100.5
109 138 134.47
109 139 38.95
109 140 65.8
109 141 143.6
109 142 78.55
109 143 35.47
109 144 82.39
109 145 116.0
109 146 155.87
109 147 59.3
109 148 117.21
109 149 122.15
109 150 88.24
109 151 4.47
109 152 87.48
109 153 91.26
109 154 59.91
109 155 55.04
109 156 97.53
109 157 7.21
109 158 50.6
109 159 136.62
109 160 3.16
109 161 68.07
109 162 109.22
109 163 91.83
109 164 157.38
109 165 16.03
109 166 44.82
109 167 95.19
109 168 9.0
109 169 77.47
109 170 163.38
109 171 95.27
109 172 130.38
109 173 30.61
109 174 85.98
109 175 102.9
109 176 90.25
109 177 10.05
109 178 110.16
109 179 104.35
109 180 98.68
109 181 152.12
109 182 63.06
109 183 101.2
109 184 97.32
109 185 134.01
109 186 133.69
109 187 91.68
109 188 35.36
109 189 1.41
109 190 100.6
109 191 86.68
109 192 14.0
109 193 152.84
109 194 46.82
109 195 54.34
109 196 98.06
109 197 134.06
109 198 96.32
109 199 96.3
109 200 122.19
109 201 77.47
110 0 52.8
110 1 104.02
110 2 85.88
110 3 16.12
110 4 51.66
110 5 77.88
110 6 44.55
110 7 5.66
110 8 103.32
110 9 84.29
110 10 86.05
110 11 116.76
110 12 86.15
110 13 110.45
110 14 40.46
110 15 8.6
110 16 49.24
110 17 93.91
110 18 9.22
110 19 78.09
110 20 74.53
110 21 79.03
110 22 56.61
110 23 92.85
110 24 22.09
110 25 88.01
110 26 76.49
110 27 23.26
110 28 45.45
110 29 82.02
110 30 80.53
110 31 86.61
110 32 96.57
110 33 97.62
110 34 85.98
110 35 90.2
110 36 8.06
110 37 80.22
110 38 96.21
110 39 33.24
110 40 51.48
110 41 58.52
110 42 75.61
110 43 15.23
110 44 11.18
110 45 94.56
110 46 74.95
110 47 31.62
110 48 17.72
110 49 40.31
110 50 105.08
110 51 24.0
110 52 90.92
110 53 123.49
110 54 75.29
110 55 74.33
110 56 95.82
110 57 51.87
110 58 98.23
110 59 86.01
110 60 106.21
110 61 52.0
110 62 77.67
110 63 50.0
110 64 69.77
110 65 118.23
110 66 81.88
110 67 65.39
110 68 8.06
110 69 103.73
110 70 60.81
110 71 116.36
110 72 39.29
110 73 62.01
110 74 99.76
110 75 121.02
110 76 88.2
110 77 88.2
110 78 46.75
110 79 42.49
110 80 15.3
110 81 79.08
110 82 66.48
110 83 23.77
110 84 100.12
110 85 95.88
110 86 89.84
110 87 99.32
110 88 105.55
110 89 78.64
110 90 13.45
110 91 34.01
110 92 53.46
110 93 53.76
110 94 117.39
110 95 23.85
110 96 64.5
110 97 88.73
110 98 47.93
110 99 117.15
110 100 77.41
110 101 114.24
110 102 13.34
110 103 28.02
110 104 91.02
110 105 108.72
110 106 72.47
110 107 77.41
110 108 95.19
110 109 111.32
110 111 47.43
110 112 106.04
110 113 100.44
110 114 92.66
110 115 122.41
110 116 18.44
110 117 92.11
110 118 117.0
110 119 47.54
110 120 58.24
110 121 112.89
110 122 88.36
110 123 143.22
110 124 13.6
110 125 112.59
110 126 31.14
110 127 106.4
110 128 114.34
110 129 65.55
110 130 50.93
110 131 17.26
110 132 44.6
110 133 52.92
110 134 95.8
110 135 71.06
110 136 18.79
110 137 122.2
110 138 73.98
110 139 82.02
110 140 73.74
110 141 90.71
110 142 43.32
110 143 85.0
110 144 128.38
110 145 29.12
110 146 62.97
110 147 53.31
110 148 21.93
110 149 52.89
110 150 48.01
110 151 115.69
110 152 24.6
110 153 41.4
110 154 58.31
110 155 113.51
110 156 14.04
110 157 104.56
110 158 61.0
110 159 75.71
110 160 113.05
110 161 43.66
110 162 50.61
110 163 46.86
110 164 92.14
110 165 95.6
110 166 73.01
110 167 24.7
110 168 120.07
110 169 34.18
110 170 79.08
110 171 47.38
110 172 74.33
110 173 84.38
110 174 75.8
110 175 76.58
110 176 103.23
110 177 110.32
110 178 3.61
110 179 7.81
110 180 16.16
110 181 91.79
110 182 48.27
110 183 10.82
110 184 16.28
110 185 83.17
110 186 71.81
110 187 48.27
110 188 83.02
110 189 112.06
110 190 17.89
110 191 100.12
110 192 115.52
110 193 77.1
110 194 64.94
110 195 57.01
110 196 13.89
110 197 77.88
110 198 50.0
110 199 106.04
110 200 32.02
110 201 52.8
111 0 91.97
111 1 149.57
111 2 132.91
111 3 60.42
111 4 87.11
111 5 125.16
111 6 89.36
111 7 45.19
111 8 147.87
111 9 111.83
111 10 132.23
111 11 154.67
111 12 112.7
111 13 153.53
111 14 86.35
111 15 45.65
111 16 65.0
111 17 131.8
111 18 43.42
111 19 122.02
111 20 121.75
111 21 105.1
111 22 62.17
111 23 101.49
111 24 59.82
111 25 133.96
111 26 123.69
111 27 34.66
111 28 89.31
111 29 106.1
111 30 118.26
111 31 89.0
111 32 105.48
111 33 117.05
111 34 132.41
111 35 136.62
111 36 53.71
111 37 107.82
111 38 105.57
111 39 80.65
111 40 66.48
111 41 76.32
111 42 123.03
111 43 58.67
111 44 40.31
111 45 106.21
111 46 122.26
111 47 78.29
111 48 59.36
111 49 85.59
111 50 117.1
111 51 25.81
111 52 94.0
111 53 130.0
111 54 109.81
111 55 87.32
111 56 107.06
111 57 69.86
111 58 139.39
111 59 110.98
111 60 151.79
111 61 35.13
111 62 124.91
111 63 97.42
111 64 108.89
111 65 134.94
111 66 111.65
111 67 103.28
111 68 42.49
111 69 144.26
111 70 58.03
111 71 154.56
111 72 63.51
111 73 107.91
111 74 103.02
111 75 164.15
111 76 134.65
111 77 134.65
111 78 92.28
111 79 89.69
111 80 34.99
111 81 95.88
111 82 96.8
111 83 36.67
111 84 142.64
111 85 108.5
111 86 102.77
111 87 136.36
111 88 143.28
111 89 108.05
111 90 54.23
111 91 19.42
111 92 85.6
111 93 98.18
111 94 130.12
111 95 32.39
111 96 111.4
111 97 131.5
111 98 64.47
111 99 130.25
111 100 106.17
111 101 120.0
111 102 50.48
111 103 68.01
111 104 137.06
111 105 149.2
111 106 71.01
111 107 99.16
111 108 105.93
111 109 124.31
111 110 47.43
111 112 118.09
111 113 141.48
111 114 104.24
111 115 154.87
111 116 31.14
111 117 101.71
111 118 158.49
111 119 64.88
111 120 105.65
111 121 146.44
111 122 134.97
111 123 183.85
111 124 56.44
111 125 126.75
111 126 44.94
111 127 147.92
111 128 128.89
111 129 78.85
111 130 95.41
111 131 57.69
111 132 90.05
111 133 68.71
111 134 137.36
111 135 118.41
111 136 61.91
111 137 163.38
111 138 121.3
111 139 107.79
111 140 109.99
111 141 138.05
111 142 81.34
111 143 109.66
111 144 164.81
111 145 18.38
111 146 104.24
111 147 68.35
111 148 25.71
111 149 100.28
111 150 90.8
111 151 128.0
111 152 50.25
111 153 84.88
111 154 89.05
111 155 144.75
111 156 52.7
111 157 119.05
111 158 82.35
111 159 122.97
111 160 124.9
111 161 63.53
111 162 97.58
111 163 90.7
111 164 138.45
111 165 108.67
111 166 99.3
111 167 36.88
111 168 133.22
111 169 57.43
111 170 122.04
111 171 92.11
111 172 121.76
111 173 105.69
111 174 117.8
111 175 121.79
111 176 144.31
111 177 127.12
111 178 50.92
111 179 45.18
111 180 59.17
111 181 138.65
111 182 70.71
111 183 45.79
111 184 43.42
111 185 130.6
111 186 119.1
111 187 92.09
111 188 107.02
111 189 125.45
111 190 37.01
111 191 140.73
111 192 123.07
111 193 122.49
111 194 86.01
111 195 76.16
111 196 46.62
111 197 125.28
111 198 29.15
111 199 148.07
111 200 78.64
111 201 91.97
112 0 74.28
112 1 117.32
112 2 121.94
112 3 95.46
112 4 66.84
112 5 135.09
112 6 92.2
112 7 101.14
112 8 109.77
112 9 40.25
112 10 151.74
112 11 84.01
112 12 37.58
112 13 104.92
112 14 96.83
112 15 97.98
112 16 57.71
112 17 73.25
112 18 98.49
112 19 156.4
112 20 134.06
112 21 38.6
112 22 56.14
112 23 17.09
112 24 85.8
112 25 154.56
112 26 135.59
112 27 92.35
112 28 88.62
112 29 33.6
112 30 69.35
112 31 32.25
112 32 13.42
112 33 18.68
112 34 115.0
112 35 152.9
112 36 100.57
112 37 41.34
112 38 13.0
112 39 108.17
112 40 55.58
112 41 47.54
112 42 125.6
112 43 94.7
112 44 114.54
112 45 12.0
112 46 132.77
112 47 100.4
112 48 91.55
112 49 94.02
112 50 1.0
112 51 102.12
112 52 28.02
112 53 20.62
112 54 59.17
112 55 32.25
112 56 11.05
112 57 54.34
112 58 88.77
112 59 34.0
112 60 118.9
112 61 84.17
112 62 135.72
112 63 116.93
112 64 72.95
112 65 19.21
112 66 46.07
112 67 69.2
112 68 100.44
112 69 88.46
112 70 60.64
112 71 85.0
112 72 66.76
112 73 137.44
112 74 22.8
112 75 111.76
112 76 116.3
112 77 151.34
112 78 95.59
112 79 106.67
112 80 99.98
112 81 27.31
112 82 51.62
112 83 125.6
112 84 96.3
112 85 10.2
112 86 16.28
112 87 72.01
112 88 77.41
112 89 45.79
112 90 118.27
112 91 101.12
112 92 60.8
112 93 138.0
112 94 12.04
112 95 123.04
112 96 110.11
112 97 92.48
112 98 58.86
112 99 12.17
112 100 44.65
112 101 16.28
112 102 92.72
112 103 128.95
112 104 156.2
112 105 90.8
112 106 49.04
112 107 32.65
112 108 12.17
112 109 6.32
112 110 106.04
112 111 118.09
112 113 89.27
112 114 14.0
112 115 66.71
112 116 114.98
112 117 16.49
112 118 100.4
112 119 59.03
112 120 120.92
112 121 65.19
112 122 150.08
112 123 113.86
112 124 94.92
112 125 9.43
112 126 79.4
112 127 94.54
112 128 11.66
112 129 41.3
112 130 91.22
112 131 90.82
112 132 95.02
112 133 53.76
112 134 89.56
112 135 129.73
112 136 92.7
112 137 102.08
112 138 132.01
112 139 36.89
112 140 64.14
112 141 141.74
112 142 74.63
112 143 33.62
112 144 85.16
112 145 110.0
112 146 152.05
112 147 53.6
112 148 111.36
112 149 118.93
112 150 84.96
112 151 10.0
112 152 82.0
112 153 87.62
112 154 56.22
112 155 57.56
112 156 92.35
112 157 6.0
112 158 45.69
112 159 134.18
112 160 7.07
112 161 62.59
112 162 106.1
112 163 88.53
112 164 155.08
112 165 10.44
112 166 41.73
112 167 89.36
112 168 15.13
112 169 72.03
112 170 160.11
112 171 92.02
112 172 128.06
112 173 27.66
112 174 84.6
112 175 101.36
112 176 90.8
112 177 13.89
112 178 105.0
112 179 98.95
112 180 93.78
112 181 150.0
112 182 57.87
112 183 95.8
112 184 91.78
112 185 132.06
112 186 131.14
112 187 88.46
112 188 33.02
112 189 7.62
112 190 94.89
112 191 87.1
112 192 13.42
112 193 149.91
112 194 42.05
112 195 49.04
112 196 92.65
112 197 131.82
112 198 90.03
112 199 96.88
112 200 117.99
112 201 74.28
113 0 49.52
113 1 30.0
113 2 45.69
113 3 84.4
113 4 55.22
113 5 67.45
113 6 56.82
113 7 99.64
113 8 21.63
113 9 51.04
113 10 83.82
113 11 21.21
113 12 53.15
113 13 16.0
113 14 62.17
113 15 97.95
113 16 86.33
113 17 16.12
113 18 100.0
113 19 96.88
113 20 68.66
113 21 56.08
113 22 97.86
113 23 93.09
113 24 82.07
113 25 86.38
113 26 69.12
113 27 106.89
113 28 55.23
113 29 60.0
113 30 25.63
113 31 103.31
113 32 93.34
113 33 70.61
113 34 37.7
113 35 82.46
113 36 92.42
113 37 52.04
113 38 92.35
113 39 75.03
113 40 86.41
113 41 79.38
113 42 57.49
113 43 85.6
113 44 111.5
113 45 87.37
113 46 66.71
113 47 71.55
113 48 83.87
113 49 61.29
113 50 89.05
113 51 115.97
113 52 103.04
113 53 108.16
113 54 37.36
113 55 83.86
113 56 88.46
113 57 81.94
113 58 2.24
113 59 57.14
113 60 31.06
113 61 122.8
113 62 68.41
113 63 68.73
113 64 32.8
113 65 82.76
113 66 46.01
113 67 38.83
113 68 101.53
113 69 4.0
113 70 108.27
113 71 20.1
113 72 80.99
113 73 83.1
113 74 105.17
113 75 25.0
113 76 37.58
113 77 81.71
113 78 55.95
113 79 66.1
113 80 107.56
113 81 76.16
113 82 52.5
113 83 123.71
113 84 7.81
113 85 85.59
113 86 84.1
113 87 17.89
113 88 15.62
113 89 48.17
113 90 104.24
113 91 122.58
113 92 58.67
113 93 91.14
113 94 91.76
113 95 124.28
113 96 50.04
113 97 14.04
113 98 85.87
113 99 90.82
113 100 50.25
113 101 105.54
113 102 92.1
113 103 104.06
113 104 86.54
113 105 8.54
113 106 107.2
113 107 66.19
113 108 89.36
113 109 88.89
113 110 100.44
113 111 141.48
113 112 89.27
113 114 87.21
113 115 41.34
113 116 118.41
113 117 91.09
113 118 17.03
113 119 84.97
113 120 66.03
113 121 33.3
113 122 79.85
113 123 42.8
113 124 87.62
113 125 86.65
113 126 98.6
113 127 6.71
113 128 86.38
113 129 84.65
113 130 50.54
113 131 85.15
113 132 57.7
113 133 84.69
113 134 5.1
113 135 65.92
113 136 82.01
113 137 21.93
113 138 66.49
113 139 56.0
113 140 34.54
113 141 67.08
113 142 60.14
113 143 58.08
113 144 34.13
113 145 124.48
113 146 104.0
113 147 85.62
113 148 119.85
113 149 68.36
113 150 52.43
113 151 92.03
113 152 91.44
113 153 59.08
113 154 57.27
113 155 41.04
113 156 90.03
113 157 83.43
113 158 72.42
113 159 67.91
113 160 92.05
113 161 83.73
113 162 58.69
113 163 53.85
113 164 84.17
113 165 84.59
113 166 57.71
113 167 104.89
113 168 91.92
113 169 86.02
113 170 101.79
113 171 54.12
113 172 61.39
113 173 66.03
113 174 24.7
113 175 32.0
113 176 2.83
113 177 79.71
113 178 97.08
113 179 98.72
113 180 84.81
113 181 77.39
113 182 77.37
113 183 97.08
113 184 98.29
113 185 59.81
113 186 67.08
113 187 52.48
113 188 60.01
113 189 88.23
113 190 104.65
113 191 2.24
113 192 102.36
113 193 88.07
113 194 71.31
113 195 77.83
113 196 95.52
113 197 63.32
113 198 125.94
113 199 8.06
113 200 85.07
113 201 49.52
114 0 64.82
114 1 113.56
114 2 115.45
114 3 82.73
114 4 56.64
114 5 126.75
114 6 82.07
114 7 87.64
114 8 106.53
114 9 36.22
114 10 143.0
114 11 85.33
114 12 34.06
114 13 103.17
114 14 86.28
114 15 84.48
114 16 43.93
114 17 71.11
114 18 84.9
114 19 146.41
114 20 125.43
114 21 32.28
114 22 42.19
114 23 6.32
114 24 72.92
114 25 145.8
114 26 127.06
114 27 78.41
114 28 78.57
114 29 27.66
114 30 64.76
114 31 21.26
114 32 6.32
114 33 20.12
114 34 109.0
114 35 144.52
114 36 87.46
114 37 35.9
114 38 5.39
114 39 96.83
114 40 41.77
114 41 34.18
114 42 117.66
114 43 81.86
114 44 100.9
114 45 2.0
114 46 124.28
114 47 89.02
114 48 78.72
114 49 83.45
114 50 13.0
114 51 88.14
114 52 18.36
114 53 31.38
114 54 53.45
114 55 18.44
114 56 3.16
114 57 40.8
114 58 86.37
114 59 30.07
114 60 115.32
114 61 70.6
114 62 127.31
114 63 106.79
114 64 66.31
114 65 31.38
114 66 41.59
114 67 61.72
114 68 86.83
114 69 87.02
114 70 47.13
114 71 86.15
114 72 53.49
114 73 127.29
114 74 18.0
114 75 111.0
114 76 110.49
114 77 142.87
114 78 85.7
114 79 96.18
114 80 86.15
114 81 15.56
114 82 43.05
114 83 111.8
114 84 93.65
114 85 4.47
114 86 3.61
114 87 71.03
114 88 77.23
114 89 40.26
114 90 105.11
114 91 87.14
114 92 50.21
114 93 127.02
114 94 26.02
114 95 109.18
114 96 101.79
114 97 88.29
114 98 45.12
114 99 26.08
114 100 38.6
114 101 23.35
114 102 79.38
114 103 116.28
114 104 147.63
114 105 90.02
114 106 36.24
114 107 23.71
114 108 2.83
114 109 20.1
114 110 92.66
114 111 104.24
114 112 14.0
114 113 87.21
114 115 71.18
114 116 101.12
114 117 4.47
114 118 100.12
114 119 45.35
114 120 111.4
114 121 67.72
114 122 141.74
114 123 116.42
114 124 81.94
114 125 22.56
114 126 65.49
114 127 93.05
114 128 24.74
114 129 27.46
114 130 81.84
114 131 77.88
114 132 84.9
114 133 40.02
114 134 86.7
114 135 121.02
114 136 80.06
114 137 102.49
114 138 123.46
114 139 31.58
114 140 58.19
114 141 134.33
114 142 63.7
114 143 29.15
114 144 88.54
114 145 96.01
114 146 140.87
114 147 39.81
114 148 97.42
114 149 108.98
114 150 75.17
114 151 24.0
114 152 68.41
114 153 77.08
114 154 46.1
114 155 61.1
114 156 79.12
114 157 15.23
114 158 33.29
114 159 125.67
114 160 21.02
114 161 49.04
114 162 96.43
114 163 78.64
114 164 146.73
114 165 5.0
114 166 33.54
114 167 75.43
114 168 29.07
114 169 58.52
114 170 149.91
114 171 82.22
114 172 119.82
114 173 21.38
114 174 78.77
114 175 94.94
114 176 89.09
114 177 24.19
114 178 91.76
114 179 85.44
114 180 80.96
114 181 142.04
114 182 44.78
114 183 82.28
114 184 78.1
114 185 124.53
114 186 122.41
114 187 78.75
114 188 27.46
114 189 21.21
114 190 81.05
114 191 85.15
114 192 23.32
114 193 140.36
114 194 30.0
114 195 35.85
114 196 79.12
114 197 123.71
114 198 76.4
114 199 95.13
114 200 106.25
114 201 64.82
115 0 70.41
115 1 70.18
115 2 86.77
115 3 106.74
115 4 70.84
115 5 107.7
115 6 85.15
115 7 119.87
115 8 61.72
115 9 43.93
115 10 124.48
115 11 23.6
115 12 43.84
115 13 51.66
115 14 91.14
115 15 117.39
115 16 91.21
115 17 33.54
115 18 119.04
115 19 136.31
115 20 108.5
115 21 50.99
115 22 99.01
115 23 77.47
115 24 100.9
115 25 127.12
115 26 109.2
115 27 121.24
115 28 82.3
115 29 51.66
115 30 44.05
115 31 91.71
115 32 75.96
115 33 51.08
115 34 78.71
115 35 123.44
115 36 114.56
115 37 47.63
115 38 75.03
115 39 105.12
115 40 90.27
115 41 80.81
115 42 97.5
115 43 107.28
115 44 133.45
115 45 70.38
115 46 106.63
115 47 99.5
115 48 104.69
115 49 89.27
115 50 66.94
115 51 131.49
115 52 89.47
115 53 81.02
115 54 47.13
115 55 77.01
115 56 70.94
115 57 86.21
115 58 42.54
115 59 46.75
115 60 70.77
115 61 128.32
115 62 108.63
115 63 103.7
115 64 55.15
115 65 53.0
115 66 43.27
115 67 57.87
115 68 120.9
115 69 38.01
115 70 108.25
115 71 25.0
115 72 91.42
115 73 120.83
115 74 87.92
115 75 53.85
115 76 78.77
115 77 122.58
115 78 86.01
115 79 98.02
115 80 124.89
115 81 67.2
115 82 58.18
115 83 146.1
115 84 48.83
115 85 67.78
115 86 69.32
115 87 27.66
115 88 25.94
115 89 46.87
115 90 129.84
115 91 135.48
115 92 70.26
115 93 127.14
115 94 64.07
115 95 145.5
115 96 87.32
115 97 53.31
115 98 91.4
115 99 63.07
115 100 48.83
115 101 81.88
115 102 111.07
115 103 133.63
115 104 127.48
115 105 36.8
115 106 102.2
115 107 59.46
115 108 72.24
115 109 63.64
115 110 122.41
115 111 154.87
115 112 66.71
115 113 41.34
115 114 71.18
115 116 138.35
115 117 75.64
115 118 42.44
115 119 90.8
115 120 102.96
115 121 10.0
115 122 120.77
115 123 48.01
115 124 108.81
115 125 60.41
115 126 109.93
115 127 42.52
115 128 59.21
115 129 82.07
115 130 80.01
115 131 105.3
115 132 87.05
115 133 88.09
115 134 45.18
115 135 105.3
115 136 103.85
115 137 41.59
115 138 106.28
115 139 48.8
115 140 49.03
115 141 108.3
115 142 79.12
115 143 48.17
115 144 19.03
115 145 140.43
115 146 140.89
115 147 88.73
115 148 137.88
115 149 104.09
115 150 78.41
115 151 65.19
115 152 105.99
115 153 84.72
115 154 66.19
115 155 10.63
115 156 109.44
115 157 60.88
115 158 73.88
115 159 107.91
115 160 66.48
115 161 91.53
115 162 92.35
115 163 81.22
115 164 125.22
115 165 66.85
115 166 56.22
115 167 118.6
115 168 63.0
115 169 97.62
115 170 141.09
115 171 83.05
115 172 101.24
115 173 55.0
115 174 56.72
115 175 70.52
115 176 40.8
115 177 53.6
115 178 119.64
115 179 118.33
115 180 106.32
115 181 118.53
115 182 84.31
115 183 115.88
115 184 115.04
115 185 100.65
115 186 106.57
115 187 80.16
115 188 50.99
115 189 62.51
115 190 120.77
115 191 39.45
115 192 77.52
115 193 127.76
115 194 70.84
115 195 80.28
115 196 113.46
115 197 103.62
115 198 132.91
115 199 45.34
115 200 116.07
115 201 70.41
116 0 69.97
116 1 122.44
116 2 103.94
116 3 34.06
116 4 67.62
116 5 94.56
116 6 62.94
116 7 18.87
116 8 121.75
116 9 98.27
116 10 101.12
116 11 134.11
116 12 99.82
116 13 128.76
116 14 58.9
116 15 21.02
116 16 57.31
116 17 111.14
116 18 19.31
116 19 91.01
116 20 91.09
116 21 92.4
116 22 61.03
116 23 100.22
116 24 37.58
116 25 102.83
116 26 93.01
116 27 23.09
116 28 63.7
116 29 94.76
116 30 97.62
116 31 91.42
116 32 104.14
116 33 109.04
116 34 104.29
116 35 105.55
116 36 26.17
116 37 94.15
116 38 103.94
116 39 51.0
116 40 59.41
116 41 68.07
116 42 93.11
116 43 32.8
116 44 9.22
116 45 103.1
116 46 91.71
116 47 50.0
116 48 34.67
116 49 58.73
116 50 113.99
116 51 15.62
116 52 96.14
116 53 130.73
116 54 91.39
116 55 82.73
116 56 104.24
116 57 61.07
116 58 116.21
116 59 99.14
116 60 124.63
116 61 46.69
116 62 94.25
116 63 67.23
116 64 87.13
116 65 129.03
116 66 96.57
116 67 82.37
116 68 17.46
116 69 121.61
116 70 62.18
116 71 133.78
116 72 50.16
116 73 76.79
116 74 105.3
116 75 139.34
116 76 106.51
116 77 103.58
116 78 65.19
116 79 60.54
116 80 15.03
116 81 89.09
116 82 81.04
116 83 11.18
116 84 118.34
116 85 104.81
116 86 98.73
116 87 116.36
116 88 122.8
116 89 93.15
116 90 23.09
116 91 23.85
116 92 68.31
116 93 67.07
116 94 126.78
116 95 8.06
116 96 82.68
116 97 106.96
116 98 56.22
116 99 126.67
116 100 91.68
116 101 121.04
116 102 27.31
116 103 37.22
116 104 105.93
116 105 126.61
116 106 75.15
116 107 89.2
116 108 103.41
116 109 120.7
116 110 18.44
116 111 31.14
116 112 114.98
116 113 118.41
116 114 101.12
116 115 138.35
116 117 99.82
116 118 135.09
116 119 56.14
116 120 75.39
116 121 129.08
116 122 103.94
116 123 161.21
116 124 30.81
116 125 122.41
116 126 35.69
116 127 124.47
116 128 124.33
116 129 73.68
116 130 69.3
116 131 33.62
116 132 63.03
116 133 61.29
116 134 113.85
116 135 87.92
116 136 36.4
116 137 140.25
116 138 90.76
116 139 95.35
116 140 90.34
116 141 107.52
116 142 59.94
116 143 98.01
116 144 145.41
116 145 14.56
116 146 73.68
116 147 61.4
116 148 6.71
116 149 70.01
116 150 66.07
116 151 124.9
116 152 34.13
116 153 59.55
116 154 72.8
116 155 129.03
116 156 29.07
116 157 114.35
116 158 72.06
116 159 92.35
116 160 122.05
116 161 53.01
116 162 68.8
116 163 65.12
116 164 107.35
116 165 104.69
116 166 86.31
116 167 25.96
116 168 129.65
116 169 44.05
116 170 91.2
116 171 65.76
116 172 91.55
116 173 96.19
116 174 93.86
116 175 95.02
116 176 121.21
116 177 121.04
116 178 22.02
116 179 20.12
116 180 33.6
116 181 107.71
116 182 59.08
116 183 22.47
116 184 24.19
116 185 100.46
116 186 88.54
116 187 66.53
116 188 95.75
116 189 121.59
116 190 20.1
116 191 118.0
116 192 123.0
116 193 91.35
116 194 76.06
116 195 67.01
116 196 25.0
116 197 94.92
116 198 42.8
116 199 124.2
116 200 47.8
116 201 69.97
117 0 66.85
117 1 117.09
117 2 118.31
117 3 82.86
117 4 58.41
117 5 129.0
117 6 83.74
117 7 86.98
117 8 110.17
117 9 40.05
117 10 145.09
117 11 89.63
117 12 38.0
117 13 107.07
117 14 87.73
117 15 83.82
117 16 43.01
117 17 75.03
117 18 84.12
117 19 147.99
117 20 127.58
117 21 35.69
117 22 40.0
117 23 2.0
117 24 72.95
117 25 147.87
117 26 129.25
117 27 76.94
117 28 80.28
117 29 31.26
117 30 68.25
117 31 16.97
117 32 4.47
117 33 24.6
117 34 112.01
117 35 146.73
117 36 87.24
117 37 39.46
117 38 4.12
117 39 97.84
117 40 40.8
117 41 34.0
117 42 120.07
117 43 81.88
117 44 100.0
117 45 5.66
117 46 126.48
117 47 90.03
117 48 78.77
117 49 84.9
117 50 15.52
117 51 86.47
117 52 13.89
117 53 31.38
117 54 56.75
117 55 17.89
117 56 5.83
117 57 40.31
117 58 90.2
117 59 34.0
117 60 118.87
117 61 67.68
117 62 129.54
117 63 108.37
117 64 69.29
117 65 34.89
117 66 45.28
117 67 64.47
117 68 86.02
117 69 91.0
117 70 44.15
117 71 90.43
117 72 53.23
117 73 128.82
117 74 14.14
117 75 115.04
117 76 113.55
117 77 145.06
117 78 87.46
117 79 97.62
117 80 84.93
117 81 17.49
117 82 45.62
117 83 110.63
117 84 97.42
117 85 8.49
117 86 7.0
117 87 75.11
117 88 81.39
117 89 43.74
117 90 104.79
117 91 85.01
117 92 51.86
117 93 128.14
117 94 28.44
117 95 107.87
117 96 104.1
117 97 91.78
117 98 44.27
117 99 28.64
117 100 41.98
117 101 22.47
117 102 78.92
117 103 116.36
117 104 149.77
117 105 94.09
117 106 32.7
117 107 26.57
117 108 4.47
117 109 22.8
117 110 92.11
117 111 101.71
117 112 16.49
117 113 91.09
117 114 4.47
117 115 75.64
117 116 99.82
117 118 104.24
117 119 44.6
117 120 113.23
117 121 72.12
117 122 143.96
117 123 120.78
117 124 81.84
117 125 25.63
117 126 64.13
117 127 97.01
117 128 27.86
117 129 26.57
117 130 83.82
117 131 77.83
117 132 86.56
117 133 39.22
117 134 90.45
117 135 123.15
117 136 80.26
117 137 106.68
117 138 125.64
117 139 35.23
117 140 61.4
117 141 136.88
117 142 65.07
117 143 33.02
117 144 92.97
117 145 94.13
117 146 141.87
117 147 38.9
117 148 95.89
117 149 110.63
117 150 77.01
117 151 26.31
117 152 67.68
117 153 78.57
117 154 48.01
117 155 65.55
117 156 78.79
117 157 18.87
117 158 34.06
117 159 127.86
117 160 23.19
117 161 48.47
117 162 98.23
117 163 80.43
117 164 148.95
117 165 9.22
117 166 36.4
117 167 73.98
117 168 31.58
117 169 57.94
117 170 151.38
117 171 84.02
117 172 122.11
117 173 25.08
117 174 81.91
117 175 97.86
117 176 93.02
117 177 28.02
117 178 91.39
117 179 84.76
117 180 81.01
117 181 144.4
117 182 44.78
117 183 81.6
117 184 77.2
117 185 127.06
117 186 124.54
117 187 80.6
117 188 31.14
117 189 24.04
117 190 79.83
117 191 89.05
117 192 23.41
117 193 142.13
117 194 31.11
117 195 35.85
117 196 78.43
117 197 126.05
117 198 73.55
117 199 99.05
117 200 107.0
117 201 66.85
118 0 66.53
118 1 31.02
118 2 53.24
118 3 101.04
118 4 72.2
118 5 76.16
118 6 72.95
118 7 116.39
118 8 23.54
118 9 64.63
118 10 91.24
118 11 18.87
118 12 66.37
118 13 11.4
118 14 78.03
118 15 114.77
118 16 102.88
118 17 30.36
118 18 116.85
118 19 106.17
118 20 78.03
118 21 70.41
118 22 114.13
118 23 106.23
118 24 99.01
118 25 93.56
118 26 78.1
118 27 123.91
118 28 71.61
118 29 73.82
118 30 42.06
118 31 117.55
118 32 106.04
118 33 82.1
118 34 46.01
118 35 89.05
118 36 109.02
118 37 66.29
118 38 105.04
118 39 90.34
118 40 102.86
118 41 95.46
118 42 67.0
118 43 102.3
118 44 128.0
118 45 100.04
118 46 76.03
118 47 87.46
118 48 100.66
118 49 77.39
118 50 100.32
118 51 132.94
118 52 116.84
118 53 118.07
118 54 53.31
118 55 98.72
118 56 101.02
118 57 98.39
118 58 19.1
118 59 70.35
118 60 30.87
118 61 139.61
118 62 77.16
118 63 82.28
118 64 49.82
118 65 91.21
118 66 60.21
118 67 55.8
118 68 118.34
118 69 14.76
118 70 124.48
118 71 17.49
118 72 97.91
118 73 94.43
118 74 118.11
118 75 11.7
118 76 45.1
118 77 88.65
118 78 71.69
118 79 81.02
118 80 124.48
118 81 90.43
118 82 68.54
118 83 140.09
118 84 17.46
118 85 98.01
118 86 97.25
118 87 29.15
118 88 23.02
118 89 62.82
118 90 120.22
118 91 139.6
118 92 75.47
118 93 103.58
118 94 101.2
118 95 140.8
118 96 62.82
118 97 28.65
118 98 102.47
118 99 100.22
118 100 65.0
118 101 116.62
118 102 108.98
118 103 119.1
118 104 93.17
118 105 10.44
118 106 122.71
118 107 80.6
118 108 102.04
118 109 99.14
118 110 117.0
118 111 158.49
118 112 100.4
118 113 17.03
118 114 100.12
118 115 42.44
118 116 135.09
118 117 104.24
118 119 101.6
118 120 78.45
118 121 37.7
118 122 86.68
118 123 26.42
118 124 104.35
118 125 96.51
118 126 115.6
118 127 10.63
118 128 95.9
118 129 100.24
118 130 66.57
118 131 101.98
118 132 73.57
118 133 101.08
118 134 21.26
118 135 76.03
118 136 98.72
118 137 5.39
118 138 76.01
118 139 69.87
118 140 51.0
118 141 73.01
118 142 77.16
118 143 71.45
118 144 28.02
118 145 141.43
118 146 115.62
118 147 101.98
118 148 136.69
118 149 81.49
118 150 69.03
118 151 101.79
118 152 108.47
118 153 75.6
118 154 73.82
118 155 46.24
118 156 106.89
118 157 94.43
118 158 88.39
118 159 77.06
118 160 102.26
118 161 100.5
118 162 73.16
118 163 70.21
118 164 90.47
118 165 97.01
118 166 72.8
118 167 121.92
118 168 100.9
118 169 103.0
118 170 111.16
118 171 70.18
118 172 71.0
118 173 79.51
118 174 41.23
118 175 44.92
118 176 14.21
118 177 89.44
118 178 113.6
118 179 115.52
118 180 101.53
118 181 83.43
118 182 94.02
118 183 113.95
118 184 115.26
118 185 67.48
118 186 77.01
118 187 68.82
118 188 73.68
118 189 98.31
118 190 121.63
118 191 18.03
118 192 113.0
118 193 97.19
118 194 86.98
118 195 94.02
118 196 112.45
118 197 72.11
118 198 142.84
118 199 11.18
118 200 99.92
118 201 66.53
119 0 40.2
119 1 101.98
119 2 94.09
119 3 39.7
119 4 31.58
119 5 97.8
119 6 50.45
119 7 42.38
119 8 97.53
119 9 47.17
119 10 111.79
119 11 93.86
119 12 47.89
119 13 99.54
119 14 52.2
119 15 39.22
119 16 2.24
119 17 72.11
119 18 39.56
119 19 110.79
119 20 95.51
119 21 40.31
119 22 15.13
119 23 45.31
119 24 29.73
119 25 114.39
119 26 97.42
119 27 34.13
119 28 47.85
119 29 41.23
119 30 59.54
119 31 40.36
119 32 49.04
119 33 53.46
119 34 90.05
119 35 114.49
119 36 43.05
119 37 43.27
119 38 48.7
119 39 58.52
119 40 4.24
119 41 12.04
119 42 90.8
119 43 38.42
119 44 55.54
119 45 47.3
119 46 94.92
119 47 51.11
119 48 35.47
119 49 49.65
119 50 58.05
119 51 44.41
119 52 44.2
119 53 75.96
119 54 48.83
119 55 26.93
119 56 48.51
119 57 5.1
119 58 83.19
119 59 46.1
119 60 104.14
119 61 38.42
119 62 98.08
119 63 72.5
119 64 53.14
119 65 73.01
119 66 47.63
119 67 46.82
119 68 41.48
119 69 86.83
119 70 25.02
119 71 94.02
119 72 10.0
119 73 91.79
119 74 52.7
119 75 109.66
119 76 92.09
119 77 112.61
119 78 54.57
119 79 61.33
119 80 41.11
119 81 33.0
119 82 34.06
119 83 66.61
119 84 88.39
119 85 48.84
119 86 42.76
119 87 75.6
119 88 82.8
119 89 44.05
119 90 60.37
119 91 45.88
119 92 26.57
119 93 88.6
119 94 70.71
119 95 64.2
119 96 74.97
119 97 78.75
119 98 1.0
119 99 70.58
119 100 42.01
119 101 66.71
119 102 34.44
119 103 72.67
119 104 116.81
119 105 91.42
119 106 30.46
119 107 34.48
119 108 47.8
119 109 64.63
119 110 47.54
119 111 64.88
119 112 59.03
119 113 84.97
119 114 45.35
119 115 90.8
119 116 56.14
119 117 44.6
119 118 101.6
119 120 79.12
119 121 82.98
119 122 111.95
119 123 124.85
119 124 38.01
119 125 66.27
119 126 21.21
119 127 91.68
119 128 68.18
119 129 18.03
119 130 53.46
119 131 34.21
119 132 52.89
119 133 5.39
119 134 81.94
119 135 91.09
119 136 37.48
119 137 105.82
119 138 93.96
119 139 42.94
119 140 50.61
119 141 108.26
119 142 32.14
119 143 44.78
119 144 102.53
119 145 52.95
119 146 101.41
119 147 5.83
119 148 53.04
119 149 75.24
119 150 46.27
119 151 68.88
119 152 23.09
119 153 44.38
119 154 27.78
119 155 80.45
119 156 34.48
119 157 58.22
119 158 17.46
119 159 96.17
119 160 66.1
119 161 4.24
119 162 64.85
119 163 48.66
119 164 116.71
119 165 48.66
119 166 34.67
119 167 31.14
119 168 73.55
119 169 13.42
119 170 113.44
119 171 51.97
119 172 91.68
119 173 41.23
119 174 65.25
119 175 76.24
119 176 87.66
119 177 65.01
119 178 46.96
119 179 40.16
119 180 37.64
119 181 113.6
119 182 7.62
119 183 37.0
119 184 32.76
119 185 98.66
119 186 92.35
119 187 49.5
119 188 42.15
119 189 65.49
119 190 36.06
119 191 83.65
119 192 68.01
119 193 106.44
119 194 21.19
119 195 11.4
119 196 33.84
119 197 95.8
119 198 42.43
119 199 92.61
119 200 65.95
119 201 40.2
120 0 46.69
120 1 54.59
120 2 31.24
120 3 48.04
120 4 54.82
120 5 20.02
120 6 29.68
120 7 61.19
120 8 57.58
120 9 83.82
120 10 32.7
120 11 87.01
120 12 86.61
120 13 68.41
120 14 26.93
120 15 61.66
120 16 81.34
120 17 69.43
120 18 63.79
120 19 35.81
120 20 17.03
120 21 82.98
120 22 93.92
120 23 114.81
120 24 54.33
120 25 35.34
120 26 19.03
120 27 77.23
120 28 33.02
120 29 87.86
120 30 61.1
120 31 116.47
120 32 117.29
120 33 105.12
120 34 34.89
120 35 35.44
120 36 52.77
120 37 81.22
120 38 116.52
120 39 25.32
120 40 83.01
120 41 83.24
120 42 18.03
120 43 50.04
120 44 66.31
120 45 112.7
120 46 17.03
120 47 30.07
120 48 51.01
120 49 29.55
120 50 120.21
120 51 81.58
120 52 119.04
120 53 141.43
120 54 65.51
120 55 97.35
120 56 114.11
120 57 80.11
120 58 64.01
120 59 89.02
120 60 56.44
120 61 104.08
120 62 20.0
120 63 8.25
120 64 51.88
120 65 124.62
120 66 78.49
120 67 53.25
120 68 64.13
120 69 70.03
120 70 102.62
120 71 86.0
120 72 69.57
120 73 18.03
120 74 125.67
120 75 77.49
120 76 36.72
120 77 33.53
120 78 25.81
120 79 18.25
120 80 72.18
120 81 95.9
120 82 69.31
120 83 75.29
120 84 61.52
120 85 112.54
120 86 107.81
120 87 75.31
120 88 78.41
120 89 77.2
120 90 53.71
120 91 91.24
120 92 61.4
120 93 25.18
120 94 129.07
120 95 77.83
120 96 16.0
120 97 52.01
120 98 80.06
120 99 128.43
120 100 77.62
120 101 134.62
120 102 59.08
120 103 45.97
120 104 37.7
120 105 74.17
120 106 109.56
120 107 88.41
120 108 114.21
120 109 123.91
120 110 58.24
120 111 105.65
120 112 120.92
120 113 66.03
120 114 111.4
120 115 102.96
120 116 75.39
120 117 113.23
120 118 78.45
120 119 79.12
120 121 93.17
120 122 32.98
120 123 103.85
120 124 52.09
120 125 123.43
120 126 77.32
120 127 69.46
120 128 124.33
120 129 91.79
120 130 29.7
120 131 53.01
120 132 26.93
120 133 82.86
120 134 61.01
120 135 13.04
120 136 48.01
120 137 83.74
120 138 16.03
120 139 85.28
120 140 60.9
120 141 32.56
120 142 48.88
120 143 88.87
120 144 100.0
120 145 87.36
120 146 38.12
120 147 83.77
120 148 80.01
120 149 5.39
120 150 36.24
120 151 128.22
120 152 67.27
120 153 35.36
120 154 65.3
120 155 98.08
120 156 57.04
120 157 116.78
120 158 80.16
120 159 18.0
120 160 126.67
120 161 75.27
120 162 15.0
120 163 32.8
120 164 37.64
120 165 111.8
120 166 79.21
120 167 77.06
120 168 130.73
120 169 69.86
120 170 39.96
120 171 29.21
120 172 16.16
120 173 93.38
120 174 46.32
120 175 34.06
120 176 68.12
120 177 118.23
120 178 54.82
120 179 61.81
120 180 50.01
120 181 35.23
120 182 73.82
120 183 62.39
120 184 67.12
120 185 25.08
120 186 14.0
120 187 32.65
120 188 88.62
120 189 123.99
120 190 72.44
120 191 67.0
120 192 133.69
120 193 29.0
120 194 82.42
120 195 81.01
120 196 63.13
120 197 19.65
120 198 104.02
120 199 67.74
120 200 28.3
120 201 46.69
121 0 60.64
121 1 62.97
121 2 78.03
121 3 97.12
121 4 61.47
121 5 98.49
121 6 75.17
121 7 110.49
121 8 54.49
121 9 37.01
121 10 115.39
121 11 19.42
121 12 37.44
121 13 45.49
121 14 81.15
121 15 108.08
121 16 83.55
121 17 23.77
121 18 109.77
121 19 126.81
121 20 99.16
121 21 44.05
121 22 92.1
121 23 74.04
121 24 91.55
121 25 118.07
121 26 99.92
121 27 112.51
121 28 72.34
121 29 45.49
121 30 34.06
121 31 87.46
121 32 73.01
121 33 48.05
121 34 69.97
121 35 114.53
121 36 105.0
121 37 40.36
121 38 72.03
121 39 95.13
121 40 82.76
121 41 73.55
121 42 88.24
121 43 97.72
121 44 123.98
121 45 67.19
121 46 97.31
121 47 89.56
121 48 95.19
121 49 79.31
121 50 65.28
121 51 122.67
121 52 85.7
121 53 81.39
121 54 37.7
121 55 71.34
121 56 67.91
121 57 78.57
121 58 34.21
121 59 40.82
121 60 63.78
121 61 120.93
121 62 99.4
121 63 93.77
121 64 45.18
121 65 53.94
121 66 35.38
121 67 48.05
121 68 111.62
121 69 30.41
121 70 101.67
121 71 20.62
121 72 82.93
121 73 111.09
121 74 85.15
121 75 49.4
121 76 70.18
121 77 113.6
121 78 76.01
121 79 88.02
121 80 115.83
121 81 61.77
121 82 49.65
121 83 136.62
121 84 41.04
121 85 64.76
121 86 65.46
121 87 18.03
121 88 17.69
121 89 38.95
121 90 120.07
121 91 127.03
121 92 61.29
121 93 117.24
121 94 64.38
121 95 136.12
121 96 77.62
121 97 44.29
121 98 83.63
121 99 63.39
121 100 41.04
121 101 81.02
121 102 101.77
121 103 123.69
121 104 118.53
121 105 30.23
121 106 96.57
121 107 53.25
121 108 69.12
121 109 63.01
121 110 112.89
121 111 146.44
121 112 65.19
121 113 33.3
121 114 67.72
121 115 10.0
121 116 129.08
121 117 72.12
121 118 37.7
121 119 82.98
121 120 93.17
121 122 111.83
121 123 48.84
121 124 99.3
121 125 60.07
121 126 101.51
121 127 35.61
121 128 59.21
121 129 75.6
121 130 70.01
121 131 95.86
121 132 77.06
121 133 80.62
121 134 36.62
121 135 95.86
121 136 94.25
121 137 38.08
121 138 96.93
121 139 42.2
121 140 39.29
121 141 99.64
121 142 69.57
121 143 42.19
121 144 21.02
121 145 131.61
121 146 131.03
121 147 81.32
121 148 128.81
121 149 94.2
121 150 68.47
121 151 65.19
121 152 97.13
121 153 74.81
121 154 57.45
121 155 8.54
121 156 100.09
121 157 59.21
121 158 66.47
121 159 98.62
121 160 66.03
121 161 83.41
121 162 82.39
121 163 71.25
121 164 116.36
121 165 63.79
121 166 48.8
121 167 109.93
121 168 63.79
121 169 89.04
121 170 131.55
121 171 73.06
121 172 91.92
121 173 49.65
121 174 46.87
121 175 61.1
121 176 33.24
121 177 53.04
121 178 110.06
121 179 109.0
121 180 96.77
121 181 109.77
121 182 76.22
121 183 106.62
121 184 105.99
121 185 91.71
121 186 97.14
121 187 70.18
121 188 44.94
121 189 62.03
121 190 111.83
121 191 31.24
121 192 77.01
121 193 118.33
121 194 63.7
121 195 72.84
121 196 104.28
121 197 94.43
121 198 125.32
121 199 38.42
121 200 106.08
121 201 60.64
122 0 77.18
122 1 56.32
122 2 34.18
122 3 80.22
122 4 85.96
122 5 15.0
122 6 61.85
122 7 92.09
122 8 63.15
122 9 111.07
122 10 5.39
122 11 100.57
122 12 113.9
122 13 75.31
122 14 59.77
122 15 93.01
122 16 114.16
122 17 88.84
122 18 95.02
122 19 23.71
122 20 16.55
122 21 111.52
122 22 126.83
122 23 145.65
122 24 87.13
122 25 7.0
122 26 14.76
122 27 109.02
122 28 64.88
122 29 116.52
122 30 84.5
122 31 148.48
122 32 147.83
122 33 133.12
122 34 42.15
122 35 2.83
122 36 84.01
122 37 109.12
122 38 147.0
122 39 57.14
122 40 115.77
122 41 115.45
122 42 24.76
122 43 82.22
122 44 94.73
122 45 142.87
122 46 17.49
122 47 62.8
122 48 83.49
122 49 62.3
122 50 149.46
122 51 112.29
122 52 150.76
122 53 170.7
122 54 91.93
122 55 128.89
122 56 144.27
122 57 112.72
122 58 78.39
122 59 116.85
122 60 57.14
122 61 136.53
122 62 14.42
122 63 40.45
122 64 77.79
122 65 151.35
122 66 105.38
122 67 80.92
122 68 95.08
122 69 83.57
122 70 135.59
122 71 99.3
122 72 102.49
122 73 27.51
122 74 156.92
122 75 81.22
122 76 42.38
122 77 2.0
122 78 57.78
122 79 51.2
122 80 103.12
122 81 126.48
122 82 98.81
122 83 101.53
122 84 73.05
122 85 142.41
122 86 138.13
122 87 94.02
122 88 94.85
122 89 104.8
122 90 81.02
122 91 122.2
122 92 92.66
122 93 38.91
122 94 157.14
122 95 104.81
122 96 40.0
122 97 67.54
122 98 112.89
122 99 156.4
122 100 105.65
122 101 164.61
122 102 91.14
122 103 69.29
122 104 6.71
122 105 86.33
122 106 142.34
122 107 118.22
122 108 144.52
122 109 152.4
122 110 88.36
122 111 134.97
122 112 150.08
122 113 79.85
122 114 141.74
122 115 120.77
122 116 103.94
122 117 143.96
122 118 86.68
122 119 111.95
122 120 32.98
122 121 111.83
122 123 108.07
122 124 84.15
122 125 151.49
122 126 110.03
122 127 80.65
122 128 152.11
122 129 123.91
122 130 60.42
122 131 85.48
122 132 59.24
122 133 115.52
122 134 75.64
122 135 21.02
122 136 80.5
122 137 91.24
122 138 18.36
122 139 113.45
122 140 86.98
122 141 14.0
122 142 81.02
122 143 116.93
122 144 112.93
122 145 117.1
122 146 41.73
122 147 116.46
122 148 109.33
122 149 37.48
122 150 67.54
122 151 156.54
122 152 99.98
122 153 67.78
122 154 96.04
122 155 118.34
122 156 89.2
122 157 145.45
122 158 111.83
122 159 16.12
122 160 155.32
122 161 108.16
122 162 47.17
122 163 64.4
122 164 5.0
122 165 141.61
122 166 108.6
122 167 109.11
122 168 158.45
122 169 102.84
122 170 28.23
122 171 60.84
122 172 22.02
122 173 122.44
122 174 68.25
122 175 51.61
122 176 80.99
122 177 145.69
122 178 85.21
122 179 93.02
122 180 82.3
122 181 5.0
122 182 106.4
122 183 94.01
122 184 99.08
122 185 20.12
122 186 19.7
122 187 63.95
122 188 117.15
122 189 152.31
122 190 104.0
122 191 81.54
122 192 163.22
122 193 16.28
122 194 113.74
122 195 113.22
122 196 95.08
122 197 18.38
122 198 136.13
122 199 78.16
122 200 56.44
122 201 77.18
123 0 92.02
123 1 52.04
123 2 76.42
123 3 127.2
123 4 96.94
123 5 99.32
123 6 99.32
123 7 142.44
123 8 46.69
123 9 83.38
123 10 113.02
123 11 31.78
123 12 84.5
123 13 35.44
123 14 104.45
123 15 140.72
123 16 125.92
123 17 52.8
123 18 142.76
123 19 129.19
123 20 101.6
123 21 89.96
123 22 136.34
123 23 122.72
123 24 124.74
123 25 115.07
123 26 101.4
123 27 149.2
123 28 97.91
123 29 92.48
123 30 65.95
123 31 135.67
123 32 121.81
123 33 96.88
123 34 70.04
123 35 110.16
123 36 135.21
123 37 85.91
123 38 120.83
123 39 116.73
123 40 125.64
123 41 117.48
123 42 90.93
123 43 128.41
123 44 154.26
123 45 115.95
123 46 99.61
123 47 113.88
123 48 126.66
123 49 103.77
123 50 113.99
123 51 158.49
123 52 134.2
123 53 129.0
123 54 76.03
123 55 118.31
123 56 116.71
123 57 121.2
123 58 45.0
123 59 88.26
123 60 51.0
123 61 163.22
123 62 100.32
123 63 108.17
123 64 74.97
123 65 101.0
123 66 80.06
123 67 80.62
123 68 144.31
123 69 39.7
123 70 146.49
123 71 31.3
123 72 122.15
123 73 119.05
123 74 133.96
123 75 27.07
123 76 68.73
123 77 110.07
123 78 98.11
123 79 107.35
123 80 150.23
123 81 109.2
123 82 90.97
123 83 166.41
123 84 43.83
123 85 113.56
123 86 114.02
123 87 49.4
123 88 42.19
123 89 83.19
123 90 146.63
123 91 164.77
123 92 99.49
123 93 128.79
123 94 112.02
123 95 167.05
123 96 88.54
123 97 55.07
123 98 125.67
123 99 111.02
123 100 85.42
123 101 129.47
123 102 134.83
123 103 145.41
123 104 114.21
123 105 34.71
123 106 143.18
123 107 99.92
123 108 117.9
123 109 111.29
123 110 143.22
123 111 183.85
123 112 113.86
123 113 42.8
123 114 116.42
123 115 48.01
123 116 161.21
123 117 120.78
123 118 26.42
123 119 124.85
123 120 103.85
123 121 48.84
123 122 108.07
123 124 130.42
123 125 108.17
123 126 140.26
123 127 36.89
123 128 107.07
123 129 121.2
123 130 92.96
123 131 127.91
123 132 99.98
123 133 123.71
123 134 47.43
123 135 100.13
123 136 124.81
123 137 21.1
123 138 99.72
123 139 88.77
123 140 74.65
123 141 94.09
123 142 102.59
123 143 89.54
123 144 29.0
123 145 167.09
123 146 140.25
123 147 124.56
123 148 162.61
123 149 107.21
123 150 95.21
123 151 113.07
123 152 133.65
123 153 101.83
123 154 97.2
123 155 56.32
123 156 132.77
123 157 107.91
123 158 110.28
123 159 100.5
123 160 114.21
123 161 124.2
123 162 99.4
123 163 96.52
123 164 111.29
123 165 112.59
123 166 93.48
123 167 147.09
123 168 111.0
123 169 127.56
123 170 134.18
123 171 96.57
123 172 94.89
123 173 97.41
123 174 67.42
123 175 70.94
123 176 40.0
123 177 101.24
123 178 139.85
123 179 141.5
123 180 127.61
123 181 104.24
123 182 117.41
123 183 139.82
123 184 140.86
123 185 90.14
123 186 100.98
123 187 95.13
123 188 92.11
123 189 110.22
123 190 147.19
123 191 43.28
123 192 125.26
123 193 120.2
123 194 108.3
123 195 116.28
123 196 138.19
123 197 95.43
123 198 166.82
123 199 37.59
123 200 126.21
123 201 92.02
124 0 39.36
124 1 93.19
124 2 76.9
124 3 4.12
124 4 38.08
124 5 72.11
124 6 33.02
124 7 12.04
124 8 91.83
124 9 71.06
124 10 82.61
124 11 103.45
124 12 73.01
124 13 98.29
124 14 29.97
124 15 10.82
124 16 40.0
124 17 80.53
124 18 13.04
124 19 77.49
124 20 69.03
124 21 66.03
124 22 49.58
124 23 82.76
124 24 9.22
124 25 84.85
124 26 71.03
124 27 25.18
124 28 33.3
124 29 69.26
124 30 67.08
124 31 78.24
124 32 86.31
124 33 85.33
124 34 76.03
124 35 86.28
124 36 6.0
124 37 67.03
124 38 85.87
124 39 27.02
124 40 42.2
124 41 47.85
124 42 68.25
124 43 2.24
124 44 24.7
124 45 83.77
124 46 69.12
124 47 22.56
124 48 4.12
124 49 29.15
124 50 93.98
124 51 30.87
124 52 82.2
124 53 113.16
124 54 61.68
124 55 63.95
124 56 85.09
124 57 41.68
124 58 85.43
124 59 73.06
124 60 95.41
124 61 52.47
124 62 72.06
124 63 44.01
124 64 56.44
124 65 106.1
124 66 68.47
124 67 51.89
124 68 14.21
124 69 90.8
124 70 55.76
124 71 103.08
124 72 28.65
124 73 59.67
124 74 90.7
124 75 108.9
124 76 78.26
124 77 84.29
124 78 35.85
124 79 34.53
124 80 21.47
124 81 67.68
124 82 53.15
124 83 37.34
124 84 87.73
124 85 84.86
124 86 78.92
124 87 85.87
124 88 92.18
124 89 65.28
124 90 23.54
124 91 39.85
124 92 40.11
124 93 53.71
124 94 105.95
124 95 37.12
124 96 55.36
124 97 76.38
124 98 38.6
124 99 105.65
124 100 64.12
124 101 104.24
124 102 7.0
124 103 34.67
124 104 87.69
124 105 95.8
124 106 65.95
124 107 65.12
124 108 84.58
124 109 99.93
124 110 13.6
124 111 56.44
124 112 94.92
124 113 87.62
124 114 81.94
124 115 108.81
124 116 30.81
124 117 81.84
124 118 104.35
124 119 38.01
124 120 52.09
124 121 99.3
124 122 84.15
124 123 130.42
124 125 100.96
124 126 26.93
124 127 93.72
124 128 102.62
124 129 55.57
124 130 39.2
124 131 4.12
124 132 33.62
124 133 43.27
124 134 83.1
124 135 65.12
124 136 5.66
124 137 109.48
124 138 68.12
124 139 69.03
124 140 60.17
124 141 84.48
124 142 29.73
124 143 72.11
124 144 114.93
124 145 38.28
124 146 65.19
124 147 43.83
124 148 32.56
124 149 47.01
124 150 35.38
124 151 104.36
124 152 17.49
124 153 29.0
124 154 45.04
124 155 99.92
124 156 5.1
124 157 93.01
124 158 49.34
124 159 70.06
124 160 101.84
124 161 33.84
124 162 41.76
124 163 34.71
124 164 88.36
124 165 84.5
124 166 60.07
124 167 25.0
124 168 108.52
124 169 24.84
124 170 79.31
124 171 35.81
124 172 67.6
124 173 72.01
124 174 63.13
124 175 65.46
124 176 90.43
124 177 98.27
124 178 11.05
124 179 11.4
124 180 2.83
124 181 87.01
124 182 37.16
124 183 10.77
124 184 15.03
124 185 76.12
124 186 66.07
124 187 36.12
124 188 70.26
124 189 100.58
124 190 20.62
124 191 87.2
124 192 105.12
124 193 74.95
124 194 53.16
124 195 46.1
124 196 11.05
124 197 71.45
124 198 52.01
124 199 93.51
124 200 30.46
124 201 39.36
125 0 77.2
125 1 115.55
125 2 122.07
125 3 101.19
125 4 70.49
125 5 136.56
125 6 95.44
125 7 107.87
125 8 107.7
125 9 40.46
125 10 153.46
125 11 79.31
125 12 37.64
125 13 101.92
125 14 100.4
125 15 104.74
125 16 65.12
125 17 70.94
125 18 105.38
125 19 159.15
125 20 135.77
125 21 40.46
125 22 64.63
125 23 26.4
125 24 91.76
125 25 156.28
125 26 137.21
125 27 100.04
125 28 91.84
125 29 35.61
125 30 68.8
125 31 41.68
125 32 22.83
125 33 18.38
125 34 114.83
125 35 154.31
125 36 106.74
125 37 42.43
125 38 22.36
125 39 112.38
125 40 63.07
125 41 54.45
125 42 126.81
125 43 100.58
125 44 121.49
125 45 20.62
125 46 134.38
125 47 104.71
125 48 97.42
125 49 97.64
125 50 10.3
125 51 110.0
125 52 37.44
125 53 21.59
125 54 59.67
125 55 40.01
125 56 19.92
125 57 61.4
125 58 86.38
125 59 34.66
125 60 117.0
125 61 93.15
125 62 137.24
125 63 120.0
125 64 73.76
125 65 9.9
125 66 46.23
125 67 70.71
125 68 107.35
125 69 85.44
125 70 69.64
125 71 80.4
125 72 73.35
125 73 140.42
125 74 31.83
125 75 108.06
125 76 115.97
125 77 152.84
125 78 98.6
125 79 110.11
125 80 107.38
125 81 33.54
125 82 54.41
125 83 132.85
125 84 93.98
125 85 18.25
125 86 24.08
125 87 68.96
125 88 73.76
125 89 46.69
125 90 124.45
125 91 109.46
125 92 64.88
125 93 141.74
125 94 5.66
125 95 130.46
125 96 111.73
125 97 91.24
125 98 66.19
125 99 5.0
125 100 45.97
125 101 21.59
125 102 99.25
125 103 134.48
125 104 157.76
125 105 87.32
125 106 58.31
125 107 36.67
125 108 21.19
125 109 3.61
125 110 112.59
125 111 126.75
125 112 9.43
125 113 86.65
125 114 22.56
125 115 60.41
125 116 122.41
125 117 25.63
125 118 96.51
125 119 66.27
125 120 123.43
125 121 60.07
125 122 151.49
125 123 108.17
125 124 100.96
125 126 87.05
125 127 91.48
125 128 2.24
125 129 49.0
125 130 93.86
125 131 96.84
125 132 98.23
125 133 61.13
125 134 87.46
125 135 131.52
125 136 98.35
125 137 97.74
125 138 133.66
125 139 38.21
125 140 64.66
125 141 142.44
125 142 78.77
125 143 34.66
125 144 79.23
125 145 118.07
125 146 155.93
125 147 61.07
125 148 119.07
125 149 121.82
125 150 88.01
125 151 5.39
125 152 88.96
125 153 91.27
125 154 60.03
125 155 52.0
125 156 98.72
125 157 8.06
125 158 51.66
125 159 135.79
125 160 6.08
125 161 69.58
125 162 108.85
125 163 91.61
125 164 156.46
125 165 18.11
125 166 44.65
125 167 97.05
125 168 7.62
125 169 78.92
125 170 163.05
125 171 95.0
125 172 129.5
125 173 30.53
125 174 84.63
125 175 101.61
125 176 87.93
125 177 7.07
125 178 111.32
125 179 105.72
125 180 99.62
125 181 151.09
125 182 64.33
125 183 102.59
125 184 98.86
125 185 132.91
125 186 132.94
125 187 91.4
125 188 34.83
125 189 2.24
125 190 102.31
125 191 84.43
125 192 17.12
125 193 152.31
125 194 47.8
125 195 55.73
125 196 99.46
125 197 133.12
125 198 98.95
125 199 93.96
125 200 122.54
125 201 77.2
126 0 49.74
126 1 110.86
126 2 98.48
126 3 30.36
126 4 43.42
126 5 97.19
126 6 52.77
126 7 25.5
126 8 107.79
126 9 67.12
126 10 108.85
126 11 110.34
126 12 68.15
126 13 111.83
126 14 52.09
126 15 22.63
126 16 22.02
126 17 87.69
126 18 22.02
126 19 104.4
126 20 94.34
126 21 60.54
126 22 25.94
126 23 64.54
126 24 23.02
126 25 111.2
126 26 96.33
126 27 13.0
126 28 51.42
126 29 61.98
126 30 74.33
126 31 56.36
126 32 68.45
126 33 74.67
126 34 96.05
126 35 112.29
126 36 29.68
126 37 63.07
126 38 68.25
126 39 53.15
126 40 24.0
126 41 33.24
126 42 92.05
126 43 28.46
126 44 36.67
126 45 67.48
126 46 94.19
126 47 47.27
126 48 26.68
126 49 50.25
126 50 78.41
126 51 23.19
126 52 60.93
126 53 95.08
126 54 65.19
126 55 47.17
126 56 68.59
126 57 26.31
126 58 96.61
126 59 66.73
126 60 113.09
126 61 27.17
126 62 97.25
126 63 69.58
126 64 65.8
126 65 94.09
126 66 66.73
126 67 59.82
126 68 23.6
126 69 101.04
126 70 29.73
126 71 110.32
126 72 18.6
126 73 86.4
126 74 70.01
126 75 122.33
126 76 98.23
126 77 110.32
126 78 56.57
126 79 59.14
126 80 20.88
126 81 54.08
126 82 51.87
126 83 46.57
126 84 100.7
126 85 69.26
126 86 63.2
126 87 91.97
126 88 99.01
126 89 63.13
126 90 44.6
126 91 25.55
126 92 41.04
126 93 80.62
126 94 91.27
126 95 43.74
126 96 77.52
126 97 90.05
126 98 21.1
126 99 91.2
126 100 61.29
126 101 85.44
126 102 20.59
126 103 58.8
126 104 113.95
126 105 105.89
126 106 41.4
126 107 55.54
126 108 67.74
126 109 85.21
126 110 31.14
126 111 44.94
126 112 79.4
126 113 98.6
126 114 65.49
126 115 109.93
126 116 35.69
126 117 64.13
126 118 115.6
126 119 21.21
126 120 77.32
126 121 101.51
126 122 110.03
126 123 140.26
126 124 26.93
126 125 87.05
126 127 105.21
126 128 89.02
126 129 38.12
126 130 57.72
126 131 24.74
126 132 54.45
126 133 26.02
126 134 94.87
126 135 90.2
126 136 29.61
126 137 120.25
126 138 93.19
126 139 63.32
126 140 65.76
126 141 109.0
126 142 39.36
126 143 65.46
126 144 120.1
126 145 31.78
126 146 91.79
126 147 26.0
126 148 32.02
126 149 72.56
126 150 51.55
126 151 89.36
126 152 10.05
126 153 47.07
126 154 44.2
126 155 99.85
126 156 21.93
126 157 79.03
126 158 38.33
126 159 95.26
126 160 86.47
126 161 18.97
126 162 65.03
126 163 52.63
126 164 114.42
126 165 69.18
126 166 54.63
126 167 10.0
126 168 94.19
126 169 12.73
126 170 106.23
126 171 55.11
126 172 92.01
126 173 62.37
126 174 76.16
126 175 83.49
126 176 101.4
126 177 86.09
126 178 31.89
126 179 23.35
126 180 28.16
126 181 112.54
126 182 26.0
126 183 20.52
126 184 14.87
126 185 100.04
126 186 91.27
126 187 53.85
126 188 62.94
126 189 86.15
126 190 15.81
126 191 97.62
126 192 87.32
126 193 101.65
126 194 42.2
126 195 32.56
126 196 17.8
126 197 96.02
126 198 28.46
126 199 105.68
126 200 57.38
126 201 49.74
127 0 55.97
127 1 27.66
127 2 46.57
127 3 90.43
127 4 61.85
127 5 69.05
127 6 62.43
127 7 105.76
127 8 19.21
127 9 57.01
127 10 84.9
127 11 20.12
127 12 59.01
127 13 10.44
127 14 67.6
127 15 104.14
127 16 93.04
127 17 22.02
127 18 106.22
127 19 98.86
127 20 70.58
127 21 62.29
127 22 104.55
127 23 99.01
127 24 88.39
127 25 87.36
127 26 70.86
127 27 113.36
127 28 61.03
127 29 66.07
127 30 32.31
127 31 109.55
127 32 99.13
127 33 75.95
127 34 38.83
127 35 83.17
127 36 98.41
127 37 58.22
127 38 98.13
127 39 80.11
127 40 93.11
127 41 86.03
127 42 59.41
127 43 91.68
127 44 117.41
127 45 93.13
127 46 68.59
127 47 77.03
127 48 90.03
127 49 66.89
127 50 94.37
127 51 122.35
127 52 109.17
127 53 113.05
127 54 43.97
127 55 90.26
127 56 94.19
127 57 88.64
127 58 8.6
127 59 63.01
127 60 28.28
127 61 129.5
127 62 70.04
127 63 72.78
127 64 39.41
127 65 87.09
127 66 52.15
127 67 45.49
127 68 107.71
127 69 6.08
127 70 114.95
127 71 18.79
127 72 87.66
127 73 86.02
127 74 111.04
127 75 18.44
127 76 38.33
127 77 82.57
127 78 61.29
127 79 70.94
127 80 113.86
127 81 82.39
127 82 59.14
127 83 129.53
127 84 8.0
127 85 91.27
127 86 90.01
127 87 22.56
127 88 18.36
127 89 54.45
127 90 109.77
127 91 129.07
127 92 65.37
127 93 94.64
127 94 96.46
127 95 130.21
127 96 53.6
127 97 18.38
127 98 92.57
127 99 95.51
127 100 56.57
127 101 110.82
127 102 98.35
127 103 109.0
127 104 87.28
127 105 5.83
127 106 113.76
127 107 72.44
127 108 95.13
127 109 93.86
127 110 106.4
127 111 147.92
127 112 94.54
127 113 6.71
127 114 93.05
127 115 42.52
127 116 124.47
127 117 97.01
127 118 10.63
127 119 91.68
127 120 69.46
127 121 35.61
127 122 80.65
127 123 36.89
127 124 93.72
127 125 91.48
127 126 105.21
127 128 91.09
127 129 91.21
127 130 56.08
127 131 91.35
127 132 63.13
127 133 91.39
127 134 10.63
127 135 68.18
127 136 88.09
127 137 15.81
127 138 68.47
127 139 62.07
127 140 41.23
127 141 67.42
127 142 66.6
127 143 64.0
127 144 32.28
127 145 130.82
127 146 107.12
127 147 92.31
127 148 126.06
127 149 72.18
127 150 58.41
127 151 96.84
127 152 97.95
127 153 65.0
127 154 63.98
127 155 43.83
127 156 96.26
127 157 88.65
127 158 79.06
127 159 69.72
127 160 97.02
127 161 90.43
127 162 63.25
127 163 59.64
127 164 84.76
127 165 90.27
127 166 64.13
127 167 111.4
127 168 96.46
127 169 92.66
127 170 103.82
127 171 59.68
127 172 63.39
127 173 72.01
127 174 30.61
127 175 35.51
127 176 4.12
127 177 84.48
127 178 103.0
127 179 104.89
127 180 90.91
127 181 77.83
127 182 84.08
127 183 103.32
127 184 104.66
127 185 60.88
127 186 69.26
127 187 58.25
127 188 66.03
127 189 93.15
127 190 111.04
127 191 8.25
127 192 107.49
127 193 89.94
127 194 77.88
127 195 84.5
127 196 101.83
127 197 64.94
127 198 132.61
127 199 2.83
127 200 89.89
127 201 55.97
128 0 78.24
128 1 115.45
128 2 122.41
128 3 102.79
128 4 71.69
128 5 137.21
128 6 96.52
128 7 109.66
128 8 107.54
128 9 41.04
128 10 154.15
128 11 78.52
128 12 38.21
128 13 101.53
128 14 101.55
128 15 106.53
128 16 67.07
128 17 70.77
128 18 107.2
128 19 160.08
128 20 136.47
128 21 41.4
128 22 66.75
128 23 28.64
128 24 93.41
128 25 156.98
128 26 137.89
128 27 102.02
128 28 92.91
128 29 36.62
128 30 69.07
128 31 43.91
128 32 25.06
128 33 19.21
128 34 115.11
128 35 154.94
128 36 108.42
128 37 43.19
128 38 24.6
128 39 113.65
128 40 65.03
128 41 56.32
128 42 127.4
128 43 102.2
128 44 123.32
128 45 22.8
128 46 135.06
128 47 106.0
128 48 99.04
128 49 98.79
128 50 12.53
128 51 112.0
128 52 39.66
128 53 22.2
128 54 60.21
128 55 42.05
128 56 22.14
128 57 63.29
128 58 86.16
128 59 35.38
128 60 116.87
128 61 95.34
128 62 137.9
128 63 121.02
128 64 74.33
128 65 7.81
128 66 46.75
128 67 71.45
128 68 109.18
128 69 85.07
128 70 71.84
128 71 79.63
128 72 75.13
128 73 141.4
128 74 33.94
128 75 107.49
128 76 116.21
128 77 153.48
128 78 99.62
128 79 111.22
128 80 109.29
128 81 35.36
128 82 55.47
128 83 134.73
128 84 93.78
128 85 20.4
128 86 26.17
128 87 68.62
128 88 73.25
128 89 47.38
128 90 126.13
128 91 111.54
128 92 66.19
128 93 142.89
128 94 5.39
128 95 132.38
128 96 112.43
128 97 91.3
128 98 68.12
128 99 4.47
128 100 46.75
128 101 23.09
128 102 101.0
128 103 136.01
128 104 158.42
128 105 86.83
128 106 60.54
128 107 38.08
128 108 23.41
128 109 5.66
128 110 114.34
128 111 128.89
128 112 11.66
128 113 86.38
128 114 24.74
128 115 59.21
128 116 124.33
128 117 27.86
128 118 95.9
128 119 68.18
128 120 124.33
128 121 59.21
128 122 152.11
128 123 107.07
128 124 102.62
128 125 2.24
128 126 89.02
128 127 91.09
128 129 51.01
128 130 94.81
128 131 98.49
128 132 99.3
128 133 63.07
128 134 87.32
128 135 132.25
128 136 99.93
128 137 97.02
128 138 134.35
128 139 39.05
128 140 65.19
128 141 142.9
128 142 80.06
128 143 35.47
128 144 78.1
128 145 120.1
128 146 157.1
128 147 63.03
128 148 121.04
128 149 122.8
128 150 89.05
128 151 6.0
128 152 90.8
128 153 92.44
128 154 61.29
128 155 51.04
128 156 100.44
128 157 10.0
128 158 53.37
128 159 136.47
128 160 7.62
128 161 71.45
128 162 109.81
128 163 92.66
128 164 157.08
128 165 20.22
128 166 45.79
128 167 99.02
128 168 6.4
128 169 80.75
128 170 164.01
128 171 96.02
128 172 130.14
128 173 31.76
128 174 85.0
128 175 102.0
128 176 87.6
128 177 6.71
128 178 113.03
128 179 107.52
128 180 101.24
128 181 151.64
128 182 66.1
128 183 104.39
128 184 100.72
128 185 133.42
128 186 133.66
128 187 92.42
128 188 35.81
128 189 4.24
128 190 104.24
128 191 84.15
128 192 18.44
128 193 153.15
128 194 49.48
128 195 57.56
128 196 101.27
128 197 133.73
128 198 101.14
128 199 93.61
128 200 123.88
128 201 78.24
129 0 47.8
129 1 106.04
129 2 102.18
129 3 56.86
129 4 38.6
129 5 109.25
129 6 62.18
129 7 60.41
129 8 100.4
129 9 38.6
129 10 124.35
129 11 89.47
129 12 38.29
129 13 100.22
129 14 65.19
129 15 57.25
129 16 16.49
129 17 69.89
129 18 57.57
129 19 125.21
129 20 107.35
129 21 31.62
129 22 17.49
129 23 27.31
129 24 46.87
129 25 127.06
129 26 109.17
129 27 51.09
129 28 59.03
129 29 30.41
129 30 59.23
129 31 24.7
129 32 31.02
129 33 38.28
129 34 97.02
129 35 126.57
129 36 60.83
129 37 35.51
129 38 30.68
129 39 73.66
129 40 14.32
129 41 8.6
129 42 101.24
129 43 55.76
129 44 73.5
129 45 29.43
129 46 106.51
129 47 65.95
129 48 52.7
129 49 62.43
129 50 40.31
129 51 61.0
129 52 27.66
129 53 57.94
129 54 47.3
129 55 9.06
129 56 30.59
129 57 13.89
129 58 83.2
129 59 35.36
129 60 108.07
129 61 47.51
129 62 109.66
129 63 85.98
129 64 56.01
129 65 56.44
129 66 41.18
129 67 50.01
129 68 59.48
129 69 85.73
129 70 26.17
129 71 89.89
129 72 26.93
129 73 106.02
129 74 35.47
129 75 109.64
129 76 98.86
129 77 124.78
129 78 66.19
129 79 74.89
129 80 58.69
129 81 17.09
129 82 32.39
129 83 84.34
129 84 89.44
129 85 31.14
129 86 25.08
129 87 72.09
129 88 79.2
129 89 38.01
129 90 78.29
129 91 60.83
129 92 32.02
129 93 104.06
129 94 53.15
129 95 81.74
129 96 85.09
129 97 81.3
129 98 17.72
129 99 53.08
129 100 35.78
129 101 48.75
129 102 52.39
129 103 90.21
129 104 129.25
129 105 89.81
129 106 22.56
129 107 22.63
129 108 29.83
129 109 47.1
129 110 65.55
129 111 78.85
129 112 41.3
129 113 84.65
129 114 27.46
129 115 82.07
129 116 73.68
129 117 26.57
129 118 100.24
129 119 18.03
129 120 91.79
129 121 75.6
129 122 123.91
129 123 121.2
129 124 55.57
129 125 49.0
129 126 38.12
129 127 91.21
129 128 51.01
129 130 63.69
129 131 51.62
129 132 64.88
129 133 12.65
129 134 82.57
129 135 102.88
129 136 54.41
129 137 103.82
129 138 105.6
129 139 33.42
129 140 50.64
129 141 118.6
129 142 42.94
129 143 33.94
129 144 96.26
129 145 69.12
129 146 117.38
129 147 12.37
129 148 70.11
129 149 88.51
129 150 56.46
129 151 51.24
129 152 41.11
129 153 56.44
129 154 30.15
129 155 71.45
129 156 52.33
129 157 41.01
129 158 13.04
129 159 107.84
129 160 48.37
129 161 21.93
129 162 76.94
129 163 59.51
129 164 128.81
129 165 31.06
129 166 27.73
129 167 48.09
129 168 56.08
129 169 31.38
129 170 128.23
129 171 63.07
129 172 102.69
129 173 28.02
129 174 69.0
129 175 82.73
129 176 87.09
129 177 48.51
129 178 64.88
129 179 58.19
129 180 54.92
129 181 125.0
129 182 19.1
129 183 55.03
129 184 50.7
129 185 108.78
129 186 104.22
129 187 60.01
129 188 31.11
129 189 48.04
129 190 53.6
129 191 82.97
129 192 49.98
129 193 120.11
129 194 13.34
129 195 10.82
129 196 51.87
129 197 106.78
129 198 52.77
129 199 92.65
129 200 82.07
129 201 47.8
130 0 17.03
130 1 54.2
130 2 41.11
130 3 35.47
130 4 25.55
130 5 45.62
130 6 6.4
130 7 51.09
130 8 52.63
130 9 54.71
130 10 61.29
130 11 68.96
130 12 57.45
130 13 59.55
130 14 11.7
130 15 50.0
130 16 55.58
130 17 47.52
130 18 52.2
130 19 65.3
130 20 43.91
130 21 53.41
130 22 68.59
130 23 85.45
130 24 36.25
130 25 64.07
130 26 45.65
130 27 62.17
130 28 6.32
130 29 58.26
130 30 36.01
130 31 88.14
130 32 87.8
130 33 75.6
130 34 38.33
130 35 63.13
130 36 43.14
130 37 51.87
130 38 87.01
130 39 25.32
130 40 56.89
130 41 55.36
130 42 37.64
130 43 37.01
130 44 61.72
130 45 83.1
130 46 42.94
130 47 21.02
130 48 36.06
130 49 10.82
130 50 90.51
130 51 69.64
130 52 90.35
130 53 111.73
130 54 37.34
130 55 68.48
130 56 84.5
130 57 53.37
130 58 48.3
130 59 59.64
130 60 56.44
130 61 84.72
130 62 46.07
130 63 26.42
130 64 25.18
130 65 95.41
130 66 49.65
130 67 24.7
130 68 53.41
130 69 54.13
130 70 78.23
130 71 68.31
130 72 45.01
130 73 46.62
130 74 96.57
130 75 70.09
130 76 40.52
130 77 61.4
130 78 6.0
130 79 18.25
130 80 60.46
130 81 66.4
130 82 39.62
130 83 73.6
130 84 49.41
130 85 82.88
130 86 78.24
130 87 53.46
130 88 58.46
130 89 48.02
130 90 53.71
130 91 77.83
130 92 32.25
130 93 49.4
130 94 99.49
130 95 74.52
130 96 21.59
130 97 38.01
130 98 54.45
130 99 98.86
130 100 48.26
130 101 105.0
130 102 44.94
130 103 54.34
130 104 66.04
130 105 59.03
130 106 83.2
130 107 58.73
130 108 84.65
130 109 94.26
130 110 50.93
130 111 95.41
130 112 91.22
130 113 50.54
130 114 81.84
130 115 80.01
130 116 69.3
130 117 83.82
130 118 66.57
130 119 53.46
130 120 29.7
130 121 70.01
130 122 60.42
130 123 92.96
130 124 39.2
130 125 93.86
130 126 57.72
130 127 56.08
130 128 94.81
130 129 63.69
130 131 37.74
130 132 7.28
130 133 56.29
130 134 45.65
130 135 39.45
130 136 33.6
130 137 71.87
130 138 42.06
130 139 55.8
130 140 33.24
130 141 55.08
130 142 21.38
130 143 59.41
130 144 81.49
130 145 77.42
130 146 63.69
130 147 57.27
130 148 71.7
130 149 28.02
130 150 7.28
130 151 98.6
130 152 48.38
130 153 10.77
130 154 35.81
130 155 73.33
130 156 42.72
130 157 87.11
130 158 51.43
130 159 44.29
130 160 97.0
130 161 50.16
130 162 15.0
130 163 5.1
130 164 65.37
130 165 82.13
130 166 49.52
130 167 60.93
130 168 101.21
130 169 47.27
130 170 69.2
130 171 3.61
130 172 39.0
130 173 63.7
130 174 26.0
130 175 26.42
130 176 53.24
130 177 88.81
130 178 47.42
130 179 50.61
130 180 36.4
130 181 61.33
130 182 47.07
130 183 49.65
130 184 52.35
130 185 45.35
130 186 40.82
130 187 4.0
130 188 59.03
130 189 94.37
130 190 58.67
130 191 50.57
130 192 104.0
130 193 58.69
130 194 53.34
130 195 53.14
130 196 48.88
130 197 43.08
130 198 86.13
130 199 55.47
130 200 36.12
130 201 17.03
131 0 36.36
131 1 91.92
131 2 76.54
131 3 5.83
131 4 34.48
131 5 73.0
131 6 31.76
131 7 14.76
131 8 90.21
131 9 67.12
131 10 84.17
131 11 100.5
131 12 69.03
131 13 96.26
131 14 29.41
131 15 12.81
131 16 36.24
131 17 77.52
131 18 14.87
131 19 79.85
131 20 70.03
131 21 62.01
131 22 46.23
131 23 78.77
131 24 5.1
131 25 86.49
131 26 72.03
131 27 25.0
131 28 31.62
131 29 65.19
131 30 64.01
131 31 74.52
131 32 82.3
131 33 81.22
131 34 75.24
131 35 87.69
131 36 10.05
131 37 63.07
131 38 81.84
131 39 28.44
131 40 38.42
131 41 43.83
131 42 68.59
131 43 4.24
131 44 28.16
131 45 79.71
131 46 70.0
131 47 23.02
131 48 2.0
131 49 28.23
131 50 89.89
131 51 31.91
131 52 78.41
131 53 109.12
131 54 58.19
131 55 59.94
131 56 81.02
131 57 37.74
131 58 82.98
131 59 69.03
131 60 94.15
131 61 51.09
131 62 73.01
131 63 45.1
131 64 53.54
131 65 101.98
131 66 64.63
131 67 48.76
131 68 16.4
131 69 88.24
131 70 52.84
131 71 100.17
131 72 24.7
131 73 61.68
131 74 86.84
131 75 106.89
131 76 77.47
131 77 85.71
131 78 34.93
131 79 35.06
131 80 22.8
131 81 63.57
131 82 49.25
131 83 40.8
131 84 85.56
131 85 80.78
131 86 74.85
131 87 82.76
131 88 89.19
131 89 61.4
131 90 27.66
131 91 40.31
131 92 36.22
131 93 56.36
131 94 101.83
131 95 40.31
131 96 55.08
131 97 74.28
131 98 34.83
131 99 101.53
131 100 60.21
131 101 100.24
131 102 7.21
131 103 38.59
131 104 89.27
131 105 93.24
131 106 62.63
131 107 61.0
131 108 80.53
131 109 95.82
131 110 17.26
131 111 57.69
131 112 90.82
131 113 85.15
131 114 77.88
131 115 105.3
131 116 33.62
131 117 77.83
131 118 101.98
131 119 34.21
131 120 53.01
131 121 95.86
131 122 85.48
131 123 127.91
131 124 4.12
131 125 96.84
131 126 24.74
131 127 91.35
131 128 98.49
131 129 51.62
131 130 37.74
131 132 32.7
131 133 39.41
131 134 80.72
131 135 66.0
131 136 5.0
131 137 107.06
131 138 69.0
131 139 65.01
131 140 56.86
131 141 85.15
131 142 26.4
131 143 68.07
131 144 111.83
131 145 39.82
131 146 68.24
131 147 40.0
131 148 34.71
131 149 48.09
131 150 33.3
131 151 100.24
131 152 14.87
131 153 27.2
131 154 41.11
131 155 96.3
131 156 5.0
131 157 88.89
131 158 45.22
131 159 71.01
131 160 97.74
131 161 30.0
131 162 41.77
131 163 33.02
131 164 89.81
131 165 80.41
131 166 56.04
131 167 24.33
131 168 104.4
131 169 21.21
131 170 81.86
131 171 34.48
131 172 68.18
131 173 67.9
131 174 60.83
131 175 64.14
131 176 87.97
131 177 94.15
131 178 15.0
131 179 13.6
131 180 3.61
131 181 88.14
131 182 33.11
131 183 12.04
131 184 14.87
131 185 76.53
131 186 67.01
131 187 34.41
131 188 66.19
131 189 96.46
131 190 21.02
131 191 84.65
131 192 101.08
131 193 76.92
131 194 49.04
131 195 42.05
131 196 11.18
131 197 72.11
131 198 51.09
131 199 91.24
131 200 33.12
131 201 36.36
132 0 21.1
132 1 59.64
132 2 44.15
132 3 29.68
132 4 28.28
132 5 44.92
132 6 2.83
132 7 45.22
132 8 58.73
132 9 59.93
132 10 59.48
132 11 76.24
132 12 62.61
132 13 66.22
132 14 4.47
132 15 44.42
132 16 55.08
132 17 54.74
132 18 46.65
132 19 61.52
132 20 42.72
132 21 57.98
132 22 67.91
132 23 88.09
132 24 32.02
132 25 62.18
132 26 44.6
132 27 57.58
132 28 6.4
132 29 62.68
132 30 43.01
132 31 89.55
132 32 90.69
132 33 80.16
132 34 42.54
132 35 61.85
132 36 37.01
132 37 56.82
132 38 89.94
132 39 18.11
132 40 56.61
132 41 56.36
132 42 38.21
132 43 31.38
132 44 55.17
132 45 86.28
132 46 42.06
132 47 13.89
132 48 30.87
132 49 4.47
132 50 94.26
132 51 64.41
132 52 92.11
132 53 115.36
132 54 43.42
132 55 70.46
132 56 87.69
132 57 53.49
132 58 55.46
132 59 64.5
132 60 61.85
132 61 81.61
132 62 45.22
132 63 21.93
132 64 32.02
132 65 100.34
132 66 55.15
132 67 30.81
132 68 47.71
132 69 61.33
132 70 77.1
132 71 75.58
132 72 43.74
132 73 42.45
132 74 98.81
132 75 76.69
132 76 44.78
132 77 60.01
132 78 2.24
132 79 12.08
132 80 55.07
132 81 69.35
132 82 43.83
132 83 66.84
132 84 56.3
132 85 86.28
132 86 81.34
132 87 60.67
132 88 65.73
132 89 53.23
132 90 46.65
132 91 73.01
132 92 34.71
132 93 43.83
132 94 103.81
132 95 67.94
132 96 23.09
132 97 44.94
132 98 53.85
132 99 103.23
132 100 53.24
132 101 108.21
132 102 39.81
132 103 47.07
132 104 64.4
132 105 66.21
132 106 83.17
132 107 62.37
132 108 87.73
132 109 98.41
132 110 44.6
132 111 90.05
132 112 95.02
132 113 57.7
132 114 84.9
132 115 87.05
132 116 63.03
132 117 86.56
132 118 73.57
132 119 52.89
132 120 26.93
132 121 77.06
132 122 59.24
132 123 99.98
132 124 33.62
132 125 98.23
132 126 54.45
132 127 63.13
132 128 99.3
132 129 64.88
132 130 7.28
132 131 32.7
132 133 56.3
132 134 52.77
132 135 38.28
132 136 28.18
132 137 78.89
132 138 41.11
132 139 60.54
132 140 39.62
132 141 55.58
132 142 21.95
132 143 64.14
132 144 88.77
132 145 71.87
132 146 58.14
132 147 57.25
132 148 65.8
132 149 24.08
132 150 10.3
132 151 102.8
132 152 44.72
132 153 8.54
132 154 38.9
132 155 80.16
132 156 37.58
132 157 91.21
132 158 53.25
132 159 43.32
132 160 101.04
132 161 49.24
132 162 12.08
132 163 6.71
132 164 64.08
132 165 85.59
132 166 53.6
132 167 56.61
132 168 105.68
132 169 45.04
132 170 65.12
132 171 4.0
132 172 38.83
132 173 67.8
132 174 33.24
132 175 32.02
132 176 60.37
132 177 93.49
132 178 41.04
132 179 44.94
132 180 30.89
132 181 60.73
132 182 47.17
132 183 44.29
132 184 47.54
132 185 46.17
132 186 39.56
132 187 7.28
132 188 63.51
132 189 98.6
132 190 53.71
132 191 57.78
132 192 107.52
132 193 55.61
132 194 55.61
132 195 54.12
132 196 43.86
132 197 42.95
132 198 82.57
132 199 62.43
132 200 29.02
132 201 21.1
133 0 42.01
133 1 103.1
133 2 96.42
133 3 44.82
133 4 33.02
133 5 101.19
133 6 53.76
133 7 47.76
133 8 98.27
133 9 44.2
133 10 115.55
133 11 92.42
133 12 44.65
133 13 99.62
133 14 55.95
133 15 44.6
133 16 4.0
133 17 71.2
133 18 44.92
133 19 115.12
133 20 99.02
133 21 37.2
133 22 13.34
133 23 39.92
133 24 34.83
133 25 118.19
133 26 100.9
133 27 39.01
133 28 50.96
133 29 37.59
133 30 59.09
133 31 35.36
133 32 43.66
133 33 48.84
133 34 92.02
133 35 118.11
133 36 48.37
133 37 40.46
133 38 43.32
133 39 63.01
133 40 2.24
133 41 7.62
133 42 93.86
133 43 43.6
133 44 60.88
133 45 41.98
133 46 98.35
133 47 55.47
133 48 40.61
133 49 53.31
133 50 52.77
133 51 49.16
133 52 39.05
133 53 70.58
133 54 47.89
133 55 21.59
133 56 43.17
133 57 3.0
133 58 83.01
133 59 42.54
133 60 105.22
133 61 40.31
133 62 101.51
133 63 76.48
133 64 53.6
133 65 68.07
133 66 45.25
133 67 47.3
133 68 46.84
133 69 86.33
133 70 23.77
133 71 92.66
133 72 14.87
133 73 96.04
133 74 47.43
133 75 109.56
133 76 94.01
133 77 116.25
133 78 57.87
133 79 65.3
133 80 46.27
133 81 28.07
133 82 32.76
133 83 71.85
133 84 88.54
133 85 43.57
133 86 37.48
133 87 74.33
133 88 81.54
133 89 41.73
133 90 65.74
133 91 50.0
133 92 27.29
133 93 93.24
133 94 65.49
133 95 69.35
133 96 77.88
133 97 79.31
133 98 5.1
133 99 65.38
133 100 39.6
133 101 61.33
133 102 39.81
133 103 77.94
133 104 120.54
133 105 90.79
133 106 26.93
133 107 30.46
133 108 42.45
133 109 59.41
133 110 52.92
133 111 68.71
133 112 53.76
133 113 84.69
133 114 40.02
133 115 88.09
133 116 61.29
133 117 39.22
133 118 101.08
133 119 5.39
133 120 82.86
133 121 80.62
133 122 115.52
133 123 123.71
133 124 43.27
133 125 61.13
133 126 26.02
133 127 91.39
133 128 63.07
133 129 12.65
133 130 56.29
133 131 39.41
133 132 56.3
133 134 81.93
133 135 94.58
133 136 42.52
133 137 105.12
133 138 97.41
133 139 39.66
133 140 50.16
133 141 111.32
133 142 34.93
133 143 41.18
133 144 100.57
133 145 57.56
133 146 106.22
133 147 1.0
133 148 58.0
133 149 79.16
133 150 49.03
133 151 63.64
133 152 28.46
133 153 47.76
133 154 27.51
133 155 77.62
133 156 39.82
133 157 53.08
133 158 14.21
133 159 99.62
133 160 60.83
133 161 9.43
133 162 68.35
133 163 51.66
133 164 120.33
133 165 43.42
133 166 31.89
133 167 36.01
133 168 68.36
133 169 18.79
133 170 117.89
133 171 55.08
133 172 94.92
133 173 37.0
133 174 66.1
133 175 78.01
133 176 87.32
133 177 60.07
133 178 52.33
133 179 45.54
133 180 42.8
133 181 117.0
133 182 9.22
133 183 42.38
133 184 38.08
133 185 101.64
133 186 95.86
133 187 52.39
133 188 38.47
133 189 60.3
133 190 41.19
133 191 83.26
133 192 62.63
133 193 110.54
133 194 17.49
133 195 7.81
133 196 39.22
133 197 99.04
133 198 44.82
133 199 92.48
133 200 70.77
133 201 42.01
134 0 45.45
134 1 28.18
134 2 41.59
134 3 79.81
134 4 51.62
134 5 62.94
134 6 51.97
134 7 95.13
134 8 20.25
134 9 50.49
134 10 79.48
134 11 26.08
134 12 52.77
134 13 17.72
134 14 57.25
134 15 93.51
134 16 83.38
134 17 16.55
134 18 95.59
134 19 92.2
134 20 64.03
134 21 55.04
134 22 95.19
134 23 92.44
134 24 77.78
134 25 82.08
134 26 64.56
134 27 102.83
134 28 50.48
134 29 59.21
134 30 23.35
134 31 102.04
134 32 92.91
134 33 70.88
134 34 33.54
134 35 78.29
134 36 87.8
134 37 51.09
134 38 91.92
134 39 70.01
134 40 83.57
134 41 76.92
134 42 52.89
134 43 81.06
134 44 106.83
134 45 86.98
134 46 62.1
134 47 66.65
134 48 79.4
134 49 56.44
134 50 89.29
134 51 111.76
134 52 102.02
134 53 108.85
134 54 35.36
134 55 82.3
134 56 88.12
134 57 79.12
134 58 3.0
134 59 56.72
134 60 29.55
134 61 119.47
134 62 63.89
134 63 63.64
134 64 29.15
134 65 84.12
134 66 45.18
134 67 35.36
134 68 97.08
134 69 9.06
134 70 105.62
134 71 25.02
134 72 77.52
134 73 78.16
134 74 104.58
134 75 27.73
134 76 33.62
134 77 77.47
134 78 50.99
134 79 61.03
134 80 103.25
134 81 75.0
134 82 50.22
134 83 118.98
134 84 7.0
134 85 85.33
134 86 83.49
134 87 19.85
134 88 19.24
134 89 47.01
134 90 99.36
134 91 118.56
134 92 55.46
134 93 86.09
134 94 92.7
134 95 119.62
134 96 45.01
134 97 9.0
134 98 82.86
134 99 91.79
134 100 49.0
134 101 105.77
134 102 87.73
134 103 99.02
134 104 82.35
134 105 13.6
134 106 105.12
134 107 65.0
134 108 88.96
134 109 89.54
134 110 95.8
134 111 137.36
134 112 89.56
134 113 5.1
134 114 86.7
134 115 45.18
134 116 113.85
134 117 90.45
134 118 21.26
134 119 81.94
134 120 61.01
134 121 36.62
134 122 75.64
134 123 47.43
134 124 83.1
134 125 87.46
134 126 94.87
134 127 10.63
134 128 87.32
134 129 82.57
134 130 45.65
134 131 80.72
134 132 52.77
134 133 81.93
134 135 61.19
134 136 77.47
134 137 26.4
134 138 61.85
134 139 55.23
134 140 32.02
134 141 63.13
134 142 56.08
134 143 57.56
134 144 39.05
134 145 120.21
134 146 99.02
134 147 82.87
134 148 115.43
134 149 63.29
134 150 47.8
134 151 92.85
134 152 87.46
134 153 54.41
134 154 54.42
134 155 43.93
134 156 85.63
134 157 83.82
134 158 70.09
134 159 63.32
134 160 92.7
134 161 80.5
134 162 53.6
134 163 49.09
134 164 80.06
134 165 84.34
134 166 56.14
134 167 100.9
134 168 93.04
134 169 82.38
134 170 97.08
134 171 49.24
134 172 56.75
134 173 65.38
134 174 20.0
134 175 27.02
134 176 7.62
134 177 80.62
134 178 92.42
134 179 94.26
134 180 80.28
134 181 73.36
134 182 74.32
134 183 92.7
134 184 94.07
134 185 55.54
134 186 62.37
134 187 47.71
134 188 59.3
134 189 88.96
134 190 100.45
134 191 6.08
134 192 102.79
134 193 83.43
134 194 69.23
134 195 75.29
134 196 91.22
134 197 58.82
134 198 122.45
134 199 10.82
134 200 80.01
134 201 45.45
135 0 56.3
135 1 48.76
135 2 24.04
135 3 61.07
135 4 65.0
135 5 7.0
135 6 40.85
135 7 74.15
135 8 53.46
135 9 91.29
135 10 22.02
135 11 87.13
135 12 94.11
135 13 65.19
135 14 39.05
135 15 74.67
135 16 93.3
135 17 72.24
135 18 76.79
135 19 31.05
135 20 4.47
135 21 91.29
135 22 106.04
135 23 124.81
135 24 67.19
135 25 24.84
135 26 6.32
135 27 90.27
135 28 43.86
135 29 96.26
135 30 66.04
135 31 127.46
135 32 127.06
135 33 113.14
135 34 30.15
135 35 23.71
135 36 65.76
135 37 89.1
135 38 126.25
135 39 38.33
135 40 94.87
135 41 94.43
135 42 9.22
135 43 63.07
135 44 78.77
135 45 122.2
135 46 4.0
135 47 43.01
135 48 64.0
135 49 41.48
135 50 129.07
135 51 94.54
135 52 129.77
135 53 150.33
135 54 72.35
135 55 107.91
135 56 123.6
135 57 91.76
135 58 64.13
135 59 96.88
135 60 50.29
135 61 117.04
135 62 7.07
135 63 21.21
135 64 58.26
135 65 131.89
135 66 85.7
135 67 60.81
135 68 77.1
135 69 69.87
135 70 114.98
135 71 85.99
135 72 81.74
135 73 19.31
135 74 136.0
135 75 73.16
135 76 31.4
135 77 21.95
135 78 36.77
135 79 31.06
135 80 85.16
135 81 105.68
135 82 78.24
135 83 87.21
135 84 60.21
135 85 121.82
135 86 117.41
135 87 77.83
135 88 79.81
135 89 84.86
135 90 65.8
135 91 104.24
135 92 71.69
135 93 30.53
135 94 137.18
135 95 89.96
135 96 19.85
135 97 52.39
135 98 92.05
135 99 136.47
135 100 85.56
135 101 144.01
135 102 72.11
135 103 56.61
135 104 26.63
135 105 73.44
135 106 121.43
135 107 97.62
135 108 123.81
135 109 132.28
135 110 71.06
135 111 118.41
135 112 129.73
135 113 65.92
135 114 121.02
135 115 105.3
135 116 87.92
135 117 123.15
135 118 76.03
135 119 91.09
135 120 13.04
135 121 95.86
135 122 21.02
135 123 100.13
135 124 65.12
135 125 131.52
135 126 90.2
135 127 68.18
135 128 132.25
135 129 102.88
135 130 39.45
135 131 66.0
135 132 38.28
135 133 94.58
135 134 61.19
135 136 61.0
135 137 81.1
135 138 3.0
135 139 93.35
135 140 67.48
135 141 19.65
135 142 60.01
135 143 96.88
135 144 99.98
135 145 100.17
135 146 40.26
135 147 95.52
135 148 92.72
135 149 18.25
135 150 46.53
135 151 136.49
135 152 80.16
135 153 46.82
135 154 75.17
135 155 101.64
135 156 70.06
135 157 125.26
135 158 90.82
135 159 5.1
135 160 135.15
135 161 87.36
135 162 26.25
135 163 43.38
135 164 25.94
135 165 121.04
135 166 88.09
135 167 90.09
135 168 138.62
135 169 82.38
135 170 35.9
135 171 39.81
135 172 5.39
135 173 102.07
135 174 50.12
135 175 34.79
135 176 67.6
135 177 125.94
135 178 67.68
135 179 74.81
135 180 63.03
135 181 22.56
135 182 85.44
135 183 75.43
135 184 80.16
135 185 13.45
135 186 1.41
135 187 42.94
135 188 96.94
135 189 132.25
135 190 85.48
135 191 67.27
135 192 142.76
135 193 22.47
135 194 92.78
135 195 92.2
135 196 76.16
135 197 7.21
135 198 117.04
135 199 66.07
135 200 40.31
135 201 56.3
136 0 34.01
136 1 87.66
136 2 71.78
136 3 3.0
136 4 33.38
136 5 68.0
136 6 27.46
136 7 17.69
136 8 86.21
136 9 67.01
136 10 79.25
136 11 98.01
136 12 69.07
136 13 92.63
136 14 24.7
136 15 16.4
136 16 39.6
136 17 75.13
136 18 18.6
136 19 75.24
136 20 65.03
136 21 62.29
136 22 50.22
136 23 81.3
136 24 7.81
136 25 81.58
136 26 67.03
136 27 29.83
136 28 27.66
136 29 65.76
136 30 61.74
136 31 77.83
136 32 84.72
136 33 82.23
136 34 70.68
136 35 82.73
136 36 10.77
136 37 63.03
136 38 84.22
136 39 23.54
136 40 41.73
136 41 46.32
136 42 63.64
136 43 3.61
136 44 29.97
136 45 81.84
136 46 65.0
136 47 18.03
136 48 3.0
136 49 23.71
136 50 91.79
136 51 36.24
136 52 81.57
136 53 111.41
136 54 56.75
136 55 62.43
136 56 83.19
136 57 40.61
136 58 79.81
136 59 69.35
136 60 89.89
136 61 56.08
136 62 68.01
136 63 40.11
136 64 51.0
136 65 103.08
136 66 64.12
136 67 46.62
136 68 19.85
136 69 85.21
136 70 57.25
136 71 97.62
136 72 27.66
136 73 56.92
136 74 89.81
136 75 103.25
136 76 72.92
136 77 80.75
136 78 30.41
136 79 30.07
136 80 26.93
136 81 65.39
136 82 49.0
136 83 42.54
136 84 82.07
136 85 82.76
136 86 76.92
136 87 80.53
136 88 86.77
136 89 61.03
136 90 27.02
136 91 44.94
136 92 36.01
136 93 51.97
136 94 103.46
136 95 42.54
136 96 50.29
136 97 70.72
136 98 38.18
136 99 103.12
136 100 60.0
136 101 102.73
136 102 11.7
136 103 36.25
136 104 84.34
136 105 90.21
136 106 66.61
136 107 62.1
136 108 82.76
136 109 97.5
136 110 18.79
136 111 61.91
136 112 92.7
136 113 82.01
136 114 80.06
136 115 103.85
136 116 36.4
136 117 80.26
136 118 98.72
136 119 37.48
136 120 48.01
136 121 94.25
136 122 80.5
136 123 124.81
136 124 5.66
136 125 98.35
136 126 29.61
136 127 88.09
136 128 99.93
136 129 54.41
136 130 33.6
136 131 5.0
136 132 28.18
136 133 42.52
136 134 77.47
136 135 61.0
136 137 103.86
136 138 64.0
136 139 65.28
136 140 55.03
136 141 80.16
136 142 24.74
136 143 68.47
136 144 109.59
136 145 43.83
136 146 64.2
136 147 43.19
136 148 38.21
136 149 43.1
136 150 29.73
136 151 101.95
136 152 19.65
136 153 23.35
136 154 41.05
136 155 95.13
136 156 9.49
136 157 90.48
136 158 47.01
136 159 66.01
136 160 99.54
136 161 33.24
136 162 36.88
136 163 29.07
136 164 84.85
136 165 82.35
136 166 56.44
136 167 29.27
136 168 105.95
136 169 25.0
136 170 77.37
136 171 30.23
136 172 63.2
136 173 68.88
136 174 57.49
136 175 59.91
136 176 84.81
136 177 95.34
136 178 15.81
136 179 17.03
136 180 2.83
136 181 83.15
136 182 35.51
136 183 16.12
136 184 19.65
136 185 71.57
136 186 62.01
136 187 30.48
136 188 66.75
136 189 98.08
136 190 25.63
136 191 81.61
136 192 103.35
136 193 72.12
136 194 50.7
136 195 44.42
136 196 15.81
136 197 67.12
136 198 56.08
136 199 87.86
136 200 28.84
136 201 34.01
137 0 71.42
137 1 35.17
137 2 58.08
137 3 106.21
137 4 76.84
137 5 81.06
137 6 78.23
137 7 121.51
137 8 28.16
137 9 67.47
137 10 95.89
137 11 18.68
137 12 69.05
137 13 16.03
137 14 83.35
137 15 119.85
137 16 107.04
137 17 34.01
137 18 121.92
137 19 111.07
137 20 83.0
137 21 73.5
137 22 118.07
137 23 108.66
137 24 104.0
137 25 98.15
137 26 83.02
137 27 128.76
137 28 76.84
137 29 76.69
137 30 46.32
137 31 120.42
137 32 108.3
137 33 84.01
137 34 51.01
137 35 93.56
137 36 114.2
137 37 69.38
137 38 107.3
137 39 95.71
137 40 106.94
137 41 99.32
137 42 72.03
137 43 107.45
137 44 133.22
137 45 102.31
137 46 81.0
137 47 92.78
137 48 105.76
137 49 82.68
137 50 102.04
137 51 137.89
137 52 119.52
137 53 119.22
137 54 57.25
137 55 101.92
137 56 103.24
137 57 102.47
137 58 24.08
137 59 72.99
137 60 34.79
137 61 143.96
137 62 82.05
137 63 87.64
137 64 54.56
137 65 91.98
137 66 63.32
137 67 60.44
137 68 123.43
137 69 19.21
137 70 128.38
137 71 17.46
137 72 102.42
137 73 99.61
137 74 120.42
137 75 12.73
137 76 50.01
137 77 93.21
137 78 77.03
137 79 86.41
137 80 129.5
137 81 93.39
137 82 72.45
137 83 145.34
137 84 22.85
137 85 100.18
137 86 99.72
137 87 32.02
137 88 25.32
137 89 66.1
137 90 125.54
137 91 144.42
137 92 79.88
137 93 108.85
137 94 102.26
137 95 146.01
137 96 68.15
137 97 34.0
137 98 106.68
137 99 101.27
137 100 68.31
137 101 118.21
137 102 114.02
137 103 124.48
137 104 97.67
137 105 14.42
137 106 126.19
137 107 83.68
137 108 104.31
137 109 100.5
137 110 122.2
137 111 163.38
137 112 102.08
137 113 21.93
137 114 102.49
137 115 41.59
137 116 140.25
137 117 106.68
137 118 5.39
137 119 105.82
137 120 83.74
137 121 38.08
137 122 91.24
137 123 21.1
137 124 109.48
137 125 97.74
137 126 120.25
137 127 15.81
137 128 97.02
137 129 103.82
137 130 71.87
137 131 107.06
137 132 78.89
137 133 105.12
137 134 26.4
137 135 81.1
137 136 103.86
137 138 81.01
137 139 72.78
137 140 55.23
137 141 77.47
137 142 82.04
137 143 74.15
137 144 25.46
137 145 146.41
137 146 120.81
137 147 106.0
137 148 141.77
137 149 86.83
137 150 74.2
137 151 102.96
137 152 113.28
137 153 80.8
137 154 78.03
137 155 46.57
137 156 111.95
137 157 96.08
137 158 92.2
137 159 82.01
137 160 103.59
137 161 104.85
137 162 78.55
137 163 75.45
137 164 94.92
137 165 99.18
137 166 76.22
137 167 126.73
137 168 101.79
137 169 107.62
137 170 116.07
137 171 75.47
137 172 76.03
137 173 82.2
137 174 46.4
137 175 50.29
137 176 19.1
137 177 90.67
137 178 118.81
137 179 120.62
137 180 106.67
137 181 87.86
137 182 98.27
137 183 119.0
137 184 120.22
137 185 72.25
137 186 82.05
137 187 74.06
137 188 76.49
137 189 99.61
137 190 126.57
137 191 22.67
137 192 114.44
137 193 102.08
137 194 90.62
137 195 97.94
137 196 117.46
137 197 77.03
137 198 147.3
137 199 16.55
137 200 105.31
137 201 71.42
138 0 58.83
138 1 48.05
138 2 23.35
138 3 64.07
138 4 67.6
138 5 4.0
138 6 43.66
138 7 77.1
138 8 53.15
138 9 93.35
138 10 19.8
138 11 87.66
138 12 96.18
138 13 65.03
138 14 41.98
138 15 77.65
138 16 96.17
138 17 73.41
138 18 79.76
138 19 30.41
138 20 2.24
138 21 93.51
138 22 108.93
138 23 127.32
138 24 70.18
138 25 22.63
138 26 3.61
138 27 93.26
138 28 46.62
138 29 98.49
138 30 67.68
138 31 130.15
138 32 129.53
138 33 115.28
138 34 30.0
138 35 21.1
138 36 68.73
138 37 91.24
138 38 128.71
138 39 41.3
138 40 97.72
138 41 97.17
138 42 9.06
138 43 66.07
138 44 81.6
138 45 124.62
138 46 1.0
138 47 46.01
138 48 67.0
138 49 44.38
138 50 131.37
138 51 97.49
138 52 132.41
138 53 152.62
138 54 74.33
138 55 110.54
138 56 126.02
138 57 94.58
138 58 64.76
138 59 99.01
138 60 49.48
138 61 120.04
138 62 4.12
138 63 24.19
138 64 60.21
138 65 133.87
138 66 87.73
138 67 62.97
138 68 80.06
138 69 70.41
138 70 117.9
138 71 86.49
138 72 84.65
138 73 20.59
138 74 138.57
138 75 72.69
138 76 31.06
138 77 19.42
138 78 39.56
138 79 34.06
138 80 88.12
138 81 108.17
138 82 80.6
138 83 89.9
138 84 60.53
138 85 124.2
138 86 119.85
138 87 78.92
138 88 80.65
138 89 86.98
138 90 68.54
138 91 107.2
138 92 74.3
138 93 32.2
138 94 139.32
138 95 92.7
138 96 21.93
138 97 53.16
138 98 94.92
138 99 138.6
138 100 87.73
138 101 146.4
138 102 75.11
138 103 59.08
138 104 24.21
138 105 73.82
138 106 124.28
138 107 100.0
138 108 126.25
138 109 134.47
138 110 73.98
138 111 121.3
138 112 132.01
138 113 66.49
138 114 123.46
138 115 106.28
138 116 90.76
138 117 125.64
138 118 76.01
138 119 93.96
138 120 16.03
138 121 96.93
138 122 18.36
138 123 99.72
138 124 68.12
138 125 133.66
138 126 93.19
138 127 68.47
138 128 134.35
138 129 105.6
138 130 42.06
138 131 69.0
138 132 41.11
138 133 97.41
138 134 61.85
138 135 3.0
138 136 64.0
138 137 81.01
138 139 95.52
138 140 69.43
138 141 16.76
138 142 62.77
138 143 99.04
138 144 100.45
138 145 103.08
138 146 41.11
138 147 98.35
138 148 95.6
138 149 21.21
138 150 49.19
138 151 138.66
138 152 83.15
138 153 49.65
138 154 77.7
138 155 102.88
138 156 73.06
138 157 127.48
138 158 93.48
138 159 2.24
138 160 137.36
138 161 90.25
138 162 29.12
138 163 46.1
138 164 23.32
138 165 123.41
138 166 90.43
138 167 93.09
138 168 140.72
138 169 85.33
138 170 35.36
138 171 42.54
138 172 5.1
138 173 104.35
138 174 51.62
138 175 35.85
138 176 68.07
138 177 128.0
138 178 70.61
138 179 77.78
138 180 66.03
138 181 19.65
138 182 88.26
138 183 78.41
138 184 83.15
138 185 11.4
138 186 2.24
138 187 45.62
138 188 99.16
138 189 134.42
138 190 88.46
138 191 67.91
138 192 145.09
138 193 21.59
138 194 95.38
138 195 94.94
138 196 79.16
138 197 5.0
138 198 120.04
138 199 66.27
138 200 43.08
138 201 58.83
139 0 39.45
139 1 82.0
139 2 85.09
139 3 68.26
139 4 33.84
139 5 98.49
139 6 57.8
139 7 78.23
139 8 74.97
139 9 5.39
139 10 115.31
139 11 57.01
139 12 5.0
139 13 72.0
139 14 63.06
139 15 75.33
139 16 43.05
139 17 40.05
139 18 76.53
139 19 121.04
139 20 97.62
139 21 3.0
139 22 50.21
139 23 37.22
139 24 60.0
139 25 118.14
139 26 99.09
139 27 75.58
139 28 54.2
139 29 4.0
139 30 33.24
139 31 47.68
139 32 37.85
139 33 19.85
139 34 78.26
139 35 116.28
139 36 75.03
139 37 4.47
139 38 36.88
139 39 75.77
139 40 41.88
139 41 32.2
139 42 88.87
139 43 68.12
139 44 92.27
139 45 32.02
139 46 96.26
139 47 68.35
139 48 65.07
139 49 60.37
139 50 36.36
139 51 86.02
139 52 47.1
139 53 57.43
139 54 22.36
139 55 29.55
139 56 33.24
139 57 38.08
139 58 55.04
139 59 4.12
139 60 83.74
139 61 79.65
139 62 99.16
139 63 82.1
139 64 36.06
139 65 39.82
139 66 10.05
139 67 32.56
139 68 78.52
139 69 56.14
139 70 59.55
139 71 57.58
139 72 45.61
139 73 102.42
139 74 49.37
139 75 80.31
139 76 79.62
139 77 114.77
139 78 60.75
139 79 72.56
139 80 80.81
139 81 20.62
139 82 17.09
139 83 104.58
139 84 62.2
139 85 30.68
139 86 28.28
139 87 40.79
139 88 47.54
139 89 8.94
139 90 92.27
139 91 88.64
139 92 29.43
139 93 104.32
139 94 43.86
139 95 103.1
139 96 73.59
139 97 56.75
139 98 43.42
139 99 43.19
139 100 7.81
139 101 52.33
139 102 69.18
139 103 100.22
139 104 119.67
139 105 59.54
139 106 54.59
139 107 11.18
139 108 33.96
139 109 38.95
139 110 82.02
139 111 107.79
139 112 36.89
139 113 56.0
139 114 31.58
139 115 48.8
139 116 95.35
139 117 35.23
139 118 69.87
139 119 42.94
139 120 85.28
139 121 42.2
139 122 113.45
139 123 88.77
139 124 69.03
139 125 38.21
139 126 63.32
139 127 62.07
139 128 39.05
139 129 33.42
139 130 55.8
139 131 65.01
139 132 60.54
139 133 39.66
139 134 55.23
139 135 93.35
139 136 65.28
139 137 72.78
139 138 95.52
139 140 27.29
139 141 104.86
139 142 42.72
139 143 3.61
139 144 62.97
139 145 94.87
139 146 118.6
139 147 40.22
139 148 93.62
139 149 83.82
139 150 50.25
139 151 43.14
139 152 61.39
139 153 54.13
139 154 24.33
139 155 38.21
139 156 68.07
139 157 32.02
139 158 25.55
139 159 97.67
139 160 41.87
139 161 44.38
139 162 70.8
139 163 53.85
139 164 118.44
139 165 29.73
139 166 9.06
139 167 72.73
139 168 45.45
139 169 51.92
139 170 125.0
139 171 57.14
139 172 91.44
139 173 10.2
139 174 47.85
139 175 64.5
139 176 58.03
139 177 33.02
139 178 80.01
139 179 76.32
139 180 67.12
139 181 113.23
139 182 37.34
139 183 73.44
139 184 71.2
139 185 95.21
139 186 94.76
139 187 53.54
139 188 4.12
139 189 38.9
139 190 76.16
139 191 54.01
139 192 50.25
139 193 114.11
139 194 22.2
139 195 31.91
139 196 70.58
139 197 95.13
139 198 84.4
139 199 64.01
139 200 86.38
139 201 39.45
140 0 21.38
140 1 56.22
140 2 57.8
140 3 57.87
140 4 23.02
140 5 72.14
140 6 37.34
140 7 71.59
140 8 50.01
140 9 24.21
140 10 89.2
140 11 44.69
140 12 27.02
140 13 49.73
140 14 43.29
140 15 69.32
140 16 51.88
140 17 21.93
140 18 71.12
140 19 96.57
140 20 71.59
140 21 26.0
140 22 63.32
140 23 63.32
140 24 52.77
140 25 92.02
140 26 72.92
140 27 75.43
140 28 34.13
140 29 30.87
140 30 8.94
140 31 71.18
140 32 64.51
140 33 46.4
140 34 50.99
140 35 89.81
140 36 65.79
140 37 22.83
140 38 63.57
140 39 57.22
140 40 51.89
140 41 44.92
140 42 62.24
140 43 58.52
140 44 84.86
140 45 58.87
140 46 70.09
140 47 51.0
140 48 56.08
140 49 41.11
140 50 63.63
140 51 85.21
140 52 71.7
140 53 84.6
140 54 5.0
140 55 51.01
140 56 60.17
140 57 47.42
140 58 32.89
140 59 30.23
140 60 58.14
140 61 88.75
140 62 72.86
140 63 59.24
140 64 9.22
140 65 64.44
140 66 18.44
140 67 9.0
140 68 72.9
140 69 36.24
140 70 73.74
140 71 44.6
140 72 47.51
140 73 78.71
140 74 75.43
140 75 59.46
140 76 52.39
140 77 88.39
140 78 39.05
140 79 51.42
140 80 77.7
140 81 44.72
140 82 18.25
140 83 97.5
140 84 38.83
140 85 57.78
140 86 54.71
140 87 26.4
140 88 33.3
140 89 18.36
140 90 80.81
140 91 90.69
140 92 24.84
140 93 82.54
140 94 70.29
140 95 97.17
140 96 47.63
140 97 31.02
140 98 51.48
140 99 69.53
140 100 19.7
140 101 79.61
140 102 63.06
140 103 85.05
140 104 93.35
140 105 40.82
140 106 73.16
140 107 34.93
140 108 60.75
140 109 65.8
140 110 73.74
140 111 109.99
140 112 64.14
140 113 34.54
140 114 58.19
140 115 49.03
140 116 90.34
140 117 61.4
140 118 51.0
140 119 50.61
140 120 60.9
140 121 39.29
140 122 86.98
140 123 74.65
140 124 60.17
140 125 64.66
140 126 65.76
140 127 41.23
140 128 65.19
140 129 50.64
140 130 33.24
140 131 56.86
140 132 39.62
140 133 50.16
140 134 32.02
140 135 67.48
140 136 55.03
140 137 55.23
140 138 69.43
140 139 27.29
140 141 77.8
140 142 30.46
140 143 30.53
140 144 55.23
140 145 94.05
140 146 96.8
140 147 51.08
140 148 90.55
140 149 60.42
140 150 30.07
140 151 69.81
140 152 59.82
140 153 36.01
140 154 22.83
140 155 41.05
140 156 61.27
140 157 59.08
140 158 38.08
140 159 71.51
140 160 68.82
140 161 49.65
140 162 47.54
140 163 33.24
140 164 91.93
140 165 56.86
140 166 25.32
140 167 73.11
140 168 71.51
140 169 53.04
140 170 100.85
140 171 35.69
140 172 65.07
140 173 37.16
140 174 20.62
140 175 37.22
140 176 37.16
140 177 58.73
140 178 70.84
140 179 70.21
140 180 57.58
140 181 86.45
140 182 43.05
140 183 68.0
140 184 67.96
140 185 68.25
140 186 68.88
140 187 32.39
140 188 31.3
140 189 65.6
140 190 74.06
140 191 33.11
140 192 77.52
140 193 89.05
140 194 37.34
140 195 43.32
140 196 65.86
140 197 68.59
140 198 92.2
140 199 42.38
140 200 68.26
140 201 21.38
141 0 70.94
141 1 42.43
141 2 21.63
141 3 80.4
141 4 80.06
141 5 13.0
141 6 57.87
141 7 93.74
141 8 49.48
141 9 102.0
141 10 19.1
141 11 87.46
141 12 104.81
141 13 61.61
141 14 57.14
141 15 94.2
141 16 110.42
141 17 77.2
141 18 96.34
141 19 36.69
141 20 16.55
141 21 103.17
141 22 123.36
141 23 138.65
141 24 86.0
141 25 21.0
141 26 14.76
141 27 109.66
141 28 60.42
141 29 108.17
141 30 74.28
141 31 142.8
141 32 140.55
141 33 124.2
141 34 29.68
141 35 16.12
141 36 85.33
141 37 100.44
141 38 139.67
141 39 57.87
141 40 111.83
141 41 110.37
141 42 17.46
141 43 82.39
141 44 98.35
141 45 135.33
141 46 15.81
141 47 62.13
141 48 83.15
141 49 59.3
141 50 141.17
141 51 114.14
141 52 144.7
141 53 162.29
141 54 82.8
141 55 122.77
141 56 136.69
141 57 108.42
141 58 65.76
141 59 108.0
141 60 43.19
141 61 136.01
141 62 13.42
141 63 40.79
141 64 68.82
141 65 141.6
141 66 96.21
141 67 72.72
141 68 96.69
141 69 70.68
141 70 132.67
141 71 86.16
141 72 99.3
141 73 34.71
141 74 150.27
141 75 67.27
141 76 29.53
141 77 16.0
141 78 53.76
141 79 50.09
141 80 104.74
141 81 119.42
141 82 91.3
141 83 106.51
141 84 60.01
141 85 134.63
141 86 130.74
141 87 82.1
141 88 82.37
141 89 96.02
141 90 85.23
141 91 123.79
141 92 86.73
141 93 46.75
141 94 148.05
141 95 109.38
141 96 33.53
141 97 55.47
141 98 109.24
141 99 147.27
141 100 97.08
141 101 156.77
141 102 91.44
141 103 75.29
141 104 20.22
141 105 73.16
141 106 138.25
141 107 110.64
141 108 137.06
141 109 143.6
141 110 90.71
141 111 138.05
141 112 141.74
141 113 67.08
141 114 134.33
141 115 108.3
141 116 107.52
141 117 136.88
141 118 73.01
141 119 108.26
141 120 32.56
141 121 99.64
141 122 14.0
141 123 94.09
141 124 84.48
141 125 142.44
141 126 109.0
141 127 67.42
141 128 142.9
141 129 118.6
141 130 55.08
141 131 85.15
141 132 55.58
141 133 111.32
141 134 63.13
141 135 19.65
141 136 80.16
141 137 77.47
141 138 16.76
141 139 104.86
141 140 77.8
141 142 76.4
141 143 108.23
141 144 99.62
141 145 119.82
141 146 52.7
141 147 112.29
141 148 112.36
141 149 37.85
141 150 62.36
141 151 147.61
141 152 99.0
141 153 63.95
141 154 89.55
141 155 106.51
141 156 89.36
141 157 136.82
141 158 106.04
141 159 15.23
141 160 146.6
141 161 104.74
141 162 44.1
141 163 59.67
141 164 17.46
141 165 133.78
141 166 100.85
141 167 109.37
141 168 149.16
141 169 100.5
141 170 41.48
141 171 56.29
141 172 17.0
141 173 114.28
141 174 58.05
141 175 41.04
141 176 68.03
141 177 136.36
141 178 87.32
141 179 94.37
141 180 82.3
141 181 10.44
141 182 102.11
141 183 94.89
141 184 99.5
141 185 9.85
141 186 18.97
141 187 58.94
141 188 108.72
141 189 143.41
141 190 104.94
141 191 68.88
141 192 155.04
141 193 28.23
141 194 107.54
141 195 108.16
141 196 95.52
141 197 13.04
141 198 136.24
141 199 64.85
141 200 59.81
141 201 70.94
142 0 10.63
142 1 71.78
142 2 62.01
142 3 27.66
142 4 9.06
142 5 66.48
142 6 19.24
142 7 41.15
142 8 68.45
142 9 43.57
142 10 81.41
142 11 74.33
142 12 45.89
142 13 72.67
142 14 22.67
142 15 38.95
142 16 34.23
142 17 51.31
142 18 40.82
142 19 82.98
142 20 64.47
142 21 39.85
142 22 47.27
142 23 66.53
142 24 22.47
142 25 84.12
142 26 66.31
142 27 46.75
142 28 16.16
142 29 44.01
142 30 37.74
142 31 67.6
142 32 69.3
142 33 61.33
142 34 58.31
142 35 83.67
142 36 35.44
142 37 39.81
142 38 68.59
142 39 33.62
142 40 35.51
142 41 34.44
142 42 58.94
142 43 28.16
142 44 54.42
142 45 65.19
142 46 63.69
142 47 25.94
142 48 25.63
142 49 19.85
142 50 73.82
142 51 55.9
142 52 70.18
142 53 94.64
142 54 32.02
142 55 48.6
142 56 66.6
142 57 32.02
142 58 58.05
142 59 46.84
142 60 74.0
142 61 65.46
142 62 66.85
142 63 43.42
142 64 27.66
142 65 82.08
142 66 40.05
142 67 22.47
142 68 42.54
142 69 62.94
142 70 57.04
142 71 74.06
142 72 24.19
142 73 63.78
142 74 77.01
142 75 83.23
142 76 60.41
142 77 81.86
142 78 23.26
142 79 32.56
142 80 47.8
142 81 48.17
142 82 25.71
142 83 67.07
142 84 61.61
142 85 65.44
142 86 60.21
142 87 56.44
142 88 62.97
142 89 37.22
142 90 51.24
142 91 62.48
142 92 13.89
142 93 63.41
142 94 84.22
142 95 66.71
142 96 42.95
142 97 50.77
142 98 33.14
142 99 83.73
142 100 36.5
142 101 87.05
142 102 32.76
142 103 57.71
142 104 86.31
142 105 67.9
142 106 61.85
142 107 42.19
142 108 66.53
142 109 78.55
142 110 43.32
142 111 81.34
142 112 74.63
142 113 60.14
142 114 63.7
142 115 79.12
142 116 59.94
142 117 65.07
142 118 77.16
142 119 32.14
142 120 48.88
142 121 69.57
142 122 81.02
142 123 102.59
142 124 29.73
142 125 78.77
142 126 39.36
142 127 66.6
142 128 80.06
142 129 42.94
142 130 21.38
142 131 26.4
142 132 21.95
142 133 34.93
142 134 56.08
142 135 60.01
142 136 24.74
142 137 82.04
142 138 62.77
142 139 42.72
142 140 30.46
142 141 76.4
142 143 46.17
142 144 85.48
142 145 64.54
142 146 77.42
142 147 35.9
142 148 60.46
142 149 45.8
142 150 14.14
142 151 83.01
142 152 31.4
142 153 13.6
142 154 18.79
142 155 70.41
142 156 30.89
142 157 71.34
142 158 31.4
142 159 65.0
142 160 80.99
142 161 29.0
142 162 34.0
142 163 16.76
142 164 85.91
142 165 64.82
142 166 34.54
142 167 44.82
142 168 86.35
142 169 27.51
142 170 86.31
142 171 20.25
142 172 60.08
142 173 48.3
142 174 36.89
142 175 44.91
142 176 62.97
142 177 74.73
142 178 40.52
142 179 39.82
142 180 27.2
142 181 82.28
142 182 25.71
142 183 37.74
142 184 38.29
142 185 66.71
142 186 61.33
142 187 17.46
142 188 44.94
142 189 78.89
142 190 44.6
142 191 59.4
142 192 86.68
142 193 77.42
142 194 33.97
142 195 32.2
142 196 35.81
142 197 64.2
142 198 67.62
142 199 66.84
142 200 43.86
142 201 10.63
143 0 43.05
143 1 84.65
143 2 88.32
143 3 71.45
143 4 37.34
143 5 101.98
143 6 61.4
143 7 81.1
143 8 77.47
143 9 7.07
143 10 118.83
143 11 57.87
143 12 5.1
143 13 74.06
143 14 66.65
143 15 78.16
143 16 44.72
143 17 42.01
143 18 79.31
143 19 124.63
143 20 101.14
143 21 6.32
143 22 51.09
143 23 35.01
143 24 63.03
143 25 121.66
143 26 102.59
143 27 77.88
143 28 57.8
143 29 3.61
143 30 36.06
143 31 46.32
143 32 35.36
143 33 16.28
143 34 81.41
143 35 119.75
143 36 78.1
143 37 7.81
143 38 34.37
143 39 79.31
143 40 43.42
143 41 33.62
143 42 92.31
143 43 71.25
143 44 95.13
143 45 29.43
143 46 99.76
143 47 71.87
143 48 68.18
143 49 63.95
143 50 33.12
143 51 88.32
143 52 45.4
143 53 54.08
143 54 25.55
143 55 29.15
143 56 30.59
143 57 39.81
143 58 57.22
143 59 1.41
143 60 86.35
143 61 80.8
143 62 102.65
143 63 85.7
143 64 39.41
143 65 36.24
143 66 12.65
143 67 36.07
143 68 81.3
143 69 58.01
143 70 60.11
143 71 58.52
143 72 48.05
143 73 106.02
143 74 47.1
143 75 82.1
143 76 82.73
143 77 118.26
143 78 64.35
143 79 76.16
143 80 83.36
143 81 19.7
143 82 20.62
143 83 107.38
143 84 64.5
143 85 27.89
143 86 26.02
143 87 42.3
143 88 48.84
143 89 12.21
143 90 95.43
143 91 90.62
143 92 32.76
143 93 107.91
143 94 40.31
143 95 105.8
143 96 77.1
143 97 59.48
143 98 45.19
143 99 39.62
143 100 11.31
143 101 49.24
143 102 72.06
143 103 103.59
143 104 123.17
143 105 61.2
143 106 54.38
143 107 11.31
143 108 31.4
143 109 35.47
143 110 85.0
143 111 109.66
143 112 33.62
143 113 58.08
143 114 29.15
143 115 48.17
143 116 98.01
143 117 33.02
143 118 71.45
143 119 44.78
143 120 88.87
143 121 42.19
143 122 116.93
143 123 89.54
143 124 72.11
143 125 34.66
143 126 65.46
143 127 64.0
143 128 35.47
143 129 33.94
143 130 59.41
143 131 68.07
143 132 64.14
143 133 41.18
143 134 57.56
143 135 96.88
143 136 68.47
143 137 74.15
143 138 99.04
143 139 3.61
143 140 30.53
143 141 108.23
143 142 46.17
143 144 63.13
143 145 97.12
143 146 122.19
143 147 41.68
143 148 96.1
143 149 87.42
143 150 53.85
143 151 39.62
143 152 63.95
143 153 57.7
143 154 27.66
143 155 37.54
143 156 71.01
143 157 28.6
143 158 27.31
143 159 101.18
143 160 38.42
143 161 46.49
143 162 74.4
143 163 57.45
143 164 121.92
143 165 26.93
143 166 12.04
143 167 75.0
143 168 41.87
143 169 54.34
143 170 128.6
143 171 60.75
143 172 94.92
143 173 8.06
143 174 51.0
143 175 67.74
143 176 60.01
143 177 29.41
143 178 83.05
143 179 79.16
143 180 70.26
143 181 116.66
143 182 39.56
143 183 76.24
143 184 73.82
143 185 98.6
143 186 98.29
143 187 57.14
143 188 2.83
143 189 35.38
143 190 78.64
143 191 56.04
143 192 47.01
143 193 117.69
143 194 23.71
143 195 33.54
143 196 73.33
143 197 98.6
143 198 85.7
143 199 66.03
143 200 89.89
143 201 43.05
144 0 75.58
144 1 58.59
144 2 78.85
144 3 112.31
144 4 78.23
144 5 101.2
144 6 87.36
144 7 126.59
144 8 50.57
144 9 57.69
144 10 117.18
144 11 13.0
144 12 58.31
144 13 38.95
144 14 93.15
144 15 124.42
144 16 103.28
144 17 34.54
144 18 126.27
144 19 130.86
144 20 102.59
144 21 64.64
144 22 112.45
144 23 94.87
144 24 107.91
144 25 119.64
144 26 102.96
144 27 130.43
144 28 85.07
144 29 66.37
144 30 47.85
144 31 108.46
144 32 93.68
144 33 68.68
144 34 71.06
144 35 115.43
144 36 120.34
144 37 60.8
144 38 92.72
144 39 106.73
144 40 102.65
144 41 93.72
144 42 91.41
144 43 113.16
144 44 139.56
144 45 87.93
144 46 100.62
144 47 102.2
144 48 110.91
144 49 91.76
144 50 85.33
144 51 140.35
144 52 106.63
144 53 100.0
144 54 55.0
144 55 92.28
144 56 88.6
144 57 98.35
144 58 36.06
144 59 61.77
144 60 58.67
144 61 140.8
144 62 102.18
144 63 102.24
144 64 58.69
144 65 72.01
144 66 55.44
144 67 63.06
144 68 128.02
144 69 30.15
144 70 122.2
144 71 14.04
144 72 101.53
144 73 117.21
144 74 105.77
144 75 38.18
144 76 70.6
144 77 114.84
144 78 87.32
144 79 98.48
144 80 132.92
144 81 82.76
144 82 68.62
144 83 152.12
144 84 40.02
144 85 85.44
144 86 86.38
144 87 29.07
144 88 23.09
144 89 58.9
144 90 134.13
144 91 145.42
144 92 79.2
144 93 125.02
144 94 83.02
144 95 152.05
144 96 84.01
144 97 48.04
144 98 103.25
144 99 82.02
144 100 61.07
144 101 100.6
144 102 118.21
144 103 135.82
144 104 119.55
144 105 26.68
144 106 117.48
144 107 74.09
144 108 89.84
144 109 82.39
144 110 128.38
144 111 164.81
144 112 85.16
144 113 34.13
144 114 88.54
144 115 19.03
144 116 145.41
144 117 92.97
144 118 28.02
144 119 102.53
144 120 100.0
144 121 21.02
144 122 112.93
144 123 29.0
144 124 114.93
144 125 79.23
144 126 120.1
144 127 32.28
144 128 78.1
144 129 96.26
144 130 81.49
144 131 111.83
144 132 88.77
144 133 100.57
144 134 39.05
144 135 99.98
144 136 109.59
144 137 25.46
144 138 100.45
144 139 62.97
144 140 55.23
144 141 99.62
144 142 85.48
144 143 63.13
144 145 149.21
144 146 138.06
144 147 101.32
144 148 145.77
144 149 102.08
144 150 81.6
144 151 84.1
144 152 114.86
144 153 88.26
144 154 75.93
144 155 27.66
144 156 116.36
144 157 79.25
144 158 86.56
144 159 101.79
144 160 85.29
144 161 102.59
144 162 91.66
144 163 83.82
144 164 117.0
144 165 84.48
144 166 69.03
144 167 128.0
144 168 82.01
144 169 107.45
144 170 135.79
144 171 84.9
144 172 95.35
144 173 70.66
144 174 55.9
144 175 66.07
144 176 32.39
144 177 72.34
144 178 125.3
144 179 125.3
144 180 112.26
144 181 110.05
144 182 95.48
144 183 123.17
144 184 123.17
144 185 93.15
144 186 101.12
144 187 82.57
144 188 65.86
144 189 81.3
144 190 129.25
144 191 33.02
144 192 96.33
144 193 122.0
144 194 84.02
144 195 92.85
144 196 121.08
144 197 97.08
144 198 144.96
144 199 34.79
144 200 117.28
144 201 75.58
145 0 75.07
145 1 131.47
145 2 114.54
145 3 42.19
145 4 71.03
145 5 106.96
145 6 71.28
145 7 26.83
145 8 130.0
145 9 98.43
145 10 114.53
145 11 138.6
145 12 99.62
145 13 136.03
145 14 68.1
145 15 27.46
145 16 53.6
145 17 115.6
145 18 25.24
145 19 105.12
145 20 103.59
145 21 92.03
145 22 54.23
145 23 94.26
145 24 42.43
145 25 116.35
145 26 105.54
145 27 19.31
145 28 71.4
145 29 93.68
145 30 102.0
145 31 83.74
145 32 98.25
145 33 106.37
145 34 114.13
145 35 118.83
145 36 35.34
145 37 94.34
145 38 98.18
145 39 62.3
145 40 55.44
145 41 64.94
145 42 104.68
145 43 40.5
145 44 23.09
145 45 98.01
145 46 104.05
145 47 59.93
145 48 41.4
145 49 67.42
145 50 109.0
145 51 8.94
145 52 88.65
145 53 124.17
145 54 94.34
145 55 78.06
145 56 99.02
145 57 58.05
145 58 122.35
145 59 98.37
145 60 133.69
145 61 34.41
145 62 106.73
145 63 79.12
145 64 92.2
145 65 125.48
145 66 97.58
145 67 86.83
145 68 24.19
145 69 127.4
145 70 53.16
145 71 138.41
145 72 49.4
145 73 90.27
145 74 97.86
145 75 146.66
145 76 116.36
145 77 116.84
145 78 74.09
145 79 71.31
145 80 17.03
145 81 85.59
145 82 82.29
145 83 23.6
145 84 125.26
145 85 100.0
145 86 94.02
145 87 120.43
145 88 127.2
145 89 94.02
145 90 37.05
145 91 10.82
145 92 70.33
145 93 81.01
145 94 122.0
145 95 19.21
145 96 93.04
145 97 114.02
145 98 52.77
145 99 122.0
145 100 92.31
145 101 114.27
145 102 32.65
145 103 51.62
145 104 119.42
145 105 132.38
145 106 66.48
145 107 87.32
145 108 98.05
145 109 116.0
145 110 29.12
145 111 18.38
145 112 110.0
145 113 124.48
145 114 96.01
145 115 140.43
145 116 14.56
145 117 94.13
145 118 141.43
145 119 52.95
145 120 87.36
145 121 131.61
145 122 117.1
145 123 167.09
145 124 38.28
145 125 118.07
145 126 31.78
145 127 130.82
145 128 120.1
145 129 69.12
145 130 77.42
145 131 39.82
145 132 71.87
145 133 57.56
145 134 120.21
145 135 100.17
145 136 43.83
145 137 146.41
145 138 103.08
145 139 94.87
145 140 94.05
145 141 119.82
145 142 64.54
145 143 97.12
145 144 149.21
145 146 88.12
145 147 57.43
145 148 8.06
145 149 82.01
145 150 73.11
145 151 120.0
145 152 34.48
145 153 67.01
145 154 74.24
145 155 130.61
145 156 34.83
145 157 110.11
145 158 70.09
145 159 104.79
145 160 117.02
145 161 50.7
145 162 79.2
145 163 72.8
145 164 120.7
145 165 100.02
145 166 86.03
145 167 22.14
145 168 125.0
145 169 43.08
145 170 105.48
145 171 74.06
145 172 103.45
145 173 94.15
145 174 100.45
145 175 103.73
145 176 127.31
145 177 117.52
145 178 32.57
145 179 26.93
145 180 41.05
145 181 120.67
145 182 57.57
145 183 27.8
145 184 26.25
145 185 112.27
145 186 100.9
145 187 74.2
145 188 94.64
145 189 117.02
145 190 20.0
145 191 123.84
145 192 116.73
145 193 105.08
145 194 73.98
145 195 64.33
145 196 29.0
145 197 107.0
145 198 29.73
145 199 130.83
145 200 60.67
145 201 75.07
146 0 79.18
146 1 89.02
146 2 64.29
146 3 62.43
146 4 85.44
146 5 42.54
146 6 60.83
146 7 68.15
146 8 93.56
146 9 118.07
146 10 36.8
146 11 125.06
146 12 120.75
146 13 105.08
146 14 55.57
146 15 70.26
146 16 103.59
146 17 107.35
146 18 71.69
146 19 20.12
146 20 39.56
146 21 115.97
146 22 114.4
146 23 143.18
146 24 72.01
146 25 37.01
146 26 40.31
146 27 86.16
146 28 64.41
146 29 120.57
146 30 98.23
146 31 141.53
146 32 146.22
146 33 138.06
146 34 70.21
146 35 41.77
146 36 62.18
146 37 114.95
146 38 145.58
146 39 44.05
146 40 105.65
146 41 108.9
146 42 49.48
146 43 64.07
146 44 65.12
146 45 142.44
146 46 41.44
146 47 51.86
146 48 66.61
146 49 58.31
146 50 151.24
146 51 85.87
146 52 144.97
146 53 172.0
146 54 101.02
146 55 124.58
146 56 143.84
146 57 104.0
146 58 102.02
146 59 122.59
146 60 90.52
146 61 114.95
146 62 41.63
146 63 37.64
146 64 88.23
146 65 158.42
146 66 113.22
146 67 88.39
146 68 70.94
146 69 108.0
146 70 120.95
146 71 124.04
146 72 91.44
146 73 21.21
146 74 152.76
146 75 113.36
146 76 71.59
146 77 40.31
146 78 58.18
146 79 46.07
146 80 78.11
146 81 125.42
146 82 101.71
146 83 68.0
146 84 99.13
146 85 142.8
146 86 137.44
146 87 113.28
146 88 116.52
146 89 111.36
146 90 51.42
146 91 95.8
146 92 91.26
146 93 14.32
146 94 161.45
146 95 72.03
146 96 54.08
146 97 90.02
146 98 102.18
146 99 160.91
146 100 111.36
146 101 164.15
146 102 71.2
146 103 36.5
146 104 40.0
146 105 112.02
146 106 130.8
146 107 119.54
146 108 143.68
146 109 155.87
146 110 62.97
146 111 104.24
146 112 152.05
146 113 104.0
146 114 140.87
146 115 140.89
146 116 73.68
146 117 141.87
146 118 115.62
146 119 101.41
146 120 38.12
146 121 131.03
146 122 41.73
146 123 140.25
146 124 65.19
146 125 155.93
146 126 91.79
146 127 107.12
146 128 157.1
146 129 117.38
146 130 63.69
146 131 68.24
146 132 58.14
146 133 106.22
146 134 99.02
146 135 40.26
146 136 64.2
146 137 120.81
146 138 41.11
146 139 118.6
146 140 96.8
146 141 52.7
146 142 77.42
146 143 122.19
146 144 138.06
146 145 88.12
146 147 106.96
146 148 80.06
146 149 36.88
146 150 68.43
146 151 160.31
146 152 82.68
146 153 64.66
146 154 95.96
146 155 135.59
146 156 69.97
146 157 148.66
146 158 107.81
146 159 40.85
146 160 158.37
146 161 97.19
146 162 49.34
146 163 64.85
146 164 42.64
146 165 142.2
146 166 111.31
146 167 87.32
146 168 163.45
146 169 89.2
146 170 18.44
146 171 61.74
146 172 45.61
146 173 125.4
146 174 84.17
146 175 72.01
146 176 106.0
146 177 151.45
146 178 60.93
146 179 69.86
146 180 64.64
146 181 46.69
146 182 98.29
146 183 72.01
146 184 77.82
146 185 52.0
146 186 39.56
146 187 65.31
146 188 121.43
146 189 156.16
146 190 80.78
146 191 105.04
146 192 164.01
146 193 25.46
146 194 110.89
146 195 106.79
146 196 74.24
146 197 45.88
146 198 112.89
146 199 105.23
146 200 35.47
146 201 79.18
147 0 43.01
147 1 104.09
147 2 97.42
147 3 45.45
147 4 34.01
147 5 102.14
147 6 54.71
147 7 48.1
147 8 99.25
147 9 44.82
147 10 116.47
147 11 93.23
147 12 45.22
147 13 100.57
147 14 56.86
147 15 44.94
147 16 4.12
147 17 72.07
147 18 45.22
147 19 115.97
147 20 99.96
147 21 37.8
147 22 12.37
147 23 39.56
147 24 35.47
147 25 119.1
147 26 101.84
147 27 39.0
147 28 51.92
147 29 38.08
147 30 60.01
147 31 34.66
147 32 43.32
147 33 49.03
147 34 93.02
147 35 119.04
147 36 48.88
147 37 41.11
147 38 43.01
147 39 63.82
147 40 2.0
147 41 8.06
147 42 94.83
147 43 44.2
147 44 61.13
147 45 41.77
147 46 99.3
147 47 56.3
147 48 41.23
147 49 54.23
147 50 52.61
147 51 49.09
147 52 38.42
147 53 70.23
147 54 48.76
147 55 21.38
147 56 42.95
147 57 4.0
147 58 83.93
147 59 43.05
147 60 106.21
147 61 39.62
147 62 102.46
147 63 77.37
147 64 54.57
147 65 68.12
147 66 45.97
147 67 48.27
147 68 47.13
147 69 87.24
147 70 22.8
147 71 93.48
147 72 15.56
147 73 96.9
147 74 46.87
147 75 110.49
147 76 95.01
147 77 117.18
147 78 58.82
147 79 66.19
147 80 46.39
147 81 28.16
147 82 33.62
147 83 72.01
147 84 89.49
147 85 43.42
147 86 37.34
147 87 75.17
147 88 82.38
147 89 42.45
147 90 66.19
147 91 49.73
147 92 28.28
147 93 94.02
147 94 65.38
147 95 69.46
147 96 78.85
147 97 80.28
147 98 5.39
147 99 65.28
147 100 40.31
147 101 60.93
147 102 40.25
147 103 78.49
147 104 121.46
147 105 91.68
147 106 25.96
147 107 30.87
147 108 42.2
147 109 59.3
147 110 53.31
147 111 68.35
147 112 53.6
147 113 85.62
147 114 39.81
147 115 88.73
147 116 61.4
147 117 38.9
147 118 101.98
147 119 5.83
147 120 83.77
147 121 81.32
147 122 116.46
147 123 124.56
147 124 43.83
147 125 61.07
147 126 26.0
147 127 92.31
147 128 63.03
147 129 12.37
147 130 57.27
147 131 40.0
147 132 57.25
147 133 1.0
147 134 82.87
147 135 95.52
147 136 43.19
147 137 106.0
147 138 98.35
147 139 40.22
147 140 51.08
147 141 112.29
147 142 35.9
147 143 41.68
147 144 101.32
147 145 57.43
147 146 106.96
147 148 58.01
147 149 80.06
147 150 50.01
147 151 63.51
147 152 28.79
147 153 48.7
147 154 28.46
147 155 78.24
147 156 40.31
147 157 53.04
147 158 14.87
147 159 100.57
147 160 60.67
147 161 10.0
147 162 69.29
147 163 52.63
147 164 121.26
147 165 43.29
147 166 32.56
147 167 36.0
147 168 68.26
147 169 19.24
147 170 118.71
147 171 56.04
147 172 95.88
147 173 37.34
147 174 67.08
147 175 79.01
147 176 88.24
147 177 60.13
147 178 52.77
147 179 45.88
147 180 43.42
147 181 117.95
147 182 10.2
147 183 42.72
147 184 38.33
147 185 102.61
147 186 96.8
147 187 53.37
147 188 38.95
147 189 60.21
147 190 41.3
147 191 84.17
147 192 62.3
147 193 111.41
147 194 18.03
147 195 8.49
147 196 39.56
147 197 100.0
147 198 44.2
147 199 93.41
147 200 71.51
147 201 43.01
148 0 70.8
148 1 125.43
148 2 107.78
148 3 36.24
148 4 67.6
148 5 99.46
148 6 65.44
148 7 20.62
148 8 124.33
148 9 96.84
148 10 106.68
148 11 134.79
148 12 98.23
148 13 130.83
148 14 61.85
148 15 21.93
148 16 54.0
148 17 111.77
148 18 19.85
148 19 97.08
148 20 96.05
148 21 90.71
148 22 56.52
148 23 96.18
148 24 38.01
148 25 108.46
148 26 97.98
148 27 19.03
148 28 65.86
148 29 92.76
148 30 98.18
148 31 86.68
148 32 100.13
148 33 106.38
148 34 107.7
148 35 111.02
148 36 28.84
148 37 92.72
148 38 99.98
148 39 55.15
148 40 56.01
148 41 65.07
148 42 97.5
148 43 34.71
148 44 15.03
148 45 99.41
148 46 96.57
148 47 53.34
148 48 36.07
148 49 61.4
148 50 110.37
148 51 9.85
148 52 91.48
148 53 126.5
148 54 91.24
148 55 79.16
148 56 100.5
148 57 58.08
148 58 117.69
148 59 97.29
148 60 127.64
148 61 40.31
148 62 99.2
148 63 71.78
148 64 88.01
148 65 126.04
148 66 95.52
148 67 82.93
148 68 18.38
148 69 122.92
148 70 56.86
148 71 134.53
148 72 48.05
148 73 82.39
148 74 100.69
148 75 141.45
148 76 109.93
148 77 109.04
148 78 68.01
148 79 64.4
148 80 13.0
148 81 86.02
148 82 80.06
148 83 17.03
148 84 120.22
148 85 101.24
148 86 95.19
148 87 116.81
148 88 123.42
148 89 92.03
148 90 29.02
148 91 17.2
148 92 67.62
148 93 73.0
148 94 123.26
148 95 13.04
148 96 86.35
148 97 108.89
148 98 53.01
148 99 123.2
148 100 90.44
148 101 116.71
148 102 27.8
148 103 43.57
148 104 111.54
148 105 127.91
148 106 70.01
148 107 86.83
148 108 99.61
148 109 117.21
148 110 21.93
148 111 25.71
148 112 111.36
148 113 119.85
148 114 97.42
148 115 137.88
148 116 6.71
148 117 95.89
148 118 136.69
148 119 53.04
148 120 80.01
148 121 128.81
148 122 109.33
148 123 162.61
148 124 32.56
148 125 119.07
148 126 32.02
148 127 126.06
148 128 121.04
148 129 70.11
148 130 71.7
148 131 34.71
148 132 65.8
148 133 58.0
148 134 115.43
148 135 92.72
148 136 38.21
148 137 141.77
148 138 95.6
148 139 93.62
148 140 90.55
148 141 112.36
148 142 60.46
148 143 96.1
148 144 145.77
148 145 8.06
148 146 80.06
148 147 58.01
148 149 74.63
148 150 67.88
148 151 121.33
148 152 32.28
148 153 61.55
148 154 71.87
148 155 128.32
148 156 29.83
148 157 111.04
148 158 69.58
148 159 97.27
148 160 118.42
148 161 50.25
148 162 72.47
148 163 67.27
148 164 112.87
148 165 101.18
148 166 84.65
148 167 22.02
148 168 126.19
148 169 41.77
148 170 97.42
148 171 68.25
148 172 96.14
148 173 93.77
148 174 95.52
148 175 97.8
148 176 122.67
148 177 118.04
148 178 25.5
148 179 21.21
148 180 35.38
148 181 112.97
148 182 56.72
148 183 22.8
148 184 22.85
148 185 105.0
148 186 93.41
148 187 68.68
148 188 93.74
148 189 118.15
148 190 17.46
148 191 119.33
148 192 118.87
148 193 97.13
148 194 73.55
148 195 64.2
148 196 24.7
148 197 99.62
148 198 36.24
148 199 125.94
148 200 52.95
148 201 70.8
149 0 44.69
149 1 58.83
149 2 36.07
149 3 43.0
149 4 52.35
149 5 25.18
149 6 26.91
149 7 55.9
149 8 61.33
149 9 82.68
149 10 36.69
149 11 89.09
149 12 85.44
149 13 71.78
149 14 23.32
149 15 56.44
149 16 77.47
149 17 70.58
149 18 58.55
149 19 37.48
149 20 22.02
149 21 81.4
149 22 89.89
149 23 112.16
149 24 49.65
149 25 39.22
149 26 24.02
149 27 72.11
149 28 30.41
149 29 86.21
149 30 61.4
149 31 113.21
149 32 114.77
149 33 103.6
149 34 39.12
149 35 39.81
149 36 47.52
149 37 79.88
149 38 114.02
149 39 20.1
149 40 79.2
149 41 79.92
149 42 23.32
149 43 45.0
149 44 60.93
149 45 110.34
149 46 22.2
149 47 25.32
149 48 46.1
149 49 26.08
149 50 118.19
149 51 76.3
149 52 115.94
149 53 139.34
149 54 64.85
149 55 94.4
149 56 111.76
149 57 76.48
149 58 66.27
149 59 87.66
149 60 60.75
149 61 99.18
149 62 25.08
149 63 3.0
149 64 51.62
149 65 123.42
149 66 77.52
149 67 52.35
149 68 58.86
149 69 72.34
149 70 98.37
149 71 88.14
149 72 65.55
149 73 18.6
149 74 122.8
149 75 81.15
149 76 41.05
149 77 37.85
149 78 23.35
149 79 13.93
149 80 66.91
149 81 93.43
149 82 67.48
149 83 69.97
149 84 64.33
149 85 110.31
149 86 105.42
149 87 76.53
149 88 80.06
149 89 76.01
149 90 48.37
149 91 85.99
149 92 58.8
149 93 23.09
149 94 127.44
149 95 72.47
149 96 18.68
149 97 54.33
149 98 76.16
149 99 126.82
149 100 76.28
149 101 132.28
149 102 54.01
149 103 41.04
149 104 41.76
149 105 76.66
149 106 105.7
149 107 86.31
149 108 111.8
149 109 122.15
149 110 52.89
149 111 100.28
149 112 118.93
149 113 68.36
149 114 108.98
149 115 104.09
149 116 70.01
149 117 110.63
149 118 81.49
149 119 75.24
149 120 5.39
149 121 94.2
149 122 37.48
149 123 107.21
149 124 47.01
149 125 121.82
149 126 72.56
149 127 72.18
149 128 122.8
149 129 88.51
149 130 28.02
149 131 48.09
149 132 24.08
149 133 79.16
149 134 63.29
149 135 18.25
149 136 43.1
149 137 86.83
149 138 21.21
149 139 83.82
149 140 60.42
149 141 37.85
149 142 45.8
149 143 87.42
149 144 102.08
149 145 82.01
149 146 36.88
149 147 80.06
149 148 74.63
149 150 33.97
149 151 126.51
149 152 62.51
149 153 32.2
149 154 62.94
149 155 98.72
149 156 52.0
149 157 114.98
149 158 77.2
149 159 23.09
149 160 124.84
149 161 71.31
149 162 13.04
149 163 30.41
149 164 41.98
149 165 109.6
149 166 77.34
149 167 72.01
149 168 129.2
149 169 65.52
149 170 41.23
149 171 26.91
149 172 21.54
149 173 91.55
149 174 47.38
149 175 36.67
149 176 70.58
149 177 116.83
149 178 49.48
149 179 56.57
149 180 45.01
149 181 40.05
149 182 70.24
149 183 57.22
149 184 62.03
149 185 30.46
149 186 19.1
149 187 30.48
149 188 87.01
149 189 122.29
149 190 67.27
149 191 69.18
149 192 131.53
149 193 31.62
149 194 79.65
149 195 77.7
149 196 58.03
149 197 25.0
149 198 99.0
149 199 70.61
149 200 23.02
149 201 44.69
150 0 10.82
150 1 59.51
150 2 48.01
150 3 32.02
150 4 18.6
150 5 52.8
150 6 7.62
150 7 47.42
150 8 57.14
150 9 49.66
150 10 68.26
150 11 69.46
150 12 52.33
150 13 62.97
150 14 13.34
150 15 45.97
150 16 48.37
150 17 47.13
150 18 48.1
150 19 71.45
150 20 51.0
150 21 47.71
150 22 61.4
150 23 78.6
150 24 31.06
150 25 71.02
150 26 52.77
150 27 56.94
150 28 4.12
150 29 52.43
150 30 34.53
150 31 80.96
150 32 81.06
150 33 69.89
150 34 44.72
150 35 70.24
150 36 40.0
150 37 46.53
150 38 80.28
150 39 27.17
150 40 49.65
150 41 48.1
150 42 44.92
150 43 33.3
150 44 59.08
150 45 76.49
150 46 50.09
150 47 21.1
150 48 31.83
150 49 11.05
150 50 84.22
150 51 65.0
150 52 83.24
150 53 105.38
150 54 33.54
150 55 61.4
150 56 77.9
150 57 46.1
150 58 50.22
150 59 54.2
150 60 61.74
150 61 78.34
150 62 53.23
150 63 32.02
150 64 23.35
150 65 90.05
150 66 44.94
150 67 21.1
150 68 49.5
150 69 55.76
150 70 71.11
150 71 68.94
150 72 38.01
150 73 52.5
150 74 89.59
150 75 73.59
150 76 46.87
150 77 68.48
150 78 10.63
150 79 22.36
150 80 56.08
150 81 59.67
150 82 33.6
150 83 71.34
150 84 52.35
150 85 76.38
150 86 71.59
150 87 52.89
150 88 58.52
150 89 42.95
150 90 52.55
150 91 72.72
150 92 25.24
150 93 54.12
150 94 93.6
150 95 71.85
150 96 28.86
150 97 41.01
150 98 47.27
150 99 93.01
150 100 42.94
150 101 98.41
150 102 40.46
150 103 55.23
150 104 73.06
150 105 60.75
150 106 75.93
150 107 52.35
150 108 77.99
150 109 88.24
150 110 48.01
150 111 90.8
150 112 84.96
150 113 52.43
150 114 75.17
150 115 78.41
150 116 66.07
150 117 77.01
150 118 69.03
150 119 46.27
150 120 36.24
150 121 68.47
150 122 67.54
150 123 95.21
150 124 35.38
150 125 88.01
150 126 51.55
150 127 58.41
150 128 89.05
150 129 56.46
150 130 7.28
150 131 33.3
150 132 10.3
150 133 49.03
150 134 47.8
150 135 46.53
150 136 29.73
150 137 74.2
150 138 49.19
150 139 50.25
150 140 30.07
150 141 62.36
150 142 14.14
150 143 53.85
150 144 81.6
150 145 73.11
150 146 68.43
150 147 50.01
150 148 67.88
150 149 33.97
150 151 92.62
150 152 42.54
150 153 6.71
150 154 29.07
150 155 71.0
150 156 38.29
150 157 81.06
150 158 44.29
150 159 51.43
150 160 90.91
150 161 43.05
150 162 21.26
150 163 3.61
150 164 72.47
150 165 75.66
150 166 43.42
150 167 55.47
150 168 95.44
150 169 40.61
150 170 75.17
150 171 7.07
150 172 46.24
150 173 57.63
150 174 27.8
150 175 31.95
150 176 55.22
150 177 83.22
150 178 44.65
150 179 46.67
150 180 32.56
150 181 68.54
150 182 39.81
150 183 45.34
150 184 47.43
150 185 52.63
150 186 47.89
150 187 3.61
150 188 53.25
150 189 88.41
150 190 53.82
150 191 52.15
150 192 97.58
150 193 65.19
150 194 46.32
150 195 45.88
150 196 44.2
150 197 50.33
150 198 80.01
150 199 58.14
150 200 38.21
150 201 10.82
151 0 81.84
151 1 120.93
151 2 127.31
151 3 104.75
151 4 74.89
151 5 141.6
151 6 100.0
151 7 110.86
151 8 113.09
151 9 45.61
151 10 158.45
151 11 84.48
151 12 42.8
151 13 107.28
151 14 104.86
151 15 107.71
151 16 67.6
151 17 76.32
151 18 108.26
151 19 163.89
151 20 140.76
151 21 45.28
151 22 66.12
151 23 26.68
151 24 95.19
151 25 161.28
151 26 142.21
151 27 102.31
151 28 96.4
151 29 40.36
151 30 74.09
151 31 41.23
151 32 22.8
151 33 23.43
151 34 120.11
151 35 159.36
151 36 110.06
151 37 47.42
151 38 22.56
151 39 116.62
151 40 65.49
151 41 57.27
151 42 131.89
151 43 104.06
151 44 124.34
151 45 22.0
151 46 139.39
151 47 108.91
151 48 100.9
151 49 102.08
151 50 11.0
151 51 112.11
151 52 36.67
151 53 16.28
151 54 64.82
151 55 42.19
151 56 21.02
151 57 64.13
151 58 91.76
151 59 39.7
151 60 122.38
151 61 93.94
151 62 142.27
151 63 124.63
151 64 78.87
151 65 13.0
151 66 51.4
151 67 75.69
151 68 110.22
151 69 90.8
151 70 70.41
151 71 85.59
151 72 76.4
151 73 145.09
151 74 30.0
151 75 113.36
151 76 121.26
151 77 157.88
151 78 103.23
151 79 114.62
151 80 109.9
151 81 36.69
151 82 59.03
151 83 135.48
151 84 99.37
151 85 20.1
151 86 26.17
151 87 74.33
151 88 79.08
151 89 51.74
151 90 127.78
151 91 111.11
151 92 69.12
151 93 146.17
151 94 2.24
151 95 132.97
151 96 116.73
151 97 96.6
151 98 68.73
151 99 2.83
151 100 50.93
151 101 17.46
151 102 102.36
151 103 138.16
151 104 162.79
151 105 92.65
151 106 58.52
151 107 40.82
151 108 22.09
151 109 4.47
151 110 115.69
151 111 128.0
151 112 10.0
151 113 92.03
151 114 24.0
151 115 65.19
151 116 124.9
151 117 26.31
151 118 101.79
151 119 68.88
151 120 128.22
151 121 65.19
151 122 156.54
151 123 113.07
151 124 104.36
151 125 5.39
151 126 89.36
151 127 96.84
151 128 6.0
151 129 51.24
151 130 98.6
151 131 100.24
151 132 102.8
151 133 63.64
151 134 92.85
151 135 136.49
151 136 101.95
151 137 102.96
151 138 138.66
151 139 43.14
151 140 69.81
151 141 147.61
151 142 83.01
151 143 39.62
151 144 84.1
151 145 120.0
151 146 160.31
151 147 63.51
151 148 121.33
151 149 126.51
151 150 92.62
151 152 91.78
151 153 95.69
151 154 64.35
151 155 57.04
151 156 101.92
151 157 11.66
151 158 55.03
151 159 140.8
151 160 3.16
151 161 72.37
151 162 113.57
151 163 96.21
151 164 161.52
151 165 20.22
151 166 49.2
151 167 99.32
151 168 5.39
151 169 81.79
151 170 167.74
151 171 99.64
151 172 134.54
151 173 35.0
151 174 89.87
151 175 106.83
151 176 93.3
151 177 12.37
151 178 114.56
151 179 108.68
151 180 103.12
151 181 156.2
151 182 67.45
151 183 105.54
151 184 101.61
151 185 138.06
151 186 137.9
151 187 96.05
151 188 39.62
151 189 4.24
151 190 104.81
151 191 89.81
151 192 12.65
151 193 157.14
151 194 51.26
151 195 58.69
151 196 102.39
151 197 138.19
151 198 99.82
151 199 99.33
151 200 126.66
151 201 81.84
152 0 42.01
152 1 102.04
152 2 88.84
152 3 20.62
152 4 36.88
152 5 87.14
152 6 43.17
152 7 19.31
152 8 99.36
152 9 64.56
152 10 98.84
152 11 104.48
152 12 65.97
152 13 104.04
152 14 42.19
152 15 16.16
152 16 24.7
152 17 81.57
152 18 16.49
152 19 94.7
152 20 84.29
152 21 58.46
152 22 32.56
152 23 68.35
152 24 13.0
152 25 101.2
152 26 86.28
152 27 15.62
152 28 42.06
152 29 60.67
152 30 68.01
152 31 62.13
152 32 72.11
152 33 75.0
152 34 86.68
152 35 102.26
152 36 21.21
152 37 60.44
152 38 71.78
152 39 43.17
152 40 26.93
152 41 34.53
152 42 82.1
152 43 18.79
152 44 32.56
152 45 70.34
152 46 84.15
152 47 37.22
152 48 16.76
152 49 40.45
152 50 81.02
152 51 25.55
152 52 66.37
152 53 99.02
152 54 59.91
152 55 50.0
152 56 71.57
152 57 27.66
152 58 89.38
152 59 65.12
152 60 104.28
152 61 37.05
152 62 87.21
152 63 59.54
152 64 58.73
152 65 95.19
152 66 63.32
152 67 53.04
152 68 18.44
152 69 94.11
152 70 38.28
152 71 104.35
152 72 16.03
152 73 76.54
152 74 75.18
152 75 114.62
152 76 88.89
152 77 100.28
152 78 46.87
152 79 49.09
152 80 19.42
152 81 55.44
152 82 47.93
152 83 44.05
152 84 93.01
152 85 71.81
152 86 65.73
152 87 86.21
152 88 93.09
152 89 59.81
152 90 37.74
152 91 31.14
152 92 35.85
152 93 71.11
152 94 93.56
152 95 42.05
152 96 67.74
152 97 82.1
152 98 23.41
152 99 93.38
152 100 58.19
152 101 89.69
152 102 12.04
152 103 50.99
152 104 103.94
152 105 99.04
152 106 48.8
152 107 55.08
152 108 70.88
152 109 87.48
152 110 24.6
152 111 50.25
152 112 82.0
152 113 91.44
152 114 68.41
152 115 105.99
152 116 34.13
152 117 67.68
152 118 108.47
152 119 23.09
152 120 67.27
152 121 97.13
152 122 99.98
152 123 133.65
152 124 17.49
152 125 88.96
152 126 10.05
152 127 97.95
152 128 90.8
152 129 41.11
152 130 48.38
152 131 14.87
152 132 44.72
152 133 28.46
152 134 87.46
152 135 80.16
152 136 19.65
152 137 113.28
152 138 83.15
152 139 61.39
152 140 59.82
152 141 99.0
152 142 31.4
152 143 63.95
152 144 114.86
152 145 34.48
152 146 82.68
152 147 28.79
152 148 32.28
152 149 62.51
152 150 42.54
152 151 91.78
152 153 37.64
152 154 39.81
152 155 96.25
152 156 12.81
152 157 80.89
152 158 38.0
152 159 85.21
152 160 89.05
152 161 19.42
152 162 55.08
152 163 43.32
152 164 104.39
152 165 71.59
152 166 52.39
152 167 13.45
152 168 96.34
152 169 10.05
152 170 96.66
152 171 45.61
152 172 82.0
152 173 62.07
152 174 68.24
152 175 74.46
152 176 94.26
152 177 87.21
152 178 24.41
152 179 17.09
152 180 18.38
152 181 102.49
152 182 25.0
152 183 13.93
152 184 10.0
152 185 90.09
152 186 81.22
152 187 44.6
152 188 61.66
152 189 88.28
152 190 14.87
152 191 90.61
152 192 91.08
152 193 91.76
152 194 42.0
152 195 33.24
152 196 10.77
152 197 86.01
152 198 37.85
152 199 98.23
152 200 47.85
152 201 42.01
153 0 15.3
153 1 64.88
153 2 51.48
153 3 25.5
153 4 20.81
153 5 53.45
153 6 6.08
153 7 41.01
153 8 63.01
153 9 54.08
153 10 67.98
153 11 76.16
153 12 56.65
153 13 69.3
153 14 9.22
153 15 39.7
153 16 46.57
153 17 53.76
153 18 41.87
153 19 69.43
153 20 51.26
153 21 51.43
153 22 59.44
153 23 80.06
153 24 25.5
153 25 70.66
153 26 53.14
153 27 51.43
153 28 4.47
153 29 55.95
153 30 41.0
153 31 81.12
153 32 82.76
153 33 73.43
153 34 49.04
153 35 70.38
153 36 33.42
153 37 50.7
153 38 82.04
153 39 21.84
153 40 48.08
153 41 47.89
153 42 46.53
153 43 26.87
153 44 52.43
153 45 78.52
153 46 50.6
153 47 15.03
153 48 25.61
153 49 6.4
153 50 86.83
153 51 59.08
153 52 83.76
153 53 107.81
153 54 39.12
153 55 62.2
153 56 79.93
153 57 44.94
153 58 56.86
153 59 58.18
153 60 67.12
153 61 74.15
153 62 53.76
153 63 29.83
153 64 29.83
153 65 93.91
153 66 49.73
153 67 27.02
153 68 43.19
153 69 62.43
153 70 68.73
153 71 75.64
153 72 35.36
153 73 50.25
153 74 90.6
153 75 79.91
153 76 51.24
153 77 68.54
153 78 10.2
153 79 19.1
153 80 50.0
153 81 61.52
153 82 37.12
153 83 64.66
153 84 58.8
153 85 78.64
153 86 73.55
153 87 59.48
153 88 65.19
153 89 47.43
153 90 45.88
153 91 67.12
153 92 26.91
153 93 50.48
153 94 96.8
153 95 65.22
153 96 31.02
153 97 47.42
153 98 45.35
153 99 96.25
153 100 47.17
153 101 100.42
153 102 34.41
153 103 49.04
153 104 72.92
153 105 67.42
153 106 74.63
153 107 55.0
153 108 79.91
153 109 91.26
153 110 41.4
153 111 84.88
153 112 87.62
153 113 59.08
153 114 77.08
153 115 84.72
153 116 59.55
153 117 78.57
153 118 75.6
153 119 44.38
153 120 35.36
153 121 74.81
153 122 67.78
153 123 101.83
153 124 29.0
153 125 91.27
153 126 47.07
153 127 65.0
153 128 92.44
153 129 56.44
153 130 10.77
153 131 27.2
153 132 8.54
153 133 47.76
153 134 54.41
153 135 46.82
153 136 23.35
153 137 80.8
153 138 49.65
153 139 54.13
153 140 36.01
153 141 63.95
153 142 13.6
153 143 57.7
153 144 88.26
153 145 67.01
153 146 64.66
153 147 48.7
153 148 61.55
153 149 32.2
153 150 6.71
153 151 95.69
153 152 37.64
153 154 31.4
153 155 77.06
153 156 32.2
153 157 84.05
153 158 45.0
153 159 51.87
153 160 93.81
153 161 40.79
153 162 20.62
153 163 5.83
153 164 72.62
153 165 77.99
153 166 46.65
153 167 50.16
153 168 98.79
153 169 37.01
153 170 72.84
153 171 8.06
153 172 47.3
153 173 60.75
153 174 34.41
153 175 37.12
153 176 61.85
153 177 86.83
153 178 38.01
153 179 40.36
153 180 26.17
153 181 69.26
153 182 38.63
153 183 39.2
153 184 41.68
153 185 54.45
153 186 48.1
153 187 7.21
153 188 56.82
153 189 91.53
153 190 48.02
153 191 58.83
153 192 99.9
153 193 63.82
153 194 47.51
153 195 45.65
153 196 38.28
153 197 51.42
153 198 75.43
153 199 64.66
153 200 32.76
153 201 15.3
154 0 18.87
154 1 76.24
154 2 72.28
154 3 44.05
154 4 10.63
154 5 81.12
154 6 36.07
154 7 54.92
154 8 71.02
154 9 26.02
154 10 97.08
154 11 66.53
154 12 28.02
154 13 72.11
154 14 40.61
154 15 52.17
154 16 29.07
154 17 44.41
154 18 53.6
154 19 100.41
154 20 79.61
154 21 21.38
154 22 40.8
154 23 49.65
154 24 36.22
154 25 99.86
154 26 81.3
154 27 55.07
154 28 32.53
154 29 25.3
154 30 31.76
154 31 53.45
154 32 52.01
154 33 42.54
154 34 66.91
154 35 98.79
154 36 51.04
154 37 22.0
154 38 51.22
154 39 52.35
154 40 29.15
154 41 23.09
154 42 72.45
154 43 44.0
154 44 68.88
154 45 47.42
154 46 78.55
154 47 44.72
154 48 41.01
154 49 37.8
154 50 55.44
154 51 65.3
154 52 55.15
154 53 76.49
154 54 21.26
154 55 33.24
154 56 48.84
154 57 24.7
154 58 55.54
154 59 28.44
154 60 78.31
154 61 66.03
154 62 81.63
154 63 60.83
154 64 26.31
154 65 63.32
154 66 23.77
154 67 20.1
154 68 55.54
154 69 59.06
154 70 51.24
154 71 66.6
154 72 25.61
154 73 81.34
154 74 60.9
154 75 82.08
154 76 68.73
154 77 97.1
154 78 39.62
154 79 50.45
154 80 58.87
154 81 30.61
154 82 8.25
154 83 81.39
154 84 61.03
154 85 47.38
154 86 42.52
154 87 48.17
154 88 55.32
154 89 20.4
154 90 68.07
154 91 69.63
154 92 5.1
154 93 81.84
154 94 65.51
154 95 80.28
154 96 56.36
154 97 51.97
154 98 28.65
154 99 65.0
154 100 19.1
154 101 69.35
154 102 45.89
154 103 75.93
154 104 101.79
154 105 63.63
154 106 52.04
154 107 23.6
154 108 48.92
154 109 59.91
154 110 58.31
154 111 89.05
154 112 56.22
154 113 57.27
154 114 46.1
154 115 66.19
154 116 72.8
154 117 48.01
154 118 73.82
154 119 27.78
154 120 65.3
154 121 57.45
154 122 96.04
154 123 97.2
154 124 45.04
154 125 60.03
154 126 44.2
154 127 63.98
154 128 61.29
154 129 30.15
154 130 35.81
154 131 41.11
154 132 38.9
154 133 27.51
154 134 54.42
154 135 75.17
154 136 41.05
154 137 78.03
154 138 77.7
154 139 24.33
154 140 22.83
154 141 89.55
154 142 18.79
154 143 27.66
154 144 75.93
154 145 74.24
154 146 95.96
154 147 28.46
154 148 71.87
154 149 62.94
154 150 29.07
154 151 64.35
154 152 39.81
154 153 31.4
154 155 56.46
154 156 44.55
154 157 52.7
154 158 17.12
154 159 79.92
154 160 62.43
154 161 27.02
154 162 50.33
154 163 32.56
154 164 101.02
154 165 46.69
154 166 15.81
154 167 52.48
154 168 67.6
154 169 31.62
154 170 104.0
154 171 36.12
154 172 74.3
154 173 29.53
154 174 39.12
154 175 52.61
154 176 59.93
154 177 55.95
154 178 56.08
154 179 53.15
154 180 43.0
154 181 96.65
154 182 20.25
154 183 50.45
154 184 49.04
154 185 79.71
154 186 76.55
154 187 32.65
154 188 26.25
154 189 60.21
154 190 54.63
154 191 55.9
154 192 68.62
154 193 94.26
154 194 18.03
154 195 21.21
154 196 47.8
154 197 78.29
154 198 69.66
154 199 65.0
154 200 62.65
154 201 18.87
155 0 62.29
155 1 70.94
155 2 84.88
155 3 98.06
155 4 61.85
155 5 104.66
155 6 78.06
155 7 110.72
155 8 62.48
155 9 33.42
155 10 121.71
155 11 27.89
155 12 33.24
155 13 53.85
155 14 84.05
155 15 108.16
155 16 80.8
155 17 29.53
155 18 109.73
155 19 132.4
155 20 105.12
155 21 40.46
155 22 88.41
155 23 67.42
155 24 91.76
155 25 124.42
155 26 105.99
155 27 111.36
155 28 75.01
155 29 41.04
155 30 37.48
155 31 81.39
155 32 66.1
155 33 41.11
155 34 76.84
155 35 121.08
155 36 105.76
155 37 37.2
155 38 65.15
155 39 98.05
155 40 79.81
155 41 70.29
155 42 94.37
155 43 98.49
155 44 124.45
155 45 60.41
155 46 103.32
155 47 92.02
155 48 95.8
155 49 82.01
155 50 57.71
155 51 121.67
155 52 79.31
155 53 73.17
155 54 38.47
155 55 66.4
155 56 61.03
155 57 75.8
155 58 41.73
155 59 36.12
155 60 71.84
155 61 117.8
155 62 105.55
155 63 98.06
155 64 48.17
155 65 45.54
155 66 33.12
155 67 50.04
155 68 111.63
155 69 38.42
155 70 97.62
155 71 29.12
155 72 81.41
155 73 116.09
155 74 78.16
155 75 57.94
155 76 77.2
155 77 120.07
155 78 79.31
155 79 91.55
155 80 115.32
155 81 56.61
155 82 48.33
155 83 137.09
155 84 48.84
155 85 57.87
155 86 59.09
155 87 24.41
155 88 25.61
155 89 36.72
155 90 121.49
155 91 125.4
155 92 60.75
155 93 121.6
155 94 56.14
155 95 136.31
155 96 82.87
155 97 51.04
155 98 81.02
155 99 55.15
155 100 38.59
155 101 73.17
155 102 101.83
155 103 126.1
155 104 125.03
155 105 38.59
155 106 91.61
155 107 48.84
155 108 62.3
155 109 55.04
155 110 113.51
155 111 144.75
155 112 57.56
155 113 41.04
155 114 61.1
155 115 10.63
155 116 129.03
155 117 65.55
155 118 46.24
155 119 80.45
155 120 98.08
155 121 8.54
155 122 118.34
155 123 56.32
155 124 99.92
155 125 52.0
155 126 99.85
155 127 43.83
155 128 51.04
155 129 71.45
155 130 73.33
155 131 96.3
155 132 80.16
155 133 77.62
155 134 43.93
155 135 101.64
155 136 95.13
155 137 46.57
155 138 102.88
155 139 38.21
155 140 41.05
155 141 106.51
155 142 70.41
155 143 37.54
155 144 27.66
155 145 130.61
155 146 135.59
155 147 78.24
155 148 128.32
155 149 98.72
155 150 71.0
155 151 57.04
155 152 96.25
155 153 77.06
155 154 56.46
155 156 100.28
155 157 51.62
155 158 63.41
155 159 104.65
155 160 58.01
155 161 81.3
155 162 86.49
155 163 74.03
155 164 122.97
155 165 56.92
155 166 45.8
155 167 108.67
155 168 55.44
155 169 87.66
155 170 137.06
155 171 76.16
155 172 97.94
155 173 44.41
155 174 51.87
155 175 67.08
155 176 41.23
155 177 45.01
155 178 110.86
155 179 109.11
155 180 97.51
155 181 116.5
155 182 74.09
155 183 106.57
155 184 105.48
155 185 98.27
155 186 102.96
155 187 73.06
155 188 40.36
155 189 54.01
155 190 111.09
155 191 38.9
155 192 69.03
155 193 124.08
155 194 60.31
155 195 69.81
155 196 104.06
155 197 100.65
155 198 122.44
155 199 46.62
155 200 109.07
155 201 62.29
156 0 41.05
156 1 96.9
156 2 81.27
156 3 9.0
156 4 38.63
156 5 77.06
156 6 36.72
156 7 10.44
156 8 95.21
156 9 70.46
156 10 87.69
156 11 105.15
156 12 72.25
156 13 101.24
156 14 34.18
156 15 8.06
156 16 36.36
156 17 82.15
156 18 10.0
156 19 82.54
156 20 74.01
156 21 65.07
156 22 45.25
156 23 79.62
156 24 8.54
156 25 89.94
156 26 76.01
156 27 20.4
156 28 36.62
156 29 68.01
156 30 68.6
156 31 74.4
156 32 83.26
156 33 83.6
156 34 80.11
156 35 91.35
156 36 8.6
156 37 66.37
156 38 82.86
156 39 32.06
156 40 38.59
156 41 44.94
156 42 72.99
156 43 7.0
156 44 24.33
156 45 80.99
156 46 74.06
156 47 27.29
156 48 6.71
156 49 33.11
156 50 91.39
156 51 26.93
156 52 78.49
156 53 110.17
156 54 62.39
156 55 60.93
156 56 82.28
156 57 38.48
156 58 87.86
156 59 72.03
156 60 99.13
156 61 47.38
156 62 77.03
156 63 49.0
156 64 58.25
156 65 104.24
156 66 68.25
156 67 53.34
156 68 11.66
156 69 93.09
156 70 51.04
156 71 104.85
156 72 25.63
156 73 64.76
156 74 87.13
156 75 111.87
156 76 82.35
156 77 89.36
156 78 39.81
156 79 39.32
156 80 17.8
156 81 65.25
156 82 52.77
156 83 36.88
156 84 90.52
156 85 82.22
156 86 76.22
156 87 87.32
156 88 93.81
156 89 64.94
156 90 26.0
156 91 35.47
156 92 39.81
156 93 58.69
156 94 103.58
156 95 36.06
156 96 59.77
156 97 79.25
156 98 34.99
156 99 103.32
156 100 63.64
156 101 101.08
156 102 2.24
156 103 38.42
156 104 92.78
156 105 98.08
156 106 61.55
156 107 63.39
156 108 81.71
156 109 97.53
156 110 14.04
156 111 52.7
156 112 92.35
156 113 90.03
156 114 79.12
156 115 109.44
156 116 29.07
156 117 78.79
156 118 106.89
156 119 34.48
156 120 57.04
156 121 100.09
156 122 89.2
156 123 132.77
156 124 5.1
156 125 98.72
156 126 21.93
156 127 96.26
156 128 100.44
156 129 52.33
156 130 42.72
156 131 5.0
156 132 37.58
156 133 39.82
156 134 85.63
156 135 70.06
156 136 9.49
156 137 111.95
156 138 73.06
156 139 68.07
156 140 61.27
156 141 89.36
156 142 30.89
156 143 71.01
156 144 116.36
156 145 34.83
156 146 69.97
156 147 40.31
156 148 29.83
156 149 52.0
156 150 38.29
156 151 101.92
156 152 12.81
156 153 32.2
156 154 44.55
156 155 100.28
156 157 90.71
156 158 47.07
156 159 75.03
156 160 99.33
156 161 30.41
156 162 46.32
156 163 38.01
156 164 93.43
156 165 81.91
156 166 59.03
156 167 20.02
156 168 106.23
156 169 21.1
156 170 84.31
156 171 39.45
156 172 72.44
156 173 70.35
156 174 65.76
156 175 69.12
156 176 92.85
156 177 96.34
156 178 12.65
156 179 8.94
156 180 7.07
156 181 92.02
156 182 34.48
156 183 7.07
156 184 10.2
156 185 80.89
156 186 71.03
156 187 39.41
156 188 69.01
156 189 98.23
156 190 16.16
156 191 89.5
156 192 102.16
156 193 80.05
156 194 50.99
156 195 43.32
156 196 6.32
156 197 76.32
156 198 47.0
156 199 96.18
156 200 35.47
156 201 41.05
157 0 70.29
157 1 111.66
157 2 116.81
157 3 93.3
157 4 63.25
157 5 130.48
157 6 88.41
157 7 99.82
157 8 104.04
157 9 34.99
157 10 147.25
157 11 78.01
157 12 32.25
157 13 99.04
157 14 93.23
157 15 96.69
157 16 57.08
157 17 67.45
157 18 97.32
157 19 152.4
157 20 129.56
157 21 33.97
157 22 56.89
157 23 20.0
157 24 83.82
157 25 150.07
157 26 131.05
157 27 92.02
157 28 84.81
157 29 29.0
157 30 63.95
157 31 35.61
157 32 16.97
157 33 13.0
157 34 109.77
157 35 148.27
157 36 98.76
157 37 36.4
157 38 16.28
157 39 104.96
157 40 55.04
157 41 46.39
157 42 120.88
157 43 92.66
157 44 113.44
157 45 13.42
157 46 128.22
157 47 97.25
157 48 89.49
157 49 90.44
157 50 6.08
157 51 102.0
157 52 31.83
157 53 25.55
157 54 54.08
157 55 32.06
157 56 13.04
157 57 53.34
157 58 82.97
157 59 28.84
157 60 113.22
157 61 85.73
157 62 131.14
157 63 113.07
157 64 68.01
157 65 16.16
157 66 40.82
157 67 64.54
157 68 99.3
157 69 82.57
157 70 62.3
157 71 79.0
157 72 65.31
157 73 133.54
157 74 27.78
157 75 105.8
157 76 111.02
157 77 146.75
157 78 91.68
157 79 103.0
157 80 99.32
157 81 25.5
157 82 47.51
157 83 124.79
157 84 90.52
157 85 10.77
157 86 16.28
157 87 66.1
157 88 71.45
157 89 40.8
157 90 116.48
157 91 101.6
157 92 57.45
157 93 134.53
157 94 13.0
157 95 122.41
157 96 105.55
157 97 86.93
157 98 58.14
157 99 12.65
157 100 39.82
157 101 22.2
157 102 91.22
157 103 126.65
157 104 151.64
157 105 84.85
157 106 51.43
157 107 29.15
157 108 14.42
157 109 7.21
157 110 104.56
157 111 119.05
157 112 6.0
157 113 83.43
157 114 15.23
157 115 60.88
157 116 114.35
157 117 18.87
157 118 94.43
157 119 58.22
157 120 116.78
157 121 59.21
157 122 145.45
157 123 107.91
157 124 93.01
157 125 8.06
157 126 79.03
157 127 88.65
157 128 10.0
157 129 41.01
157 130 87.11
157 131 88.89
157 132 91.21
157 133 53.08
157 134 83.82
157 135 125.26
157 136 90.48
157 137 96.08
157 138 127.48
157 139 32.02
157 140 59.08
157 141 136.82
157 142 71.34
157 143 28.6
157 144 79.25
157 145 110.11
157 146 148.66
157 147 53.04
157 148 111.04
157 149 114.98
157 150 81.06
157 151 11.66
157 152 80.89
157 153 84.05
157 154 52.7
157 155 51.62
157 156 90.71
157 158 43.68
157 159 129.63
157 160 9.9
157 161 61.52
157 162 102.07
157 163 84.65
157 164 150.45
157 165 10.44
157 166 37.64
157 167 89.02
157 168 15.52
157 169 70.86
157 170 156.2
157 171 88.09
157 172 123.43
157 173 23.43
157 174 79.4
157 175 96.25
157 176 84.93
157 177 9.22
157 178 103.32
157 179 97.67
157 180 91.71
157 181 145.24
157 182 56.29
157 183 94.54
157 184 90.8
157 185 127.2
157 186 126.67
157 187 84.5
157 188 28.32
157 189 7.62
157 190 94.26
157 191 81.25
157 192 18.97
157 193 145.73
157 194 39.85
157 195 47.68
157 196 91.41
157 197 127.14
157 198 91.48
157 199 91.01
157 200 115.0
157 201 70.29
158 0 35.11
158 1 93.09
158 2 89.27
158 3 49.77
158 4 26.0
158 5 97.05
158 6 50.48
158 7 56.44
158 8 87.57
158 9 30.0
158 10 112.51
158 11 78.77
158 12 30.53
158 13 87.8
158 14 54.04
158 15 53.34
158 16 17.49
158 17 58.18
158 18 54.15
158 19 114.34
158 20 95.29
158 21 23.02
158 22 26.08
158 23 35.38
158 24 40.16
158 25 115.25
158 26 97.06
158 27 50.99
158 28 47.17
158 29 23.77
158 30 46.84
158 31 36.77
158 32 38.42
158 33 37.0
158 34 84.01
158 35 114.53
158 36 55.08
158 37 26.25
158 38 37.8
158 39 63.78
158 40 16.4
158 41 7.21
158 42 88.77
158 43 49.04
158 44 70.26
158 45 34.99
158 46 94.37
158 47 55.97
158 48 45.88
158 49 51.22
158 50 44.78
158 51 61.39
158 52 38.95
158 53 64.66
158 54 35.11
158 55 17.2
158 56 36.36
158 57 12.53
158 58 70.88
158 59 28.64
158 60 95.13
158 61 54.49
158 62 97.49
158 63 74.81
158 64 43.05
158 65 57.31
158 66 31.14
158 67 37.0
158 68 56.14
158 69 73.74
158 70 36.24
158 71 79.08
158 72 22.02
158 73 95.13
158 74 45.61
158 75 97.42
158 76 85.84
158 77 112.77
158 78 54.38
158 79 63.89
158 80 57.14
158 81 18.38
158 82 19.92
158 83 82.02
158 84 76.9
158 85 35.78
158 86 30.02
158 87 60.9
158 88 68.1
158 89 27.66
158 90 72.8
158 91 63.32
158 92 19.31
158 93 94.11
158 94 56.61
158 95 80.02
158 96 72.62
158 97 68.47
158 98 17.89
158 99 56.32
158 100 25.5
158 101 56.4
158 102 47.68
158 103 83.26
158 104 117.34
158 105 78.0
158 106 35.23
158 107 17.26
158 108 36.06
158 109 50.6
158 110 61.0
158 111 82.35
158 112 45.69
158 113 72.42
158 114 33.29
158 115 73.88
158 116 72.06
158 117 34.06
158 118 88.39
158 119 17.46
158 120 80.16
158 121 66.47
158 122 111.83
158 123 110.28
158 124 49.34
158 125 51.66
158 126 38.33
158 127 79.06
158 128 53.37
158 129 13.04
158 130 51.43
158 131 45.22
158 132 53.25
158 133 14.21
158 134 70.09
158 135 90.82
158 136 47.01
158 137 92.2
158 138 93.48
158 139 25.55
158 140 38.08
158 141 106.04
158 142 31.4
158 143 27.31
158 144 86.56
158 145 70.09
158 146 107.81
158 147 14.87
158 148 69.58
158 149 77.2
158 150 44.29
158 151 55.03
158 152 38.0
158 153 45.0
158 154 17.12
158 155 63.41
158 156 47.07
158 157 43.68
158 159 95.71
158 160 52.55
158 161 19.42
158 162 65.19
158 163 47.51
158 164 116.76
158 165 35.34
158 166 17.69
158 167 48.05
158 168 59.2
158 169 28.02
158 170 117.59
158 171 51.11
158 172 90.38
158 173 24.19
158 174 56.01
158 175 69.72
158 176 74.95
158 177 49.37
158 178 59.67
158 179 54.33
158 180 48.1
158 181 112.73
158 182 13.0
158 183 51.24
158 184 48.0
158 185 96.21
158 186 92.18
158 187 47.89
158 188 24.7
158 189 51.24
158 190 52.24
158 191 70.84
158 192 56.6
158 193 108.81
158 194 4.0
158 195 6.4
158 196 48.17
158 197 94.43
158 198 59.03
158 199 80.36
158 200 73.01
158 201 35.11
159 0 61.06
159 1 48.66
159 2 24.08
159 3 66.03
159 4 69.84
159 5 2.24
159 6 45.88
159 7 78.92
159 8 54.04
159 9 95.46
159 10 17.69
159 11 89.05
159 12 98.29
159 13 66.0
159 14 44.15
159 15 79.51
159 16 98.37
159 17 75.15
159 18 81.61
159 19 29.15
159 20 1.41
159 21 95.67
159 22 111.13
159 23 129.54
159 24 72.25
159 25 20.52
159 26 1.41
159 27 95.19
159 28 48.85
159 29 100.66
159 30 69.63
159 31 132.38
159 32 131.75
159 33 117.41
159 34 31.06
159 35 18.87
159 36 70.58
159 37 93.38
159 38 130.92
159 39 43.19
159 40 99.93
159 41 99.4
159 42 10.44
159 43 68.03
159 44 83.17
159 45 126.83
159 46 1.41
159 47 48.04
159 48 69.01
159 49 46.57
159 50 133.54
159 51 99.3
159 52 134.65
159 53 154.8
159 54 76.42
159 55 112.77
159 56 128.22
159 57 96.8
159 58 66.22
159 59 101.14
159 60 50.01
159 61 122.07
159 62 2.0
159 63 26.08
159 64 62.29
159 65 135.95
159 66 89.83
159 67 65.12
159 68 81.88
159 69 71.81
159 70 120.07
159 71 87.86
159 72 86.83
159 73 20.81
159 74 140.8
159 75 73.44
159 76 32.0
159 77 17.2
159 78 41.79
159 79 36.12
159 80 89.94
159 81 110.39
159 82 82.8
159 83 91.29
159 84 61.81
159 85 126.4
159 86 122.07
159 87 80.62
159 88 82.22
159 89 89.11
159 90 70.01
159 91 109.04
159 92 76.54
159 93 32.65
159 94 141.45
159 95 94.15
159 96 24.08
159 97 54.71
159 98 97.12
159 99 140.73
159 100 89.87
159 101 148.6
159 102 77.06
159 103 60.21
159 104 22.02
159 105 75.13
159 106 126.49
159 107 102.2
159 108 128.46
159 109 136.62
159 110 75.71
159 111 122.97
159 112 134.18
159 113 67.91
159 114 125.67
159 115 107.91
159 116 92.35
159 117 127.86
159 118 77.06
159 119 96.17
159 120 18.0
159 121 98.62
159 122 16.12
159 123 100.5
159 124 70.06
159 125 135.79
159 126 95.26
159 127 69.72
159 128 136.47
159 129 107.84
159 130 44.29
159 131 71.01
159 132 43.32
159 133 99.62
159 134 63.32
159 135 5.1
159 136 66.01
159 137 82.01
159 138 2.24
159 139 97.67
159 140 71.51
159 141 15.23
159 142 65.0
159 143 101.18
159 144 101.79
159 145 104.79
159 146 40.85
159 147 100.57
159 148 97.27
159 149 23.09
159 150 51.43
159 151 140.8
159 152 85.21
159 153 51.87
159 154 79.92
159 155 104.65
159 156 75.03
159 157 129.63
159 158 95.71
159 160 139.52
159 161 92.44
159 162 31.32
159 163 48.33
159 164 21.1
159 165 125.6
159 166 92.62
159 167 95.05
159 168 142.84
159 169 87.48
159 170 34.13
159 171 44.78
159 172 6.71
159 173 106.53
159 174 53.54
159 175 37.58
159 176 69.43
159 177 130.12
159 178 72.37
159 179 79.63
159 180 68.01
159 181 17.46
159 182 90.48
159 183 80.31
159 184 85.09
159 185 11.18
159 186 4.0
159 187 47.85
159 188 101.32
159 189 136.56
159 190 90.35
159 191 69.38
159 192 147.27
159 193 20.22
159 194 97.62
159 195 97.17
159 196 81.1
159 197 5.1
159 198 122.02
159 199 67.48
159 200 44.6
159 201 61.06
160 0 80.16
160 1 120.7
160 2 126.48
160 3 102.32
160 4 73.01
160 5 140.36
160 6 98.23
160 7 108.17
160 8 112.95
160 9 44.65
160 10 157.14
160 11 85.21
160 12 41.88
160 13 107.45
160 14 103.0
160 15 105.02
160 16 64.78
160 17 76.22
160 18 105.54
160 19 162.27
160 20 139.45
160 21 43.86
160 22 63.07
160 23 23.54
160 24 92.7
160 25 159.96
160 26 140.93
160 27 99.41
160 28 94.64
160 29 38.9
160 30 73.43
160 31 38.08
160 32 19.65
160 33 22.47
160 34 119.36
160 35 158.14
160 36 107.52
160 37 46.23
160 38 19.42
160 39 114.59
160 40 62.65
160 41 54.57
160 42 130.73
160 43 101.59
160 44 121.6
160 45 19.03
160 46 138.11
160 47 106.85
160 48 98.43
160 49 100.21
160 50 8.06
160 51 109.17
160 52 33.54
160 53 16.16
160 54 63.82
160 55 39.32
160 56 18.0
160 57 61.39
160 58 91.71
160 59 38.6
160 60 122.2
160 61 90.8
160 62 141.01
160 63 122.92
160 64 77.8
160 65 15.26
160 66 50.48
160 67 74.41
160 68 107.49
160 69 90.96
160 70 67.27
160 71 86.28
160 72 73.76
160 73 143.4
160 74 27.02
160 75 113.77
160 76 120.57
160 77 156.63
160 78 101.53
160 79 112.8
160 80 107.06
160 81 34.18
160 82 57.38
160 83 132.67
160 84 99.3
160 85 17.26
160 86 23.35
160 87 74.46
160 88 79.43
160 89 50.61
160 90 125.23
160 91 108.07
160 92 67.12
160 93 144.27
160 94 5.39
160 95 130.12
160 96 115.43
160 97 96.18
160 98 65.92
160 99 5.83
160 100 49.68
160 101 15.52
160 102 99.72
160 103 135.77
160 104 161.52
160 105 92.96
160 106 55.36
160 107 38.83
160 108 19.03
160 109 3.16
160 110 113.05
160 111 124.9
160 112 7.07
160 113 92.05
160 114 21.02
160 115 66.48
160 116 122.05
160 117 23.19
160 118 102.26
160 119 66.1
160 120 126.67
160 121 66.03
160 122 155.32
160 123 114.21
160 124 101.84
160 125 6.08
160 126 86.47
160 127 97.02
160 128 7.62
160 129 48.37
160 130 97.0
160 131 97.74
160 132 101.04
160 133 60.83
160 134 92.7
160 135 135.15
160 136 99.54
160 137 103.59
160 138 137.36
160 139 41.87
160 140 68.82
160 141 146.6
160 142 80.99
160 143 38.42
160 144 85.29
160 145 117.02
160 146 158.37
160 147 60.67
160 148 118.42
160 149 124.84
160 150 90.91
160 151 3.16
160 152 89.05
160 153 93.81
160 154 62.43
160 155 58.01
160 156 99.33
160 157 9.9
160 158 52.55
160 159 139.52
160 161 69.63
160 162 111.95
160 163 94.49
160 164 160.31
160 165 17.46
160 166 47.51
160 167 96.42
160 168 8.54
160 169 79.08
160 170 166.07
160 171 97.95
160 172 133.3
160 173 33.3
160 174 89.04
160 175 105.95
160 176 93.41
160 177 13.0
160 178 111.97
160 179 105.99
160 180 100.66
160 181 155.08
160 182 64.85
160 183 102.84
160 184 98.84
160 185 137.0
160 186 136.56
160 187 94.37
160 188 38.21
160 189 4.0
160 190 101.97
160 191 89.84
160 192 11.05
160 193 155.62
160 194 48.85
160 195 56.04
160 196 99.69
160 197 137.0
160 198 96.69
160 199 99.46
160 200 124.53
160 201 80.16
161 0 37.66
161 1 99.69
161 2 91.01
161 3 35.47
161 4 29.41
161 5 94.11
161 6 46.87
161 7 38.6
161 8 95.51
161 9 48.3
161 10 107.91
161 11 93.51
161 12 49.24
161 13 97.99
161 14 48.38
161 15 35.44
161 16 6.4
161 17 71.4
161 18 35.9
161 19 106.68
161 20 91.76
161 21 41.63
161 22 18.68
161 23 49.24
161 24 25.5
161 25 110.49
161 26 93.68
161 27 31.58
161 28 44.41
161 29 43.01
161 30 58.52
161 31 44.6
161 32 52.92
161 33 56.14
161 34 87.21
161 35 110.68
161 36 38.95
161 37 44.29
161 38 52.55
161 39 54.38
161 40 8.49
161 41 15.13
161 42 87.3
161 43 34.21
161 44 51.97
161 45 50.96
161 46 91.21
161 47 47.01
161 48 31.24
161 49 45.88
161 50 61.61
161 51 41.98
161 52 48.41
161 53 79.85
161 54 48.27
161 55 30.68
161 56 52.2
161 57 8.25
161 58 81.88
161 59 47.76
161 60 101.87
161 61 39.12
161 62 94.37
161 63 68.54
161 64 51.48
161 65 76.03
161 66 48.26
161 67 45.19
161 68 37.85
161 69 85.76
161 70 28.07
161 71 93.61
161 72 5.83
161 73 87.71
161 74 56.86
161 75 108.23
161 76 89.27
161 77 108.78
161 78 50.99
161 79 57.38
161 80 38.0
161 81 36.12
161 82 33.97
161 83 63.29
161 84 86.82
161 85 52.39
161 86 46.32
161 87 75.17
161 88 82.33
161 89 44.65
161 90 56.36
161 91 44.28
161 92 25.06
161 93 84.4
161 94 74.15
161 95 61.03
161 96 71.57
161 97 76.9
161 98 5.0
161 99 73.98
161 100 42.72
161 101 70.68
161 102 30.46
161 103 68.51
161 104 112.95
161 105 90.43
161 106 34.44
161 107 36.67
161 108 51.55
161 109 68.07
161 110 43.66
161 111 63.53
161 112 62.59
161 113 83.73
161 114 49.04
161 115 91.53
161 116 53.01
161 117 48.47
161 118 100.5
161 119 4.24
161 120 75.27
161 121 83.41
161 122 108.16
161 123 124.2
161 124 33.84
161 125 69.58
161 126 18.97
161 127 90.43
161 128 71.45
161 129 21.93
161 130 50.16
161 131 30.0
161 132 49.24
161 133 9.43
161 134 80.5
161 135 87.36
161 136 33.24
161 137 104.85
161 138 90.25
161 139 44.38
161 140 49.65
161 141 104.74
161 142 29.0
161 143 46.49
161 144 102.59
161 145 50.7
161 146 97.19
161 147 10.0
161 148 50.25
161 149 71.31
161 150 43.05
161 151 72.37
161 152 19.42
161 153 40.79
161 154 27.02
161 155 81.3
161 156 30.41
161 157 61.52
161 158 19.42
161 159 92.44
161 160 69.63
161 162 61.13
161 163 45.28
161 164 112.89
161 165 52.17
161 166 35.78
161 167 28.64
161 168 76.94
161 169 9.49
161 170 109.29
161 171 48.51
161 172 88.07
161 173 43.57
161 174 63.25
161 175 73.55
161 176 86.45
161 177 68.03
161 178 42.95
161 179 36.4
161 180 33.42
161 181 109.9
161 182 7.21
161 183 33.24
161 184 29.27
161 185 95.19
161 186 88.6
161 187 46.17
161 188 43.97
161 189 68.88
161 190 33.02
161 191 82.49
161 192 71.87
161 193 102.42
161 194 23.35
161 195 14.0
161 196 30.08
161 197 92.2
161 198 42.64
161 199 91.24
161 200 61.72
161 201 37.66
162 0 31.83
162 1 54.45
162 2 35.34
162 3 37.64
162 4 39.82
162 5 32.98
162 6 14.76
162 7 52.39
162 8 55.22
162 9 69.64
162 10 47.41
162 11 78.77
162 12 72.4
162 13 64.41
162 14 13.04
162 15 52.2
162 16 67.05
162 17 59.03
162 18 54.42
162 19 50.33
162 20 30.68
162 21 68.41
162 22 79.81
162 23 99.81
162 24 42.11
162 25 50.12
162 26 32.57
162 27 66.71
162 28 18.03
162 29 73.25
162 30 49.03
162 31 101.6
162 32 102.3
162 33 90.6
162 34 35.61
162 35 49.77
162 36 43.86
162 37 66.85
162 38 101.53
162 39 18.38
162 40 68.62
162 41 68.43
162 42 27.02
162 43 39.56
162 44 60.22
162 45 97.74
162 46 30.08
162 47 19.31
162 48 39.81
162 49 15.3
162 50 105.38
162 51 72.45
162 52 104.1
162 53 126.57
162 54 51.89
162 55 82.38
162 56 99.16
162 57 65.55
162 58 56.52
162 59 74.63
162 60 56.57
162 61 92.14
162 62 33.24
162 63 11.7
162 64 38.9
162 65 110.39
162 66 64.5
162 67 39.36
162 68 55.15
162 69 62.59
162 70 88.84
162 71 77.93
162 72 55.54
162 73 31.62
162 74 110.68
162 75 74.43
162 76 37.8
162 77 47.93
162 78 10.82
162 79 8.49
162 80 62.97
162 81 80.92
162 82 54.56
162 83 70.84
162 84 55.71
162 85 97.62
162 86 92.85
162 87 65.03
162 88 69.12
162 89 62.97
162 90 49.5
162 91 81.61
162 92 46.4
162 93 35.17
162 94 114.48
162 95 72.62
162 96 13.89
162 97 44.92
162 98 65.8
162 99 113.85
162 100 63.25
162 101 119.67
162 102 48.51
162 103 46.07
162 104 52.33
162 105 67.19
162 106 95.19
162 107 73.54
162 108 99.25
162 109 109.22
162 110 50.61
162 111 97.58
162 112 106.1
162 113 58.69
162 114 96.43
162 115 92.35
162 116 68.8
162 117 98.23
162 118 73.16
162 119 64.85
162 120 15.0
162 121 82.39
162 122 47.17
162 123 99.4
162 124 41.76
162 125 108.85
162 126 65.03
162 127 63.25
162 128 109.81
162 129 76.94
162 130 15.0
162 131 41.77
162 132 12.08
162 133 68.35
162 134 53.6
162 135 26.25
162 136 36.88
162 137 78.55
162 138 29.12
162 139 70.8
162 140 47.54
162 141 44.1
162 142 34.0
162 143 74.4
162 144 91.66
162 145 79.2
162 146 49.34
162 147 69.29
162 148 72.47
162 149 13.04
162 150 21.26
162 151 113.57
162 152 55.08
162 153 20.62
162 154 50.33
162 155 86.49
162 156 46.32
162 157 102.07
162 158 65.19
162 159 31.32
162 160 111.95
162 161 61.13
162 163 17.8
162 164 52.0
162 165 96.9
162 166 64.44
162 167 66.1
162 168 116.21
162 169 56.44
162 170 54.2
162 171 14.21
162 172 27.17
162 173 78.64
162 174 36.01
162 175 28.65
162 176 61.13
162 177 103.81
162 178 47.01
162 179 52.55
162 180 39.29
162 181 48.76
162 182 59.24
162 183 52.5
162 184 56.52
162 185 35.01
162 186 27.51
162 187 17.69
162 188 74.03
162 189 109.34
162 190 62.36
162 191 59.23
162 192 118.8
162 193 43.93
162 194 67.42
162 195 66.19
162 196 52.63
162 197 31.26
162 198 92.66
162 199 62.03
162 200 26.83
162 201 31.83
163 0 14.42
163 1 59.06
163 2 46.17
163 3 31.11
163 4 22.02
163 5 49.77
163 6 4.12
163 7 46.69
163 8 57.2
163 9 53.23
163 10 65.0
163 11 71.51
163 12 55.9
163 13 63.66
163 14 10.05
163 15 45.45
163 16 50.8
163 17 49.48
163 18 47.63
163 19 67.9
163 20 47.85
163 21 51.31
163 22 63.79
163 23 82.01
163 24 31.3
163 25 67.74
163 26 49.66
163 27 57.25
163 28 1.41
163 29 56.04
163 30 37.22
163 31 84.08
163 32 84.5
163 33 73.5
163 34 43.42
163 35 67.08
163 36 38.95
163 37 50.12
163 38 83.74
163 39 24.02
163 40 52.17
163 41 51.08
163 42 42.2
163 43 32.56
163 44 57.8
163 45 79.98
163 46 47.01
163 47 18.44
163 48 31.4
163 49 8.06
163 50 87.78
163 51 64.9
163 52 86.45
163 53 108.93
163 54 36.88
163 55 64.66
163 56 81.39
163 57 48.76
163 58 51.62
163 59 57.8
163 60 61.29
163 61 79.62
163 62 50.16
163 63 28.43
163 64 26.08
163 65 93.65
163 66 48.47
163 67 24.33
163 68 48.92
163 69 57.31
163 70 73.33
163 71 70.94
163 72 40.05
163 73 48.92
163 74 92.91
163 75 74.25
163 76 45.61
163 77 65.3
163 78 7.07
163 79 18.79
163 80 55.8
163 81 63.13
163 82 37.2
163 83 69.89
163 84 53.26
163 85 79.91
163 86 75.07
163 87 55.32
163 88 60.73
163 89 46.52
163 90 50.57
163 91 72.95
163 92 28.6
163 93 50.54
163 94 97.2
163 95 70.6
163 96 26.31
163 97 41.87
163 98 49.65
163 99 96.61
163 100 46.53
163 101 101.91
163 102 40.22
163 103 52.47
163 104 69.84
163 105 62.27
163 106 78.59
163 107 55.9
163 108 81.47
163 109 91.83
163 110 46.86
163 111 90.7
163 112 88.53
163 113 53.85
163 114 78.64
163 115 81.22
163 116 65.12
163 117 80.43
163 118 70.21
163 119 48.66
163 120 32.8
163 121 71.25
163 122 64.4
163 123 96.52
163 124 34.71
163 125 91.61
163 126 52.63
163 127 59.64
163 128 92.66
163 129 59.51
163 130 5.1
163 131 33.02
163 132 6.71
163 133 51.66
163 134 49.09
163 135 43.38
163 136 29.07
163 137 75.45
163 138 46.1
163 139 53.85
163 140 33.24
163 141 59.67
163 142 16.76
163 143 57.45
163 144 83.82
163 145 72.8
163 146 64.85
163 147 52.63
163 148 67.27
163 149 30.41
163 150 3.61
163 151 96.21
163 152 43.32
163 153 5.83
163 154 32.56
163 155 74.03
163 156 38.01
163 157 84.65
163 158 47.51
163 159 48.33
163 160 94.49
163 161 45.28
163 162 17.8
163 164 69.32
163 165 79.2
163 166 47.01
163 167 55.95
163 168 99.05
163 169 42.19
163 170 71.59
163 171 3.61
163 172 43.32
163 173 61.22
163 174 29.15
163 175 31.3
163 176 56.6
163 177 86.82
163 178 43.42
163 179 46.1
163 180 31.89
163 181 65.55
163 182 42.45
163 183 45.0
163 184 47.51
163 185 50.01
163 186 44.72
163 187 1.41
163 188 56.86
163 189 92.01
163 190 53.85
163 191 53.71
163 192 101.12
163 193 61.72
163 194 49.65
163 195 48.85
163 196 44.1
163 197 47.43
163 198 81.04
163 199 59.2
163 200 35.06
163 201 14.42
164 0 82.15
164 1 59.84
164 2 38.48
164 3 84.48
164 4 90.92
164 5 20.0
164 6 66.71
164 7 96.01
164 8 66.94
164 9 116.04
164 10 6.32
164 11 104.75
164 12 118.87
164 13 79.08
164 14 64.51
164 15 97.02
164 16 118.93
164 17 93.49
164 18 99.01
164 19 23.43
164 20 21.47
164 21 116.52
164 22 131.55
164 23 150.63
164 24 91.59
164 25 5.66
164 26 19.72
164 27 113.11
164 28 69.78
164 29 121.51
164 30 89.38
164 31 153.39
164 32 152.82
164 33 138.11
164 34 46.52
164 35 2.24
164 36 88.02
164 37 114.11
164 38 151.99
164 39 61.4
164 40 120.55
164 41 120.34
164 42 29.7
164 43 86.47
164 44 98.15
164 45 147.87
164 46 22.47
164 47 67.27
164 48 87.82
164 49 67.07
164 50 154.46
164 51 116.11
164 52 155.71
164 53 175.7
164 54 96.9
164 55 133.84
164 56 149.26
164 57 117.55
164 58 82.76
164 59 121.83
164 60 60.53
164 61 140.8
164 62 19.42
164 63 44.91
164 64 82.76
164 65 156.28
164 66 110.34
164 67 85.91
164 68 99.01
164 69 87.85
164 70 140.25
164 71 103.46
164 72 107.21
164 73 30.59
164 74 161.9
164 75 84.59
164 76 46.62
164 77 4.12
164 78 62.65
164 79 55.79
164 80 107.02
164 81 131.47
164 82 103.81
164 83 104.55
164 84 77.25
164 85 147.41
164 86 143.13
164 87 98.62
164 88 99.28
164 89 109.79
164 90 84.34
164 91 126.06
164 92 97.62
164 93 41.44
164 94 162.11
164 95 107.94
164 96 45.0
164 97 72.07
164 98 117.65
164 99 161.38
164 100 110.63
164 101 169.61
164 102 95.34
164 103 72.12
164 104 3.16
164 105 90.48
164 106 147.12
164 107 123.22
164 108 149.51
164 109 157.38
164 110 92.14
164 111 138.45
164 112 155.08
164 113 84.17
164 114 146.73
164 115 125.22
164 116 107.35
164 117 148.95
164 118 90.47
164 119 116.71
164 120 37.64
164 121 116.36
164 122 5.0
164 123 111.29
164 124 88.36
164 125 156.46
164 126 114.42
164 127 84.76
164 128 157.08
164 129 128.81
164 130 65.37
164 131 89.81
164 132 64.08
164 133 120.33
164 134 80.06
164 135 25.94
164 136 84.85
164 137 94.92
164 138 23.32
164 139 118.44
164 140 91.93
164 141 17.46
164 142 85.91
164 143 121.92
164 144 117.0
164 145 120.7
164 146 42.64
164 147 121.26
164 148 112.87
164 149 41.98
164 150 72.47
164 151 161.52
164 152 104.39
164 153 72.62
164 154 101.02
164 155 122.97
164 156 93.43
164 157 150.45
164 158 116.76
164 159 21.1
164 160 160.31
164 161 112.89
164 162 52.0
164 163 69.32
164 165 146.6
164 166 113.6
164 167 113.28
164 168 163.42
164 169 107.45
164 170 27.46
164 171 65.74
164 172 27.02
164 173 127.44
164 174 73.11
164 175 56.4
164 176 85.23
164 177 150.66
164 178 89.05
164 179 97.01
164 180 86.58
164 181 7.07
164 182 111.23
164 183 98.08
164 184 103.24
164 185 24.7
164 186 24.6
164 187 68.88
164 188 122.15
164 189 157.29
164 190 108.04
164 191 85.91
164 192 168.22
164 193 17.49
164 194 118.7
164 195 118.11
164 196 99.25
164 197 23.35
164 198 140.29
164 199 82.22
164 200 60.13
164 201 82.15
165 0 65.12
165 1 111.57
165 2 114.49
165 3 85.09
165 4 57.31
165 5 126.61
165 6 82.76
165 7 90.71
165 8 104.35
165 9 33.96
165 10 143.06
165 11 81.74
165 12 31.58
165 13 100.5
165 14 87.21
165 15 87.56
165 16 47.38
165 17 68.47
165 18 88.07
165 19 147.09
165 20 125.42
165 21 30.87
165 22 46.53
165 23 10.82
165 24 75.39
165 25 145.87
165 26 127.0
165 27 82.15
165 28 79.21
165 29 26.0
165 30 62.94
165 31 26.17
165 32 9.22
165 33 15.81
165 34 107.84
165 35 144.4
165 36 90.14
165 37 34.18
165 38 8.25
165 39 98.23
165 40 45.28
165 41 37.11
165 42 117.32
165 43 84.31
165 44 104.14
165 45 3.61
165 46 124.2
165 47 90.44
165 48 81.15
165 49 84.39
165 50 9.49
165 51 92.02
165 52 23.02
165 53 29.83
165 54 52.0
165 55 22.02
165 56 4.12
165 57 43.93
165 58 83.86
165 59 27.66
165 60 113.27
165 61 75.29
165 62 127.2
165 63 107.52
165 64 65.3
165 65 26.57
165 66 39.56
165 67 61.06
165 68 90.03
165 69 84.21
165 70 51.87
165 71 82.61
165 72 56.32
165 73 128.04
165 74 21.38
165 75 108.04
165 76 109.25
165 77 142.8
165 78 86.27
165 79 97.08
165 80 89.68
165 81 17.0
165 82 42.8
165 83 115.26
165 84 91.24
165 85 1.0
165 86 6.0
165 87 68.03
165 88 74.03
165 89 38.63
165 90 107.84
165 91 91.35
165 92 51.09
165 93 128.23
165 94 22.09
165 95 112.75
165 96 101.61
165 97 86.4
165 98 48.51
165 99 22.02
165 100 37.16
165 101 23.02
165 102 82.28
165 103 118.6
165 104 147.61
165 105 87.02
165 106 41.18
165 107 23.43
165 108 5.39
165 109 16.03
165 110 95.6
165 111 108.67
165 112 10.44
165 113 84.59
165 114 5.0
165 115 66.85
165 116 104.69
165 117 9.22
165 118 97.01
165 119 48.66
165 120 111.8
165 121 63.79
165 122 141.61
165 123 112.59
165 124 84.5
165 125 18.11
165 126 69.18
165 127 90.27
165 128 20.22
165 129 31.06
165 130 82.13
165 131 80.41
165 132 85.59
165 133 43.42
165 134 84.34
165 135 121.04
165 136 82.35
165 137 99.18
165 138 123.41
165 139 29.73
165 140 56.86
165 141 133.78
165 142 64.82
165 143 26.93
165 144 84.48
165 145 100.02
165 146 142.2
165 147 43.29
165 148 101.18
165 149 109.6
165 150 75.66
165 151 20.22
165 152 71.59
165 153 77.99
165 154 46.69
165 155 56.92
165 156 81.91
165 157 10.44
165 158 35.34
165 159 125.6
165 160 17.46
165 161 52.17
165 162 96.9
165 163 79.2
165 164 146.6
165 166 33.02
165 167 79.16
165 168 25.02
165 169 61.61
165 170 150.7
165 171 82.73
165 172 119.62
165 173 19.7
165 174 77.47
165 175 93.91
165 176 86.37
165 177 19.24
165 178 94.56
165 179 88.53
165 180 83.38
165 181 141.74
165 182 47.43
165 183 85.38
165 184 81.39
165 185 124.02
165 186 122.44
165 187 79.21
165 188 25.63
165 189 17.0
165 190 84.59
165 191 82.49
165 192 21.93
165 193 140.8
165 194 31.76
165 195 38.6
165 196 82.23
165 197 123.46
165 198 81.04
165 199 92.44
165 200 107.91
165 201 65.12
166 0 32.65
166 1 81.5
166 2 81.94
166 3 59.41
166 4 25.94
166 5 93.6
166 6 50.8
166 7 69.18
166 8 75.06
166 9 12.53
166 10 110.11
166 11 61.77
166 12 13.6
166 13 73.55
166 14 55.76
166 15 66.27
166 16 35.0
166 17 42.45
166 18 67.48
166 19 114.77
166 20 92.46
166 21 6.08
166 22 43.42
166 23 38.28
166 24 51.01
166 25 112.93
166 26 94.02
166 27 66.73
166 28 47.2
166 29 9.49
166 30 33.0
166 31 46.01
166 32 39.81
166 33 26.83
166 34 75.61
166 35 111.4
166 36 66.07
166 37 8.6
166 38 38.91
166 39 67.98
166 40 34.06
166 41 24.76
166 42 84.31
166 43 59.21
166 44 83.22
166 45 34.48
166 46 91.21
166 47 60.42
166 48 56.14
166 49 53.0
166 50 41.04
166 51 77.16
166 52 46.39
166 53 62.29
166 54 21.02
166 55 26.17
166 56 35.85
166 57 30.0
166 58 56.44
166 59 13.0
166 60 83.38
166 61 72.18
166 62 94.2
166 63 75.43
166 64 32.89
166 65 47.54
166 66 13.6
166 67 28.18
166 68 69.46
166 69 58.46
166 70 53.25
166 71 62.18
166 72 36.69
166 73 95.9
166 74 50.29
166 75 82.57
166 76 77.16
166 77 109.81
166 78 54.04
166 79 65.46
166 80 71.81
166 81 19.42
166 82 9.9
166 83 95.52
166 84 63.13
166 85 33.84
166 86 29.97
166 87 44.38
166 88 51.48
166 89 10.3
166 90 83.38
166 91 80.06
166 92 20.88
166 93 97.1
166 94 50.22
166 95 94.05
166 96 68.6
166 97 56.22
166 98 35.23
166 99 49.65
166 100 8.06
166 101 56.04
166 102 60.13
166 103 91.68
166 104 114.63
166 105 62.36
166 106 49.98
166 107 9.85
166 108 36.24
166 109 44.82
166 110 73.01
166 111 99.3
166 112 41.73
166 113 57.71
166 114 33.54
166 115 56.22
166 116 86.31
166 117 36.4
166 118 72.8
166 119 34.67
166 120 79.21
166 121 48.8
166 122 108.6
166 123 93.48
166 124 60.07
166 125 44.65
166 126 54.63
166 127 64.13
166 128 45.79
166 129 27.73
166 130 49.52
166 131 56.04
166 132 53.6
166 133 31.89
166 134 56.14
166 135 88.09
166 136 56.44
166 137 76.22
166 138 90.43
166 139 9.06
166 140 25.32
166 141 100.85
166 142 34.54
166 143 12.04
166 144 69.03
166 145 86.03
166 146 111.31
166 147 32.56
166 148 84.65
166 149 77.34
166 150 43.42
166 151 49.2
166 152 52.39
166 153 46.65
166 154 15.81
166 155 45.8
166 156 59.03
166 157 37.64
166 158 17.69
166 159 92.62
166 160 47.51
166 161 35.78
166 162 64.44
166 163 47.01
166 164 113.6
166 165 33.02
166 167 63.91
166 168 52.15
166 169 43.01
166 170 118.56
166 171 50.45
166 172 86.61
166 173 14.21
166 174 45.61
166 175 61.47
166 176 60.02
166 177 40.25
166 178 71.03
166 179 67.27
166 180 58.22
166 181 108.72
166 182 28.64
166 183 64.38
166 184 62.17
166 185 91.07
166 186 89.5
166 187 46.86
166 188 10.44
166 189 45.0
166 190 67.19
166 191 55.9
166 192 54.67
166 193 108.19
166 194 15.0
166 195 24.08
166 196 61.52
166 197 90.44
166 198 76.69
166 199 65.76
166 200 78.39
166 201 32.65
167 0 55.44
167 1 114.93
167 2 100.69
167 3 29.02
167 4 50.25
167 5 97.08
167 6 55.36
167 7 19.24
167 8 112.51
167 9 76.32
167 10 107.47
167 11 117.8
167 12 77.49
167 13 117.41
167 14 53.6
167 15 17.09
167 16 32.02
167 17 94.92
167 18 15.65
167 19 101.39
167 20 94.02
167 21 69.89
167 22 35.11
167 23 74.33
167 24 24.7
167 25 109.66
167 26 96.02
167 27 3.0
167 28 54.63
167 29 71.57
167 30 81.39
167 31 65.55
167 32 78.26
167 33 84.59
167 34 99.02
167 35 111.22
167 36 25.71
167 37 72.24
167 38 78.09
167 39 52.01
167 40 34.0
167 41 43.19
167 42 92.91
167 43 27.02
167 44 28.02
167 45 77.41
167 46 94.09
167 47 47.27
167 48 26.31
167 49 52.2
167 50 88.36
167 51 13.34
167 52 70.23
167 53 104.79
167 54 73.01
167 55 57.14
167 56 78.52
167 57 36.22
167 58 102.83
167 59 76.24
167 60 117.17
167 61 27.89
167 62 97.05
167 63 69.01
167 64 72.18
167 65 104.08
167 66 75.58
167 67 66.47
167 68 16.64
167 69 107.56
167 70 37.2
167 71 117.69
167 72 27.31
167 73 84.17
167 74 79.38
167 75 128.0
167 76 101.24
167 77 109.22
167 78 58.82
167 79 59.3
167 80 11.66
167 81 64.07
167 82 60.42
167 83 37.0
167 84 106.4
167 85 79.23
167 86 73.17
167 87 99.49
167 88 106.4
167 89 72.01
167 90 37.8
167 91 17.69
167 92 48.83
167 93 77.2
167 94 101.24
167 95 33.96
167 96 79.31
167 97 95.44
167 98 31.06
167 99 101.18
167 100 70.26
167 101 95.08
167 102 18.0
167 103 52.7
167 104 112.54
167 105 112.49
167 106 49.74
167 107 65.31
167 108 77.65
167 109 95.19
167 110 24.7
167 111 36.88
167 112 89.36
167 113 104.89
167 114 75.43
167 115 118.6
167 116 25.96
167 117 73.98
167 118 121.92
167 119 31.14
167 120 77.06
167 121 109.93
167 122 109.11
167 123 147.09
167 124 25.0
167 125 97.05
167 126 10.0
167 127 111.4
167 128 99.02
167 129 48.09
167 130 60.93
167 131 24.33
167 132 56.61
167 133 36.01
167 134 100.9
167 135 90.09
167 136 29.27
167 137 126.73
167 138 93.09
167 139 72.73
167 140 73.11
167 141 109.37
167 142 44.82
167 143 75.0
167 144 128.0
167 145 22.14
167 146 87.32
167 147 36.0
167 148 22.02
167 149 72.01
167 150 55.47
167 151 99.32
167 152 13.45
167 153 50.16
167 154 52.48
167 155 108.67
167 156 20.02
167 157 89.02
167 158 48.05
167 159 95.05
167 160 96.42
167 161 28.64
167 162 66.1
167 163 55.95
167 164 113.28
167 165 79.16
167 166 63.91
167 168 104.17
167 169 21.02
167 170 102.79
167 171 57.94
167 172 92.44
167 173 72.18
167 174 81.61
167 175 87.24
167 176 107.71
167 177 96.08
167 178 26.4
167 179 17.46
167 180 27.07
167 181 112.0
167 182 35.44
167 183 15.52
167 184 10.05
167 185 100.84
167 186 91.05
167 187 57.27
167 188 72.53
167 189 96.13
167 190 7.07
167 191 104.06
167 192 97.08
167 193 99.46
167 194 51.97
167 195 42.43
167 196 14.04
167 197 96.33
167 198 27.02
167 199 111.66
167 200 54.34
167 201 55.44
168 0 84.63
168 1 121.2
168 2 128.6
168 3 108.78
168 4 78.03
168 5 143.56
168 6 102.9
168 7 115.32
168 8 113.22
168 9 47.38
168 10 160.51
168 11 83.19
168 12 44.55
168 13 106.89
168 14 107.91
168 15 112.18
168 16 72.34
168 17 76.49
168 18 112.79
168 19 166.48
168 20 142.84
168 21 47.8
168 22 71.25
168 23 32.02
168 24 99.33
168 25 163.34
168 26 144.25
168 27 107.17
168 28 99.3
168 29 43.01
168 30 75.21
168 31 46.62
168 32 28.16
168 33 25.61
168 34 121.25
168 35 161.28
168 36 114.28
168 37 49.58
168 38 27.89
168 39 119.95
168 40 70.26
168 41 61.81
168 42 133.73
168 43 108.16
168 44 128.89
168 45 27.07
168 46 141.42
168 47 112.29
168 48 105.0
168 49 105.15
168 50 16.12
168 51 117.04
168 52 42.05
168 53 18.11
168 54 66.53
168 55 47.04
168 56 26.17
168 57 68.73
168 58 91.79
168 59 41.77
168 60 122.58
168 61 99.25
168 62 144.26
168 63 127.41
168 64 80.66
168 65 10.0
168 66 53.08
168 67 77.83
168 68 114.76
168 69 90.48
168 70 75.71
168 71 84.34
168 72 80.81
168 73 147.8
168 74 35.23
168 75 112.54
168 76 122.32
168 77 159.83
168 78 106.02
168 79 117.6
168 80 114.63
168 81 41.0
168 82 61.85
168 83 140.16
168 84 99.4
168 85 25.0
168 86 31.02
168 87 74.09
168 88 78.45
168 89 53.76
168 90 132.0
168 91 116.21
168 92 72.47
168 93 149.25
168 94 3.16
168 95 137.71
168 96 118.8
168 97 97.25
168 98 73.44
168 99 3.0
168 100 53.15
168 101 21.63
168 102 106.73
168 103 142.09
168 104 164.77
168 105 92.05
168 106 63.89
168 107 44.28
168 108 27.29
168 109 9.0
168 110 120.07
168 111 133.22
168 112 15.13
168 113 91.92
168 114 29.07
168 115 63.0
168 116 129.65
168 117 31.58
168 118 100.9
168 119 73.55
168 120 130.73
168 121 63.79
168 122 158.45
168 123 111.0
168 124 108.52
168 125 7.62
168 126 94.19
168 127 96.46
168 128 6.4
168 129 56.08
168 130 101.21
168 131 104.4
168 132 105.68
168 133 68.36
168 134 93.04
168 135 138.62
168 136 105.95
168 137 101.79
168 138 140.72
168 139 45.45
168 140 71.51
168 141 149.16
168 142 86.35
168 143 41.87
168 144 82.01
168 145 125.0
168 146 163.45
168 147 68.26
168 148 126.19
168 149 129.2
168 150 95.44
168 151 5.39
168 152 96.34
168 153 98.79
168 154 67.6
168 155 55.44
168 156 106.23
168 157 15.52
168 158 59.2
168 159 142.84
168 160 8.54
168 161 76.94
168 162 116.21
168 163 99.05
168 164 163.42
168 165 25.02
168 166 52.15
168 167 104.17
168 169 86.31
168 170 170.41
168 171 102.42
168 172 136.49
168 173 38.08
168 174 91.21
168 175 108.23
168 176 93.05
168 177 12.81
168 178 118.85
168 179 113.16
168 180 107.21
168 181 157.95
168 182 71.81
168 183 110.02
168 184 106.21
168 185 139.7
168 186 140.04
168 187 98.81
168 188 42.2
168 189 8.06
168 190 109.55
168 191 89.69
168 192 16.64
168 193 159.55
168 194 55.36
168 195 63.15
168 196 106.89
168 197 140.07
168 198 105.12
168 199 99.02
168 200 130.14
168 201 84.63
169 0 37.58
169 1 99.3
169 2 88.36
169 3 26.91
169 4 30.81
169 5 89.27
169 6 43.0
169 7 29.12
169 8 95.85
169 9 55.36
169 10 102.2
169 11 97.62
169 12 56.61
169 13 99.48
169 14 43.42
169 15 25.96
169 16 15.26
169 17 74.97
169 18 26.48
169 19 99.73
169 20 86.68
169 21 49.04
169 22 25.24
169 23 58.69
169 24 17.2
169 25 104.69
169 26 88.65
169 27 23.77
169 28 41.11
169 29 50.99
169 30 61.62
169 31 53.41
169 32 62.39
169 33 65.01
169 34 85.33
169 35 105.26
169 36 29.68
169 37 51.26
169 38 62.03
169 39 47.42
169 40 17.49
169 41 24.52
169 42 83.22
169 43 25.46
169 44 42.58
169 45 60.44
169 46 86.31
169 47 40.5
169 48 22.67
169 49 41.19
169 50 71.06
169 51 34.18
169 52 57.43
169 53 89.32
169 54 52.5
169 55 40.16
169 56 61.68
169 57 17.72
169 58 84.05
169 59 55.54
169 60 101.51
169 61 37.95
169 62 89.44
169 63 62.64
169 64 53.25
169 65 85.15
169 66 54.56
169 67 47.2
169 68 28.44
169 69 88.41
169 70 32.89
169 71 97.59
169 72 6.32
169 73 81.02
169 74 66.04
169 75 109.93
169 76 87.48
169 77 103.32
169 78 47.01
169 79 51.66
169 80 29.15
169 81 45.4
169 82 39.45
169 83 54.08
169 84 88.32
169 85 61.85
169 86 55.79
169 87 79.25
169 88 86.28
169 89 50.99
169 90 46.96
169 91 38.01
169 92 28.32
169 93 76.85
169 94 83.55
169 95 52.01
169 96 68.0
169 97 77.83
169 98 13.89
169 99 83.36
169 100 49.24
169 101 80.11
169 102 21.02
169 103 59.41
169 104 107.28
169 105 93.24
169 106 41.62
169 107 45.18
169 108 61.03
169 109 77.47
169 110 34.18
169 111 57.43
169 112 72.03
169 113 86.02
169 114 58.52
169 115 97.62
169 116 44.05
169 117 57.94
169 118 103.0
169 119 13.42
169 120 69.86
169 121 89.04
169 122 102.84
169 123 127.56
169 124 24.84
169 125 78.92
169 126 12.73
169 127 92.66
169 128 80.75
169 129 31.38
169 130 47.27
169 131 21.21
169 132 45.04
169 133 18.79
169 134 82.38
169 135 82.38
169 136 25.0
169 137 107.62
169 138 85.33
169 139 51.92
169 140 53.04
169 141 100.5
169 142 27.51
169 143 54.34
169 144 107.45
169 145 43.08
169 146 89.2
169 147 19.24
169 148 41.77
169 149 65.52
169 150 40.61
169 151 81.79
169 152 10.05
169 153 37.01
169 154 31.62
169 155 87.66
169 156 21.1
169 157 70.86
169 158 28.02
169 159 87.48
169 160 79.08
169 161 9.49
169 162 56.44
169 163 42.19
169 164 107.45
169 165 61.61
169 166 43.01
169 167 21.02
169 168 86.31
169 170 102.08
169 171 45.04
169 172 83.6
169 173 52.15
169 174 63.95
169 175 72.28
169 176 88.81
169 177 77.16
169 178 33.54
169 179 26.93
169 180 24.76
169 181 104.92
169 182 15.03
169 183 23.77
169 184 20.02
169 185 91.2
169 186 83.55
169 187 43.29
169 188 51.97
169 189 78.26
169 190 24.33
169 191 85.0
169 192 81.34
169 193 96.01
169 194 32.02
169 195 23.19
169 196 20.62
169 197 87.69
169 198 40.25
169 199 93.19
169 200 53.82
169 201 37.58
170 0 85.91
170 1 82.15
170 2 58.01
170 3 76.06
170 4 93.38
170 5 35.01
170 6 67.94
170 7 83.93
170 8 88.01
170 9 123.71
170 10 22.85
170 11 122.98
170 12 126.49
170 13 100.04
170 14 63.66
170 15 85.73
170 16 115.66
170 17 107.84
170 18 87.36
170 19 5.0
170 20 33.24
170 21 122.61
170 22 127.26
170 23 152.84
170 24 85.0
170 25 21.95
170 26 33.06
170 27 101.92
170 28 71.51
170 29 127.44
170 30 100.65
170 31 152.8
170 32 155.59
170 33 144.81
170 34 65.19
170 35 27.29
170 36 77.16
170 37 121.02
170 38 154.87
170 39 54.92
170 40 117.6
170 41 119.63
170 42 44.41
170 43 77.88
170 44 82.39
170 45 151.33
170 46 35.23
170 47 62.43
170 48 80.06
170 49 66.48
170 50 159.36
170 51 102.59
170 52 155.86
170 53 180.48
170 54 105.48
170 55 134.71
170 56 152.74
170 57 115.43
170 58 100.02
170 59 128.81
170 60 83.29
170 61 130.65
170 62 34.01
170 63 43.19
170 64 91.79
170 65 164.5
170 66 118.43
170 67 93.19
170 68 86.83
170 69 105.72
170 70 134.61
170 71 121.82
170 72 103.46
170 73 22.67
170 74 163.13
170 75 107.12
170 76 66.07
170 77 26.4
170 78 64.54
170 79 53.76
170 80 94.37
170 81 134.35
170 82 108.71
170 83 86.09
170 84 95.89
170 85 151.38
170 86 146.37
170 87 113.53
170 88 115.69
170 89 117.07
170 90 68.47
170 91 112.61
170 92 99.7
170 93 25.63
170 94 168.67
170 95 90.02
170 96 54.23
170 97 88.29
170 98 114.28
170 99 168.05
170 100 117.41
170 101 173.24
170 102 85.8
170 103 54.04
170 104 24.41
170 105 109.18
170 106 143.54
170 107 127.48
170 108 152.74
170 109 163.38
170 110 79.08
170 111 122.04
170 112 160.11
170 113 101.79
170 114 149.91
170 115 141.09
170 116 91.2
170 117 151.38
170 118 111.16
170 119 113.44
170 120 39.96
170 121 131.55
170 122 28.23
170 123 134.18
170 124 79.31
170 125 163.05
170 126 106.23
170 127 103.82
170 128 164.01
170 129 128.23
170 130 69.2
170 131 81.86
170 132 65.12
170 133 117.89
170 134 97.08
170 135 35.9
170 136 77.37
170 137 116.07
170 138 35.36
170 139 125.0
170 140 100.85
170 141 41.48
170 142 86.31
170 143 128.6
170 144 135.79
170 145 105.48
170 146 18.44
170 147 118.71
170 148 97.42
170 149 41.23
170 150 75.17
170 151 167.74
170 152 96.66
170 153 72.84
170 154 104.0
170 155 137.06
170 156 84.31
170 157 156.2
170 158 117.59
170 159 34.13
170 160 166.07
170 161 109.29
170 162 54.2
170 163 71.59
170 164 27.46
170 165 150.7
170 166 118.56
170 167 102.79
170 168 170.41
170 169 102.08
170 171 68.12
170 172 40.45
170 173 132.77
170 174 85.23
170 175 70.6
170 176 103.41
170 177 158.0
170 178 76.66
170 179 85.44
170 180 78.29
170 181 33.11
170 182 109.4
170 183 87.28
170 184 92.97
170 185 44.05
170 186 34.71
170 187 71.7
170 188 128.23
170 189 163.52
170 190 96.57
170 191 103.16
170 192 172.63
170 193 14.0
170 194 120.28
170 195 117.44
170 196 89.2
170 197 39.05
170 198 129.03
170 199 101.6
170 200 48.85
170 201 85.91
171 0 17.8
171 1 57.45
171 2 43.42
171 3 32.02
171 4 25.61
171 5 46.24
171 6 2.83
171 7 47.63
171 8 56.08
171 9 56.36
171 10 61.4
171 11 72.42
171 12 59.06
171 13 63.13
171 14 8.25
171 15 46.62
171 16 54.13
171 17 50.8
171 18 48.83
171 19 64.38
171 20 44.28
171 21 54.64
171 22 67.08
171 23 85.6
171 24 33.24
171 25 64.14
171 26 46.1
171 27 59.09
171 28 4.12
171 29 59.41
171 30 39.01
171 31 87.66
171 32 88.09
171 33 76.84
171 34 41.11
171 35 63.51
171 36 39.62
171 37 53.34
171 38 87.32
171 39 22.09
171 40 55.54
171 41 54.63
171 42 38.83
171 43 33.6
171 44 58.14
171 45 83.55
171 46 43.46
171 47 17.46
171 48 32.76
171 49 7.21
171 50 91.29
171 51 66.37
171 52 90.05
171 53 112.45
171 54 39.56
171 55 68.26
171 56 84.96
171 57 52.2
171 58 51.88
171 59 61.06
171 60 59.68
171 61 82.2
171 62 46.62
171 63 25.0
171 64 28.02
171 65 96.9
171 66 51.48
171 67 26.93
171 68 50.0
171 69 57.7
171 70 76.53
171 71 71.78
171 72 43.19
171 73 45.45
171 74 96.52
171 75 73.66
171 76 43.32
171 77 61.72
171 78 3.61
171 79 15.81
171 80 57.14
171 81 66.71
171 82 40.61
171 83 70.0
171 84 53.01
171 85 83.45
171 86 78.64
171 87 56.72
171 88 61.85
171 89 49.65
171 90 50.12
171 91 74.69
171 92 32.2
171 93 47.42
171 94 100.6
171 95 70.94
171 96 23.09
171 97 41.62
171 98 52.95
171 99 100.0
171 100 49.74
171 101 105.48
171 102 41.68
171 103 50.99
171 104 66.24
171 105 62.61
171 106 82.01
171 107 59.41
171 108 85.04
171 109 95.27
171 110 47.38
171 111 92.11
171 112 92.02
171 113 54.12
171 114 82.22
171 115 83.05
171 116 65.76
171 117 84.02
171 118 70.18
171 119 51.97
171 120 29.21
171 121 73.06
171 122 60.84
171 123 96.57
171 124 35.81
171 125 95.0
171 126 55.11
171 127 59.68
171 128 96.02
171 129 63.07
171 130 3.61
171 131 34.48
171 132 4.0
171 133 55.08
171 134 49.24
171 135 39.81
171 136 30.23
171 137 75.47
171 138 42.54
171 139 57.14
171 140 35.69
171 141 56.29
171 142 20.25
171 143 60.75
171 144 84.9
171 145 74.06
171 146 61.74
171 147 56.04
171 148 68.25
171 149 26.91
171 150 7.07
171 151 99.64
171 152 45.61
171 153 8.06
171 154 36.12
171 155 76.16
171 156 39.45
171 157 88.09
171 158 51.11
171 159 44.78
171 160 97.95
171 161 48.51
171 162 14.21
171 163 3.61
171 164 65.74
171 165 82.73
171 166 50.45
171 167 57.94
171 168 102.42
171 169 45.04
171 170 68.12
171 172 39.85
171 173 64.66
171 174 29.55
171 175 29.68
171 176 56.82
171 177 90.14
171 178 43.86
171 179 47.2
171 180 33.02
171 181 62.03
171 182 45.88
171 183 46.32
171 184 49.19
171 185 46.69
171 186 41.15
171 187 3.61
171 188 60.22
171 189 95.43
171 190 55.47
171 191 54.13
171 192 104.65
171 193 58.14
171 194 53.25
171 195 52.39
171 196 45.65
171 197 43.97
171 198 83.43
171 199 59.08
171 200 33.02
171 201 17.8
172 0 55.47
172 1 43.42
172 2 18.68
172 3 63.51
172 4 64.4
172 5 7.07
172 6 41.23
172 7 77.13
172 8 48.26
172 9 89.11
172 10 24.21
172 11 82.57
172 12 91.93
172 13 60.07
172 14 40.2
172 15 77.47
172 16 93.86
172 17 68.45
172 18 79.62
172 19 35.51
172 20 7.28
172 21 89.5
172 22 106.73
172 23 123.82
172 24 69.0
172 25 27.02
172 26 8.06
172 27 92.78
172 28 43.97
172 29 94.49
172 30 63.01
172 31 127.12
172 32 125.94
172 33 111.13
172 34 25.02
172 35 24.84
172 36 68.66
172 37 87.11
172 38 125.1
172 39 41.23
172 40 95.34
172 41 94.34
172 42 4.0
172 43 65.49
172 44 82.46
172 45 120.93
172 46 5.39
172 47 45.18
172 48 66.19
172 49 42.43
172 50 127.44
172 51 97.51
172 52 129.25
172 53 148.68
172 54 70.01
172 55 107.33
172 56 122.32
172 57 92.05
172 58 59.67
172 59 94.85
172 60 44.92
172 61 119.02
172 62 7.81
172 63 24.35
172 64 55.87
172 65 129.5
172 66 83.44
172 67 58.9
172 68 80.05
172 69 65.31
172 70 115.92
172 71 81.39
172 72 82.57
172 73 24.7
172 74 135.2
172 75 67.9
172 76 26.17
172 77 23.35
172 78 37.11
172 79 33.14
172 80 88.07
172 81 104.62
172 82 76.84
172 83 91.3
172 84 55.44
172 85 120.43
172 86 116.21
172 87 73.93
172 88 75.58
172 89 82.81
172 90 69.77
172 91 107.08
172 92 71.11
172 93 35.85
172 94 135.15
172 95 93.91
172 96 18.03
172 97 48.08
172 98 92.65
172 99 134.42
172 100 83.63
172 101 142.64
172 102 74.55
172 103 61.22
172 104 28.28
172 105 68.73
172 106 121.84
172 107 96.26
172 108 122.59
172 109 130.38
172 110 74.33
172 111 121.76
172 112 128.06
172 113 61.39
172 114 119.82
172 115 101.24
172 116 91.55
172 117 122.11
172 118 71.0
172 119 91.68
172 120 16.16
172 121 91.92
172 122 22.02
172 123 94.89
172 124 67.6
172 125 129.5
172 126 92.01
172 127 63.39
172 128 130.14
172 129 102.69
172 130 39.0
172 131 68.18
172 132 38.83
172 133 94.92
172 134 56.75
172 135 5.39
172 136 63.2
172 137 76.03
172 138 5.1
172 139 91.44
172 140 65.07
172 141 17.0
172 142 60.08
172 143 94.92
172 144 95.35
172 145 103.45
172 146 45.61
172 147 95.88
172 148 96.14
172 149 21.54
172 150 46.24
172 151 134.54
172 152 82.0
172 153 47.3
172 154 74.3
172 155 97.94
172 156 72.44
172 157 123.43
172 158 90.38
172 159 6.71
172 160 133.3
172 161 88.07
172 162 27.17
172 163 43.32
172 164 27.02
172 165 119.62
172 166 86.61
172 167 92.44
172 168 136.49
172 169 83.6
172 170 40.45
172 171 39.85
172 173 100.42
172 174 46.87
172 175 30.87
172 176 62.97
172 177 123.75
172 178 70.88
172 179 77.67
172 180 65.38
172 181 22.36
172 182 85.73
172 183 78.09
172 184 82.61
172 185 8.94
172 186 6.08
172 187 42.72
172 188 95.13
172 189 130.3
172 190 88.12
172 191 62.82
172 192 141.21
172 193 26.68
172 194 92.13
172 195 92.11
172 196 78.64
172 197 4.12
172 198 119.27
172 199 61.2
172 200 44.29
172 201 55.47
173 0 46.86
173 1 92.2
173 2 94.83
173 3 71.81
173 4 39.96
173 5 107.45
173 6 65.0
173 7 80.1
173 8 85.16
173 9 15.0
173 10 124.08
173 11 65.8
173 12 13.15
173 13 82.02
173 14 69.89
173 15 77.06
173 16 40.8
173 17 50.0
173 18 78.01
173 19 128.97
173 20 106.4
173 21 11.18
173 22 45.49
173 23 27.07
173 24 62.8
173 25 126.91
173 26 107.94
173 27 75.13
173 28 61.4
173 29 6.32
173 30 43.42
173 31 38.33
173 32 27.66
173 33 13.34
173 34 88.14
173 35 125.25
173 36 77.93
173 37 14.56
173 38 26.68
173 39 81.88
173 40 39.22
173 41 29.41
173 42 98.01
173 43 71.39
173 44 94.05
173 45 21.84
173 46 105.12
173 47 74.24
173 48 68.25
173 49 67.12
173 50 27.02
173 51 85.51
173 52 37.34
173 53 48.27
173 54 32.31
173 55 22.02
173 56 23.09
173 57 36.14
173 58 65.12
173 59 9.22
173 60 93.94
173 61 75.47
173 62 108.07
173 63 89.64
173 64 45.65
173 65 34.21
173 66 20.22
173 67 41.62
173 68 80.01
173 69 66.03
173 70 53.91
173 71 66.48
173 72 46.04
173 73 110.11
173 74 39.2
173 75 90.14
173 76 89.55
173 77 123.69
173 78 68.25
173 79 79.63
173 80 81.3
173 81 12.21
173 82 24.08
173 83 106.0
173 84 72.34
173 85 20.62
173 86 18.11
173 87 50.36
173 88 56.89
173 89 18.97
173 90 95.52
173 91 86.98
173 92 34.44
173 93 111.22
173 94 36.06
173 95 104.12
173 96 82.46
173 97 66.94
173 98 41.48
173 99 35.51
173 100 17.46
173 101 42.54
173 102 71.18
173 103 104.69
173 104 128.55
173 105 69.26
173 106 47.2
173 107 7.0
173 108 23.77
173 109 30.61
173 110 84.38
173 111 105.69
173 112 27.66
173 113 66.03
173 114 21.38
173 115 55.0
173 116 96.19
173 117 25.08
173 118 79.51
173 119 41.23
173 120 93.38
173 121 49.65
173 122 122.44
173 123 97.41
173 124 72.01
173 125 30.53
173 126 62.37
173 127 72.01
173 128 31.76
173 129 28.02
173 130 63.7
173 131 67.9
173 132 67.8
173 133 37.0
173 134 65.38
173 135 102.07
173 136 68.88
173 137 82.2
173 138 104.35
173 139 10.2
173 140 37.16
173 141 114.28
173 142 48.3
173 143 8.06
173 144 70.66
173 145 94.15
173 146 125.4
173 147 37.34
173 148 93.77
173 149 91.55
173 150 57.63
173 151 35.0
173 152 62.07
173 153 60.75
173 154 29.53
173 155 44.41
173 156 70.35
173 157 23.43
173 158 24.19
173 159 106.53
173 160 33.3
173 161 43.57
173 162 78.64
173 163 61.22
173 164 127.44
173 165 19.7
173 166 14.21
173 167 72.18
173 168 38.08
173 169 52.15
173 170 132.77
173 171 64.66
173 172 100.42
173 174 57.78
173 175 74.24
173 176 68.0
173 177 26.57
173 178 82.73
173 179 78.06
173 180 70.41
173 181 122.41
173 182 37.12
173 183 75.03
173 184 72.06
173 185 104.56
173 186 103.48
173 187 61.07
173 188 6.08
173 189 30.81
173 190 76.42
173 191 64.01
173 192 40.8
173 193 122.35
173 194 20.22
173 195 29.83
173 196 72.01
173 197 104.2
173 198 80.62
173 199 74.01
173 200 92.14
173 201 46.86
174 0 26.42
174 1 37.12
174 2 37.44
174 3 59.82
174 4 33.84
174 5 53.82
174 6 32.2
174 7 75.17
174 8 32.28
174 9 44.42
174 10 71.03
174 11 43.17
174 12 47.17
174 13 35.81
174 14 37.7
174 15 73.59
174 16 66.94
174 17 23.19
174 18 75.69
174 19 80.62
174 20 53.85
174 21 46.62
174 22 79.43
174 23 83.82
174 24 58.05
174 25 73.82
174 26 54.92
174 27 83.41
174 28 30.53
174 29 51.48
174 30 16.28
174 31 90.93
174 32 85.09
174 33 66.57
174 34 30.41
174 35 71.06
174 36 67.8
174 37 43.38
174 38 84.15
174 39 50.96
174 40 67.47
174 41 62.2
174 42 43.6
174 43 61.07
174 44 86.84
174 45 79.48
174 46 52.15
174 47 47.01
174 48 59.46
174 49 36.67
174 50 84.12
174 51 92.1
174 52 91.78
174 53 104.96
174 54 25.5
174 55 70.58
174 56 80.78
174 57 63.15
174 58 22.47
174 59 50.61
174 60 39.2
174 61 101.64
174 62 54.64
174 63 47.1
174 64 13.04
174 65 83.55
174 66 38.59
174 67 19.03
174 68 77.16
174 69 28.18
174 70 89.82
174 71 42.45
174 72 59.62
174 73 64.29
174 74 95.88
174 75 46.4
174 76 31.78
174 77 69.81
174 78 31.62
174 79 42.58
174 80 83.45
174 81 65.0
174 82 37.34
174 83 99.02
174 84 24.84
174 85 78.39
174 86 75.27
174 87 29.15
174 88 33.14
174 89 38.91
174 90 79.61
174 91 99.2
174 92 38.83
174 93 70.46
174 94 90.21
174 95 99.62
174 96 31.02
174 97 13.89
174 98 66.22
174 99 89.4
174 100 40.31
174 101 100.18
174 102 67.88
174 103 80.08
174 104 74.81
174 105 33.12
174 106 91.14
174 107 55.36
174 108 81.34
174 109 85.98
174 110 75.8
174 111 117.8
174 112 84.6
174 113 24.7
174 114 78.77
174 115 56.72
174 116 93.86
174 117 81.91
174 118 41.23
174 119 65.25
174 120 46.32
174 121 46.87
174 122 68.25
174 123 67.42
174 124 63.13
174 125 84.63
174 126 76.16
174 127 30.61
174 128 85.0
174 129 69.0
174 130 26.0
174 131 60.83
174 132 33.24
174 133 66.1
174 134 20.0
174 135 50.12
174 136 57.49
174 137 46.4
174 138 51.62
174 139 47.85
174 140 20.62
174 141 58.05
174 142 36.89
174 143 51.0
174 144 55.9
174 145 100.45
174 146 84.17
174 147 67.08
174 148 95.52
174 149 47.38
174 150 27.8
174 151 89.87
174 152 68.24
174 153 34.41
174 154 39.12
174 155 51.87
174 156 65.76
174 157 79.4
174 158 56.01
174 159 53.54
174 160 89.04
174 161 63.25
174 162 36.01
174 163 29.15
174 164 73.11
174 165 77.47
174 166 45.61
174 167 81.61
174 168 91.21
174 169 63.95
174 170 85.23
174 171 29.55
174 172 46.87
174 173 57.78
174 175 17.03
174 176 27.46
174 177 78.41
174 178 72.42
174 179 74.33
174 180 60.31
174 181 67.21
174 182 57.72
174 183 72.84
174 184 74.41
174 185 48.8
174 186 51.48
174 187 27.78
174 188 51.89
174 189 85.7
174 190 80.81
174 191 24.6
174 192 98.01
174 193 72.45
174 194 56.08
174 195 60.3
174 196 71.45
174 197 50.0
174 198 104.2
174 199 30.41
174 200 61.39
174 201 26.42
175 0 36.06
175 1 27.78
175 2 20.59
175 3 61.61
175 4 45.0
175 5 37.59
175 6 32.45
175 7 77.2
175 8 26.91
175 9 61.29
175 10 54.71
175 11 53.08
175 12 64.07
175 13 35.78
175 14 36.12
175 15 76.28
175 16 78.16
175 17 37.58
175 18 78.49
175 19 65.8
175 20 38.08
175 21 63.06
175 22 91.09
175 23 99.72
175 24 62.61
175 25 57.45
175 26 38.91
175 27 88.55
175 28 32.65
175 29 68.0
175 30 33.24
175 31 105.76
175 32 101.24
175 33 83.49
175 34 14.32
175 35 54.41
175 36 69.03
175 37 60.03
175 38 100.32
175 39 46.62
175 40 79.06
175 41 75.24
175 42 27.29
175 43 63.25
175 44 87.0
175 45 95.75
175 46 36.25
175 47 45.25
175 48 62.43
175 49 36.4
175 50 100.85
175 51 96.04
175 52 107.0
175 53 121.79
175 54 42.19
175 55 85.38
175 56 97.08
175 57 75.01
175 58 30.02
175 59 67.42
175 60 30.02
175 61 110.16
175 62 38.47
175 63 37.36
175 64 28.64
175 65 100.57
175 66 55.47
175 67 33.53
175 68 79.63
175 69 36.0
175 70 101.24
175 71 52.04
175 72 69.05
175 73 51.16
175 74 111.66
175 75 45.79
175 76 16.12
175 77 53.25
175 78 29.83
175 79 36.89
175 80 86.82
175 81 80.65
175 82 52.5
175 83 98.35
175 84 27.66
175 85 94.81
175 86 91.39
175 87 43.08
175 88 45.12
175 89 55.57
175 90 77.47
175 91 104.24
175 92 51.09
175 93 59.21
175 94 107.2
175 95 99.7
175 96 18.11
175 97 18.03
175 98 77.23
175 99 106.4
175 100 56.82
175 101 116.76
175 102 71.34
175 103 74.71
175 104 58.25
175 105 40.11
175 106 104.17
175 107 71.31
175 108 97.58
175 109 102.9
175 110 76.58
175 111 121.79
175 112 101.36
175 113 32.0
175 114 94.94
175 115 70.52
175 116 95.02
175 117 97.86
175 118 44.92
175 119 76.24
175 120 34.06
175 121 61.1
175 122 51.61
175 123 70.94
175 124 65.46
175 125 101.61
175 126 83.49
175 127 35.51
175 128 102.0
175 129 82.73
175 130 26.42
175 131 64.14
175 132 32.02
175 133 78.01
175 134 27.02
175 135 34.79
175 136 59.91
175 137 50.29
175 138 35.85
175 139 64.5
175 140 37.22
175 141 41.04
175 142 44.91
175 143 67.74
175 144 66.07
175 145 103.73
175 146 72.01
175 147 79.01
175 148 97.8
175 149 36.67
175 150 31.95
175 151 106.83
175 152 74.46
175 153 37.12
175 154 52.61
175 155 67.08
175 156 69.12
175 157 96.25
175 158 69.72
175 159 37.58
175 160 105.95
175 161 73.55
175 162 28.65
175 163 31.3
175 164 56.4
175 165 93.91
175 166 61.47
175 167 87.24
175 168 108.23
175 169 72.28
175 170 70.6
175 171 29.68
175 172 30.87
175 173 74.24
175 174 17.03
175 176 34.06
175 177 95.43
175 178 73.0
175 179 76.84
175 180 62.68
175 181 50.33
175 182 69.07
175 183 76.01
175 184 78.77
175 185 31.89
175 186 36.06
175 187 29.97
175 188 68.48
175 189 102.65
175 190 85.09
175 191 33.06
175 192 114.74
175 193 57.25
175 194 70.41
175 195 73.17
175 196 75.29
175 197 33.62
175 198 111.95
175 199 33.96
175 200 55.47
175 201 36.06
176 0 52.35
176 1 29.73
176 2 46.82
176 3 87.2
176 4 58.01
176 5 68.88
176 6 59.54
176 7 102.45
176 8 21.26
176 9 53.0
176 10 85.07
176 11 19.65
176 12 55.04
176 13 14.14
176 14 64.85
176 15 100.77
176 16 89.0
176 17 18.0
176 18 102.83
176 19 98.48
176 20 70.21
176 21 58.22
176 22 100.46
176 23 95.02
176 24 84.9
176 25 87.6
176 26 70.61
176 27 109.71
176 28 57.98
176 29 62.03
176 30 28.23
176 31 105.48
176 32 95.19
176 33 72.18
176 34 38.9
176 35 83.57
176 36 95.21
176 37 54.15
176 38 94.19
176 39 77.62
176 40 89.05
176 41 81.93
176 42 59.03
176 43 88.41
176 44 114.28
176 45 89.2
176 46 68.25
176 47 74.24
176 48 86.68
176 49 64.01
176 50 90.61
176 51 118.79
176 52 105.12
176 53 109.48
176 54 39.85
176 55 86.15
176 56 90.27
176 57 84.58
176 58 5.0
176 59 59.03
176 60 30.61
176 61 125.54
176 62 69.86
176 63 71.02
176 64 35.61
176 65 83.77
176 66 48.09
176 67 41.62
176 68 104.35
176 69 2.83
176 70 110.86
176 71 18.44
176 72 83.76
176 73 85.02
176 74 107.07
176 75 22.56
176 76 38.63
176 77 82.87
176 78 58.6
176 79 68.62
176 80 110.39
176 81 78.31
176 82 55.03
176 83 126.48
176 84 8.06
176 85 87.37
176 86 86.02
176 87 18.97
176 88 15.62
176 89 50.36
176 90 106.94
176 91 125.4
176 92 61.4
176 93 93.26
176 94 92.97
176 95 127.06
176 96 52.15
176 97 16.28
176 98 88.55
176 99 92.03
176 100 52.47
176 101 107.08
176 102 94.92
176 103 106.63
176 104 87.66
176 105 6.08
176 106 109.64
176 107 68.36
176 108 91.2
176 109 90.25
176 110 103.23
176 111 144.31
176 112 90.8
176 113 2.83
176 114 89.09
176 115 40.8
176 116 121.21
176 117 93.02
176 118 14.21
176 119 87.66
176 120 68.12
176 121 33.24
176 122 80.99
176 123 40.0
176 124 90.43
176 125 87.93
176 126 101.4
176 127 4.12
176 128 87.6
176 129 87.09
176 130 53.24
176 131 87.97
176 132 60.37
176 133 87.32
176 134 7.62
176 135 67.6
176 136 84.81
176 137 19.1
176 138 68.07
176 139 58.03
176 140 37.16
176 141 68.03
176 142 62.97
176 143 60.01
176 144 32.39
176 145 127.31
176 146 106.0
176 147 88.24
176 148 122.67
176 149 70.58
176 150 55.22
176 151 93.3
176 152 94.26
176 153 61.85
176 154 59.93
176 155 41.23
176 156 92.85
176 157 84.93
176 158 74.95
176 159 69.43
176 160 93.41
176 161 86.45
176 162 61.13
176 163 56.6
176 164 85.23
176 165 86.37
176 166 60.02
176 167 107.71
176 168 93.05
176 169 88.81
176 170 103.41
176 171 56.82
176 172 62.97
176 173 68.0
176 174 27.46
176 175 34.06
176 177 80.96
176 178 99.86
176 179 101.53
176 180 87.62
176 181 78.39
176 182 80.06
176 183 99.9
176 184 101.12
176 185 61.03
176 186 68.73
176 187 55.23
176 188 62.01
176 189 89.56
176 190 107.48
176 191 4.12
176 192 103.81
176 193 89.63
176 194 73.76
176 195 80.41
176 196 98.35
176 197 64.76
176 198 128.7
176 199 6.08
176 200 87.6
176 201 52.35
177 0 72.4
177 1 108.75
177 2 115.8
177 3 98.23
177 4 66.19
177 5 130.82
177 6 90.74
177 7 105.8
177 8 100.85
177 9 34.66
177 10 147.8
177 11 72.25
177 12 31.83
177 13 94.92
177 14 95.88
177 15 102.7
177 16 64.07
177 17 64.08
177 18 103.48
177 19 154.01
177 20 130.14
177 21 35.51
177 22 65.0
177 23 29.21
177 24 89.05
177 25 150.63
177 26 131.53
177 27 99.08
177 28 87.13
177 29 30.89
177 30 62.43
177 31 44.82
177 32 26.17
177 33 13.42
177 34 108.47
177 35 148.52
177 36 104.14
177 37 37.01
177 38 25.5
177 39 108.23
177 40 62.13
177 41 53.0
177 42 120.97
177 43 97.74
177 44 119.6
177 45 22.47
177 46 128.7
177 47 100.65
177 48 94.59
177 49 93.15
177 50 14.42
177 51 109.22
177 52 41.04
177 53 28.64
177 54 53.76
177 55 39.81
177 56 22.2
177 57 60.0
177 58 79.48
177 59 29.21
177 60 110.17
177 61 94.24
177 62 131.52
177 63 115.11
177 64 67.9
177 65 8.0
177 66 40.31
177 67 65.19
177 68 105.48
177 69 78.45
177 70 70.94
177 71 73.33
177 72 71.34
177 73 135.43
177 74 36.62
177 75 101.0
177 76 109.55
177 77 147.09
177 78 93.74
177 79 105.48
177 80 106.02
177 81 32.02
177 82 49.74
177 83 131.24
177 84 87.09
177 85 19.72
177 86 24.7
177 87 61.98
177 88 66.71
177 89 41.11
177 90 121.81
177 91 109.33
177 92 60.93
177 93 137.2
177 94 12.08
177 95 129.06
177 96 106.1
177 97 84.6
177 98 65.03
177 99 11.18
177 100 40.61
177 101 28.28
177 102 97.02
177 103 131.24
177 104 152.03
177 105 80.28
177 106 60.42
177 107 33.24
177 108 23.6
177 109 10.05
177 110 110.32
177 111 127.12
177 112 13.89
177 113 79.71
177 114 24.19
177 115 53.6
177 116 121.04
177 117 28.02
177 118 89.44
177 119 65.01
177 120 118.23
177 121 53.04
177 122 145.69
177 123 101.24
177 124 98.27
177 125 7.07
177 126 86.09
177 127 84.48
177 128 6.71
177 129 48.51
177 130 88.81
177 131 94.15
177 132 93.49
177 133 60.07
177 134 80.62
177 135 125.94
177 136 95.34
177 137 90.67
177 138 128.0
177 139 33.02
177 140 58.73
177 141 136.36
177 142 74.73
177 143 29.41
177 144 72.34
177 145 117.52
177 146 151.45
177 147 60.13
177 148 118.04
177 149 116.83
177 150 83.22
177 151 12.37
177 152 87.21
177 153 86.83
177 154 55.95
177 155 45.01
177 156 96.34
177 157 9.22
177 158 49.37
177 159 130.12
177 160 13.0
177 161 68.03
177 162 103.81
177 163 86.82
177 164 150.66
177 165 19.24
177 166 40.25
177 167 96.08
177 168 12.81
177 169 77.16
177 170 158.0
177 171 90.14
177 172 123.75
177 173 26.57
177 174 78.41
177 175 95.43
177 176 80.96
177 178 108.85
177 179 103.7
177 180 96.77
177 181 145.17
177 182 62.29
177 183 100.6
177 184 97.19
177 185 126.91
177 186 127.35
177 187 86.53
177 188 30.02
177 189 9.0
177 190 101.0
177 191 77.49
177 192 24.02
177 193 146.99
177 194 45.4
177 195 54.04
177 196 97.51
177 197 127.31
177 198 99.93
177 199 86.98
177 200 118.6
177 201 72.4
178 0 49.77
178 1 100.42
178 2 82.3
178 3 13.0
178 4 49.03
178 5 74.53
178 6 41.04
178 7 7.28
178 8 99.76
178 9 82.1
178 10 83.01
178 11 113.6
178 12 84.02
178 13 106.96
178 14 36.88
178 15 9.43
178 16 48.76
178 17 90.8
178 18 10.77
178 19 75.5
178 20 71.2
178 21 77.01
178 22 56.85
178 23 92.2
178 24 20.02
178 25 85.01
178 26 73.16
178 27 25.3
178 28 42.01
178 29 80.16
178 30 77.47
178 31 86.53
178 32 95.85
178 33 96.03
178 34 82.38
178 35 87.09
178 36 5.1
178 37 78.06
178 38 95.46
178 39 29.73
178 40 51.0
178 41 57.58
178 42 72.11
178 43 12.37
178 44 14.42
178 45 93.64
178 46 71.59
178 47 28.02
178 48 15.13
178 49 36.77
178 50 104.04
178 51 27.07
178 52 90.74
178 53 122.77
178 54 72.53
178 55 73.54
178 56 94.92
178 57 51.08
178 58 94.87
178 59 84.02
178 60 102.62
178 61 54.08
178 62 74.33
178 63 46.57
178 64 66.64
178 65 116.73
178 66 79.51
178 67 62.39
178 68 10.2
178 69 100.4
178 70 61.62
178 71 113.18
178 72 38.28
178 73 59.08
178 74 99.48
178 75 117.52
178 76 84.6
178 77 85.09
178 78 43.19
178 79 38.91
178 80 18.03
178 81 77.88
178 82 64.2
178 83 26.83
178 84 96.67
178 85 94.87
178 86 88.87
178 87 96.25
178 88 102.42
178 89 76.32
178 90 13.42
178 91 37.01
178 92 51.16
178 93 51.2
178 94 116.21
178 95 27.2
178 96 60.9
178 97 85.28
178 98 47.41
178 99 115.95
178 100 75.17
178 101 113.64
178 102 12.53
178 103 26.91
178 104 88.0
178 105 105.39
178 106 72.92
178 107 75.8
178 108 94.34
178 109 110.16
178 110 3.61
178 111 50.92
178 112 105.0
178 113 97.08
178 114 91.76
178 115 119.64
178 116 22.02
178 117 91.39
178 118 113.6
178 119 46.96
178 120 54.82
178 121 110.06
178 122 85.21
178 123 139.85
178 124 11.05
178 125 111.32
178 126 31.89
178 127 103.0
178 128 113.03
178 129 64.88
178 130 47.42
178 131 15.0
178 132 41.04
178 133 52.33
178 134 92.42
178 135 67.68
178 136 15.81
178 137 118.81
178 138 70.61
178 139 80.01
178 140 70.84
178 141 87.32
178 142 40.52
178 143 83.05
178 144 125.3
178 145 32.57
178 146 60.93
178 147 52.77
178 148 25.5
178 149 49.48
178 150 44.65
178 151 114.56
178 152 24.41
178 153 38.01
178 154 56.08
178 155 110.86
178 156 12.65
178 157 103.32
178 158 59.67
178 159 72.37
178 160 111.97
178 161 42.95
178 162 47.01
178 163 43.42
178 164 89.05
178 165 94.56
178 166 71.03
178 167 26.4
178 168 118.85
178 169 33.54
178 170 76.66
178 171 43.86
178 172 70.88
178 173 82.73
178 174 72.42
178 175 73.0
178 176 99.86
178 177 108.85
178 179 8.94
178 180 13.34
178 181 88.57
178 182 47.13
178 183 11.4
178 184 17.2
178 185 79.7
178 186 68.45
178 187 44.82
178 188 81.15
178 189 110.86
178 190 19.92
178 191 96.8
178 192 114.77
178 193 74.24
178 194 63.56
178 195 55.97
178 196 14.14
178 197 74.46
178 198 52.39
178 199 102.62
178 200 29.02
178 201 49.77
179 0 49.93
179 1 104.56
179 2 87.85
179 3 15.26
179 4 47.54
179 5 81.74
179 6 44.41
179 7 2.24
179 8 103.23
179 9 78.92
179 10 91.05
179 11 114.06
179 12 80.62
179 13 109.62
179 14 41.18
179 15 1.0
179 16 41.79
179 17 91.07
179 18 2.0
179 19 84.17
179 20 78.52
179 21 73.33
179 22 48.83
179 23 85.44
179 24 17.46
179 25 93.13
179 26 80.5
179 27 16.49
179 28 44.69
179 29 76.06
179 30 77.52
179 31 78.89
179 32 89.2
179 33 91.2
179 34 87.24
179 35 95.0
179 36 9.06
179 37 74.81
179 38 88.87
179 39 36.5
179 40 44.01
179 41 51.42
179 42 78.59
179 43 13.6
179 44 16.0
179 45 87.36
179 46 78.77
179 47 33.24
179 48 14.87
179 49 40.5
179 50 97.98
179 51 19.92
179 52 83.24
179 53 116.11
179 54 71.31
179 55 67.05
179 56 88.6
179 57 44.64
179 58 96.54
179 59 80.22
179 60 106.78
179 61 45.22
179 62 81.61
179 63 53.6
179 64 67.12
179 65 111.65
179 66 76.9
179 67 62.27
179 68 2.83
179 69 101.83
179 70 53.04
179 71 113.74
179 72 32.39
179 73 67.36
179 74 92.13
179 75 120.24
179 76 89.47
179 77 93.0
179 78 47.17
179 79 44.92
179 80 10.44
179 81 72.18
179 82 61.39
179 83 28.28
179 84 99.01
179 85 88.77
179 86 82.71
179 87 96.25
179 88 102.73
179 89 73.55
179 90 21.26
179 91 29.43
179 92 48.51
179 93 59.91
179 94 110.42
179 95 27.2
179 96 66.31
179 97 87.68
179 98 40.5
179 99 110.22
179 100 72.18
179 101 106.78
179 102 7.28
179 103 35.61
179 104 96.08
179 105 106.83
179 106 64.66
179 107 71.06
179 108 87.93
179 109 104.35
179 110 7.81
179 111 45.18
179 112 98.95
179 113 98.72
179 114 85.44
179 115 118.33
179 116 20.12
179 117 84.76
179 118 115.52
179 119 40.16
179 120 61.81
179 121 109.0
179 122 93.02
179 123 141.5
179 124 11.4
179 125 105.72
179 126 23.35
179 127 104.89
179 128 107.52
179 129 58.19
179 130 50.61
179 131 13.6
179 132 44.94
179 133 45.54
179 134 94.26
179 135 74.81
179 136 17.03
179 137 120.62
179 138 77.78
179 139 76.32
179 140 70.21
179 141 94.37
179 142 39.82
179 143 79.16
179 144 125.3
179 145 26.93
179 146 69.86
179 147 45.88
179 148 21.21
179 149 56.57
179 150 46.67
179 151 108.68
179 152 17.09
179 153 40.36
179 154 53.15
179 155 109.11
179 156 8.94
179 157 97.67
179 158 54.33
179 159 79.63
179 160 105.99
179 161 36.4
179 162 52.55
179 163 46.1
179 164 97.01
179 165 88.53
179 166 67.27
179 167 17.46
179 168 113.16
179 169 26.93
179 170 85.44
179 171 47.2
179 172 77.67
179 173 78.06
179 174 74.33
179 175 76.84
179 176 101.53
179 177 103.7
179 178 8.94
179 180 14.21
179 181 96.19
179 182 41.44
179 183 3.16
179 184 8.49
179 185 86.35
179 186 75.66
179 187 47.51
179 188 77.06
179 189 105.12
179 190 11.18
179 191 98.23
179 192 108.17
179 193 82.61
179 194 58.31
179 195 50.01
179 196 6.32
179 197 81.39
179 198 43.74
179 199 104.74
179 200 37.34
179 201 49.93
180 0 36.67
180 1 90.43
180 2 74.33
180 3 2.24
180 4 35.69
180 5 70.03
180 6 30.23
180 7 14.87
180 8 89.02
180 9 69.01
180 10 80.89
180 11 100.72
180 12 71.01
180 13 95.46
180 14 27.31
180 15 13.6
180 16 39.7
180 17 77.83
180 18 15.81
180 19 76.32
180 20 67.0
180 21 64.12
180 22 49.82
180 23 81.99
180 24 8.06
180 25 83.19
180 26 69.0
180 27 27.46
180 28 30.48
180 29 67.48
180 30 64.4
180 31 77.99
180 32 85.48
180 33 83.74
180 34 73.35
180 35 84.48
180 36 8.25
180 37 65.0
180 38 85.0
180 39 25.18
180 40 41.87
180 41 47.01
180 42 65.92
180 43 1.0
180 44 27.31
180 45 82.76
180 46 67.03
180 47 20.22
180 48 2.24
180 49 26.42
180 50 92.85
180 51 33.54
180 52 81.84
180 53 112.25
180 54 59.2
180 55 63.13
180 56 84.1
180 57 41.05
180 58 82.62
180 59 71.18
180 60 92.65
180 61 54.23
180 62 70.01
180 63 42.01
180 64 53.71
180 65 104.56
180 66 66.27
180 67 49.24
180 68 17.03
180 69 88.01
180 70 56.44
180 71 100.34
180 72 28.02
180 73 58.24
180 74 90.21
180 75 106.08
180 76 75.58
180 77 82.49
180 78 33.12
180 79 32.25
180 80 24.19
180 81 66.48
180 82 51.04
180 83 39.92
180 84 84.9
180 85 83.77
180 86 77.88
180 87 83.19
180 88 89.47
180 89 63.13
180 90 25.18
180 91 42.38
180 92 38.01
180 93 52.77
180 94 104.68
180 95 39.82
180 96 52.81
180 97 73.55
180 98 38.29
180 99 104.36
180 100 62.03
180 101 103.45
180 102 9.22
180 103 35.36
180 104 85.99
180 105 93.01
180 106 66.22
180 107 63.56
180 108 83.63
180 109 98.68
180 110 16.16
180 111 59.17
180 112 93.78
180 113 84.81
180 114 80.96
180 115 106.32
180 116 33.6
180 117 81.01
180 118 101.53
180 119 37.64
180 120 50.01
180 121 96.77
180 122 82.3
180 123 127.61
180 124 2.83
180 125 99.62
180 126 28.16
180 127 90.91
180 128 101.24
180 129 54.92
180 130 36.4
180 131 3.61
180 132 30.89
180 133 42.8
180 134 80.28
180 135 63.03
180 136 2.83
180 137 106.67
180 138 66.03
180 139 67.12
180 140 57.58
180 141 82.3
180 142 27.2
180 143 70.26
180 144 112.26
180 145 41.05
180 146 64.64
180 147 43.42
180 148 35.38
180 149 45.01
180 150 32.56
180 151 103.12
180 152 18.38
180 153 26.17
180 154 43.0
180 155 97.51
180 156 7.07
180 157 91.71
180 158 48.1
180 159 68.01
180 160 100.66
180 161 33.42
180 162 39.29
180 163 31.89
180 164 86.58
180 165 83.38
180 166 58.22
180 167 27.07
180 168 107.21
180 169 24.76
180 170 78.29
180 171 33.02
180 172 65.38
180 173 70.41
180 174 60.31
180 175 62.68
180 176 87.62
180 177 96.77
180 178 13.34
180 179 14.21
180 181 85.05
180 182 36.24
180 183 13.42
180 184 17.26
180 185 73.82
180 186 64.01
180 187 33.3
180 188 68.47
180 189 99.3
180 190 23.09
180 191 84.4
180 192 104.2
180 193 73.5
180 194 51.87
180 195 45.18
180 196 13.34
180 197 69.26
180 198 54.01
180 199 90.69
180 200 29.53
180 201 36.67
181 0 77.83
181 1 52.77
181 2 31.76
181 3 83.02
181 4 86.76
181 5 15.81
181 6 63.25
181 7 95.34
181 8 59.91
181 9 110.63
181 10 10.3
181 11 97.86
181 12 113.45
181 13 72.03
181 14 61.61
181 15 96.13
181 16 115.8
181 17 87.09
181 18 98.18
181 19 28.65
181 20 18.25
181 21 111.4
181 22 128.58
181 23 146.12
181 24 89.56
181 25 11.4
181 26 16.28
181 27 112.02
181 28 66.13
181 29 116.4
181 30 83.49
181 31 149.47
181 32 148.19
181 33 132.77
181 34 39.82
181 35 6.08
181 36 87.14
181 37 108.85
181 38 147.34
181 39 60.0
181 40 117.34
181 41 116.62
181 42 24.41
181 43 85.02
181 44 98.49
181 45 143.12
181 46 18.68
181 47 65.28
181 48 86.15
181 49 64.03
181 50 149.4
181 51 115.62
181 52 151.61
181 53 170.6
181 54 91.44
181 55 129.69
181 56 144.51
181 57 114.16
181 58 76.03
181 59 116.52
181 60 53.46
181 61 139.23
181 62 15.52
181 63 43.05
181 64 77.34
181 65 150.63
181 66 104.89
181 67 80.8
181 68 98.33
181 69 81.02
181 70 137.54
181 71 96.57
181 72 104.29
181 73 31.78
181 74 157.54
181 75 77.52
181 76 39.81
181 77 6.71
181 78 59.14
181 79 53.46
181 80 106.38
181 81 126.91
181 82 99.02
181 83 105.62
181 84 70.38
181 85 142.56
181 86 138.44
181 87 92.11
181 88 92.59
181 89 104.48
181 90 84.9
181 91 125.48
181 92 93.47
181 93 43.42
181 94 156.73
181 95 108.81
181 96 40.31
181 97 65.51
181 98 114.56
181 99 155.97
181 100 105.42
181 101 164.76
181 102 94.01
181 103 73.54
181 104 10.0
181 105 83.57
181 106 143.89
181 107 118.43
181 108 144.8
181 109 152.12
181 110 91.79
181 111 138.65
181 112 150.0
181 113 77.39
181 114 142.04
181 115 118.53
181 116 107.71
181 117 144.4
181 118 83.43
181 119 113.6
181 120 35.23
181 121 109.77
181 122 5.0
181 123 104.24
181 124 87.01
181 125 151.09
181 126 112.54
181 127 77.83
181 128 151.64
181 129 125.0
181 130 61.33
181 131 88.14
181 132 60.73
181 133 117.0
181 134 73.36
181 135 22.56
181 136 83.15
181 137 87.86
181 138 19.65
181 139 113.23
181 140 86.45
181 141 10.44
181 142 82.28
181 143 116.66
181 144 110.05
181 145 120.67
181 146 46.69
181 147 117.95
181 148 112.97
181 149 40.05
181 150 68.54
181 151 156.2
181 152 102.49
181 153 69.26
181 154 96.65
181 155 116.5
181 156 92.02
181 157 145.24
181 158 112.73
181 159 17.46
181 160 155.08
181 161 109.9
181 162 48.76
181 163 65.55
181 164 7.07
181 165 141.74
181 166 108.72
181 167 112.0
181 168 157.95
181 169 104.92
181 170 33.11
181 171 62.03
181 172 22.36
181 173 122.41
181 174 67.21
181 175 50.33
181 176 78.39
181 177 145.17
181 178 88.57
181 179 96.19
181 180 85.05
181 182 107.84
181 183 97.05
181 184 102.0
181 185 18.44
181 186 21.38
181 187 65.0
181 188 117.0
181 189 151.98
181 190 107.07
181 191 79.16
181 192 163.22
181 193 21.26
181 194 114.49
181 195 114.39
181 196 98.0
181 197 18.36
181 198 139.01
181 199 75.27
181 200 60.02
181 201 77.83
182 0 33.02
182 1 94.54
182 2 87.28
182 3 38.08
182 4 24.19
182 5 92.03
182 6 44.6
182 7 43.57
182 8 89.99
182 9 41.15
182 10 106.51
182 11 86.56
182 12 42.15
182 13 91.92
182 14 46.96
182 15 40.45
182 16 9.22
182 17 64.64
182 18 41.19
182 19 106.51
182 20 89.89
182 21 34.54
182 22 22.02
182 23 45.79
182 24 28.18
182 25 109.17
182 26 91.76
182 27 38.33
182 28 41.76
182 29 36.14
182 30 51.97
182 31 43.42
182 32 49.24
182 33 50.0
182 34 83.0
182 35 109.0
182 36 42.72
182 37 37.12
182 38 48.76
182 39 54.67
182 40 10.0
182 41 10.82
182 42 84.65
182 43 37.12
182 44 57.31
182 45 46.62
182 46 89.2
182 47 47.01
182 48 34.0
182 49 44.28
182 50 56.92
182 51 48.76
182 52 46.69
182 53 76.03
182 54 41.4
182 55 26.93
182 56 47.93
182 57 6.32
182 58 75.58
182 59 40.8
182 60 96.69
182 61 45.8
182 62 92.36
182 63 67.6
182 64 45.54
182 65 70.26
182 66 41.05
182 67 39.22
182 68 43.19
182 69 79.26
182 70 32.25
182 71 86.68
182 72 9.06
182 73 87.37
182 74 54.56
182 75 102.04
182 76 85.01
182 77 107.15
182 78 48.7
182 79 56.44
182 80 44.18
182 81 30.81
182 82 26.87
182 83 69.03
182 84 80.78
182 85 47.76
182 86 41.79
182 87 68.25
182 88 75.43
182 89 37.44
182 90 60.41
182 91 51.43
182 92 18.97
182 93 85.04
182 94 69.12
182 95 67.03
182 96 68.66
182 97 71.17
182 98 8.54
182 99 68.88
182 100 35.51
182 101 67.23
182 102 34.93
182 103 71.59
182 104 111.49
182 105 83.86
182 106 36.14
182 107 30.15
182 108 47.42
182 109 63.06
182 110 48.27
182 111 70.71
182 112 57.87
182 113 77.37
182 114 44.78
182 115 84.31
182 116 59.08
182 117 44.78
182 118 94.02
182 119 7.62
182 120 73.82
182 121 76.22
182 122 106.4
182 123 117.41
182 124 37.16
182 125 64.33
182 126 26.0
182 127 84.08
182 128 66.1
182 129 19.1
182 130 47.07
182 131 33.11
182 132 47.17
182 133 9.22
182 134 74.32
182 135 85.44
182 136 35.51
182 137 98.27
182 138 88.26
182 139 37.34
182 140 43.05
182 141 102.11
182 142 25.71
182 143 39.56
182 144 95.48
182 145 57.57
182 146 98.29
182 147 10.2
182 148 56.72
182 149 70.24
182 150 39.81
182 151 67.45
182 152 25.0
182 153 38.63
182 154 20.25
182 155 74.09
182 156 34.48
182 157 56.29
182 158 13.0
182 159 90.48
182 160 64.85
182 161 7.21
182 162 59.24
182 163 42.45
182 164 111.23
182 165 47.43
182 166 28.64
182 167 35.44
182 168 71.81
182 169 15.03
182 170 109.4
182 171 45.88
182 172 85.73
182 173 37.12
182 174 57.72
182 175 69.07
182 176 80.06
182 177 62.29
182 178 47.13
182 179 41.44
182 180 36.24
182 181 107.84
182 183 38.33
182 184 35.0
182 185 92.42
182 186 86.73
182 187 43.17
182 188 37.11
182 189 63.79
182 190 39.32
182 191 76.06
182 192 67.98
182 193 101.71
182 194 17.0
182 195 8.94
182 196 35.23
182 197 89.84
182 198 49.58
182 199 85.0
182 200 62.97
182 201 33.02
183 0 48.01
183 1 103.77
183 2 87.66
183 3 14.87
183 4 45.19
183 5 82.39
183 6 43.57
183 7 5.39
183 8 102.2
183 9 76.12
183 10 92.2
183 11 112.06
183 12 77.78
183 13 108.3
183 14 40.72
183 15 2.24
183 16 38.63
183 17 89.04
183 18 3.16
183 19 85.87
183 20 79.23
183 21 70.46
183 22 45.8
183 23 82.28
183 24 15.26
183 25 94.34
183 26 81.22
183 27 15.03
183 28 43.6
183 29 73.11
183 30 75.47
183 31 75.8
183 32 86.03
183 33 88.14
183 34 86.76
183 35 96.05
183 36 10.2
183 37 72.01
183 38 85.7
183 39 37.12
183 40 40.85
183 41 48.27
183 42 78.85
183 43 13.0
183 44 19.03
183 45 84.2
183 46 79.4
183 47 33.24
183 48 13.6
183 49 39.82
183 50 94.83
183 51 20.12
183 52 80.13
183 53 112.95
183 54 68.94
183 55 63.89
183 56 85.44
183 57 41.48
183 58 94.92
183 59 77.32
183 60 106.0
183 61 43.42
183 62 82.3
183 63 54.23
183 64 65.22
183 65 108.56
183 66 74.22
183 67 60.21
183 68 5.1
183 69 100.12
183 70 50.25
183 71 111.77
183 72 29.27
183 73 68.73
183 74 89.01
183 75 118.93
183 76 89.0
183 77 94.05
183 78 46.53
183 79 45.12
183 80 10.82
183 81 69.05
183 82 58.69
183 83 31.14
183 84 97.59
183 85 85.62
183 86 79.56
183 87 94.15
183 88 100.7
183 89 70.83
183 90 24.21
183 91 29.12
183 92 45.88
183 93 61.68
183 94 107.28
183 95 29.83
183 96 66.13
183 97 86.31
183 98 37.34
183 99 107.08
183 100 69.43
183 101 103.62
183 102 5.0
183 103 38.29
183 104 97.25
183 105 105.12
183 106 61.72
183 107 68.03
183 108 84.77
183 109 101.2
183 110 10.82
183 111 45.79
183 112 95.8
183 113 97.08
183 114 82.28
183 115 115.88
183 116 22.47
183 117 81.6
183 118 113.95
183 119 37.0
183 120 62.39
183 121 106.62
183 122 94.01
183 123 139.82
183 124 10.77
183 125 102.59
183 126 20.52
183 127 103.32
183 128 104.39
183 129 55.03
183 130 49.65
183 131 12.04
183 132 44.29
183 133 42.38
183 134 92.7
183 135 75.43
183 136 16.12
183 137 119.0
183 138 78.41
183 139 73.44
183 140 68.0
183 141 94.89
183 142 37.74
183 143 76.24
183 144 123.17
183 145 27.8
183 146 72.01
183 147 42.72
183 148 22.8
183 149 57.22
183 150 45.34
183 151 105.54
183 152 13.93
183 153 39.2
183 154 50.45
183 155 106.57
183 156 7.07
183 157 94.54
183 158 51.24
183 159 80.31
183 160 102.84
183 161 33.24
183 162 52.5
183 163 45.0
183 164 98.08
183 165 85.38
183 166 64.38
183 167 15.52
183 168 110.02
183 169 23.77
183 170 87.28
183 171 46.32
183 172 78.09
183 173 75.03
183 174 72.84
183 175 76.01
183 176 99.9
183 177 100.6
183 178 11.4
183 179 3.16
183 180 13.42
183 181 97.05
183 182 38.33
183 184 5.83
183 185 86.68
183 186 76.32
183 187 46.4
183 188 74.11
183 189 101.98
183 190 10.05
183 191 96.54
183 192 105.0
183 193 84.01
183 194 55.23
183 195 46.87
183 196 3.16
183 197 81.88
183 198 42.3
183 199 103.25
183 200 38.83
183 201 48.01
184 0 48.84
184 1 106.55
184 2 91.39
184 3 19.1
184 4 44.94
184 5 87.14
184 6 46.52
184 7 10.63
184 8 104.56
184 9 74.22
184 10 97.42
184 11 112.41
184 12 75.71
184 13 110.11
184 14 44.27
184 15 7.81
184 16 34.21
184 17 89.4
184 18 7.21
184 19 91.48
184 20 84.05
184 21 68.25
184 22 40.5
184 23 77.79
184 24 16.4
184 25 99.61
184 26 86.05
184 27 10.2
184 28 46.14
184 29 70.58
184 30 75.8
184 31 70.71
184 32 81.61
184 33 85.0
184 34 90.08
184 35 101.18
184 36 15.81
184 37 70.09
184 38 81.32
184 39 42.0
184 40 36.4
184 41 44.41
184 42 83.19
184 43 17.12
184 44 22.8
184 45 80.05
184 46 84.15
184 47 37.48
184 48 16.76
184 49 43.08
184 50 90.8
184 51 17.69
184 52 75.13
184 53 108.47
184 54 68.48
184 55 59.67
184 56 81.25
184 57 37.48
184 58 96.17
184 59 74.97
184 60 108.78
184 61 37.85
184 62 87.09
184 63 59.03
184 64 65.95
184 65 105.17
184 66 72.73
184 67 60.61
184 68 8.94
184 69 101.18
184 70 44.55
184 71 112.2
184 72 26.02
184 73 74.15
184 74 84.1
184 75 120.74
184 76 92.31
184 77 99.18
184 78 49.77
184 79 49.5
184 80 9.85
184 81 65.38
184 82 57.25
184 83 34.06
184 84 99.25
184 85 81.58
184 86 75.5
184 87 94.3
184 88 101.02
184 89 69.26
184 90 29.73
184 91 25.5
184 92 44.78
184 93 67.36
184 94 103.41
184 95 32.06
184 96 69.92
184 97 88.09
184 98 32.98
184 99 103.25
184 100 67.72
184 101 99.02
184 102 8.06
184 103 44.05
184 104 102.49
184 105 106.15
184 106 56.22
184 107 65.07
184 108 80.52
184 109 97.32
184 110 16.28
184 111 43.42
184 112 91.78
184 113 98.29
184 114 78.1
184 115 115.04
184 116 24.19
184 117 77.2
184 118 115.26
184 119 32.76
184 120 67.12
184 121 105.99
184 122 99.08
184 123 140.86
184 124 15.03
184 125 98.86
184 126 14.87
184 127 104.66
184 128 100.72
184 129 50.7
184 130 52.35
184 131 14.87
184 132 47.54
184 133 38.08
184 134 94.07
184 135 80.16
184 136 19.65
184 137 120.22
184 138 83.15
184 139 71.2
184 140 67.96
184 141 99.5
184 142 38.29
184 143 73.82
184 144 123.17
184 145 26.25
184 146 77.82
184 147 38.33
184 148 22.85
184 149 62.03
184 150 47.43
184 151 101.61
184 152 10.0
184 153 41.68
184 154 49.04
184 155 105.48
184 156 10.2
184 157 90.8
184 158 48.0
184 159 85.09
184 160 98.84
184 161 29.27
184 162 56.52
184 163 47.51
184 164 103.24
184 165 81.39
184 166 62.17
184 167 10.05
184 168 106.21
184 169 20.02
184 170 92.97
184 171 49.19
184 172 82.61
184 173 72.06
184 174 74.41
184 175 78.77
184 176 101.12
184 177 97.19
184 178 17.2
184 179 8.49
184 180 17.26
184 181 102.0
184 182 35.0
184 183 5.83
184 185 91.08
184 186 81.1
184 187 48.88
184 188 71.57
184 189 98.15
184 190 6.4
184 191 97.62
184 192 100.58
184 193 89.44
184 194 52.0
184 195 43.19
184 196 4.0
184 197 86.47
184 198 37.05
184 199 104.74
184 200 44.38
184 201 48.84
185 0 61.1
185 1 38.12
185 2 14.32
185 3 72.01
185 4 70.23
185 5 9.49
185 6 48.37
185 7 85.87
185 8 44.1
185 9 92.46
185 10 24.04
185 11 80.65
185 12 95.27
185 13 56.22
185 14 48.0
185 15 86.12
185 16 100.81
185 17 68.8
185 18 88.29
185 19 39.05
185 20 12.53
185 21 93.48
185 22 113.77
185 23 128.83
185 24 77.1
185 25 26.57
185 26 11.7
185 27 101.27
185 28 50.8
185 29 98.47
185 30 65.07
185 31 132.97
185 32 130.74
185 33 114.63
185 34 22.14
185 35 22.83
185 36 77.37
185 37 90.8
185 38 129.87
185 39 50.0
185 40 102.18
185 41 100.58
185 42 8.0
185 43 73.98
185 44 91.39
185 45 125.54
185 46 10.82
185 47 53.6
185 48 74.55
185 49 50.04
185 50 131.49
185 51 106.23
185 52 134.85
185 53 152.63
185 54 73.25
185 55 112.92
185 56 126.91
185 57 98.72
185 58 58.31
185 59 98.41
185 60 39.32
185 61 127.14
185 62 10.44
185 63 33.24
185 64 59.2
185 65 132.28
185 66 86.68
185 67 62.97
185 68 88.77
185 69 63.57
185 70 123.18
185 71 79.4
185 72 89.81
185 73 31.91
185 74 140.43
185 75 63.07
185 76 22.56
185 77 21.93
185 78 44.28
185 79 41.59
185 80 96.77
185 81 109.59
185 82 81.49
185 83 100.24
185 84 53.16
185 85 124.87
185 86 120.93
185 87 73.93
185 88 74.73
185 89 86.4
185 90 78.71
185 91 115.73
185 92 76.9
185 93 43.6
185 94 138.54
185 95 102.86
185 96 23.77
185 97 47.41
185 98 99.64
185 99 137.77
185 100 87.42
185 101 147.03
185 102 83.02
185 103 70.0
185 104 26.83
185 105 66.48
185 106 128.55
185 107 100.85
185 108 127.26
185 109 134.01
185 110 83.17
185 111 130.6
185 112 132.06
185 113 59.81
185 114 124.53
185 115 100.65
185 116 100.46
185 117 127.06
185 118 67.48
185 119 98.66
185 120 25.08
185 121 91.71
185 122 20.12
185 123 90.14
185 124 76.12
185 125 132.91
185 126 100.04
185 127 60.88
185 128 133.42
185 129 108.78
185 130 45.35
185 131 76.53
185 132 46.17
185 133 101.64
185 134 55.54
185 135 13.45
185 136 71.57
185 137 72.25
185 138 11.4
185 139 95.21
185 140 68.25
185 141 9.85
185 142 66.71
185 143 98.6
185 144 93.15
185 145 112.27
185 146 52.0
185 147 102.61
185 148 105.0
185 149 30.46
185 150 52.63
185 151 138.06
185 152 90.09
185 153 54.45
185 154 79.71
185 155 98.27
185 156 80.89
185 157 127.2
185 158 96.21
185 159 11.18
185 160 137.0
185 161 95.19
185 162 35.01
185 163 50.01
185 164 24.7
185 165 124.02
185 166 91.07
185 167 100.84
185 168 139.7
185 169 91.2
185 170 44.05
185 171 46.69
185 172 8.94
185 173 104.56
185 174 48.8
185 175 31.89
185 176 61.03
185 177 126.91
185 178 79.7
185 179 86.35
185 180 73.82
185 181 18.44
185 182 92.42
185 183 86.68
185 184 91.08
185 186 13.45
185 187 49.24
185 188 99.05
185 189 133.84
185 190 96.69
185 191 61.47
185 192 145.34
185 193 30.07
185 194 97.69
185 195 98.37
185 196 87.13
185 197 6.4
185 198 127.57
185 199 58.46
185 200 53.24
185 201 61.1
186 0 57.69
186 1 49.48
186 2 24.74
186 3 62.03
186 4 66.37
186 5 6.08
186 6 42.15
186 7 74.97
186 8 54.33
186 9 92.7
186 10 20.62
186 11 88.28
186 12 95.52
186 13 66.12
186 14 40.26
186 15 75.54
186 16 94.56
186 17 73.54
186 18 77.65
186 19 29.83
186 20 3.16
186 21 92.7
186 22 107.28
186 23 126.19
186 24 68.26
186 25 23.43
186 26 5.1
186 27 91.2
186 28 45.19
186 29 97.67
186 30 67.42
186 31 128.8
186 32 128.46
186 33 114.55
186 34 31.06
186 35 22.36
186 36 66.61
186 37 90.51
186 38 127.64
186 39 39.2
186 40 96.14
186 41 95.75
186 42 10.05
186 43 64.03
186 44 79.38
186 45 123.6
186 46 3.16
186 47 44.05
186 48 65.01
186 49 42.72
186 50 130.48
186 51 95.35
186 52 131.13
186 53 151.74
186 54 73.76
186 55 109.27
186 56 125.0
186 57 93.05
186 58 65.31
186 59 98.29
186 60 50.96
186 61 118.07
186 62 6.0
186 63 22.09
186 64 59.67
186 65 133.3
186 66 87.11
186 67 62.23
186 68 77.93
186 69 71.02
186 70 116.18
186 71 87.13
186 72 82.97
186 73 18.79
186 74 137.38
186 75 73.98
186 76 32.25
186 77 20.59
186 78 38.08
186 79 32.14
186 80 85.99
186 81 107.07
186 82 79.65
186 83 87.66
186 84 61.29
186 85 123.23
186 86 118.81
186 87 79.12
186 88 81.04
186 89 86.28
186 90 66.31
186 91 105.08
186 92 73.06
186 93 30.23
186 94 138.59
186 95 90.47
186 96 21.26
186 97 53.6
186 98 93.3
186 99 137.89
186 100 86.98
186 101 145.42
186 102 73.06
186 103 56.86
186 104 25.24
186 105 74.55
186 106 122.7
186 107 99.02
186 108 125.21
186 109 133.69
186 110 71.81
186 111 119.1
186 112 131.14
186 113 67.08
186 114 122.41
186 115 106.57
186 116 88.54
186 117 124.54
186 118 77.01
186 119 92.35
186 120 14.0
186 121 97.14
186 122 19.7
186 123 100.98
186 124 66.07
186 125 132.94
186 126 91.27
186 127 69.26
186 128 133.66
186 129 104.22
186 130 40.82
186 131 67.01
186 132 39.56
186 133 95.86
186 134 62.37
186 135 1.41
186 136 62.01
186 137 82.05
186 138 2.24
186 139 94.76
186 140 68.88
186 141 18.97
186 142 61.33
186 143 98.29
186 144 101.12
186 145 100.9
186 146 39.56
186 147 96.8
186 148 93.41
186 149 19.1
186 150 47.89
186 151 137.9
186 152 81.22
186 153 48.1
186 154 76.55
186 155 102.96
186 156 71.03
186 157 126.67
186 158 92.18
186 159 4.0
186 160 136.56
186 161 88.6
186 162 27.51
186 163 44.72
186 164 24.6
186 165 122.44
186 166 89.5
186 167 91.05
186 168 140.04
186 169 83.55
186 170 34.71
186 171 41.15
186 172 6.08
186 173 103.48
186 174 51.48
186 175 36.06
186 176 68.73
186 177 127.35
186 178 68.45
186 179 75.66
186 180 64.01
186 181 21.38
186 182 86.73
186 183 76.32
186 184 81.1
186 185 13.45
186 187 44.29
186 188 98.35
186 189 133.66
186 190 86.37
186 191 68.45
186 192 144.17
186 193 21.19
186 194 94.15
186 195 93.52
186 196 77.1
186 197 7.07
186 198 118.02
186 199 67.12
186 200 40.85
186 201 57.69
187 0 14.21
187 1 57.71
187 2 45.1
187 3 32.53
187 4 22.2
187 5 49.24
187 6 5.0
187 7 48.1
187 8 55.8
187 9 52.77
187 10 64.66
187 11 70.23
187 12 55.47
187 13 62.24
187 14 11.0
187 15 46.86
187 16 51.62
187 17 48.27
187 18 49.04
187 19 67.94
187 20 47.41
187 21 51.04
187 22 64.63
187 23 82.2
187 24 32.65
187 25 67.42
187 26 49.19
187 27 58.59
187 28 2.83
187 29 55.8
187 30 36.12
187 31 84.53
187 32 84.65
187 33 73.24
187 34 42.2
187 35 66.65
187 36 40.36
187 37 49.74
187 38 83.87
187 39 25.0
187 40 52.95
187 41 51.62
187 42 41.48
187 43 33.97
187 44 59.2
187 45 80.06
187 46 46.52
187 47 19.65
187 48 32.8
187 49 9.22
187 50 87.73
187 51 66.29
187 52 86.83
187 53 108.9
187 54 36.14
187 55 65.0
187 56 81.47
187 57 49.48
187 58 50.25
187 59 57.45
187 60 59.94
187 61 80.81
187 62 49.66
187 63 28.6
187 64 25.02
187 65 93.3
187 66 47.93
187 67 23.54
187 68 50.33
187 69 55.95
187 70 74.24
187 71 69.64
187 72 41.01
187 73 49.04
187 74 93.19
187 75 72.84
187 76 44.38
187 77 64.88
187 78 7.21
187 79 19.31
187 80 57.2
187 81 63.25
187 82 37.01
187 83 71.28
187 84 51.86
187 85 79.93
187 86 75.17
187 87 54.13
187 88 59.48
187 89 46.07
187 90 51.89
187 91 74.3
187 92 28.84
187 93 50.99
187 94 97.01
187 95 72.01
187 96 25.5
187 97 40.46
187 98 50.49
187 99 96.4
187 100 46.14
187 101 101.98
187 102 41.62
187 103 53.6
187 104 69.46
187 105 60.9
187 106 79.31
187 107 55.87
187 108 81.57
187 109 91.68
187 110 48.27
187 111 92.09
187 112 88.46
187 113 52.48
187 114 78.75
187 115 80.16
187 116 66.53
187 117 80.6
187 118 68.82
187 119 49.5
187 120 32.65
187 121 70.18
187 122 63.95
187 123 95.13
187 124 36.12
187 125 91.4
187 126 53.85
187 127 58.25
187 128 92.42
187 129 60.01
187 130 4.0
187 131 34.41
187 132 7.28
187 133 52.39
187 134 47.71
187 135 42.94
187 136 30.48
187 137 74.06
187 138 45.62
187 139 53.54
187 140 32.39
187 141 58.94
187 142 17.46
187 143 57.14
187 144 82.57
187 145 74.2
187 146 65.31
187 147 53.37
187 148 68.68
187 149 30.48
187 150 3.61
187 151 96.05
187 152 44.6
187 153 7.21
187 154 32.65
187 155 73.06
187 156 39.41
187 157 84.5
187 158 47.89
187 159 47.85
187 160 94.37
187 161 46.17
187 162 17.69
187 163 1.41
187 164 68.88
187 165 79.21
187 166 46.86
187 167 57.27
187 168 98.81
187 169 43.29
187 170 71.7
187 171 3.61
187 172 42.72
187 173 61.07
187 174 27.78
187 175 29.97
187 176 55.23
187 177 86.53
187 178 44.82
187 179 47.51
187 180 33.3
187 181 65.0
187 182 43.17
187 183 46.4
187 184 48.88
187 185 49.24
187 186 44.29
187 188 56.61
187 189 91.83
187 190 55.23
187 191 52.35
187 192 101.12
187 193 61.62
187 194 49.93
187 195 49.4
187 196 45.49
187 197 46.82
187 198 82.28
187 199 57.8
187 200 36.01
187 201 14.21
188 0 42.44
188 1 86.12
188 2 89.07
188 3 69.72
188 4 36.25
188 5 102.18
188 6 60.75
188 7 79.03
188 8 79.08
188 9 9.06
188 10 118.93
188 11 60.41
188 12 7.62
188 13 76.01
188 14 65.86
188 15 76.06
188 16 42.05
188 17 44.01
188 18 77.16
188 19 124.33
188 20 101.24
188 21 5.66
188 22 48.27
188 23 33.14
188 24 61.13
188 25 121.75
188 26 102.73
188 27 75.43
188 28 57.14
188 29 1.0
188 30 37.36
188 31 43.93
188 32 33.73
188 33 16.64
188 34 82.29
188 35 119.97
188 36 76.24
188 37 8.54
188 38 32.76
188 39 78.29
188 40 40.71
188 41 30.89
188 42 92.62
188 43 69.46
188 44 93.05
188 45 27.89
188 46 99.9
188 47 70.77
188 48 66.37
188 49 63.13
188 50 32.45
188 51 85.87
188 52 43.19
188 53 53.6
188 54 26.4
188 55 26.42
188 56 29.12
188 57 37.16
188 58 59.08
188 59 4.24
188 60 87.86
188 61 78.01
188 62 102.83
188 63 85.21
188 64 39.96
188 65 37.16
188 66 14.14
188 67 36.24
188 68 79.16
188 69 60.07
188 70 57.28
188 71 61.03
188 72 45.71
188 73 105.6
188 74 45.28
188 75 84.21
188 76 83.67
188 77 118.44
188 78 63.82
188 79 75.47
188 80 81.05
188 81 17.09
188 82 19.72
188 83 105.23
188 84 66.27
188 85 26.57
188 86 24.19
188 87 44.55
188 88 51.2
188 89 13.0
188 90 93.65
188 91 88.02
188 92 31.32
188 93 107.19
188 94 40.46
188 95 103.59
188 96 77.23
188 97 60.88
188 98 42.54
188 99 39.82
188 100 11.66
188 101 48.3
188 102 70.01
188 103 102.11
188 104 123.33
188 105 63.39
188 106 51.62
188 107 8.49
188 108 29.83
188 109 35.36
188 110 83.02
188 111 107.02
188 112 33.02
188 113 60.01
188 114 27.46
188 115 50.99
188 116 95.75
188 117 31.14
188 118 73.68
188 119 42.15
188 120 88.62
188 121 44.94
188 122 117.15
188 123 92.11
188 124 70.26
188 125 34.83
188 126 62.94
188 127 66.03
188 128 35.81
188 129 31.11
188 130 59.03
188 131 66.19
188 132 63.51
188 133 38.47
188 134 59.3
188 135 96.94
188 136 66.75
188 137 76.49
188 138 99.16
188 139 4.12
188 140 31.3
188 141 108.72
188 142 44.94
188 143 2.83
188 144 65.86
188 145 94.64
188 146 121.43
188 147 38.95
188 148 93.74
188 149 87.01
188 150 53.25
188 151 39.62
188 152 61.66
188 153 56.82
188 154 26.25
188 155 40.36
188 156 69.01
188 157 28.32
188 158 24.7
188 159 101.32
188 160 38.21
188 161 43.97
188 162 74.03
188 163 56.86
188 164 122.15
188 165 25.63
188 166 10.44
188 167 72.53
188 168 42.2
188 169 51.97
188 170 128.23
188 171 60.22
188 172 95.13
188 173 6.08
188 174 51.89
188 175 68.48
188 176 62.01
188 177 30.02
188 178 81.15
188 179 77.06
188 180 68.47
188 181 117.0
188 182 37.11
188 183 74.11
188 184 71.57
188 185 99.05
188 186 98.35
188 187 56.61
188 189 35.38
188 190 76.3
188 191 58.0
188 192 46.32
188 193 117.52
188 194 21.02
188 195 30.87
188 196 71.18
188 197 98.86
188 198 82.93
188 199 68.0
188 200 88.77
188 201 42.44
189 0 77.62
189 1 117.0
189 2 123.15
189 3 100.9
189 4 70.72
189 5 137.36
189 6 95.8
189 7 107.28
189 8 109.2
189 9 41.4
189 10 154.21
189 11 81.22
189 12 38.6
189 13 103.58
189 14 100.69
189 15 104.14
189 16 64.28
189 17 72.45
189 18 104.74
189 19 159.67
189 20 136.52
189 21 41.04
189 22 63.39
189 23 24.7
189 24 91.39
189 25 157.04
189 26 137.97
189 27 99.13
189 28 92.2
189 29 36.12
189 30 69.97
189 31 39.82
189 32 21.02
189 33 19.21
189 34 115.97
189 35 155.13
189 36 106.32
189 37 43.19
189 38 20.62
189 39 112.51
189 40 62.2
189 41 53.76
189 42 127.66
189 43 100.24
189 44 120.84
189 45 19.24
189 46 135.15
189 47 104.81
189 48 97.08
189 49 97.91
189 50 8.54
189 51 109.02
189 52 35.51
189 53 19.92
189 54 60.61
189 55 39.01
189 56 18.44
189 57 60.67
189 58 87.92
189 59 35.47
189 60 118.47
189 61 91.68
189 62 138.03
189 63 120.42
189 64 74.65
189 65 12.04
189 66 47.2
189 67 71.45
189 68 106.71
189 69 87.09
189 70 68.15
189 71 82.3
189 72 72.78
189 73 140.87
189 74 29.7
189 75 109.84
189 76 117.14
189 77 153.64
189 78 99.02
189 79 110.44
189 80 106.57
189 81 32.98
189 82 54.82
189 83 132.1
189 84 95.52
189 85 17.03
189 86 23.0
189 87 70.6
189 88 75.5
189 89 47.51
189 90 124.04
189 91 108.3
189 92 65.0
189 93 142.0
189 94 5.39
189 95 129.65
189 96 112.49
189 97 92.57
189 98 65.38
189 99 5.1
189 100 46.69
189 101 19.42
189 102 98.72
189 103 134.26
189 104 158.55
189 105 89.05
189 106 56.65
189 107 36.72
189 108 19.65
189 109 1.41
189 110 112.06
189 111 125.45
189 112 7.62
189 113 88.23
189 114 21.21
189 115 62.51
189 116 121.59
189 117 24.04
189 118 98.31
189 119 65.49
189 120 123.99
189 121 62.03
189 122 152.31
189 123 110.22
189 124 100.58
189 125 2.24
189 126 86.15
189 127 93.15
189 128 4.24
189 129 48.04
189 130 94.37
189 131 96.46
189 132 98.6
189 133 60.3
189 134 88.96
189 135 132.25
189 136 98.08
189 137 99.61
189 138 134.42
189 139 38.9
189 140 65.6
189 141 143.41
189 142 78.89
189 143 35.38
189 144 81.3
189 145 117.02
189 146 156.16
189 147 60.21
189 148 118.15
189 149 122.29
189 150 88.41
189 151 4.24
189 152 88.28
189 153 91.53
189 154 60.21
189 155 54.01
189 156 98.23
189 157 7.62
189 158 51.24
189 159 136.56
189 160 4.0
189 161 68.88
189 162 109.34
189 163 92.01
189 164 157.29
189 165 17.0
189 166 45.0
189 167 96.13
189 168 8.06
189 169 78.26
189 170 163.52
189 171 95.43
189 172 130.3
189 173 30.81
189 174 85.7
189 175 102.65
189 176 89.56
189 177 9.0
189 178 110.86
189 179 105.12
189 180 99.3
189 181 151.98
189 182 63.79
189 183 101.98
189 184 98.15
189 185 133.84
189 186 133.66
189 187 91.83
189 188 35.38
189 190 101.49
189 191 86.02
189 192 15.03
189 193 152.9
189 194 47.43
189 195 55.11
189 196 98.84
189 197 133.96
189 198 97.51
189 199 95.6
189 200 122.59
189 201 77.62
190 0 55.17
190 1 112.87
190 2 97.41
190 3 24.74
190 4 51.04
190 5 92.44
190 6 52.77
190 7 12.65
190 8 110.94
190 9 79.4
190 10 102.12
190 11 118.6
190 12 80.78
190 13 116.52
190 14 50.33
190 15 11.05
190 16 37.22
190 17 95.6
190 18 9.22
190 19 95.34
190 20 89.27
190 21 73.25
190 22 41.63
190 23 80.28
190 24 22.8
190 25 104.24
190 26 91.27
190 27 5.39
190 28 52.48
190 29 75.31
190 30 82.01
190 31 72.09
190 32 84.17
190 33 89.14
190 34 96.25
190 35 106.02
190 36 20.02
190 37 75.29
190 38 83.95
190 39 47.17
190 40 39.32
190 41 48.01
190 42 88.84
190 43 22.8
190 44 21.1
190 45 83.02
190 46 89.45
190 47 43.17
190 48 22.85
190 49 49.24
190 50 93.9
190 51 11.31
190 52 76.69
190 53 110.86
190 54 74.43
190 55 62.65
190 56 84.17
190 57 41.01
190 58 102.53
190 59 79.83
190 60 115.1
190 61 34.18
190 62 92.35
190 63 64.28
190 64 72.25
190 65 109.0
190 66 78.19
190 67 66.84
190 68 9.85
190 69 107.52
190 70 44.2
190 71 118.41
190 72 30.59
190 73 78.52
190 74 85.8
190 75 127.14
190 76 98.49
190 77 104.02
190 78 55.95
190 79 55.11
190 80 5.1
190 81 69.03
190 82 62.77
190 83 30.81
190 84 105.65
190 85 84.72
190 86 78.64
190 87 100.44
190 88 107.2
190 89 74.67
190 90 30.81
190 91 19.31
190 92 50.54
190 93 71.06
190 94 106.68
190 95 28.16
190 96 75.89
190 97 94.49
190 98 36.12
190 99 106.57
190 100 73.05
190 101 101.24
190 102 13.93
190 103 45.79
190 104 107.17
190 105 112.49
190 106 56.6
190 107 69.46
190 108 83.36
190 109 100.6
190 110 17.89
190 111 37.01
190 112 94.89
190 113 104.65
190 114 81.05
190 115 120.77
190 116 20.1
190 117 79.83
190 118 121.63
190 119 36.06
190 120 72.44
190 121 111.83
190 122 104.0
190 123 147.19
190 124 20.62
190 125 102.31
190 126 15.81
190 127 111.04
190 128 104.24
190 129 53.6
190 130 58.67
190 131 21.02
190 132 53.71
190 133 41.19
190 134 100.45
190 135 85.48
190 136 25.63
190 137 126.57
190 138 88.46
190 139 76.16
190 140 74.06
190 141 104.94
190 142 44.6
190 143 78.64
190 144 129.25
190 145 20.0
190 146 80.78
190 147 41.3
190 148 17.46
190 149 67.27
190 150 53.82
190 151 104.81
190 152 14.87
190 153 48.02
190 154 54.63
190 155 111.09
190 156 16.16
190 157 94.26
190 158 52.24
190 159 90.35
190 160 101.97
190 161 33.02
190 162 62.36
190 163 53.85
190 164 108.04
190 165 84.59
190 166 67.19
190 167 7.07
190 168 109.55
190 169 24.33
190 170 96.57
190 171 55.47
190 172 88.12
190 173 76.42
190 174 80.81
190 175 85.09
190 176 107.48
190 177 101.0
190 178 19.92
190 179 11.18
190 180 23.09
190 181 107.07
190 182 39.32
190 183 10.05
190 184 6.4
190 185 96.69
190 186 86.37
190 187 55.23
190 188 76.3
190 189 101.49
190 191 103.97
190 192 103.08
190 193 93.77
190 194 56.22
190 195 47.01
190 196 9.85
190 197 91.92
190 198 32.56
190 199 111.13
190 200 48.51
190 201 55.17
191 0 48.8
191 1 32.2
191 2 47.42
191 3 84.05
191 4 54.2
191 5 68.96
191 6 56.8
191 7 99.2
191 8 23.85
191 9 49.01
191 10 85.44
191 11 20.02
191 12 51.09
191 13 18.03
191 14 62.24
191 15 97.45
191 16 84.97
191 17 14.04
191 18 99.49
191 19 98.27
191 20 70.09
191 21 54.15
191 22 96.38
191 23 91.05
191 24 81.47
191 25 88.02
191 26 70.6
191 27 106.1
191 28 55.07
191 29 58.01
191 30 24.17
191 31 101.4
191 32 91.27
191 33 68.45
191 34 39.4
191 35 84.17
191 36 92.09
191 37 50.09
191 38 90.27
191 39 75.27
191 40 85.0
191 41 77.83
191 42 58.94
191 43 85.21
191 44 111.22
191 45 85.29
191 46 68.15
191 47 71.59
191 48 83.41
191 49 61.27
191 50 86.88
191 51 115.28
191 52 101.08
191 53 105.95
191 54 35.74
191 55 82.04
191 56 86.37
191 57 80.53
191 58 3.16
191 59 55.08
191 60 33.29
191 61 121.59
191 62 69.92
191 63 69.46
191 64 31.89
191 65 80.53
191 66 44.05
191 67 37.8
191 68 101.04
191 69 3.61
191 70 106.78
191 71 19.0
191 72 79.88
191 73 84.21
191 74 103.12
191 75 26.68
191 76 39.36
191 77 83.38
191 78 56.08
191 79 66.48
191 80 106.96
191 81 74.24
191 82 50.92
191 83 123.49
191 84 10.0
191 85 83.49
191 86 82.05
191 87 15.65
191 88 13.6
191 89 46.27
191 90 104.2
191 91 121.75
191 92 57.45
191 93 92.05
191 94 89.54
191 95 123.98
191 96 51.0
191 97 15.03
191 98 84.53
191 99 88.6
191 100 48.37
191 101 103.37
191 102 91.55
191 103 104.36
191 104 88.24
191 105 8.6
191 106 105.51
191 107 64.28
191 108 87.28
191 109 86.68
191 110 100.12
191 111 140.73
191 112 87.1
191 113 2.24
191 114 85.15
191 115 39.45
191 116 118.0
191 117 89.05
191 118 18.03
191 119 83.65
191 120 67.0
191 121 31.24
191 122 81.54
191 123 43.28
191 124 87.2
191 125 84.43
191 126 97.62
191 127 8.25
191 128 84.15
191 129 82.97
191 130 50.57
191 131 84.65
191 132 57.78
191 133 83.26
191 134 6.08
191 135 67.27
191 136 81.61
191 137 22.67
191 138 67.91
191 139 54.01
191 140 33.11
191 141 68.88
191 142 59.4
191 143 56.04
191 144 33.02
191 145 123.84
191 146 105.04
191 147 84.17
191 148 119.33
191 149 69.18
191 150 52.15
191 151 89.81
191 152 90.61
191 153 58.83
191 154 55.9
191 155 38.9
191 156 89.5
191 157 81.25
191 158 70.84
191 159 69.38
191 160 89.84
191 161 82.49
191 162 59.23
191 163 53.71
191 164 85.91
191 165 82.49
191 166 55.9
191 167 104.06
191 168 89.69
191 169 85.0
191 170 103.16
191 171 54.13
191 172 62.82
191 173 64.01
191 174 24.6
191 175 33.06
191 176 4.12
191 177 77.49
191 178 96.8
191 179 98.23
191 180 84.4
191 181 79.16
191 182 76.06
191 183 96.54
191 184 97.62
191 185 61.47
191 186 68.45
191 187 52.35
191 188 58.0
191 189 86.02
191 190 103.97
191 192 100.17
191 193 89.5
191 194 69.64
191 195 76.32
191 196 94.92
191 197 64.85
191 198 124.81
191 199 10.0
191 200 85.44
191 201 48.8
192 0 87.0
192 1 130.63
192 2 135.33
192 3 106.0
192 4 79.25
192 5 148.22
192 6 104.69
192 7 110.39
192 8 123.02
192 9 53.67
192 10 164.78
192 11 96.13
192 12 50.99
192 13 117.9
192 14 109.12
192 15 107.22
192 16 66.41
192 17 86.4
192 18 107.52
192 19 169.01
192 20 147.12
192 21 51.87
192 22 62.51
192 23 22.8
192 24 96.15
192 25 167.6
192 26 148.68
192 27 100.02
192 28 101.14
192 29 46.87
192 30 82.76
192 31 34.23
192 32 18.97
192 33 31.95
192 34 128.41
192 35 166.03
192 36 110.57
192 37 54.71
192 38 19.31
192 39 120.0
192 40 64.2
192 41 57.27
192 42 138.81
192 43 105.1
192 44 123.37
192 45 21.63
192 46 145.87
192 47 112.2
192 48 101.97
192 49 106.3
192 50 13.89
192 51 109.33
192 52 29.27
192 53 8.06
192 54 72.56
192 55 41.23
192 56 20.25
192 57 63.69
192 58 101.92
192 59 47.41
192 60 132.19
192 61 88.28
192 62 148.84
192 63 129.45
192 64 86.28
192 65 25.63
192 66 59.48
192 67 82.42
192 68 109.42
192 69 101.41
192 70 65.03
192 71 97.19
192 72 76.56
192 73 149.97
192 74 20.88
192 75 124.46
192 76 129.71
192 77 164.45
192 78 108.19
192 79 119.0
192 80 108.17
192 81 38.6
192 82 64.54
192 83 133.88
192 84 109.48
192 85 21.26
192 86 26.63
192 87 84.93
192 88 90.09
192 89 59.17
192 90 128.16
192 91 107.23
192 92 73.0
192 93 150.08
192 94 14.32
192 95 131.03
192 96 123.23
192 97 105.85
192 98 67.68
192 99 15.23
192 100 57.98
192 101 5.0
192 102 102.32
192 103 139.54
192 104 169.29
192 105 103.58
192 106 52.24
192 107 45.28
192 108 20.59
192 109 14.0
192 110 115.52
192 111 123.07
192 112 13.42
192 113 102.36
192 114 23.32
192 115 77.52
192 116 123.0
192 117 23.41
192 118 113.0
192 119 68.01
192 120 133.69
192 121 77.01
192 122 163.22
192 123 125.26
192 124 105.12
192 125 17.12
192 126 87.32
192 127 107.49
192 128 18.44
192 129 49.98
192 130 104.0
192 131 101.08
192 132 107.52
192 133 62.63
192 134 102.79
192 135 142.76
192 136 103.35
192 137 114.44
192 138 145.09
192 139 50.25
192 140 77.52
192 141 155.04
192 142 86.68
192 143 47.01
192 144 96.33
192 145 116.73
192 146 164.01
192 147 62.3
192 148 118.87
192 149 131.53
192 150 97.58
192 151 12.65
192 152 91.08
192 153 99.9
192 154 68.62
192 155 69.03
192 156 102.16
192 157 18.97
192 158 56.6
192 159 147.27
192 160 11.05
192 161 71.87
192 162 118.8
192 163 101.12
192 164 168.22
192 165 21.93
192 166 54.67
192 167 97.08
192 168 16.64
192 169 81.34
192 170 172.63
192 171 104.65
192 172 141.21
192 173 40.8
192 174 98.01
192 175 114.74
192 176 103.81
192 177 24.02
192 178 114.77
192 179 108.17
192 180 104.2
192 181 163.22
192 182 67.98
192 183 105.0
192 184 100.58
192 185 145.34
192 186 144.17
192 187 101.12
192 188 46.32
192 189 15.03
192 190 103.08
192 191 100.17
192 193 162.69
192 194 53.25
192 195 59.03
192 196 101.84
192 197 145.0
192 198 94.26
192 199 109.88
192 200 129.53
192 201 87.0
193 0 75.69
193 1 68.18
193 2 44.01
193 3 71.31
193 4 83.74
193 5 21.02
193 6 58.41
193 7 81.39
193 8 74.01
193 9 112.45
193 10 11.4
193 11 109.24
193 12 115.26
193 13 86.05
193 14 54.92
193 15 82.73
193 16 108.67
193 17 94.7
193 18 84.59
193 19 9.0
193 20 19.42
193 21 111.87
193 22 120.83
193 23 143.68
193 24 79.38
193 25 12.08
193 26 19.1
193 27 98.99
193 28 61.85
193 29 116.78
193 30 88.19
193 31 144.8
193 32 146.22
193 33 133.96
193 34 51.24
193 35 16.4
193 36 73.82
193 37 109.99
193 38 145.45
193 39 48.7
193 40 110.48
193 41 111.52
193 42 30.59
193 43 73.25
193 44 82.22
193 45 141.68
193 46 21.38
193 47 55.54
193 48 75.0
193 49 57.69
193 50 149.2
193 51 101.08
193 52 147.56
193 53 170.43
193 54 93.81
193 55 126.02
193 56 143.09
193 57 107.91
193 58 86.35
193 59 117.8
193 60 69.35
193 61 127.28
193 62 20.02
193 63 34.13
193 64 79.88
193 65 153.22
193 66 107.0
193 67 81.84
193 68 84.38
193 69 91.98
193 70 128.88
193 71 108.06
193 72 96.61
193 73 15.3
193 74 154.4
193 75 93.13
193 76 52.09
193 77 14.87
193 78 54.67
193 79 45.28
193 80 92.27
193 81 124.84
193 82 98.29
193 83 87.86
193 84 82.04
193 85 141.53
193 86 136.78
193 87 100.3
193 88 102.2
193 89 105.89
193 90 68.26
193 91 111.11
193 92 90.27
193 93 24.52
193 94 157.95
193 95 91.41
193 96 41.68
193 97 74.73
193 98 107.33
193 99 157.29
193 100 106.4
193 101 163.6
193 102 81.79
193 103 55.32
193 104 15.23
193 105 95.35
193 106 136.85
193 107 117.41
193 108 143.18
193 109 152.84
193 110 77.1
193 111 122.49
193 112 149.91
193 113 88.07
193 114 140.36
193 115 127.76
193 116 91.35
193 117 142.13
193 118 97.19
193 119 106.44
193 120 29.0
193 121 118.33
193 122 16.28
193 123 120.2
193 124 74.95
193 125 152.31
193 126 101.65
193 127 89.94
193 128 153.15
193 129 120.11
193 130 58.69
193 131 76.92
193 132 55.61
193 133 110.54
193 134 83.43
193 135 22.47
193 136 72.12
193 137 102.08
193 138 21.59
193 139 114.11
193 140 89.05
193 141 28.23
193 142 77.42
193 143 117.69
193 144 122.0
193 145 105.08
193 146 25.46
193 147 111.41
193 148 97.13
193 149 31.62
193 150 65.19
193 151 157.14
193 152 91.76
193 153 63.82
193 154 94.26
193 155 124.08
193 156 80.05
193 157 145.73
193 158 108.81
193 159 20.22
193 160 155.62
193 161 102.42
193 162 43.93
193 163 61.72
193 164 17.49
193 165 140.8
193 166 108.19
193 167 99.46
193 168 159.55
193 169 96.01
193 170 14.0
193 171 58.14
193 172 26.68
193 173 122.35
193 174 72.45
193 175 57.25
193 176 89.63
193 177 146.99
193 178 74.24
193 179 82.61
193 180 73.5
193 181 21.26
193 182 101.71
193 183 84.01
193 184 89.44
193 185 30.07
193 186 21.19
193 187 61.62
193 188 117.52
193 189 152.9
193 190 93.77
193 191 89.5
193 192 162.69
193 194 111.21
193 195 109.29
193 196 85.51
193 197 25.08
193 198 126.29
193 199 87.69
193 200 45.28
193 201 75.69
194 0 36.67
194 1 93.0
194 2 90.25
194 3 53.49
194 4 27.78
194 5 98.88
194 6 52.8
194 7 60.41
194 8 87.21
194 9 26.91
194 10 114.59
194 11 76.66
194 12 27.2
194 13 86.88
194 14 56.64
194 15 57.31
194 16 21.02
194 17 56.65
194 18 58.14
194 19 116.93
194 20 97.25
194 21 19.85
194 22 28.43
194 23 32.56
194 24 43.97
194 25 117.35
194 26 98.98
194 27 54.92
194 28 49.41
194 29 20.12
194 30 45.89
194 31 35.44
194 32 35.38
194 33 33.0
194 34 84.72
194 35 116.47
194 36 58.94
194 37 23.35
194 38 34.71
194 39 66.84
194 40 19.72
194 41 10.0
194 42 90.38
194 43 52.81
194 44 74.24
194 45 31.62
194 46 96.25
194 47 59.03
194 48 49.65
194 49 53.81
194 50 41.15
194 51 65.31
194 52 37.16
194 53 61.29
194 54 33.96
194 55 15.23
194 56 33.02
194 57 16.16
194 58 69.86
194 59 25.06
194 60 95.01
194 61 57.49
194 62 99.36
194 63 77.34
194 64 43.05
194 65 53.34
194 66 28.6
194 67 37.22
194 68 60.13
194 69 72.42
194 70 38.28
194 71 77.03
194 72 26.02
194 73 97.74
194 74 43.27
194 75 96.3
194 76 86.49
194 77 114.74
194 78 56.61
194 79 66.53
194 80 61.13
194 81 14.76
194 82 19.1
194 83 86.02
194 84 76.12
194 85 32.25
194 86 26.63
194 87 59.03
194 88 66.19
194 89 25.24
194 90 76.66
194 91 67.07
194 92 21.1
194 93 97.08
194 94 52.81
194 95 84.02
194 96 74.25
194 97 68.12
194 98 21.54
194 99 52.5
194 100 23.02
194 101 53.26
194 102 51.62
194 103 86.93
194 104 119.36
194 105 76.55
194 106 35.9
194 107 13.34
194 108 32.8
194 109 46.82
194 110 64.94
194 111 86.01
194 112 42.05
194 113 71.31
194 114 30.0
194 115 70.84
194 116 76.06
194 117 31.11
194 118 86.98
194 119 21.19
194 120 82.42
194 121 63.7
194 122 113.74
194 123 108.3
194 124 53.16
194 125 47.8
194 126 42.2
194 127 77.88
194 128 49.48
194 129 13.34
194 130 53.34
194 131 49.04
194 132 55.61
194 133 17.49
194 134 69.23
194 135 92.78
194 136 50.7
194 137 90.62
194 138 95.38
194 139 22.2
194 140 37.34
194 141 107.54
194 142 33.97
194 143 23.71
194 144 84.02
194 145 73.98
194 146 110.89
194 147 18.03
194 148 73.55
194 149 79.65
194 150 46.32
194 151 51.26
194 152 42.0
194 153 47.51
194 154 18.03
194 155 60.31
194 156 50.99
194 157 39.85
194 158 4.0
194 159 97.62
194 160 48.85
194 161 23.35
194 162 67.42
194 163 49.65
194 164 118.7
194 165 31.76
194 166 15.0
194 167 51.97
194 168 55.36
194 169 32.02
194 170 120.28
194 171 53.25
194 172 92.13
194 173 20.22
194 174 56.08
194 175 70.41
194 176 73.76
194 177 45.4
194 178 63.56
194 179 58.31
194 180 51.87
194 181 114.49
194 182 17.0
194 183 55.23
194 184 52.0
194 185 97.69
194 186 94.15
194 187 49.93
194 188 21.02
194 189 47.43
194 190 56.22
194 191 69.64
194 192 53.25
194 193 111.21
194 195 9.85
194 196 52.15
194 197 96.15
194 198 62.2
194 199 79.31
194 200 76.28
194 201 36.67
195 0 37.66
195 1 97.42
195 2 92.23
195 3 47.01
195 4 28.44
195 5 98.62
195 6 51.43
195 7 52.17
195 8 92.23
195 9 36.4
195 10 113.6
195 11 84.88
195 12 36.89
195 13 93.01
195 14 54.38
195 15 49.03
195 16 11.18
195 17 63.95
195 18 49.65
195 19 114.4
195 20 96.66
195 21 29.41
195 22 20.12
195 23 36.89
195 24 37.12
195 25 116.3
195 26 98.49
195 27 45.4
195 28 48.33
195 29 29.97
195 30 52.2
195 31 35.51
195 32 40.31
195 33 42.19
195 34 87.37
195 35 115.87
195 36 51.62
195 37 32.65
195 38 39.82
195 39 62.97
195 40 10.0
195 41 2.24
195 42 90.76
195 43 46.07
195 44 65.76
195 45 37.7
195 46 95.85
195 47 55.23
195 48 42.94
195 49 51.62
195 50 48.08
195 51 55.73
195 52 38.42
195 53 67.08
195 54 40.72
195 55 18.03
195 56 39.0
195 57 6.32
195 58 76.22
195 59 34.89
195 60 99.5
195 61 48.1
195 62 99.01
195 63 75.17
195 64 47.52
195 65 62.03
195 66 37.48
195 67 41.3
195 68 51.62
195 69 79.31
195 70 30.46
195 71 85.15
195 72 17.72
195 73 95.21
195 74 45.97
195 75 102.79
195 76 89.27
195 77 114.06
195 78 55.46
195 79 64.07
195 80 52.0
195 81 22.2
195 82 25.5
195 83 77.23
195 84 82.01
195 85 38.9
195 86 32.89
195 87 66.89
195 88 74.09
195 89 33.97
195 90 69.29
195 91 57.25
195 92 22.09
195 93 93.38
195 94 60.42
195 95 75.03
195 96 74.63
195 97 73.16
195 98 11.7
195 99 60.21
195 100 31.83
195 101 58.31
195 102 43.68
195 103 80.53
195 104 118.51
195 105 83.67
195 106 31.02
195 107 23.09
195 108 38.48
195 109 54.34
195 110 57.01
195 111 76.16
195 112 49.04
195 113 77.83
195 114 35.85
195 115 80.28
195 116 67.01
195 117 35.85
195 118 94.02
195 119 11.4
195 120 81.01
195 121 72.84
195 122 113.22
195 123 116.28
195 124 46.1
195 125 55.73
195 126 32.56
195 127 84.5
195 128 57.56
195 129 10.82
195 130 53.14
195 131 42.05
195 132 54.12
195 133 7.81
195 134 75.29
195 135 92.2
195 136 44.42
195 137 97.94
195 138 94.94
195 139 31.91
195 140 43.32
195 141 108.16
195 142 32.2
195 143 33.54
195 144 92.85
195 145 64.33
195 146 106.79
195 147 8.49
195 148 64.2
195 149 77.7
195 150 45.88
195 151 58.69
195 152 33.24
195 153 45.65
195 154 21.21
195 155 69.81
195 156 43.32
195 157 47.68
195 158 6.4
195 159 97.17
195 160 56.04
195 161 14.0
195 162 66.19
195 163 48.85
195 164 118.11
195 165 38.6
195 166 24.08
195 167 42.43
195 168 63.15
195 169 23.19
195 170 117.44
195 171 52.39
195 172 92.11
195 173 29.83
195 174 60.3
195 175 73.17
195 176 80.41
195 177 54.04
195 178 55.97
195 179 50.01
195 180 45.18
195 181 114.39
195 182 8.94
195 183 46.87
195 184 43.19
195 185 98.37
195 186 93.52
195 187 49.4
195 188 30.87
195 189 55.11
195 190 47.01
195 191 76.32
195 192 59.03
195 193 109.29
195 194 9.85
195 196 43.74
195 197 96.21
195 198 52.63
195 199 85.7
195 200 71.59
195 201 37.66
196 0 46.23
196 1 103.08
196 2 87.6
196 3 15.13
196 4 42.94
196 5 83.15
196 6 42.94
196 7 8.54
196 8 101.26
196 9 73.35
196 10 93.43
196 11 110.11
196 12 74.97
196 13 107.06
196 14 40.5
196 15 5.39
196 16 35.47
196 17 87.09
196 18 6.0
196 19 87.64
196 20 80.06
196 21 67.6
196 22 42.8
196 23 79.12
196 24 13.45
196 25 95.63
196 26 82.05
196 27 14.14
196 28 42.72
196 29 70.18
196 30 73.5
196 31 72.72
196 32 82.87
196 33 85.09
196 34 86.41
196 35 97.19
196 36 12.08
196 37 69.23
196 38 82.54
196 39 38.0
196 40 37.7
196 41 45.12
196 42 79.25
196 43 13.15
196 44 22.09
196 45 81.04
196 46 80.16
196 47 33.54
196 48 13.0
196 49 39.4
196 50 91.68
196 51 20.81
196 52 77.03
196 53 109.79
196 54 66.64
196 55 60.73
196 56 82.28
196 57 38.33
196 58 93.38
196 59 74.43
196 60 105.31
196 61 41.77
196 62 83.1
196 63 55.04
196 64 63.41
196 65 105.48
196 66 71.57
196 67 58.25
196 68 8.0
196 69 98.49
196 70 47.51
196 71 109.86
196 72 26.17
196 73 70.21
196 74 85.88
196 75 117.69
196 76 88.64
196 77 95.19
196 78 46.1
196 79 45.54
196 80 12.04
196 81 65.92
196 82 56.04
196 83 34.06
196 84 96.26
196 85 82.46
196 86 76.4
196 87 92.11
196 88 98.74
196 89 68.15
196 90 27.2
196 91 29.15
196 92 43.32
196 93 63.57
196 94 104.14
196 95 32.56
196 96 66.1
196 97 85.04
196 98 34.18
196 99 103.94
196 100 66.71
196 101 100.46
196 102 4.12
196 103 41.04
196 104 98.51
196 105 103.48
196 106 58.8
196 107 65.01
196 108 81.61
196 109 98.06
196 110 13.89
196 111 46.62
196 112 92.65
196 113 95.52
196 114 79.12
196 115 113.46
196 116 25.0
196 117 78.43
196 118 112.45
196 119 33.84
196 120 63.13
196 121 104.28
196 122 95.08
196 123 138.19
196 124 11.05
196 125 99.46
196 126 17.8
196 127 101.83
196 128 101.27
196 129 51.87
196 130 48.88
196 131 11.18
196 132 43.86
196 133 39.22
196 134 91.22
196 135 76.16
196 136 15.81
196 137 117.46
196 138 79.16
196 139 70.58
196 140 65.86
196 141 95.52
196 142 35.81
196 143 73.33
196 144 121.08
196 145 29.0
196 146 74.24
196 147 39.56
196 148 24.7
196 149 58.03
196 150 44.2
196 151 102.39
196 152 10.77
196 153 38.28
196 154 47.8
196 155 104.06
196 156 6.32
196 157 91.41
196 158 48.17
196 159 81.1
196 160 99.69
196 161 30.08
196 162 52.63
196 163 44.1
196 164 99.25
196 165 82.23
196 166 61.52
196 167 14.04
196 168 106.89
196 169 20.62
196 170 89.2
196 171 45.65
196 172 78.64
196 173 72.01
196 174 71.45
196 175 75.29
196 176 98.35
196 177 97.51
196 178 14.14
196 179 6.32
196 180 13.34
196 181 98.0
196 182 35.23
196 183 3.16
196 184 4.0
196 185 87.13
196 186 77.1
196 187 45.49
196 188 71.18
196 189 98.84
196 190 9.85
196 191 94.92
196 192 101.84
196 193 85.51
196 194 52.15
196 195 43.74
196 197 82.49
196 198 41.05
196 199 101.83
196 200 40.52
196 201 46.23
197 0 59.48
197 1 43.57
197 2 19.03
197 3 67.36
197 4 68.45
197 5 4.12
197 6 45.35
197 7 80.81
197 8 49.01
197 9 92.7
197 10 21.1
197 11 84.4
197 12 95.52
197 13 61.01
197 14 44.28
197 15 81.22
197 16 97.98
197 17 71.12
197 18 83.36
197 19 34.06
197 20 6.32
197 21 93.24
197 22 110.86
197 23 127.77
197 24 73.01
197 25 23.85
197 26 6.0
197 27 96.63
197 28 48.08
197 29 98.23
197 30 66.22
197 31 131.18
197 32 129.85
197 33 114.77
197 34 26.17
197 35 21.21
197 36 72.37
197 37 90.79
197 38 129.0
197 39 44.91
197 40 99.46
197 41 98.43
197 42 6.4
197 43 69.35
197 44 85.8
197 45 124.81
197 46 4.47
197 47 49.09
197 48 70.11
197 49 46.53
197 50 131.21
197 51 101.2
197 52 133.28
197 53 152.43
197 54 73.55
197 55 111.36
197 56 126.19
197 57 96.17
197 58 61.68
197 59 98.49
197 60 44.91
197 61 123.0
197 62 5.1
197 63 27.89
197 64 59.41
197 65 132.97
197 66 87.0
197 67 62.63
197 68 83.74
197 69 67.19
197 70 120.03
197 71 83.2
197 72 86.68
197 73 25.55
197 74 139.19
197 75 68.36
197 76 27.02
197 77 19.85
197 78 41.23
197 79 37.05
197 80 91.78
197 81 108.56
197 82 80.71
197 83 94.37
197 84 57.07
197 85 124.28
197 86 120.11
197 87 76.49
197 88 77.83
197 89 86.45
197 90 72.92
197 91 110.82
197 92 75.15
197 93 37.2
197 94 138.77
197 95 97.08
197 96 21.95
197 97 50.33
197 98 96.77
197 99 138.03
197 100 87.32
197 101 146.48
197 102 78.41
197 103 63.82
197 104 24.84
197 105 70.41
197 106 125.96
197 107 100.12
197 108 126.48
197 109 134.06
197 110 77.88
197 111 125.28
197 112 131.82
197 113 63.32
197 114 123.71
197 115 103.62
197 116 94.92
197 117 126.05
197 118 72.11
197 119 95.8
197 120 19.65
197 121 94.43
197 122 18.38
197 123 95.43
197 124 71.45
197 125 133.12
197 126 96.02
197 127 64.94
197 128 133.73
197 129 106.78
197 130 43.08
197 131 72.11
197 132 42.95
197 133 99.04
197 134 58.82
197 135 7.21
197 136 67.12
197 137 77.03
197 138 5.0
197 139 95.13
197 140 68.59
197 141 13.04
197 142 64.2
197 143 98.6
197 144 97.08
197 145 107.0
197 146 45.88
197 147 100.0
197 148 99.62
197 149 25.0
197 150 50.33
197 151 138.19
197 152 86.01
197 153 51.42
197 154 78.29
197 155 100.65
197 156 76.32
197 157 127.14
197 158 94.43
197 159 5.1
197 160 137.0
197 161 92.2
197 162 31.26
197 163 47.43
197 164 23.35
197 165 123.46
197 166 90.44
197 167 96.33
197 168 140.07
197 169 87.69
197 170 39.05
197 171 43.97
197 172 4.12
197 173 104.2
197 174 50.0
197 175 33.62
197 176 64.76
197 177 127.31
197 178 74.46
197 179 81.39
197 180 69.26
197 181 18.36
197 182 89.84
197 183 81.88
197 184 86.47
197 185 6.4
197 186 7.07
197 187 46.82
197 188 98.86
197 189 133.96
197 190 91.92
197 191 64.85
197 192 145.0
197 193 25.08
197 194 96.15
197 195 96.21
197 196 82.49
197 198 123.2
197 199 62.65
197 200 47.42
197 201 59.48
198 0 77.82
198 1 139.28
198 2 126.7
198 3 56.0
198 4 70.83
198 5 124.04
198 6 81.02
198 7 45.12
198 8 136.06
198 9 89.02
198 10 134.45
198 11 136.12
198 12 89.4
198 13 139.67
198 14 79.91
198 15 43.57
198 16 41.77
198 17 114.02
198 18 41.77
198 19 127.88
198 20 121.0
198 21 82.01
198 22 35.34
198 23 73.16
198 24 50.64
198 25 136.62
198 26 123.0
198 27 27.29
198 28 79.81
198 29 82.1
198 30 101.02
198 31 60.07
198 32 77.1
198 33 90.87
198 34 124.45
198 35 138.23
198 36 52.47
198 37 85.28
198 38 77.28
198 39 79.03
198 40 42.64
198 41 52.2
198 42 119.6
198 43 54.0
198 44 49.24
198 45 78.34
198 46 121.04
198 47 74.11
198 48 53.08
198 49 78.26
198 50 89.05
198 51 27.78
198 52 65.07
198 53 101.04
198 54 90.91
198 55 60.54
198 56 79.08
198 57 46.75
198 58 124.02
198 59 87.09
198 60 141.51
198 61 6.0
198 62 124.02
198 63 96.0
198 64 93.3
198 65 107.56
198 66 89.94
198 67 87.13
198 68 42.2
198 69 128.14
198 70 29.43
198 71 136.24
198 72 44.94
198 73 111.02
198 74 74.01
198 75 150.08
198 76 126.65
198 77 136.24
198 78 84.72
198 79 86.15
198 80 34.79
198 81 69.78
198 82 76.42
198 83 53.08
198 84 128.5
198 85 80.78
198 86 75.29
198 87 117.8
198 88 124.96
198 89 86.37
198 90 61.85
198 91 19.1
198 92 67.42
198 93 103.59
198 94 101.98
198 95 48.8
198 96 105.55
198 97 118.07
198 98 41.73
198 99 102.18
198 100 84.29
198 101 91.05
198 102 45.01
198 103 77.08
198 104 139.52
198 105 132.88
198 106 42.05
198 107 74.63
198 108 77.88
198 109 96.32
198 110 50.0
198 111 29.15
198 112 90.03
198 113 125.94
198 114 76.4
198 115 132.91
198 116 42.8
198 117 73.55
198 118 142.84
198 119 42.43
198 120 104.02
198 121 125.32
198 122 136.13
198 123 166.82
198 124 52.01
198 125 98.95
198 126 28.46
198 127 132.61
198 128 101.14
198 129 52.77
198 130 86.13
198 131 51.09
198 132 82.57
198 133 44.82
198 134 122.45
198 135 117.04
198 136 56.08
198 137 147.3
198 138 120.04
198 139 84.4
198 140 92.2
198 141 136.24
198 142 67.62
198 143 85.7
198 144 144.96
198 145 29.73
198 146 112.89
198 147 44.2
198 148 36.24
198 149 99.0
198 150 80.01
198 151 99.82
198 152 37.85
198 153 75.43
198 154 69.66
198 155 122.44
198 156 47.0
198 157 91.48
198 158 59.03
198 159 122.02
198 160 96.69
198 161 42.64
198 162 92.66
198 163 81.04
198 164 140.29
198 165 81.04
198 166 76.69
198 167 27.02
198 168 105.12
198 169 40.25
198 170 129.03
198 171 83.43
198 172 119.27
198 173 80.62
198 174 104.2
198 175 111.95
198 176 128.7
198 177 99.93
198 178 52.39
198 179 43.74
198 180 54.01
198 181 139.01
198 182 49.58
198 183 42.3
198 184 37.05
198 185 127.57
198 186 118.02
198 187 82.28
198 188 82.93
198 189 97.51
198 190 32.56
198 191 124.81
198 192 94.26
198 193 126.29
198 194 62.2
198 195 52.63
198 196 41.05
198 197 123.2
198 199 133.26
198 200 81.05
198 201 77.82
199 0 56.22
199 1 24.84
199 2 44.15
199 3 90.14
199 4 62.43
199 5 66.75
199 6 61.85
199 7 105.55
199 8 16.4
199 9 59.01
199 10 82.46
199 11 22.83
199 12 61.07
199 13 8.06
199 14 66.89
199 15 104.0
199 16 94.02
199 17 24.02
199 18 106.1
199 19 96.63
199 20 68.36
199 21 64.12
199 22 105.69
199 23 101.04
199 24 88.41
199 25 84.9
199 26 68.59
199 27 113.57
199 28 60.61
199 29 68.01
199 30 33.53
199 31 111.36
199 32 101.24
199 33 78.26
199 34 36.5
199 35 80.65
199 36 98.08
199 37 60.07
199 38 100.24
199 39 79.16
199 40 94.15
199 41 87.28
199 42 57.22
199 43 91.44
199 44 117.0
199 45 95.26
199 46 66.37
199 47 76.32
199 48 89.87
199 49 66.29
199 50 96.69
199 51 122.43
199 52 111.07
199 53 115.52
199 54 45.35
199 55 91.92
199 56 96.33
199 57 89.69
199 58 9.49
199 59 65.07
199 60 25.46
199 61 130.25
199 62 67.74
199 63 71.31
199 64 39.96
199 65 89.69
199 66 54.04
199 67 46.14
199 68 107.56
199 69 8.54
199 70 116.11
199 71 21.47
199 72 88.32
199 73 84.1
199 74 113.11
199 75 17.09
199 76 35.9
199 77 80.08
199 78 60.54
199 79 69.86
199 80 113.85
199 81 84.21
199 82 60.44
199 83 129.03
199 84 6.32
199 85 93.43
199 86 92.05
199 87 25.0
199 88 21.1
199 89 56.22
199 90 109.08
199 91 129.32
199 92 66.19
199 93 92.91
199 94 98.98
199 95 129.81
199 96 51.97
199 97 17.49
199 98 93.52
199 99 98.03
199 100 58.31
199 101 113.16
199 102 98.29
199 103 107.94
199 104 84.77
199 105 8.6
199 106 115.21
199 107 74.24
199 108 97.25
199 109 96.3
199 110 106.04
199 111 148.07
199 112 96.88
199 113 8.06
199 114 95.13
199 115 45.34
199 116 124.2
199 117 99.05
199 118 11.18
199 119 92.61
199 120 67.74
199 121 38.42
199 122 78.16
199 123 37.59
199 124 93.51
199 125 93.96
199 126 105.68
199 127 2.83
199 128 93.61
199 129 92.65
199 130 55.47
199 131 91.24
199 132 62.43
199 133 92.48
199 134 10.82
199 135 66.07
199 136 87.86
199 137 16.55
199 138 66.27
199 139 64.01
199 140 42.38
199 141 64.85
199 142 66.84
199 143 66.03
199 144 34.79
199 145 130.83
199 146 105.23
199 147 93.41
199 148 125.94
199 149 70.61
199 150 58.14
199 151 99.33
199 152 98.23
199 153 64.66
199 154 65.0
199 155 46.62
199 156 96.18
199 157 91.01
199 158 80.36
199 159 67.48
199 160 99.46
199 161 91.24
199 162 62.03
199 163 59.2
199 164 82.22
199 165 92.44
199 166 65.76
199 167 111.66
199 168 99.02
199 169 93.19
199 170 101.6
199 171 59.08
199 172 61.2
199 173 74.01
199 174 30.41
199 175 33.96
199 176 6.08
199 177 86.98
199 178 102.62
199 179 104.74
199 180 90.69
199 181 75.27
199 182 85.0
199 183 103.25
199 184 104.74
199 185 58.46
199 186 67.12
199 187 57.8
199 188 68.0
199 189 95.6
199 190 111.13
199 191 10.0
199 192 109.88
199 193 87.69
199 194 79.31
199 195 85.7
199 196 101.83
199 197 62.65
199 198 133.26
199 200 88.77
199 201 56.22
200 0 48.05
200 1 80.43
200 2 58.8
200 3 27.29
200 4 52.55
200 5 46.82
200 6 31.02
200 7 36.12
200 8 81.84
200 9 86.68
200 10 54.04
200 11 104.56
200 12 89.19
200 13 91.24
200 14 25.02
200 15 37.48
200 16 68.12
200 17 83.6
200 18 39.32
200 19 47.13
200 20 43.32
200 21 83.57
200 22 79.06
200 23 108.23
200 24 36.62
200 25 56.0
200 26 45.22
200 27 53.76
200 28 34.13
200 29 87.85
200 30 72.03
200 31 106.1
200 32 111.4
200 33 105.19
200 34 60.96
200 35 58.22
200 36 28.64
200 37 83.17
200 38 110.8
200 39 11.05
200 40 70.18
200 41 73.66
200 42 46.32
200 43 29.07
200 44 38.6
200 45 107.9
200 46 44.01
200 47 18.03
200 48 31.38
200 49 27.17
200 50 117.14
200 51 56.01
200 52 109.6
200 53 137.57
200 54 71.7
200 55 89.5
200 56 109.29
200 57 68.59
200 58 82.86
200 59 90.48
200 60 82.46
200 61 82.23
200 62 46.49
200 63 20.62
200 64 61.0
200 65 125.92
200 66 82.46
200 67 59.3
200 68 39.12
200 69 88.89
200 70 85.96
200 71 103.81
200 72 55.97
200 73 30.07
200 74 117.52
200 75 101.21
200 76 63.03
200 77 56.22
200 78 30.15
200 79 18.97
200 80 47.04
200 81 90.97
200 82 69.29
200 83 47.01
200 84 82.46
200 85 108.45
200 86 102.9
200 87 89.56
200 88 94.37
200 89 80.08
200 90 25.5
200 91 66.0
200 92 57.7
200 93 23.26
200 94 127.94
200 95 49.66
200 96 39.2
200 97 71.51
200 98 66.71
200 99 127.48
200 100 79.7
200 101 129.4
200 102 37.0
200 103 19.24
200 104 59.01
200 105 93.61
200 106 95.44
200 107 85.88
200 108 109.04
200 109 122.19
200 110 32.02
200 111 78.64
200 112 117.99
200 113 85.07
200 114 106.25
200 115 116.07
200 116 47.8
200 117 107.0
200 118 99.92
200 119 65.95
200 120 28.3
200 121 106.08
200 122 56.44
200 123 126.21
200 124 30.46
200 125 122.54
200 126 57.38
200 127 89.89
200 128 123.88
200 129 82.07
200 130 36.12
200 131 33.12
200 132 29.02
200 133 70.77
200 134 80.01
200 135 40.31
200 136 28.84
200 137 105.31
200 138 43.08
200 139 86.38
200 140 68.26
200 141 59.81
200 142 43.86
200 143 89.89
200 144 117.28
200 145 60.67
200 146 35.47
200 147 71.51
200 148 52.95
200 149 23.02
200 150 38.21
200 151 126.66
200 152 47.85
200 153 32.76
200 154 62.65
200 155 109.07
200 156 35.47
200 157 115.0
200 158 73.01
200 159 44.6
200 160 124.53
200 161 61.72
200 162 26.83
200 163 35.06
200 164 60.13
200 165 107.91
200 166 78.39
200 167 54.34
200 168 130.14
200 169 53.82
200 170 48.85
200 171 33.02
200 172 44.29
200 173 92.14
200 174 61.39
200 175 55.47
200 176 87.6
200 177 118.6
200 178 29.02
200 179 37.34
200 180 29.53
200 181 60.02
200 182 62.97
200 183 38.83
200 184 44.38
200 185 53.24
200 186 40.85
200 187 36.01
200 188 88.77
200 189 122.59
200 190 48.51
200 191 85.44
200 192 129.53
200 193 45.28
200 194 76.28
200 195 71.59
200 196 40.52
200 197 47.42
200 198 81.05
200 199 88.77
200 201 48.05
201 0 0.0
201 1 62.1
201 2 54.59
201 3 36.77
201 4 9.22
201 5 62.27
201 6 18.36
201 7 51.11
201 8 58.31
201 9 39.0
201 10 78.24
201 11 64.14
201 12 41.63
201 13 62.13
201 14 23.77
201 15 49.09
201 16 42.11
201 17 41.18
201 18 51.04
201 19 82.13
201 20 60.75
201 21 36.89
201 22 55.04
201 23 68.51
201 24 32.8
201 25 81.02
201 26 62.43
201 27 57.38
201 28 14.76
201 29 41.62
201 30 27.73
201 31 71.87
201 32 70.8
201 33 59.08
201 34 50.01
201 35 79.92
201 36 44.78
201 37 35.78
201 38 70.0
201 39 37.11
201 40 43.01
201 41 39.81
201 42 53.71
201 43 37.58
201 44 63.98
201 45 66.07
201 46 59.68
201 47 30.27
201 48 35.36
201 49 21.19
201 50 73.55
201 51 66.48
201 52 73.82
201 53 94.75
201 54 24.0
201 55 51.89
201 56 67.48
201 57 39.01
201 58 47.42
201 59 43.42
201 60 64.29
201 61 75.39
201 62 62.77
201 63 42.8
201 64 17.2
201 65 79.26
201 66 34.48
201 67 12.65
201 68 52.7
201 69 52.35
201 70 65.19
201 71 63.81
201 72 33.53
201 73 63.25
201 74 79.76
201 75 72.67
201 76 52.0
201 77 78.23
201 78 21.4
201 79 33.12
201 80 58.26
201 81 49.41
201 82 22.8
201 83 76.56
201 84 51.04
201 85 65.86
201 86 61.22
201 87 46.52
201 88 52.84
201 89 32.31
201 90 59.44
201 91 73.11
201 92 15.81
201 93 64.88
201 94 82.8
201 95 76.48
201 96 37.58
201 97 40.31
201 98 41.19
201 99 82.2
201 100 32.2
201 101 87.97
201 102 43.01
201 103 64.01
201 104 82.93
201 105 57.31
201 106 68.47
201 107 41.73
201 108 67.62
201 109 77.47
201 110 52.8
201 111 91.97
201 112 74.28
201 113 49.52
201 114 64.82
201 115 70.41
201 116 69.97
201 117 66.85
201 118 66.53
201 119 40.2
201 120 46.69
201 121 60.64
201 122 77.18
201 123 92.02
201 124 39.36
201 125 77.2
201 126 49.74
201 127 55.97
201 128 78.24
201 129 47.8
201 130 17.03
201 131 36.36
201 132 21.1
201 133 42.01
201 134 45.45
201 135 56.3
201 136 34.01
201 137 71.42
201 138 58.83
201 139 39.45
201 140 21.38
201 141 70.94
201 142 10.63
201 143 43.05
201 144 75.58
201 145 75.07
201 146 79.18
201 147 43.01
201 148 70.8
201 149 44.69
201 150 10.82
201 151 81.84
201 152 42.01
201 153 15.3
201 154 18.87
201 155 62.29
201 156 41.05
201 157 70.29
201 158 35.11
201 159 61.06
201 160 80.16
201 161 37.66
201 162 31.83
201 163 14.42
201 164 82.15
201 165 65.12
201 166 32.65
201 167 55.44
201 168 84.63
201 169 37.58
201 170 85.91
201 171 17.8
201 172 55.47
201 173 46.86
201 174 26.42
201 175 36.06
201 176 52.35
201 177 72.4
201 178 49.77
201 179 49.93
201 180 36.67
201 181 77.83
201 182 33.02
201 183 48.01
201 184 48.84
201 185 61.1
201 186 57.69
201 187 14.21
201 188 42.44
201 189 77.62
201 190 55.17
201 191 48.8
201 192 87.0
201 193 75.69
201 194 36.67
201 195 37.66
201 196 46.23
201 197 59.48
201 198 77.82
201 199 56.22
201 200 48.05
;
